ISO-10303-21;
HEADER;
FILE_DESCRIPTION(('Open CASCADE Model'),'2;1');
FILE_NAME('Open CASCADE Shape Model','2026-08-25T14:01:14',('Author'),(
    'Open CASCADE'),'Open CASCADE STEP processor 7.9','Open CASCADE 7.9'
  ,'Unknown');
FILE_SCHEMA(('AUTOMOTIVE_DESIGN { 1 0 10303 214 1 1 1 1 }'));
ENDSEC;
DATA;
#1 = APPLICATION_PROTOCOL_DEFINITION('international standard',
  'automotive_design',2000,#2);
#2 = APPLICATION_CONTEXT(
  'core data for automotive mechanical design processes');
#3 = SHAPE_DEFINITION_REPRESENTATION(#4,#10);
#4 = PRODUCT_DEFINITION_SHAPE('','',#5);
#5 = PRODUCT_DEFINITION('design','',#6,#9);
#6 = PRODUCT_DEFINITION_FORMATION('','',#7);
#7 = PRODUCT('Open CASCADE STEP translator 7.9 17',
  'Open CASCADE STEP translator 7.9 17','',(#8));
#8 = PRODUCT_CONTEXT('',#2,'mechanical');
#9 = PRODUCT_DEFINITION_CONTEXT('part definition',#2,'design');
#10 = SHAPE_REPRESENTATION('',(#11,#15,#19),#23);
#11 = AXIS2_PLACEMENT_3D('',#12,#13,#14);
#12 = CARTESIAN_POINT('',(0.,0.,0.));
#13 = DIRECTION('',(0.,0.,1.));
#14 = DIRECTION('',(1.,0.,-0.));
#15 = AXIS2_PLACEMENT_3D('',#16,#17,#18);
#16 = CARTESIAN_POINT('',(0.,0.,0.));
#17 = DIRECTION('',(0.,0.,1.));
#18 = DIRECTION('',(1.,0.,-0.));
#19 = AXIS2_PLACEMENT_3D('',#20,#21,#22);
#20 = CARTESIAN_POINT('',(0.,0.,0.));
#21 = DIRECTION('',(0.,0.,1.));
#22 = DIRECTION('',(1.,0.,-0.));
#23 = ( GEOMETRIC_REPRESENTATION_CONTEXT(3) 
GLOBAL_UNCERTAINTY_ASSIGNED_CONTEXT((#27)) GLOBAL_UNIT_ASSIGNED_CONTEXT(
(#24,#25,#26)) REPRESENTATION_CONTEXT('Context #1',
  '3D Context with UNIT and UNCERTAINTY') );
#24 = ( LENGTH_UNIT() NAMED_UNIT(*) SI_UNIT(.MILLI.,.METRE.) );
#25 = ( NAMED_UNIT(*) PLANE_ANGLE_UNIT() SI_UNIT($,.RADIAN.) );
#26 = ( NAMED_UNIT(*) SI_UNIT($,.STERADIAN.) SOLID_ANGLE_UNIT() );
#27 = UNCERTAINTY_MEASURE_WITH_UNIT(LENGTH_MEASURE(5.E-05),#24,
  'distance_accuracy_value','confusion accuracy');
#28 = PRODUCT_RELATED_PRODUCT_CATEGORY('part',$,(#7));
#29 = SHAPE_DEFINITION_REPRESENTATION(#30,#36);
#30 = PRODUCT_DEFINITION_SHAPE('','',#31);
#31 = PRODUCT_DEFINITION('design','',#32,#35);
#32 = PRODUCT_DEFINITION_FORMATION('','',#33);
#33 = PRODUCT('Open CASCADE STEP translator 7.9 17.1',
  'Open CASCADE STEP translator 7.9 17.1','',(#34));
#34 = PRODUCT_CONTEXT('',#2,'mechanical');
#35 = PRODUCT_DEFINITION_CONTEXT('part definition',#2,'design');
#36 = ADVANCED_BREP_SHAPE_REPRESENTATION('',(#11,#37),#7389);
#37 = BREP_WITH_VOIDS('',#38,(#6961,#7291));
#38 = CLOSED_SHELL('',(#39,#159,#347,#401,#552,#584,#816,#868,#895,#1127
    ,#1159,#1328,#1560,#1719,#1815,#1851,#1932,#1995,#2059,#2127,#2208,
    #2239,#2303,#2384,#2415,#2451,#2532,#2563,#2599,#2675,#2751,#2856,
    #3015,#3069,#3123,#3250,#3355,#3441,#3495,#3600,#3689,#3794,#3948,
    #3980,#4085,#4164,#4251,#4257,#4293,#4320,#4357,#4393,#4399,#4461,
    #4498,#4504,#4510,#4516,#4522,#4581,#4699,#4787,#4870,#4953,#5031,
    #5063,#5258,#5285,#5366,#5393,#5474,#5501,#5577,#5610,#5693,#5721,
    #5797,#5846,#5895,#5922,#5998,#6026,#6102,#6130,#6199,#6205,#6243,
    #6249,#6256,#6262,#6268,#6323,#6548,#6603,#6658,#6713,#6768,#6823,
    #6878,#6933,#6937,#6941,#6945,#6949,#6953,#6957));
#39 = ADVANCED_FACE('',(#40),#54,.F.);
#40 = FACE_BOUND('',#41,.F.);
#41 = EDGE_LOOP('',(#42,#77,#105,#133));
#42 = ORIENTED_EDGE('',*,*,#43,.F.);
#43 = EDGE_CURVE('',#44,#46,#48,.T.);
#44 = VERTEX_POINT('',#45);
#45 = CARTESIAN_POINT('',(23.,-13.,-9.));
#46 = VERTEX_POINT('',#47);
#47 = CARTESIAN_POINT('',(23.,-13.,9.));
#48 = SURFACE_CURVE('',#49,(#53,#65),.PCURVE_S1.);
#49 = LINE('',#50,#51);
#50 = CARTESIAN_POINT('',(23.,-13.,-9.));
#51 = VECTOR('',#52,1.);
#52 = DIRECTION('',(0.,0.,1.));
#53 = PCURVE('',#54,#59);
#54 = PLANE('',#55);
#55 = AXIS2_PLACEMENT_3D('',#56,#57,#58);
#56 = CARTESIAN_POINT('',(23.,-13.,-9.));
#57 = DIRECTION('',(1.,0.,0.));
#58 = DIRECTION('',(0.,0.,1.));
#59 = DEFINITIONAL_REPRESENTATION('',(#60),#64);
#60 = LINE('',#61,#62);
#61 = CARTESIAN_POINT('',(0.,0.));
#62 = VECTOR('',#63,1.);
#63 = DIRECTION('',(1.,0.));
#64 = ( GEOMETRIC_REPRESENTATION_CONTEXT(2) 
PARAMETRIC_REPRESENTATION_CONTEXT() REPRESENTATION_CONTEXT('2D SPACE',''
  ) );
#65 = PCURVE('',#66,#71);
#66 = PLANE('',#67);
#67 = AXIS2_PLACEMENT_3D('',#68,#69,#70);
#68 = CARTESIAN_POINT('',(23.,-13.,-9.));
#69 = DIRECTION('',(0.,1.,0.));
#70 = DIRECTION('',(0.,0.,1.));
#71 = DEFINITIONAL_REPRESENTATION('',(#72),#76);
#72 = LINE('',#73,#74);
#73 = CARTESIAN_POINT('',(0.,0.));
#74 = VECTOR('',#75,1.);
#75 = DIRECTION('',(1.,0.));
#76 = ( GEOMETRIC_REPRESENTATION_CONTEXT(2) 
PARAMETRIC_REPRESENTATION_CONTEXT() REPRESENTATION_CONTEXT('2D SPACE',''
  ) );
#77 = ORIENTED_EDGE('',*,*,#78,.T.);
#78 = EDGE_CURVE('',#44,#79,#81,.T.);
#79 = VERTEX_POINT('',#80);
#80 = CARTESIAN_POINT('',(23.,13.,-9.));
#81 = SURFACE_CURVE('',#82,(#86,#93),.PCURVE_S1.);
#82 = LINE('',#83,#84);
#83 = CARTESIAN_POINT('',(23.,-13.,-9.));
#84 = VECTOR('',#85,1.);
#85 = DIRECTION('',(0.,1.,0.));
#86 = PCURVE('',#54,#87);
#87 = DEFINITIONAL_REPRESENTATION('',(#88),#92);
#88 = LINE('',#89,#90);
#89 = CARTESIAN_POINT('',(0.,0.));
#90 = VECTOR('',#91,1.);
#91 = DIRECTION('',(0.,-1.));
#92 = ( GEOMETRIC_REPRESENTATION_CONTEXT(2) 
PARAMETRIC_REPRESENTATION_CONTEXT() REPRESENTATION_CONTEXT('2D SPACE',''
  ) );
#93 = PCURVE('',#94,#99);
#94 = PLANE('',#95);
#95 = AXIS2_PLACEMENT_3D('',#96,#97,#98);
#96 = CARTESIAN_POINT('',(23.,-13.,-9.));
#97 = DIRECTION('',(0.,0.,1.));
#98 = DIRECTION('',(1.,0.,0.));
#99 = DEFINITIONAL_REPRESENTATION('',(#100),#104);
#100 = LINE('',#101,#102);
#101 = CARTESIAN_POINT('',(0.,0.));
#102 = VECTOR('',#103,1.);
#103 = DIRECTION('',(0.,1.));
#104 = ( GEOMETRIC_REPRESENTATION_CONTEXT(2) 
PARAMETRIC_REPRESENTATION_CONTEXT() REPRESENTATION_CONTEXT('2D SPACE',''
  ) );
#105 = ORIENTED_EDGE('',*,*,#106,.T.);
#106 = EDGE_CURVE('',#79,#107,#109,.T.);
#107 = VERTEX_POINT('',#108);
#108 = CARTESIAN_POINT('',(23.,13.,9.));
#109 = SURFACE_CURVE('',#110,(#114,#121),.PCURVE_S1.);
#110 = LINE('',#111,#112);
#111 = CARTESIAN_POINT('',(23.,13.,-9.));
#112 = VECTOR('',#113,1.);
#113 = DIRECTION('',(0.,0.,1.));
#114 = PCURVE('',#54,#115);
#115 = DEFINITIONAL_REPRESENTATION('',(#116),#120);
#116 = LINE('',#117,#118);
#117 = CARTESIAN_POINT('',(0.,-26.));
#118 = VECTOR('',#119,1.);
#119 = DIRECTION('',(1.,0.));
#120 = ( GEOMETRIC_REPRESENTATION_CONTEXT(2) 
PARAMETRIC_REPRESENTATION_CONTEXT() REPRESENTATION_CONTEXT('2D SPACE',''
  ) );
#121 = PCURVE('',#122,#127);
#122 = PLANE('',#123);
#123 = AXIS2_PLACEMENT_3D('',#124,#125,#126);
#124 = CARTESIAN_POINT('',(23.,13.,-9.));
#125 = DIRECTION('',(0.,1.,0.));
#126 = DIRECTION('',(0.,0.,1.));
#127 = DEFINITIONAL_REPRESENTATION('',(#128),#132);
#128 = LINE('',#129,#130);
#129 = CARTESIAN_POINT('',(0.,0.));
#130 = VECTOR('',#131,1.);
#131 = DIRECTION('',(1.,0.));
#132 = ( GEOMETRIC_REPRESENTATION_CONTEXT(2) 
PARAMETRIC_REPRESENTATION_CONTEXT() REPRESENTATION_CONTEXT('2D SPACE',''
  ) );
#133 = ORIENTED_EDGE('',*,*,#134,.F.);
#134 = EDGE_CURVE('',#46,#107,#135,.T.);
#135 = SURFACE_CURVE('',#136,(#140,#147),.PCURVE_S1.);
#136 = LINE('',#137,#138);
#137 = CARTESIAN_POINT('',(23.,-13.,9.));
#138 = VECTOR('',#139,1.);
#139 = DIRECTION('',(0.,1.,0.));
#140 = PCURVE('',#54,#141);
#141 = DEFINITIONAL_REPRESENTATION('',(#142),#146);
#142 = LINE('',#143,#144);
#143 = CARTESIAN_POINT('',(18.,0.));
#144 = VECTOR('',#145,1.);
#145 = DIRECTION('',(0.,-1.));
#146 = ( GEOMETRIC_REPRESENTATION_CONTEXT(2) 
PARAMETRIC_REPRESENTATION_CONTEXT() REPRESENTATION_CONTEXT('2D SPACE',''
  ) );
#147 = PCURVE('',#148,#153);
#148 = PLANE('',#149);
#149 = AXIS2_PLACEMENT_3D('',#150,#151,#152);
#150 = CARTESIAN_POINT('',(23.,-13.,9.));
#151 = DIRECTION('',(0.,0.,1.));
#152 = DIRECTION('',(1.,0.,0.));
#153 = DEFINITIONAL_REPRESENTATION('',(#154),#158);
#154 = LINE('',#155,#156);
#155 = CARTESIAN_POINT('',(0.,0.));
#156 = VECTOR('',#157,1.);
#157 = DIRECTION('',(0.,1.));
#158 = ( GEOMETRIC_REPRESENTATION_CONTEXT(2) 
PARAMETRIC_REPRESENTATION_CONTEXT() REPRESENTATION_CONTEXT('2D SPACE',''
  ) );
#159 = ADVANCED_FACE('',(#160),#66,.F.);
#160 = FACE_BOUND('',#161,.F.);
#161 = EDGE_LOOP('',(#162,#185,#186,#209,#237,#265,#293,#321));
#162 = ORIENTED_EDGE('',*,*,#163,.F.);
#163 = EDGE_CURVE('',#44,#164,#166,.T.);
#164 = VERTEX_POINT('',#165);
#165 = CARTESIAN_POINT('',(59.5,-13.,-9.));
#166 = SURFACE_CURVE('',#167,(#171,#178),.PCURVE_S1.);
#167 = LINE('',#168,#169);
#168 = CARTESIAN_POINT('',(23.,-13.,-9.));
#169 = VECTOR('',#170,1.);
#170 = DIRECTION('',(1.,0.,0.));
#171 = PCURVE('',#66,#172);
#172 = DEFINITIONAL_REPRESENTATION('',(#173),#177);
#173 = LINE('',#174,#175);
#174 = CARTESIAN_POINT('',(0.,0.));
#175 = VECTOR('',#176,1.);
#176 = DIRECTION('',(0.,1.));
#177 = ( GEOMETRIC_REPRESENTATION_CONTEXT(2) 
PARAMETRIC_REPRESENTATION_CONTEXT() REPRESENTATION_CONTEXT('2D SPACE',''
  ) );
#178 = PCURVE('',#94,#179);
#179 = DEFINITIONAL_REPRESENTATION('',(#180),#184);
#180 = LINE('',#181,#182);
#181 = CARTESIAN_POINT('',(0.,0.));
#182 = VECTOR('',#183,1.);
#183 = DIRECTION('',(1.,0.));
#184 = ( GEOMETRIC_REPRESENTATION_CONTEXT(2) 
PARAMETRIC_REPRESENTATION_CONTEXT() REPRESENTATION_CONTEXT('2D SPACE',''
  ) );
#185 = ORIENTED_EDGE('',*,*,#43,.T.);
#186 = ORIENTED_EDGE('',*,*,#187,.T.);
#187 = EDGE_CURVE('',#46,#188,#190,.T.);
#188 = VERTEX_POINT('',#189);
#189 = CARTESIAN_POINT('',(59.5,-13.,9.));
#190 = SURFACE_CURVE('',#191,(#195,#202),.PCURVE_S1.);
#191 = LINE('',#192,#193);
#192 = CARTESIAN_POINT('',(23.,-13.,9.));
#193 = VECTOR('',#194,1.);
#194 = DIRECTION('',(1.,0.,0.));
#195 = PCURVE('',#66,#196);
#196 = DEFINITIONAL_REPRESENTATION('',(#197),#201);
#197 = LINE('',#198,#199);
#198 = CARTESIAN_POINT('',(18.,0.));
#199 = VECTOR('',#200,1.);
#200 = DIRECTION('',(0.,1.));
#201 = ( GEOMETRIC_REPRESENTATION_CONTEXT(2) 
PARAMETRIC_REPRESENTATION_CONTEXT() REPRESENTATION_CONTEXT('2D SPACE',''
  ) );
#202 = PCURVE('',#148,#203);
#203 = DEFINITIONAL_REPRESENTATION('',(#204),#208);
#204 = LINE('',#205,#206);
#205 = CARTESIAN_POINT('',(0.,0.));
#206 = VECTOR('',#207,1.);
#207 = DIRECTION('',(1.,0.));
#208 = ( GEOMETRIC_REPRESENTATION_CONTEXT(2) 
PARAMETRIC_REPRESENTATION_CONTEXT() REPRESENTATION_CONTEXT('2D SPACE',''
  ) );
#209 = ORIENTED_EDGE('',*,*,#210,.F.);
#210 = EDGE_CURVE('',#211,#188,#213,.T.);
#211 = VERTEX_POINT('',#212);
#212 = CARTESIAN_POINT('',(78.5,-13.,9.));
#213 = SURFACE_CURVE('',#214,(#218,#225),.PCURVE_S1.);
#214 = LINE('',#215,#216);
#215 = CARTESIAN_POINT('',(78.5,-13.,9.));
#216 = VECTOR('',#217,1.);
#217 = DIRECTION('',(-1.,-0.,-0.));
#218 = PCURVE('',#66,#219);
#219 = DEFINITIONAL_REPRESENTATION('',(#220),#224);
#220 = LINE('',#221,#222);
#221 = CARTESIAN_POINT('',(18.,55.5));
#222 = VECTOR('',#223,1.);
#223 = DIRECTION('',(0.,-1.));
#224 = ( GEOMETRIC_REPRESENTATION_CONTEXT(2) 
PARAMETRIC_REPRESENTATION_CONTEXT() REPRESENTATION_CONTEXT('2D SPACE',''
  ) );
#225 = PCURVE('',#226,#231);
#226 = CYLINDRICAL_SURFACE('',#227,2.);
#227 = AXIS2_PLACEMENT_3D('',#228,#229,#230);
#228 = CARTESIAN_POINT('',(78.5,-13.,11.));
#229 = DIRECTION('',(-1.,-0.,-0.));
#230 = DIRECTION('',(0.,0.,-1.));
#231 = DEFINITIONAL_REPRESENTATION('',(#232),#236);
#232 = LINE('',#233,#234);
#233 = CARTESIAN_POINT('',(0.,0.));
#234 = VECTOR('',#235,1.);
#235 = DIRECTION('',(0.,1.));
#236 = ( GEOMETRIC_REPRESENTATION_CONTEXT(2) 
PARAMETRIC_REPRESENTATION_CONTEXT() REPRESENTATION_CONTEXT('2D SPACE',''
  ) );
#237 = ORIENTED_EDGE('',*,*,#238,.T.);
#238 = EDGE_CURVE('',#211,#239,#241,.T.);
#239 = VERTEX_POINT('',#240);
#240 = CARTESIAN_POINT('',(93.,-13.,9.));
#241 = SURFACE_CURVE('',#242,(#246,#253),.PCURVE_S1.);
#242 = LINE('',#243,#244);
#243 = CARTESIAN_POINT('',(23.,-13.,9.));
#244 = VECTOR('',#245,1.);
#245 = DIRECTION('',(1.,0.,0.));
#246 = PCURVE('',#66,#247);
#247 = DEFINITIONAL_REPRESENTATION('',(#248),#252);
#248 = LINE('',#249,#250);
#249 = CARTESIAN_POINT('',(18.,0.));
#250 = VECTOR('',#251,1.);
#251 = DIRECTION('',(0.,1.));
#252 = ( GEOMETRIC_REPRESENTATION_CONTEXT(2) 
PARAMETRIC_REPRESENTATION_CONTEXT() REPRESENTATION_CONTEXT('2D SPACE',''
  ) );
#253 = PCURVE('',#254,#259);
#254 = PLANE('',#255);
#255 = AXIS2_PLACEMENT_3D('',#256,#257,#258);
#256 = CARTESIAN_POINT('',(23.,-13.,9.));
#257 = DIRECTION('',(0.,0.,1.));
#258 = DIRECTION('',(1.,0.,0.));
#259 = DEFINITIONAL_REPRESENTATION('',(#260),#264);
#260 = LINE('',#261,#262);
#261 = CARTESIAN_POINT('',(0.,0.));
#262 = VECTOR('',#263,1.);
#263 = DIRECTION('',(1.,0.));
#264 = ( GEOMETRIC_REPRESENTATION_CONTEXT(2) 
PARAMETRIC_REPRESENTATION_CONTEXT() REPRESENTATION_CONTEXT('2D SPACE',''
  ) );
#265 = ORIENTED_EDGE('',*,*,#266,.F.);
#266 = EDGE_CURVE('',#267,#239,#269,.T.);
#267 = VERTEX_POINT('',#268);
#268 = CARTESIAN_POINT('',(93.,-13.,-9.));
#269 = SURFACE_CURVE('',#270,(#274,#281),.PCURVE_S1.);
#270 = LINE('',#271,#272);
#271 = CARTESIAN_POINT('',(93.,-13.,-9.));
#272 = VECTOR('',#273,1.);
#273 = DIRECTION('',(0.,0.,1.));
#274 = PCURVE('',#66,#275);
#275 = DEFINITIONAL_REPRESENTATION('',(#276),#280);
#276 = LINE('',#277,#278);
#277 = CARTESIAN_POINT('',(0.,70.));
#278 = VECTOR('',#279,1.);
#279 = DIRECTION('',(1.,0.));
#280 = ( GEOMETRIC_REPRESENTATION_CONTEXT(2) 
PARAMETRIC_REPRESENTATION_CONTEXT() REPRESENTATION_CONTEXT('2D SPACE',''
  ) );
#281 = PCURVE('',#282,#287);
#282 = PLANE('',#283);
#283 = AXIS2_PLACEMENT_3D('',#284,#285,#286);
#284 = CARTESIAN_POINT('',(93.,-13.,-9.));
#285 = DIRECTION('',(1.,0.,0.));
#286 = DIRECTION('',(0.,0.,1.));
#287 = DEFINITIONAL_REPRESENTATION('',(#288),#292);
#288 = LINE('',#289,#290);
#289 = CARTESIAN_POINT('',(0.,0.));
#290 = VECTOR('',#291,1.);
#291 = DIRECTION('',(1.,0.));
#292 = ( GEOMETRIC_REPRESENTATION_CONTEXT(2) 
PARAMETRIC_REPRESENTATION_CONTEXT() REPRESENTATION_CONTEXT('2D SPACE',''
  ) );
#293 = ORIENTED_EDGE('',*,*,#294,.F.);
#294 = EDGE_CURVE('',#295,#267,#297,.T.);
#295 = VERTEX_POINT('',#296);
#296 = CARTESIAN_POINT('',(78.5,-13.,-9.));
#297 = SURFACE_CURVE('',#298,(#302,#309),.PCURVE_S1.);
#298 = LINE('',#299,#300);
#299 = CARTESIAN_POINT('',(23.,-13.,-9.));
#300 = VECTOR('',#301,1.);
#301 = DIRECTION('',(1.,0.,0.));
#302 = PCURVE('',#66,#303);
#303 = DEFINITIONAL_REPRESENTATION('',(#304),#308);
#304 = LINE('',#305,#306);
#305 = CARTESIAN_POINT('',(0.,0.));
#306 = VECTOR('',#307,1.);
#307 = DIRECTION('',(0.,1.));
#308 = ( GEOMETRIC_REPRESENTATION_CONTEXT(2) 
PARAMETRIC_REPRESENTATION_CONTEXT() REPRESENTATION_CONTEXT('2D SPACE',''
  ) );
#309 = PCURVE('',#310,#315);
#310 = PLANE('',#311);
#311 = AXIS2_PLACEMENT_3D('',#312,#313,#314);
#312 = CARTESIAN_POINT('',(23.,-13.,-9.));
#313 = DIRECTION('',(0.,0.,1.));
#314 = DIRECTION('',(1.,0.,0.));
#315 = DEFINITIONAL_REPRESENTATION('',(#316),#320);
#316 = LINE('',#317,#318);
#317 = CARTESIAN_POINT('',(0.,0.));
#318 = VECTOR('',#319,1.);
#319 = DIRECTION('',(1.,0.));
#320 = ( GEOMETRIC_REPRESENTATION_CONTEXT(2) 
PARAMETRIC_REPRESENTATION_CONTEXT() REPRESENTATION_CONTEXT('2D SPACE',''
  ) );
#321 = ORIENTED_EDGE('',*,*,#322,.F.);
#322 = EDGE_CURVE('',#164,#295,#323,.T.);
#323 = SURFACE_CURVE('',#324,(#328,#335),.PCURVE_S1.);
#324 = LINE('',#325,#326);
#325 = CARTESIAN_POINT('',(59.5,-13.,-9.));
#326 = VECTOR('',#327,1.);
#327 = DIRECTION('',(1.,0.,0.));
#328 = PCURVE('',#66,#329);
#329 = DEFINITIONAL_REPRESENTATION('',(#330),#334);
#330 = LINE('',#331,#332);
#331 = CARTESIAN_POINT('',(0.,36.5));
#332 = VECTOR('',#333,1.);
#333 = DIRECTION('',(0.,1.));
#334 = ( GEOMETRIC_REPRESENTATION_CONTEXT(2) 
PARAMETRIC_REPRESENTATION_CONTEXT() REPRESENTATION_CONTEXT('2D SPACE',''
  ) );
#335 = PCURVE('',#336,#341);
#336 = CYLINDRICAL_SURFACE('',#337,2.);
#337 = AXIS2_PLACEMENT_3D('',#338,#339,#340);
#338 = CARTESIAN_POINT('',(59.5,-13.,-11.));
#339 = DIRECTION('',(1.,0.,0.));
#340 = DIRECTION('',(0.,0.,1.));
#341 = DEFINITIONAL_REPRESENTATION('',(#342),#346);
#342 = LINE('',#343,#344);
#343 = CARTESIAN_POINT('',(0.,0.));
#344 = VECTOR('',#345,1.);
#345 = DIRECTION('',(0.,1.));
#346 = ( GEOMETRIC_REPRESENTATION_CONTEXT(2) 
PARAMETRIC_REPRESENTATION_CONTEXT() REPRESENTATION_CONTEXT('2D SPACE',''
  ) );
#347 = ADVANCED_FACE('',(#348),#148,.T.);
#348 = FACE_BOUND('',#349,.T.);
#349 = EDGE_LOOP('',(#350,#373,#374,#375));
#350 = ORIENTED_EDGE('',*,*,#351,.F.);
#351 = EDGE_CURVE('',#107,#352,#354,.T.);
#352 = VERTEX_POINT('',#353);
#353 = CARTESIAN_POINT('',(59.5,13.,9.));
#354 = SURFACE_CURVE('',#355,(#359,#366),.PCURVE_S1.);
#355 = LINE('',#356,#357);
#356 = CARTESIAN_POINT('',(23.,13.,9.));
#357 = VECTOR('',#358,1.);
#358 = DIRECTION('',(1.,0.,0.));
#359 = PCURVE('',#148,#360);
#360 = DEFINITIONAL_REPRESENTATION('',(#361),#365);
#361 = LINE('',#362,#363);
#362 = CARTESIAN_POINT('',(0.,26.));
#363 = VECTOR('',#364,1.);
#364 = DIRECTION('',(1.,0.));
#365 = ( GEOMETRIC_REPRESENTATION_CONTEXT(2) 
PARAMETRIC_REPRESENTATION_CONTEXT() REPRESENTATION_CONTEXT('2D SPACE',''
  ) );
#366 = PCURVE('',#122,#367);
#367 = DEFINITIONAL_REPRESENTATION('',(#368),#372);
#368 = LINE('',#369,#370);
#369 = CARTESIAN_POINT('',(18.,0.));
#370 = VECTOR('',#371,1.);
#371 = DIRECTION('',(0.,1.));
#372 = ( GEOMETRIC_REPRESENTATION_CONTEXT(2) 
PARAMETRIC_REPRESENTATION_CONTEXT() REPRESENTATION_CONTEXT('2D SPACE',''
  ) );
#373 = ORIENTED_EDGE('',*,*,#134,.F.);
#374 = ORIENTED_EDGE('',*,*,#187,.T.);
#375 = ORIENTED_EDGE('',*,*,#376,.T.);
#376 = EDGE_CURVE('',#188,#352,#377,.T.);
#377 = SURFACE_CURVE('',#378,(#382,#389),.PCURVE_S1.);
#378 = LINE('',#379,#380);
#379 = CARTESIAN_POINT('',(59.5,-15.,9.));
#380 = VECTOR('',#381,1.);
#381 = DIRECTION('',(0.,1.,0.));
#382 = PCURVE('',#148,#383);
#383 = DEFINITIONAL_REPRESENTATION('',(#384),#388);
#384 = LINE('',#385,#386);
#385 = CARTESIAN_POINT('',(36.5,-2.));
#386 = VECTOR('',#387,1.);
#387 = DIRECTION('',(0.,1.));
#388 = ( GEOMETRIC_REPRESENTATION_CONTEXT(2) 
PARAMETRIC_REPRESENTATION_CONTEXT() REPRESENTATION_CONTEXT('2D SPACE',''
  ) );
#389 = PCURVE('',#390,#395);
#390 = CYLINDRICAL_SURFACE('',#391,1.5);
#391 = AXIS2_PLACEMENT_3D('',#392,#393,#394);
#392 = CARTESIAN_POINT('',(59.5,-15.,10.5));
#393 = DIRECTION('',(0.,1.,0.));
#394 = DIRECTION('',(-1.,0.,0.));
#395 = DEFINITIONAL_REPRESENTATION('',(#396),#400);
#396 = LINE('',#397,#398);
#397 = CARTESIAN_POINT('',(-1.570796326795,0.));
#398 = VECTOR('',#399,1.);
#399 = DIRECTION('',(-0.,1.));
#400 = ( GEOMETRIC_REPRESENTATION_CONTEXT(2) 
PARAMETRIC_REPRESENTATION_CONTEXT() REPRESENTATION_CONTEXT('2D SPACE',''
  ) );
#401 = ADVANCED_FACE('',(#402),#122,.T.);
#402 = FACE_BOUND('',#403,.T.);
#403 = EDGE_LOOP('',(#404,#427,#428,#429,#457,#480,#503,#526));
#404 = ORIENTED_EDGE('',*,*,#405,.F.);
#405 = EDGE_CURVE('',#79,#406,#408,.T.);
#406 = VERTEX_POINT('',#407);
#407 = CARTESIAN_POINT('',(59.5,13.,-9.));
#408 = SURFACE_CURVE('',#409,(#413,#420),.PCURVE_S1.);
#409 = LINE('',#410,#411);
#410 = CARTESIAN_POINT('',(23.,13.,-9.));
#411 = VECTOR('',#412,1.);
#412 = DIRECTION('',(1.,0.,0.));
#413 = PCURVE('',#122,#414);
#414 = DEFINITIONAL_REPRESENTATION('',(#415),#419);
#415 = LINE('',#416,#417);
#416 = CARTESIAN_POINT('',(0.,0.));
#417 = VECTOR('',#418,1.);
#418 = DIRECTION('',(0.,1.));
#419 = ( GEOMETRIC_REPRESENTATION_CONTEXT(2) 
PARAMETRIC_REPRESENTATION_CONTEXT() REPRESENTATION_CONTEXT('2D SPACE',''
  ) );
#420 = PCURVE('',#94,#421);
#421 = DEFINITIONAL_REPRESENTATION('',(#422),#426);
#422 = LINE('',#423,#424);
#423 = CARTESIAN_POINT('',(0.,26.));
#424 = VECTOR('',#425,1.);
#425 = DIRECTION('',(1.,0.));
#426 = ( GEOMETRIC_REPRESENTATION_CONTEXT(2) 
PARAMETRIC_REPRESENTATION_CONTEXT() REPRESENTATION_CONTEXT('2D SPACE',''
  ) );
#427 = ORIENTED_EDGE('',*,*,#106,.T.);
#428 = ORIENTED_EDGE('',*,*,#351,.T.);
#429 = ORIENTED_EDGE('',*,*,#430,.F.);
#430 = EDGE_CURVE('',#431,#352,#433,.T.);
#431 = VERTEX_POINT('',#432);
#432 = CARTESIAN_POINT('',(78.5,13.,9.));
#433 = SURFACE_CURVE('',#434,(#438,#445),.PCURVE_S1.);
#434 = LINE('',#435,#436);
#435 = CARTESIAN_POINT('',(78.5,13.,9.));
#436 = VECTOR('',#437,1.);
#437 = DIRECTION('',(-1.,-0.,-0.));
#438 = PCURVE('',#122,#439);
#439 = DEFINITIONAL_REPRESENTATION('',(#440),#444);
#440 = LINE('',#441,#442);
#441 = CARTESIAN_POINT('',(18.,55.5));
#442 = VECTOR('',#443,1.);
#443 = DIRECTION('',(0.,-1.));
#444 = ( GEOMETRIC_REPRESENTATION_CONTEXT(2) 
PARAMETRIC_REPRESENTATION_CONTEXT() REPRESENTATION_CONTEXT('2D SPACE',''
  ) );
#445 = PCURVE('',#446,#451);
#446 = CYLINDRICAL_SURFACE('',#447,2.);
#447 = AXIS2_PLACEMENT_3D('',#448,#449,#450);
#448 = CARTESIAN_POINT('',(78.5,13.,11.));
#449 = DIRECTION('',(-1.,-0.,-0.));
#450 = DIRECTION('',(0.,0.,-1.));
#451 = DEFINITIONAL_REPRESENTATION('',(#452),#456);
#452 = LINE('',#453,#454);
#453 = CARTESIAN_POINT('',(-0.,0.));
#454 = VECTOR('',#455,1.);
#455 = DIRECTION('',(-0.,1.));
#456 = ( GEOMETRIC_REPRESENTATION_CONTEXT(2) 
PARAMETRIC_REPRESENTATION_CONTEXT() REPRESENTATION_CONTEXT('2D SPACE',''
  ) );
#457 = ORIENTED_EDGE('',*,*,#458,.T.);
#458 = EDGE_CURVE('',#431,#459,#461,.T.);
#459 = VERTEX_POINT('',#460);
#460 = CARTESIAN_POINT('',(93.,13.,9.));
#461 = SURFACE_CURVE('',#462,(#466,#473),.PCURVE_S1.);
#462 = LINE('',#463,#464);
#463 = CARTESIAN_POINT('',(23.,13.,9.));
#464 = VECTOR('',#465,1.);
#465 = DIRECTION('',(1.,0.,0.));
#466 = PCURVE('',#122,#467);
#467 = DEFINITIONAL_REPRESENTATION('',(#468),#472);
#468 = LINE('',#469,#470);
#469 = CARTESIAN_POINT('',(18.,0.));
#470 = VECTOR('',#471,1.);
#471 = DIRECTION('',(0.,1.));
#472 = ( GEOMETRIC_REPRESENTATION_CONTEXT(2) 
PARAMETRIC_REPRESENTATION_CONTEXT() REPRESENTATION_CONTEXT('2D SPACE',''
  ) );
#473 = PCURVE('',#254,#474);
#474 = DEFINITIONAL_REPRESENTATION('',(#475),#479);
#475 = LINE('',#476,#477);
#476 = CARTESIAN_POINT('',(0.,26.));
#477 = VECTOR('',#478,1.);
#478 = DIRECTION('',(1.,0.));
#479 = ( GEOMETRIC_REPRESENTATION_CONTEXT(2) 
PARAMETRIC_REPRESENTATION_CONTEXT() REPRESENTATION_CONTEXT('2D SPACE',''
  ) );
#480 = ORIENTED_EDGE('',*,*,#481,.F.);
#481 = EDGE_CURVE('',#482,#459,#484,.T.);
#482 = VERTEX_POINT('',#483);
#483 = CARTESIAN_POINT('',(93.,13.,-9.));
#484 = SURFACE_CURVE('',#485,(#489,#496),.PCURVE_S1.);
#485 = LINE('',#486,#487);
#486 = CARTESIAN_POINT('',(93.,13.,-9.));
#487 = VECTOR('',#488,1.);
#488 = DIRECTION('',(0.,0.,1.));
#489 = PCURVE('',#122,#490);
#490 = DEFINITIONAL_REPRESENTATION('',(#491),#495);
#491 = LINE('',#492,#493);
#492 = CARTESIAN_POINT('',(0.,70.));
#493 = VECTOR('',#494,1.);
#494 = DIRECTION('',(1.,0.));
#495 = ( GEOMETRIC_REPRESENTATION_CONTEXT(2) 
PARAMETRIC_REPRESENTATION_CONTEXT() REPRESENTATION_CONTEXT('2D SPACE',''
  ) );
#496 = PCURVE('',#282,#497);
#497 = DEFINITIONAL_REPRESENTATION('',(#498),#502);
#498 = LINE('',#499,#500);
#499 = CARTESIAN_POINT('',(0.,-26.));
#500 = VECTOR('',#501,1.);
#501 = DIRECTION('',(1.,0.));
#502 = ( GEOMETRIC_REPRESENTATION_CONTEXT(2) 
PARAMETRIC_REPRESENTATION_CONTEXT() REPRESENTATION_CONTEXT('2D SPACE',''
  ) );
#503 = ORIENTED_EDGE('',*,*,#504,.F.);
#504 = EDGE_CURVE('',#505,#482,#507,.T.);
#505 = VERTEX_POINT('',#506);
#506 = CARTESIAN_POINT('',(78.5,13.,-9.));
#507 = SURFACE_CURVE('',#508,(#512,#519),.PCURVE_S1.);
#508 = LINE('',#509,#510);
#509 = CARTESIAN_POINT('',(23.,13.,-9.));
#510 = VECTOR('',#511,1.);
#511 = DIRECTION('',(1.,0.,0.));
#512 = PCURVE('',#122,#513);
#513 = DEFINITIONAL_REPRESENTATION('',(#514),#518);
#514 = LINE('',#515,#516);
#515 = CARTESIAN_POINT('',(0.,0.));
#516 = VECTOR('',#517,1.);
#517 = DIRECTION('',(0.,1.));
#518 = ( GEOMETRIC_REPRESENTATION_CONTEXT(2) 
PARAMETRIC_REPRESENTATION_CONTEXT() REPRESENTATION_CONTEXT('2D SPACE',''
  ) );
#519 = PCURVE('',#310,#520);
#520 = DEFINITIONAL_REPRESENTATION('',(#521),#525);
#521 = LINE('',#522,#523);
#522 = CARTESIAN_POINT('',(0.,26.));
#523 = VECTOR('',#524,1.);
#524 = DIRECTION('',(1.,0.));
#525 = ( GEOMETRIC_REPRESENTATION_CONTEXT(2) 
PARAMETRIC_REPRESENTATION_CONTEXT() REPRESENTATION_CONTEXT('2D SPACE',''
  ) );
#526 = ORIENTED_EDGE('',*,*,#527,.F.);
#527 = EDGE_CURVE('',#406,#505,#528,.T.);
#528 = SURFACE_CURVE('',#529,(#533,#540),.PCURVE_S1.);
#529 = LINE('',#530,#531);
#530 = CARTESIAN_POINT('',(59.5,13.,-9.));
#531 = VECTOR('',#532,1.);
#532 = DIRECTION('',(1.,0.,0.));
#533 = PCURVE('',#122,#534);
#534 = DEFINITIONAL_REPRESENTATION('',(#535),#539);
#535 = LINE('',#536,#537);
#536 = CARTESIAN_POINT('',(0.,36.5));
#537 = VECTOR('',#538,1.);
#538 = DIRECTION('',(0.,1.));
#539 = ( GEOMETRIC_REPRESENTATION_CONTEXT(2) 
PARAMETRIC_REPRESENTATION_CONTEXT() REPRESENTATION_CONTEXT('2D SPACE',''
  ) );
#540 = PCURVE('',#541,#546);
#541 = CYLINDRICAL_SURFACE('',#542,2.);
#542 = AXIS2_PLACEMENT_3D('',#543,#544,#545);
#543 = CARTESIAN_POINT('',(59.5,13.,-11.));
#544 = DIRECTION('',(1.,0.,0.));
#545 = DIRECTION('',(0.,0.,1.));
#546 = DEFINITIONAL_REPRESENTATION('',(#547),#551);
#547 = LINE('',#548,#549);
#548 = CARTESIAN_POINT('',(-0.,0.));
#549 = VECTOR('',#550,1.);
#550 = DIRECTION('',(-0.,1.));
#551 = ( GEOMETRIC_REPRESENTATION_CONTEXT(2) 
PARAMETRIC_REPRESENTATION_CONTEXT() REPRESENTATION_CONTEXT('2D SPACE',''
  ) );
#552 = ADVANCED_FACE('',(#553),#94,.F.);
#553 = FACE_BOUND('',#554,.F.);
#554 = EDGE_LOOP('',(#555,#556,#557,#558));
#555 = ORIENTED_EDGE('',*,*,#405,.F.);
#556 = ORIENTED_EDGE('',*,*,#78,.F.);
#557 = ORIENTED_EDGE('',*,*,#163,.T.);
#558 = ORIENTED_EDGE('',*,*,#559,.T.);
#559 = EDGE_CURVE('',#164,#406,#560,.T.);
#560 = SURFACE_CURVE('',#561,(#565,#572),.PCURVE_S1.);
#561 = LINE('',#562,#563);
#562 = CARTESIAN_POINT('',(59.5,-15.,-9.));
#563 = VECTOR('',#564,1.);
#564 = DIRECTION('',(0.,1.,0.));
#565 = PCURVE('',#94,#566);
#566 = DEFINITIONAL_REPRESENTATION('',(#567),#571);
#567 = LINE('',#568,#569);
#568 = CARTESIAN_POINT('',(36.5,-2.));
#569 = VECTOR('',#570,1.);
#570 = DIRECTION('',(0.,1.));
#571 = ( GEOMETRIC_REPRESENTATION_CONTEXT(2) 
PARAMETRIC_REPRESENTATION_CONTEXT() REPRESENTATION_CONTEXT('2D SPACE',''
  ) );
#572 = PCURVE('',#573,#578);
#573 = CYLINDRICAL_SURFACE('',#574,1.5);
#574 = AXIS2_PLACEMENT_3D('',#575,#576,#577);
#575 = CARTESIAN_POINT('',(59.5,-15.,-10.5));
#576 = DIRECTION('',(0.,1.,0.));
#577 = DIRECTION('',(-1.,0.,0.));
#578 = DEFINITIONAL_REPRESENTATION('',(#579),#583);
#579 = LINE('',#580,#581);
#580 = CARTESIAN_POINT('',(1.570796326795,0.));
#581 = VECTOR('',#582,1.);
#582 = DIRECTION('',(0.,1.));
#583 = ( GEOMETRIC_REPRESENTATION_CONTEXT(2) 
PARAMETRIC_REPRESENTATION_CONTEXT() REPRESENTATION_CONTEXT('2D SPACE',''
  ) );
#584 = ADVANCED_FACE('',(#585),#336,.T.);
#585 = FACE_BOUND('',#586,.T.);
#586 = EDGE_LOOP('',(#587,#688,#716,#815));
#587 = ORIENTED_EDGE('',*,*,#588,.T.);
#588 = EDGE_CURVE('',#164,#589,#591,.T.);
#589 = VERTEX_POINT('',#590);
#590 = CARTESIAN_POINT('',(60.,-15.,-11.));
#591 = SURFACE_CURVE('',#592,(#602,#608),.PCURVE_S1.);
#592 = B_SPLINE_CURVE_WITH_KNOTS('',8,(#593,#594,#595,#596,#597,#598,
    #599,#600,#601),.UNSPECIFIED.,.F.,.F.,(9,9),(0.,1.),
  .PIECEWISE_BEZIER_KNOTS.);
#593 = CARTESIAN_POINT('',(59.5,-13.,-9.));
#594 = CARTESIAN_POINT('',(59.5625,-13.39269908169,-9.));
#595 = CARTESIAN_POINT('',(59.625,-13.785398287,-9.088121577922));
#596 = CARTESIAN_POINT('',(59.6875,-14.15502646867,-9.264363868257));
#597 = CARTESIAN_POINT('',(59.75,-14.47851751156,-9.52148248844));
#598 = CARTESIAN_POINT('',(59.8125,-14.73563613174,-9.84497353133));
#599 = CARTESIAN_POINT('',(59.875,-14.91187842207,-10.21460171299));
#600 = CARTESIAN_POINT('',(59.9375,-15.,-10.6073009183));
#601 = CARTESIAN_POINT('',(60.,-15.,-11.));
#602 = PCURVE('',#336,#603);
#603 = DEFINITIONAL_REPRESENTATION('',(#604),#607);
#604 = B_SPLINE_CURVE_WITH_KNOTS('',1,(#605,#606),.UNSPECIFIED.,.F.,.F.,
  (2,2),(0.,1.),.PIECEWISE_BEZIER_KNOTS.);
#605 = CARTESIAN_POINT('',(0.,0.));
#606 = CARTESIAN_POINT('',(1.570796326795,0.5));
#607 = ( GEOMETRIC_REPRESENTATION_CONTEXT(2) 
PARAMETRIC_REPRESENTATION_CONTEXT() REPRESENTATION_CONTEXT('2D SPACE',''
  ) );
#608 = PCURVE('',#609,#682);
#609 = B_SPLINE_SURFACE_WITH_KNOTS('',7,8,(
    (#610,#611,#612,#613,#614,#615,#616,#617,#618)
    ,(#619,#620,#621,#622,#623,#624,#625,#626,#627)
    ,(#628,#629,#630,#631,#632,#633,#634,#635,#636)
    ,(#637,#638,#639,#640,#641,#642,#643,#644,#645)
    ,(#646,#647,#648,#649,#650,#651,#652,#653,#654)
    ,(#655,#656,#657,#658,#659,#660,#661,#662,#663)
    ,(#664,#665,#666,#667,#668,#669,#670,#671,#672)
    ,(#673,#674,#675,#676,#677,#678,#679,#680,#681
  )),.UNSPECIFIED.,.F.,.F.,.F.,(8,8),(9,9),(0.,1.),(0.,1.),
  .PIECEWISE_BEZIER_KNOTS.);
#610 = CARTESIAN_POINT('',(58.,-13.,-10.5));
#611 = CARTESIAN_POINT('',(58.,-13.39269908169,-10.5625));
#612 = CARTESIAN_POINT('',(58.088121577922,-13.785398287,-10.625));
#613 = CARTESIAN_POINT('',(58.264363868257,-14.15502646867,-10.6875));
#614 = CARTESIAN_POINT('',(58.52148248844,-14.47851751156,-10.75));
#615 = CARTESIAN_POINT('',(58.84497353133,-14.73563613174,-10.8125));
#616 = CARTESIAN_POINT('',(59.214601712992,-14.91187842207,-10.875));
#617 = CARTESIAN_POINT('',(59.607300918301,-15.,-10.9375));
#618 = CARTESIAN_POINT('',(60.,-15.,-11.));
#619 = CARTESIAN_POINT('',(58.,-13.,-10.16340079907));
#620 = CARTESIAN_POINT('',(57.992987516647,-13.39269908169,
    -10.23226141347));
#621 = CARTESIAN_POINT('',(58.078181219728,-13.80138494882,
    -10.31371082472));
#622 = CARTESIAN_POINT('',(58.266535686364,-14.19340426201,
    -10.40774890917));
#623 = CARTESIAN_POINT('',(58.552526499555,-14.52425596545,
    -10.51334075502));
#624 = CARTESIAN_POINT('',(58.890896613859,-14.76273691395,
    -10.62841437555));
#625 = CARTESIAN_POINT('',(59.253312511976,-14.92109350838,
    -10.75007901591));
#626 = CARTESIAN_POINT('',(59.627686501401,-15.,-10.87503951678));
#627 = CARTESIAN_POINT('',(60.,-15.,-11.));
#628 = CARTESIAN_POINT('',(58.088123333497,-13.,-9.826803175761));
#629 = CARTESIAN_POINT('',(58.066219882163,-13.39269908169,
    -9.878411354488));
#630 = CARTESIAN_POINT('',(58.192553956393,-13.81204272336,
    -9.921830628338));
#631 = CARTESIAN_POINT('',(58.391491757886,-14.21898945757,
    -10.03739490457));
#632 = CARTESIAN_POINT('',(58.683690829498,-14.55474826805,
    -10.19682353484));
#633 = CARTESIAN_POINT('',(59.012449130741,-14.78080410209,
    -10.38307627869));
#634 = CARTESIAN_POINT('',(59.34690439777,-14.92723689925,
    -10.58393530364));
#635 = CARTESIAN_POINT('',(59.708004129467,-15.,-10.7666719553));
#636 = CARTESIAN_POINT('',(60.,-15.,-11.));
#637 = CARTESIAN_POINT('',(58.264355903314,-13.,-9.517879614613));
#638 = CARTESIAN_POINT('',(58.242354140298,-13.39269908169,
    -9.530356700788));
#639 = CARTESIAN_POINT('',(58.338963309942,-13.81737161063,
    -9.597244728102));
#640 = CARTESIAN_POINT('',(58.51987671839,-14.23178205535,
    -9.747944891517));
#641 = CARTESIAN_POINT('',(58.789349055583,-14.56999441934,
    -9.967795994818));
#642 = CARTESIAN_POINT('',(59.094036592261,-14.78983769616,
    -10.21988461877));
#643 = CARTESIAN_POINT('',(59.403851398148,-14.93030859469,
    -10.48198244202));
#644 = CARTESIAN_POINT('',(59.723309123605,-15.,-10.73734199446));
#645 = CARTESIAN_POINT('',(60.,-15.,-11.));
#646 = CARTESIAN_POINT('',(58.517879614613,-13.,-9.264355903314));
#647 = CARTESIAN_POINT('',(58.530356700788,-13.39269908169,
    -9.242354140298));
#648 = CARTESIAN_POINT('',(58.597244728102,-13.81737161063,
    -9.338963309942));
#649 = CARTESIAN_POINT('',(58.747944891517,-14.23178205535,
    -9.51987671839));
#650 = CARTESIAN_POINT('',(58.967795994818,-14.56999441934,
    -9.789349055583));
#651 = CARTESIAN_POINT('',(59.219884618773,-14.78983769616,
    -10.09403659226));
#652 = CARTESIAN_POINT('',(59.481982442025,-14.93030859469,
    -10.40385139814));
#653 = CARTESIAN_POINT('',(59.737341994465,-15.,-10.7233091236));
#654 = CARTESIAN_POINT('',(60.,-15.,-11.));
#655 = CARTESIAN_POINT('',(58.826803175761,-13.,-9.088123333497));
#656 = CARTESIAN_POINT('',(58.878411354488,-13.39269908169,
    -9.066219882163));
#657 = CARTESIAN_POINT('',(58.921830628337,-13.81204272336,
    -9.192553956393));
#658 = CARTESIAN_POINT('',(59.03739490458,-14.21898945757,
    -9.391491757886));
#659 = CARTESIAN_POINT('',(59.196823534842,-14.55474826805,
    -9.683690829498));
#660 = CARTESIAN_POINT('',(59.383076278696,-14.78080410209,
    -10.01244913074));
#661 = CARTESIAN_POINT('',(59.583935303645,-14.92723689925,
    -10.34690439777));
#662 = CARTESIAN_POINT('',(59.766671955308,-15.,-10.70800412946));
#663 = CARTESIAN_POINT('',(60.,-15.,-11.));
#664 = CARTESIAN_POINT('',(59.163400799074,-13.,-9.));
#665 = CARTESIAN_POINT('',(59.232261413476,-13.39269908169,
    -8.992987516647));
#666 = CARTESIAN_POINT('',(59.313710824723,-13.80138494882,
    -9.078181219728));
#667 = CARTESIAN_POINT('',(59.407748909173,-14.19340426201,
    -9.266535686364));
#668 = CARTESIAN_POINT('',(59.513340755029,-14.52425596545,
    -9.552526499555));
#669 = CARTESIAN_POINT('',(59.628414375557,-14.76273691395,
    -9.890896613859));
#670 = CARTESIAN_POINT('',(59.75007901591,-14.92109350838,
    -10.25331251197));
#671 = CARTESIAN_POINT('',(59.875039516784,-15.,-10.6276865014));
#672 = CARTESIAN_POINT('',(60.,-15.,-11.));
#673 = CARTESIAN_POINT('',(59.5,-13.,-9.));
#674 = CARTESIAN_POINT('',(59.5625,-13.39269908169,-9.));
#675 = CARTESIAN_POINT('',(59.625,-13.785398287,-9.088121577922));
#676 = CARTESIAN_POINT('',(59.6875,-14.15502646867,-9.264363868257));
#677 = CARTESIAN_POINT('',(59.75,-14.47851751156,-9.52148248844));
#678 = CARTESIAN_POINT('',(59.8125,-14.73563613174,-9.84497353133));
#679 = CARTESIAN_POINT('',(59.875,-14.91187842207,-10.21460171299));
#680 = CARTESIAN_POINT('',(59.9375,-15.,-10.6073009183));
#681 = CARTESIAN_POINT('',(60.,-15.,-11.));
#682 = DEFINITIONAL_REPRESENTATION('',(#683),#687);
#683 = LINE('',#684,#685);
#684 = CARTESIAN_POINT('',(1.,0.));
#685 = VECTOR('',#686,1.);
#686 = DIRECTION('',(0.,1.));
#687 = ( GEOMETRIC_REPRESENTATION_CONTEXT(2) 
PARAMETRIC_REPRESENTATION_CONTEXT() REPRESENTATION_CONTEXT('2D SPACE',''
  ) );
#688 = ORIENTED_EDGE('',*,*,#689,.T.);
#689 = EDGE_CURVE('',#589,#690,#692,.T.);
#690 = VERTEX_POINT('',#691);
#691 = CARTESIAN_POINT('',(78.,-15.,-11.));
#692 = SURFACE_CURVE('',#693,(#697,#704),.PCURVE_S1.);
#693 = LINE('',#694,#695);
#694 = CARTESIAN_POINT('',(59.5,-15.,-11.));
#695 = VECTOR('',#696,1.);
#696 = DIRECTION('',(1.,0.,0.));
#697 = PCURVE('',#336,#698);
#698 = DEFINITIONAL_REPRESENTATION('',(#699),#703);
#699 = LINE('',#700,#701);
#700 = CARTESIAN_POINT('',(1.570796326795,0.));
#701 = VECTOR('',#702,1.);
#702 = DIRECTION('',(0.,1.));
#703 = ( GEOMETRIC_REPRESENTATION_CONTEXT(2) 
PARAMETRIC_REPRESENTATION_CONTEXT() REPRESENTATION_CONTEXT('2D SPACE',''
  ) );
#704 = PCURVE('',#705,#710);
#705 = PLANE('',#706);
#706 = AXIS2_PLACEMENT_3D('',#707,#708,#709);
#707 = CARTESIAN_POINT('',(58.,-15.,-16.));
#708 = DIRECTION('',(0.,1.,0.));
#709 = DIRECTION('',(0.,0.,1.));
#710 = DEFINITIONAL_REPRESENTATION('',(#711),#715);
#711 = LINE('',#712,#713);
#712 = CARTESIAN_POINT('',(5.,1.5));
#713 = VECTOR('',#714,1.);
#714 = DIRECTION('',(0.,1.));
#715 = ( GEOMETRIC_REPRESENTATION_CONTEXT(2) 
PARAMETRIC_REPRESENTATION_CONTEXT() REPRESENTATION_CONTEXT('2D SPACE',''
  ) );
#716 = ORIENTED_EDGE('',*,*,#717,.F.);
#717 = EDGE_CURVE('',#295,#690,#718,.T.);
#718 = SURFACE_CURVE('',#719,(#726,#732),.PCURVE_S1.);
#719 = B_SPLINE_CURVE_WITH_KNOTS('',5,(#720,#721,#722,#723,#724,#725),
  .UNSPECIFIED.,.F.,.F.,(6,6),(0.,1.),.PIECEWISE_BEZIER_KNOTS.);
#720 = CARTESIAN_POINT('',(78.5,-13.,-9.));
#721 = CARTESIAN_POINT('',(78.4,-13.62831853071,-9.));
#722 = CARTESIAN_POINT('',(78.3,-14.25722328672,-9.246030008092));
#723 = CARTESIAN_POINT('',(78.2,-14.7539699919,-9.742776713274));
#724 = CARTESIAN_POINT('',(78.1,-15.,-10.37168146928));
#725 = CARTESIAN_POINT('',(78.,-15.,-11.));
#726 = PCURVE('',#336,#727);
#727 = DEFINITIONAL_REPRESENTATION('',(#728),#731);
#728 = B_SPLINE_CURVE_WITH_KNOTS('',1,(#729,#730),.UNSPECIFIED.,.F.,.F.,
  (2,2),(0.,1.),.PIECEWISE_BEZIER_KNOTS.);
#729 = CARTESIAN_POINT('',(-1.465494392505E-14,19.));
#730 = CARTESIAN_POINT('',(1.570796326795,18.5));
#731 = ( GEOMETRIC_REPRESENTATION_CONTEXT(2) 
PARAMETRIC_REPRESENTATION_CONTEXT() REPRESENTATION_CONTEXT('2D SPACE',''
  ) );
#732 = PCURVE('',#733,#806);
#733 = B_SPLINE_SURFACE_WITH_KNOTS('',7,8,(
    (#734,#735,#736,#737,#738,#739,#740,#741,#742)
    ,(#743,#744,#745,#746,#747,#748,#749,#750,#751)
    ,(#752,#753,#754,#755,#756,#757,#758,#759,#760)
    ,(#761,#762,#763,#764,#765,#766,#767,#768,#769)
    ,(#770,#771,#772,#773,#774,#775,#776,#777,#778)
    ,(#779,#780,#781,#782,#783,#784,#785,#786,#787)
    ,(#788,#789,#790,#791,#792,#793,#794,#795,#796)
    ,(#797,#798,#799,#800,#801,#802,#803,#804,#805
  )),.UNSPECIFIED.,.F.,.F.,.F.,(8,8),(9,9),(0.,1.),(0.,1.),
  .PIECEWISE_BEZIER_KNOTS.);
#734 = CARTESIAN_POINT('',(78.5,-13.,-9.));
#735 = CARTESIAN_POINT('',(78.4375,-13.39269908169,-9.));
#736 = CARTESIAN_POINT('',(78.375,-13.785398287,-9.088121577922));
#737 = CARTESIAN_POINT('',(78.3125,-14.15502646867,-9.264363868257));
#738 = CARTESIAN_POINT('',(78.25,-14.47851751156,-9.52148248844));
#739 = CARTESIAN_POINT('',(78.1875,-14.73563613174,-9.84497353133));
#740 = CARTESIAN_POINT('',(78.125,-14.91187842207,-10.21460171299));
#741 = CARTESIAN_POINT('',(78.0625,-15.,-10.6073009183));
#742 = CARTESIAN_POINT('',(78.,-15.,-11.));
#743 = CARTESIAN_POINT('',(78.836599200926,-13.,-9.));
#744 = CARTESIAN_POINT('',(78.767738586524,-13.39269908169,
    -8.992987516647));
#745 = CARTESIAN_POINT('',(78.686289175277,-13.80138494882,
    -9.078181219728));
#746 = CARTESIAN_POINT('',(78.592251090828,-14.19340426201,
    -9.266535686364));
#747 = CARTESIAN_POINT('',(78.486659244971,-14.52425596545,
    -9.552526499555));
#748 = CARTESIAN_POINT('',(78.371585624443,-14.76273691395,
    -9.890896613859));
#749 = CARTESIAN_POINT('',(78.24992098409,-14.92109350838,
    -10.25331251197));
#750 = CARTESIAN_POINT('',(78.124960483216,-15.,-10.6276865014));
#751 = CARTESIAN_POINT('',(78.,-15.,-11.));
#752 = CARTESIAN_POINT('',(79.173196824239,-13.,-9.088123333497));
#753 = CARTESIAN_POINT('',(79.121588645512,-13.39269908169,
    -9.066219882162));
#754 = CARTESIAN_POINT('',(79.078169371662,-13.81204272336,
    -9.192553956392));
#755 = CARTESIAN_POINT('',(78.96260509542,-14.21898945757,
    -9.391491757886));
#756 = CARTESIAN_POINT('',(78.803176465157,-14.55474826805,
    -9.683690829498));
#757 = CARTESIAN_POINT('',(78.616923721304,-14.78080410209,
    -10.01244913074));
#758 = CARTESIAN_POINT('',(78.416064696354,-14.92723689925,
    -10.34690439777));
#759 = CARTESIAN_POINT('',(78.233328044692,-15.,-10.70800412946));
#760 = CARTESIAN_POINT('',(78.,-15.,-11.));
#761 = CARTESIAN_POINT('',(79.482120385388,-13.,-9.264355903315));
#762 = CARTESIAN_POINT('',(79.469643299213,-13.39269908169,
    -9.242354140299));
#763 = CARTESIAN_POINT('',(79.402755271898,-13.81737161063,
    -9.338963309943));
#764 = CARTESIAN_POINT('',(79.252055108483,-14.23178205535,
    -9.519876718391));
#765 = CARTESIAN_POINT('',(79.032204005182,-14.56999441934,
    -9.789349055583));
#766 = CARTESIAN_POINT('',(78.780115381227,-14.78983769616,
    -10.09403659226));
#767 = CARTESIAN_POINT('',(78.518017557975,-14.93030859469,
    -10.40385139814));
#768 = CARTESIAN_POINT('',(78.262658005535,-15.,-10.7233091236));
#769 = CARTESIAN_POINT('',(78.,-15.,-11.));
#770 = CARTESIAN_POINT('',(79.735644096685,-13.,-9.517879614611));
#771 = CARTESIAN_POINT('',(79.757645859701,-13.39269908169,
    -9.530356700786));
#772 = CARTESIAN_POINT('',(79.661036690057,-13.81737161063,
    -9.597244728101));
#773 = CARTESIAN_POINT('',(79.48012328161,-14.23178205535,
    -9.747944891516));
#774 = CARTESIAN_POINT('',(79.210650944417,-14.56999441934,
    -9.967795994817));
#775 = CARTESIAN_POINT('',(78.905963407739,-14.78983769616,
    -10.21988461877));
#776 = CARTESIAN_POINT('',(78.596148601852,-14.93030859469,
    -10.48198244202));
#777 = CARTESIAN_POINT('',(78.276690876395,-15.,-10.73734199446));
#778 = CARTESIAN_POINT('',(78.,-15.,-11.));
#779 = CARTESIAN_POINT('',(79.911876666503,-13.,-9.826803175762));
#780 = CARTESIAN_POINT('',(79.933780117838,-13.39269908169,
    -9.878411354489));
#781 = CARTESIAN_POINT('',(79.807446043607,-13.81204272336,
    -9.921830628338));
#782 = CARTESIAN_POINT('',(79.608508242115,-14.21898945757,
    -10.03739490458));
#783 = CARTESIAN_POINT('',(79.316309170502,-14.55474826805,
    -10.19682353484));
#784 = CARTESIAN_POINT('',(78.987550869259,-14.78080410209,
    -10.38307627869));
#785 = CARTESIAN_POINT('',(78.65309560223,-14.92723689925,
    -10.58393530364));
#786 = CARTESIAN_POINT('',(78.291995870533,-15.,-10.7666719553));
#787 = CARTESIAN_POINT('',(78.,-15.,-11.));
#788 = CARTESIAN_POINT('',(80.,-13.,-10.16340079907));
#789 = CARTESIAN_POINT('',(80.007012483353,-13.39269908169,
    -10.23226141347));
#790 = CARTESIAN_POINT('',(79.921818780271,-13.80138494882,
    -10.31371082472));
#791 = CARTESIAN_POINT('',(79.733464313636,-14.19340426201,
    -10.40774890917));
#792 = CARTESIAN_POINT('',(79.447473500444,-14.52425596545,
    -10.51334075502));
#793 = CARTESIAN_POINT('',(79.109103386141,-14.76273691395,
    -10.62841437555));
#794 = CARTESIAN_POINT('',(78.746687488023,-14.92109350838,
    -10.75007901591));
#795 = CARTESIAN_POINT('',(78.372313498599,-15.,-10.87503951678));
#796 = CARTESIAN_POINT('',(78.,-15.,-11.));
#797 = CARTESIAN_POINT('',(80.,-13.,-10.5));
#798 = CARTESIAN_POINT('',(80.,-13.39269908169,-10.5625));
#799 = CARTESIAN_POINT('',(79.911878422077,-13.785398287,-10.625));
#800 = CARTESIAN_POINT('',(79.735636131743,-14.15502646867,-10.6875));
#801 = CARTESIAN_POINT('',(79.478517511559,-14.47851751156,-10.75));
#802 = CARTESIAN_POINT('',(79.155026468671,-14.73563613174,-10.8125));
#803 = CARTESIAN_POINT('',(78.785398287008,-14.91187842207,-10.875));
#804 = CARTESIAN_POINT('',(78.392699081699,-15.,-10.9375));
#805 = CARTESIAN_POINT('',(78.,-15.,-11.));
#806 = DEFINITIONAL_REPRESENTATION('',(#807),#814);
#807 = B_SPLINE_CURVE_WITH_KNOTS('',5,(#808,#809,#810,#811,#812,#813),
  .UNSPECIFIED.,.F.,.F.,(6,6),(0.,1.),.PIECEWISE_BEZIER_KNOTS.);
#808 = CARTESIAN_POINT('',(0.,2.22044604925E-16));
#809 = CARTESIAN_POINT('',(0.,0.2));
#810 = CARTESIAN_POINT('',(0.,0.400033489672));
#811 = CARTESIAN_POINT('',(0.,0.599966510328));
#812 = CARTESIAN_POINT('',(0.,0.8));
#813 = CARTESIAN_POINT('',(0.,1.));
#814 = ( GEOMETRIC_REPRESENTATION_CONTEXT(2) 
PARAMETRIC_REPRESENTATION_CONTEXT() REPRESENTATION_CONTEXT('2D SPACE',''
  ) );
#815 = ORIENTED_EDGE('',*,*,#322,.F.);
#816 = ADVANCED_FACE('',(#817),#310,.F.);
#817 = FACE_BOUND('',#818,.F.);
#818 = EDGE_LOOP('',(#819,#820,#846,#847));
#819 = ORIENTED_EDGE('',*,*,#504,.F.);
#820 = ORIENTED_EDGE('',*,*,#821,.F.);
#821 = EDGE_CURVE('',#295,#505,#822,.T.);
#822 = SURFACE_CURVE('',#823,(#827,#834),.PCURVE_S1.);
#823 = LINE('',#824,#825);
#824 = CARTESIAN_POINT('',(78.5,-15.,-9.));
#825 = VECTOR('',#826,1.);
#826 = DIRECTION('',(0.,1.,0.));
#827 = PCURVE('',#310,#828);
#828 = DEFINITIONAL_REPRESENTATION('',(#829),#833);
#829 = LINE('',#830,#831);
#830 = CARTESIAN_POINT('',(55.5,-2.));
#831 = VECTOR('',#832,1.);
#832 = DIRECTION('',(0.,1.));
#833 = ( GEOMETRIC_REPRESENTATION_CONTEXT(2) 
PARAMETRIC_REPRESENTATION_CONTEXT() REPRESENTATION_CONTEXT('2D SPACE',''
  ) );
#834 = PCURVE('',#835,#840);
#835 = CYLINDRICAL_SURFACE('',#836,1.5);
#836 = AXIS2_PLACEMENT_3D('',#837,#838,#839);
#837 = CARTESIAN_POINT('',(78.5,-15.,-10.5));
#838 = DIRECTION('',(0.,1.,0.));
#839 = DIRECTION('',(1.,0.,-0.));
#840 = DEFINITIONAL_REPRESENTATION('',(#841),#845);
#841 = LINE('',#842,#843);
#842 = CARTESIAN_POINT('',(-1.570796326795,0.));
#843 = VECTOR('',#844,1.);
#844 = DIRECTION('',(-0.,1.));
#845 = ( GEOMETRIC_REPRESENTATION_CONTEXT(2) 
PARAMETRIC_REPRESENTATION_CONTEXT() REPRESENTATION_CONTEXT('2D SPACE',''
  ) );
#846 = ORIENTED_EDGE('',*,*,#294,.T.);
#847 = ORIENTED_EDGE('',*,*,#848,.T.);
#848 = EDGE_CURVE('',#267,#482,#849,.T.);
#849 = SURFACE_CURVE('',#850,(#854,#861),.PCURVE_S1.);
#850 = LINE('',#851,#852);
#851 = CARTESIAN_POINT('',(93.,-13.,-9.));
#852 = VECTOR('',#853,1.);
#853 = DIRECTION('',(0.,1.,0.));
#854 = PCURVE('',#310,#855);
#855 = DEFINITIONAL_REPRESENTATION('',(#856),#860);
#856 = LINE('',#857,#858);
#857 = CARTESIAN_POINT('',(70.,0.));
#858 = VECTOR('',#859,1.);
#859 = DIRECTION('',(0.,1.));
#860 = ( GEOMETRIC_REPRESENTATION_CONTEXT(2) 
PARAMETRIC_REPRESENTATION_CONTEXT() REPRESENTATION_CONTEXT('2D SPACE',''
  ) );
#861 = PCURVE('',#282,#862);
#862 = DEFINITIONAL_REPRESENTATION('',(#863),#867);
#863 = LINE('',#864,#865);
#864 = CARTESIAN_POINT('',(0.,0.));
#865 = VECTOR('',#866,1.);
#866 = DIRECTION('',(0.,-1.));
#867 = ( GEOMETRIC_REPRESENTATION_CONTEXT(2) 
PARAMETRIC_REPRESENTATION_CONTEXT() REPRESENTATION_CONTEXT('2D SPACE',''
  ) );
#868 = ADVANCED_FACE('',(#869),#282,.T.);
#869 = FACE_BOUND('',#870,.T.);
#870 = EDGE_LOOP('',(#871,#872,#873,#874));
#871 = ORIENTED_EDGE('',*,*,#266,.F.);
#872 = ORIENTED_EDGE('',*,*,#848,.T.);
#873 = ORIENTED_EDGE('',*,*,#481,.T.);
#874 = ORIENTED_EDGE('',*,*,#875,.F.);
#875 = EDGE_CURVE('',#239,#459,#876,.T.);
#876 = SURFACE_CURVE('',#877,(#881,#888),.PCURVE_S1.);
#877 = LINE('',#878,#879);
#878 = CARTESIAN_POINT('',(93.,-13.,9.));
#879 = VECTOR('',#880,1.);
#880 = DIRECTION('',(0.,1.,0.));
#881 = PCURVE('',#282,#882);
#882 = DEFINITIONAL_REPRESENTATION('',(#883),#887);
#883 = LINE('',#884,#885);
#884 = CARTESIAN_POINT('',(18.,0.));
#885 = VECTOR('',#886,1.);
#886 = DIRECTION('',(0.,-1.));
#887 = ( GEOMETRIC_REPRESENTATION_CONTEXT(2) 
PARAMETRIC_REPRESENTATION_CONTEXT() REPRESENTATION_CONTEXT('2D SPACE',''
  ) );
#888 = PCURVE('',#254,#889);
#889 = DEFINITIONAL_REPRESENTATION('',(#890),#894);
#890 = LINE('',#891,#892);
#891 = CARTESIAN_POINT('',(70.,0.));
#892 = VECTOR('',#893,1.);
#893 = DIRECTION('',(0.,1.));
#894 = ( GEOMETRIC_REPRESENTATION_CONTEXT(2) 
PARAMETRIC_REPRESENTATION_CONTEXT() REPRESENTATION_CONTEXT('2D SPACE',''
  ) );
#895 = ADVANCED_FACE('',(#896),#226,.T.);
#896 = FACE_BOUND('',#897,.T.);
#897 = EDGE_LOOP('',(#898,#999,#1027,#1126));
#898 = ORIENTED_EDGE('',*,*,#899,.T.);
#899 = EDGE_CURVE('',#211,#900,#902,.T.);
#900 = VERTEX_POINT('',#901);
#901 = CARTESIAN_POINT('',(78.,-15.,11.));
#902 = SURFACE_CURVE('',#903,(#913,#919),.PCURVE_S1.);
#903 = B_SPLINE_CURVE_WITH_KNOTS('',8,(#904,#905,#906,#907,#908,#909,
    #910,#911,#912),.UNSPECIFIED.,.F.,.F.,(9,9),(0.,1.),
  .PIECEWISE_BEZIER_KNOTS.);
#904 = CARTESIAN_POINT('',(78.5,-13.,9.));
#905 = CARTESIAN_POINT('',(78.4375,-13.39269908169,9.));
#906 = CARTESIAN_POINT('',(78.375,-13.785398287,9.088121577922));
#907 = CARTESIAN_POINT('',(78.3125,-14.15502646867,9.264363868257));
#908 = CARTESIAN_POINT('',(78.25,-14.47851751156,9.52148248844));
#909 = CARTESIAN_POINT('',(78.1875,-14.73563613174,9.84497353133));
#910 = CARTESIAN_POINT('',(78.125,-14.91187842207,10.214601712992));
#911 = CARTESIAN_POINT('',(78.0625,-15.,10.607300918301));
#912 = CARTESIAN_POINT('',(78.,-15.,11.));
#913 = PCURVE('',#226,#914);
#914 = DEFINITIONAL_REPRESENTATION('',(#915),#918);
#915 = B_SPLINE_CURVE_WITH_KNOTS('',1,(#916,#917),.UNSPECIFIED.,.F.,.F.,
  (2,2),(0.,1.),.PIECEWISE_BEZIER_KNOTS.);
#916 = CARTESIAN_POINT('',(0.,0.));
#917 = CARTESIAN_POINT('',(1.570796326795,0.5));
#918 = ( GEOMETRIC_REPRESENTATION_CONTEXT(2) 
PARAMETRIC_REPRESENTATION_CONTEXT() REPRESENTATION_CONTEXT('2D SPACE',''
  ) );
#919 = PCURVE('',#920,#993);
#920 = B_SPLINE_SURFACE_WITH_KNOTS('',7,8,(
    (#921,#922,#923,#924,#925,#926,#927,#928,#929)
    ,(#930,#931,#932,#933,#934,#935,#936,#937,#938)
    ,(#939,#940,#941,#942,#943,#944,#945,#946,#947)
    ,(#948,#949,#950,#951,#952,#953,#954,#955,#956)
    ,(#957,#958,#959,#960,#961,#962,#963,#964,#965)
    ,(#966,#967,#968,#969,#970,#971,#972,#973,#974)
    ,(#975,#976,#977,#978,#979,#980,#981,#982,#983)
    ,(#984,#985,#986,#987,#988,#989,#990,#991,#992
  )),.UNSPECIFIED.,.F.,.F.,.F.,(8,8),(9,9),(0.,1.),(0.,1.),
  .PIECEWISE_BEZIER_KNOTS.);
#921 = CARTESIAN_POINT('',(80.,-13.,10.5));
#922 = CARTESIAN_POINT('',(80.,-13.39269908169,10.5625));
#923 = CARTESIAN_POINT('',(79.911878422077,-13.785398287,10.625));
#924 = CARTESIAN_POINT('',(79.735636131743,-14.15502646867,10.6875));
#925 = CARTESIAN_POINT('',(79.478517511559,-14.47851751156,10.75));
#926 = CARTESIAN_POINT('',(79.155026468671,-14.73563613174,10.8125));
#927 = CARTESIAN_POINT('',(78.785398287008,-14.91187842207,10.875));
#928 = CARTESIAN_POINT('',(78.392699081699,-15.,10.9375));
#929 = CARTESIAN_POINT('',(78.,-15.,11.));
#930 = CARTESIAN_POINT('',(80.,-13.,10.163400799074));
#931 = CARTESIAN_POINT('',(80.007012483353,-13.39269908169,
    10.232261413476));
#932 = CARTESIAN_POINT('',(79.921818780271,-13.80138494882,
    10.313710824723));
#933 = CARTESIAN_POINT('',(79.733464313636,-14.19340426201,
    10.407748909172));
#934 = CARTESIAN_POINT('',(79.447473500444,-14.52425596545,
    10.513340755029));
#935 = CARTESIAN_POINT('',(79.109103386141,-14.76273691395,
    10.628414375557));
#936 = CARTESIAN_POINT('',(78.746687488023,-14.92109350838,
    10.75007901591));
#937 = CARTESIAN_POINT('',(78.372313498599,-15.,10.875039516784));
#938 = CARTESIAN_POINT('',(78.,-15.,11.));
#939 = CARTESIAN_POINT('',(79.911876666503,-13.,9.826803175761));
#940 = CARTESIAN_POINT('',(79.933780117837,-13.39269908169,
    9.878411354488));
#941 = CARTESIAN_POINT('',(79.807446043607,-13.81204272336,
    9.921830628338));
#942 = CARTESIAN_POINT('',(79.608508242115,-14.21898945757,
    10.03739490458));
#943 = CARTESIAN_POINT('',(79.316309170502,-14.55474826805,
    10.196823534842));
#944 = CARTESIAN_POINT('',(78.987550869259,-14.78080410209,
    10.383076278696));
#945 = CARTESIAN_POINT('',(78.65309560223,-14.92723689925,
    10.583935303645));
#946 = CARTESIAN_POINT('',(78.291995870533,-15.,10.766671955308));
#947 = CARTESIAN_POINT('',(78.,-15.,11.));
#948 = CARTESIAN_POINT('',(79.735644096685,-13.,9.517879614613));
#949 = CARTESIAN_POINT('',(79.757645859701,-13.39269908169,
    9.530356700788));
#950 = CARTESIAN_POINT('',(79.661036690057,-13.81737161063,
    9.597244728102));
#951 = CARTESIAN_POINT('',(79.48012328161,-14.23178205535,9.747944891517
    ));
#952 = CARTESIAN_POINT('',(79.210650944417,-14.56999441934,
    9.967795994818));
#953 = CARTESIAN_POINT('',(78.905963407739,-14.78983769616,
    10.219884618773));
#954 = CARTESIAN_POINT('',(78.596148601852,-14.93030859469,
    10.481982442025));
#955 = CARTESIAN_POINT('',(78.276690876395,-15.,10.737341994465));
#956 = CARTESIAN_POINT('',(78.,-15.,11.));
#957 = CARTESIAN_POINT('',(79.482120385389,-13.,9.264355903314));
#958 = CARTESIAN_POINT('',(79.469643299214,-13.39269908169,
    9.242354140298));
#959 = CARTESIAN_POINT('',(79.402755271899,-13.81737161063,
    9.338963309942));
#960 = CARTESIAN_POINT('',(79.252055108484,-14.23178205535,9.51987671839
    ));
#961 = CARTESIAN_POINT('',(79.032204005182,-14.56999441934,
    9.789349055583));
#962 = CARTESIAN_POINT('',(78.780115381227,-14.78983769616,
    10.094036592261));
#963 = CARTESIAN_POINT('',(78.518017557975,-14.93030859469,
    10.403851398148));
#964 = CARTESIAN_POINT('',(78.262658005536,-15.,10.723309123605));
#965 = CARTESIAN_POINT('',(78.,-15.,11.));
#966 = CARTESIAN_POINT('',(79.173196824238,-13.,9.088123333497));
#967 = CARTESIAN_POINT('',(79.121588645511,-13.39269908169,
    9.066219882163));
#968 = CARTESIAN_POINT('',(79.078169371662,-13.81204272336,
    9.192553956393));
#969 = CARTESIAN_POINT('',(78.96260509542,-14.21898945757,9.391491757886
    ));
#970 = CARTESIAN_POINT('',(78.803176465157,-14.55474826805,
    9.683690829498));
#971 = CARTESIAN_POINT('',(78.616923721304,-14.78080410209,
    10.012449130741));
#972 = CARTESIAN_POINT('',(78.416064696354,-14.92723689925,
    10.34690439777));
#973 = CARTESIAN_POINT('',(78.233328044692,-15.,10.708004129467));
#974 = CARTESIAN_POINT('',(78.,-15.,11.));
#975 = CARTESIAN_POINT('',(78.836599200926,-13.,9.));
#976 = CARTESIAN_POINT('',(78.767738586525,-13.39269908169,
    8.992987516647));
#977 = CARTESIAN_POINT('',(78.686289175277,-13.80138494882,
    9.078181219728));
#978 = CARTESIAN_POINT('',(78.592251090828,-14.19340426201,
    9.266535686364));
#979 = CARTESIAN_POINT('',(78.486659244972,-14.52425596545,
    9.552526499555));
#980 = CARTESIAN_POINT('',(78.371585624443,-14.76273691395,
    9.890896613859));
#981 = CARTESIAN_POINT('',(78.24992098409,-14.92109350838,
    10.253312511976));
#982 = CARTESIAN_POINT('',(78.124960483216,-15.,10.627686501401));
#983 = CARTESIAN_POINT('',(78.,-15.,11.));
#984 = CARTESIAN_POINT('',(78.5,-13.,9.));
#985 = CARTESIAN_POINT('',(78.4375,-13.39269908169,9.));
#986 = CARTESIAN_POINT('',(78.375,-13.785398287,9.088121577922));
#987 = CARTESIAN_POINT('',(78.3125,-14.15502646867,9.264363868257));
#988 = CARTESIAN_POINT('',(78.25,-14.47851751156,9.52148248844));
#989 = CARTESIAN_POINT('',(78.1875,-14.73563613174,9.84497353133));
#990 = CARTESIAN_POINT('',(78.125,-14.91187842207,10.214601712992));
#991 = CARTESIAN_POINT('',(78.0625,-15.,10.607300918301));
#992 = CARTESIAN_POINT('',(78.,-15.,11.));
#993 = DEFINITIONAL_REPRESENTATION('',(#994),#998);
#994 = LINE('',#995,#996);
#995 = CARTESIAN_POINT('',(1.,0.));
#996 = VECTOR('',#997,1.);
#997 = DIRECTION('',(0.,1.));
#998 = ( GEOMETRIC_REPRESENTATION_CONTEXT(2) 
PARAMETRIC_REPRESENTATION_CONTEXT() REPRESENTATION_CONTEXT('2D SPACE',''
  ) );
#999 = ORIENTED_EDGE('',*,*,#1000,.T.);
#1000 = EDGE_CURVE('',#900,#1001,#1003,.T.);
#1001 = VERTEX_POINT('',#1002);
#1002 = CARTESIAN_POINT('',(60.,-15.,11.));
#1003 = SURFACE_CURVE('',#1004,(#1008,#1015),.PCURVE_S1.);
#1004 = LINE('',#1005,#1006);
#1005 = CARTESIAN_POINT('',(78.5,-15.,11.));
#1006 = VECTOR('',#1007,1.);
#1007 = DIRECTION('',(-1.,-0.,-0.));
#1008 = PCURVE('',#226,#1009);
#1009 = DEFINITIONAL_REPRESENTATION('',(#1010),#1014);
#1010 = LINE('',#1011,#1012);
#1011 = CARTESIAN_POINT('',(1.570796326795,0.));
#1012 = VECTOR('',#1013,1.);
#1013 = DIRECTION('',(0.,1.));
#1014 = ( GEOMETRIC_REPRESENTATION_CONTEXT(2) 
PARAMETRIC_REPRESENTATION_CONTEXT() REPRESENTATION_CONTEXT('2D SPACE',''
  ) );
#1015 = PCURVE('',#1016,#1021);
#1016 = PLANE('',#1017);
#1017 = AXIS2_PLACEMENT_3D('',#1018,#1019,#1020);
#1018 = CARTESIAN_POINT('',(58.,-15.,9.));
#1019 = DIRECTION('',(0.,1.,0.));
#1020 = DIRECTION('',(0.,0.,1.));
#1021 = DEFINITIONAL_REPRESENTATION('',(#1022),#1026);
#1022 = LINE('',#1023,#1024);
#1023 = CARTESIAN_POINT('',(2.,20.5));
#1024 = VECTOR('',#1025,1.);
#1025 = DIRECTION('',(0.,-1.));
#1026 = ( GEOMETRIC_REPRESENTATION_CONTEXT(2) 
PARAMETRIC_REPRESENTATION_CONTEXT() REPRESENTATION_CONTEXT('2D SPACE',''
  ) );
#1027 = ORIENTED_EDGE('',*,*,#1028,.F.);
#1028 = EDGE_CURVE('',#188,#1001,#1029,.T.);
#1029 = SURFACE_CURVE('',#1030,(#1037,#1043),.PCURVE_S1.);
#1030 = B_SPLINE_CURVE_WITH_KNOTS('',5,(#1031,#1032,#1033,#1034,#1035,
    #1036),.UNSPECIFIED.,.F.,.F.,(6,6),(0.,1.),
  .PIECEWISE_BEZIER_KNOTS.);
#1031 = CARTESIAN_POINT('',(59.5,-13.,9.));
#1032 = CARTESIAN_POINT('',(59.6,-13.62831853071,9.));
#1033 = CARTESIAN_POINT('',(59.7,-14.25722328672,9.246030008092));
#1034 = CARTESIAN_POINT('',(59.8,-14.7539699919,9.742776713274));
#1035 = CARTESIAN_POINT('',(59.9,-15.,10.371681469282));
#1036 = CARTESIAN_POINT('',(60.,-15.,11.));
#1037 = PCURVE('',#226,#1038);
#1038 = DEFINITIONAL_REPRESENTATION('',(#1039),#1042);
#1039 = B_SPLINE_CURVE_WITH_KNOTS('',1,(#1040,#1041),.UNSPECIFIED.,.F.,
  .F.,(2,2),(0.,1.),.PIECEWISE_BEZIER_KNOTS.);
#1040 = CARTESIAN_POINT('',(-3.275157922644E-14,19.));
#1041 = CARTESIAN_POINT('',(1.570796326795,18.5));
#1042 = ( GEOMETRIC_REPRESENTATION_CONTEXT(2) 
PARAMETRIC_REPRESENTATION_CONTEXT() REPRESENTATION_CONTEXT('2D SPACE',''
  ) );
#1043 = PCURVE('',#1044,#1117);
#1044 = B_SPLINE_SURFACE_WITH_KNOTS('',7,8,(
    (#1045,#1046,#1047,#1048,#1049,#1050,#1051,#1052,#1053)
    ,(#1054,#1055,#1056,#1057,#1058,#1059,#1060,#1061,#1062)
    ,(#1063,#1064,#1065,#1066,#1067,#1068,#1069,#1070,#1071)
    ,(#1072,#1073,#1074,#1075,#1076,#1077,#1078,#1079,#1080)
    ,(#1081,#1082,#1083,#1084,#1085,#1086,#1087,#1088,#1089)
    ,(#1090,#1091,#1092,#1093,#1094,#1095,#1096,#1097,#1098)
    ,(#1099,#1100,#1101,#1102,#1103,#1104,#1105,#1106,#1107)
    ,(#1108,#1109,#1110,#1111,#1112,#1113,#1114,#1115,#1116
  )),.UNSPECIFIED.,.F.,.F.,.F.,(8,8),(9,9),(0.,1.),(0.,1.),
  .PIECEWISE_BEZIER_KNOTS.);
#1045 = CARTESIAN_POINT('',(59.5,-13.,9.));
#1046 = CARTESIAN_POINT('',(59.5625,-13.39269908169,9.));
#1047 = CARTESIAN_POINT('',(59.625,-13.785398287,9.088121577922));
#1048 = CARTESIAN_POINT('',(59.6875,-14.15502646867,9.264363868257));
#1049 = CARTESIAN_POINT('',(59.75,-14.47851751156,9.52148248844));
#1050 = CARTESIAN_POINT('',(59.8125,-14.73563613174,9.84497353133));
#1051 = CARTESIAN_POINT('',(59.875,-14.91187842207,10.214601712992));
#1052 = CARTESIAN_POINT('',(59.9375,-15.,10.607300918301));
#1053 = CARTESIAN_POINT('',(60.,-15.,11.));
#1054 = CARTESIAN_POINT('',(59.163400799074,-13.,9.));
#1055 = CARTESIAN_POINT('',(59.232261413476,-13.39269908169,
    8.992987516647));
#1056 = CARTESIAN_POINT('',(59.313710824723,-13.80138494882,
    9.078181219728));
#1057 = CARTESIAN_POINT('',(59.407748909172,-14.19340426201,
    9.266535686364));
#1058 = CARTESIAN_POINT('',(59.513340755029,-14.52425596545,
    9.552526499555));
#1059 = CARTESIAN_POINT('',(59.628414375557,-14.76273691395,
    9.890896613859));
#1060 = CARTESIAN_POINT('',(59.75007901591,-14.92109350838,
    10.253312511976));
#1061 = CARTESIAN_POINT('',(59.875039516784,-15.,10.627686501401));
#1062 = CARTESIAN_POINT('',(60.,-15.,11.));
#1063 = CARTESIAN_POINT('',(58.826803175761,-13.,9.088123333497));
#1064 = CARTESIAN_POINT('',(58.878411354488,-13.39269908169,
    9.066219882162));
#1065 = CARTESIAN_POINT('',(58.921830628338,-13.81204272336,
    9.192553956392));
#1066 = CARTESIAN_POINT('',(59.037394904579,-14.21898945757,
    9.391491757885));
#1067 = CARTESIAN_POINT('',(59.196823534842,-14.55474826805,
    9.683690829498));
#1068 = CARTESIAN_POINT('',(59.383076278696,-14.78080410209,
    10.012449130741));
#1069 = CARTESIAN_POINT('',(59.583935303645,-14.92723689925,
    10.34690439777));
#1070 = CARTESIAN_POINT('',(59.766671955308,-15.,10.708004129467));
#1071 = CARTESIAN_POINT('',(60.,-15.,11.));
#1072 = CARTESIAN_POINT('',(58.517879614613,-13.,9.264355903316));
#1073 = CARTESIAN_POINT('',(58.530356700788,-13.39269908169,
    9.242354140299));
#1074 = CARTESIAN_POINT('',(58.597244728102,-13.81737161063,
    9.338963309943));
#1075 = CARTESIAN_POINT('',(58.747944891517,-14.23178205535,
    9.519876718391));
#1076 = CARTESIAN_POINT('',(58.967795994818,-14.56999441934,
    9.789349055583));
#1077 = CARTESIAN_POINT('',(59.219884618773,-14.78983769616,
    10.094036592262));
#1078 = CARTESIAN_POINT('',(59.481982442025,-14.93030859469,
    10.403851398148));
#1079 = CARTESIAN_POINT('',(59.737341994465,-15.,10.723309123605));
#1080 = CARTESIAN_POINT('',(60.,-15.,11.));
#1081 = CARTESIAN_POINT('',(58.264355903314,-13.,9.51787961461));
#1082 = CARTESIAN_POINT('',(58.242354140298,-13.39269908169,
    9.530356700786));
#1083 = CARTESIAN_POINT('',(58.338963309942,-13.81737161063,
    9.597244728101));
#1084 = CARTESIAN_POINT('',(58.51987671839,-14.23178205535,
    9.747944891516));
#1085 = CARTESIAN_POINT('',(58.789349055583,-14.56999441934,
    9.967795994817));
#1086 = CARTESIAN_POINT('',(59.094036592261,-14.78983769616,
    10.219884618773));
#1087 = CARTESIAN_POINT('',(59.403851398148,-14.93030859469,
    10.481982442024));
#1088 = CARTESIAN_POINT('',(59.723309123605,-15.,10.737341994464));
#1089 = CARTESIAN_POINT('',(60.,-15.,11.));
#1090 = CARTESIAN_POINT('',(58.088123333497,-13.,9.826803175762));
#1091 = CARTESIAN_POINT('',(58.066219882163,-13.39269908169,
    9.878411354489));
#1092 = CARTESIAN_POINT('',(58.192553956393,-13.81204272336,
    9.921830628338));
#1093 = CARTESIAN_POINT('',(58.391491757886,-14.21898945757,
    10.03739490458));
#1094 = CARTESIAN_POINT('',(58.683690829498,-14.55474826805,
    10.196823534843));
#1095 = CARTESIAN_POINT('',(59.012449130741,-14.78080410209,
    10.383076278696));
#1096 = CARTESIAN_POINT('',(59.34690439777,-14.92723689925,
    10.583935303646));
#1097 = CARTESIAN_POINT('',(59.708004129467,-15.,10.766671955308));
#1098 = CARTESIAN_POINT('',(60.,-15.,11.));
#1099 = CARTESIAN_POINT('',(58.,-13.,10.163400799074));
#1100 = CARTESIAN_POINT('',(57.992987516647,-13.39269908169,
    10.232261413475));
#1101 = CARTESIAN_POINT('',(58.078181219728,-13.80138494882,
    10.313710824723));
#1102 = CARTESIAN_POINT('',(58.266535686364,-14.19340426201,
    10.407748909172));
#1103 = CARTESIAN_POINT('',(58.552526499555,-14.52425596545,
    10.513340755028));
#1104 = CARTESIAN_POINT('',(58.890896613859,-14.76273691395,
    10.628414375557));
#1105 = CARTESIAN_POINT('',(59.253312511976,-14.92109350838,
    10.75007901591));
#1106 = CARTESIAN_POINT('',(59.627686501401,-15.,10.875039516784));
#1107 = CARTESIAN_POINT('',(60.,-15.,11.));
#1108 = CARTESIAN_POINT('',(58.,-13.,10.5));
#1109 = CARTESIAN_POINT('',(58.,-13.39269908169,10.5625));
#1110 = CARTESIAN_POINT('',(58.088121577922,-13.785398287,10.625));
#1111 = CARTESIAN_POINT('',(58.264363868257,-14.15502646867,10.6875));
#1112 = CARTESIAN_POINT('',(58.52148248844,-14.47851751156,10.75));
#1113 = CARTESIAN_POINT('',(58.84497353133,-14.73563613174,10.8125));
#1114 = CARTESIAN_POINT('',(59.214601712992,-14.91187842207,10.875));
#1115 = CARTESIAN_POINT('',(59.607300918301,-15.,10.9375));
#1116 = CARTESIAN_POINT('',(60.,-15.,11.));
#1117 = DEFINITIONAL_REPRESENTATION('',(#1118),#1125);
#1118 = B_SPLINE_CURVE_WITH_KNOTS('',5,(#1119,#1120,#1121,#1122,#1123,
    #1124),.UNSPECIFIED.,.F.,.F.,(6,6),(0.,1.),
  .PIECEWISE_BEZIER_KNOTS.);
#1119 = CARTESIAN_POINT('',(0.,5.551115123126E-17));
#1120 = CARTESIAN_POINT('',(0.,0.2));
#1121 = CARTESIAN_POINT('',(0.,0.400033489672));
#1122 = CARTESIAN_POINT('',(0.,0.599966510328));
#1123 = CARTESIAN_POINT('',(0.,0.8));
#1124 = CARTESIAN_POINT('',(0.,1.));
#1125 = ( GEOMETRIC_REPRESENTATION_CONTEXT(2) 
PARAMETRIC_REPRESENTATION_CONTEXT() REPRESENTATION_CONTEXT('2D SPACE',''
  ) );
#1126 = ORIENTED_EDGE('',*,*,#210,.F.);
#1127 = ADVANCED_FACE('',(#1128),#254,.T.);
#1128 = FACE_BOUND('',#1129,.T.);
#1129 = EDGE_LOOP('',(#1130,#1131,#1157,#1158));
#1130 = ORIENTED_EDGE('',*,*,#458,.F.);
#1131 = ORIENTED_EDGE('',*,*,#1132,.F.);
#1132 = EDGE_CURVE('',#211,#431,#1133,.T.);
#1133 = SURFACE_CURVE('',#1134,(#1138,#1145),.PCURVE_S1.);
#1134 = LINE('',#1135,#1136);
#1135 = CARTESIAN_POINT('',(78.5,-15.,9.));
#1136 = VECTOR('',#1137,1.);
#1137 = DIRECTION('',(0.,1.,0.));
#1138 = PCURVE('',#254,#1139);
#1139 = DEFINITIONAL_REPRESENTATION('',(#1140),#1144);
#1140 = LINE('',#1141,#1142);
#1141 = CARTESIAN_POINT('',(55.5,-2.));
#1142 = VECTOR('',#1143,1.);
#1143 = DIRECTION('',(0.,1.));
#1144 = ( GEOMETRIC_REPRESENTATION_CONTEXT(2) 
PARAMETRIC_REPRESENTATION_CONTEXT() REPRESENTATION_CONTEXT('2D SPACE',''
  ) );
#1145 = PCURVE('',#1146,#1151);
#1146 = CYLINDRICAL_SURFACE('',#1147,1.5);
#1147 = AXIS2_PLACEMENT_3D('',#1148,#1149,#1150);
#1148 = CARTESIAN_POINT('',(78.5,-15.,10.5));
#1149 = DIRECTION('',(0.,1.,0.));
#1150 = DIRECTION('',(1.,0.,-0.));
#1151 = DEFINITIONAL_REPRESENTATION('',(#1152),#1156);
#1152 = LINE('',#1153,#1154);
#1153 = CARTESIAN_POINT('',(1.570796326795,0.));
#1154 = VECTOR('',#1155,1.);
#1155 = DIRECTION('',(0.,1.));
#1156 = ( GEOMETRIC_REPRESENTATION_CONTEXT(2) 
PARAMETRIC_REPRESENTATION_CONTEXT() REPRESENTATION_CONTEXT('2D SPACE',''
  ) );
#1157 = ORIENTED_EDGE('',*,*,#238,.T.);
#1158 = ORIENTED_EDGE('',*,*,#875,.T.);
#1159 = ADVANCED_FACE('',(#1160),#390,.T.);
#1160 = FACE_BOUND('',#1161,.F.);
#1161 = EDGE_LOOP('',(#1162,#1192,#1223,#1224));
#1162 = ORIENTED_EDGE('',*,*,#1163,.F.);
#1163 = EDGE_CURVE('',#1164,#1166,#1168,.T.);
#1164 = VERTEX_POINT('',#1165);
#1165 = CARTESIAN_POINT('',(58.,-13.,10.5));
#1166 = VERTEX_POINT('',#1167);
#1167 = CARTESIAN_POINT('',(58.,13.,10.5));
#1168 = SURFACE_CURVE('',#1169,(#1173,#1180),.PCURVE_S1.);
#1169 = LINE('',#1170,#1171);
#1170 = CARTESIAN_POINT('',(58.,-15.,10.5));
#1171 = VECTOR('',#1172,1.);
#1172 = DIRECTION('',(0.,1.,0.));
#1173 = PCURVE('',#390,#1174);
#1174 = DEFINITIONAL_REPRESENTATION('',(#1175),#1179);
#1175 = LINE('',#1176,#1177);
#1176 = CARTESIAN_POINT('',(-0.,0.));
#1177 = VECTOR('',#1178,1.);
#1178 = DIRECTION('',(-0.,1.));
#1179 = ( GEOMETRIC_REPRESENTATION_CONTEXT(2) 
PARAMETRIC_REPRESENTATION_CONTEXT() REPRESENTATION_CONTEXT('2D SPACE',''
  ) );
#1180 = PCURVE('',#1181,#1186);
#1181 = PLANE('',#1182);
#1182 = AXIS2_PLACEMENT_3D('',#1183,#1184,#1185);
#1183 = CARTESIAN_POINT('',(58.,-15.,9.));
#1184 = DIRECTION('',(1.,0.,0.));
#1185 = DIRECTION('',(0.,0.,1.));
#1186 = DEFINITIONAL_REPRESENTATION('',(#1187),#1191);
#1187 = LINE('',#1188,#1189);
#1188 = CARTESIAN_POINT('',(1.5,0.));
#1189 = VECTOR('',#1190,1.);
#1190 = DIRECTION('',(0.,-1.));
#1191 = ( GEOMETRIC_REPRESENTATION_CONTEXT(2) 
PARAMETRIC_REPRESENTATION_CONTEXT() REPRESENTATION_CONTEXT('2D SPACE',''
  ) );
#1192 = ORIENTED_EDGE('',*,*,#1193,.F.);
#1193 = EDGE_CURVE('',#188,#1164,#1194,.T.);
#1194 = SURFACE_CURVE('',#1195,(#1204,#1216),.PCURVE_S1.);
#1195 = B_SPLINE_CURVE_WITH_KNOTS('',7,(#1196,#1197,#1198,#1199,#1200,
    #1201,#1202,#1203),.UNSPECIFIED.,.F.,.F.,(8,8),(0.,1.),
  .PIECEWISE_BEZIER_KNOTS.);
#1196 = CARTESIAN_POINT('',(59.5,-13.,9.));
#1197 = CARTESIAN_POINT('',(59.163400799074,-13.,9.));
#1198 = CARTESIAN_POINT('',(58.826803175761,-13.,9.088123333497));
#1199 = CARTESIAN_POINT('',(58.517879614613,-13.,9.264355903316));
#1200 = CARTESIAN_POINT('',(58.264355903314,-13.,9.51787961461));
#1201 = CARTESIAN_POINT('',(58.088123333497,-13.,9.826803175762));
#1202 = CARTESIAN_POINT('',(58.,-13.,10.163400799074));
#1203 = CARTESIAN_POINT('',(58.,-13.,10.5));
#1204 = PCURVE('',#390,#1205);
#1205 = DEFINITIONAL_REPRESENTATION('',(#1206),#1215);
#1206 = B_SPLINE_CURVE_WITH_KNOTS('',7,(#1207,#1208,#1209,#1210,#1211,
    #1212,#1213,#1214),.UNSPECIFIED.,.F.,.F.,(8,8),(0.,1.),
  .PIECEWISE_BEZIER_KNOTS.);
#1207 = CARTESIAN_POINT('',(-1.570796326795,2.));
#1208 = CARTESIAN_POINT('',(-1.346396859511,2.));
#1209 = CARTESIAN_POINT('',(-1.12199791287,2.));
#1210 = CARTESIAN_POINT('',(-0.897596390273,2.));
#1211 = CARTESIAN_POINT('',(-0.673199936522,2.));
#1212 = CARTESIAN_POINT('',(-0.448798413924,2.));
#1213 = CARTESIAN_POINT('',(-0.224399467284,2.));
#1214 = CARTESIAN_POINT('',(0.,2.));
#1215 = ( GEOMETRIC_REPRESENTATION_CONTEXT(2) 
PARAMETRIC_REPRESENTATION_CONTEXT() REPRESENTATION_CONTEXT('2D SPACE',''
  ) );
#1216 = PCURVE('',#1044,#1217);
#1217 = DEFINITIONAL_REPRESENTATION('',(#1218),#1222);
#1218 = LINE('',#1219,#1220);
#1219 = CARTESIAN_POINT('',(0.,0.));
#1220 = VECTOR('',#1221,1.);
#1221 = DIRECTION('',(1.,0.));
#1222 = ( GEOMETRIC_REPRESENTATION_CONTEXT(2) 
PARAMETRIC_REPRESENTATION_CONTEXT() REPRESENTATION_CONTEXT('2D SPACE',''
  ) );
#1223 = ORIENTED_EDGE('',*,*,#376,.T.);
#1224 = ORIENTED_EDGE('',*,*,#1225,.T.);
#1225 = EDGE_CURVE('',#352,#1166,#1226,.T.);
#1226 = SURFACE_CURVE('',#1227,(#1236,#1248),.PCURVE_S1.);
#1227 = B_SPLINE_CURVE_WITH_KNOTS('',7,(#1228,#1229,#1230,#1231,#1232,
    #1233,#1234,#1235),.UNSPECIFIED.,.F.,.F.,(8,8),(0.,1.),
  .PIECEWISE_BEZIER_KNOTS.);
#1228 = CARTESIAN_POINT('',(59.5,13.,9.));
#1229 = CARTESIAN_POINT('',(59.163400799074,13.,9.));
#1230 = CARTESIAN_POINT('',(58.826803175761,13.,9.088123333497));
#1231 = CARTESIAN_POINT('',(58.517879614613,13.000000000001,
    9.264355903316));
#1232 = CARTESIAN_POINT('',(58.264355903314,13.,9.51787961461));
#1233 = CARTESIAN_POINT('',(58.088123333497,13.,9.826803175762));
#1234 = CARTESIAN_POINT('',(58.,13.,10.163400799074));
#1235 = CARTESIAN_POINT('',(58.,13.,10.5));
#1236 = PCURVE('',#390,#1237);
#1237 = DEFINITIONAL_REPRESENTATION('',(#1238),#1247);
#1238 = B_SPLINE_CURVE_WITH_KNOTS('',7,(#1239,#1240,#1241,#1242,#1243,
    #1244,#1245,#1246),.UNSPECIFIED.,.F.,.F.,(8,8),(0.,1.),
  .PIECEWISE_BEZIER_KNOTS.);
#1239 = CARTESIAN_POINT('',(-1.570796326795,28.));
#1240 = CARTESIAN_POINT('',(-1.346396859511,28.));
#1241 = CARTESIAN_POINT('',(-1.12199791287,28.));
#1242 = CARTESIAN_POINT('',(-0.897596390273,28.000000000001));
#1243 = CARTESIAN_POINT('',(-0.673199936522,28.));
#1244 = CARTESIAN_POINT('',(-0.448798413924,28.));
#1245 = CARTESIAN_POINT('',(-0.224399467284,28.));
#1246 = CARTESIAN_POINT('',(0.,28.));
#1247 = ( GEOMETRIC_REPRESENTATION_CONTEXT(2) 
PARAMETRIC_REPRESENTATION_CONTEXT() REPRESENTATION_CONTEXT('2D SPACE',''
  ) );
#1248 = PCURVE('',#1249,#1322);
#1249 = B_SPLINE_SURFACE_WITH_KNOTS('',7,8,(
    (#1250,#1251,#1252,#1253,#1254,#1255,#1256,#1257,#1258)
    ,(#1259,#1260,#1261,#1262,#1263,#1264,#1265,#1266,#1267)
    ,(#1268,#1269,#1270,#1271,#1272,#1273,#1274,#1275,#1276)
    ,(#1277,#1278,#1279,#1280,#1281,#1282,#1283,#1284,#1285)
    ,(#1286,#1287,#1288,#1289,#1290,#1291,#1292,#1293,#1294)
    ,(#1295,#1296,#1297,#1298,#1299,#1300,#1301,#1302,#1303)
    ,(#1304,#1305,#1306,#1307,#1308,#1309,#1310,#1311,#1312)
    ,(#1313,#1314,#1315,#1316,#1317,#1318,#1319,#1320,#1321
  )),.UNSPECIFIED.,.F.,.F.,.F.,(8,8),(9,9),(0.,1.),(0.,1.),
  .PIECEWISE_BEZIER_KNOTS.);
#1250 = CARTESIAN_POINT('',(59.5,13.,9.));
#1251 = CARTESIAN_POINT('',(59.5625,13.392699081699,9.));
#1252 = CARTESIAN_POINT('',(59.625,13.785398287008,9.088121577922));
#1253 = CARTESIAN_POINT('',(59.6875,14.15502646867,9.264363868257));
#1254 = CARTESIAN_POINT('',(59.75,14.47851751156,9.52148248844));
#1255 = CARTESIAN_POINT('',(59.8125,14.735636131743,9.84497353133));
#1256 = CARTESIAN_POINT('',(59.875,14.911878422078,10.214601712992));
#1257 = CARTESIAN_POINT('',(59.9375,15.,10.607300918301));
#1258 = CARTESIAN_POINT('',(60.,15.,11.));
#1259 = CARTESIAN_POINT('',(59.163400799074,13.,9.));
#1260 = CARTESIAN_POINT('',(59.232261413476,13.392699081699,
    8.992987516647));
#1261 = CARTESIAN_POINT('',(59.313710824723,13.801384948822,
    9.078181219728));
#1262 = CARTESIAN_POINT('',(59.407748909172,14.193404262012,
    9.266535686364));
#1263 = CARTESIAN_POINT('',(59.513340755029,14.524255965454,
    9.552526499555));
#1264 = CARTESIAN_POINT('',(59.628414375557,14.762736913952,
    9.890896613859));
#1265 = CARTESIAN_POINT('',(59.75007901591,14.921093508385,
    10.253312511976));
#1266 = CARTESIAN_POINT('',(59.875039516784,15.,10.627686501401));
#1267 = CARTESIAN_POINT('',(60.,15.,11.));
#1268 = CARTESIAN_POINT('',(58.826803175761,13.,9.088123333497));
#1269 = CARTESIAN_POINT('',(58.878411354488,13.392699081698,
    9.066219882162));
#1270 = CARTESIAN_POINT('',(58.921830628338,13.812042723363,
    9.192553956392));
#1271 = CARTESIAN_POINT('',(59.03739490458,14.218989457573,
    9.391491757885));
#1272 = CARTESIAN_POINT('',(59.196823534842,14.554748268051,
    9.683690829498));
#1273 = CARTESIAN_POINT('',(59.383076278696,14.780804102091,
    10.012449130741));
#1274 = CARTESIAN_POINT('',(59.583935303645,14.927236899256,
    10.34690439777));
#1275 = CARTESIAN_POINT('',(59.766671955308,15.,10.708004129467));
#1276 = CARTESIAN_POINT('',(60.,15.,11.));
#1277 = CARTESIAN_POINT('',(58.517879614613,13.000000000001,
    9.264355903316));
#1278 = CARTESIAN_POINT('',(58.530356700788,13.392699081699,
    9.242354140299));
#1279 = CARTESIAN_POINT('',(58.597244728102,13.817371610635,
    9.338963309943));
#1280 = CARTESIAN_POINT('',(58.747944891517,14.231782055355,
    9.519876718391));
#1281 = CARTESIAN_POINT('',(58.967795994818,14.56999441935,
    9.789349055583));
#1282 = CARTESIAN_POINT('',(59.219884618773,14.789837696161,
    10.094036592262));
#1283 = CARTESIAN_POINT('',(59.481982442025,14.930308594692,
    10.403851398148));
#1284 = CARTESIAN_POINT('',(59.737341994465,15.,10.723309123605));
#1285 = CARTESIAN_POINT('',(60.,15.,11.));
#1286 = CARTESIAN_POINT('',(58.264355903314,13.,9.51787961461));
#1287 = CARTESIAN_POINT('',(58.242354140298,13.392699081698,
    9.530356700786));
#1288 = CARTESIAN_POINT('',(58.338963309942,13.817371610634,
    9.597244728101));
#1289 = CARTESIAN_POINT('',(58.51987671839,14.231782055354,
    9.747944891516));
#1290 = CARTESIAN_POINT('',(58.789349055583,14.569994419349,
    9.967795994817));
#1291 = CARTESIAN_POINT('',(59.094036592261,14.789837696161,
    10.219884618773));
#1292 = CARTESIAN_POINT('',(59.403851398148,14.930308594692,
    10.481982442024));
#1293 = CARTESIAN_POINT('',(59.723309123605,15.,10.737341994464));
#1294 = CARTESIAN_POINT('',(60.,15.,11.));
#1295 = CARTESIAN_POINT('',(58.088123333497,13.,9.826803175762));
#1296 = CARTESIAN_POINT('',(58.066219882163,13.392699081699,
    9.878411354489));
#1297 = CARTESIAN_POINT('',(58.192553956393,13.812042723364,
    9.921830628338));
#1298 = CARTESIAN_POINT('',(58.391491757886,14.218989457574,
    10.03739490458));
#1299 = CARTESIAN_POINT('',(58.683690829498,14.554748268051,
    10.196823534843));
#1300 = CARTESIAN_POINT('',(59.012449130741,14.780804102091,
    10.383076278696));
#1301 = CARTESIAN_POINT('',(59.34690439777,14.927236899256,
    10.583935303646));
#1302 = CARTESIAN_POINT('',(59.708004129467,15.,10.766671955308));
#1303 = CARTESIAN_POINT('',(60.,15.,11.));
#1304 = CARTESIAN_POINT('',(58.,13.,10.163400799074));
#1305 = CARTESIAN_POINT('',(57.992987516647,13.392699081699,
    10.232261413475));
#1306 = CARTESIAN_POINT('',(58.078181219728,13.801384948822,
    10.313710824723));
#1307 = CARTESIAN_POINT('',(58.266535686364,14.193404262012,
    10.407748909172));
#1308 = CARTESIAN_POINT('',(58.552526499555,14.524255965455,
    10.513340755028));
#1309 = CARTESIAN_POINT('',(58.890896613859,14.762736913952,
    10.628414375557));
#1310 = CARTESIAN_POINT('',(59.253312511976,14.921093508385,
    10.75007901591));
#1311 = CARTESIAN_POINT('',(59.627686501401,15.,10.875039516784));
#1312 = CARTESIAN_POINT('',(60.,15.,11.));
#1313 = CARTESIAN_POINT('',(58.,13.,10.5));
#1314 = CARTESIAN_POINT('',(58.,13.392699081699,10.5625));
#1315 = CARTESIAN_POINT('',(58.088121577922,13.785398287009,10.625));
#1316 = CARTESIAN_POINT('',(58.264363868257,14.15502646867,10.6875));
#1317 = CARTESIAN_POINT('',(58.52148248844,14.47851751156,10.75));
#1318 = CARTESIAN_POINT('',(58.84497353133,14.735636131742,10.8125));
#1319 = CARTESIAN_POINT('',(59.214601712992,14.911878422078,10.875));
#1320 = CARTESIAN_POINT('',(59.607300918301,15.,10.9375));
#1321 = CARTESIAN_POINT('',(60.,15.,11.));
#1322 = DEFINITIONAL_REPRESENTATION('',(#1323),#1327);
#1323 = LINE('',#1324,#1325);
#1324 = CARTESIAN_POINT('',(0.,0.));
#1325 = VECTOR('',#1326,1.);
#1326 = DIRECTION('',(1.,0.));
#1327 = ( GEOMETRIC_REPRESENTATION_CONTEXT(2) 
PARAMETRIC_REPRESENTATION_CONTEXT() REPRESENTATION_CONTEXT('2D SPACE',''
  ) );
#1328 = ADVANCED_FACE('',(#1329),#541,.T.);
#1329 = FACE_BOUND('',#1330,.F.);
#1330 = EDGE_LOOP('',(#1331,#1432,#1460,#1559));
#1331 = ORIENTED_EDGE('',*,*,#1332,.T.);
#1332 = EDGE_CURVE('',#406,#1333,#1335,.T.);
#1333 = VERTEX_POINT('',#1334);
#1334 = CARTESIAN_POINT('',(60.,15.,-11.));
#1335 = SURFACE_CURVE('',#1336,(#1346,#1352),.PCURVE_S1.);
#1336 = B_SPLINE_CURVE_WITH_KNOTS('',8,(#1337,#1338,#1339,#1340,#1341,
    #1342,#1343,#1344,#1345),.UNSPECIFIED.,.F.,.F.,(9,9),(0.,1.),
  .PIECEWISE_BEZIER_KNOTS.);
#1337 = CARTESIAN_POINT('',(59.5,13.,-9.));
#1338 = CARTESIAN_POINT('',(59.5625,13.392699081699,-9.));
#1339 = CARTESIAN_POINT('',(59.625,13.785398287008,-9.088121577922));
#1340 = CARTESIAN_POINT('',(59.6875,14.15502646867,-9.264363868257));
#1341 = CARTESIAN_POINT('',(59.75,14.47851751156,-9.52148248844));
#1342 = CARTESIAN_POINT('',(59.8125,14.735636131743,-9.84497353133));
#1343 = CARTESIAN_POINT('',(59.875,14.911878422078,-10.21460171299));
#1344 = CARTESIAN_POINT('',(59.9375,15.,-10.6073009183));
#1345 = CARTESIAN_POINT('',(60.,15.,-11.));
#1346 = PCURVE('',#541,#1347);
#1347 = DEFINITIONAL_REPRESENTATION('',(#1348),#1351);
#1348 = B_SPLINE_CURVE_WITH_KNOTS('',1,(#1349,#1350),.UNSPECIFIED.,.F.,
  .F.,(2,2),(0.,1.),.PIECEWISE_BEZIER_KNOTS.);
#1349 = CARTESIAN_POINT('',(0.,0.));
#1350 = CARTESIAN_POINT('',(-1.570796326795,0.5));
#1351 = ( GEOMETRIC_REPRESENTATION_CONTEXT(2) 
PARAMETRIC_REPRESENTATION_CONTEXT() REPRESENTATION_CONTEXT('2D SPACE',''
  ) );
#1352 = PCURVE('',#1353,#1426);
#1353 = B_SPLINE_SURFACE_WITH_KNOTS('',7,8,(
    (#1354,#1355,#1356,#1357,#1358,#1359,#1360,#1361,#1362)
    ,(#1363,#1364,#1365,#1366,#1367,#1368,#1369,#1370,#1371)
    ,(#1372,#1373,#1374,#1375,#1376,#1377,#1378,#1379,#1380)
    ,(#1381,#1382,#1383,#1384,#1385,#1386,#1387,#1388,#1389)
    ,(#1390,#1391,#1392,#1393,#1394,#1395,#1396,#1397,#1398)
    ,(#1399,#1400,#1401,#1402,#1403,#1404,#1405,#1406,#1407)
    ,(#1408,#1409,#1410,#1411,#1412,#1413,#1414,#1415,#1416)
    ,(#1417,#1418,#1419,#1420,#1421,#1422,#1423,#1424,#1425
  )),.UNSPECIFIED.,.F.,.F.,.F.,(8,8),(9,9),(0.,1.),(0.,1.),
  .PIECEWISE_BEZIER_KNOTS.);
#1354 = CARTESIAN_POINT('',(58.,13.,-10.5));
#1355 = CARTESIAN_POINT('',(58.,13.392699081699,-10.5625));
#1356 = CARTESIAN_POINT('',(58.088121577922,13.785398287008,-10.625));
#1357 = CARTESIAN_POINT('',(58.264363868257,14.15502646867,-10.6875));
#1358 = CARTESIAN_POINT('',(58.52148248844,14.47851751156,-10.75));
#1359 = CARTESIAN_POINT('',(58.84497353133,14.735636131743,-10.8125));
#1360 = CARTESIAN_POINT('',(59.214601712992,14.911878422078,-10.875));
#1361 = CARTESIAN_POINT('',(59.607300918301,15.,-10.9375));
#1362 = CARTESIAN_POINT('',(60.,15.,-11.));
#1363 = CARTESIAN_POINT('',(58.,13.,-10.16340079907));
#1364 = CARTESIAN_POINT('',(57.992987516647,13.392699081699,
    -10.23226141347));
#1365 = CARTESIAN_POINT('',(58.078181219728,13.801384948822,
    -10.31371082472));
#1366 = CARTESIAN_POINT('',(58.266535686364,14.193404262012,
    -10.40774890917));
#1367 = CARTESIAN_POINT('',(58.552526499555,14.524255965455,
    -10.51334075502));
#1368 = CARTESIAN_POINT('',(58.890896613859,14.762736913952,
    -10.62841437555));
#1369 = CARTESIAN_POINT('',(59.253312511976,14.921093508385,
    -10.75007901591));
#1370 = CARTESIAN_POINT('',(59.627686501401,15.,-10.87503951678));
#1371 = CARTESIAN_POINT('',(60.,15.,-11.));
#1372 = CARTESIAN_POINT('',(58.088123333497,13.,-9.826803175761));
#1373 = CARTESIAN_POINT('',(58.066219882163,13.392699081698,
    -9.878411354488));
#1374 = CARTESIAN_POINT('',(58.192553956393,13.812042723363,
    -9.921830628338));
#1375 = CARTESIAN_POINT('',(58.391491757886,14.218989457574,
    -10.03739490457));
#1376 = CARTESIAN_POINT('',(58.683690829498,14.554748268051,
    -10.19682353484));
#1377 = CARTESIAN_POINT('',(59.012449130741,14.780804102091,
    -10.38307627869));
#1378 = CARTESIAN_POINT('',(59.34690439777,14.927236899256,
    -10.58393530364));
#1379 = CARTESIAN_POINT('',(59.708004129467,15.,-10.7666719553));
#1380 = CARTESIAN_POINT('',(60.,15.,-11.));
#1381 = CARTESIAN_POINT('',(58.264355903314,13.,-9.517879614613));
#1382 = CARTESIAN_POINT('',(58.242354140298,13.392699081699,
    -9.530356700788));
#1383 = CARTESIAN_POINT('',(58.338963309942,13.817371610635,
    -9.597244728102));
#1384 = CARTESIAN_POINT('',(58.51987671839,14.231782055355,
    -9.747944891517));
#1385 = CARTESIAN_POINT('',(58.789349055583,14.569994419349,
    -9.967795994818));
#1386 = CARTESIAN_POINT('',(59.094036592261,14.789837696161,
    -10.21988461877));
#1387 = CARTESIAN_POINT('',(59.403851398148,14.930308594692,
    -10.48198244202));
#1388 = CARTESIAN_POINT('',(59.723309123605,15.,-10.73734199446));
#1389 = CARTESIAN_POINT('',(60.,15.,-11.));
#1390 = CARTESIAN_POINT('',(58.517879614613,13.,-9.264355903314));
#1391 = CARTESIAN_POINT('',(58.530356700788,13.392699081698,
    -9.242354140298));
#1392 = CARTESIAN_POINT('',(58.597244728102,13.817371610634,
    -9.338963309942));
#1393 = CARTESIAN_POINT('',(58.747944891517,14.231782055354,
    -9.51987671839));
#1394 = CARTESIAN_POINT('',(58.967795994818,14.569994419349,
    -9.789349055583));
#1395 = CARTESIAN_POINT('',(59.219884618773,14.789837696161,
    -10.09403659226));
#1396 = CARTESIAN_POINT('',(59.481982442025,14.930308594692,
    -10.40385139814));
#1397 = CARTESIAN_POINT('',(59.737341994465,15.,-10.7233091236));
#1398 = CARTESIAN_POINT('',(60.,15.,-11.));
#1399 = CARTESIAN_POINT('',(58.826803175761,13.,-9.088123333497));
#1400 = CARTESIAN_POINT('',(58.878411354488,13.392699081699,
    -9.066219882163));
#1401 = CARTESIAN_POINT('',(58.921830628337,13.812042723364,
    -9.192553956393));
#1402 = CARTESIAN_POINT('',(59.037394904579,14.218989457574,
    -9.391491757886));
#1403 = CARTESIAN_POINT('',(59.196823534842,14.554748268051,
    -9.683690829498));
#1404 = CARTESIAN_POINT('',(59.383076278696,14.780804102091,
    -10.01244913074));
#1405 = CARTESIAN_POINT('',(59.583935303645,14.927236899256,
    -10.34690439777));
#1406 = CARTESIAN_POINT('',(59.766671955308,15.,-10.70800412946));
#1407 = CARTESIAN_POINT('',(60.,15.,-11.));
#1408 = CARTESIAN_POINT('',(59.163400799074,13.,-9.));
#1409 = CARTESIAN_POINT('',(59.232261413476,13.392699081699,
    -8.992987516647));
#1410 = CARTESIAN_POINT('',(59.313710824723,13.801384948822,
    -9.078181219728));
#1411 = CARTESIAN_POINT('',(59.407748909173,14.193404262012,
    -9.266535686364));
#1412 = CARTESIAN_POINT('',(59.513340755029,14.524255965454,
    -9.552526499555));
#1413 = CARTESIAN_POINT('',(59.628414375557,14.762736913952,
    -9.890896613859));
#1414 = CARTESIAN_POINT('',(59.75007901591,14.921093508385,
    -10.25331251197));
#1415 = CARTESIAN_POINT('',(59.875039516784,15.,-10.6276865014));
#1416 = CARTESIAN_POINT('',(60.,15.,-11.));
#1417 = CARTESIAN_POINT('',(59.5,13.,-9.));
#1418 = CARTESIAN_POINT('',(59.5625,13.392699081699,-9.));
#1419 = CARTESIAN_POINT('',(59.625,13.785398287008,-9.088121577922));
#1420 = CARTESIAN_POINT('',(59.6875,14.15502646867,-9.264363868257));
#1421 = CARTESIAN_POINT('',(59.75,14.47851751156,-9.52148248844));
#1422 = CARTESIAN_POINT('',(59.8125,14.735636131743,-9.84497353133));
#1423 = CARTESIAN_POINT('',(59.875,14.911878422078,-10.21460171299));
#1424 = CARTESIAN_POINT('',(59.9375,15.,-10.6073009183));
#1425 = CARTESIAN_POINT('',(60.,15.,-11.));
#1426 = DEFINITIONAL_REPRESENTATION('',(#1427),#1431);
#1427 = LINE('',#1428,#1429);
#1428 = CARTESIAN_POINT('',(1.,0.));
#1429 = VECTOR('',#1430,1.);
#1430 = DIRECTION('',(0.,1.));
#1431 = ( GEOMETRIC_REPRESENTATION_CONTEXT(2) 
PARAMETRIC_REPRESENTATION_CONTEXT() REPRESENTATION_CONTEXT('2D SPACE',''
  ) );
#1432 = ORIENTED_EDGE('',*,*,#1433,.T.);
#1433 = EDGE_CURVE('',#1333,#1434,#1436,.T.);
#1434 = VERTEX_POINT('',#1435);
#1435 = CARTESIAN_POINT('',(78.,15.,-11.));
#1436 = SURFACE_CURVE('',#1437,(#1441,#1448),.PCURVE_S1.);
#1437 = LINE('',#1438,#1439);
#1438 = CARTESIAN_POINT('',(59.5,15.,-11.));
#1439 = VECTOR('',#1440,1.);
#1440 = DIRECTION('',(1.,0.,0.));
#1441 = PCURVE('',#541,#1442);
#1442 = DEFINITIONAL_REPRESENTATION('',(#1443),#1447);
#1443 = LINE('',#1444,#1445);
#1444 = CARTESIAN_POINT('',(-1.570796326795,0.));
#1445 = VECTOR('',#1446,1.);
#1446 = DIRECTION('',(-0.,1.));
#1447 = ( GEOMETRIC_REPRESENTATION_CONTEXT(2) 
PARAMETRIC_REPRESENTATION_CONTEXT() REPRESENTATION_CONTEXT('2D SPACE',''
  ) );
#1448 = PCURVE('',#1449,#1454);
#1449 = PLANE('',#1450);
#1450 = AXIS2_PLACEMENT_3D('',#1451,#1452,#1453);
#1451 = CARTESIAN_POINT('',(58.,15.,-16.));
#1452 = DIRECTION('',(0.,1.,0.));
#1453 = DIRECTION('',(0.,0.,1.));
#1454 = DEFINITIONAL_REPRESENTATION('',(#1455),#1459);
#1455 = LINE('',#1456,#1457);
#1456 = CARTESIAN_POINT('',(5.,1.5));
#1457 = VECTOR('',#1458,1.);
#1458 = DIRECTION('',(0.,1.));
#1459 = ( GEOMETRIC_REPRESENTATION_CONTEXT(2) 
PARAMETRIC_REPRESENTATION_CONTEXT() REPRESENTATION_CONTEXT('2D SPACE',''
  ) );
#1460 = ORIENTED_EDGE('',*,*,#1461,.F.);
#1461 = EDGE_CURVE('',#505,#1434,#1462,.T.);
#1462 = SURFACE_CURVE('',#1463,(#1470,#1476),.PCURVE_S1.);
#1463 = B_SPLINE_CURVE_WITH_KNOTS('',5,(#1464,#1465,#1466,#1467,#1468,
    #1469),.UNSPECIFIED.,.F.,.F.,(6,6),(0.,1.),
  .PIECEWISE_BEZIER_KNOTS.);
#1464 = CARTESIAN_POINT('',(78.5,13.,-9.));
#1465 = CARTESIAN_POINT('',(78.4,13.628318530718,-9.));
#1466 = CARTESIAN_POINT('',(78.3,14.257223286726,-9.246030008092));
#1467 = CARTESIAN_POINT('',(78.2,14.753969991908,-9.742776713274));
#1468 = CARTESIAN_POINT('',(78.1,15.,-10.37168146928));
#1469 = CARTESIAN_POINT('',(78.,15.,-11.));
#1470 = PCURVE('',#541,#1471);
#1471 = DEFINITIONAL_REPRESENTATION('',(#1472),#1475);
#1472 = B_SPLINE_CURVE_WITH_KNOTS('',1,(#1473,#1474),.UNSPECIFIED.,.F.,
  .F.,(2,2),(0.,1.),.PIECEWISE_BEZIER_KNOTS.);
#1473 = CARTESIAN_POINT('',(1.465494392505E-14,19.));
#1474 = CARTESIAN_POINT('',(-1.570796326795,18.5));
#1475 = ( GEOMETRIC_REPRESENTATION_CONTEXT(2) 
PARAMETRIC_REPRESENTATION_CONTEXT() REPRESENTATION_CONTEXT('2D SPACE',''
  ) );
#1476 = PCURVE('',#1477,#1550);
#1477 = B_SPLINE_SURFACE_WITH_KNOTS('',7,8,(
    (#1478,#1479,#1480,#1481,#1482,#1483,#1484,#1485,#1486)
    ,(#1487,#1488,#1489,#1490,#1491,#1492,#1493,#1494,#1495)
    ,(#1496,#1497,#1498,#1499,#1500,#1501,#1502,#1503,#1504)
    ,(#1505,#1506,#1507,#1508,#1509,#1510,#1511,#1512,#1513)
    ,(#1514,#1515,#1516,#1517,#1518,#1519,#1520,#1521,#1522)
    ,(#1523,#1524,#1525,#1526,#1527,#1528,#1529,#1530,#1531)
    ,(#1532,#1533,#1534,#1535,#1536,#1537,#1538,#1539,#1540)
    ,(#1541,#1542,#1543,#1544,#1545,#1546,#1547,#1548,#1549
  )),.UNSPECIFIED.,.F.,.F.,.F.,(8,8),(9,9),(0.,1.),(0.,1.),
  .PIECEWISE_BEZIER_KNOTS.);
#1478 = CARTESIAN_POINT('',(78.5,13.,-9.));
#1479 = CARTESIAN_POINT('',(78.4375,13.392699081699,-9.));
#1480 = CARTESIAN_POINT('',(78.375,13.785398287008,-9.088121577922));
#1481 = CARTESIAN_POINT('',(78.3125,14.15502646867,-9.264363868257));
#1482 = CARTESIAN_POINT('',(78.25,14.47851751156,-9.52148248844));
#1483 = CARTESIAN_POINT('',(78.1875,14.735636131743,-9.84497353133));
#1484 = CARTESIAN_POINT('',(78.125,14.911878422078,-10.21460171299));
#1485 = CARTESIAN_POINT('',(78.0625,15.,-10.6073009183));
#1486 = CARTESIAN_POINT('',(78.,15.,-11.));
#1487 = CARTESIAN_POINT('',(78.836599200926,13.,-9.));
#1488 = CARTESIAN_POINT('',(78.767738586524,13.392699081699,
    -8.992987516647));
#1489 = CARTESIAN_POINT('',(78.686289175277,13.801384948822,
    -9.078181219728));
#1490 = CARTESIAN_POINT('',(78.592251090828,14.193404262012,
    -9.266535686364));
#1491 = CARTESIAN_POINT('',(78.486659244971,14.524255965454,
    -9.552526499555));
#1492 = CARTESIAN_POINT('',(78.371585624443,14.762736913952,
    -9.890896613859));
#1493 = CARTESIAN_POINT('',(78.24992098409,14.921093508385,
    -10.25331251197));
#1494 = CARTESIAN_POINT('',(78.124960483216,15.,-10.6276865014));
#1495 = CARTESIAN_POINT('',(78.,15.,-11.));
#1496 = CARTESIAN_POINT('',(79.173196824239,13.,-9.088123333497));
#1497 = CARTESIAN_POINT('',(79.121588645512,13.392699081698,
    -9.066219882162));
#1498 = CARTESIAN_POINT('',(79.078169371662,13.812042723363,
    -9.192553956392));
#1499 = CARTESIAN_POINT('',(78.96260509542,14.218989457574,
    -9.391491757886));
#1500 = CARTESIAN_POINT('',(78.803176465157,14.554748268051,
    -9.683690829498));
#1501 = CARTESIAN_POINT('',(78.616923721304,14.780804102091,
    -10.01244913074));
#1502 = CARTESIAN_POINT('',(78.416064696355,14.927236899256,
    -10.34690439777));
#1503 = CARTESIAN_POINT('',(78.233328044692,15.,-10.70800412946));
#1504 = CARTESIAN_POINT('',(78.,15.,-11.));
#1505 = CARTESIAN_POINT('',(79.482120385388,13.,-9.264355903315));
#1506 = CARTESIAN_POINT('',(79.469643299213,13.392699081699,
    -9.242354140299));
#1507 = CARTESIAN_POINT('',(79.402755271898,13.817371610635,
    -9.338963309943));
#1508 = CARTESIAN_POINT('',(79.252055108483,14.231782055355,
    -9.519876718391));
#1509 = CARTESIAN_POINT('',(79.032204005182,14.569994419349,
    -9.789349055583));
#1510 = CARTESIAN_POINT('',(78.780115381227,14.789837696161,
    -10.09403659226));
#1511 = CARTESIAN_POINT('',(78.518017557975,14.930308594692,
    -10.40385139814));
#1512 = CARTESIAN_POINT('',(78.262658005535,15.,-10.7233091236));
#1513 = CARTESIAN_POINT('',(78.,15.,-11.));
#1514 = CARTESIAN_POINT('',(79.735644096685,13.,-9.517879614611));
#1515 = CARTESIAN_POINT('',(79.757645859702,13.392699081699,
    -9.530356700786));
#1516 = CARTESIAN_POINT('',(79.661036690057,13.817371610634,
    -9.597244728101));
#1517 = CARTESIAN_POINT('',(79.48012328161,14.231782055354,
    -9.747944891516));
#1518 = CARTESIAN_POINT('',(79.210650944417,14.569994419349,
    -9.967795994817));
#1519 = CARTESIAN_POINT('',(78.905963407739,14.789837696161,
    -10.21988461877));
#1520 = CARTESIAN_POINT('',(78.596148601852,14.930308594692,
    -10.48198244202));
#1521 = CARTESIAN_POINT('',(78.276690876395,15.,-10.73734199446));
#1522 = CARTESIAN_POINT('',(78.,15.,-11.));
#1523 = CARTESIAN_POINT('',(79.911876666503,13.,-9.826803175762));
#1524 = CARTESIAN_POINT('',(79.933780117837,13.392699081699,
    -9.878411354489));
#1525 = CARTESIAN_POINT('',(79.807446043607,13.812042723364,
    -9.921830628338));
#1526 = CARTESIAN_POINT('',(79.608508242115,14.218989457574,
    -10.03739490458));
#1527 = CARTESIAN_POINT('',(79.316309170502,14.554748268051,
    -10.19682353484));
#1528 = CARTESIAN_POINT('',(78.987550869259,14.780804102091,
    -10.38307627869));
#1529 = CARTESIAN_POINT('',(78.65309560223,14.927236899256,
    -10.58393530364));
#1530 = CARTESIAN_POINT('',(78.291995870533,15.,-10.7666719553));
#1531 = CARTESIAN_POINT('',(78.,15.,-11.));
#1532 = CARTESIAN_POINT('',(80.,13.,-10.16340079907));
#1533 = CARTESIAN_POINT('',(80.007012483353,13.392699081699,
    -10.23226141347));
#1534 = CARTESIAN_POINT('',(79.921818780271,13.801384948822,
    -10.31371082472));
#1535 = CARTESIAN_POINT('',(79.733464313636,14.193404262012,
    -10.40774890917));
#1536 = CARTESIAN_POINT('',(79.447473500444,14.524255965454,
    -10.51334075502));
#1537 = CARTESIAN_POINT('',(79.109103386141,14.762736913952,
    -10.62841437555));
#1538 = CARTESIAN_POINT('',(78.746687488023,14.921093508385,
    -10.75007901591));
#1539 = CARTESIAN_POINT('',(78.372313498599,15.,-10.87503951678));
#1540 = CARTESIAN_POINT('',(78.,15.,-11.));
#1541 = CARTESIAN_POINT('',(80.,13.,-10.5));
#1542 = CARTESIAN_POINT('',(80.,13.392699081699,-10.5625));
#1543 = CARTESIAN_POINT('',(79.911878422077,13.785398287008,-10.625));
#1544 = CARTESIAN_POINT('',(79.735636131743,14.15502646867,-10.6875));
#1545 = CARTESIAN_POINT('',(79.478517511559,14.47851751156,-10.75));
#1546 = CARTESIAN_POINT('',(79.155026468671,14.735636131743,-10.8125));
#1547 = CARTESIAN_POINT('',(78.785398287008,14.911878422078,-10.875));
#1548 = CARTESIAN_POINT('',(78.392699081699,15.,-10.9375));
#1549 = CARTESIAN_POINT('',(78.,15.,-11.));
#1550 = DEFINITIONAL_REPRESENTATION('',(#1551),#1558);
#1551 = B_SPLINE_CURVE_WITH_KNOTS('',5,(#1552,#1553,#1554,#1555,#1556,
    #1557),.UNSPECIFIED.,.F.,.F.,(6,6),(0.,1.),
  .PIECEWISE_BEZIER_KNOTS.);
#1552 = CARTESIAN_POINT('',(0.,0.));
#1553 = CARTESIAN_POINT('',(0.,0.2));
#1554 = CARTESIAN_POINT('',(0.,0.400033489672));
#1555 = CARTESIAN_POINT('',(0.,0.599966510328));
#1556 = CARTESIAN_POINT('',(0.,0.8));
#1557 = CARTESIAN_POINT('',(0.,1.));
#1558 = ( GEOMETRIC_REPRESENTATION_CONTEXT(2) 
PARAMETRIC_REPRESENTATION_CONTEXT() REPRESENTATION_CONTEXT('2D SPACE',''
  ) );
#1559 = ORIENTED_EDGE('',*,*,#527,.F.);
#1560 = ADVANCED_FACE('',(#1561),#446,.T.);
#1561 = FACE_BOUND('',#1562,.F.);
#1562 = EDGE_LOOP('',(#1563,#1664,#1692,#1718));
#1563 = ORIENTED_EDGE('',*,*,#1564,.T.);
#1564 = EDGE_CURVE('',#431,#1565,#1567,.T.);
#1565 = VERTEX_POINT('',#1566);
#1566 = CARTESIAN_POINT('',(78.,15.,11.));
#1567 = SURFACE_CURVE('',#1568,(#1578,#1584),.PCURVE_S1.);
#1568 = B_SPLINE_CURVE_WITH_KNOTS('',8,(#1569,#1570,#1571,#1572,#1573,
    #1574,#1575,#1576,#1577),.UNSPECIFIED.,.F.,.F.,(9,9),(0.,1.),
  .PIECEWISE_BEZIER_KNOTS.);
#1569 = CARTESIAN_POINT('',(78.5,13.,9.));
#1570 = CARTESIAN_POINT('',(78.4375,13.392699081699,9.));
#1571 = CARTESIAN_POINT('',(78.375,13.785398287008,9.088121577922));
#1572 = CARTESIAN_POINT('',(78.3125,14.15502646867,9.264363868257));
#1573 = CARTESIAN_POINT('',(78.25,14.47851751156,9.52148248844));
#1574 = CARTESIAN_POINT('',(78.1875,14.735636131743,9.84497353133));
#1575 = CARTESIAN_POINT('',(78.125,14.911878422078,10.214601712992));
#1576 = CARTESIAN_POINT('',(78.0625,15.,10.607300918301));
#1577 = CARTESIAN_POINT('',(78.,15.,11.));
#1578 = PCURVE('',#446,#1579);
#1579 = DEFINITIONAL_REPRESENTATION('',(#1580),#1583);
#1580 = B_SPLINE_CURVE_WITH_KNOTS('',1,(#1581,#1582),.UNSPECIFIED.,.F.,
  .F.,(2,2),(0.,1.),.PIECEWISE_BEZIER_KNOTS.);
#1581 = CARTESIAN_POINT('',(0.,0.));
#1582 = CARTESIAN_POINT('',(-1.570796326795,0.5));
#1583 = ( GEOMETRIC_REPRESENTATION_CONTEXT(2) 
PARAMETRIC_REPRESENTATION_CONTEXT() REPRESENTATION_CONTEXT('2D SPACE',''
  ) );
#1584 = PCURVE('',#1585,#1658);
#1585 = B_SPLINE_SURFACE_WITH_KNOTS('',7,8,(
    (#1586,#1587,#1588,#1589,#1590,#1591,#1592,#1593,#1594)
    ,(#1595,#1596,#1597,#1598,#1599,#1600,#1601,#1602,#1603)
    ,(#1604,#1605,#1606,#1607,#1608,#1609,#1610,#1611,#1612)
    ,(#1613,#1614,#1615,#1616,#1617,#1618,#1619,#1620,#1621)
    ,(#1622,#1623,#1624,#1625,#1626,#1627,#1628,#1629,#1630)
    ,(#1631,#1632,#1633,#1634,#1635,#1636,#1637,#1638,#1639)
    ,(#1640,#1641,#1642,#1643,#1644,#1645,#1646,#1647,#1648)
    ,(#1649,#1650,#1651,#1652,#1653,#1654,#1655,#1656,#1657
  )),.UNSPECIFIED.,.F.,.F.,.F.,(8,8),(9,9),(0.,1.),(0.,1.),
  .PIECEWISE_BEZIER_KNOTS.);
#1586 = CARTESIAN_POINT('',(80.,13.,10.5));
#1587 = CARTESIAN_POINT('',(80.,13.392699081699,10.5625));
#1588 = CARTESIAN_POINT('',(79.911878422077,13.785398287008,10.625));
#1589 = CARTESIAN_POINT('',(79.735636131743,14.15502646867,10.6875));
#1590 = CARTESIAN_POINT('',(79.478517511559,14.47851751156,10.75));
#1591 = CARTESIAN_POINT('',(79.155026468671,14.735636131743,10.8125));
#1592 = CARTESIAN_POINT('',(78.785398287008,14.911878422078,10.875));
#1593 = CARTESIAN_POINT('',(78.392699081699,15.,10.9375));
#1594 = CARTESIAN_POINT('',(78.,15.,11.));
#1595 = CARTESIAN_POINT('',(80.,13.,10.163400799074));
#1596 = CARTESIAN_POINT('',(80.007012483353,13.392699081699,
    10.232261413476));
#1597 = CARTESIAN_POINT('',(79.921818780271,13.801384948822,
    10.313710824723));
#1598 = CARTESIAN_POINT('',(79.733464313636,14.193404262012,
    10.407748909172));
#1599 = CARTESIAN_POINT('',(79.447473500444,14.524255965455,
    10.513340755029));
#1600 = CARTESIAN_POINT('',(79.109103386141,14.762736913952,
    10.628414375557));
#1601 = CARTESIAN_POINT('',(78.746687488023,14.921093508385,
    10.75007901591));
#1602 = CARTESIAN_POINT('',(78.372313498599,15.,10.875039516784));
#1603 = CARTESIAN_POINT('',(78.,15.,11.));
#1604 = CARTESIAN_POINT('',(79.911876666503,13.,9.826803175761));
#1605 = CARTESIAN_POINT('',(79.933780117837,13.392699081698,
    9.878411354488));
#1606 = CARTESIAN_POINT('',(79.807446043607,13.812042723363,
    9.921830628338));
#1607 = CARTESIAN_POINT('',(79.608508242115,14.218989457574,
    10.03739490458));
#1608 = CARTESIAN_POINT('',(79.316309170502,14.554748268051,
    10.196823534842));
#1609 = CARTESIAN_POINT('',(78.987550869259,14.780804102091,
    10.383076278696));
#1610 = CARTESIAN_POINT('',(78.65309560223,14.927236899256,
    10.583935303645));
#1611 = CARTESIAN_POINT('',(78.291995870533,15.,10.766671955308));
#1612 = CARTESIAN_POINT('',(78.,15.,11.));
#1613 = CARTESIAN_POINT('',(79.735644096685,13.,9.517879614613));
#1614 = CARTESIAN_POINT('',(79.757645859701,13.392699081699,
    9.530356700788));
#1615 = CARTESIAN_POINT('',(79.661036690057,13.817371610635,
    9.597244728102));
#1616 = CARTESIAN_POINT('',(79.48012328161,14.231782055355,
    9.747944891517));
#1617 = CARTESIAN_POINT('',(79.210650944417,14.569994419349,
    9.967795994818));
#1618 = CARTESIAN_POINT('',(78.905963407739,14.789837696161,
    10.219884618773));
#1619 = CARTESIAN_POINT('',(78.596148601852,14.930308594692,
    10.481982442025));
#1620 = CARTESIAN_POINT('',(78.276690876395,15.,10.737341994465));
#1621 = CARTESIAN_POINT('',(78.,15.,11.));
#1622 = CARTESIAN_POINT('',(79.482120385389,13.,9.264355903314));
#1623 = CARTESIAN_POINT('',(79.469643299214,13.392699081699,
    9.242354140298));
#1624 = CARTESIAN_POINT('',(79.402755271899,13.817371610634,
    9.338963309942));
#1625 = CARTESIAN_POINT('',(79.252055108484,14.231782055354,
    9.51987671839));
#1626 = CARTESIAN_POINT('',(79.032204005182,14.569994419349,
    9.789349055583));
#1627 = CARTESIAN_POINT('',(78.780115381227,14.789837696161,
    10.094036592261));
#1628 = CARTESIAN_POINT('',(78.518017557975,14.930308594692,
    10.403851398148));
#1629 = CARTESIAN_POINT('',(78.262658005536,15.,10.723309123605));
#1630 = CARTESIAN_POINT('',(78.,15.,11.));
#1631 = CARTESIAN_POINT('',(79.173196824238,13.,9.088123333497));
#1632 = CARTESIAN_POINT('',(79.121588645511,13.392699081699,
    9.066219882163));
#1633 = CARTESIAN_POINT('',(79.078169371662,13.812042723364,
    9.192553956393));
#1634 = CARTESIAN_POINT('',(78.96260509542,14.218989457574,
    9.391491757886));
#1635 = CARTESIAN_POINT('',(78.803176465157,14.554748268051,
    9.683690829498));
#1636 = CARTESIAN_POINT('',(78.616923721304,14.780804102091,
    10.012449130741));
#1637 = CARTESIAN_POINT('',(78.416064696354,14.927236899256,
    10.34690439777));
#1638 = CARTESIAN_POINT('',(78.233328044692,15.,10.708004129467));
#1639 = CARTESIAN_POINT('',(78.,15.,11.));
#1640 = CARTESIAN_POINT('',(78.836599200926,13.,9.));
#1641 = CARTESIAN_POINT('',(78.767738586525,13.392699081699,
    8.992987516647));
#1642 = CARTESIAN_POINT('',(78.686289175277,13.801384948822,
    9.078181219728));
#1643 = CARTESIAN_POINT('',(78.592251090828,14.193404262012,
    9.266535686364));
#1644 = CARTESIAN_POINT('',(78.486659244972,14.524255965454,
    9.552526499555));
#1645 = CARTESIAN_POINT('',(78.371585624443,14.762736913952,
    9.890896613859));
#1646 = CARTESIAN_POINT('',(78.24992098409,14.921093508385,
    10.253312511976));
#1647 = CARTESIAN_POINT('',(78.124960483216,15.,10.627686501401));
#1648 = CARTESIAN_POINT('',(78.,15.,11.));
#1649 = CARTESIAN_POINT('',(78.5,13.,9.));
#1650 = CARTESIAN_POINT('',(78.4375,13.392699081699,9.));
#1651 = CARTESIAN_POINT('',(78.375,13.785398287008,9.088121577922));
#1652 = CARTESIAN_POINT('',(78.3125,14.15502646867,9.264363868257));
#1653 = CARTESIAN_POINT('',(78.25,14.47851751156,9.52148248844));
#1654 = CARTESIAN_POINT('',(78.1875,14.735636131743,9.84497353133));
#1655 = CARTESIAN_POINT('',(78.125,14.911878422078,10.214601712992));
#1656 = CARTESIAN_POINT('',(78.0625,15.,10.607300918301));
#1657 = CARTESIAN_POINT('',(78.,15.,11.));
#1658 = DEFINITIONAL_REPRESENTATION('',(#1659),#1663);
#1659 = LINE('',#1660,#1661);
#1660 = CARTESIAN_POINT('',(1.,0.));
#1661 = VECTOR('',#1662,1.);
#1662 = DIRECTION('',(0.,1.));
#1663 = ( GEOMETRIC_REPRESENTATION_CONTEXT(2) 
PARAMETRIC_REPRESENTATION_CONTEXT() REPRESENTATION_CONTEXT('2D SPACE',''
  ) );
#1664 = ORIENTED_EDGE('',*,*,#1665,.T.);
#1665 = EDGE_CURVE('',#1565,#1666,#1668,.T.);
#1666 = VERTEX_POINT('',#1667);
#1667 = CARTESIAN_POINT('',(60.,15.,11.));
#1668 = SURFACE_CURVE('',#1669,(#1673,#1680),.PCURVE_S1.);
#1669 = LINE('',#1670,#1671);
#1670 = CARTESIAN_POINT('',(78.5,15.,11.));
#1671 = VECTOR('',#1672,1.);
#1672 = DIRECTION('',(-1.,-0.,-0.));
#1673 = PCURVE('',#446,#1674);
#1674 = DEFINITIONAL_REPRESENTATION('',(#1675),#1679);
#1675 = LINE('',#1676,#1677);
#1676 = CARTESIAN_POINT('',(-1.570796326795,0.));
#1677 = VECTOR('',#1678,1.);
#1678 = DIRECTION('',(-0.,1.));
#1679 = ( GEOMETRIC_REPRESENTATION_CONTEXT(2) 
PARAMETRIC_REPRESENTATION_CONTEXT() REPRESENTATION_CONTEXT('2D SPACE',''
  ) );
#1680 = PCURVE('',#1681,#1686);
#1681 = PLANE('',#1682);
#1682 = AXIS2_PLACEMENT_3D('',#1683,#1684,#1685);
#1683 = CARTESIAN_POINT('',(58.,15.,9.));
#1684 = DIRECTION('',(0.,1.,0.));
#1685 = DIRECTION('',(0.,0.,1.));
#1686 = DEFINITIONAL_REPRESENTATION('',(#1687),#1691);
#1687 = LINE('',#1688,#1689);
#1688 = CARTESIAN_POINT('',(2.,20.5));
#1689 = VECTOR('',#1690,1.);
#1690 = DIRECTION('',(0.,-1.));
#1691 = ( GEOMETRIC_REPRESENTATION_CONTEXT(2) 
PARAMETRIC_REPRESENTATION_CONTEXT() REPRESENTATION_CONTEXT('2D SPACE',''
  ) );
#1692 = ORIENTED_EDGE('',*,*,#1693,.F.);
#1693 = EDGE_CURVE('',#352,#1666,#1694,.T.);
#1694 = SURFACE_CURVE('',#1695,(#1702,#1708),.PCURVE_S1.);
#1695 = B_SPLINE_CURVE_WITH_KNOTS('',5,(#1696,#1697,#1698,#1699,#1700,
    #1701),.UNSPECIFIED.,.F.,.F.,(6,6),(0.,1.),
  .PIECEWISE_BEZIER_KNOTS.);
#1696 = CARTESIAN_POINT('',(59.5,13.,9.));
#1697 = CARTESIAN_POINT('',(59.6,13.628318530718,9.));
#1698 = CARTESIAN_POINT('',(59.7,14.257223286726,9.246030008092));
#1699 = CARTESIAN_POINT('',(59.8,14.753969991908,9.742776713274));
#1700 = CARTESIAN_POINT('',(59.9,15.,10.371681469282));
#1701 = CARTESIAN_POINT('',(60.,15.,11.));
#1702 = PCURVE('',#446,#1703);
#1703 = DEFINITIONAL_REPRESENTATION('',(#1704),#1707);
#1704 = B_SPLINE_CURVE_WITH_KNOTS('',1,(#1705,#1706),.UNSPECIFIED.,.F.,
  .F.,(2,2),(0.,1.),.PIECEWISE_BEZIER_KNOTS.);
#1705 = CARTESIAN_POINT('',(3.275157922644E-14,19.));
#1706 = CARTESIAN_POINT('',(-1.570796326795,18.5));
#1707 = ( GEOMETRIC_REPRESENTATION_CONTEXT(2) 
PARAMETRIC_REPRESENTATION_CONTEXT() REPRESENTATION_CONTEXT('2D SPACE',''
  ) );
#1708 = PCURVE('',#1249,#1709);
#1709 = DEFINITIONAL_REPRESENTATION('',(#1710),#1717);
#1710 = B_SPLINE_CURVE_WITH_KNOTS('',5,(#1711,#1712,#1713,#1714,#1715,
    #1716),.UNSPECIFIED.,.F.,.F.,(6,6),(0.,1.),
  .PIECEWISE_BEZIER_KNOTS.);
#1711 = CARTESIAN_POINT('',(0.,-1.665334536938E-16));
#1712 = CARTESIAN_POINT('',(0.,0.2));
#1713 = CARTESIAN_POINT('',(0.,0.400033489672));
#1714 = CARTESIAN_POINT('',(0.,0.599966510328));
#1715 = CARTESIAN_POINT('',(0.,0.8));
#1716 = CARTESIAN_POINT('',(0.,1.));
#1717 = ( GEOMETRIC_REPRESENTATION_CONTEXT(2) 
PARAMETRIC_REPRESENTATION_CONTEXT() REPRESENTATION_CONTEXT('2D SPACE',''
  ) );
#1718 = ORIENTED_EDGE('',*,*,#430,.F.);
#1719 = ADVANCED_FACE('',(#1720),#573,.T.);
#1720 = FACE_BOUND('',#1721,.T.);
#1721 = EDGE_LOOP('',(#1722,#1752,#1783,#1784));
#1722 = ORIENTED_EDGE('',*,*,#1723,.F.);
#1723 = EDGE_CURVE('',#1724,#1726,#1728,.T.);
#1724 = VERTEX_POINT('',#1725);
#1725 = CARTESIAN_POINT('',(58.,-13.,-10.5));
#1726 = VERTEX_POINT('',#1727);
#1727 = CARTESIAN_POINT('',(58.,13.,-10.5));
#1728 = SURFACE_CURVE('',#1729,(#1733,#1740),.PCURVE_S1.);
#1729 = LINE('',#1730,#1731);
#1730 = CARTESIAN_POINT('',(58.,-15.,-10.5));
#1731 = VECTOR('',#1732,1.);
#1732 = DIRECTION('',(0.,1.,0.));
#1733 = PCURVE('',#573,#1734);
#1734 = DEFINITIONAL_REPRESENTATION('',(#1735),#1739);
#1735 = LINE('',#1736,#1737);
#1736 = CARTESIAN_POINT('',(0.,0.));
#1737 = VECTOR('',#1738,1.);
#1738 = DIRECTION('',(0.,1.));
#1739 = ( GEOMETRIC_REPRESENTATION_CONTEXT(2) 
PARAMETRIC_REPRESENTATION_CONTEXT() REPRESENTATION_CONTEXT('2D SPACE',''
  ) );
#1740 = PCURVE('',#1741,#1746);
#1741 = PLANE('',#1742);
#1742 = AXIS2_PLACEMENT_3D('',#1743,#1744,#1745);
#1743 = CARTESIAN_POINT('',(58.,-15.,-16.));
#1744 = DIRECTION('',(1.,0.,0.));
#1745 = DIRECTION('',(0.,0.,1.));
#1746 = DEFINITIONAL_REPRESENTATION('',(#1747),#1751);
#1747 = LINE('',#1748,#1749);
#1748 = CARTESIAN_POINT('',(5.5,0.));
#1749 = VECTOR('',#1750,1.);
#1750 = DIRECTION('',(0.,-1.));
#1751 = ( GEOMETRIC_REPRESENTATION_CONTEXT(2) 
PARAMETRIC_REPRESENTATION_CONTEXT() REPRESENTATION_CONTEXT('2D SPACE',''
  ) );
#1752 = ORIENTED_EDGE('',*,*,#1753,.T.);
#1753 = EDGE_CURVE('',#1724,#164,#1754,.T.);
#1754 = SURFACE_CURVE('',#1755,(#1764,#1776),.PCURVE_S1.);
#1755 = B_SPLINE_CURVE_WITH_KNOTS('',7,(#1756,#1757,#1758,#1759,#1760,
    #1761,#1762,#1763),.UNSPECIFIED.,.F.,.F.,(8,8),(0.,1.),
  .PIECEWISE_BEZIER_KNOTS.);
#1756 = CARTESIAN_POINT('',(58.,-13.,-10.5));
#1757 = CARTESIAN_POINT('',(58.,-13.,-10.16340079907));
#1758 = CARTESIAN_POINT('',(58.088123333497,-13.,-9.826803175761));
#1759 = CARTESIAN_POINT('',(58.264355903314,-13.,-9.517879614613));
#1760 = CARTESIAN_POINT('',(58.517879614613,-13.,-9.264355903314));
#1761 = CARTESIAN_POINT('',(58.826803175761,-13.,-9.088123333497));
#1762 = CARTESIAN_POINT('',(59.163400799074,-13.,-9.));
#1763 = CARTESIAN_POINT('',(59.5,-13.,-9.));
#1764 = PCURVE('',#573,#1765);
#1765 = DEFINITIONAL_REPRESENTATION('',(#1766),#1775);
#1766 = B_SPLINE_CURVE_WITH_KNOTS('',7,(#1767,#1768,#1769,#1770,#1771,
    #1772,#1773,#1774),.UNSPECIFIED.,.F.,.F.,(8,8),(0.,1.),
  .PIECEWISE_BEZIER_KNOTS.);
#1767 = CARTESIAN_POINT('',(4.440892098501E-16,2.));
#1768 = CARTESIAN_POINT('',(0.224399467284,2.));
#1769 = CARTESIAN_POINT('',(0.448798413925,2.));
#1770 = CARTESIAN_POINT('',(0.673199936521,2.));
#1771 = CARTESIAN_POINT('',(0.897596390274,2.));
#1772 = CARTESIAN_POINT('',(1.12199791287,2.));
#1773 = CARTESIAN_POINT('',(1.346396859511,2.));
#1774 = CARTESIAN_POINT('',(1.570796326795,2.));
#1775 = ( GEOMETRIC_REPRESENTATION_CONTEXT(2) 
PARAMETRIC_REPRESENTATION_CONTEXT() REPRESENTATION_CONTEXT('2D SPACE',''
  ) );
#1776 = PCURVE('',#609,#1777);
#1777 = DEFINITIONAL_REPRESENTATION('',(#1778),#1782);
#1778 = LINE('',#1779,#1780);
#1779 = CARTESIAN_POINT('',(0.,0.));
#1780 = VECTOR('',#1781,1.);
#1781 = DIRECTION('',(1.,0.));
#1782 = ( GEOMETRIC_REPRESENTATION_CONTEXT(2) 
PARAMETRIC_REPRESENTATION_CONTEXT() REPRESENTATION_CONTEXT('2D SPACE',''
  ) );
#1783 = ORIENTED_EDGE('',*,*,#559,.T.);
#1784 = ORIENTED_EDGE('',*,*,#1785,.F.);
#1785 = EDGE_CURVE('',#1726,#406,#1786,.T.);
#1786 = SURFACE_CURVE('',#1787,(#1796,#1808),.PCURVE_S1.);
#1787 = B_SPLINE_CURVE_WITH_KNOTS('',7,(#1788,#1789,#1790,#1791,#1792,
    #1793,#1794,#1795),.UNSPECIFIED.,.F.,.F.,(8,8),(0.,1.),
  .PIECEWISE_BEZIER_KNOTS.);
#1788 = CARTESIAN_POINT('',(58.,13.,-10.5));
#1789 = CARTESIAN_POINT('',(58.,13.,-10.16340079907));
#1790 = CARTESIAN_POINT('',(58.088123333497,13.,-9.826803175761));
#1791 = CARTESIAN_POINT('',(58.264355903314,13.,-9.517879614613));
#1792 = CARTESIAN_POINT('',(58.517879614613,13.,-9.264355903314));
#1793 = CARTESIAN_POINT('',(58.826803175761,13.,-9.088123333497));
#1794 = CARTESIAN_POINT('',(59.163400799074,13.,-9.));
#1795 = CARTESIAN_POINT('',(59.5,13.,-9.));
#1796 = PCURVE('',#573,#1797);
#1797 = DEFINITIONAL_REPRESENTATION('',(#1798),#1807);
#1798 = B_SPLINE_CURVE_WITH_KNOTS('',7,(#1799,#1800,#1801,#1802,#1803,
    #1804,#1805,#1806),.UNSPECIFIED.,.F.,.F.,(8,8),(0.,1.),
  .PIECEWISE_BEZIER_KNOTS.);
#1799 = CARTESIAN_POINT('',(4.440892098501E-16,28.));
#1800 = CARTESIAN_POINT('',(0.224399467284,28.));
#1801 = CARTESIAN_POINT('',(0.448798413925,28.));
#1802 = CARTESIAN_POINT('',(0.673199936521,28.000000000001));
#1803 = CARTESIAN_POINT('',(0.897596390274,27.999999999999));
#1804 = CARTESIAN_POINT('',(1.12199791287,28.));
#1805 = CARTESIAN_POINT('',(1.346396859511,28.));
#1806 = CARTESIAN_POINT('',(1.570796326795,28.));
#1807 = ( GEOMETRIC_REPRESENTATION_CONTEXT(2) 
PARAMETRIC_REPRESENTATION_CONTEXT() REPRESENTATION_CONTEXT('2D SPACE',''
  ) );
#1808 = PCURVE('',#1353,#1809);
#1809 = DEFINITIONAL_REPRESENTATION('',(#1810),#1814);
#1810 = LINE('',#1811,#1812);
#1811 = CARTESIAN_POINT('',(0.,0.));
#1812 = VECTOR('',#1813,1.);
#1813 = DIRECTION('',(1.,0.));
#1814 = ( GEOMETRIC_REPRESENTATION_CONTEXT(2) 
PARAMETRIC_REPRESENTATION_CONTEXT() REPRESENTATION_CONTEXT('2D SPACE',''
  ) );
#1815 = ADVANCED_FACE('',(#1816),#609,.F.);
#1816 = FACE_BOUND('',#1817,.F.);
#1817 = EDGE_LOOP('',(#1818,#1849,#1850));
#1818 = ORIENTED_EDGE('',*,*,#1819,.F.);
#1819 = EDGE_CURVE('',#1724,#589,#1820,.T.);
#1820 = SURFACE_CURVE('',#1821,(#1828,#1838),.PCURVE_S1.);
#1821 = B_SPLINE_CURVE_WITH_KNOTS('',5,(#1822,#1823,#1824,#1825,#1826,
    #1827),.UNSPECIFIED.,.F.,.F.,(6,6),(0.,1.),
  .PIECEWISE_BEZIER_KNOTS.);
#1822 = CARTESIAN_POINT('',(58.,-13.,-10.5));
#1823 = CARTESIAN_POINT('',(58.,-13.62831853071,-10.6));
#1824 = CARTESIAN_POINT('',(58.246030008091,-14.25722328672,-10.7));
#1825 = CARTESIAN_POINT('',(58.742776713274,-14.7539699919,-10.8));
#1826 = CARTESIAN_POINT('',(59.371681469282,-15.,-10.9));
#1827 = CARTESIAN_POINT('',(60.,-15.,-11.));
#1828 = PCURVE('',#609,#1829);
#1829 = DEFINITIONAL_REPRESENTATION('',(#1830),#1837);
#1830 = B_SPLINE_CURVE_WITH_KNOTS('',5,(#1831,#1832,#1833,#1834,#1835,
    #1836),.UNSPECIFIED.,.F.,.F.,(6,6),(0.,1.),
  .PIECEWISE_BEZIER_KNOTS.);
#1831 = CARTESIAN_POINT('',(0.,0.));
#1832 = CARTESIAN_POINT('',(0.,0.2));
#1833 = CARTESIAN_POINT('',(0.,0.400033489672));
#1834 = CARTESIAN_POINT('',(0.,0.599966510328));
#1835 = CARTESIAN_POINT('',(0.,0.8));
#1836 = CARTESIAN_POINT('',(0.,1.));
#1837 = ( GEOMETRIC_REPRESENTATION_CONTEXT(2) 
PARAMETRIC_REPRESENTATION_CONTEXT() REPRESENTATION_CONTEXT('2D SPACE',''
  ) );
#1838 = PCURVE('',#1839,#1844);
#1839 = CYLINDRICAL_SURFACE('',#1840,2.);
#1840 = AXIS2_PLACEMENT_3D('',#1841,#1842,#1843);
#1841 = CARTESIAN_POINT('',(60.,-13.,-14.5));
#1842 = DIRECTION('',(0.,0.,1.));
#1843 = DIRECTION('',(-1.,-0.,0.));
#1844 = DEFINITIONAL_REPRESENTATION('',(#1845),#1848);
#1845 = B_SPLINE_CURVE_WITH_KNOTS('',1,(#1846,#1847),.UNSPECIFIED.,.F.,
  .F.,(2,2),(0.,1.),.PIECEWISE_BEZIER_KNOTS.);
#1846 = CARTESIAN_POINT('',(-3.486100297323E-14,4.));
#1847 = CARTESIAN_POINT('',(1.570796326795,3.5));
#1848 = ( GEOMETRIC_REPRESENTATION_CONTEXT(2) 
PARAMETRIC_REPRESENTATION_CONTEXT() REPRESENTATION_CONTEXT('2D SPACE',''
  ) );
#1849 = ORIENTED_EDGE('',*,*,#1753,.T.);
#1850 = ORIENTED_EDGE('',*,*,#588,.T.);
#1851 = ADVANCED_FACE('',(#1852),#705,.F.);
#1852 = FACE_BOUND('',#1853,.F.);
#1853 = EDGE_LOOP('',(#1854,#1877,#1878,#1906));
#1854 = ORIENTED_EDGE('',*,*,#1855,.T.);
#1855 = EDGE_CURVE('',#1856,#589,#1858,.T.);
#1856 = VERTEX_POINT('',#1857);
#1857 = CARTESIAN_POINT('',(60.,-15.,-14.));
#1858 = SURFACE_CURVE('',#1859,(#1863,#1870),.PCURVE_S1.);
#1859 = LINE('',#1860,#1861);
#1860 = CARTESIAN_POINT('',(60.,-15.,-14.5));
#1861 = VECTOR('',#1862,1.);
#1862 = DIRECTION('',(0.,0.,1.));
#1863 = PCURVE('',#705,#1864);
#1864 = DEFINITIONAL_REPRESENTATION('',(#1865),#1869);
#1865 = LINE('',#1866,#1867);
#1866 = CARTESIAN_POINT('',(1.5,2.));
#1867 = VECTOR('',#1868,1.);
#1868 = DIRECTION('',(1.,0.));
#1869 = ( GEOMETRIC_REPRESENTATION_CONTEXT(2) 
PARAMETRIC_REPRESENTATION_CONTEXT() REPRESENTATION_CONTEXT('2D SPACE',''
  ) );
#1870 = PCURVE('',#1839,#1871);
#1871 = DEFINITIONAL_REPRESENTATION('',(#1872),#1876);
#1872 = LINE('',#1873,#1874);
#1873 = CARTESIAN_POINT('',(1.570796326795,0.));
#1874 = VECTOR('',#1875,1.);
#1875 = DIRECTION('',(0.,1.));
#1876 = ( GEOMETRIC_REPRESENTATION_CONTEXT(2) 
PARAMETRIC_REPRESENTATION_CONTEXT() REPRESENTATION_CONTEXT('2D SPACE',''
  ) );
#1877 = ORIENTED_EDGE('',*,*,#689,.T.);
#1878 = ORIENTED_EDGE('',*,*,#1879,.T.);
#1879 = EDGE_CURVE('',#690,#1880,#1882,.T.);
#1880 = VERTEX_POINT('',#1881);
#1881 = CARTESIAN_POINT('',(78.,-15.,-14.));
#1882 = SURFACE_CURVE('',#1883,(#1887,#1894),.PCURVE_S1.);
#1883 = LINE('',#1884,#1885);
#1884 = CARTESIAN_POINT('',(78.,-15.,-10.5));
#1885 = VECTOR('',#1886,1.);
#1886 = DIRECTION('',(-0.,-0.,-1.));
#1887 = PCURVE('',#705,#1888);
#1888 = DEFINITIONAL_REPRESENTATION('',(#1889),#1893);
#1889 = LINE('',#1890,#1891);
#1890 = CARTESIAN_POINT('',(5.5,20.));
#1891 = VECTOR('',#1892,1.);
#1892 = DIRECTION('',(-1.,0.));
#1893 = ( GEOMETRIC_REPRESENTATION_CONTEXT(2) 
PARAMETRIC_REPRESENTATION_CONTEXT() REPRESENTATION_CONTEXT('2D SPACE',''
  ) );
#1894 = PCURVE('',#1895,#1900);
#1895 = CYLINDRICAL_SURFACE('',#1896,2.);
#1896 = AXIS2_PLACEMENT_3D('',#1897,#1898,#1899);
#1897 = CARTESIAN_POINT('',(78.,-13.,-10.5));
#1898 = DIRECTION('',(-0.,-0.,-1.));
#1899 = DIRECTION('',(1.,0.,-0.));
#1900 = DEFINITIONAL_REPRESENTATION('',(#1901),#1905);
#1901 = LINE('',#1902,#1903);
#1902 = CARTESIAN_POINT('',(1.570796326795,0.));
#1903 = VECTOR('',#1904,1.);
#1904 = DIRECTION('',(0.,1.));
#1905 = ( GEOMETRIC_REPRESENTATION_CONTEXT(2) 
PARAMETRIC_REPRESENTATION_CONTEXT() REPRESENTATION_CONTEXT('2D SPACE',''
  ) );
#1906 = ORIENTED_EDGE('',*,*,#1907,.T.);
#1907 = EDGE_CURVE('',#1880,#1856,#1908,.T.);
#1908 = SURFACE_CURVE('',#1909,(#1913,#1920),.PCURVE_S1.);
#1909 = LINE('',#1910,#1911);
#1910 = CARTESIAN_POINT('',(78.5,-15.,-14.));
#1911 = VECTOR('',#1912,1.);
#1912 = DIRECTION('',(-1.,-0.,-0.));
#1913 = PCURVE('',#705,#1914);
#1914 = DEFINITIONAL_REPRESENTATION('',(#1915),#1919);
#1915 = LINE('',#1916,#1917);
#1916 = CARTESIAN_POINT('',(2.,20.5));
#1917 = VECTOR('',#1918,1.);
#1918 = DIRECTION('',(0.,-1.));
#1919 = ( GEOMETRIC_REPRESENTATION_CONTEXT(2) 
PARAMETRIC_REPRESENTATION_CONTEXT() REPRESENTATION_CONTEXT('2D SPACE',''
  ) );
#1920 = PCURVE('',#1921,#1926);
#1921 = CYLINDRICAL_SURFACE('',#1922,2.);
#1922 = AXIS2_PLACEMENT_3D('',#1923,#1924,#1925);
#1923 = CARTESIAN_POINT('',(78.5,-13.,-14.));
#1924 = DIRECTION('',(-1.,-0.,-0.));
#1925 = DIRECTION('',(0.,0.,-1.));
#1926 = DEFINITIONAL_REPRESENTATION('',(#1927),#1931);
#1927 = LINE('',#1928,#1929);
#1928 = CARTESIAN_POINT('',(1.570796326795,0.));
#1929 = VECTOR('',#1930,1.);
#1930 = DIRECTION('',(0.,1.));
#1931 = ( GEOMETRIC_REPRESENTATION_CONTEXT(2) 
PARAMETRIC_REPRESENTATION_CONTEXT() REPRESENTATION_CONTEXT('2D SPACE',''
  ) );
#1932 = ADVANCED_FACE('',(#1933),#733,.F.);
#1933 = FACE_BOUND('',#1934,.F.);
#1934 = EDGE_LOOP('',(#1935,#1936,#1969));
#1935 = ORIENTED_EDGE('',*,*,#717,.F.);
#1936 = ORIENTED_EDGE('',*,*,#1937,.T.);
#1937 = EDGE_CURVE('',#295,#1938,#1940,.T.);
#1938 = VERTEX_POINT('',#1939);
#1939 = CARTESIAN_POINT('',(80.,-13.,-10.5));
#1940 = SURFACE_CURVE('',#1941,(#1950,#1957),.PCURVE_S1.);
#1941 = B_SPLINE_CURVE_WITH_KNOTS('',7,(#1942,#1943,#1944,#1945,#1946,
    #1947,#1948,#1949),.UNSPECIFIED.,.F.,.F.,(8,8),(0.,1.),
  .PIECEWISE_BEZIER_KNOTS.);
#1942 = CARTESIAN_POINT('',(78.5,-13.,-9.));
#1943 = CARTESIAN_POINT('',(78.836599200926,-13.,-9.));
#1944 = CARTESIAN_POINT('',(79.173196824239,-13.,-9.088123333497));
#1945 = CARTESIAN_POINT('',(79.482120385388,-13.,-9.264355903315));
#1946 = CARTESIAN_POINT('',(79.735644096685,-13.,-9.517879614611));
#1947 = CARTESIAN_POINT('',(79.911876666503,-13.,-9.826803175762));
#1948 = CARTESIAN_POINT('',(80.,-13.,-10.16340079907));
#1949 = CARTESIAN_POINT('',(80.,-13.,-10.5));
#1950 = PCURVE('',#733,#1951);
#1951 = DEFINITIONAL_REPRESENTATION('',(#1952),#1956);
#1952 = LINE('',#1953,#1954);
#1953 = CARTESIAN_POINT('',(0.,0.));
#1954 = VECTOR('',#1955,1.);
#1955 = DIRECTION('',(1.,0.));
#1956 = ( GEOMETRIC_REPRESENTATION_CONTEXT(2) 
PARAMETRIC_REPRESENTATION_CONTEXT() REPRESENTATION_CONTEXT('2D SPACE',''
  ) );
#1957 = PCURVE('',#835,#1958);
#1958 = DEFINITIONAL_REPRESENTATION('',(#1959),#1968);
#1959 = B_SPLINE_CURVE_WITH_KNOTS('',7,(#1960,#1961,#1962,#1963,#1964,
    #1965,#1966,#1967),.UNSPECIFIED.,.F.,.F.,(8,8),(0.,1.),
  .PIECEWISE_BEZIER_KNOTS.);
#1960 = CARTESIAN_POINT('',(-1.570796326795,2.));
#1961 = CARTESIAN_POINT('',(-1.346396859511,2.));
#1962 = CARTESIAN_POINT('',(-1.121997912871,2.));
#1963 = CARTESIAN_POINT('',(-0.897596390273,2.));
#1964 = CARTESIAN_POINT('',(-0.673199936522,2.));
#1965 = CARTESIAN_POINT('',(-0.448798413924,2.));
#1966 = CARTESIAN_POINT('',(-0.224399467284,2.));
#1967 = CARTESIAN_POINT('',(0.,2.));
#1968 = ( GEOMETRIC_REPRESENTATION_CONTEXT(2) 
PARAMETRIC_REPRESENTATION_CONTEXT() REPRESENTATION_CONTEXT('2D SPACE',''
  ) );
#1969 = ORIENTED_EDGE('',*,*,#1970,.T.);
#1970 = EDGE_CURVE('',#1938,#690,#1971,.T.);
#1971 = SURFACE_CURVE('',#1972,(#1982,#1989),.PCURVE_S1.);
#1972 = B_SPLINE_CURVE_WITH_KNOTS('',8,(#1973,#1974,#1975,#1976,#1977,
    #1978,#1979,#1980,#1981),.UNSPECIFIED.,.F.,.F.,(9,9),(0.,1.),
  .PIECEWISE_BEZIER_KNOTS.);
#1973 = CARTESIAN_POINT('',(80.,-13.,-10.5));
#1974 = CARTESIAN_POINT('',(80.,-13.39269908169,-10.5625));
#1975 = CARTESIAN_POINT('',(79.911878422077,-13.785398287,-10.625));
#1976 = CARTESIAN_POINT('',(79.735636131743,-14.15502646867,-10.6875));
#1977 = CARTESIAN_POINT('',(79.478517511559,-14.47851751156,-10.75));
#1978 = CARTESIAN_POINT('',(79.155026468671,-14.73563613174,-10.8125));
#1979 = CARTESIAN_POINT('',(78.785398287008,-14.91187842207,-10.875));
#1980 = CARTESIAN_POINT('',(78.392699081699,-15.,-10.9375));
#1981 = CARTESIAN_POINT('',(78.,-15.,-11.));
#1982 = PCURVE('',#733,#1983);
#1983 = DEFINITIONAL_REPRESENTATION('',(#1984),#1988);
#1984 = LINE('',#1985,#1986);
#1985 = CARTESIAN_POINT('',(1.,0.));
#1986 = VECTOR('',#1987,1.);
#1987 = DIRECTION('',(0.,1.));
#1988 = ( GEOMETRIC_REPRESENTATION_CONTEXT(2) 
PARAMETRIC_REPRESENTATION_CONTEXT() REPRESENTATION_CONTEXT('2D SPACE',''
  ) );
#1989 = PCURVE('',#1895,#1990);
#1990 = DEFINITIONAL_REPRESENTATION('',(#1991),#1994);
#1991 = B_SPLINE_CURVE_WITH_KNOTS('',1,(#1992,#1993),.UNSPECIFIED.,.F.,
  .F.,(2,2),(0.,1.),.PIECEWISE_BEZIER_KNOTS.);
#1992 = CARTESIAN_POINT('',(0.,0.));
#1993 = CARTESIAN_POINT('',(1.570796326795,0.5));
#1994 = ( GEOMETRIC_REPRESENTATION_CONTEXT(2) 
PARAMETRIC_REPRESENTATION_CONTEXT() REPRESENTATION_CONTEXT('2D SPACE',''
  ) );
#1995 = ADVANCED_FACE('',(#1996),#835,.T.);
#1996 = FACE_BOUND('',#1997,.F.);
#1997 = EDGE_LOOP('',(#1998,#2026,#2027,#2028));
#1998 = ORIENTED_EDGE('',*,*,#1999,.F.);
#1999 = EDGE_CURVE('',#1938,#2000,#2002,.T.);
#2000 = VERTEX_POINT('',#2001);
#2001 = CARTESIAN_POINT('',(80.,13.,-10.5));
#2002 = SURFACE_CURVE('',#2003,(#2007,#2014),.PCURVE_S1.);
#2003 = LINE('',#2004,#2005);
#2004 = CARTESIAN_POINT('',(80.,-15.,-10.5));
#2005 = VECTOR('',#2006,1.);
#2006 = DIRECTION('',(0.,1.,0.));
#2007 = PCURVE('',#835,#2008);
#2008 = DEFINITIONAL_REPRESENTATION('',(#2009),#2013);
#2009 = LINE('',#2010,#2011);
#2010 = CARTESIAN_POINT('',(-0.,0.));
#2011 = VECTOR('',#2012,1.);
#2012 = DIRECTION('',(-0.,1.));
#2013 = ( GEOMETRIC_REPRESENTATION_CONTEXT(2) 
PARAMETRIC_REPRESENTATION_CONTEXT() REPRESENTATION_CONTEXT('2D SPACE',''
  ) );
#2014 = PCURVE('',#2015,#2020);
#2015 = PLANE('',#2016);
#2016 = AXIS2_PLACEMENT_3D('',#2017,#2018,#2019);
#2017 = CARTESIAN_POINT('',(80.,-15.,-16.));
#2018 = DIRECTION('',(1.,0.,0.));
#2019 = DIRECTION('',(0.,0.,1.));
#2020 = DEFINITIONAL_REPRESENTATION('',(#2021),#2025);
#2021 = LINE('',#2022,#2023);
#2022 = CARTESIAN_POINT('',(5.5,0.));
#2023 = VECTOR('',#2024,1.);
#2024 = DIRECTION('',(0.,-1.));
#2025 = ( GEOMETRIC_REPRESENTATION_CONTEXT(2) 
PARAMETRIC_REPRESENTATION_CONTEXT() REPRESENTATION_CONTEXT('2D SPACE',''
  ) );
#2026 = ORIENTED_EDGE('',*,*,#1937,.F.);
#2027 = ORIENTED_EDGE('',*,*,#821,.T.);
#2028 = ORIENTED_EDGE('',*,*,#2029,.T.);
#2029 = EDGE_CURVE('',#505,#2000,#2030,.T.);
#2030 = SURFACE_CURVE('',#2031,(#2040,#2052),.PCURVE_S1.);
#2031 = B_SPLINE_CURVE_WITH_KNOTS('',7,(#2032,#2033,#2034,#2035,#2036,
    #2037,#2038,#2039),.UNSPECIFIED.,.F.,.F.,(8,8),(0.,1.),
  .PIECEWISE_BEZIER_KNOTS.);
#2032 = CARTESIAN_POINT('',(78.5,13.,-9.));
#2033 = CARTESIAN_POINT('',(78.836599200926,13.,-9.));
#2034 = CARTESIAN_POINT('',(79.173196824239,13.,-9.088123333497));
#2035 = CARTESIAN_POINT('',(79.482120385388,13.,-9.264355903315));
#2036 = CARTESIAN_POINT('',(79.735644096685,13.,-9.517879614611));
#2037 = CARTESIAN_POINT('',(79.911876666503,13.,-9.826803175762));
#2038 = CARTESIAN_POINT('',(80.,13.,-10.16340079907));
#2039 = CARTESIAN_POINT('',(80.,13.,-10.5));
#2040 = PCURVE('',#835,#2041);
#2041 = DEFINITIONAL_REPRESENTATION('',(#2042),#2051);
#2042 = B_SPLINE_CURVE_WITH_KNOTS('',7,(#2043,#2044,#2045,#2046,#2047,
    #2048,#2049,#2050),.UNSPECIFIED.,.F.,.F.,(8,8),(0.,1.),
  .PIECEWISE_BEZIER_KNOTS.);
#2043 = CARTESIAN_POINT('',(-1.570796326795,28.));
#2044 = CARTESIAN_POINT('',(-1.346396859511,28.));
#2045 = CARTESIAN_POINT('',(-1.121997912871,27.999999999999));
#2046 = CARTESIAN_POINT('',(-0.897596390273,28.000000000001));
#2047 = CARTESIAN_POINT('',(-0.673199936522,27.999999999999));
#2048 = CARTESIAN_POINT('',(-0.448798413924,28.));
#2049 = CARTESIAN_POINT('',(-0.224399467284,28.));
#2050 = CARTESIAN_POINT('',(-2.997602166488E-15,28.));
#2051 = ( GEOMETRIC_REPRESENTATION_CONTEXT(2) 
PARAMETRIC_REPRESENTATION_CONTEXT() REPRESENTATION_CONTEXT('2D SPACE',''
  ) );
#2052 = PCURVE('',#1477,#2053);
#2053 = DEFINITIONAL_REPRESENTATION('',(#2054),#2058);
#2054 = LINE('',#2055,#2056);
#2055 = CARTESIAN_POINT('',(0.,0.));
#2056 = VECTOR('',#2057,1.);
#2057 = DIRECTION('',(1.,0.));
#2058 = ( GEOMETRIC_REPRESENTATION_CONTEXT(2) 
PARAMETRIC_REPRESENTATION_CONTEXT() REPRESENTATION_CONTEXT('2D SPACE',''
  ) );
#2059 = ADVANCED_FACE('',(#2060),#920,.F.);
#2060 = FACE_BOUND('',#2061,.F.);
#2061 = EDGE_LOOP('',(#2062,#2095,#2126));
#2062 = ORIENTED_EDGE('',*,*,#2063,.F.);
#2063 = EDGE_CURVE('',#2064,#900,#2066,.T.);
#2064 = VERTEX_POINT('',#2065);
#2065 = CARTESIAN_POINT('',(80.,-13.,10.5));
#2066 = SURFACE_CURVE('',#2067,(#2074,#2084),.PCURVE_S1.);
#2067 = B_SPLINE_CURVE_WITH_KNOTS('',5,(#2068,#2069,#2070,#2071,#2072,
    #2073),.UNSPECIFIED.,.F.,.F.,(6,6),(0.,1.),
  .PIECEWISE_BEZIER_KNOTS.);
#2068 = CARTESIAN_POINT('',(80.,-13.,10.5));
#2069 = CARTESIAN_POINT('',(80.,-13.62831853071,10.6));
#2070 = CARTESIAN_POINT('',(79.753969991909,-14.25722328672,10.7));
#2071 = CARTESIAN_POINT('',(79.257223286726,-14.7539699919,10.8));
#2072 = CARTESIAN_POINT('',(78.628318530718,-15.,10.9));
#2073 = CARTESIAN_POINT('',(78.,-15.,11.));
#2074 = PCURVE('',#920,#2075);
#2075 = DEFINITIONAL_REPRESENTATION('',(#2076),#2083);
#2076 = B_SPLINE_CURVE_WITH_KNOTS('',5,(#2077,#2078,#2079,#2080,#2081,
    #2082),.UNSPECIFIED.,.F.,.F.,(6,6),(0.,1.),
  .PIECEWISE_BEZIER_KNOTS.);
#2077 = CARTESIAN_POINT('',(0.,5.551115123126E-17));
#2078 = CARTESIAN_POINT('',(0.,0.2));
#2079 = CARTESIAN_POINT('',(0.,0.400033489672));
#2080 = CARTESIAN_POINT('',(0.,0.599966510328));
#2081 = CARTESIAN_POINT('',(0.,0.8));
#2082 = CARTESIAN_POINT('',(0.,1.));
#2083 = ( GEOMETRIC_REPRESENTATION_CONTEXT(2) 
PARAMETRIC_REPRESENTATION_CONTEXT() REPRESENTATION_CONTEXT('2D SPACE',''
  ) );
#2084 = PCURVE('',#2085,#2090);
#2085 = CYLINDRICAL_SURFACE('',#2086,2.);
#2086 = AXIS2_PLACEMENT_3D('',#2087,#2088,#2089);
#2087 = CARTESIAN_POINT('',(78.,-13.,14.5));
#2088 = DIRECTION('',(-0.,-0.,-1.));
#2089 = DIRECTION('',(1.,0.,-0.));
#2090 = DEFINITIONAL_REPRESENTATION('',(#2091),#2094);
#2091 = B_SPLINE_CURVE_WITH_KNOTS('',1,(#2092,#2093),.UNSPECIFIED.,.F.,
  .F.,(2,2),(0.,1.),.PIECEWISE_BEZIER_KNOTS.);
#2092 = CARTESIAN_POINT('',(-2.942091015257E-14,4.));
#2093 = CARTESIAN_POINT('',(1.570796326795,3.5));
#2094 = ( GEOMETRIC_REPRESENTATION_CONTEXT(2) 
PARAMETRIC_REPRESENTATION_CONTEXT() REPRESENTATION_CONTEXT('2D SPACE',''
  ) );
#2095 = ORIENTED_EDGE('',*,*,#2096,.T.);
#2096 = EDGE_CURVE('',#2064,#211,#2097,.T.);
#2097 = SURFACE_CURVE('',#2098,(#2107,#2114),.PCURVE_S1.);
#2098 = B_SPLINE_CURVE_WITH_KNOTS('',7,(#2099,#2100,#2101,#2102,#2103,
    #2104,#2105,#2106),.UNSPECIFIED.,.F.,.F.,(8,8),(0.,1.),
  .PIECEWISE_BEZIER_KNOTS.);
#2099 = CARTESIAN_POINT('',(80.,-13.,10.5));
#2100 = CARTESIAN_POINT('',(80.,-13.,10.163400799074));
#2101 = CARTESIAN_POINT('',(79.911876666503,-13.,9.826803175761));
#2102 = CARTESIAN_POINT('',(79.735644096685,-13.,9.517879614613));
#2103 = CARTESIAN_POINT('',(79.482120385389,-13.,9.264355903314));
#2104 = CARTESIAN_POINT('',(79.173196824238,-13.,9.088123333497));
#2105 = CARTESIAN_POINT('',(78.836599200926,-13.,9.));
#2106 = CARTESIAN_POINT('',(78.5,-13.,9.));
#2107 = PCURVE('',#920,#2108);
#2108 = DEFINITIONAL_REPRESENTATION('',(#2109),#2113);
#2109 = LINE('',#2110,#2111);
#2110 = CARTESIAN_POINT('',(0.,0.));
#2111 = VECTOR('',#2112,1.);
#2112 = DIRECTION('',(1.,0.));
#2113 = ( GEOMETRIC_REPRESENTATION_CONTEXT(2) 
PARAMETRIC_REPRESENTATION_CONTEXT() REPRESENTATION_CONTEXT('2D SPACE',''
  ) );
#2114 = PCURVE('',#1146,#2115);
#2115 = DEFINITIONAL_REPRESENTATION('',(#2116),#2125);
#2116 = B_SPLINE_CURVE_WITH_KNOTS('',7,(#2117,#2118,#2119,#2120,#2121,
    #2122,#2123,#2124),.UNSPECIFIED.,.F.,.F.,(8,8),(0.,1.),
  .PIECEWISE_BEZIER_KNOTS.);
#2117 = CARTESIAN_POINT('',(-1.110223024625E-16,2.));
#2118 = CARTESIAN_POINT('',(0.224399467284,2.));
#2119 = CARTESIAN_POINT('',(0.448798413924,2.));
#2120 = CARTESIAN_POINT('',(0.673199936522,2.));
#2121 = CARTESIAN_POINT('',(0.897596390273,2.));
#2122 = CARTESIAN_POINT('',(1.121997912871,2.));
#2123 = CARTESIAN_POINT('',(1.346396859511,2.));
#2124 = CARTESIAN_POINT('',(1.570796326795,2.));
#2125 = ( GEOMETRIC_REPRESENTATION_CONTEXT(2) 
PARAMETRIC_REPRESENTATION_CONTEXT() REPRESENTATION_CONTEXT('2D SPACE',''
  ) );
#2126 = ORIENTED_EDGE('',*,*,#899,.T.);
#2127 = ADVANCED_FACE('',(#2128),#1016,.F.);
#2128 = FACE_BOUND('',#2129,.F.);
#2129 = EDGE_LOOP('',(#2130,#2158,#2186,#2207));
#2130 = ORIENTED_EDGE('',*,*,#2131,.T.);
#2131 = EDGE_CURVE('',#1001,#2132,#2134,.T.);
#2132 = VERTEX_POINT('',#2133);
#2133 = CARTESIAN_POINT('',(60.,-15.,14.));
#2134 = SURFACE_CURVE('',#2135,(#2139,#2146),.PCURVE_S1.);
#2135 = LINE('',#2136,#2137);
#2136 = CARTESIAN_POINT('',(60.,-15.,10.5));
#2137 = VECTOR('',#2138,1.);
#2138 = DIRECTION('',(0.,0.,1.));
#2139 = PCURVE('',#1016,#2140);
#2140 = DEFINITIONAL_REPRESENTATION('',(#2141),#2145);
#2141 = LINE('',#2142,#2143);
#2142 = CARTESIAN_POINT('',(1.5,2.));
#2143 = VECTOR('',#2144,1.);
#2144 = DIRECTION('',(1.,0.));
#2145 = ( GEOMETRIC_REPRESENTATION_CONTEXT(2) 
PARAMETRIC_REPRESENTATION_CONTEXT() REPRESENTATION_CONTEXT('2D SPACE',''
  ) );
#2146 = PCURVE('',#2147,#2152);
#2147 = CYLINDRICAL_SURFACE('',#2148,2.);
#2148 = AXIS2_PLACEMENT_3D('',#2149,#2150,#2151);
#2149 = CARTESIAN_POINT('',(60.,-13.,10.5));
#2150 = DIRECTION('',(0.,0.,1.));
#2151 = DIRECTION('',(-1.,-0.,0.));
#2152 = DEFINITIONAL_REPRESENTATION('',(#2153),#2157);
#2153 = LINE('',#2154,#2155);
#2154 = CARTESIAN_POINT('',(1.570796326795,0.));
#2155 = VECTOR('',#2156,1.);
#2156 = DIRECTION('',(0.,1.));
#2157 = ( GEOMETRIC_REPRESENTATION_CONTEXT(2) 
PARAMETRIC_REPRESENTATION_CONTEXT() REPRESENTATION_CONTEXT('2D SPACE',''
  ) );
#2158 = ORIENTED_EDGE('',*,*,#2159,.T.);
#2159 = EDGE_CURVE('',#2132,#2160,#2162,.T.);
#2160 = VERTEX_POINT('',#2161);
#2161 = CARTESIAN_POINT('',(78.,-15.,14.));
#2162 = SURFACE_CURVE('',#2163,(#2167,#2174),.PCURVE_S1.);
#2163 = LINE('',#2164,#2165);
#2164 = CARTESIAN_POINT('',(59.5,-15.,14.));
#2165 = VECTOR('',#2166,1.);
#2166 = DIRECTION('',(1.,0.,0.));
#2167 = PCURVE('',#1016,#2168);
#2168 = DEFINITIONAL_REPRESENTATION('',(#2169),#2173);
#2169 = LINE('',#2170,#2171);
#2170 = CARTESIAN_POINT('',(5.,1.5));
#2171 = VECTOR('',#2172,1.);
#2172 = DIRECTION('',(0.,1.));
#2173 = ( GEOMETRIC_REPRESENTATION_CONTEXT(2) 
PARAMETRIC_REPRESENTATION_CONTEXT() REPRESENTATION_CONTEXT('2D SPACE',''
  ) );
#2174 = PCURVE('',#2175,#2180);
#2175 = CYLINDRICAL_SURFACE('',#2176,2.);
#2176 = AXIS2_PLACEMENT_3D('',#2177,#2178,#2179);
#2177 = CARTESIAN_POINT('',(59.5,-13.,14.));
#2178 = DIRECTION('',(1.,0.,0.));
#2179 = DIRECTION('',(0.,0.,1.));
#2180 = DEFINITIONAL_REPRESENTATION('',(#2181),#2185);
#2181 = LINE('',#2182,#2183);
#2182 = CARTESIAN_POINT('',(1.570796326795,0.));
#2183 = VECTOR('',#2184,1.);
#2184 = DIRECTION('',(0.,1.));
#2185 = ( GEOMETRIC_REPRESENTATION_CONTEXT(2) 
PARAMETRIC_REPRESENTATION_CONTEXT() REPRESENTATION_CONTEXT('2D SPACE',''
  ) );
#2186 = ORIENTED_EDGE('',*,*,#2187,.T.);
#2187 = EDGE_CURVE('',#2160,#900,#2188,.T.);
#2188 = SURFACE_CURVE('',#2189,(#2193,#2200),.PCURVE_S1.);
#2189 = LINE('',#2190,#2191);
#2190 = CARTESIAN_POINT('',(78.,-15.,14.5));
#2191 = VECTOR('',#2192,1.);
#2192 = DIRECTION('',(-0.,-0.,-1.));
#2193 = PCURVE('',#1016,#2194);
#2194 = DEFINITIONAL_REPRESENTATION('',(#2195),#2199);
#2195 = LINE('',#2196,#2197);
#2196 = CARTESIAN_POINT('',(5.5,20.));
#2197 = VECTOR('',#2198,1.);
#2198 = DIRECTION('',(-1.,0.));
#2199 = ( GEOMETRIC_REPRESENTATION_CONTEXT(2) 
PARAMETRIC_REPRESENTATION_CONTEXT() REPRESENTATION_CONTEXT('2D SPACE',''
  ) );
#2200 = PCURVE('',#2085,#2201);
#2201 = DEFINITIONAL_REPRESENTATION('',(#2202),#2206);
#2202 = LINE('',#2203,#2204);
#2203 = CARTESIAN_POINT('',(1.570796326795,0.));
#2204 = VECTOR('',#2205,1.);
#2205 = DIRECTION('',(0.,1.));
#2206 = ( GEOMETRIC_REPRESENTATION_CONTEXT(2) 
PARAMETRIC_REPRESENTATION_CONTEXT() REPRESENTATION_CONTEXT('2D SPACE',''
  ) );
#2207 = ORIENTED_EDGE('',*,*,#1000,.T.);
#2208 = ADVANCED_FACE('',(#2209),#1044,.F.);
#2209 = FACE_BOUND('',#2210,.F.);
#2210 = EDGE_LOOP('',(#2211,#2212,#2213));
#2211 = ORIENTED_EDGE('',*,*,#1028,.F.);
#2212 = ORIENTED_EDGE('',*,*,#1193,.T.);
#2213 = ORIENTED_EDGE('',*,*,#2214,.T.);
#2214 = EDGE_CURVE('',#1164,#1001,#2215,.T.);
#2215 = SURFACE_CURVE('',#2216,(#2223,#2233),.PCURVE_S1.);
#2216 = B_SPLINE_CURVE_WITH_KNOTS('',5,(#2217,#2218,#2219,#2220,#2221,
    #2222),.UNSPECIFIED.,.F.,.F.,(6,6),(0.,1.),
  .PIECEWISE_BEZIER_KNOTS.);
#2217 = CARTESIAN_POINT('',(58.,-13.,10.5));
#2218 = CARTESIAN_POINT('',(58.,-13.62831853071,10.6));
#2219 = CARTESIAN_POINT('',(58.246030008091,-14.25722328672,10.7));
#2220 = CARTESIAN_POINT('',(58.742776713274,-14.7539699919,10.8));
#2221 = CARTESIAN_POINT('',(59.371681469282,-15.,10.9));
#2222 = CARTESIAN_POINT('',(60.,-15.,11.));
#2223 = PCURVE('',#1044,#2224);
#2224 = DEFINITIONAL_REPRESENTATION('',(#2225),#2232);
#2225 = B_SPLINE_CURVE_WITH_KNOTS('',5,(#2226,#2227,#2228,#2229,#2230,
    #2231),.UNSPECIFIED.,.F.,.F.,(6,6),(0.,1.),
  .PIECEWISE_BEZIER_KNOTS.);
#2226 = CARTESIAN_POINT('',(1.,0.));
#2227 = CARTESIAN_POINT('',(1.,0.2));
#2228 = CARTESIAN_POINT('',(1.,0.400033489672));
#2229 = CARTESIAN_POINT('',(1.,0.599966510328));
#2230 = CARTESIAN_POINT('',(1.,0.8));
#2231 = CARTESIAN_POINT('',(1.,1.));
#2232 = ( GEOMETRIC_REPRESENTATION_CONTEXT(2) 
PARAMETRIC_REPRESENTATION_CONTEXT() REPRESENTATION_CONTEXT('2D SPACE',''
  ) );
#2233 = PCURVE('',#2147,#2234);
#2234 = DEFINITIONAL_REPRESENTATION('',(#2235),#2238);
#2235 = B_SPLINE_CURVE_WITH_KNOTS('',1,(#2236,#2237),.UNSPECIFIED.,.F.,
  .F.,(2,2),(0.,1.),.PIECEWISE_BEZIER_KNOTS.);
#2236 = CARTESIAN_POINT('',(-3.486100297323E-14,-1.110223024625E-14));
#2237 = CARTESIAN_POINT('',(1.570796326795,0.5));
#2238 = ( GEOMETRIC_REPRESENTATION_CONTEXT(2) 
PARAMETRIC_REPRESENTATION_CONTEXT() REPRESENTATION_CONTEXT('2D SPACE',''
  ) );
#2239 = ADVANCED_FACE('',(#2240),#1146,.T.);
#2240 = FACE_BOUND('',#2241,.T.);
#2241 = EDGE_LOOP('',(#2242,#2270,#2271,#2272));
#2242 = ORIENTED_EDGE('',*,*,#2243,.F.);
#2243 = EDGE_CURVE('',#2064,#2244,#2246,.T.);
#2244 = VERTEX_POINT('',#2245);
#2245 = CARTESIAN_POINT('',(80.,13.,10.5));
#2246 = SURFACE_CURVE('',#2247,(#2251,#2258),.PCURVE_S1.);
#2247 = LINE('',#2248,#2249);
#2248 = CARTESIAN_POINT('',(80.,-15.,10.5));
#2249 = VECTOR('',#2250,1.);
#2250 = DIRECTION('',(0.,1.,0.));
#2251 = PCURVE('',#1146,#2252);
#2252 = DEFINITIONAL_REPRESENTATION('',(#2253),#2257);
#2253 = LINE('',#2254,#2255);
#2254 = CARTESIAN_POINT('',(0.,0.));
#2255 = VECTOR('',#2256,1.);
#2256 = DIRECTION('',(0.,1.));
#2257 = ( GEOMETRIC_REPRESENTATION_CONTEXT(2) 
PARAMETRIC_REPRESENTATION_CONTEXT() REPRESENTATION_CONTEXT('2D SPACE',''
  ) );
#2258 = PCURVE('',#2259,#2264);
#2259 = PLANE('',#2260);
#2260 = AXIS2_PLACEMENT_3D('',#2261,#2262,#2263);
#2261 = CARTESIAN_POINT('',(80.,-15.,9.));
#2262 = DIRECTION('',(1.,0.,0.));
#2263 = DIRECTION('',(0.,0.,1.));
#2264 = DEFINITIONAL_REPRESENTATION('',(#2265),#2269);
#2265 = LINE('',#2266,#2267);
#2266 = CARTESIAN_POINT('',(1.5,0.));
#2267 = VECTOR('',#2268,1.);
#2268 = DIRECTION('',(0.,-1.));
#2269 = ( GEOMETRIC_REPRESENTATION_CONTEXT(2) 
PARAMETRIC_REPRESENTATION_CONTEXT() REPRESENTATION_CONTEXT('2D SPACE',''
  ) );
#2270 = ORIENTED_EDGE('',*,*,#2096,.T.);
#2271 = ORIENTED_EDGE('',*,*,#1132,.T.);
#2272 = ORIENTED_EDGE('',*,*,#2273,.F.);
#2273 = EDGE_CURVE('',#2244,#431,#2274,.T.);
#2274 = SURFACE_CURVE('',#2275,(#2284,#2296),.PCURVE_S1.);
#2275 = B_SPLINE_CURVE_WITH_KNOTS('',7,(#2276,#2277,#2278,#2279,#2280,
    #2281,#2282,#2283),.UNSPECIFIED.,.F.,.F.,(8,8),(0.,1.),
  .PIECEWISE_BEZIER_KNOTS.);
#2276 = CARTESIAN_POINT('',(80.,13.,10.5));
#2277 = CARTESIAN_POINT('',(80.,13.,10.163400799074));
#2278 = CARTESIAN_POINT('',(79.911876666503,13.,9.826803175761));
#2279 = CARTESIAN_POINT('',(79.735644096685,13.,9.517879614613));
#2280 = CARTESIAN_POINT('',(79.482120385389,13.,9.264355903314));
#2281 = CARTESIAN_POINT('',(79.173196824238,13.,9.088123333497));
#2282 = CARTESIAN_POINT('',(78.836599200926,13.,9.));
#2283 = CARTESIAN_POINT('',(78.5,13.,9.));
#2284 = PCURVE('',#1146,#2285);
#2285 = DEFINITIONAL_REPRESENTATION('',(#2286),#2295);
#2286 = B_SPLINE_CURVE_WITH_KNOTS('',7,(#2287,#2288,#2289,#2290,#2291,
    #2292,#2293,#2294),.UNSPECIFIED.,.F.,.F.,(8,8),(0.,1.),
  .PIECEWISE_BEZIER_KNOTS.);
#2287 = CARTESIAN_POINT('',(2.22044604925E-16,28.));
#2288 = CARTESIAN_POINT('',(0.224399467284,28.));
#2289 = CARTESIAN_POINT('',(0.448798413924,27.999999999999));
#2290 = CARTESIAN_POINT('',(0.673199936522,28.000000000001));
#2291 = CARTESIAN_POINT('',(0.897596390273,27.999999999999));
#2292 = CARTESIAN_POINT('',(1.121997912871,28.));
#2293 = CARTESIAN_POINT('',(1.346396859511,28.));
#2294 = CARTESIAN_POINT('',(1.570796326795,28.));
#2295 = ( GEOMETRIC_REPRESENTATION_CONTEXT(2) 
PARAMETRIC_REPRESENTATION_CONTEXT() REPRESENTATION_CONTEXT('2D SPACE',''
  ) );
#2296 = PCURVE('',#1585,#2297);
#2297 = DEFINITIONAL_REPRESENTATION('',(#2298),#2302);
#2298 = LINE('',#2299,#2300);
#2299 = CARTESIAN_POINT('',(0.,0.));
#2300 = VECTOR('',#2301,1.);
#2301 = DIRECTION('',(1.,0.));
#2302 = ( GEOMETRIC_REPRESENTATION_CONTEXT(2) 
PARAMETRIC_REPRESENTATION_CONTEXT() REPRESENTATION_CONTEXT('2D SPACE',''
  ) );
#2303 = ADVANCED_FACE('',(#2304),#1181,.F.);
#2304 = FACE_BOUND('',#2305,.F.);
#2305 = EDGE_LOOP('',(#2306,#2307,#2335,#2363));
#2306 = ORIENTED_EDGE('',*,*,#1163,.T.);
#2307 = ORIENTED_EDGE('',*,*,#2308,.T.);
#2308 = EDGE_CURVE('',#1166,#2309,#2311,.T.);
#2309 = VERTEX_POINT('',#2310);
#2310 = CARTESIAN_POINT('',(58.,13.,14.5));
#2311 = SURFACE_CURVE('',#2312,(#2316,#2323),.PCURVE_S1.);
#2312 = LINE('',#2313,#2314);
#2313 = CARTESIAN_POINT('',(58.,13.,10.5));
#2314 = VECTOR('',#2315,1.);
#2315 = DIRECTION('',(0.,0.,1.));
#2316 = PCURVE('',#1181,#2317);
#2317 = DEFINITIONAL_REPRESENTATION('',(#2318),#2322);
#2318 = LINE('',#2319,#2320);
#2319 = CARTESIAN_POINT('',(1.5,-28.));
#2320 = VECTOR('',#2321,1.);
#2321 = DIRECTION('',(1.,0.));
#2322 = ( GEOMETRIC_REPRESENTATION_CONTEXT(2) 
PARAMETRIC_REPRESENTATION_CONTEXT() REPRESENTATION_CONTEXT('2D SPACE',''
  ) );
#2323 = PCURVE('',#2324,#2329);
#2324 = CYLINDRICAL_SURFACE('',#2325,2.);
#2325 = AXIS2_PLACEMENT_3D('',#2326,#2327,#2328);
#2326 = CARTESIAN_POINT('',(60.,13.,10.5));
#2327 = DIRECTION('',(0.,0.,1.));
#2328 = DIRECTION('',(-1.,-0.,0.));
#2329 = DEFINITIONAL_REPRESENTATION('',(#2330),#2334);
#2330 = LINE('',#2331,#2332);
#2331 = CARTESIAN_POINT('',(-0.,0.));
#2332 = VECTOR('',#2333,1.);
#2333 = DIRECTION('',(-0.,1.));
#2334 = ( GEOMETRIC_REPRESENTATION_CONTEXT(2) 
PARAMETRIC_REPRESENTATION_CONTEXT() REPRESENTATION_CONTEXT('2D SPACE',''
  ) );
#2335 = ORIENTED_EDGE('',*,*,#2336,.F.);
#2336 = EDGE_CURVE('',#2337,#2309,#2339,.T.);
#2337 = VERTEX_POINT('',#2338);
#2338 = CARTESIAN_POINT('',(58.,-13.,14.5));
#2339 = SURFACE_CURVE('',#2340,(#2344,#2351),.PCURVE_S1.);
#2340 = LINE('',#2341,#2342);
#2341 = CARTESIAN_POINT('',(58.,-15.,14.5));
#2342 = VECTOR('',#2343,1.);
#2343 = DIRECTION('',(0.,1.,0.));
#2344 = PCURVE('',#1181,#2345);
#2345 = DEFINITIONAL_REPRESENTATION('',(#2346),#2350);
#2346 = LINE('',#2347,#2348);
#2347 = CARTESIAN_POINT('',(5.5,0.));
#2348 = VECTOR('',#2349,1.);
#2349 = DIRECTION('',(0.,-1.));
#2350 = ( GEOMETRIC_REPRESENTATION_CONTEXT(2) 
PARAMETRIC_REPRESENTATION_CONTEXT() REPRESENTATION_CONTEXT('2D SPACE',''
  ) );
#2351 = PCURVE('',#2352,#2357);
#2352 = CYLINDRICAL_SURFACE('',#2353,1.5);
#2353 = AXIS2_PLACEMENT_3D('',#2354,#2355,#2356);
#2354 = CARTESIAN_POINT('',(59.5,-15.,14.5));
#2355 = DIRECTION('',(0.,1.,0.));
#2356 = DIRECTION('',(-1.,0.,0.));
#2357 = DEFINITIONAL_REPRESENTATION('',(#2358),#2362);
#2358 = LINE('',#2359,#2360);
#2359 = CARTESIAN_POINT('',(0.,0.));
#2360 = VECTOR('',#2361,1.);
#2361 = DIRECTION('',(0.,1.));
#2362 = ( GEOMETRIC_REPRESENTATION_CONTEXT(2) 
PARAMETRIC_REPRESENTATION_CONTEXT() REPRESENTATION_CONTEXT('2D SPACE',''
  ) );
#2363 = ORIENTED_EDGE('',*,*,#2364,.F.);
#2364 = EDGE_CURVE('',#1164,#2337,#2365,.T.);
#2365 = SURFACE_CURVE('',#2366,(#2370,#2377),.PCURVE_S1.);
#2366 = LINE('',#2367,#2368);
#2367 = CARTESIAN_POINT('',(58.,-13.,10.5));
#2368 = VECTOR('',#2369,1.);
#2369 = DIRECTION('',(0.,0.,1.));
#2370 = PCURVE('',#1181,#2371);
#2371 = DEFINITIONAL_REPRESENTATION('',(#2372),#2376);
#2372 = LINE('',#2373,#2374);
#2373 = CARTESIAN_POINT('',(1.5,-2.));
#2374 = VECTOR('',#2375,1.);
#2375 = DIRECTION('',(1.,0.));
#2376 = ( GEOMETRIC_REPRESENTATION_CONTEXT(2) 
PARAMETRIC_REPRESENTATION_CONTEXT() REPRESENTATION_CONTEXT('2D SPACE',''
  ) );
#2377 = PCURVE('',#2147,#2378);
#2378 = DEFINITIONAL_REPRESENTATION('',(#2379),#2383);
#2379 = LINE('',#2380,#2381);
#2380 = CARTESIAN_POINT('',(0.,0.));
#2381 = VECTOR('',#2382,1.);
#2382 = DIRECTION('',(0.,1.));
#2383 = ( GEOMETRIC_REPRESENTATION_CONTEXT(2) 
PARAMETRIC_REPRESENTATION_CONTEXT() REPRESENTATION_CONTEXT('2D SPACE',''
  ) );
#2384 = ADVANCED_FACE('',(#2385),#1249,.T.);
#2385 = FACE_BOUND('',#2386,.T.);
#2386 = EDGE_LOOP('',(#2387,#2388,#2389));
#2387 = ORIENTED_EDGE('',*,*,#1693,.F.);
#2388 = ORIENTED_EDGE('',*,*,#1225,.T.);
#2389 = ORIENTED_EDGE('',*,*,#2390,.T.);
#2390 = EDGE_CURVE('',#1166,#1666,#2391,.T.);
#2391 = SURFACE_CURVE('',#2392,(#2399,#2409),.PCURVE_S1.);
#2392 = B_SPLINE_CURVE_WITH_KNOTS('',5,(#2393,#2394,#2395,#2396,#2397,
    #2398),.UNSPECIFIED.,.F.,.F.,(6,6),(0.,1.),
  .PIECEWISE_BEZIER_KNOTS.);
#2393 = CARTESIAN_POINT('',(58.,13.,10.5));
#2394 = CARTESIAN_POINT('',(58.,13.628318530718,10.6));
#2395 = CARTESIAN_POINT('',(58.246030008091,14.257223286726,10.7));
#2396 = CARTESIAN_POINT('',(58.742776713274,14.753969991908,10.8));
#2397 = CARTESIAN_POINT('',(59.371681469282,15.,10.9));
#2398 = CARTESIAN_POINT('',(60.,15.,11.));
#2399 = PCURVE('',#1249,#2400);
#2400 = DEFINITIONAL_REPRESENTATION('',(#2401),#2408);
#2401 = B_SPLINE_CURVE_WITH_KNOTS('',5,(#2402,#2403,#2404,#2405,#2406,
    #2407),.UNSPECIFIED.,.F.,.F.,(6,6),(0.,1.),
  .PIECEWISE_BEZIER_KNOTS.);
#2402 = CARTESIAN_POINT('',(1.,0.));
#2403 = CARTESIAN_POINT('',(1.,0.2));
#2404 = CARTESIAN_POINT('',(1.,0.400033489672));
#2405 = CARTESIAN_POINT('',(1.,0.599966510328));
#2406 = CARTESIAN_POINT('',(1.,0.8));
#2407 = CARTESIAN_POINT('',(1.,1.));
#2408 = ( GEOMETRIC_REPRESENTATION_CONTEXT(2) 
PARAMETRIC_REPRESENTATION_CONTEXT() REPRESENTATION_CONTEXT('2D SPACE',''
  ) );
#2409 = PCURVE('',#2324,#2410);
#2410 = DEFINITIONAL_REPRESENTATION('',(#2411),#2414);
#2411 = B_SPLINE_CURVE_WITH_KNOTS('',1,(#2412,#2413),.UNSPECIFIED.,.F.,
  .F.,(2,2),(0.,1.),.PIECEWISE_BEZIER_KNOTS.);
#2412 = CARTESIAN_POINT('',(3.486100297323E-14,-1.110223024625E-14));
#2413 = CARTESIAN_POINT('',(-1.570796326795,0.5));
#2414 = ( GEOMETRIC_REPRESENTATION_CONTEXT(2) 
PARAMETRIC_REPRESENTATION_CONTEXT() REPRESENTATION_CONTEXT('2D SPACE',''
  ) );
#2415 = ADVANCED_FACE('',(#2416),#1353,.T.);
#2416 = FACE_BOUND('',#2417,.T.);
#2417 = EDGE_LOOP('',(#2418,#2449,#2450));
#2418 = ORIENTED_EDGE('',*,*,#2419,.F.);
#2419 = EDGE_CURVE('',#1726,#1333,#2420,.T.);
#2420 = SURFACE_CURVE('',#2421,(#2428,#2438),.PCURVE_S1.);
#2421 = B_SPLINE_CURVE_WITH_KNOTS('',5,(#2422,#2423,#2424,#2425,#2426,
    #2427),.UNSPECIFIED.,.F.,.F.,(6,6),(0.,1.),
  .PIECEWISE_BEZIER_KNOTS.);
#2422 = CARTESIAN_POINT('',(58.,13.,-10.5));
#2423 = CARTESIAN_POINT('',(58.,13.628318530718,-10.6));
#2424 = CARTESIAN_POINT('',(58.246030008091,14.257223286726,-10.7));
#2425 = CARTESIAN_POINT('',(58.742776713274,14.753969991908,-10.8));
#2426 = CARTESIAN_POINT('',(59.371681469282,15.,-10.9));
#2427 = CARTESIAN_POINT('',(60.,15.,-11.));
#2428 = PCURVE('',#1353,#2429);
#2429 = DEFINITIONAL_REPRESENTATION('',(#2430),#2437);
#2430 = B_SPLINE_CURVE_WITH_KNOTS('',5,(#2431,#2432,#2433,#2434,#2435,
    #2436),.UNSPECIFIED.,.F.,.F.,(6,6),(0.,1.),
  .PIECEWISE_BEZIER_KNOTS.);
#2431 = CARTESIAN_POINT('',(0.,-1.110223024625E-16));
#2432 = CARTESIAN_POINT('',(0.,0.2));
#2433 = CARTESIAN_POINT('',(0.,0.400033489672));
#2434 = CARTESIAN_POINT('',(0.,0.599966510328));
#2435 = CARTESIAN_POINT('',(0.,0.8));
#2436 = CARTESIAN_POINT('',(0.,1.));
#2437 = ( GEOMETRIC_REPRESENTATION_CONTEXT(2) 
PARAMETRIC_REPRESENTATION_CONTEXT() REPRESENTATION_CONTEXT('2D SPACE',''
  ) );
#2438 = PCURVE('',#2439,#2444);
#2439 = CYLINDRICAL_SURFACE('',#2440,2.);
#2440 = AXIS2_PLACEMENT_3D('',#2441,#2442,#2443);
#2441 = CARTESIAN_POINT('',(60.,13.,-14.5));
#2442 = DIRECTION('',(0.,0.,1.));
#2443 = DIRECTION('',(-1.,-0.,0.));
#2444 = DEFINITIONAL_REPRESENTATION('',(#2445),#2448);
#2445 = B_SPLINE_CURVE_WITH_KNOTS('',1,(#2446,#2447),.UNSPECIFIED.,.F.,
  .F.,(2,2),(0.,1.),.PIECEWISE_BEZIER_KNOTS.);
#2446 = CARTESIAN_POINT('',(3.486100297323E-14,4.));
#2447 = CARTESIAN_POINT('',(-1.570796326795,3.5));
#2448 = ( GEOMETRIC_REPRESENTATION_CONTEXT(2) 
PARAMETRIC_REPRESENTATION_CONTEXT() REPRESENTATION_CONTEXT('2D SPACE',''
  ) );
#2449 = ORIENTED_EDGE('',*,*,#1785,.T.);
#2450 = ORIENTED_EDGE('',*,*,#1332,.T.);
#2451 = ADVANCED_FACE('',(#2452),#1449,.T.);
#2452 = FACE_BOUND('',#2453,.T.);
#2453 = EDGE_LOOP('',(#2454,#2477,#2478,#2506));
#2454 = ORIENTED_EDGE('',*,*,#2455,.T.);
#2455 = EDGE_CURVE('',#2456,#1333,#2458,.T.);
#2456 = VERTEX_POINT('',#2457);
#2457 = CARTESIAN_POINT('',(60.,15.,-14.));
#2458 = SURFACE_CURVE('',#2459,(#2463,#2470),.PCURVE_S1.);
#2459 = LINE('',#2460,#2461);
#2460 = CARTESIAN_POINT('',(60.,15.,-14.5));
#2461 = VECTOR('',#2462,1.);
#2462 = DIRECTION('',(0.,0.,1.));
#2463 = PCURVE('',#1449,#2464);
#2464 = DEFINITIONAL_REPRESENTATION('',(#2465),#2469);
#2465 = LINE('',#2466,#2467);
#2466 = CARTESIAN_POINT('',(1.5,2.));
#2467 = VECTOR('',#2468,1.);
#2468 = DIRECTION('',(1.,0.));
#2469 = ( GEOMETRIC_REPRESENTATION_CONTEXT(2) 
PARAMETRIC_REPRESENTATION_CONTEXT() REPRESENTATION_CONTEXT('2D SPACE',''
  ) );
#2470 = PCURVE('',#2439,#2471);
#2471 = DEFINITIONAL_REPRESENTATION('',(#2472),#2476);
#2472 = LINE('',#2473,#2474);
#2473 = CARTESIAN_POINT('',(-1.570796326795,0.));
#2474 = VECTOR('',#2475,1.);
#2475 = DIRECTION('',(-0.,1.));
#2476 = ( GEOMETRIC_REPRESENTATION_CONTEXT(2) 
PARAMETRIC_REPRESENTATION_CONTEXT() REPRESENTATION_CONTEXT('2D SPACE',''
  ) );
#2477 = ORIENTED_EDGE('',*,*,#1433,.T.);
#2478 = ORIENTED_EDGE('',*,*,#2479,.T.);
#2479 = EDGE_CURVE('',#1434,#2480,#2482,.T.);
#2480 = VERTEX_POINT('',#2481);
#2481 = CARTESIAN_POINT('',(78.,15.,-14.));
#2482 = SURFACE_CURVE('',#2483,(#2487,#2494),.PCURVE_S1.);
#2483 = LINE('',#2484,#2485);
#2484 = CARTESIAN_POINT('',(78.,15.,-10.5));
#2485 = VECTOR('',#2486,1.);
#2486 = DIRECTION('',(-0.,-0.,-1.));
#2487 = PCURVE('',#1449,#2488);
#2488 = DEFINITIONAL_REPRESENTATION('',(#2489),#2493);
#2489 = LINE('',#2490,#2491);
#2490 = CARTESIAN_POINT('',(5.5,20.));
#2491 = VECTOR('',#2492,1.);
#2492 = DIRECTION('',(-1.,0.));
#2493 = ( GEOMETRIC_REPRESENTATION_CONTEXT(2) 
PARAMETRIC_REPRESENTATION_CONTEXT() REPRESENTATION_CONTEXT('2D SPACE',''
  ) );
#2494 = PCURVE('',#2495,#2500);
#2495 = CYLINDRICAL_SURFACE('',#2496,2.);
#2496 = AXIS2_PLACEMENT_3D('',#2497,#2498,#2499);
#2497 = CARTESIAN_POINT('',(78.,13.,-10.5));
#2498 = DIRECTION('',(-0.,-0.,-1.));
#2499 = DIRECTION('',(1.,0.,-0.));
#2500 = DEFINITIONAL_REPRESENTATION('',(#2501),#2505);
#2501 = LINE('',#2502,#2503);
#2502 = CARTESIAN_POINT('',(-1.570796326795,0.));
#2503 = VECTOR('',#2504,1.);
#2504 = DIRECTION('',(-0.,1.));
#2505 = ( GEOMETRIC_REPRESENTATION_CONTEXT(2) 
PARAMETRIC_REPRESENTATION_CONTEXT() REPRESENTATION_CONTEXT('2D SPACE',''
  ) );
#2506 = ORIENTED_EDGE('',*,*,#2507,.T.);
#2507 = EDGE_CURVE('',#2480,#2456,#2508,.T.);
#2508 = SURFACE_CURVE('',#2509,(#2513,#2520),.PCURVE_S1.);
#2509 = LINE('',#2510,#2511);
#2510 = CARTESIAN_POINT('',(78.5,15.,-14.));
#2511 = VECTOR('',#2512,1.);
#2512 = DIRECTION('',(-1.,-0.,-0.));
#2513 = PCURVE('',#1449,#2514);
#2514 = DEFINITIONAL_REPRESENTATION('',(#2515),#2519);
#2515 = LINE('',#2516,#2517);
#2516 = CARTESIAN_POINT('',(2.,20.5));
#2517 = VECTOR('',#2518,1.);
#2518 = DIRECTION('',(0.,-1.));
#2519 = ( GEOMETRIC_REPRESENTATION_CONTEXT(2) 
PARAMETRIC_REPRESENTATION_CONTEXT() REPRESENTATION_CONTEXT('2D SPACE',''
  ) );
#2520 = PCURVE('',#2521,#2526);
#2521 = CYLINDRICAL_SURFACE('',#2522,2.);
#2522 = AXIS2_PLACEMENT_3D('',#2523,#2524,#2525);
#2523 = CARTESIAN_POINT('',(78.5,13.,-14.));
#2524 = DIRECTION('',(-1.,-0.,-0.));
#2525 = DIRECTION('',(0.,0.,-1.));
#2526 = DEFINITIONAL_REPRESENTATION('',(#2527),#2531);
#2527 = LINE('',#2528,#2529);
#2528 = CARTESIAN_POINT('',(-1.570796326795,0.));
#2529 = VECTOR('',#2530,1.);
#2530 = DIRECTION('',(-0.,1.));
#2531 = ( GEOMETRIC_REPRESENTATION_CONTEXT(2) 
PARAMETRIC_REPRESENTATION_CONTEXT() REPRESENTATION_CONTEXT('2D SPACE',''
  ) );
#2532 = ADVANCED_FACE('',(#2533),#1477,.T.);
#2533 = FACE_BOUND('',#2534,.T.);
#2534 = EDGE_LOOP('',(#2535,#2536,#2537));
#2535 = ORIENTED_EDGE('',*,*,#1461,.F.);
#2536 = ORIENTED_EDGE('',*,*,#2029,.T.);
#2537 = ORIENTED_EDGE('',*,*,#2538,.T.);
#2538 = EDGE_CURVE('',#2000,#1434,#2539,.T.);
#2539 = SURFACE_CURVE('',#2540,(#2550,#2557),.PCURVE_S1.);
#2540 = B_SPLINE_CURVE_WITH_KNOTS('',8,(#2541,#2542,#2543,#2544,#2545,
    #2546,#2547,#2548,#2549),.UNSPECIFIED.,.F.,.F.,(9,9),(0.,1.),
  .PIECEWISE_BEZIER_KNOTS.);
#2541 = CARTESIAN_POINT('',(80.,13.,-10.5));
#2542 = CARTESIAN_POINT('',(80.,13.392699081699,-10.5625));
#2543 = CARTESIAN_POINT('',(79.911878422077,13.785398287008,-10.625));
#2544 = CARTESIAN_POINT('',(79.735636131743,14.15502646867,-10.6875));
#2545 = CARTESIAN_POINT('',(79.478517511559,14.47851751156,-10.75));
#2546 = CARTESIAN_POINT('',(79.155026468671,14.735636131743,-10.8125));
#2547 = CARTESIAN_POINT('',(78.785398287008,14.911878422078,-10.875));
#2548 = CARTESIAN_POINT('',(78.392699081699,15.,-10.9375));
#2549 = CARTESIAN_POINT('',(78.,15.,-11.));
#2550 = PCURVE('',#1477,#2551);
#2551 = DEFINITIONAL_REPRESENTATION('',(#2552),#2556);
#2552 = LINE('',#2553,#2554);
#2553 = CARTESIAN_POINT('',(1.,0.));
#2554 = VECTOR('',#2555,1.);
#2555 = DIRECTION('',(0.,1.));
#2556 = ( GEOMETRIC_REPRESENTATION_CONTEXT(2) 
PARAMETRIC_REPRESENTATION_CONTEXT() REPRESENTATION_CONTEXT('2D SPACE',''
  ) );
#2557 = PCURVE('',#2495,#2558);
#2558 = DEFINITIONAL_REPRESENTATION('',(#2559),#2562);
#2559 = B_SPLINE_CURVE_WITH_KNOTS('',1,(#2560,#2561),.UNSPECIFIED.,.F.,
  .F.,(2,2),(0.,1.),.PIECEWISE_BEZIER_KNOTS.);
#2560 = CARTESIAN_POINT('',(0.,0.));
#2561 = CARTESIAN_POINT('',(-1.570796326795,0.5));
#2562 = ( GEOMETRIC_REPRESENTATION_CONTEXT(2) 
PARAMETRIC_REPRESENTATION_CONTEXT() REPRESENTATION_CONTEXT('2D SPACE',''
  ) );
#2563 = ADVANCED_FACE('',(#2564),#1585,.T.);
#2564 = FACE_BOUND('',#2565,.T.);
#2565 = EDGE_LOOP('',(#2566,#2597,#2598));
#2566 = ORIENTED_EDGE('',*,*,#2567,.F.);
#2567 = EDGE_CURVE('',#2244,#1565,#2568,.T.);
#2568 = SURFACE_CURVE('',#2569,(#2576,#2586),.PCURVE_S1.);
#2569 = B_SPLINE_CURVE_WITH_KNOTS('',5,(#2570,#2571,#2572,#2573,#2574,
    #2575),.UNSPECIFIED.,.F.,.F.,(6,6),(0.,1.),
  .PIECEWISE_BEZIER_KNOTS.);
#2570 = CARTESIAN_POINT('',(80.,13.,10.5));
#2571 = CARTESIAN_POINT('',(80.,13.628318530718,10.6));
#2572 = CARTESIAN_POINT('',(79.753969991909,14.257223286726,10.7));
#2573 = CARTESIAN_POINT('',(79.257223286726,14.753969991908,10.8));
#2574 = CARTESIAN_POINT('',(78.628318530718,15.,10.9));
#2575 = CARTESIAN_POINT('',(78.,15.,11.));
#2576 = PCURVE('',#1585,#2577);
#2577 = DEFINITIONAL_REPRESENTATION('',(#2578),#2585);
#2578 = B_SPLINE_CURVE_WITH_KNOTS('',5,(#2579,#2580,#2581,#2582,#2583,
    #2584),.UNSPECIFIED.,.F.,.F.,(6,6),(0.,1.),
  .PIECEWISE_BEZIER_KNOTS.);
#2579 = CARTESIAN_POINT('',(0.,0.));
#2580 = CARTESIAN_POINT('',(0.,0.2));
#2581 = CARTESIAN_POINT('',(0.,0.400033489672));
#2582 = CARTESIAN_POINT('',(0.,0.599966510328));
#2583 = CARTESIAN_POINT('',(0.,0.8));
#2584 = CARTESIAN_POINT('',(0.,1.));
#2585 = ( GEOMETRIC_REPRESENTATION_CONTEXT(2) 
PARAMETRIC_REPRESENTATION_CONTEXT() REPRESENTATION_CONTEXT('2D SPACE',''
  ) );
#2586 = PCURVE('',#2587,#2592);
#2587 = CYLINDRICAL_SURFACE('',#2588,2.);
#2588 = AXIS2_PLACEMENT_3D('',#2589,#2590,#2591);
#2589 = CARTESIAN_POINT('',(78.,13.,14.5));
#2590 = DIRECTION('',(-0.,-0.,-1.));
#2591 = DIRECTION('',(1.,0.,-0.));
#2592 = DEFINITIONAL_REPRESENTATION('',(#2593),#2596);
#2593 = B_SPLINE_CURVE_WITH_KNOTS('',1,(#2594,#2595),.UNSPECIFIED.,.F.,
  .F.,(2,2),(0.,1.),.PIECEWISE_BEZIER_KNOTS.);
#2594 = CARTESIAN_POINT('',(2.942091015257E-14,4.));
#2595 = CARTESIAN_POINT('',(-1.570796326795,3.5));
#2596 = ( GEOMETRIC_REPRESENTATION_CONTEXT(2) 
PARAMETRIC_REPRESENTATION_CONTEXT() REPRESENTATION_CONTEXT('2D SPACE',''
  ) );
#2597 = ORIENTED_EDGE('',*,*,#2273,.T.);
#2598 = ORIENTED_EDGE('',*,*,#1564,.T.);
#2599 = ADVANCED_FACE('',(#2600),#1681,.T.);
#2600 = FACE_BOUND('',#2601,.T.);
#2601 = EDGE_LOOP('',(#2602,#2625,#2653,#2674));
#2602 = ORIENTED_EDGE('',*,*,#2603,.T.);
#2603 = EDGE_CURVE('',#1666,#2604,#2606,.T.);
#2604 = VERTEX_POINT('',#2605);
#2605 = CARTESIAN_POINT('',(60.,15.,14.));
#2606 = SURFACE_CURVE('',#2607,(#2611,#2618),.PCURVE_S1.);
#2607 = LINE('',#2608,#2609);
#2608 = CARTESIAN_POINT('',(60.,15.,10.5));
#2609 = VECTOR('',#2610,1.);
#2610 = DIRECTION('',(0.,0.,1.));
#2611 = PCURVE('',#1681,#2612);
#2612 = DEFINITIONAL_REPRESENTATION('',(#2613),#2617);
#2613 = LINE('',#2614,#2615);
#2614 = CARTESIAN_POINT('',(1.5,2.));
#2615 = VECTOR('',#2616,1.);
#2616 = DIRECTION('',(1.,0.));
#2617 = ( GEOMETRIC_REPRESENTATION_CONTEXT(2) 
PARAMETRIC_REPRESENTATION_CONTEXT() REPRESENTATION_CONTEXT('2D SPACE',''
  ) );
#2618 = PCURVE('',#2324,#2619);
#2619 = DEFINITIONAL_REPRESENTATION('',(#2620),#2624);
#2620 = LINE('',#2621,#2622);
#2621 = CARTESIAN_POINT('',(-1.570796326795,0.));
#2622 = VECTOR('',#2623,1.);
#2623 = DIRECTION('',(-0.,1.));
#2624 = ( GEOMETRIC_REPRESENTATION_CONTEXT(2) 
PARAMETRIC_REPRESENTATION_CONTEXT() REPRESENTATION_CONTEXT('2D SPACE',''
  ) );
#2625 = ORIENTED_EDGE('',*,*,#2626,.T.);
#2626 = EDGE_CURVE('',#2604,#2627,#2629,.T.);
#2627 = VERTEX_POINT('',#2628);
#2628 = CARTESIAN_POINT('',(78.,15.,14.));
#2629 = SURFACE_CURVE('',#2630,(#2634,#2641),.PCURVE_S1.);
#2630 = LINE('',#2631,#2632);
#2631 = CARTESIAN_POINT('',(59.5,15.,14.));
#2632 = VECTOR('',#2633,1.);
#2633 = DIRECTION('',(1.,0.,0.));
#2634 = PCURVE('',#1681,#2635);
#2635 = DEFINITIONAL_REPRESENTATION('',(#2636),#2640);
#2636 = LINE('',#2637,#2638);
#2637 = CARTESIAN_POINT('',(5.,1.5));
#2638 = VECTOR('',#2639,1.);
#2639 = DIRECTION('',(0.,1.));
#2640 = ( GEOMETRIC_REPRESENTATION_CONTEXT(2) 
PARAMETRIC_REPRESENTATION_CONTEXT() REPRESENTATION_CONTEXT('2D SPACE',''
  ) );
#2641 = PCURVE('',#2642,#2647);
#2642 = CYLINDRICAL_SURFACE('',#2643,2.);
#2643 = AXIS2_PLACEMENT_3D('',#2644,#2645,#2646);
#2644 = CARTESIAN_POINT('',(59.5,13.,14.));
#2645 = DIRECTION('',(1.,0.,0.));
#2646 = DIRECTION('',(0.,0.,1.));
#2647 = DEFINITIONAL_REPRESENTATION('',(#2648),#2652);
#2648 = LINE('',#2649,#2650);
#2649 = CARTESIAN_POINT('',(-1.570796326795,0.));
#2650 = VECTOR('',#2651,1.);
#2651 = DIRECTION('',(-0.,1.));
#2652 = ( GEOMETRIC_REPRESENTATION_CONTEXT(2) 
PARAMETRIC_REPRESENTATION_CONTEXT() REPRESENTATION_CONTEXT('2D SPACE',''
  ) );
#2653 = ORIENTED_EDGE('',*,*,#2654,.T.);
#2654 = EDGE_CURVE('',#2627,#1565,#2655,.T.);
#2655 = SURFACE_CURVE('',#2656,(#2660,#2667),.PCURVE_S1.);
#2656 = LINE('',#2657,#2658);
#2657 = CARTESIAN_POINT('',(78.,15.,14.5));
#2658 = VECTOR('',#2659,1.);
#2659 = DIRECTION('',(-0.,-0.,-1.));
#2660 = PCURVE('',#1681,#2661);
#2661 = DEFINITIONAL_REPRESENTATION('',(#2662),#2666);
#2662 = LINE('',#2663,#2664);
#2663 = CARTESIAN_POINT('',(5.5,20.));
#2664 = VECTOR('',#2665,1.);
#2665 = DIRECTION('',(-1.,0.));
#2666 = ( GEOMETRIC_REPRESENTATION_CONTEXT(2) 
PARAMETRIC_REPRESENTATION_CONTEXT() REPRESENTATION_CONTEXT('2D SPACE',''
  ) );
#2667 = PCURVE('',#2587,#2668);
#2668 = DEFINITIONAL_REPRESENTATION('',(#2669),#2673);
#2669 = LINE('',#2670,#2671);
#2670 = CARTESIAN_POINT('',(-1.570796326795,0.));
#2671 = VECTOR('',#2672,1.);
#2672 = DIRECTION('',(-0.,1.));
#2673 = ( GEOMETRIC_REPRESENTATION_CONTEXT(2) 
PARAMETRIC_REPRESENTATION_CONTEXT() REPRESENTATION_CONTEXT('2D SPACE',''
  ) );
#2674 = ORIENTED_EDGE('',*,*,#1665,.T.);
#2675 = ADVANCED_FACE('',(#2676),#1741,.F.);
#2676 = FACE_BOUND('',#2677,.F.);
#2677 = EDGE_LOOP('',(#2678,#2708,#2729,#2730));
#2678 = ORIENTED_EDGE('',*,*,#2679,.T.);
#2679 = EDGE_CURVE('',#2680,#2682,#2684,.T.);
#2680 = VERTEX_POINT('',#2681);
#2681 = CARTESIAN_POINT('',(58.,-13.,-14.5));
#2682 = VERTEX_POINT('',#2683);
#2683 = CARTESIAN_POINT('',(58.,13.,-14.5));
#2684 = SURFACE_CURVE('',#2685,(#2689,#2696),.PCURVE_S1.);
#2685 = LINE('',#2686,#2687);
#2686 = CARTESIAN_POINT('',(58.,-15.,-14.5));
#2687 = VECTOR('',#2688,1.);
#2688 = DIRECTION('',(0.,1.,0.));
#2689 = PCURVE('',#1741,#2690);
#2690 = DEFINITIONAL_REPRESENTATION('',(#2691),#2695);
#2691 = LINE('',#2692,#2693);
#2692 = CARTESIAN_POINT('',(1.5,0.));
#2693 = VECTOR('',#2694,1.);
#2694 = DIRECTION('',(0.,-1.));
#2695 = ( GEOMETRIC_REPRESENTATION_CONTEXT(2) 
PARAMETRIC_REPRESENTATION_CONTEXT() REPRESENTATION_CONTEXT('2D SPACE',''
  ) );
#2696 = PCURVE('',#2697,#2702);
#2697 = CYLINDRICAL_SURFACE('',#2698,1.5);
#2698 = AXIS2_PLACEMENT_3D('',#2699,#2700,#2701);
#2699 = CARTESIAN_POINT('',(59.5,-15.,-14.5));
#2700 = DIRECTION('',(0.,1.,0.));
#2701 = DIRECTION('',(-1.,0.,0.));
#2702 = DEFINITIONAL_REPRESENTATION('',(#2703),#2707);
#2703 = LINE('',#2704,#2705);
#2704 = CARTESIAN_POINT('',(-0.,0.));
#2705 = VECTOR('',#2706,1.);
#2706 = DIRECTION('',(-0.,1.));
#2707 = ( GEOMETRIC_REPRESENTATION_CONTEXT(2) 
PARAMETRIC_REPRESENTATION_CONTEXT() REPRESENTATION_CONTEXT('2D SPACE',''
  ) );
#2708 = ORIENTED_EDGE('',*,*,#2709,.T.);
#2709 = EDGE_CURVE('',#2682,#1726,#2710,.T.);
#2710 = SURFACE_CURVE('',#2711,(#2715,#2722),.PCURVE_S1.);
#2711 = LINE('',#2712,#2713);
#2712 = CARTESIAN_POINT('',(58.,13.,-14.5));
#2713 = VECTOR('',#2714,1.);
#2714 = DIRECTION('',(0.,0.,1.));
#2715 = PCURVE('',#1741,#2716);
#2716 = DEFINITIONAL_REPRESENTATION('',(#2717),#2721);
#2717 = LINE('',#2718,#2719);
#2718 = CARTESIAN_POINT('',(1.5,-28.));
#2719 = VECTOR('',#2720,1.);
#2720 = DIRECTION('',(1.,0.));
#2721 = ( GEOMETRIC_REPRESENTATION_CONTEXT(2) 
PARAMETRIC_REPRESENTATION_CONTEXT() REPRESENTATION_CONTEXT('2D SPACE',''
  ) );
#2722 = PCURVE('',#2439,#2723);
#2723 = DEFINITIONAL_REPRESENTATION('',(#2724),#2728);
#2724 = LINE('',#2725,#2726);
#2725 = CARTESIAN_POINT('',(-0.,0.));
#2726 = VECTOR('',#2727,1.);
#2727 = DIRECTION('',(-0.,1.));
#2728 = ( GEOMETRIC_REPRESENTATION_CONTEXT(2) 
PARAMETRIC_REPRESENTATION_CONTEXT() REPRESENTATION_CONTEXT('2D SPACE',''
  ) );
#2729 = ORIENTED_EDGE('',*,*,#1723,.F.);
#2730 = ORIENTED_EDGE('',*,*,#2731,.F.);
#2731 = EDGE_CURVE('',#2680,#1724,#2732,.T.);
#2732 = SURFACE_CURVE('',#2733,(#2737,#2744),.PCURVE_S1.);
#2733 = LINE('',#2734,#2735);
#2734 = CARTESIAN_POINT('',(58.,-13.,-14.5));
#2735 = VECTOR('',#2736,1.);
#2736 = DIRECTION('',(0.,0.,1.));
#2737 = PCURVE('',#1741,#2738);
#2738 = DEFINITIONAL_REPRESENTATION('',(#2739),#2743);
#2739 = LINE('',#2740,#2741);
#2740 = CARTESIAN_POINT('',(1.5,-2.));
#2741 = VECTOR('',#2742,1.);
#2742 = DIRECTION('',(1.,0.));
#2743 = ( GEOMETRIC_REPRESENTATION_CONTEXT(2) 
PARAMETRIC_REPRESENTATION_CONTEXT() REPRESENTATION_CONTEXT('2D SPACE',''
  ) );
#2744 = PCURVE('',#1839,#2745);
#2745 = DEFINITIONAL_REPRESENTATION('',(#2746),#2750);
#2746 = LINE('',#2747,#2748);
#2747 = CARTESIAN_POINT('',(0.,0.));
#2748 = VECTOR('',#2749,1.);
#2749 = DIRECTION('',(0.,1.));
#2750 = ( GEOMETRIC_REPRESENTATION_CONTEXT(2) 
PARAMETRIC_REPRESENTATION_CONTEXT() REPRESENTATION_CONTEXT('2D SPACE',''
  ) );
#2751 = ADVANCED_FACE('',(#2752),#1839,.T.);
#2752 = FACE_BOUND('',#2753,.T.);
#2753 = EDGE_LOOP('',(#2754,#2853,#2854,#2855));
#2754 = ORIENTED_EDGE('',*,*,#2755,.T.);
#2755 = EDGE_CURVE('',#2680,#1856,#2756,.T.);
#2756 = SURFACE_CURVE('',#2757,(#2764,#2770),.PCURVE_S1.);
#2757 = B_SPLINE_CURVE_WITH_KNOTS('',5,(#2758,#2759,#2760,#2761,#2762,
    #2763),.UNSPECIFIED.,.F.,.F.,(6,6),(0.,1.),
  .PIECEWISE_BEZIER_KNOTS.);
#2758 = CARTESIAN_POINT('',(58.,-13.,-14.5));
#2759 = CARTESIAN_POINT('',(58.,-13.62831853071,-14.4));
#2760 = CARTESIAN_POINT('',(58.246030008091,-14.25722328672,-14.3));
#2761 = CARTESIAN_POINT('',(58.742776713274,-14.7539699919,-14.2));
#2762 = CARTESIAN_POINT('',(59.371681469282,-15.,-14.1));
#2763 = CARTESIAN_POINT('',(60.,-15.,-14.));
#2764 = PCURVE('',#1839,#2765);
#2765 = DEFINITIONAL_REPRESENTATION('',(#2766),#2769);
#2766 = B_SPLINE_CURVE_WITH_KNOTS('',1,(#2767,#2768),.UNSPECIFIED.,.F.,
  .F.,(2,2),(0.,1.),.PIECEWISE_BEZIER_KNOTS.);
#2767 = CARTESIAN_POINT('',(-2.109423746788E-14,-6.772360450213E-15));
#2768 = CARTESIAN_POINT('',(1.570796326795,0.5));
#2769 = ( GEOMETRIC_REPRESENTATION_CONTEXT(2) 
PARAMETRIC_REPRESENTATION_CONTEXT() REPRESENTATION_CONTEXT('2D SPACE',''
  ) );
#2770 = PCURVE('',#2771,#2844);
#2771 = B_SPLINE_SURFACE_WITH_KNOTS('',7,8,(
    (#2772,#2773,#2774,#2775,#2776,#2777,#2778,#2779,#2780)
    ,(#2781,#2782,#2783,#2784,#2785,#2786,#2787,#2788,#2789)
    ,(#2790,#2791,#2792,#2793,#2794,#2795,#2796,#2797,#2798)
    ,(#2799,#2800,#2801,#2802,#2803,#2804,#2805,#2806,#2807)
    ,(#2808,#2809,#2810,#2811,#2812,#2813,#2814,#2815,#2816)
    ,(#2817,#2818,#2819,#2820,#2821,#2822,#2823,#2824,#2825)
    ,(#2826,#2827,#2828,#2829,#2830,#2831,#2832,#2833,#2834)
    ,(#2835,#2836,#2837,#2838,#2839,#2840,#2841,#2842,#2843
  )),.UNSPECIFIED.,.F.,.F.,.F.,(8,8),(9,9),(0.,1.),(0.,1.),
  .PIECEWISE_BEZIER_KNOTS.);
#2772 = CARTESIAN_POINT('',(59.5,-13.,-16.));
#2773 = CARTESIAN_POINT('',(59.5625,-13.39269908169,-16.));
#2774 = CARTESIAN_POINT('',(59.625,-13.785398287,-15.91187842207));
#2775 = CARTESIAN_POINT('',(59.6875,-14.15502646867,-15.73563613174));
#2776 = CARTESIAN_POINT('',(59.75,-14.47851751156,-15.47851751155));
#2777 = CARTESIAN_POINT('',(59.8125,-14.73563613174,-15.15502646867));
#2778 = CARTESIAN_POINT('',(59.875,-14.91187842207,-14.785398287));
#2779 = CARTESIAN_POINT('',(59.9375,-15.,-14.39269908169));
#2780 = CARTESIAN_POINT('',(60.,-15.,-14.));
#2781 = CARTESIAN_POINT('',(59.163400799074,-13.,-16.));
#2782 = CARTESIAN_POINT('',(59.232261413476,-13.39269908169,
    -16.00701248335));
#2783 = CARTESIAN_POINT('',(59.313710824723,-13.80138494882,
    -15.92181878027));
#2784 = CARTESIAN_POINT('',(59.407748909172,-14.19340426201,
    -15.73346431363));
#2785 = CARTESIAN_POINT('',(59.513340755029,-14.52425596545,
    -15.44747350044));
#2786 = CARTESIAN_POINT('',(59.628414375557,-14.76273691395,
    -15.10910338614));
#2787 = CARTESIAN_POINT('',(59.75007901591,-14.92109350838,
    -14.74668748802));
#2788 = CARTESIAN_POINT('',(59.875039516784,-15.,-14.37231349859));
#2789 = CARTESIAN_POINT('',(60.,-15.,-14.));
#2790 = CARTESIAN_POINT('',(58.826803175761,-13.,-15.9118766665));
#2791 = CARTESIAN_POINT('',(58.878411354488,-13.39269908169,
    -15.93378011783));
#2792 = CARTESIAN_POINT('',(58.921830628337,-13.81204272336,
    -15.8074460436));
#2793 = CARTESIAN_POINT('',(59.037394904579,-14.21898945757,
    -15.60850824211));
#2794 = CARTESIAN_POINT('',(59.196823534842,-14.55474826805,
    -15.3163091705));
#2795 = CARTESIAN_POINT('',(59.383076278696,-14.78080410209,
    -14.98755086925));
#2796 = CARTESIAN_POINT('',(59.583935303645,-14.92723689925,
    -14.65309560223));
#2797 = CARTESIAN_POINT('',(59.766671955308,-15.,-14.29199587053));
#2798 = CARTESIAN_POINT('',(60.,-15.,-14.));
#2799 = CARTESIAN_POINT('',(58.517879614613,-13.,-15.73564409668));
#2800 = CARTESIAN_POINT('',(58.530356700788,-13.39269908169,
    -15.7576458597));
#2801 = CARTESIAN_POINT('',(58.597244728102,-13.81737161063,
    -15.66103669005));
#2802 = CARTESIAN_POINT('',(58.747944891517,-14.23178205535,
    -15.48012328161));
#2803 = CARTESIAN_POINT('',(58.967795994818,-14.56999441934,
    -15.21065094441));
#2804 = CARTESIAN_POINT('',(59.219884618773,-14.78983769616,
    -14.90596340773));
#2805 = CARTESIAN_POINT('',(59.481982442025,-14.93030859469,
    -14.59614860185));
#2806 = CARTESIAN_POINT('',(59.737341994465,-15.,-14.27669087639));
#2807 = CARTESIAN_POINT('',(60.,-15.,-14.));
#2808 = CARTESIAN_POINT('',(58.264355903314,-13.,-15.48212038538));
#2809 = CARTESIAN_POINT('',(58.242354140298,-13.39269908169,
    -15.46964329921));
#2810 = CARTESIAN_POINT('',(58.338963309942,-13.81737161063,
    -15.40275527189));
#2811 = CARTESIAN_POINT('',(58.51987671839,-14.23178205535,
    -15.25205510848));
#2812 = CARTESIAN_POINT('',(58.789349055583,-14.56999441934,
    -15.03220400518));
#2813 = CARTESIAN_POINT('',(59.094036592261,-14.78983769616,
    -14.78011538122));
#2814 = CARTESIAN_POINT('',(59.403851398147,-14.93030859469,
    -14.51801755797));
#2815 = CARTESIAN_POINT('',(59.723309123605,-15.,-14.26265800553));
#2816 = CARTESIAN_POINT('',(60.,-15.,-14.));
#2817 = CARTESIAN_POINT('',(58.088123333497,-13.,-15.17319682423));
#2818 = CARTESIAN_POINT('',(58.066219882163,-13.39269908169,
    -15.12158864551));
#2819 = CARTESIAN_POINT('',(58.192553956393,-13.81204272336,
    -15.07816937166));
#2820 = CARTESIAN_POINT('',(58.391491757886,-14.21898945757,
    -14.96260509542));
#2821 = CARTESIAN_POINT('',(58.683690829498,-14.55474826805,
    -14.80317646515));
#2822 = CARTESIAN_POINT('',(59.012449130741,-14.78080410209,
    -14.6169237213));
#2823 = CARTESIAN_POINT('',(59.34690439777,-14.92723689925,
    -14.41606469635));
#2824 = CARTESIAN_POINT('',(59.708004129467,-15.,-14.23332804469));
#2825 = CARTESIAN_POINT('',(60.,-15.,-14.));
#2826 = CARTESIAN_POINT('',(58.,-13.,-14.83659920092));
#2827 = CARTESIAN_POINT('',(57.992987516647,-13.39269908169,
    -14.76773858652));
#2828 = CARTESIAN_POINT('',(58.078181219728,-13.80138494882,
    -14.68628917527));
#2829 = CARTESIAN_POINT('',(58.266535686364,-14.19340426201,
    -14.59225109082));
#2830 = CARTESIAN_POINT('',(58.552526499555,-14.52425596545,
    -14.48665924497));
#2831 = CARTESIAN_POINT('',(58.890896613859,-14.76273691395,
    -14.37158562444));
#2832 = CARTESIAN_POINT('',(59.253312511976,-14.92109350838,
    -14.24992098409));
#2833 = CARTESIAN_POINT('',(59.627686501401,-15.,-14.12496048321));
#2834 = CARTESIAN_POINT('',(60.,-15.,-14.));
#2835 = CARTESIAN_POINT('',(58.,-13.,-14.5));
#2836 = CARTESIAN_POINT('',(58.,-13.39269908169,-14.4375));
#2837 = CARTESIAN_POINT('',(58.088121577922,-13.785398287,-14.375));
#2838 = CARTESIAN_POINT('',(58.264363868257,-14.15502646867,-14.3125));
#2839 = CARTESIAN_POINT('',(58.52148248844,-14.47851751156,-14.25));
#2840 = CARTESIAN_POINT('',(58.84497353133,-14.73563613174,-14.1875));
#2841 = CARTESIAN_POINT('',(59.214601712992,-14.91187842207,-14.125));
#2842 = CARTESIAN_POINT('',(59.607300918301,-15.,-14.0625));
#2843 = CARTESIAN_POINT('',(60.,-15.,-14.));
#2844 = DEFINITIONAL_REPRESENTATION('',(#2845),#2852);
#2845 = B_SPLINE_CURVE_WITH_KNOTS('',5,(#2846,#2847,#2848,#2849,#2850,
    #2851),.UNSPECIFIED.,.F.,.F.,(6,6),(0.,1.),
  .PIECEWISE_BEZIER_KNOTS.);
#2846 = CARTESIAN_POINT('',(1.,-5.551115123126E-17));
#2847 = CARTESIAN_POINT('',(1.,0.2));
#2848 = CARTESIAN_POINT('',(1.,0.400033489672));
#2849 = CARTESIAN_POINT('',(1.,0.599966510328));
#2850 = CARTESIAN_POINT('',(1.,0.8));
#2851 = CARTESIAN_POINT('',(1.,1.));
#2852 = ( GEOMETRIC_REPRESENTATION_CONTEXT(2) 
PARAMETRIC_REPRESENTATION_CONTEXT() REPRESENTATION_CONTEXT('2D SPACE',''
  ) );
#2853 = ORIENTED_EDGE('',*,*,#1855,.T.);
#2854 = ORIENTED_EDGE('',*,*,#1819,.F.);
#2855 = ORIENTED_EDGE('',*,*,#2731,.F.);
#2856 = ADVANCED_FACE('',(#2857),#1921,.T.);
#2857 = FACE_BOUND('',#2858,.T.);
#2858 = EDGE_LOOP('',(#2859,#2960,#2961,#2989));
#2859 = ORIENTED_EDGE('',*,*,#2860,.T.);
#2860 = EDGE_CURVE('',#2861,#1880,#2863,.T.);
#2861 = VERTEX_POINT('',#2862);
#2862 = CARTESIAN_POINT('',(78.5,-13.,-16.));
#2863 = SURFACE_CURVE('',#2864,(#2874,#2880),.PCURVE_S1.);
#2864 = B_SPLINE_CURVE_WITH_KNOTS('',8,(#2865,#2866,#2867,#2868,#2869,
    #2870,#2871,#2872,#2873),.UNSPECIFIED.,.F.,.F.,(9,9),(0.,1.),
  .PIECEWISE_BEZIER_KNOTS.);
#2865 = CARTESIAN_POINT('',(78.5,-13.,-16.));
#2866 = CARTESIAN_POINT('',(78.4375,-13.39269908169,-16.));
#2867 = CARTESIAN_POINT('',(78.375,-13.785398287,-15.91187842207));
#2868 = CARTESIAN_POINT('',(78.3125,-14.15502646867,-15.73563613174));
#2869 = CARTESIAN_POINT('',(78.25,-14.47851751156,-15.47851751155));
#2870 = CARTESIAN_POINT('',(78.1875,-14.73563613174,-15.15502646867));
#2871 = CARTESIAN_POINT('',(78.125,-14.91187842207,-14.785398287));
#2872 = CARTESIAN_POINT('',(78.0625,-15.,-14.39269908169));
#2873 = CARTESIAN_POINT('',(78.,-15.,-14.));
#2874 = PCURVE('',#1921,#2875);
#2875 = DEFINITIONAL_REPRESENTATION('',(#2876),#2879);
#2876 = B_SPLINE_CURVE_WITH_KNOTS('',1,(#2877,#2878),.UNSPECIFIED.,.F.,
  .F.,(2,2),(0.,1.),.PIECEWISE_BEZIER_KNOTS.);
#2877 = CARTESIAN_POINT('',(0.,0.));
#2878 = CARTESIAN_POINT('',(1.570796326795,0.5));
#2879 = ( GEOMETRIC_REPRESENTATION_CONTEXT(2) 
PARAMETRIC_REPRESENTATION_CONTEXT() REPRESENTATION_CONTEXT('2D SPACE',''
  ) );
#2880 = PCURVE('',#2881,#2954);
#2881 = B_SPLINE_SURFACE_WITH_KNOTS('',7,8,(
    (#2882,#2883,#2884,#2885,#2886,#2887,#2888,#2889,#2890)
    ,(#2891,#2892,#2893,#2894,#2895,#2896,#2897,#2898,#2899)
    ,(#2900,#2901,#2902,#2903,#2904,#2905,#2906,#2907,#2908)
    ,(#2909,#2910,#2911,#2912,#2913,#2914,#2915,#2916,#2917)
    ,(#2918,#2919,#2920,#2921,#2922,#2923,#2924,#2925,#2926)
    ,(#2927,#2928,#2929,#2930,#2931,#2932,#2933,#2934,#2935)
    ,(#2936,#2937,#2938,#2939,#2940,#2941,#2942,#2943,#2944)
    ,(#2945,#2946,#2947,#2948,#2949,#2950,#2951,#2952,#2953
  )),.UNSPECIFIED.,.F.,.F.,.F.,(8,8),(9,9),(0.,1.),(0.,1.),
  .PIECEWISE_BEZIER_KNOTS.);
#2882 = CARTESIAN_POINT('',(80.,-13.,-14.5));
#2883 = CARTESIAN_POINT('',(80.,-13.39269908169,-14.4375));
#2884 = CARTESIAN_POINT('',(79.911878422077,-13.785398287,-14.375));
#2885 = CARTESIAN_POINT('',(79.735636131743,-14.15502646867,-14.3125));
#2886 = CARTESIAN_POINT('',(79.478517511559,-14.47851751156,-14.25));
#2887 = CARTESIAN_POINT('',(79.155026468671,-14.73563613174,-14.1875));
#2888 = CARTESIAN_POINT('',(78.785398287008,-14.91187842207,-14.125));
#2889 = CARTESIAN_POINT('',(78.392699081699,-15.,-14.0625));
#2890 = CARTESIAN_POINT('',(78.,-15.,-14.));
#2891 = CARTESIAN_POINT('',(80.,-13.,-14.83659920092));
#2892 = CARTESIAN_POINT('',(80.007012483353,-13.39269908169,
    -14.76773858652));
#2893 = CARTESIAN_POINT('',(79.921818780271,-13.80138494882,
    -14.68628917527));
#2894 = CARTESIAN_POINT('',(79.733464313636,-14.19340426201,
    -14.59225109082));
#2895 = CARTESIAN_POINT('',(79.447473500444,-14.52425596545,
    -14.48665924497));
#2896 = CARTESIAN_POINT('',(79.109103386141,-14.76273691395,
    -14.37158562444));
#2897 = CARTESIAN_POINT('',(78.746687488023,-14.92109350838,
    -14.24992098409));
#2898 = CARTESIAN_POINT('',(78.372313498599,-15.,-14.12496048321));
#2899 = CARTESIAN_POINT('',(78.,-15.,-14.));
#2900 = CARTESIAN_POINT('',(79.911876666503,-13.,-15.17319682423));
#2901 = CARTESIAN_POINT('',(79.933780117837,-13.39269908169,
    -15.12158864551));
#2902 = CARTESIAN_POINT('',(79.807446043607,-13.81204272336,
    -15.07816937166));
#2903 = CARTESIAN_POINT('',(79.608508242115,-14.21898945757,
    -14.96260509542));
#2904 = CARTESIAN_POINT('',(79.316309170502,-14.55474826805,
    -14.80317646515));
#2905 = CARTESIAN_POINT('',(78.987550869259,-14.78080410209,
    -14.6169237213));
#2906 = CARTESIAN_POINT('',(78.65309560223,-14.92723689925,
    -14.41606469635));
#2907 = CARTESIAN_POINT('',(78.291995870533,-15.,-14.23332804469));
#2908 = CARTESIAN_POINT('',(78.,-15.,-14.));
#2909 = CARTESIAN_POINT('',(79.735644096685,-13.,-15.48212038538));
#2910 = CARTESIAN_POINT('',(79.757645859701,-13.39269908169,
    -15.46964329921));
#2911 = CARTESIAN_POINT('',(79.661036690057,-13.81737161063,
    -15.40275527189));
#2912 = CARTESIAN_POINT('',(79.48012328161,-14.23178205535,
    -15.25205510848));
#2913 = CARTESIAN_POINT('',(79.210650944417,-14.56999441934,
    -15.03220400518));
#2914 = CARTESIAN_POINT('',(78.905963407739,-14.78983769616,
    -14.78011538122));
#2915 = CARTESIAN_POINT('',(78.596148601852,-14.93030859469,
    -14.51801755797));
#2916 = CARTESIAN_POINT('',(78.276690876395,-15.,-14.26265800553));
#2917 = CARTESIAN_POINT('',(78.,-15.,-14.));
#2918 = CARTESIAN_POINT('',(79.482120385389,-13.,-15.73564409668));
#2919 = CARTESIAN_POINT('',(79.469643299214,-13.39269908169,
    -15.7576458597));
#2920 = CARTESIAN_POINT('',(79.402755271899,-13.81737161063,
    -15.66103669005));
#2921 = CARTESIAN_POINT('',(79.252055108484,-14.23178205535,
    -15.48012328161));
#2922 = CARTESIAN_POINT('',(79.032204005182,-14.56999441934,
    -15.21065094441));
#2923 = CARTESIAN_POINT('',(78.780115381227,-14.78983769616,
    -14.90596340773));
#2924 = CARTESIAN_POINT('',(78.518017557975,-14.93030859469,
    -14.59614860185));
#2925 = CARTESIAN_POINT('',(78.262658005536,-15.,-14.27669087639));
#2926 = CARTESIAN_POINT('',(78.,-15.,-14.));
#2927 = CARTESIAN_POINT('',(79.173196824238,-13.,-15.9118766665));
#2928 = CARTESIAN_POINT('',(79.121588645511,-13.39269908169,
    -15.93378011783));
#2929 = CARTESIAN_POINT('',(79.078169371662,-13.81204272336,
    -15.8074460436));
#2930 = CARTESIAN_POINT('',(78.96260509542,-14.21898945757,
    -15.60850824211));
#2931 = CARTESIAN_POINT('',(78.803176465157,-14.55474826805,
    -15.3163091705));
#2932 = CARTESIAN_POINT('',(78.616923721304,-14.78080410209,
    -14.98755086925));
#2933 = CARTESIAN_POINT('',(78.416064696354,-14.92723689925,
    -14.65309560223));
#2934 = CARTESIAN_POINT('',(78.233328044692,-15.,-14.29199587053));
#2935 = CARTESIAN_POINT('',(78.,-15.,-14.));
#2936 = CARTESIAN_POINT('',(78.836599200926,-13.,-16.));
#2937 = CARTESIAN_POINT('',(78.767738586525,-13.39269908169,
    -16.00701248335));
#2938 = CARTESIAN_POINT('',(78.686289175277,-13.80138494882,
    -15.92181878027));
#2939 = CARTESIAN_POINT('',(78.592251090828,-14.19340426201,
    -15.73346431363));
#2940 = CARTESIAN_POINT('',(78.486659244972,-14.52425596545,
    -15.44747350044));
#2941 = CARTESIAN_POINT('',(78.371585624443,-14.76273691395,
    -15.10910338614));
#2942 = CARTESIAN_POINT('',(78.24992098409,-14.92109350838,
    -14.74668748802));
#2943 = CARTESIAN_POINT('',(78.124960483216,-15.,-14.37231349859));
#2944 = CARTESIAN_POINT('',(78.,-15.,-14.));
#2945 = CARTESIAN_POINT('',(78.5,-13.,-16.));
#2946 = CARTESIAN_POINT('',(78.4375,-13.39269908169,-16.));
#2947 = CARTESIAN_POINT('',(78.375,-13.785398287,-15.91187842207));
#2948 = CARTESIAN_POINT('',(78.3125,-14.15502646867,-15.73563613174));
#2949 = CARTESIAN_POINT('',(78.25,-14.47851751156,-15.47851751155));
#2950 = CARTESIAN_POINT('',(78.1875,-14.73563613174,-15.15502646867));
#2951 = CARTESIAN_POINT('',(78.125,-14.91187842207,-14.785398287));
#2952 = CARTESIAN_POINT('',(78.0625,-15.,-14.39269908169));
#2953 = CARTESIAN_POINT('',(78.,-15.,-14.));
#2954 = DEFINITIONAL_REPRESENTATION('',(#2955),#2959);
#2955 = LINE('',#2956,#2957);
#2956 = CARTESIAN_POINT('',(1.,0.));
#2957 = VECTOR('',#2958,1.);
#2958 = DIRECTION('',(0.,1.));
#2959 = ( GEOMETRIC_REPRESENTATION_CONTEXT(2) 
PARAMETRIC_REPRESENTATION_CONTEXT() REPRESENTATION_CONTEXT('2D SPACE',''
  ) );
#2960 = ORIENTED_EDGE('',*,*,#1907,.T.);
#2961 = ORIENTED_EDGE('',*,*,#2962,.F.);
#2962 = EDGE_CURVE('',#2963,#1856,#2965,.T.);
#2963 = VERTEX_POINT('',#2964);
#2964 = CARTESIAN_POINT('',(59.5,-13.,-16.));
#2965 = SURFACE_CURVE('',#2966,(#2973,#2979),.PCURVE_S1.);
#2966 = B_SPLINE_CURVE_WITH_KNOTS('',5,(#2967,#2968,#2969,#2970,#2971,
    #2972),.UNSPECIFIED.,.F.,.F.,(6,6),(0.,1.),
  .PIECEWISE_BEZIER_KNOTS.);
#2967 = CARTESIAN_POINT('',(59.5,-13.,-16.));
#2968 = CARTESIAN_POINT('',(59.6,-13.62831853071,-16.));
#2969 = CARTESIAN_POINT('',(59.7,-14.25722328672,-15.7539699919));
#2970 = CARTESIAN_POINT('',(59.8,-14.7539699919,-15.25722328672));
#2971 = CARTESIAN_POINT('',(59.9,-15.,-14.62831853071));
#2972 = CARTESIAN_POINT('',(60.,-15.,-14.));
#2973 = PCURVE('',#1921,#2974);
#2974 = DEFINITIONAL_REPRESENTATION('',(#2975),#2978);
#2975 = B_SPLINE_CURVE_WITH_KNOTS('',1,(#2976,#2977),.UNSPECIFIED.,.F.,
  .F.,(2,2),(0.,1.),.PIECEWISE_BEZIER_KNOTS.);
#2976 = CARTESIAN_POINT('',(-3.01980662698E-14,19.));
#2977 = CARTESIAN_POINT('',(1.570796326795,18.5));
#2978 = ( GEOMETRIC_REPRESENTATION_CONTEXT(2) 
PARAMETRIC_REPRESENTATION_CONTEXT() REPRESENTATION_CONTEXT('2D SPACE',''
  ) );
#2979 = PCURVE('',#2771,#2980);
#2980 = DEFINITIONAL_REPRESENTATION('',(#2981),#2988);
#2981 = B_SPLINE_CURVE_WITH_KNOTS('',5,(#2982,#2983,#2984,#2985,#2986,
    #2987),.UNSPECIFIED.,.F.,.F.,(6,6),(0.,1.),
  .PIECEWISE_BEZIER_KNOTS.);
#2982 = CARTESIAN_POINT('',(0.,0.));
#2983 = CARTESIAN_POINT('',(0.,0.2));
#2984 = CARTESIAN_POINT('',(0.,0.400033489672));
#2985 = CARTESIAN_POINT('',(0.,0.599966510328));
#2986 = CARTESIAN_POINT('',(0.,0.8));
#2987 = CARTESIAN_POINT('',(0.,1.));
#2988 = ( GEOMETRIC_REPRESENTATION_CONTEXT(2) 
PARAMETRIC_REPRESENTATION_CONTEXT() REPRESENTATION_CONTEXT('2D SPACE',''
  ) );
#2989 = ORIENTED_EDGE('',*,*,#2990,.F.);
#2990 = EDGE_CURVE('',#2861,#2963,#2991,.T.);
#2991 = SURFACE_CURVE('',#2992,(#2996,#3003),.PCURVE_S1.);
#2992 = LINE('',#2993,#2994);
#2993 = CARTESIAN_POINT('',(78.5,-13.,-16.));
#2994 = VECTOR('',#2995,1.);
#2995 = DIRECTION('',(-1.,-0.,-0.));
#2996 = PCURVE('',#1921,#2997);
#2997 = DEFINITIONAL_REPRESENTATION('',(#2998),#3002);
#2998 = LINE('',#2999,#3000);
#2999 = CARTESIAN_POINT('',(0.,0.));
#3000 = VECTOR('',#3001,1.);
#3001 = DIRECTION('',(0.,1.));
#3002 = ( GEOMETRIC_REPRESENTATION_CONTEXT(2) 
PARAMETRIC_REPRESENTATION_CONTEXT() REPRESENTATION_CONTEXT('2D SPACE',''
  ) );
#3003 = PCURVE('',#3004,#3009);
#3004 = PLANE('',#3005);
#3005 = AXIS2_PLACEMENT_3D('',#3006,#3007,#3008);
#3006 = CARTESIAN_POINT('',(58.,-15.,-16.));
#3007 = DIRECTION('',(0.,0.,1.));
#3008 = DIRECTION('',(1.,0.,0.));
#3009 = DEFINITIONAL_REPRESENTATION('',(#3010),#3014);
#3010 = LINE('',#3011,#3012);
#3011 = CARTESIAN_POINT('',(20.5,2.));
#3012 = VECTOR('',#3013,1.);
#3013 = DIRECTION('',(-1.,0.));
#3014 = ( GEOMETRIC_REPRESENTATION_CONTEXT(2) 
PARAMETRIC_REPRESENTATION_CONTEXT() REPRESENTATION_CONTEXT('2D SPACE',''
  ) );
#3015 = ADVANCED_FACE('',(#3016),#1895,.T.);
#3016 = FACE_BOUND('',#3017,.T.);
#3017 = EDGE_LOOP('',(#3018,#3019,#3020,#3048));
#3018 = ORIENTED_EDGE('',*,*,#1970,.T.);
#3019 = ORIENTED_EDGE('',*,*,#1879,.T.);
#3020 = ORIENTED_EDGE('',*,*,#3021,.F.);
#3021 = EDGE_CURVE('',#3022,#1880,#3024,.T.);
#3022 = VERTEX_POINT('',#3023);
#3023 = CARTESIAN_POINT('',(80.,-13.,-14.5));
#3024 = SURFACE_CURVE('',#3025,(#3032,#3038),.PCURVE_S1.);
#3025 = B_SPLINE_CURVE_WITH_KNOTS('',5,(#3026,#3027,#3028,#3029,#3030,
    #3031),.UNSPECIFIED.,.F.,.F.,(6,6),(0.,1.),
  .PIECEWISE_BEZIER_KNOTS.);
#3026 = CARTESIAN_POINT('',(80.,-13.,-14.5));
#3027 = CARTESIAN_POINT('',(80.,-13.62831853071,-14.4));
#3028 = CARTESIAN_POINT('',(79.753969991909,-14.25722328672,-14.3));
#3029 = CARTESIAN_POINT('',(79.257223286726,-14.7539699919,-14.2));
#3030 = CARTESIAN_POINT('',(78.628318530718,-15.,-14.1));
#3031 = CARTESIAN_POINT('',(78.,-15.,-14.));
#3032 = PCURVE('',#1895,#3033);
#3033 = DEFINITIONAL_REPRESENTATION('',(#3034),#3037);
#3034 = B_SPLINE_CURVE_WITH_KNOTS('',1,(#3035,#3036),.UNSPECIFIED.,.F.,
  .F.,(2,2),(0.,1.),.PIECEWISE_BEZIER_KNOTS.);
#3035 = CARTESIAN_POINT('',(-1.554312234475E-14,4.));
#3036 = CARTESIAN_POINT('',(1.570796326795,3.5));
#3037 = ( GEOMETRIC_REPRESENTATION_CONTEXT(2) 
PARAMETRIC_REPRESENTATION_CONTEXT() REPRESENTATION_CONTEXT('2D SPACE',''
  ) );
#3038 = PCURVE('',#2881,#3039);
#3039 = DEFINITIONAL_REPRESENTATION('',(#3040),#3047);
#3040 = B_SPLINE_CURVE_WITH_KNOTS('',5,(#3041,#3042,#3043,#3044,#3045,
    #3046),.UNSPECIFIED.,.F.,.F.,(6,6),(0.,1.),
  .PIECEWISE_BEZIER_KNOTS.);
#3041 = CARTESIAN_POINT('',(0.,1.110223024625E-16));
#3042 = CARTESIAN_POINT('',(0.,0.2));
#3043 = CARTESIAN_POINT('',(0.,0.400033489672));
#3044 = CARTESIAN_POINT('',(0.,0.599966510328));
#3045 = CARTESIAN_POINT('',(0.,0.8));
#3046 = CARTESIAN_POINT('',(0.,1.));
#3047 = ( GEOMETRIC_REPRESENTATION_CONTEXT(2) 
PARAMETRIC_REPRESENTATION_CONTEXT() REPRESENTATION_CONTEXT('2D SPACE',''
  ) );
#3048 = ORIENTED_EDGE('',*,*,#3049,.F.);
#3049 = EDGE_CURVE('',#1938,#3022,#3050,.T.);
#3050 = SURFACE_CURVE('',#3051,(#3055,#3062),.PCURVE_S1.);
#3051 = LINE('',#3052,#3053);
#3052 = CARTESIAN_POINT('',(80.,-13.,-10.5));
#3053 = VECTOR('',#3054,1.);
#3054 = DIRECTION('',(-0.,-0.,-1.));
#3055 = PCURVE('',#1895,#3056);
#3056 = DEFINITIONAL_REPRESENTATION('',(#3057),#3061);
#3057 = LINE('',#3058,#3059);
#3058 = CARTESIAN_POINT('',(0.,0.));
#3059 = VECTOR('',#3060,1.);
#3060 = DIRECTION('',(0.,1.));
#3061 = ( GEOMETRIC_REPRESENTATION_CONTEXT(2) 
PARAMETRIC_REPRESENTATION_CONTEXT() REPRESENTATION_CONTEXT('2D SPACE',''
  ) );
#3062 = PCURVE('',#2015,#3063);
#3063 = DEFINITIONAL_REPRESENTATION('',(#3064),#3068);
#3064 = LINE('',#3065,#3066);
#3065 = CARTESIAN_POINT('',(5.5,-2.));
#3066 = VECTOR('',#3067,1.);
#3067 = DIRECTION('',(-1.,0.));
#3068 = ( GEOMETRIC_REPRESENTATION_CONTEXT(2) 
PARAMETRIC_REPRESENTATION_CONTEXT() REPRESENTATION_CONTEXT('2D SPACE',''
  ) );
#3069 = ADVANCED_FACE('',(#3070),#2015,.T.);
#3070 = FACE_BOUND('',#3071,.T.);
#3071 = EDGE_LOOP('',(#3072,#3100,#3121,#3122));
#3072 = ORIENTED_EDGE('',*,*,#3073,.T.);
#3073 = EDGE_CURVE('',#3022,#3074,#3076,.T.);
#3074 = VERTEX_POINT('',#3075);
#3075 = CARTESIAN_POINT('',(80.,13.,-14.5));
#3076 = SURFACE_CURVE('',#3077,(#3081,#3088),.PCURVE_S1.);
#3077 = LINE('',#3078,#3079);
#3078 = CARTESIAN_POINT('',(80.,-15.,-14.5));
#3079 = VECTOR('',#3080,1.);
#3080 = DIRECTION('',(0.,1.,0.));
#3081 = PCURVE('',#2015,#3082);
#3082 = DEFINITIONAL_REPRESENTATION('',(#3083),#3087);
#3083 = LINE('',#3084,#3085);
#3084 = CARTESIAN_POINT('',(1.5,0.));
#3085 = VECTOR('',#3086,1.);
#3086 = DIRECTION('',(0.,-1.));
#3087 = ( GEOMETRIC_REPRESENTATION_CONTEXT(2) 
PARAMETRIC_REPRESENTATION_CONTEXT() REPRESENTATION_CONTEXT('2D SPACE',''
  ) );
#3088 = PCURVE('',#3089,#3094);
#3089 = CYLINDRICAL_SURFACE('',#3090,1.5);
#3090 = AXIS2_PLACEMENT_3D('',#3091,#3092,#3093);
#3091 = CARTESIAN_POINT('',(78.5,-15.,-14.5));
#3092 = DIRECTION('',(0.,1.,0.));
#3093 = DIRECTION('',(1.,0.,-0.));
#3094 = DEFINITIONAL_REPRESENTATION('',(#3095),#3099);
#3095 = LINE('',#3096,#3097);
#3096 = CARTESIAN_POINT('',(0.,0.));
#3097 = VECTOR('',#3098,1.);
#3098 = DIRECTION('',(0.,1.));
#3099 = ( GEOMETRIC_REPRESENTATION_CONTEXT(2) 
PARAMETRIC_REPRESENTATION_CONTEXT() REPRESENTATION_CONTEXT('2D SPACE',''
  ) );
#3100 = ORIENTED_EDGE('',*,*,#3101,.F.);
#3101 = EDGE_CURVE('',#2000,#3074,#3102,.T.);
#3102 = SURFACE_CURVE('',#3103,(#3107,#3114),.PCURVE_S1.);
#3103 = LINE('',#3104,#3105);
#3104 = CARTESIAN_POINT('',(80.,13.,-10.5));
#3105 = VECTOR('',#3106,1.);
#3106 = DIRECTION('',(-0.,-0.,-1.));
#3107 = PCURVE('',#2015,#3108);
#3108 = DEFINITIONAL_REPRESENTATION('',(#3109),#3113);
#3109 = LINE('',#3110,#3111);
#3110 = CARTESIAN_POINT('',(5.5,-28.));
#3111 = VECTOR('',#3112,1.);
#3112 = DIRECTION('',(-1.,0.));
#3113 = ( GEOMETRIC_REPRESENTATION_CONTEXT(2) 
PARAMETRIC_REPRESENTATION_CONTEXT() REPRESENTATION_CONTEXT('2D SPACE',''
  ) );
#3114 = PCURVE('',#2495,#3115);
#3115 = DEFINITIONAL_REPRESENTATION('',(#3116),#3120);
#3116 = LINE('',#3117,#3118);
#3117 = CARTESIAN_POINT('',(-0.,0.));
#3118 = VECTOR('',#3119,1.);
#3119 = DIRECTION('',(-0.,1.));
#3120 = ( GEOMETRIC_REPRESENTATION_CONTEXT(2) 
PARAMETRIC_REPRESENTATION_CONTEXT() REPRESENTATION_CONTEXT('2D SPACE',''
  ) );
#3121 = ORIENTED_EDGE('',*,*,#1999,.F.);
#3122 = ORIENTED_EDGE('',*,*,#3049,.T.);
#3123 = ADVANCED_FACE('',(#3124),#2085,.T.);
#3124 = FACE_BOUND('',#3125,.T.);
#3125 = EDGE_LOOP('',(#3126,#3227,#3228,#3229));
#3126 = ORIENTED_EDGE('',*,*,#3127,.T.);
#3127 = EDGE_CURVE('',#3128,#2160,#3130,.T.);
#3128 = VERTEX_POINT('',#3129);
#3129 = CARTESIAN_POINT('',(80.,-13.,14.5));
#3130 = SURFACE_CURVE('',#3131,(#3141,#3147),.PCURVE_S1.);
#3131 = B_SPLINE_CURVE_WITH_KNOTS('',8,(#3132,#3133,#3134,#3135,#3136,
    #3137,#3138,#3139,#3140),.UNSPECIFIED.,.F.,.F.,(9,9),(0.,1.),
  .PIECEWISE_BEZIER_KNOTS.);
#3132 = CARTESIAN_POINT('',(80.,-13.,14.5));
#3133 = CARTESIAN_POINT('',(80.,-13.39269908169,14.4375));
#3134 = CARTESIAN_POINT('',(79.911878422077,-13.785398287,14.375));
#3135 = CARTESIAN_POINT('',(79.735636131743,-14.15502646867,14.3125));
#3136 = CARTESIAN_POINT('',(79.478517511559,-14.47851751156,14.25));
#3137 = CARTESIAN_POINT('',(79.155026468671,-14.73563613174,14.1875));
#3138 = CARTESIAN_POINT('',(78.785398287008,-14.91187842207,14.125));
#3139 = CARTESIAN_POINT('',(78.392699081699,-15.,14.0625));
#3140 = CARTESIAN_POINT('',(78.,-15.,14.));
#3141 = PCURVE('',#2085,#3142);
#3142 = DEFINITIONAL_REPRESENTATION('',(#3143),#3146);
#3143 = B_SPLINE_CURVE_WITH_KNOTS('',1,(#3144,#3145),.UNSPECIFIED.,.F.,
  .F.,(2,2),(0.,1.),.PIECEWISE_BEZIER_KNOTS.);
#3144 = CARTESIAN_POINT('',(0.,0.));
#3145 = CARTESIAN_POINT('',(1.570796326795,0.5));
#3146 = ( GEOMETRIC_REPRESENTATION_CONTEXT(2) 
PARAMETRIC_REPRESENTATION_CONTEXT() REPRESENTATION_CONTEXT('2D SPACE',''
  ) );
#3147 = PCURVE('',#3148,#3221);
#3148 = B_SPLINE_SURFACE_WITH_KNOTS('',7,8,(
    (#3149,#3150,#3151,#3152,#3153,#3154,#3155,#3156,#3157)
    ,(#3158,#3159,#3160,#3161,#3162,#3163,#3164,#3165,#3166)
    ,(#3167,#3168,#3169,#3170,#3171,#3172,#3173,#3174,#3175)
    ,(#3176,#3177,#3178,#3179,#3180,#3181,#3182,#3183,#3184)
    ,(#3185,#3186,#3187,#3188,#3189,#3190,#3191,#3192,#3193)
    ,(#3194,#3195,#3196,#3197,#3198,#3199,#3200,#3201,#3202)
    ,(#3203,#3204,#3205,#3206,#3207,#3208,#3209,#3210,#3211)
    ,(#3212,#3213,#3214,#3215,#3216,#3217,#3218,#3219,#3220
  )),.UNSPECIFIED.,.F.,.F.,.F.,(8,8),(9,9),(0.,1.),(0.,1.),
  .PIECEWISE_BEZIER_KNOTS.);
#3149 = CARTESIAN_POINT('',(78.5,-13.,16.));
#3150 = CARTESIAN_POINT('',(78.4375,-13.39269908169,16.));
#3151 = CARTESIAN_POINT('',(78.375,-13.785398287,15.911878422077));
#3152 = CARTESIAN_POINT('',(78.3125,-14.15502646867,15.735636131743));
#3153 = CARTESIAN_POINT('',(78.25,-14.47851751156,15.478517511559));
#3154 = CARTESIAN_POINT('',(78.1875,-14.73563613174,15.15502646867));
#3155 = CARTESIAN_POINT('',(78.125,-14.91187842207,14.785398287008));
#3156 = CARTESIAN_POINT('',(78.0625,-15.,14.392699081699));
#3157 = CARTESIAN_POINT('',(78.,-15.,14.));
#3158 = CARTESIAN_POINT('',(78.836599200926,-13.,16.));
#3159 = CARTESIAN_POINT('',(78.767738586524,-13.39269908169,
    16.007012483353));
#3160 = CARTESIAN_POINT('',(78.686289175277,-13.80138494882,
    15.921818780272));
#3161 = CARTESIAN_POINT('',(78.592251090828,-14.19340426201,
    15.733464313636));
#3162 = CARTESIAN_POINT('',(78.486659244971,-14.52425596545,
    15.447473500445));
#3163 = CARTESIAN_POINT('',(78.371585624443,-14.76273691395,
    15.109103386141));
#3164 = CARTESIAN_POINT('',(78.24992098409,-14.92109350838,
    14.746687488023));
#3165 = CARTESIAN_POINT('',(78.124960483216,-15.,14.372313498599));
#3166 = CARTESIAN_POINT('',(78.,-15.,14.));
#3167 = CARTESIAN_POINT('',(79.173196824239,-13.,15.911876666503));
#3168 = CARTESIAN_POINT('',(79.121588645512,-13.39269908169,
    15.933780117838));
#3169 = CARTESIAN_POINT('',(79.078169371662,-13.81204272336,
    15.807446043607));
#3170 = CARTESIAN_POINT('',(78.96260509542,-14.21898945757,
    15.608508242115));
#3171 = CARTESIAN_POINT('',(78.803176465157,-14.55474826805,
    15.316309170502));
#3172 = CARTESIAN_POINT('',(78.616923721304,-14.78080410209,
    14.987550869259));
#3173 = CARTESIAN_POINT('',(78.416064696355,-14.92723689925,
    14.65309560223));
#3174 = CARTESIAN_POINT('',(78.233328044692,-15.,14.291995870533));
#3175 = CARTESIAN_POINT('',(78.,-15.,14.));
#3176 = CARTESIAN_POINT('',(79.482120385388,-13.,15.735644096685));
#3177 = CARTESIAN_POINT('',(79.469643299213,-13.39269908169,
    15.757645859701));
#3178 = CARTESIAN_POINT('',(79.402755271898,-13.81737161063,
    15.661036690057));
#3179 = CARTESIAN_POINT('',(79.252055108483,-14.23178205535,
    15.480123281609));
#3180 = CARTESIAN_POINT('',(79.032204005182,-14.56999441934,
    15.210650944417));
#3181 = CARTESIAN_POINT('',(78.780115381227,-14.78983769616,
    14.905963407739));
#3182 = CARTESIAN_POINT('',(78.518017557975,-14.93030859469,
    14.596148601852));
#3183 = CARTESIAN_POINT('',(78.262658005535,-15.,14.276690876395));
#3184 = CARTESIAN_POINT('',(78.,-15.,14.));
#3185 = CARTESIAN_POINT('',(79.735644096685,-13.,15.482120385389));
#3186 = CARTESIAN_POINT('',(79.757645859702,-13.39269908169,
    15.469643299214));
#3187 = CARTESIAN_POINT('',(79.661036690057,-13.81737161063,
    15.402755271899));
#3188 = CARTESIAN_POINT('',(79.48012328161,-14.23178205535,
    15.252055108484));
#3189 = CARTESIAN_POINT('',(79.210650944417,-14.56999441934,
    15.032204005183));
#3190 = CARTESIAN_POINT('',(78.905963407739,-14.78983769616,
    14.780115381227));
#3191 = CARTESIAN_POINT('',(78.596148601852,-14.93030859469,
    14.518017557975));
#3192 = CARTESIAN_POINT('',(78.276690876395,-15.,14.262658005536));
#3193 = CARTESIAN_POINT('',(78.,-15.,14.));
#3194 = CARTESIAN_POINT('',(79.911876666503,-13.,15.173196824238));
#3195 = CARTESIAN_POINT('',(79.933780117837,-13.39269908169,
    15.121588645511));
#3196 = CARTESIAN_POINT('',(79.807446043607,-13.81204272336,
    15.078169371662));
#3197 = CARTESIAN_POINT('',(79.608508242115,-14.21898945757,
    14.96260509542));
#3198 = CARTESIAN_POINT('',(79.316309170502,-14.55474826805,
    14.803176465157));
#3199 = CARTESIAN_POINT('',(78.987550869259,-14.78080410209,
    14.616923721304));
#3200 = CARTESIAN_POINT('',(78.65309560223,-14.92723689925,
    14.416064696354));
#3201 = CARTESIAN_POINT('',(78.291995870533,-15.,14.233328044692));
#3202 = CARTESIAN_POINT('',(78.,-15.,14.));
#3203 = CARTESIAN_POINT('',(80.,-13.,14.836599200926));
#3204 = CARTESIAN_POINT('',(80.007012483353,-13.39269908169,
    14.767738586525));
#3205 = CARTESIAN_POINT('',(79.921818780271,-13.80138494882,
    14.686289175277));
#3206 = CARTESIAN_POINT('',(79.733464313636,-14.19340426201,
    14.592251090828));
#3207 = CARTESIAN_POINT('',(79.447473500444,-14.52425596545,
    14.486659244972));
#3208 = CARTESIAN_POINT('',(79.109103386141,-14.76273691395,
    14.371585624443));
#3209 = CARTESIAN_POINT('',(78.746687488023,-14.92109350838,
    14.24992098409));
#3210 = CARTESIAN_POINT('',(78.372313498599,-15.,14.124960483216));
#3211 = CARTESIAN_POINT('',(78.,-15.,14.));
#3212 = CARTESIAN_POINT('',(80.,-13.,14.5));
#3213 = CARTESIAN_POINT('',(80.,-13.39269908169,14.4375));
#3214 = CARTESIAN_POINT('',(79.911878422077,-13.785398287,14.375));
#3215 = CARTESIAN_POINT('',(79.735636131743,-14.15502646867,14.3125));
#3216 = CARTESIAN_POINT('',(79.478517511559,-14.47851751156,14.25));
#3217 = CARTESIAN_POINT('',(79.155026468671,-14.73563613174,14.1875));
#3218 = CARTESIAN_POINT('',(78.785398287008,-14.91187842207,14.125));
#3219 = CARTESIAN_POINT('',(78.392699081699,-15.,14.0625));
#3220 = CARTESIAN_POINT('',(78.,-15.,14.));
#3221 = DEFINITIONAL_REPRESENTATION('',(#3222),#3226);
#3222 = LINE('',#3223,#3224);
#3223 = CARTESIAN_POINT('',(1.,0.));
#3224 = VECTOR('',#3225,1.);
#3225 = DIRECTION('',(0.,1.));
#3226 = ( GEOMETRIC_REPRESENTATION_CONTEXT(2) 
PARAMETRIC_REPRESENTATION_CONTEXT() REPRESENTATION_CONTEXT('2D SPACE',''
  ) );
#3227 = ORIENTED_EDGE('',*,*,#2187,.T.);
#3228 = ORIENTED_EDGE('',*,*,#2063,.F.);
#3229 = ORIENTED_EDGE('',*,*,#3230,.F.);
#3230 = EDGE_CURVE('',#3128,#2064,#3231,.T.);
#3231 = SURFACE_CURVE('',#3232,(#3236,#3243),.PCURVE_S1.);
#3232 = LINE('',#3233,#3234);
#3233 = CARTESIAN_POINT('',(80.,-13.,14.5));
#3234 = VECTOR('',#3235,1.);
#3235 = DIRECTION('',(-0.,-0.,-1.));
#3236 = PCURVE('',#2085,#3237);
#3237 = DEFINITIONAL_REPRESENTATION('',(#3238),#3242);
#3238 = LINE('',#3239,#3240);
#3239 = CARTESIAN_POINT('',(0.,0.));
#3240 = VECTOR('',#3241,1.);
#3241 = DIRECTION('',(0.,1.));
#3242 = ( GEOMETRIC_REPRESENTATION_CONTEXT(2) 
PARAMETRIC_REPRESENTATION_CONTEXT() REPRESENTATION_CONTEXT('2D SPACE',''
  ) );
#3243 = PCURVE('',#2259,#3244);
#3244 = DEFINITIONAL_REPRESENTATION('',(#3245),#3249);
#3245 = LINE('',#3246,#3247);
#3246 = CARTESIAN_POINT('',(5.5,-2.));
#3247 = VECTOR('',#3248,1.);
#3248 = DIRECTION('',(-1.,0.));
#3249 = ( GEOMETRIC_REPRESENTATION_CONTEXT(2) 
PARAMETRIC_REPRESENTATION_CONTEXT() REPRESENTATION_CONTEXT('2D SPACE',''
  ) );
#3250 = ADVANCED_FACE('',(#3251),#2147,.T.);
#3251 = FACE_BOUND('',#3252,.T.);
#3252 = EDGE_LOOP('',(#3253,#3254,#3255,#3354));
#3253 = ORIENTED_EDGE('',*,*,#2214,.T.);
#3254 = ORIENTED_EDGE('',*,*,#2131,.T.);
#3255 = ORIENTED_EDGE('',*,*,#3256,.F.);
#3256 = EDGE_CURVE('',#2337,#2132,#3257,.T.);
#3257 = SURFACE_CURVE('',#3258,(#3265,#3271),.PCURVE_S1.);
#3258 = B_SPLINE_CURVE_WITH_KNOTS('',5,(#3259,#3260,#3261,#3262,#3263,
    #3264),.UNSPECIFIED.,.F.,.F.,(6,6),(0.,1.),
  .PIECEWISE_BEZIER_KNOTS.);
#3259 = CARTESIAN_POINT('',(58.,-13.,14.5));
#3260 = CARTESIAN_POINT('',(58.,-13.62831853071,14.4));
#3261 = CARTESIAN_POINT('',(58.246030008091,-14.25722328672,14.3));
#3262 = CARTESIAN_POINT('',(58.742776713274,-14.7539699919,14.2));
#3263 = CARTESIAN_POINT('',(59.371681469282,-15.,14.1));
#3264 = CARTESIAN_POINT('',(60.,-15.,14.));
#3265 = PCURVE('',#2147,#3266);
#3266 = DEFINITIONAL_REPRESENTATION('',(#3267),#3270);
#3267 = B_SPLINE_CURVE_WITH_KNOTS('',1,(#3268,#3269),.UNSPECIFIED.,.F.,
  .F.,(2,2),(0.,1.),.PIECEWISE_BEZIER_KNOTS.);
#3268 = CARTESIAN_POINT('',(-2.109423746788E-14,4.));
#3269 = CARTESIAN_POINT('',(1.570796326795,3.5));
#3270 = ( GEOMETRIC_REPRESENTATION_CONTEXT(2) 
PARAMETRIC_REPRESENTATION_CONTEXT() REPRESENTATION_CONTEXT('2D SPACE',''
  ) );
#3271 = PCURVE('',#3272,#3345);
#3272 = B_SPLINE_SURFACE_WITH_KNOTS('',7,8,(
    (#3273,#3274,#3275,#3276,#3277,#3278,#3279,#3280,#3281)
    ,(#3282,#3283,#3284,#3285,#3286,#3287,#3288,#3289,#3290)
    ,(#3291,#3292,#3293,#3294,#3295,#3296,#3297,#3298,#3299)
    ,(#3300,#3301,#3302,#3303,#3304,#3305,#3306,#3307,#3308)
    ,(#3309,#3310,#3311,#3312,#3313,#3314,#3315,#3316,#3317)
    ,(#3318,#3319,#3320,#3321,#3322,#3323,#3324,#3325,#3326)
    ,(#3327,#3328,#3329,#3330,#3331,#3332,#3333,#3334,#3335)
    ,(#3336,#3337,#3338,#3339,#3340,#3341,#3342,#3343,#3344
  )),.UNSPECIFIED.,.F.,.F.,.F.,(8,8),(9,9),(0.,1.),(0.,1.),
  .PIECEWISE_BEZIER_KNOTS.);
#3273 = CARTESIAN_POINT('',(58.,-13.,14.5));
#3274 = CARTESIAN_POINT('',(58.,-13.39269908169,14.4375));
#3275 = CARTESIAN_POINT('',(58.088121577922,-13.785398287,14.375));
#3276 = CARTESIAN_POINT('',(58.264363868257,-14.15502646867,14.3125));
#3277 = CARTESIAN_POINT('',(58.52148248844,-14.47851751156,14.25));
#3278 = CARTESIAN_POINT('',(58.84497353133,-14.73563613174,14.1875));
#3279 = CARTESIAN_POINT('',(59.214601712992,-14.91187842207,14.125));
#3280 = CARTESIAN_POINT('',(59.607300918301,-15.,14.0625));
#3281 = CARTESIAN_POINT('',(60.,-15.,14.));
#3282 = CARTESIAN_POINT('',(58.,-13.,14.836599200926));
#3283 = CARTESIAN_POINT('',(57.992987516647,-13.39269908169,
    14.767738586524));
#3284 = CARTESIAN_POINT('',(58.078181219728,-13.80138494882,
    14.686289175277));
#3285 = CARTESIAN_POINT('',(58.266535686364,-14.19340426201,
    14.592251090827));
#3286 = CARTESIAN_POINT('',(58.552526499555,-14.52425596545,
    14.486659244972));
#3287 = CARTESIAN_POINT('',(58.890896613859,-14.76273691395,
    14.371585624443));
#3288 = CARTESIAN_POINT('',(59.253312511976,-14.92109350838,
    14.24992098409));
#3289 = CARTESIAN_POINT('',(59.627686501401,-15.,14.124960483216));
#3290 = CARTESIAN_POINT('',(60.,-15.,14.));
#3291 = CARTESIAN_POINT('',(58.088123333497,-13.,15.173196824239));
#3292 = CARTESIAN_POINT('',(58.066219882163,-13.39269908169,
    15.121588645512));
#3293 = CARTESIAN_POINT('',(58.192553956393,-13.81204272336,
    15.078169371662));
#3294 = CARTESIAN_POINT('',(58.391491757886,-14.21898945757,
    14.96260509542));
#3295 = CARTESIAN_POINT('',(58.683690829498,-14.55474826805,
    14.803176465158));
#3296 = CARTESIAN_POINT('',(59.012449130741,-14.78080410209,
    14.616923721304));
#3297 = CARTESIAN_POINT('',(59.34690439777,-14.92723689925,
    14.416064696355));
#3298 = CARTESIAN_POINT('',(59.708004129467,-15.,14.233328044692));
#3299 = CARTESIAN_POINT('',(60.,-15.,14.));
#3300 = CARTESIAN_POINT('',(58.264355903314,-13.,15.482120385388));
#3301 = CARTESIAN_POINT('',(58.242354140298,-13.39269908169,
    15.469643299213));
#3302 = CARTESIAN_POINT('',(58.338963309942,-13.81737161063,
    15.402755271899));
#3303 = CARTESIAN_POINT('',(58.51987671839,-14.23178205535,
    15.252055108483));
#3304 = CARTESIAN_POINT('',(58.789349055583,-14.56999441934,
    15.032204005182));
#3305 = CARTESIAN_POINT('',(59.094036592261,-14.78983769616,
    14.780115381227));
#3306 = CARTESIAN_POINT('',(59.403851398148,-14.93030859469,
    14.518017557975));
#3307 = CARTESIAN_POINT('',(59.723309123605,-15.,14.262658005535));
#3308 = CARTESIAN_POINT('',(60.,-15.,14.));
#3309 = CARTESIAN_POINT('',(58.517879614613,-13.,15.735644096685));
#3310 = CARTESIAN_POINT('',(58.530356700788,-13.39269908169,
    15.757645859701));
#3311 = CARTESIAN_POINT('',(58.597244728102,-13.81737161063,
    15.661036690057));
#3312 = CARTESIAN_POINT('',(58.747944891517,-14.23178205535,
    15.480123281609));
#3313 = CARTESIAN_POINT('',(58.967795994818,-14.56999441934,
    15.210650944417));
#3314 = CARTESIAN_POINT('',(59.219884618773,-14.78983769616,
    14.905963407738));
#3315 = CARTESIAN_POINT('',(59.481982442025,-14.93030859469,
    14.596148601852));
#3316 = CARTESIAN_POINT('',(59.737341994465,-15.,14.276690876395));
#3317 = CARTESIAN_POINT('',(60.,-15.,14.));
#3318 = CARTESIAN_POINT('',(58.826803175761,-13.,15.911876666503));
#3319 = CARTESIAN_POINT('',(58.878411354488,-13.39269908169,
    15.933780117838));
#3320 = CARTESIAN_POINT('',(58.921830628337,-13.81204272336,
    15.807446043608));
#3321 = CARTESIAN_POINT('',(59.037394904579,-14.21898945757,
    15.608508242115));
#3322 = CARTESIAN_POINT('',(59.196823534842,-14.55474826805,
    15.316309170502));
#3323 = CARTESIAN_POINT('',(59.383076278696,-14.78080410209,
    14.987550869259));
#3324 = CARTESIAN_POINT('',(59.583935303645,-14.92723689925,
    14.65309560223));
#3325 = CARTESIAN_POINT('',(59.766671955308,-15.,14.291995870533));
#3326 = CARTESIAN_POINT('',(60.,-15.,14.));
#3327 = CARTESIAN_POINT('',(59.163400799074,-13.,16.));
#3328 = CARTESIAN_POINT('',(59.232261413476,-13.39269908169,
    16.007012483353));
#3329 = CARTESIAN_POINT('',(59.313710824723,-13.80138494882,
    15.921818780272));
#3330 = CARTESIAN_POINT('',(59.407748909173,-14.19340426201,
    15.733464313636));
#3331 = CARTESIAN_POINT('',(59.513340755029,-14.52425596545,
    15.447473500445));
#3332 = CARTESIAN_POINT('',(59.628414375557,-14.76273691395,
    15.109103386141));
#3333 = CARTESIAN_POINT('',(59.75007901591,-14.92109350838,
    14.746687488023));
#3334 = CARTESIAN_POINT('',(59.875039516784,-15.,14.372313498599));
#3335 = CARTESIAN_POINT('',(60.,-15.,14.));
#3336 = CARTESIAN_POINT('',(59.5,-13.,16.));
#3337 = CARTESIAN_POINT('',(59.5625,-13.39269908169,16.));
#3338 = CARTESIAN_POINT('',(59.625,-13.785398287,15.911878422077));
#3339 = CARTESIAN_POINT('',(59.6875,-14.15502646867,15.735636131743));
#3340 = CARTESIAN_POINT('',(59.75,-14.47851751156,15.478517511559));
#3341 = CARTESIAN_POINT('',(59.8125,-14.73563613174,15.15502646867));
#3342 = CARTESIAN_POINT('',(59.875,-14.91187842207,14.785398287008));
#3343 = CARTESIAN_POINT('',(59.9375,-15.,14.392699081699));
#3344 = CARTESIAN_POINT('',(60.,-15.,14.));
#3345 = DEFINITIONAL_REPRESENTATION('',(#3346),#3353);
#3346 = B_SPLINE_CURVE_WITH_KNOTS('',5,(#3347,#3348,#3349,#3350,#3351,
    #3352),.UNSPECIFIED.,.F.,.F.,(6,6),(0.,1.),
  .PIECEWISE_BEZIER_KNOTS.);
#3347 = CARTESIAN_POINT('',(0.,0.));
#3348 = CARTESIAN_POINT('',(0.,0.2));
#3349 = CARTESIAN_POINT('',(0.,0.400033489672));
#3350 = CARTESIAN_POINT('',(0.,0.599966510328));
#3351 = CARTESIAN_POINT('',(0.,0.8));
#3352 = CARTESIAN_POINT('',(0.,1.));
#3353 = ( GEOMETRIC_REPRESENTATION_CONTEXT(2) 
PARAMETRIC_REPRESENTATION_CONTEXT() REPRESENTATION_CONTEXT('2D SPACE',''
  ) );
#3354 = ORIENTED_EDGE('',*,*,#2364,.F.);
#3355 = ADVANCED_FACE('',(#3356),#2175,.T.);
#3356 = FACE_BOUND('',#3357,.T.);
#3357 = EDGE_LOOP('',(#3358,#3386,#3387,#3415));
#3358 = ORIENTED_EDGE('',*,*,#3359,.T.);
#3359 = EDGE_CURVE('',#3360,#2132,#3362,.T.);
#3360 = VERTEX_POINT('',#3361);
#3361 = CARTESIAN_POINT('',(59.5,-13.,16.));
#3362 = SURFACE_CURVE('',#3363,(#3373,#3379),.PCURVE_S1.);
#3363 = B_SPLINE_CURVE_WITH_KNOTS('',8,(#3364,#3365,#3366,#3367,#3368,
    #3369,#3370,#3371,#3372),.UNSPECIFIED.,.F.,.F.,(9,9),(0.,1.),
  .PIECEWISE_BEZIER_KNOTS.);
#3364 = CARTESIAN_POINT('',(59.5,-13.,16.));
#3365 = CARTESIAN_POINT('',(59.5625,-13.39269908169,16.));
#3366 = CARTESIAN_POINT('',(59.625,-13.785398287,15.911878422077));
#3367 = CARTESIAN_POINT('',(59.6875,-14.15502646867,15.735636131743));
#3368 = CARTESIAN_POINT('',(59.75,-14.47851751156,15.478517511559));
#3369 = CARTESIAN_POINT('',(59.8125,-14.73563613174,15.15502646867));
#3370 = CARTESIAN_POINT('',(59.875,-14.91187842207,14.785398287008));
#3371 = CARTESIAN_POINT('',(59.9375,-15.,14.392699081699));
#3372 = CARTESIAN_POINT('',(60.,-15.,14.));
#3373 = PCURVE('',#2175,#3374);
#3374 = DEFINITIONAL_REPRESENTATION('',(#3375),#3378);
#3375 = B_SPLINE_CURVE_WITH_KNOTS('',1,(#3376,#3377),.UNSPECIFIED.,.F.,
  .F.,(2,2),(0.,1.),.PIECEWISE_BEZIER_KNOTS.);
#3376 = CARTESIAN_POINT('',(0.,0.));
#3377 = CARTESIAN_POINT('',(1.570796326795,0.5));
#3378 = ( GEOMETRIC_REPRESENTATION_CONTEXT(2) 
PARAMETRIC_REPRESENTATION_CONTEXT() REPRESENTATION_CONTEXT('2D SPACE',''
  ) );
#3379 = PCURVE('',#3272,#3380);
#3380 = DEFINITIONAL_REPRESENTATION('',(#3381),#3385);
#3381 = LINE('',#3382,#3383);
#3382 = CARTESIAN_POINT('',(1.,0.));
#3383 = VECTOR('',#3384,1.);
#3384 = DIRECTION('',(0.,1.));
#3385 = ( GEOMETRIC_REPRESENTATION_CONTEXT(2) 
PARAMETRIC_REPRESENTATION_CONTEXT() REPRESENTATION_CONTEXT('2D SPACE',''
  ) );
#3386 = ORIENTED_EDGE('',*,*,#2159,.T.);
#3387 = ORIENTED_EDGE('',*,*,#3388,.F.);
#3388 = EDGE_CURVE('',#3389,#2160,#3391,.T.);
#3389 = VERTEX_POINT('',#3390);
#3390 = CARTESIAN_POINT('',(78.5,-13.,16.));
#3391 = SURFACE_CURVE('',#3392,(#3399,#3405),.PCURVE_S1.);
#3392 = B_SPLINE_CURVE_WITH_KNOTS('',5,(#3393,#3394,#3395,#3396,#3397,
    #3398),.UNSPECIFIED.,.F.,.F.,(6,6),(0.,1.),
  .PIECEWISE_BEZIER_KNOTS.);
#3393 = CARTESIAN_POINT('',(78.5,-13.,16.));
#3394 = CARTESIAN_POINT('',(78.4,-13.62831853071,16.));
#3395 = CARTESIAN_POINT('',(78.3,-14.25722328672,15.753969991909));
#3396 = CARTESIAN_POINT('',(78.2,-14.7539699919,15.257223286726));
#3397 = CARTESIAN_POINT('',(78.1,-15.,14.628318530718));
#3398 = CARTESIAN_POINT('',(78.,-15.,14.));
#3399 = PCURVE('',#2175,#3400);
#3400 = DEFINITIONAL_REPRESENTATION('',(#3401),#3404);
#3401 = B_SPLINE_CURVE_WITH_KNOTS('',1,(#3402,#3403),.UNSPECIFIED.,.F.,
  .F.,(2,2),(0.,1.),.PIECEWISE_BEZIER_KNOTS.);
#3402 = CARTESIAN_POINT('',(-9.103828801926E-15,19.));
#3403 = CARTESIAN_POINT('',(1.570796326795,18.5));
#3404 = ( GEOMETRIC_REPRESENTATION_CONTEXT(2) 
PARAMETRIC_REPRESENTATION_CONTEXT() REPRESENTATION_CONTEXT('2D SPACE',''
  ) );
#3405 = PCURVE('',#3148,#3406);
#3406 = DEFINITIONAL_REPRESENTATION('',(#3407),#3414);
#3407 = B_SPLINE_CURVE_WITH_KNOTS('',5,(#3408,#3409,#3410,#3411,#3412,
    #3413),.UNSPECIFIED.,.F.,.F.,(6,6),(0.,1.),
  .PIECEWISE_BEZIER_KNOTS.);
#3408 = CARTESIAN_POINT('',(0.,1.110223024625E-16));
#3409 = CARTESIAN_POINT('',(0.,0.2));
#3410 = CARTESIAN_POINT('',(0.,0.400033489672));
#3411 = CARTESIAN_POINT('',(0.,0.599966510328));
#3412 = CARTESIAN_POINT('',(0.,0.8));
#3413 = CARTESIAN_POINT('',(0.,1.));
#3414 = ( GEOMETRIC_REPRESENTATION_CONTEXT(2) 
PARAMETRIC_REPRESENTATION_CONTEXT() REPRESENTATION_CONTEXT('2D SPACE',''
  ) );
#3415 = ORIENTED_EDGE('',*,*,#3416,.F.);
#3416 = EDGE_CURVE('',#3360,#3389,#3417,.T.);
#3417 = SURFACE_CURVE('',#3418,(#3422,#3429),.PCURVE_S1.);
#3418 = LINE('',#3419,#3420);
#3419 = CARTESIAN_POINT('',(59.5,-13.,16.));
#3420 = VECTOR('',#3421,1.);
#3421 = DIRECTION('',(1.,0.,0.));
#3422 = PCURVE('',#2175,#3423);
#3423 = DEFINITIONAL_REPRESENTATION('',(#3424),#3428);
#3424 = LINE('',#3425,#3426);
#3425 = CARTESIAN_POINT('',(0.,0.));
#3426 = VECTOR('',#3427,1.);
#3427 = DIRECTION('',(0.,1.));
#3428 = ( GEOMETRIC_REPRESENTATION_CONTEXT(2) 
PARAMETRIC_REPRESENTATION_CONTEXT() REPRESENTATION_CONTEXT('2D SPACE',''
  ) );
#3429 = PCURVE('',#3430,#3435);
#3430 = PLANE('',#3431);
#3431 = AXIS2_PLACEMENT_3D('',#3432,#3433,#3434);
#3432 = CARTESIAN_POINT('',(58.,-15.,16.));
#3433 = DIRECTION('',(0.,0.,1.));
#3434 = DIRECTION('',(1.,0.,0.));
#3435 = DEFINITIONAL_REPRESENTATION('',(#3436),#3440);
#3436 = LINE('',#3437,#3438);
#3437 = CARTESIAN_POINT('',(1.5,2.));
#3438 = VECTOR('',#3439,1.);
#3439 = DIRECTION('',(1.,0.));
#3440 = ( GEOMETRIC_REPRESENTATION_CONTEXT(2) 
PARAMETRIC_REPRESENTATION_CONTEXT() REPRESENTATION_CONTEXT('2D SPACE',''
  ) );
#3441 = ADVANCED_FACE('',(#3442),#2259,.T.);
#3442 = FACE_BOUND('',#3443,.T.);
#3443 = EDGE_LOOP('',(#3444,#3445,#3468,#3494));
#3444 = ORIENTED_EDGE('',*,*,#2243,.T.);
#3445 = ORIENTED_EDGE('',*,*,#3446,.F.);
#3446 = EDGE_CURVE('',#3447,#2244,#3449,.T.);
#3447 = VERTEX_POINT('',#3448);
#3448 = CARTESIAN_POINT('',(80.,13.,14.5));
#3449 = SURFACE_CURVE('',#3450,(#3454,#3461),.PCURVE_S1.);
#3450 = LINE('',#3451,#3452);
#3451 = CARTESIAN_POINT('',(80.,13.,14.5));
#3452 = VECTOR('',#3453,1.);
#3453 = DIRECTION('',(-0.,-0.,-1.));
#3454 = PCURVE('',#2259,#3455);
#3455 = DEFINITIONAL_REPRESENTATION('',(#3456),#3460);
#3456 = LINE('',#3457,#3458);
#3457 = CARTESIAN_POINT('',(5.5,-28.));
#3458 = VECTOR('',#3459,1.);
#3459 = DIRECTION('',(-1.,0.));
#3460 = ( GEOMETRIC_REPRESENTATION_CONTEXT(2) 
PARAMETRIC_REPRESENTATION_CONTEXT() REPRESENTATION_CONTEXT('2D SPACE',''
  ) );
#3461 = PCURVE('',#2587,#3462);
#3462 = DEFINITIONAL_REPRESENTATION('',(#3463),#3467);
#3463 = LINE('',#3464,#3465);
#3464 = CARTESIAN_POINT('',(-0.,0.));
#3465 = VECTOR('',#3466,1.);
#3466 = DIRECTION('',(-0.,1.));
#3467 = ( GEOMETRIC_REPRESENTATION_CONTEXT(2) 
PARAMETRIC_REPRESENTATION_CONTEXT() REPRESENTATION_CONTEXT('2D SPACE',''
  ) );
#3468 = ORIENTED_EDGE('',*,*,#3469,.F.);
#3469 = EDGE_CURVE('',#3128,#3447,#3470,.T.);
#3470 = SURFACE_CURVE('',#3471,(#3475,#3482),.PCURVE_S1.);
#3471 = LINE('',#3472,#3473);
#3472 = CARTESIAN_POINT('',(80.,-15.,14.5));
#3473 = VECTOR('',#3474,1.);
#3474 = DIRECTION('',(0.,1.,0.));
#3475 = PCURVE('',#2259,#3476);
#3476 = DEFINITIONAL_REPRESENTATION('',(#3477),#3481);
#3477 = LINE('',#3478,#3479);
#3478 = CARTESIAN_POINT('',(5.5,0.));
#3479 = VECTOR('',#3480,1.);
#3480 = DIRECTION('',(0.,-1.));
#3481 = ( GEOMETRIC_REPRESENTATION_CONTEXT(2) 
PARAMETRIC_REPRESENTATION_CONTEXT() REPRESENTATION_CONTEXT('2D SPACE',''
  ) );
#3482 = PCURVE('',#3483,#3488);
#3483 = CYLINDRICAL_SURFACE('',#3484,1.5);
#3484 = AXIS2_PLACEMENT_3D('',#3485,#3486,#3487);
#3485 = CARTESIAN_POINT('',(78.5,-15.,14.5));
#3486 = DIRECTION('',(0.,1.,0.));
#3487 = DIRECTION('',(1.,0.,-0.));
#3488 = DEFINITIONAL_REPRESENTATION('',(#3489),#3493);
#3489 = LINE('',#3490,#3491);
#3490 = CARTESIAN_POINT('',(-0.,0.));
#3491 = VECTOR('',#3492,1.);
#3492 = DIRECTION('',(-0.,1.));
#3493 = ( GEOMETRIC_REPRESENTATION_CONTEXT(2) 
PARAMETRIC_REPRESENTATION_CONTEXT() REPRESENTATION_CONTEXT('2D SPACE',''
  ) );
#3494 = ORIENTED_EDGE('',*,*,#3230,.T.);
#3495 = ADVANCED_FACE('',(#3496),#2324,.T.);
#3496 = FACE_BOUND('',#3497,.F.);
#3497 = EDGE_LOOP('',(#3498,#3499,#3500,#3599));
#3498 = ORIENTED_EDGE('',*,*,#2390,.T.);
#3499 = ORIENTED_EDGE('',*,*,#2603,.T.);
#3500 = ORIENTED_EDGE('',*,*,#3501,.F.);
#3501 = EDGE_CURVE('',#2309,#2604,#3502,.T.);
#3502 = SURFACE_CURVE('',#3503,(#3510,#3516),.PCURVE_S1.);
#3503 = B_SPLINE_CURVE_WITH_KNOTS('',5,(#3504,#3505,#3506,#3507,#3508,
    #3509),.UNSPECIFIED.,.F.,.F.,(6,6),(0.,1.),
  .PIECEWISE_BEZIER_KNOTS.);
#3504 = CARTESIAN_POINT('',(58.,13.,14.5));
#3505 = CARTESIAN_POINT('',(58.,13.628318530718,14.4));
#3506 = CARTESIAN_POINT('',(58.246030008091,14.257223286726,14.3));
#3507 = CARTESIAN_POINT('',(58.742776713274,14.753969991908,14.2));
#3508 = CARTESIAN_POINT('',(59.371681469282,15.,14.1));
#3509 = CARTESIAN_POINT('',(60.,15.,14.));
#3510 = PCURVE('',#2324,#3511);
#3511 = DEFINITIONAL_REPRESENTATION('',(#3512),#3515);
#3512 = B_SPLINE_CURVE_WITH_KNOTS('',1,(#3513,#3514),.UNSPECIFIED.,.F.,
  .F.,(2,2),(0.,1.),.PIECEWISE_BEZIER_KNOTS.);
#3513 = CARTESIAN_POINT('',(2.109423746788E-14,4.));
#3514 = CARTESIAN_POINT('',(-1.570796326795,3.5));
#3515 = ( GEOMETRIC_REPRESENTATION_CONTEXT(2) 
PARAMETRIC_REPRESENTATION_CONTEXT() REPRESENTATION_CONTEXT('2D SPACE',''
  ) );
#3516 = PCURVE('',#3517,#3590);
#3517 = B_SPLINE_SURFACE_WITH_KNOTS('',7,8,(
    (#3518,#3519,#3520,#3521,#3522,#3523,#3524,#3525,#3526)
    ,(#3527,#3528,#3529,#3530,#3531,#3532,#3533,#3534,#3535)
    ,(#3536,#3537,#3538,#3539,#3540,#3541,#3542,#3543,#3544)
    ,(#3545,#3546,#3547,#3548,#3549,#3550,#3551,#3552,#3553)
    ,(#3554,#3555,#3556,#3557,#3558,#3559,#3560,#3561,#3562)
    ,(#3563,#3564,#3565,#3566,#3567,#3568,#3569,#3570,#3571)
    ,(#3572,#3573,#3574,#3575,#3576,#3577,#3578,#3579,#3580)
    ,(#3581,#3582,#3583,#3584,#3585,#3586,#3587,#3588,#3589
  )),.UNSPECIFIED.,.F.,.F.,.F.,(8,8),(9,9),(0.,1.),(0.,1.),
  .PIECEWISE_BEZIER_KNOTS.);
#3518 = CARTESIAN_POINT('',(58.,13.,14.5));
#3519 = CARTESIAN_POINT('',(58.,13.392699081699,14.4375));
#3520 = CARTESIAN_POINT('',(58.088121577922,13.785398287008,14.375));
#3521 = CARTESIAN_POINT('',(58.264363868257,14.15502646867,14.3125));
#3522 = CARTESIAN_POINT('',(58.52148248844,14.47851751156,14.25));
#3523 = CARTESIAN_POINT('',(58.84497353133,14.735636131743,14.1875));
#3524 = CARTESIAN_POINT('',(59.214601712992,14.911878422078,14.125));
#3525 = CARTESIAN_POINT('',(59.607300918301,15.,14.0625));
#3526 = CARTESIAN_POINT('',(60.,15.,14.));
#3527 = CARTESIAN_POINT('',(58.,13.,14.836599200926));
#3528 = CARTESIAN_POINT('',(57.992987516647,13.392699081699,
    14.767738586524));
#3529 = CARTESIAN_POINT('',(58.078181219728,13.801384948822,
    14.686289175277));
#3530 = CARTESIAN_POINT('',(58.266535686364,14.193404262012,
    14.592251090827));
#3531 = CARTESIAN_POINT('',(58.552526499555,14.524255965455,
    14.486659244972));
#3532 = CARTESIAN_POINT('',(58.890896613859,14.762736913952,
    14.371585624443));
#3533 = CARTESIAN_POINT('',(59.253312511976,14.921093508385,
    14.24992098409));
#3534 = CARTESIAN_POINT('',(59.627686501401,15.,14.124960483216));
#3535 = CARTESIAN_POINT('',(60.,15.,14.));
#3536 = CARTESIAN_POINT('',(58.088123333497,13.,15.173196824239));
#3537 = CARTESIAN_POINT('',(58.066219882163,13.392699081698,
    15.121588645512));
#3538 = CARTESIAN_POINT('',(58.192553956393,13.812042723363,
    15.078169371662));
#3539 = CARTESIAN_POINT('',(58.391491757886,14.218989457574,
    14.96260509542));
#3540 = CARTESIAN_POINT('',(58.683690829498,14.554748268051,
    14.803176465158));
#3541 = CARTESIAN_POINT('',(59.012449130741,14.780804102091,
    14.616923721304));
#3542 = CARTESIAN_POINT('',(59.34690439777,14.927236899256,
    14.416064696355));
#3543 = CARTESIAN_POINT('',(59.708004129467,15.,14.233328044692));
#3544 = CARTESIAN_POINT('',(60.,15.,14.));
#3545 = CARTESIAN_POINT('',(58.264355903314,13.,15.482120385388));
#3546 = CARTESIAN_POINT('',(58.242354140298,13.392699081699,
    15.469643299213));
#3547 = CARTESIAN_POINT('',(58.338963309942,13.817371610635,
    15.402755271898));
#3548 = CARTESIAN_POINT('',(58.51987671839,14.231782055355,
    15.252055108483));
#3549 = CARTESIAN_POINT('',(58.789349055583,14.569994419349,
    15.032204005182));
#3550 = CARTESIAN_POINT('',(59.094036592261,14.789837696161,
    14.780115381227));
#3551 = CARTESIAN_POINT('',(59.403851398148,14.930308594692,
    14.518017557975));
#3552 = CARTESIAN_POINT('',(59.723309123605,15.,14.262658005535));
#3553 = CARTESIAN_POINT('',(60.,15.,14.));
#3554 = CARTESIAN_POINT('',(58.517879614613,13.,15.735644096685));
#3555 = CARTESIAN_POINT('',(58.530356700788,13.392699081698,
    15.757645859702));
#3556 = CARTESIAN_POINT('',(58.597244728102,13.817371610634,
    15.661036690057));
#3557 = CARTESIAN_POINT('',(58.747944891517,14.231782055354,
    15.48012328161));
#3558 = CARTESIAN_POINT('',(58.967795994818,14.569994419349,
    15.210650944417));
#3559 = CARTESIAN_POINT('',(59.219884618773,14.789837696161,
    14.905963407739));
#3560 = CARTESIAN_POINT('',(59.481982442025,14.930308594692,
    14.596148601852));
#3561 = CARTESIAN_POINT('',(59.737341994465,15.,14.276690876395));
#3562 = CARTESIAN_POINT('',(60.,15.,14.));
#3563 = CARTESIAN_POINT('',(58.826803175761,13.,15.911876666503));
#3564 = CARTESIAN_POINT('',(58.878411354488,13.392699081699,
    15.933780117838));
#3565 = CARTESIAN_POINT('',(58.921830628337,13.812042723364,
    15.807446043608));
#3566 = CARTESIAN_POINT('',(59.037394904579,14.218989457574,
    15.608508242115));
#3567 = CARTESIAN_POINT('',(59.196823534842,14.554748268051,
    15.316309170502));
#3568 = CARTESIAN_POINT('',(59.383076278696,14.780804102091,
    14.987550869259));
#3569 = CARTESIAN_POINT('',(59.583935303645,14.927236899256,
    14.65309560223));
#3570 = CARTESIAN_POINT('',(59.766671955308,15.,14.291995870533));
#3571 = CARTESIAN_POINT('',(60.,15.,14.));
#3572 = CARTESIAN_POINT('',(59.163400799074,13.,16.));
#3573 = CARTESIAN_POINT('',(59.232261413476,13.392699081699,
    16.007012483353));
#3574 = CARTESIAN_POINT('',(59.313710824723,13.801384948822,
    15.921818780272));
#3575 = CARTESIAN_POINT('',(59.407748909173,14.193404262012,
    15.733464313636));
#3576 = CARTESIAN_POINT('',(59.513340755029,14.524255965454,
    15.447473500445));
#3577 = CARTESIAN_POINT('',(59.628414375557,14.762736913952,
    15.109103386141));
#3578 = CARTESIAN_POINT('',(59.75007901591,14.921093508385,
    14.746687488023));
#3579 = CARTESIAN_POINT('',(59.875039516784,15.,14.372313498599));
#3580 = CARTESIAN_POINT('',(60.,15.,14.));
#3581 = CARTESIAN_POINT('',(59.5,13.,16.));
#3582 = CARTESIAN_POINT('',(59.5625,13.392699081699,16.));
#3583 = CARTESIAN_POINT('',(59.625,13.785398287008,15.911878422077));
#3584 = CARTESIAN_POINT('',(59.6875,14.15502646867,15.735636131743));
#3585 = CARTESIAN_POINT('',(59.75,14.47851751156,15.478517511559));
#3586 = CARTESIAN_POINT('',(59.8125,14.735636131743,15.15502646867));
#3587 = CARTESIAN_POINT('',(59.875,14.911878422078,14.785398287008));
#3588 = CARTESIAN_POINT('',(59.9375,15.,14.392699081699));
#3589 = CARTESIAN_POINT('',(60.,15.,14.));
#3590 = DEFINITIONAL_REPRESENTATION('',(#3591),#3598);
#3591 = B_SPLINE_CURVE_WITH_KNOTS('',5,(#3592,#3593,#3594,#3595,#3596,
    #3597),.UNSPECIFIED.,.F.,.F.,(6,6),(0.,1.),
  .PIECEWISE_BEZIER_KNOTS.);
#3592 = CARTESIAN_POINT('',(0.,0.));
#3593 = CARTESIAN_POINT('',(0.,0.2));
#3594 = CARTESIAN_POINT('',(0.,0.400033489672));
#3595 = CARTESIAN_POINT('',(0.,0.599966510328));
#3596 = CARTESIAN_POINT('',(0.,0.8));
#3597 = CARTESIAN_POINT('',(0.,1.));
#3598 = ( GEOMETRIC_REPRESENTATION_CONTEXT(2) 
PARAMETRIC_REPRESENTATION_CONTEXT() REPRESENTATION_CONTEXT('2D SPACE',''
  ) );
#3599 = ORIENTED_EDGE('',*,*,#2308,.F.);
#3600 = ADVANCED_FACE('',(#3601),#2352,.T.);
#3601 = FACE_BOUND('',#3602,.T.);
#3602 = EDGE_LOOP('',(#3603,#3604,#3635,#3658));
#3603 = ORIENTED_EDGE('',*,*,#2336,.F.);
#3604 = ORIENTED_EDGE('',*,*,#3605,.T.);
#3605 = EDGE_CURVE('',#2337,#3360,#3606,.T.);
#3606 = SURFACE_CURVE('',#3607,(#3616,#3628),.PCURVE_S1.);
#3607 = B_SPLINE_CURVE_WITH_KNOTS('',7,(#3608,#3609,#3610,#3611,#3612,
    #3613,#3614,#3615),.UNSPECIFIED.,.F.,.F.,(8,8),(0.,1.),
  .PIECEWISE_BEZIER_KNOTS.);
#3608 = CARTESIAN_POINT('',(58.,-13.,14.5));
#3609 = CARTESIAN_POINT('',(58.,-13.,14.836599200926));
#3610 = CARTESIAN_POINT('',(58.088123333497,-13.,15.173196824239));
#3611 = CARTESIAN_POINT('',(58.264355903314,-13.,15.482120385388));
#3612 = CARTESIAN_POINT('',(58.517879614613,-13.,15.735644096685));
#3613 = CARTESIAN_POINT('',(58.826803175761,-13.,15.911876666503));
#3614 = CARTESIAN_POINT('',(59.163400799074,-13.,16.));
#3615 = CARTESIAN_POINT('',(59.5,-13.,16.));
#3616 = PCURVE('',#2352,#3617);
#3617 = DEFINITIONAL_REPRESENTATION('',(#3618),#3627);
#3618 = B_SPLINE_CURVE_WITH_KNOTS('',7,(#3619,#3620,#3621,#3622,#3623,
    #3624,#3625,#3626),.UNSPECIFIED.,.F.,.F.,(8,8),(0.,1.),
  .PIECEWISE_BEZIER_KNOTS.);
#3619 = CARTESIAN_POINT('',(-7.771561172376E-16,2.));
#3620 = CARTESIAN_POINT('',(0.224399467284,2.));
#3621 = CARTESIAN_POINT('',(0.448798413924,2.));
#3622 = CARTESIAN_POINT('',(0.673199936522,2.));
#3623 = CARTESIAN_POINT('',(0.897596390273,2.));
#3624 = CARTESIAN_POINT('',(1.12199791287,2.));
#3625 = CARTESIAN_POINT('',(1.346396859511,2.));
#3626 = CARTESIAN_POINT('',(1.570796326795,2.));
#3627 = ( GEOMETRIC_REPRESENTATION_CONTEXT(2) 
PARAMETRIC_REPRESENTATION_CONTEXT() REPRESENTATION_CONTEXT('2D SPACE',''
  ) );
#3628 = PCURVE('',#3272,#3629);
#3629 = DEFINITIONAL_REPRESENTATION('',(#3630),#3634);
#3630 = LINE('',#3631,#3632);
#3631 = CARTESIAN_POINT('',(0.,0.));
#3632 = VECTOR('',#3633,1.);
#3633 = DIRECTION('',(1.,0.));
#3634 = ( GEOMETRIC_REPRESENTATION_CONTEXT(2) 
PARAMETRIC_REPRESENTATION_CONTEXT() REPRESENTATION_CONTEXT('2D SPACE',''
  ) );
#3635 = ORIENTED_EDGE('',*,*,#3636,.T.);
#3636 = EDGE_CURVE('',#3360,#3637,#3639,.T.);
#3637 = VERTEX_POINT('',#3638);
#3638 = CARTESIAN_POINT('',(59.5,13.,16.));
#3639 = SURFACE_CURVE('',#3640,(#3644,#3651),.PCURVE_S1.);
#3640 = LINE('',#3641,#3642);
#3641 = CARTESIAN_POINT('',(59.5,-15.,16.));
#3642 = VECTOR('',#3643,1.);
#3643 = DIRECTION('',(0.,1.,0.));
#3644 = PCURVE('',#2352,#3645);
#3645 = DEFINITIONAL_REPRESENTATION('',(#3646),#3650);
#3646 = LINE('',#3647,#3648);
#3647 = CARTESIAN_POINT('',(1.570796326795,0.));
#3648 = VECTOR('',#3649,1.);
#3649 = DIRECTION('',(0.,1.));
#3650 = ( GEOMETRIC_REPRESENTATION_CONTEXT(2) 
PARAMETRIC_REPRESENTATION_CONTEXT() REPRESENTATION_CONTEXT('2D SPACE',''
  ) );
#3651 = PCURVE('',#3430,#3652);
#3652 = DEFINITIONAL_REPRESENTATION('',(#3653),#3657);
#3653 = LINE('',#3654,#3655);
#3654 = CARTESIAN_POINT('',(1.5,0.));
#3655 = VECTOR('',#3656,1.);
#3656 = DIRECTION('',(0.,1.));
#3657 = ( GEOMETRIC_REPRESENTATION_CONTEXT(2) 
PARAMETRIC_REPRESENTATION_CONTEXT() REPRESENTATION_CONTEXT('2D SPACE',''
  ) );
#3658 = ORIENTED_EDGE('',*,*,#3659,.F.);
#3659 = EDGE_CURVE('',#2309,#3637,#3660,.T.);
#3660 = SURFACE_CURVE('',#3661,(#3670,#3682),.PCURVE_S1.);
#3661 = B_SPLINE_CURVE_WITH_KNOTS('',7,(#3662,#3663,#3664,#3665,#3666,
    #3667,#3668,#3669),.UNSPECIFIED.,.F.,.F.,(8,8),(0.,1.),
  .PIECEWISE_BEZIER_KNOTS.);
#3662 = CARTESIAN_POINT('',(58.,13.,14.5));
#3663 = CARTESIAN_POINT('',(58.,13.,14.836599200926));
#3664 = CARTESIAN_POINT('',(58.088123333497,13.,15.173196824239));
#3665 = CARTESIAN_POINT('',(58.264355903314,13.,15.482120385388));
#3666 = CARTESIAN_POINT('',(58.517879614613,13.,15.735644096685));
#3667 = CARTESIAN_POINT('',(58.826803175761,13.,15.911876666503));
#3668 = CARTESIAN_POINT('',(59.163400799074,13.,16.));
#3669 = CARTESIAN_POINT('',(59.5,13.,16.));
#3670 = PCURVE('',#2352,#3671);
#3671 = DEFINITIONAL_REPRESENTATION('',(#3672),#3681);
#3672 = B_SPLINE_CURVE_WITH_KNOTS('',7,(#3673,#3674,#3675,#3676,#3677,
    #3678,#3679,#3680),.UNSPECIFIED.,.F.,.F.,(8,8),(0.,1.),
  .PIECEWISE_BEZIER_KNOTS.);
#3673 = CARTESIAN_POINT('',(-6.661338147751E-16,28.));
#3674 = CARTESIAN_POINT('',(0.224399467284,28.));
#3675 = CARTESIAN_POINT('',(0.448798413925,28.));
#3676 = CARTESIAN_POINT('',(0.673199936521,28.000000000001));
#3677 = CARTESIAN_POINT('',(0.897596390273,27.999999999999));
#3678 = CARTESIAN_POINT('',(1.12199791287,28.));
#3679 = CARTESIAN_POINT('',(1.346396859511,28.));
#3680 = CARTESIAN_POINT('',(1.570796326795,28.));
#3681 = ( GEOMETRIC_REPRESENTATION_CONTEXT(2) 
PARAMETRIC_REPRESENTATION_CONTEXT() REPRESENTATION_CONTEXT('2D SPACE',''
  ) );
#3682 = PCURVE('',#3517,#3683);
#3683 = DEFINITIONAL_REPRESENTATION('',(#3684),#3688);
#3684 = LINE('',#3685,#3686);
#3685 = CARTESIAN_POINT('',(0.,0.));
#3686 = VECTOR('',#3687,1.);
#3687 = DIRECTION('',(1.,0.));
#3688 = ( GEOMETRIC_REPRESENTATION_CONTEXT(2) 
PARAMETRIC_REPRESENTATION_CONTEXT() REPRESENTATION_CONTEXT('2D SPACE',''
  ) );
#3689 = ADVANCED_FACE('',(#3690),#2439,.T.);
#3690 = FACE_BOUND('',#3691,.F.);
#3691 = EDGE_LOOP('',(#3692,#3791,#3792,#3793));
#3692 = ORIENTED_EDGE('',*,*,#3693,.T.);
#3693 = EDGE_CURVE('',#2682,#2456,#3694,.T.);
#3694 = SURFACE_CURVE('',#3695,(#3702,#3708),.PCURVE_S1.);
#3695 = B_SPLINE_CURVE_WITH_KNOTS('',5,(#3696,#3697,#3698,#3699,#3700,
    #3701),.UNSPECIFIED.,.F.,.F.,(6,6),(0.,1.),
  .PIECEWISE_BEZIER_KNOTS.);
#3696 = CARTESIAN_POINT('',(58.,13.,-14.5));
#3697 = CARTESIAN_POINT('',(58.,13.628318530718,-14.4));
#3698 = CARTESIAN_POINT('',(58.246030008091,14.257223286726,-14.3));
#3699 = CARTESIAN_POINT('',(58.742776713274,14.753969991908,-14.2));
#3700 = CARTESIAN_POINT('',(59.371681469282,15.,-14.1));
#3701 = CARTESIAN_POINT('',(60.,15.,-14.));
#3702 = PCURVE('',#2439,#3703);
#3703 = DEFINITIONAL_REPRESENTATION('',(#3704),#3707);
#3704 = B_SPLINE_CURVE_WITH_KNOTS('',1,(#3705,#3706),.UNSPECIFIED.,.F.,
  .F.,(2,2),(0.,1.),.PIECEWISE_BEZIER_KNOTS.);
#3705 = CARTESIAN_POINT('',(2.109423746788E-14,-6.772360450213E-15));
#3706 = CARTESIAN_POINT('',(-1.570796326795,0.5));
#3707 = ( GEOMETRIC_REPRESENTATION_CONTEXT(2) 
PARAMETRIC_REPRESENTATION_CONTEXT() REPRESENTATION_CONTEXT('2D SPACE',''
  ) );
#3708 = PCURVE('',#3709,#3782);
#3709 = B_SPLINE_SURFACE_WITH_KNOTS('',7,8,(
    (#3710,#3711,#3712,#3713,#3714,#3715,#3716,#3717,#3718)
    ,(#3719,#3720,#3721,#3722,#3723,#3724,#3725,#3726,#3727)
    ,(#3728,#3729,#3730,#3731,#3732,#3733,#3734,#3735,#3736)
    ,(#3737,#3738,#3739,#3740,#3741,#3742,#3743,#3744,#3745)
    ,(#3746,#3747,#3748,#3749,#3750,#3751,#3752,#3753,#3754)
    ,(#3755,#3756,#3757,#3758,#3759,#3760,#3761,#3762,#3763)
    ,(#3764,#3765,#3766,#3767,#3768,#3769,#3770,#3771,#3772)
    ,(#3773,#3774,#3775,#3776,#3777,#3778,#3779,#3780,#3781
  )),.UNSPECIFIED.,.F.,.F.,.F.,(8,8),(9,9),(0.,1.),(0.,1.),
  .PIECEWISE_BEZIER_KNOTS.);
#3710 = CARTESIAN_POINT('',(59.5,13.,-16.));
#3711 = CARTESIAN_POINT('',(59.5625,13.392699081699,-16.));
#3712 = CARTESIAN_POINT('',(59.625,13.785398287008,-15.91187842207));
#3713 = CARTESIAN_POINT('',(59.6875,14.15502646867,-15.73563613174));
#3714 = CARTESIAN_POINT('',(59.75,14.47851751156,-15.47851751155));
#3715 = CARTESIAN_POINT('',(59.8125,14.735636131743,-15.15502646867));
#3716 = CARTESIAN_POINT('',(59.875,14.911878422078,-14.785398287));
#3717 = CARTESIAN_POINT('',(59.9375,15.,-14.39269908169));
#3718 = CARTESIAN_POINT('',(60.,15.,-14.));
#3719 = CARTESIAN_POINT('',(59.163400799074,13.,-16.));
#3720 = CARTESIAN_POINT('',(59.232261413476,13.392699081699,
    -16.00701248335));
#3721 = CARTESIAN_POINT('',(59.313710824723,13.801384948822,
    -15.92181878027));
#3722 = CARTESIAN_POINT('',(59.407748909172,14.193404262012,
    -15.73346431363));
#3723 = CARTESIAN_POINT('',(59.513340755029,14.524255965454,
    -15.44747350044));
#3724 = CARTESIAN_POINT('',(59.628414375557,14.762736913952,
    -15.10910338614));
#3725 = CARTESIAN_POINT('',(59.75007901591,14.921093508385,
    -14.74668748802));
#3726 = CARTESIAN_POINT('',(59.875039516784,15.,-14.37231349859));
#3727 = CARTESIAN_POINT('',(60.,15.,-14.));
#3728 = CARTESIAN_POINT('',(58.826803175761,13.,-15.9118766665));
#3729 = CARTESIAN_POINT('',(58.878411354488,13.392699081698,
    -15.93378011783));
#3730 = CARTESIAN_POINT('',(58.921830628337,13.812042723363,
    -15.8074460436));
#3731 = CARTESIAN_POINT('',(59.037394904579,14.218989457573,
    -15.60850824211));
#3732 = CARTESIAN_POINT('',(59.196823534842,14.554748268051,
    -15.3163091705));
#3733 = CARTESIAN_POINT('',(59.383076278696,14.780804102091,
    -14.98755086925));
#3734 = CARTESIAN_POINT('',(59.583935303645,14.927236899256,
    -14.65309560223));
#3735 = CARTESIAN_POINT('',(59.766671955308,15.,-14.29199587053));
#3736 = CARTESIAN_POINT('',(60.,15.,-14.));
#3737 = CARTESIAN_POINT('',(58.517879614613,13.000000000001,
    -15.73564409668));
#3738 = CARTESIAN_POINT('',(58.530356700788,13.392699081699,
    -15.7576458597));
#3739 = CARTESIAN_POINT('',(58.597244728102,13.817371610635,
    -15.66103669005));
#3740 = CARTESIAN_POINT('',(58.747944891517,14.231782055355,
    -15.4801232816));
#3741 = CARTESIAN_POINT('',(58.967795994818,14.56999441935,
    -15.21065094441));
#3742 = CARTESIAN_POINT('',(59.219884618773,14.789837696161,
    -14.90596340773));
#3743 = CARTESIAN_POINT('',(59.481982442025,14.930308594692,
    -14.59614860185));
#3744 = CARTESIAN_POINT('',(59.737341994465,15.,-14.27669087639));
#3745 = CARTESIAN_POINT('',(60.,15.,-14.));
#3746 = CARTESIAN_POINT('',(58.264355903314,13.,-15.48212038538));
#3747 = CARTESIAN_POINT('',(58.242354140298,13.392699081698,
    -15.46964329921));
#3748 = CARTESIAN_POINT('',(58.338963309942,13.817371610634,
    -15.40275527189));
#3749 = CARTESIAN_POINT('',(58.51987671839,14.231782055354,
    -15.25205510848));
#3750 = CARTESIAN_POINT('',(58.789349055583,14.569994419349,
    -15.03220400518));
#3751 = CARTESIAN_POINT('',(59.094036592261,14.789837696161,
    -14.78011538122));
#3752 = CARTESIAN_POINT('',(59.403851398147,14.930308594692,
    -14.51801755797));
#3753 = CARTESIAN_POINT('',(59.723309123605,15.,-14.26265800553));
#3754 = CARTESIAN_POINT('',(60.,15.,-14.));
#3755 = CARTESIAN_POINT('',(58.088123333497,13.,-15.17319682423));
#3756 = CARTESIAN_POINT('',(58.066219882163,13.392699081699,
    -15.12158864551));
#3757 = CARTESIAN_POINT('',(58.192553956393,13.812042723364,
    -15.07816937166));
#3758 = CARTESIAN_POINT('',(58.391491757886,14.218989457574,
    -14.96260509542));
#3759 = CARTESIAN_POINT('',(58.683690829498,14.554748268051,
    -14.80317646515));
#3760 = CARTESIAN_POINT('',(59.012449130741,14.780804102091,
    -14.6169237213));
#3761 = CARTESIAN_POINT('',(59.34690439777,14.927236899256,
    -14.41606469635));
#3762 = CARTESIAN_POINT('',(59.708004129467,15.,-14.23332804469));
#3763 = CARTESIAN_POINT('',(60.,15.,-14.));
#3764 = CARTESIAN_POINT('',(58.,13.,-14.83659920092));
#3765 = CARTESIAN_POINT('',(57.992987516647,13.392699081699,
    -14.76773858652));
#3766 = CARTESIAN_POINT('',(58.078181219728,13.801384948822,
    -14.68628917527));
#3767 = CARTESIAN_POINT('',(58.266535686364,14.193404262012,
    -14.59225109082));
#3768 = CARTESIAN_POINT('',(58.552526499555,14.524255965455,
    -14.48665924497));
#3769 = CARTESIAN_POINT('',(58.890896613859,14.762736913952,
    -14.37158562444));
#3770 = CARTESIAN_POINT('',(59.253312511976,14.921093508385,
    -14.24992098409));
#3771 = CARTESIAN_POINT('',(59.627686501401,15.,-14.12496048321));
#3772 = CARTESIAN_POINT('',(60.,15.,-14.));
#3773 = CARTESIAN_POINT('',(58.,13.,-14.5));
#3774 = CARTESIAN_POINT('',(58.,13.392699081699,-14.4375));
#3775 = CARTESIAN_POINT('',(58.088121577922,13.785398287009,-14.375));
#3776 = CARTESIAN_POINT('',(58.264363868257,14.15502646867,-14.3125));
#3777 = CARTESIAN_POINT('',(58.52148248844,14.47851751156,-14.25));
#3778 = CARTESIAN_POINT('',(58.84497353133,14.735636131742,-14.1875));
#3779 = CARTESIAN_POINT('',(59.214601712992,14.911878422078,-14.125));
#3780 = CARTESIAN_POINT('',(59.607300918301,15.,-14.0625));
#3781 = CARTESIAN_POINT('',(60.,15.,-14.));
#3782 = DEFINITIONAL_REPRESENTATION('',(#3783),#3790);
#3783 = B_SPLINE_CURVE_WITH_KNOTS('',5,(#3784,#3785,#3786,#3787,#3788,
    #3789),.UNSPECIFIED.,.F.,.F.,(6,6),(0.,1.),
  .PIECEWISE_BEZIER_KNOTS.);
#3784 = CARTESIAN_POINT('',(1.,5.551115123126E-17));
#3785 = CARTESIAN_POINT('',(1.,0.2));
#3786 = CARTESIAN_POINT('',(1.,0.400033489672));
#3787 = CARTESIAN_POINT('',(1.,0.599966510328));
#3788 = CARTESIAN_POINT('',(1.,0.8));
#3789 = CARTESIAN_POINT('',(1.,1.));
#3790 = ( GEOMETRIC_REPRESENTATION_CONTEXT(2) 
PARAMETRIC_REPRESENTATION_CONTEXT() REPRESENTATION_CONTEXT('2D SPACE',''
  ) );
#3791 = ORIENTED_EDGE('',*,*,#2455,.T.);
#3792 = ORIENTED_EDGE('',*,*,#2419,.F.);
#3793 = ORIENTED_EDGE('',*,*,#2709,.F.);
#3794 = ADVANCED_FACE('',(#3795),#2521,.T.);
#3795 = FACE_BOUND('',#3796,.F.);
#3796 = EDGE_LOOP('',(#3797,#3898,#3899,#3927));
#3797 = ORIENTED_EDGE('',*,*,#3798,.T.);
#3798 = EDGE_CURVE('',#3799,#2480,#3801,.T.);
#3799 = VERTEX_POINT('',#3800);
#3800 = CARTESIAN_POINT('',(78.5,13.,-16.));
#3801 = SURFACE_CURVE('',#3802,(#3812,#3818),.PCURVE_S1.);
#3802 = B_SPLINE_CURVE_WITH_KNOTS('',8,(#3803,#3804,#3805,#3806,#3807,
    #3808,#3809,#3810,#3811),.UNSPECIFIED.,.F.,.F.,(9,9),(0.,1.),
  .PIECEWISE_BEZIER_KNOTS.);
#3803 = CARTESIAN_POINT('',(78.5,13.,-16.));
#3804 = CARTESIAN_POINT('',(78.4375,13.392699081699,-16.));
#3805 = CARTESIAN_POINT('',(78.375,13.785398287008,-15.91187842207));
#3806 = CARTESIAN_POINT('',(78.3125,14.15502646867,-15.73563613174));
#3807 = CARTESIAN_POINT('',(78.25,14.47851751156,-15.47851751155));
#3808 = CARTESIAN_POINT('',(78.1875,14.735636131743,-15.15502646867));
#3809 = CARTESIAN_POINT('',(78.125,14.911878422078,-14.785398287));
#3810 = CARTESIAN_POINT('',(78.0625,15.,-14.39269908169));
#3811 = CARTESIAN_POINT('',(78.,15.,-14.));
#3812 = PCURVE('',#2521,#3813);
#3813 = DEFINITIONAL_REPRESENTATION('',(#3814),#3817);
#3814 = B_SPLINE_CURVE_WITH_KNOTS('',1,(#3815,#3816),.UNSPECIFIED.,.F.,
  .F.,(2,2),(0.,1.),.PIECEWISE_BEZIER_KNOTS.);
#3815 = CARTESIAN_POINT('',(0.,0.));
#3816 = CARTESIAN_POINT('',(-1.570796326795,0.5));
#3817 = ( GEOMETRIC_REPRESENTATION_CONTEXT(2) 
PARAMETRIC_REPRESENTATION_CONTEXT() REPRESENTATION_CONTEXT('2D SPACE',''
  ) );
#3818 = PCURVE('',#3819,#3892);
#3819 = B_SPLINE_SURFACE_WITH_KNOTS('',7,8,(
    (#3820,#3821,#3822,#3823,#3824,#3825,#3826,#3827,#3828)
    ,(#3829,#3830,#3831,#3832,#3833,#3834,#3835,#3836,#3837)
    ,(#3838,#3839,#3840,#3841,#3842,#3843,#3844,#3845,#3846)
    ,(#3847,#3848,#3849,#3850,#3851,#3852,#3853,#3854,#3855)
    ,(#3856,#3857,#3858,#3859,#3860,#3861,#3862,#3863,#3864)
    ,(#3865,#3866,#3867,#3868,#3869,#3870,#3871,#3872,#3873)
    ,(#3874,#3875,#3876,#3877,#3878,#3879,#3880,#3881,#3882)
    ,(#3883,#3884,#3885,#3886,#3887,#3888,#3889,#3890,#3891
  )),.UNSPECIFIED.,.F.,.F.,.F.,(8,8),(9,9),(0.,1.),(0.,1.),
  .PIECEWISE_BEZIER_KNOTS.);
#3820 = CARTESIAN_POINT('',(80.,13.,-14.5));
#3821 = CARTESIAN_POINT('',(80.,13.392699081699,-14.4375));
#3822 = CARTESIAN_POINT('',(79.911878422077,13.785398287008,-14.375));
#3823 = CARTESIAN_POINT('',(79.735636131743,14.15502646867,-14.3125));
#3824 = CARTESIAN_POINT('',(79.478517511559,14.47851751156,-14.25));
#3825 = CARTESIAN_POINT('',(79.155026468671,14.735636131743,-14.1875));
#3826 = CARTESIAN_POINT('',(78.785398287008,14.911878422078,-14.125));
#3827 = CARTESIAN_POINT('',(78.392699081699,15.,-14.0625));
#3828 = CARTESIAN_POINT('',(78.,15.,-14.));
#3829 = CARTESIAN_POINT('',(80.,13.,-14.83659920092));
#3830 = CARTESIAN_POINT('',(80.007012483353,13.392699081699,
    -14.76773858652));
#3831 = CARTESIAN_POINT('',(79.921818780271,13.801384948822,
    -14.68628917527));
#3832 = CARTESIAN_POINT('',(79.733464313636,14.193404262012,
    -14.59225109082));
#3833 = CARTESIAN_POINT('',(79.447473500444,14.524255965455,
    -14.48665924497));
#3834 = CARTESIAN_POINT('',(79.109103386141,14.762736913952,
    -14.37158562444));
#3835 = CARTESIAN_POINT('',(78.746687488023,14.921093508385,
    -14.24992098409));
#3836 = CARTESIAN_POINT('',(78.372313498599,15.,-14.12496048321));
#3837 = CARTESIAN_POINT('',(78.,15.,-14.));
#3838 = CARTESIAN_POINT('',(79.911876666503,13.,-15.17319682423));
#3839 = CARTESIAN_POINT('',(79.933780117837,13.392699081698,
    -15.12158864551));
#3840 = CARTESIAN_POINT('',(79.807446043607,13.812042723363,
    -15.07816937166));
#3841 = CARTESIAN_POINT('',(79.608508242115,14.218989457574,
    -14.96260509542));
#3842 = CARTESIAN_POINT('',(79.316309170502,14.554748268051,
    -14.80317646515));
#3843 = CARTESIAN_POINT('',(78.987550869259,14.780804102091,
    -14.6169237213));
#3844 = CARTESIAN_POINT('',(78.65309560223,14.927236899256,
    -14.41606469635));
#3845 = CARTESIAN_POINT('',(78.291995870533,15.,-14.23332804469));
#3846 = CARTESIAN_POINT('',(78.,15.,-14.));
#3847 = CARTESIAN_POINT('',(79.735644096685,13.,-15.48212038538));
#3848 = CARTESIAN_POINT('',(79.757645859701,13.392699081699,
    -15.46964329921));
#3849 = CARTESIAN_POINT('',(79.661036690057,13.817371610635,
    -15.40275527189));
#3850 = CARTESIAN_POINT('',(79.48012328161,14.231782055355,
    -15.25205510848));
#3851 = CARTESIAN_POINT('',(79.210650944417,14.569994419349,
    -15.03220400518));
#3852 = CARTESIAN_POINT('',(78.905963407739,14.789837696161,
    -14.78011538122));
#3853 = CARTESIAN_POINT('',(78.596148601852,14.930308594692,
    -14.51801755797));
#3854 = CARTESIAN_POINT('',(78.276690876395,15.,-14.26265800553));
#3855 = CARTESIAN_POINT('',(78.,15.,-14.));
#3856 = CARTESIAN_POINT('',(79.482120385389,13.,-15.73564409668));
#3857 = CARTESIAN_POINT('',(79.469643299214,13.392699081699,
    -15.7576458597));
#3858 = CARTESIAN_POINT('',(79.402755271899,13.817371610634,
    -15.66103669005));
#3859 = CARTESIAN_POINT('',(79.252055108484,14.231782055354,
    -15.48012328161));
#3860 = CARTESIAN_POINT('',(79.032204005182,14.569994419349,
    -15.21065094441));
#3861 = CARTESIAN_POINT('',(78.780115381227,14.789837696161,
    -14.90596340773));
#3862 = CARTESIAN_POINT('',(78.518017557975,14.930308594692,
    -14.59614860185));
#3863 = CARTESIAN_POINT('',(78.262658005536,15.,-14.27669087639));
#3864 = CARTESIAN_POINT('',(78.,15.,-14.));
#3865 = CARTESIAN_POINT('',(79.173196824238,13.,-15.9118766665));
#3866 = CARTESIAN_POINT('',(79.121588645511,13.392699081699,
    -15.93378011783));
#3867 = CARTESIAN_POINT('',(79.078169371662,13.812042723364,
    -15.8074460436));
#3868 = CARTESIAN_POINT('',(78.96260509542,14.218989457574,
    -15.60850824211));
#3869 = CARTESIAN_POINT('',(78.803176465157,14.554748268051,
    -15.3163091705));
#3870 = CARTESIAN_POINT('',(78.616923721304,14.780804102091,
    -14.98755086925));
#3871 = CARTESIAN_POINT('',(78.416064696354,14.927236899256,
    -14.65309560223));
#3872 = CARTESIAN_POINT('',(78.233328044692,15.,-14.29199587053));
#3873 = CARTESIAN_POINT('',(78.,15.,-14.));
#3874 = CARTESIAN_POINT('',(78.836599200926,13.,-16.));
#3875 = CARTESIAN_POINT('',(78.767738586525,13.392699081699,
    -16.00701248335));
#3876 = CARTESIAN_POINT('',(78.686289175277,13.801384948822,
    -15.92181878027));
#3877 = CARTESIAN_POINT('',(78.592251090828,14.193404262012,
    -15.73346431363));
#3878 = CARTESIAN_POINT('',(78.486659244972,14.524255965454,
    -15.44747350044));
#3879 = CARTESIAN_POINT('',(78.371585624443,14.762736913952,
    -15.10910338614));
#3880 = CARTESIAN_POINT('',(78.24992098409,14.921093508385,
    -14.74668748802));
#3881 = CARTESIAN_POINT('',(78.124960483216,15.,-14.37231349859));
#3882 = CARTESIAN_POINT('',(78.,15.,-14.));
#3883 = CARTESIAN_POINT('',(78.5,13.,-16.));
#3884 = CARTESIAN_POINT('',(78.4375,13.392699081699,-16.));
#3885 = CARTESIAN_POINT('',(78.375,13.785398287008,-15.91187842207));
#3886 = CARTESIAN_POINT('',(78.3125,14.15502646867,-15.73563613174));
#3887 = CARTESIAN_POINT('',(78.25,14.47851751156,-15.47851751155));
#3888 = CARTESIAN_POINT('',(78.1875,14.735636131743,-15.15502646867));
#3889 = CARTESIAN_POINT('',(78.125,14.911878422078,-14.785398287));
#3890 = CARTESIAN_POINT('',(78.0625,15.,-14.39269908169));
#3891 = CARTESIAN_POINT('',(78.,15.,-14.));
#3892 = DEFINITIONAL_REPRESENTATION('',(#3893),#3897);
#3893 = LINE('',#3894,#3895);
#3894 = CARTESIAN_POINT('',(1.,0.));
#3895 = VECTOR('',#3896,1.);
#3896 = DIRECTION('',(0.,1.));
#3897 = ( GEOMETRIC_REPRESENTATION_CONTEXT(2) 
PARAMETRIC_REPRESENTATION_CONTEXT() REPRESENTATION_CONTEXT('2D SPACE',''
  ) );
#3898 = ORIENTED_EDGE('',*,*,#2507,.T.);
#3899 = ORIENTED_EDGE('',*,*,#3900,.F.);
#3900 = EDGE_CURVE('',#3901,#2456,#3903,.T.);
#3901 = VERTEX_POINT('',#3902);
#3902 = CARTESIAN_POINT('',(59.5,13.,-16.));
#3903 = SURFACE_CURVE('',#3904,(#3911,#3917),.PCURVE_S1.);
#3904 = B_SPLINE_CURVE_WITH_KNOTS('',5,(#3905,#3906,#3907,#3908,#3909,
    #3910),.UNSPECIFIED.,.F.,.F.,(6,6),(0.,1.),
  .PIECEWISE_BEZIER_KNOTS.);
#3905 = CARTESIAN_POINT('',(59.5,13.,-16.));
#3906 = CARTESIAN_POINT('',(59.6,13.628318530718,-16.));
#3907 = CARTESIAN_POINT('',(59.7,14.257223286726,-15.7539699919));
#3908 = CARTESIAN_POINT('',(59.8,14.753969991908,-15.25722328672));
#3909 = CARTESIAN_POINT('',(59.9,15.,-14.62831853071));
#3910 = CARTESIAN_POINT('',(60.,15.,-14.));
#3911 = PCURVE('',#2521,#3912);
#3912 = DEFINITIONAL_REPRESENTATION('',(#3913),#3916);
#3913 = B_SPLINE_CURVE_WITH_KNOTS('',1,(#3914,#3915),.UNSPECIFIED.,.F.,
  .F.,(2,2),(0.,1.),.PIECEWISE_BEZIER_KNOTS.);
#3914 = CARTESIAN_POINT('',(3.01980662698E-14,19.));
#3915 = CARTESIAN_POINT('',(-1.570796326795,18.5));
#3916 = ( GEOMETRIC_REPRESENTATION_CONTEXT(2) 
PARAMETRIC_REPRESENTATION_CONTEXT() REPRESENTATION_CONTEXT('2D SPACE',''
  ) );
#3917 = PCURVE('',#3709,#3918);
#3918 = DEFINITIONAL_REPRESENTATION('',(#3919),#3926);
#3919 = B_SPLINE_CURVE_WITH_KNOTS('',5,(#3920,#3921,#3922,#3923,#3924,
    #3925),.UNSPECIFIED.,.F.,.F.,(6,6),(0.,1.),
  .PIECEWISE_BEZIER_KNOTS.);
#3920 = CARTESIAN_POINT('',(0.,0.));
#3921 = CARTESIAN_POINT('',(0.,0.2));
#3922 = CARTESIAN_POINT('',(0.,0.400033489672));
#3923 = CARTESIAN_POINT('',(0.,0.599966510328));
#3924 = CARTESIAN_POINT('',(0.,0.8));
#3925 = CARTESIAN_POINT('',(0.,1.));
#3926 = ( GEOMETRIC_REPRESENTATION_CONTEXT(2) 
PARAMETRIC_REPRESENTATION_CONTEXT() REPRESENTATION_CONTEXT('2D SPACE',''
  ) );
#3927 = ORIENTED_EDGE('',*,*,#3928,.F.);
#3928 = EDGE_CURVE('',#3799,#3901,#3929,.T.);
#3929 = SURFACE_CURVE('',#3930,(#3934,#3941),.PCURVE_S1.);
#3930 = LINE('',#3931,#3932);
#3931 = CARTESIAN_POINT('',(78.5,13.,-16.));
#3932 = VECTOR('',#3933,1.);
#3933 = DIRECTION('',(-1.,-0.,-0.));
#3934 = PCURVE('',#2521,#3935);
#3935 = DEFINITIONAL_REPRESENTATION('',(#3936),#3940);
#3936 = LINE('',#3937,#3938);
#3937 = CARTESIAN_POINT('',(-0.,0.));
#3938 = VECTOR('',#3939,1.);
#3939 = DIRECTION('',(-0.,1.));
#3940 = ( GEOMETRIC_REPRESENTATION_CONTEXT(2) 
PARAMETRIC_REPRESENTATION_CONTEXT() REPRESENTATION_CONTEXT('2D SPACE',''
  ) );
#3941 = PCURVE('',#3004,#3942);
#3942 = DEFINITIONAL_REPRESENTATION('',(#3943),#3947);
#3943 = LINE('',#3944,#3945);
#3944 = CARTESIAN_POINT('',(20.5,28.));
#3945 = VECTOR('',#3946,1.);
#3946 = DIRECTION('',(-1.,0.));
#3947 = ( GEOMETRIC_REPRESENTATION_CONTEXT(2) 
PARAMETRIC_REPRESENTATION_CONTEXT() REPRESENTATION_CONTEXT('2D SPACE',''
  ) );
#3948 = ADVANCED_FACE('',(#3949),#2495,.T.);
#3949 = FACE_BOUND('',#3950,.F.);
#3950 = EDGE_LOOP('',(#3951,#3952,#3953,#3979));
#3951 = ORIENTED_EDGE('',*,*,#2538,.T.);
#3952 = ORIENTED_EDGE('',*,*,#2479,.T.);
#3953 = ORIENTED_EDGE('',*,*,#3954,.F.);
#3954 = EDGE_CURVE('',#3074,#2480,#3955,.T.);
#3955 = SURFACE_CURVE('',#3956,(#3963,#3969),.PCURVE_S1.);
#3956 = B_SPLINE_CURVE_WITH_KNOTS('',5,(#3957,#3958,#3959,#3960,#3961,
    #3962),.UNSPECIFIED.,.F.,.F.,(6,6),(0.,1.),
  .PIECEWISE_BEZIER_KNOTS.);
#3957 = CARTESIAN_POINT('',(80.,13.,-14.5));
#3958 = CARTESIAN_POINT('',(80.,13.628318530718,-14.4));
#3959 = CARTESIAN_POINT('',(79.753969991909,14.257223286726,-14.3));
#3960 = CARTESIAN_POINT('',(79.257223286726,14.753969991908,-14.2));
#3961 = CARTESIAN_POINT('',(78.628318530718,15.,-14.1));
#3962 = CARTESIAN_POINT('',(78.,15.,-14.));
#3963 = PCURVE('',#2495,#3964);
#3964 = DEFINITIONAL_REPRESENTATION('',(#3965),#3968);
#3965 = B_SPLINE_CURVE_WITH_KNOTS('',1,(#3966,#3967),.UNSPECIFIED.,.F.,
  .F.,(2,2),(0.,1.),.PIECEWISE_BEZIER_KNOTS.);
#3966 = CARTESIAN_POINT('',(1.554312234475E-14,4.));
#3967 = CARTESIAN_POINT('',(-1.570796326795,3.5));
#3968 = ( GEOMETRIC_REPRESENTATION_CONTEXT(2) 
PARAMETRIC_REPRESENTATION_CONTEXT() REPRESENTATION_CONTEXT('2D SPACE',''
  ) );
#3969 = PCURVE('',#3819,#3970);
#3970 = DEFINITIONAL_REPRESENTATION('',(#3971),#3978);
#3971 = B_SPLINE_CURVE_WITH_KNOTS('',5,(#3972,#3973,#3974,#3975,#3976,
    #3977),.UNSPECIFIED.,.F.,.F.,(6,6),(0.,1.),
  .PIECEWISE_BEZIER_KNOTS.);
#3972 = CARTESIAN_POINT('',(0.,1.110223024625E-16));
#3973 = CARTESIAN_POINT('',(0.,0.2));
#3974 = CARTESIAN_POINT('',(0.,0.400033489672));
#3975 = CARTESIAN_POINT('',(0.,0.599966510328));
#3976 = CARTESIAN_POINT('',(0.,0.8));
#3977 = CARTESIAN_POINT('',(0.,1.));
#3978 = ( GEOMETRIC_REPRESENTATION_CONTEXT(2) 
PARAMETRIC_REPRESENTATION_CONTEXT() REPRESENTATION_CONTEXT('2D SPACE',''
  ) );
#3979 = ORIENTED_EDGE('',*,*,#3101,.F.);
#3980 = ADVANCED_FACE('',(#3981),#2587,.T.);
#3981 = FACE_BOUND('',#3982,.F.);
#3982 = EDGE_LOOP('',(#3983,#4082,#4083,#4084));
#3983 = ORIENTED_EDGE('',*,*,#3984,.T.);
#3984 = EDGE_CURVE('',#3447,#2627,#3985,.T.);
#3985 = SURFACE_CURVE('',#3986,(#3996,#4002),.PCURVE_S1.);
#3986 = B_SPLINE_CURVE_WITH_KNOTS('',8,(#3987,#3988,#3989,#3990,#3991,
    #3992,#3993,#3994,#3995),.UNSPECIFIED.,.F.,.F.,(9,9),(0.,1.),
  .PIECEWISE_BEZIER_KNOTS.);
#3987 = CARTESIAN_POINT('',(80.,13.,14.5));
#3988 = CARTESIAN_POINT('',(80.,13.392699081699,14.4375));
#3989 = CARTESIAN_POINT('',(79.911878422077,13.785398287008,14.375));
#3990 = CARTESIAN_POINT('',(79.735636131743,14.15502646867,14.3125));
#3991 = CARTESIAN_POINT('',(79.478517511559,14.47851751156,14.25));
#3992 = CARTESIAN_POINT('',(79.155026468671,14.735636131743,14.1875));
#3993 = CARTESIAN_POINT('',(78.785398287008,14.911878422078,14.125));
#3994 = CARTESIAN_POINT('',(78.392699081699,15.,14.0625));
#3995 = CARTESIAN_POINT('',(78.,15.,14.));
#3996 = PCURVE('',#2587,#3997);
#3997 = DEFINITIONAL_REPRESENTATION('',(#3998),#4001);
#3998 = B_SPLINE_CURVE_WITH_KNOTS('',1,(#3999,#4000),.UNSPECIFIED.,.F.,
  .F.,(2,2),(0.,1.),.PIECEWISE_BEZIER_KNOTS.);
#3999 = CARTESIAN_POINT('',(0.,0.));
#4000 = CARTESIAN_POINT('',(-1.570796326795,0.5));
#4001 = ( GEOMETRIC_REPRESENTATION_CONTEXT(2) 
PARAMETRIC_REPRESENTATION_CONTEXT() REPRESENTATION_CONTEXT('2D SPACE',''
  ) );
#4002 = PCURVE('',#4003,#4076);
#4003 = B_SPLINE_SURFACE_WITH_KNOTS('',7,8,(
    (#4004,#4005,#4006,#4007,#4008,#4009,#4010,#4011,#4012)
    ,(#4013,#4014,#4015,#4016,#4017,#4018,#4019,#4020,#4021)
    ,(#4022,#4023,#4024,#4025,#4026,#4027,#4028,#4029,#4030)
    ,(#4031,#4032,#4033,#4034,#4035,#4036,#4037,#4038,#4039)
    ,(#4040,#4041,#4042,#4043,#4044,#4045,#4046,#4047,#4048)
    ,(#4049,#4050,#4051,#4052,#4053,#4054,#4055,#4056,#4057)
    ,(#4058,#4059,#4060,#4061,#4062,#4063,#4064,#4065,#4066)
    ,(#4067,#4068,#4069,#4070,#4071,#4072,#4073,#4074,#4075
  )),.UNSPECIFIED.,.F.,.F.,.F.,(8,8),(9,9),(0.,1.),(0.,1.),
  .PIECEWISE_BEZIER_KNOTS.);
#4004 = CARTESIAN_POINT('',(78.5,13.,16.));
#4005 = CARTESIAN_POINT('',(78.4375,13.392699081699,16.));
#4006 = CARTESIAN_POINT('',(78.375,13.785398287008,15.911878422077));
#4007 = CARTESIAN_POINT('',(78.3125,14.15502646867,15.735636131743));
#4008 = CARTESIAN_POINT('',(78.25,14.47851751156,15.478517511559));
#4009 = CARTESIAN_POINT('',(78.1875,14.735636131743,15.15502646867));
#4010 = CARTESIAN_POINT('',(78.125,14.911878422078,14.785398287008));
#4011 = CARTESIAN_POINT('',(78.0625,15.,14.392699081699));
#4012 = CARTESIAN_POINT('',(78.,15.,14.));
#4013 = CARTESIAN_POINT('',(78.836599200926,13.,16.));
#4014 = CARTESIAN_POINT('',(78.767738586524,13.392699081699,
    16.007012483353));
#4015 = CARTESIAN_POINT('',(78.686289175277,13.801384948821,
    15.921818780272));
#4016 = CARTESIAN_POINT('',(78.592251090828,14.193404262012,
    15.733464313636));
#4017 = CARTESIAN_POINT('',(78.486659244971,14.524255965454,
    15.447473500445));
#4018 = CARTESIAN_POINT('',(78.371585624443,14.762736913952,
    15.109103386141));
#4019 = CARTESIAN_POINT('',(78.24992098409,14.921093508385,
    14.746687488023));
#4020 = CARTESIAN_POINT('',(78.124960483216,15.,14.372313498599));
#4021 = CARTESIAN_POINT('',(78.,15.,14.));
#4022 = CARTESIAN_POINT('',(79.173196824239,13.,15.911876666503));
#4023 = CARTESIAN_POINT('',(79.121588645512,13.392699081699,
    15.933780117837));
#4024 = CARTESIAN_POINT('',(79.078169371662,13.812042723364,
    15.807446043607));
#4025 = CARTESIAN_POINT('',(78.96260509542,14.218989457574,
    15.608508242115));
#4026 = CARTESIAN_POINT('',(78.803176465157,14.554748268051,
    15.316309170502));
#4027 = CARTESIAN_POINT('',(78.616923721304,14.780804102091,
    14.987550869259));
#4028 = CARTESIAN_POINT('',(78.416064696354,14.927236899256,
    14.65309560223));
#4029 = CARTESIAN_POINT('',(78.233328044692,15.,14.291995870533));
#4030 = CARTESIAN_POINT('',(78.,15.,14.));
#4031 = CARTESIAN_POINT('',(79.482120385388,13.,15.735644096685));
#4032 = CARTESIAN_POINT('',(79.469643299213,13.392699081699,
    15.757645859701));
#4033 = CARTESIAN_POINT('',(79.402755271898,13.817371610635,
    15.661036690057));
#4034 = CARTESIAN_POINT('',(79.252055108483,14.231782055355,
    15.48012328161));
#4035 = CARTESIAN_POINT('',(79.032204005182,14.569994419349,
    15.210650944417));
#4036 = CARTESIAN_POINT('',(78.780115381227,14.789837696161,
    14.905963407739));
#4037 = CARTESIAN_POINT('',(78.518017557975,14.930308594692,
    14.596148601852));
#4038 = CARTESIAN_POINT('',(78.262658005535,15.,14.276690876395));
#4039 = CARTESIAN_POINT('',(78.,15.,14.));
#4040 = CARTESIAN_POINT('',(79.735644096685,13.,15.482120385389));
#4041 = CARTESIAN_POINT('',(79.757645859702,13.392699081699,
    15.469643299214));
#4042 = CARTESIAN_POINT('',(79.661036690057,13.817371610634,
    15.402755271899));
#4043 = CARTESIAN_POINT('',(79.48012328161,14.231782055354,
    15.252055108484));
#4044 = CARTESIAN_POINT('',(79.210650944417,14.569994419349,
    15.032204005183));
#4045 = CARTESIAN_POINT('',(78.905963407739,14.789837696161,
    14.780115381227));
#4046 = CARTESIAN_POINT('',(78.596148601852,14.930308594692,
    14.518017557975));
#4047 = CARTESIAN_POINT('',(78.276690876395,15.,14.262658005535));
#4048 = CARTESIAN_POINT('',(78.,15.,14.));
#4049 = CARTESIAN_POINT('',(79.911876666503,13.,15.173196824238));
#4050 = CARTESIAN_POINT('',(79.933780117838,13.392699081699,
    15.121588645512));
#4051 = CARTESIAN_POINT('',(79.807446043607,13.812042723364,
    15.078169371662));
#4052 = CARTESIAN_POINT('',(79.608508242115,14.218989457574,
    14.96260509542));
#4053 = CARTESIAN_POINT('',(79.316309170502,14.554748268051,
    14.803176465158));
#4054 = CARTESIAN_POINT('',(78.987550869259,14.780804102091,
    14.616923721304));
#4055 = CARTESIAN_POINT('',(78.65309560223,14.927236899256,
    14.416064696354));
#4056 = CARTESIAN_POINT('',(78.291995870533,15.,14.233328044692));
#4057 = CARTESIAN_POINT('',(78.,15.,14.));
#4058 = CARTESIAN_POINT('',(80.,13.,14.836599200926));
#4059 = CARTESIAN_POINT('',(80.007012483353,13.392699081699,
    14.767738586525));
#4060 = CARTESIAN_POINT('',(79.921818780271,13.801384948821,
    14.686289175277));
#4061 = CARTESIAN_POINT('',(79.733464313636,14.193404262012,
    14.592251090828));
#4062 = CARTESIAN_POINT('',(79.447473500444,14.524255965454,
    14.486659244972));
#4063 = CARTESIAN_POINT('',(79.109103386141,14.762736913952,
    14.371585624443));
#4064 = CARTESIAN_POINT('',(78.746687488023,14.921093508385,
    14.24992098409));
#4065 = CARTESIAN_POINT('',(78.372313498599,15.,14.124960483216));
#4066 = CARTESIAN_POINT('',(78.,15.,14.));
#4067 = CARTESIAN_POINT('',(80.,13.,14.5));
#4068 = CARTESIAN_POINT('',(80.,13.392699081699,14.4375));
#4069 = CARTESIAN_POINT('',(79.911878422077,13.785398287008,14.375));
#4070 = CARTESIAN_POINT('',(79.735636131743,14.15502646867,14.3125));
#4071 = CARTESIAN_POINT('',(79.478517511559,14.47851751156,14.25));
#4072 = CARTESIAN_POINT('',(79.155026468671,14.735636131743,14.1875));
#4073 = CARTESIAN_POINT('',(78.785398287008,14.911878422078,14.125));
#4074 = CARTESIAN_POINT('',(78.392699081699,15.,14.0625));
#4075 = CARTESIAN_POINT('',(78.,15.,14.));
#4076 = DEFINITIONAL_REPRESENTATION('',(#4077),#4081);
#4077 = LINE('',#4078,#4079);
#4078 = CARTESIAN_POINT('',(1.,0.));
#4079 = VECTOR('',#4080,1.);
#4080 = DIRECTION('',(0.,1.));
#4081 = ( GEOMETRIC_REPRESENTATION_CONTEXT(2) 
PARAMETRIC_REPRESENTATION_CONTEXT() REPRESENTATION_CONTEXT('2D SPACE',''
  ) );
#4082 = ORIENTED_EDGE('',*,*,#2654,.T.);
#4083 = ORIENTED_EDGE('',*,*,#2567,.F.);
#4084 = ORIENTED_EDGE('',*,*,#3446,.F.);
#4085 = ADVANCED_FACE('',(#4086),#2642,.T.);
#4086 = FACE_BOUND('',#4087,.F.);
#4087 = EDGE_LOOP('',(#4088,#4114,#4115,#4143));
#4088 = ORIENTED_EDGE('',*,*,#4089,.T.);
#4089 = EDGE_CURVE('',#3637,#2604,#4090,.T.);
#4090 = SURFACE_CURVE('',#4091,(#4101,#4107),.PCURVE_S1.);
#4091 = B_SPLINE_CURVE_WITH_KNOTS('',8,(#4092,#4093,#4094,#4095,#4096,
    #4097,#4098,#4099,#4100),.UNSPECIFIED.,.F.,.F.,(9,9),(0.,1.),
  .PIECEWISE_BEZIER_KNOTS.);
#4092 = CARTESIAN_POINT('',(59.5,13.,16.));
#4093 = CARTESIAN_POINT('',(59.5625,13.392699081699,16.));
#4094 = CARTESIAN_POINT('',(59.625,13.785398287008,15.911878422077));
#4095 = CARTESIAN_POINT('',(59.6875,14.15502646867,15.735636131743));
#4096 = CARTESIAN_POINT('',(59.75,14.47851751156,15.478517511559));
#4097 = CARTESIAN_POINT('',(59.8125,14.735636131743,15.15502646867));
#4098 = CARTESIAN_POINT('',(59.875,14.911878422078,14.785398287008));
#4099 = CARTESIAN_POINT('',(59.9375,15.,14.392699081699));
#4100 = CARTESIAN_POINT('',(60.,15.,14.));
#4101 = PCURVE('',#2642,#4102);
#4102 = DEFINITIONAL_REPRESENTATION('',(#4103),#4106);
#4103 = B_SPLINE_CURVE_WITH_KNOTS('',1,(#4104,#4105),.UNSPECIFIED.,.F.,
  .F.,(2,2),(0.,1.),.PIECEWISE_BEZIER_KNOTS.);
#4104 = CARTESIAN_POINT('',(0.,0.));
#4105 = CARTESIAN_POINT('',(-1.570796326795,0.5));
#4106 = ( GEOMETRIC_REPRESENTATION_CONTEXT(2) 
PARAMETRIC_REPRESENTATION_CONTEXT() REPRESENTATION_CONTEXT('2D SPACE',''
  ) );
#4107 = PCURVE('',#3517,#4108);
#4108 = DEFINITIONAL_REPRESENTATION('',(#4109),#4113);
#4109 = LINE('',#4110,#4111);
#4110 = CARTESIAN_POINT('',(1.,0.));
#4111 = VECTOR('',#4112,1.);
#4112 = DIRECTION('',(0.,1.));
#4113 = ( GEOMETRIC_REPRESENTATION_CONTEXT(2) 
PARAMETRIC_REPRESENTATION_CONTEXT() REPRESENTATION_CONTEXT('2D SPACE',''
  ) );
#4114 = ORIENTED_EDGE('',*,*,#2626,.T.);
#4115 = ORIENTED_EDGE('',*,*,#4116,.F.);
#4116 = EDGE_CURVE('',#4117,#2627,#4119,.T.);
#4117 = VERTEX_POINT('',#4118);
#4118 = CARTESIAN_POINT('',(78.5,13.,16.));
#4119 = SURFACE_CURVE('',#4120,(#4127,#4133),.PCURVE_S1.);
#4120 = B_SPLINE_CURVE_WITH_KNOTS('',5,(#4121,#4122,#4123,#4124,#4125,
    #4126),.UNSPECIFIED.,.F.,.F.,(6,6),(0.,1.),
  .PIECEWISE_BEZIER_KNOTS.);
#4121 = CARTESIAN_POINT('',(78.5,13.,16.));
#4122 = CARTESIAN_POINT('',(78.4,13.628318530718,16.));
#4123 = CARTESIAN_POINT('',(78.3,14.257223286726,15.753969991909));
#4124 = CARTESIAN_POINT('',(78.2,14.753969991908,15.257223286726));
#4125 = CARTESIAN_POINT('',(78.1,15.,14.628318530718));
#4126 = CARTESIAN_POINT('',(78.,15.,14.));
#4127 = PCURVE('',#2642,#4128);
#4128 = DEFINITIONAL_REPRESENTATION('',(#4129),#4132);
#4129 = B_SPLINE_CURVE_WITH_KNOTS('',1,(#4130,#4131),.UNSPECIFIED.,.F.,
  .F.,(2,2),(0.,1.),.PIECEWISE_BEZIER_KNOTS.);
#4130 = CARTESIAN_POINT('',(9.103828801926E-15,19.));
#4131 = CARTESIAN_POINT('',(-1.570796326795,18.5));
#4132 = ( GEOMETRIC_REPRESENTATION_CONTEXT(2) 
PARAMETRIC_REPRESENTATION_CONTEXT() REPRESENTATION_CONTEXT('2D SPACE',''
  ) );
#4133 = PCURVE('',#4003,#4134);
#4134 = DEFINITIONAL_REPRESENTATION('',(#4135),#4142);
#4135 = B_SPLINE_CURVE_WITH_KNOTS('',5,(#4136,#4137,#4138,#4139,#4140,
    #4141),.UNSPECIFIED.,.F.,.F.,(6,6),(0.,1.),
  .PIECEWISE_BEZIER_KNOTS.);
#4136 = CARTESIAN_POINT('',(0.,2.775557561563E-16));
#4137 = CARTESIAN_POINT('',(0.,0.2));
#4138 = CARTESIAN_POINT('',(0.,0.400033489672));
#4139 = CARTESIAN_POINT('',(0.,0.599966510328));
#4140 = CARTESIAN_POINT('',(0.,0.8));
#4141 = CARTESIAN_POINT('',(0.,1.));
#4142 = ( GEOMETRIC_REPRESENTATION_CONTEXT(2) 
PARAMETRIC_REPRESENTATION_CONTEXT() REPRESENTATION_CONTEXT('2D SPACE',''
  ) );
#4143 = ORIENTED_EDGE('',*,*,#4144,.F.);
#4144 = EDGE_CURVE('',#3637,#4117,#4145,.T.);
#4145 = SURFACE_CURVE('',#4146,(#4150,#4157),.PCURVE_S1.);
#4146 = LINE('',#4147,#4148);
#4147 = CARTESIAN_POINT('',(59.5,13.,16.));
#4148 = VECTOR('',#4149,1.);
#4149 = DIRECTION('',(1.,0.,0.));
#4150 = PCURVE('',#2642,#4151);
#4151 = DEFINITIONAL_REPRESENTATION('',(#4152),#4156);
#4152 = LINE('',#4153,#4154);
#4153 = CARTESIAN_POINT('',(-0.,0.));
#4154 = VECTOR('',#4155,1.);
#4155 = DIRECTION('',(-0.,1.));
#4156 = ( GEOMETRIC_REPRESENTATION_CONTEXT(2) 
PARAMETRIC_REPRESENTATION_CONTEXT() REPRESENTATION_CONTEXT('2D SPACE',''
  ) );
#4157 = PCURVE('',#3430,#4158);
#4158 = DEFINITIONAL_REPRESENTATION('',(#4159),#4163);
#4159 = LINE('',#4160,#4161);
#4160 = CARTESIAN_POINT('',(1.5,28.));
#4161 = VECTOR('',#4162,1.);
#4162 = DIRECTION('',(1.,0.));
#4163 = ( GEOMETRIC_REPRESENTATION_CONTEXT(2) 
PARAMETRIC_REPRESENTATION_CONTEXT() REPRESENTATION_CONTEXT('2D SPACE',''
  ) );
#4164 = ADVANCED_FACE('',(#4165),#2697,.T.);
#4165 = FACE_BOUND('',#4166,.F.);
#4166 = EDGE_LOOP('',(#4167,#4168,#4199,#4220));
#4167 = ORIENTED_EDGE('',*,*,#2679,.F.);
#4168 = ORIENTED_EDGE('',*,*,#4169,.F.);
#4169 = EDGE_CURVE('',#2963,#2680,#4170,.T.);
#4170 = SURFACE_CURVE('',#4171,(#4180,#4192),.PCURVE_S1.);
#4171 = B_SPLINE_CURVE_WITH_KNOTS('',7,(#4172,#4173,#4174,#4175,#4176,
    #4177,#4178,#4179),.UNSPECIFIED.,.F.,.F.,(8,8),(0.,1.),
  .PIECEWISE_BEZIER_KNOTS.);
#4172 = CARTESIAN_POINT('',(59.5,-13.,-16.));
#4173 = CARTESIAN_POINT('',(59.163400799074,-13.,-16.));
#4174 = CARTESIAN_POINT('',(58.826803175761,-13.,-15.9118766665));
#4175 = CARTESIAN_POINT('',(58.517879614613,-13.,-15.73564409668));
#4176 = CARTESIAN_POINT('',(58.264355903314,-13.,-15.48212038538));
#4177 = CARTESIAN_POINT('',(58.088123333497,-13.,-15.17319682423));
#4178 = CARTESIAN_POINT('',(58.,-13.,-14.83659920092));
#4179 = CARTESIAN_POINT('',(58.,-13.,-14.5));
#4180 = PCURVE('',#2697,#4181);
#4181 = DEFINITIONAL_REPRESENTATION('',(#4182),#4191);
#4182 = B_SPLINE_CURVE_WITH_KNOTS('',7,(#4183,#4184,#4185,#4186,#4187,
    #4188,#4189,#4190),.UNSPECIFIED.,.F.,.F.,(8,8),(0.,1.),
  .PIECEWISE_BEZIER_KNOTS.);
#4183 = CARTESIAN_POINT('',(-1.570796326795,2.));
#4184 = CARTESIAN_POINT('',(-1.346396859511,2.));
#4185 = CARTESIAN_POINT('',(-1.12199791287,2.));
#4186 = CARTESIAN_POINT('',(-0.897596390273,2.));
#4187 = CARTESIAN_POINT('',(-0.673199936522,2.));
#4188 = CARTESIAN_POINT('',(-0.448798413924,2.));
#4189 = CARTESIAN_POINT('',(-0.224399467284,2.));
#4190 = CARTESIAN_POINT('',(0.,2.));
#4191 = ( GEOMETRIC_REPRESENTATION_CONTEXT(2) 
PARAMETRIC_REPRESENTATION_CONTEXT() REPRESENTATION_CONTEXT('2D SPACE',''
  ) );
#4192 = PCURVE('',#2771,#4193);
#4193 = DEFINITIONAL_REPRESENTATION('',(#4194),#4198);
#4194 = LINE('',#4195,#4196);
#4195 = CARTESIAN_POINT('',(0.,0.));
#4196 = VECTOR('',#4197,1.);
#4197 = DIRECTION('',(1.,0.));
#4198 = ( GEOMETRIC_REPRESENTATION_CONTEXT(2) 
PARAMETRIC_REPRESENTATION_CONTEXT() REPRESENTATION_CONTEXT('2D SPACE',''
  ) );
#4199 = ORIENTED_EDGE('',*,*,#4200,.T.);
#4200 = EDGE_CURVE('',#2963,#3901,#4201,.T.);
#4201 = SURFACE_CURVE('',#4202,(#4206,#4213),.PCURVE_S1.);
#4202 = LINE('',#4203,#4204);
#4203 = CARTESIAN_POINT('',(59.5,-15.,-16.));
#4204 = VECTOR('',#4205,1.);
#4205 = DIRECTION('',(0.,1.,0.));
#4206 = PCURVE('',#2697,#4207);
#4207 = DEFINITIONAL_REPRESENTATION('',(#4208),#4212);
#4208 = LINE('',#4209,#4210);
#4209 = CARTESIAN_POINT('',(-1.570796326795,0.));
#4210 = VECTOR('',#4211,1.);
#4211 = DIRECTION('',(-0.,1.));
#4212 = ( GEOMETRIC_REPRESENTATION_CONTEXT(2) 
PARAMETRIC_REPRESENTATION_CONTEXT() REPRESENTATION_CONTEXT('2D SPACE',''
  ) );
#4213 = PCURVE('',#3004,#4214);
#4214 = DEFINITIONAL_REPRESENTATION('',(#4215),#4219);
#4215 = LINE('',#4216,#4217);
#4216 = CARTESIAN_POINT('',(1.5,0.));
#4217 = VECTOR('',#4218,1.);
#4218 = DIRECTION('',(0.,1.));
#4219 = ( GEOMETRIC_REPRESENTATION_CONTEXT(2) 
PARAMETRIC_REPRESENTATION_CONTEXT() REPRESENTATION_CONTEXT('2D SPACE',''
  ) );
#4220 = ORIENTED_EDGE('',*,*,#4221,.T.);
#4221 = EDGE_CURVE('',#3901,#2682,#4222,.T.);
#4222 = SURFACE_CURVE('',#4223,(#4232,#4244),.PCURVE_S1.);
#4223 = B_SPLINE_CURVE_WITH_KNOTS('',7,(#4224,#4225,#4226,#4227,#4228,
    #4229,#4230,#4231),.UNSPECIFIED.,.F.,.F.,(8,8),(0.,1.),
  .PIECEWISE_BEZIER_KNOTS.);
#4224 = CARTESIAN_POINT('',(59.5,13.,-16.));
#4225 = CARTESIAN_POINT('',(59.163400799074,13.,-16.));
#4226 = CARTESIAN_POINT('',(58.826803175761,13.,-15.9118766665));
#4227 = CARTESIAN_POINT('',(58.517879614613,13.000000000001,
    -15.73564409668));
#4228 = CARTESIAN_POINT('',(58.264355903314,13.,-15.48212038538));
#4229 = CARTESIAN_POINT('',(58.088123333497,13.,-15.17319682423));
#4230 = CARTESIAN_POINT('',(58.,13.,-14.83659920092));
#4231 = CARTESIAN_POINT('',(58.,13.,-14.5));
#4232 = PCURVE('',#2697,#4233);
#4233 = DEFINITIONAL_REPRESENTATION('',(#4234),#4243);
#4234 = B_SPLINE_CURVE_WITH_KNOTS('',7,(#4235,#4236,#4237,#4238,#4239,
    #4240,#4241,#4242),.UNSPECIFIED.,.F.,.F.,(8,8),(0.,1.),
  .PIECEWISE_BEZIER_KNOTS.);
#4235 = CARTESIAN_POINT('',(-1.570796326795,28.));
#4236 = CARTESIAN_POINT('',(-1.346396859511,28.));
#4237 = CARTESIAN_POINT('',(-1.12199791287,28.));
#4238 = CARTESIAN_POINT('',(-0.897596390273,28.000000000001));
#4239 = CARTESIAN_POINT('',(-0.673199936522,28.));
#4240 = CARTESIAN_POINT('',(-0.448798413924,28.));
#4241 = CARTESIAN_POINT('',(-0.224399467284,28.));
#4242 = CARTESIAN_POINT('',(3.330669073875E-16,28.));
#4243 = ( GEOMETRIC_REPRESENTATION_CONTEXT(2) 
PARAMETRIC_REPRESENTATION_CONTEXT() REPRESENTATION_CONTEXT('2D SPACE',''
  ) );
#4244 = PCURVE('',#3709,#4245);
#4245 = DEFINITIONAL_REPRESENTATION('',(#4246),#4250);
#4246 = LINE('',#4247,#4248);
#4247 = CARTESIAN_POINT('',(0.,0.));
#4248 = VECTOR('',#4249,1.);
#4249 = DIRECTION('',(1.,0.));
#4250 = ( GEOMETRIC_REPRESENTATION_CONTEXT(2) 
PARAMETRIC_REPRESENTATION_CONTEXT() REPRESENTATION_CONTEXT('2D SPACE',''
  ) );
#4251 = ADVANCED_FACE('',(#4252),#2771,.F.);
#4252 = FACE_BOUND('',#4253,.F.);
#4253 = EDGE_LOOP('',(#4254,#4255,#4256));
#4254 = ORIENTED_EDGE('',*,*,#2962,.F.);
#4255 = ORIENTED_EDGE('',*,*,#4169,.T.);
#4256 = ORIENTED_EDGE('',*,*,#2755,.T.);
#4257 = ADVANCED_FACE('',(#4258),#2881,.F.);
#4258 = FACE_BOUND('',#4259,.F.);
#4259 = EDGE_LOOP('',(#4260,#4261,#4292));
#4260 = ORIENTED_EDGE('',*,*,#3021,.F.);
#4261 = ORIENTED_EDGE('',*,*,#4262,.T.);
#4262 = EDGE_CURVE('',#3022,#2861,#4263,.T.);
#4263 = SURFACE_CURVE('',#4264,(#4273,#4280),.PCURVE_S1.);
#4264 = B_SPLINE_CURVE_WITH_KNOTS('',7,(#4265,#4266,#4267,#4268,#4269,
    #4270,#4271,#4272),.UNSPECIFIED.,.F.,.F.,(8,8),(0.,1.),
  .PIECEWISE_BEZIER_KNOTS.);
#4265 = CARTESIAN_POINT('',(80.,-13.,-14.5));
#4266 = CARTESIAN_POINT('',(80.,-13.,-14.83659920092));
#4267 = CARTESIAN_POINT('',(79.911876666503,-13.,-15.17319682423));
#4268 = CARTESIAN_POINT('',(79.735644096685,-13.,-15.48212038538));
#4269 = CARTESIAN_POINT('',(79.482120385389,-13.,-15.73564409668));
#4270 = CARTESIAN_POINT('',(79.173196824238,-13.,-15.9118766665));
#4271 = CARTESIAN_POINT('',(78.836599200926,-13.,-16.));
#4272 = CARTESIAN_POINT('',(78.5,-13.,-16.));
#4273 = PCURVE('',#2881,#4274);
#4274 = DEFINITIONAL_REPRESENTATION('',(#4275),#4279);
#4275 = LINE('',#4276,#4277);
#4276 = CARTESIAN_POINT('',(0.,0.));
#4277 = VECTOR('',#4278,1.);
#4278 = DIRECTION('',(1.,0.));
#4279 = ( GEOMETRIC_REPRESENTATION_CONTEXT(2) 
PARAMETRIC_REPRESENTATION_CONTEXT() REPRESENTATION_CONTEXT('2D SPACE',''
  ) );
#4280 = PCURVE('',#3089,#4281);
#4281 = DEFINITIONAL_REPRESENTATION('',(#4282),#4291);
#4282 = B_SPLINE_CURVE_WITH_KNOTS('',7,(#4283,#4284,#4285,#4286,#4287,
    #4288,#4289,#4290),.UNSPECIFIED.,.F.,.F.,(8,8),(0.,1.),
  .PIECEWISE_BEZIER_KNOTS.);
#4283 = CARTESIAN_POINT('',(0.,2.));
#4284 = CARTESIAN_POINT('',(0.224399467284,2.));
#4285 = CARTESIAN_POINT('',(0.448798413924,2.));
#4286 = CARTESIAN_POINT('',(0.673199936522,2.));
#4287 = CARTESIAN_POINT('',(0.897596390273,2.));
#4288 = CARTESIAN_POINT('',(1.121997912871,2.));
#4289 = CARTESIAN_POINT('',(1.346396859511,2.));
#4290 = CARTESIAN_POINT('',(1.570796326795,2.));
#4291 = ( GEOMETRIC_REPRESENTATION_CONTEXT(2) 
PARAMETRIC_REPRESENTATION_CONTEXT() REPRESENTATION_CONTEXT('2D SPACE',''
  ) );
#4292 = ORIENTED_EDGE('',*,*,#2860,.T.);
#4293 = ADVANCED_FACE('',(#4294),#3004,.F.);
#4294 = FACE_BOUND('',#4295,.F.);
#4295 = EDGE_LOOP('',(#4296,#4297,#4298,#4319));
#4296 = ORIENTED_EDGE('',*,*,#4200,.F.);
#4297 = ORIENTED_EDGE('',*,*,#2990,.F.);
#4298 = ORIENTED_EDGE('',*,*,#4299,.T.);
#4299 = EDGE_CURVE('',#2861,#3799,#4300,.T.);
#4300 = SURFACE_CURVE('',#4301,(#4305,#4312),.PCURVE_S1.);
#4301 = LINE('',#4302,#4303);
#4302 = CARTESIAN_POINT('',(78.5,-15.,-16.));
#4303 = VECTOR('',#4304,1.);
#4304 = DIRECTION('',(0.,1.,0.));
#4305 = PCURVE('',#3004,#4306);
#4306 = DEFINITIONAL_REPRESENTATION('',(#4307),#4311);
#4307 = LINE('',#4308,#4309);
#4308 = CARTESIAN_POINT('',(20.5,0.));
#4309 = VECTOR('',#4310,1.);
#4310 = DIRECTION('',(0.,1.));
#4311 = ( GEOMETRIC_REPRESENTATION_CONTEXT(2) 
PARAMETRIC_REPRESENTATION_CONTEXT() REPRESENTATION_CONTEXT('2D SPACE',''
  ) );
#4312 = PCURVE('',#3089,#4313);
#4313 = DEFINITIONAL_REPRESENTATION('',(#4314),#4318);
#4314 = LINE('',#4315,#4316);
#4315 = CARTESIAN_POINT('',(1.570796326795,0.));
#4316 = VECTOR('',#4317,1.);
#4317 = DIRECTION('',(0.,1.));
#4318 = ( GEOMETRIC_REPRESENTATION_CONTEXT(2) 
PARAMETRIC_REPRESENTATION_CONTEXT() REPRESENTATION_CONTEXT('2D SPACE',''
  ) );
#4319 = ORIENTED_EDGE('',*,*,#3928,.T.);
#4320 = ADVANCED_FACE('',(#4321),#3089,.T.);
#4321 = FACE_BOUND('',#4322,.T.);
#4322 = EDGE_LOOP('',(#4323,#4324,#4325,#4326));
#4323 = ORIENTED_EDGE('',*,*,#3073,.F.);
#4324 = ORIENTED_EDGE('',*,*,#4262,.T.);
#4325 = ORIENTED_EDGE('',*,*,#4299,.T.);
#4326 = ORIENTED_EDGE('',*,*,#4327,.F.);
#4327 = EDGE_CURVE('',#3074,#3799,#4328,.T.);
#4328 = SURFACE_CURVE('',#4329,(#4338,#4350),.PCURVE_S1.);
#4329 = B_SPLINE_CURVE_WITH_KNOTS('',7,(#4330,#4331,#4332,#4333,#4334,
    #4335,#4336,#4337),.UNSPECIFIED.,.F.,.F.,(8,8),(0.,1.),
  .PIECEWISE_BEZIER_KNOTS.);
#4330 = CARTESIAN_POINT('',(80.,13.,-14.5));
#4331 = CARTESIAN_POINT('',(80.,13.,-14.83659920092));
#4332 = CARTESIAN_POINT('',(79.911876666503,13.,-15.17319682423));
#4333 = CARTESIAN_POINT('',(79.735644096685,13.,-15.48212038538));
#4334 = CARTESIAN_POINT('',(79.482120385389,13.,-15.73564409668));
#4335 = CARTESIAN_POINT('',(79.173196824238,13.,-15.9118766665));
#4336 = CARTESIAN_POINT('',(78.836599200926,13.,-16.));
#4337 = CARTESIAN_POINT('',(78.5,13.,-16.));
#4338 = PCURVE('',#3089,#4339);
#4339 = DEFINITIONAL_REPRESENTATION('',(#4340),#4349);
#4340 = B_SPLINE_CURVE_WITH_KNOTS('',7,(#4341,#4342,#4343,#4344,#4345,
    #4346,#4347,#4348),.UNSPECIFIED.,.F.,.F.,(8,8),(0.,1.),
  .PIECEWISE_BEZIER_KNOTS.);
#4341 = CARTESIAN_POINT('',(-3.330669073875E-16,28.));
#4342 = CARTESIAN_POINT('',(0.224399467284,28.));
#4343 = CARTESIAN_POINT('',(0.448798413924,27.999999999999));
#4344 = CARTESIAN_POINT('',(0.673199936522,28.000000000001));
#4345 = CARTESIAN_POINT('',(0.897596390273,27.999999999999));
#4346 = CARTESIAN_POINT('',(1.121997912871,28.));
#4347 = CARTESIAN_POINT('',(1.346396859511,28.));
#4348 = CARTESIAN_POINT('',(1.570796326795,28.));
#4349 = ( GEOMETRIC_REPRESENTATION_CONTEXT(2) 
PARAMETRIC_REPRESENTATION_CONTEXT() REPRESENTATION_CONTEXT('2D SPACE',''
  ) );
#4350 = PCURVE('',#3819,#4351);
#4351 = DEFINITIONAL_REPRESENTATION('',(#4352),#4356);
#4352 = LINE('',#4353,#4354);
#4353 = CARTESIAN_POINT('',(0.,0.));
#4354 = VECTOR('',#4355,1.);
#4355 = DIRECTION('',(1.,0.));
#4356 = ( GEOMETRIC_REPRESENTATION_CONTEXT(2) 
PARAMETRIC_REPRESENTATION_CONTEXT() REPRESENTATION_CONTEXT('2D SPACE',''
  ) );
#4357 = ADVANCED_FACE('',(#4358),#3148,.F.);
#4358 = FACE_BOUND('',#4359,.F.);
#4359 = EDGE_LOOP('',(#4360,#4361,#4392));
#4360 = ORIENTED_EDGE('',*,*,#3388,.F.);
#4361 = ORIENTED_EDGE('',*,*,#4362,.T.);
#4362 = EDGE_CURVE('',#3389,#3128,#4363,.T.);
#4363 = SURFACE_CURVE('',#4364,(#4373,#4380),.PCURVE_S1.);
#4364 = B_SPLINE_CURVE_WITH_KNOTS('',7,(#4365,#4366,#4367,#4368,#4369,
    #4370,#4371,#4372),.UNSPECIFIED.,.F.,.F.,(8,8),(0.,1.),
  .PIECEWISE_BEZIER_KNOTS.);
#4365 = CARTESIAN_POINT('',(78.5,-13.,16.));
#4366 = CARTESIAN_POINT('',(78.836599200926,-13.,16.));
#4367 = CARTESIAN_POINT('',(79.173196824239,-13.,15.911876666503));
#4368 = CARTESIAN_POINT('',(79.482120385388,-13.,15.735644096685));
#4369 = CARTESIAN_POINT('',(79.735644096685,-13.,15.482120385389));
#4370 = CARTESIAN_POINT('',(79.911876666503,-13.,15.173196824238));
#4371 = CARTESIAN_POINT('',(80.,-13.,14.836599200926));
#4372 = CARTESIAN_POINT('',(80.,-13.,14.5));
#4373 = PCURVE('',#3148,#4374);
#4374 = DEFINITIONAL_REPRESENTATION('',(#4375),#4379);
#4375 = LINE('',#4376,#4377);
#4376 = CARTESIAN_POINT('',(0.,0.));
#4377 = VECTOR('',#4378,1.);
#4378 = DIRECTION('',(1.,0.));
#4379 = ( GEOMETRIC_REPRESENTATION_CONTEXT(2) 
PARAMETRIC_REPRESENTATION_CONTEXT() REPRESENTATION_CONTEXT('2D SPACE',''
  ) );
#4380 = PCURVE('',#3483,#4381);
#4381 = DEFINITIONAL_REPRESENTATION('',(#4382),#4391);
#4382 = B_SPLINE_CURVE_WITH_KNOTS('',7,(#4383,#4384,#4385,#4386,#4387,
    #4388,#4389,#4390),.UNSPECIFIED.,.F.,.F.,(8,8),(0.,1.),
  .PIECEWISE_BEZIER_KNOTS.);
#4383 = CARTESIAN_POINT('',(-1.570796326795,2.));
#4384 = CARTESIAN_POINT('',(-1.346396859511,2.));
#4385 = CARTESIAN_POINT('',(-1.12199791287,2.));
#4386 = CARTESIAN_POINT('',(-0.897596390273,2.));
#4387 = CARTESIAN_POINT('',(-0.673199936522,2.));
#4388 = CARTESIAN_POINT('',(-0.448798413924,2.));
#4389 = CARTESIAN_POINT('',(-0.224399467284,2.));
#4390 = CARTESIAN_POINT('',(9.992007221626E-16,2.));
#4391 = ( GEOMETRIC_REPRESENTATION_CONTEXT(2) 
PARAMETRIC_REPRESENTATION_CONTEXT() REPRESENTATION_CONTEXT('2D SPACE',''
  ) );
#4392 = ORIENTED_EDGE('',*,*,#3127,.T.);
#4393 = ADVANCED_FACE('',(#4394),#3272,.F.);
#4394 = FACE_BOUND('',#4395,.F.);
#4395 = EDGE_LOOP('',(#4396,#4397,#4398));
#4396 = ORIENTED_EDGE('',*,*,#3256,.F.);
#4397 = ORIENTED_EDGE('',*,*,#3605,.T.);
#4398 = ORIENTED_EDGE('',*,*,#3359,.T.);
#4399 = ADVANCED_FACE('',(#4400,#4426),#3430,.T.);
#4400 = FACE_BOUND('',#4401,.T.);
#4401 = EDGE_LOOP('',(#4402,#4403,#4404,#4425));
#4402 = ORIENTED_EDGE('',*,*,#3636,.F.);
#4403 = ORIENTED_EDGE('',*,*,#3416,.T.);
#4404 = ORIENTED_EDGE('',*,*,#4405,.T.);
#4405 = EDGE_CURVE('',#3389,#4117,#4406,.T.);
#4406 = SURFACE_CURVE('',#4407,(#4411,#4418),.PCURVE_S1.);
#4407 = LINE('',#4408,#4409);
#4408 = CARTESIAN_POINT('',(78.5,-15.,16.));
#4409 = VECTOR('',#4410,1.);
#4410 = DIRECTION('',(0.,1.,0.));
#4411 = PCURVE('',#3430,#4412);
#4412 = DEFINITIONAL_REPRESENTATION('',(#4413),#4417);
#4413 = LINE('',#4414,#4415);
#4414 = CARTESIAN_POINT('',(20.5,0.));
#4415 = VECTOR('',#4416,1.);
#4416 = DIRECTION('',(0.,1.));
#4417 = ( GEOMETRIC_REPRESENTATION_CONTEXT(2) 
PARAMETRIC_REPRESENTATION_CONTEXT() REPRESENTATION_CONTEXT('2D SPACE',''
  ) );
#4418 = PCURVE('',#3483,#4419);
#4419 = DEFINITIONAL_REPRESENTATION('',(#4420),#4424);
#4420 = LINE('',#4421,#4422);
#4421 = CARTESIAN_POINT('',(-1.570796326795,0.));
#4422 = VECTOR('',#4423,1.);
#4423 = DIRECTION('',(-0.,1.));
#4424 = ( GEOMETRIC_REPRESENTATION_CONTEXT(2) 
PARAMETRIC_REPRESENTATION_CONTEXT() REPRESENTATION_CONTEXT('2D SPACE',''
  ) );
#4425 = ORIENTED_EDGE('',*,*,#4144,.F.);
#4426 = FACE_BOUND('',#4427,.T.);
#4427 = EDGE_LOOP('',(#4428));
#4428 = ORIENTED_EDGE('',*,*,#4429,.T.);
#4429 = EDGE_CURVE('',#4430,#4430,#4432,.T.);
#4430 = VERTEX_POINT('',#4431);
#4431 = CARTESIAN_POINT('',(72.,0.,16.));
#4432 = SURFACE_CURVE('',#4433,(#4438,#4449),.PCURVE_S1.);
#4433 = CIRCLE('',#4434,3.);
#4434 = AXIS2_PLACEMENT_3D('',#4435,#4436,#4437);
#4435 = CARTESIAN_POINT('',(69.,0.,16.));
#4436 = DIRECTION('',(0.,0.,-1.));
#4437 = DIRECTION('',(1.,0.,0.));
#4438 = PCURVE('',#3430,#4439);
#4439 = DEFINITIONAL_REPRESENTATION('',(#4440),#4448);
#4440 = ( BOUNDED_CURVE() B_SPLINE_CURVE(2,(#4441,#4442,#4443,#4444,
#4445,#4446,#4447),.UNSPECIFIED.,.T.,.F.) B_SPLINE_CURVE_WITH_KNOTS((1,2
    ,2,2,2,1),(-2.094395102393,0.,2.094395102393,4.188790204786,
6.28318530718,8.377580409573),.UNSPECIFIED.) CURVE() 
GEOMETRIC_REPRESENTATION_ITEM() RATIONAL_B_SPLINE_CURVE((1.,0.5,1.,0.5,
1.,0.5,1.)) REPRESENTATION_ITEM('') );
#4441 = CARTESIAN_POINT('',(14.,15.));
#4442 = CARTESIAN_POINT('',(14.,9.803847577293));
#4443 = CARTESIAN_POINT('',(9.5,12.401923788647));
#4444 = CARTESIAN_POINT('',(5.,15.));
#4445 = CARTESIAN_POINT('',(9.5,17.598076211353));
#4446 = CARTESIAN_POINT('',(14.,20.196152422707));
#4447 = CARTESIAN_POINT('',(14.,15.));
#4448 = ( GEOMETRIC_REPRESENTATION_CONTEXT(2) 
PARAMETRIC_REPRESENTATION_CONTEXT() REPRESENTATION_CONTEXT('2D SPACE',''
  ) );
#4449 = PCURVE('',#4450,#4455);
#4450 = CYLINDRICAL_SURFACE('',#4451,3.);
#4451 = AXIS2_PLACEMENT_3D('',#4452,#4453,#4454);
#4452 = CARTESIAN_POINT('',(69.,0.,9.93));
#4453 = DIRECTION('',(-0.,-0.,-1.));
#4454 = DIRECTION('',(1.,0.,0.));
#4455 = DEFINITIONAL_REPRESENTATION('',(#4456),#4460);
#4456 = LINE('',#4457,#4458);
#4457 = CARTESIAN_POINT('',(-6.28318530718,-6.07));
#4458 = VECTOR('',#4459,1.);
#4459 = DIRECTION('',(1.,-0.));
#4460 = ( GEOMETRIC_REPRESENTATION_CONTEXT(2) 
PARAMETRIC_REPRESENTATION_CONTEXT() REPRESENTATION_CONTEXT('2D SPACE',''
  ) );
#4461 = ADVANCED_FACE('',(#4462),#3483,.T.);
#4462 = FACE_BOUND('',#4463,.F.);
#4463 = EDGE_LOOP('',(#4464,#4465,#4466,#4467));
#4464 = ORIENTED_EDGE('',*,*,#3469,.F.);
#4465 = ORIENTED_EDGE('',*,*,#4362,.F.);
#4466 = ORIENTED_EDGE('',*,*,#4405,.T.);
#4467 = ORIENTED_EDGE('',*,*,#4468,.T.);
#4468 = EDGE_CURVE('',#4117,#3447,#4469,.T.);
#4469 = SURFACE_CURVE('',#4470,(#4479,#4491),.PCURVE_S1.);
#4470 = B_SPLINE_CURVE_WITH_KNOTS('',7,(#4471,#4472,#4473,#4474,#4475,
    #4476,#4477,#4478),.UNSPECIFIED.,.F.,.F.,(8,8),(0.,1.),
  .PIECEWISE_BEZIER_KNOTS.);
#4471 = CARTESIAN_POINT('',(78.5,13.,16.));
#4472 = CARTESIAN_POINT('',(78.836599200926,13.,16.));
#4473 = CARTESIAN_POINT('',(79.173196824239,13.,15.911876666503));
#4474 = CARTESIAN_POINT('',(79.482120385388,13.,15.735644096685));
#4475 = CARTESIAN_POINT('',(79.735644096685,13.,15.482120385389));
#4476 = CARTESIAN_POINT('',(79.911876666503,13.,15.173196824238));
#4477 = CARTESIAN_POINT('',(80.,13.,14.836599200926));
#4478 = CARTESIAN_POINT('',(80.,13.,14.5));
#4479 = PCURVE('',#3483,#4480);
#4480 = DEFINITIONAL_REPRESENTATION('',(#4481),#4490);
#4481 = B_SPLINE_CURVE_WITH_KNOTS('',7,(#4482,#4483,#4484,#4485,#4486,
    #4487,#4488,#4489),.UNSPECIFIED.,.F.,.F.,(8,8),(0.,1.),
  .PIECEWISE_BEZIER_KNOTS.);
#4482 = CARTESIAN_POINT('',(-1.570796326795,28.));
#4483 = CARTESIAN_POINT('',(-1.346396859511,28.));
#4484 = CARTESIAN_POINT('',(-1.121997912871,28.));
#4485 = CARTESIAN_POINT('',(-0.897596390273,28.000000000001));
#4486 = CARTESIAN_POINT('',(-0.673199936522,27.999999999999));
#4487 = CARTESIAN_POINT('',(-0.448798413924,28.));
#4488 = CARTESIAN_POINT('',(-0.224399467284,28.));
#4489 = CARTESIAN_POINT('',(1.110223024625E-16,28.));
#4490 = ( GEOMETRIC_REPRESENTATION_CONTEXT(2) 
PARAMETRIC_REPRESENTATION_CONTEXT() REPRESENTATION_CONTEXT('2D SPACE',''
  ) );
#4491 = PCURVE('',#4003,#4492);
#4492 = DEFINITIONAL_REPRESENTATION('',(#4493),#4497);
#4493 = LINE('',#4494,#4495);
#4494 = CARTESIAN_POINT('',(0.,0.));
#4495 = VECTOR('',#4496,1.);
#4496 = DIRECTION('',(1.,0.));
#4497 = ( GEOMETRIC_REPRESENTATION_CONTEXT(2) 
PARAMETRIC_REPRESENTATION_CONTEXT() REPRESENTATION_CONTEXT('2D SPACE',''
  ) );
#4498 = ADVANCED_FACE('',(#4499),#3517,.T.);
#4499 = FACE_BOUND('',#4500,.T.);
#4500 = EDGE_LOOP('',(#4501,#4502,#4503));
#4501 = ORIENTED_EDGE('',*,*,#3501,.F.);
#4502 = ORIENTED_EDGE('',*,*,#3659,.T.);
#4503 = ORIENTED_EDGE('',*,*,#4089,.T.);
#4504 = ADVANCED_FACE('',(#4505),#3709,.T.);
#4505 = FACE_BOUND('',#4506,.T.);
#4506 = EDGE_LOOP('',(#4507,#4508,#4509));
#4507 = ORIENTED_EDGE('',*,*,#3900,.F.);
#4508 = ORIENTED_EDGE('',*,*,#4221,.T.);
#4509 = ORIENTED_EDGE('',*,*,#3693,.T.);
#4510 = ADVANCED_FACE('',(#4511),#3819,.T.);
#4511 = FACE_BOUND('',#4512,.T.);
#4512 = EDGE_LOOP('',(#4513,#4514,#4515));
#4513 = ORIENTED_EDGE('',*,*,#3954,.F.);
#4514 = ORIENTED_EDGE('',*,*,#4327,.T.);
#4515 = ORIENTED_EDGE('',*,*,#3798,.T.);
#4516 = ADVANCED_FACE('',(#4517),#4003,.T.);
#4517 = FACE_BOUND('',#4518,.T.);
#4518 = EDGE_LOOP('',(#4519,#4520,#4521));
#4519 = ORIENTED_EDGE('',*,*,#4116,.F.);
#4520 = ORIENTED_EDGE('',*,*,#4468,.T.);
#4521 = ORIENTED_EDGE('',*,*,#3984,.T.);
#4522 = ADVANCED_FACE('',(#4523),#4450,.T.);
#4523 = FACE_BOUND('',#4524,.F.);
#4524 = EDGE_LOOP('',(#4525,#4526,#4549,#4580));
#4525 = ORIENTED_EDGE('',*,*,#4429,.T.);
#4526 = ORIENTED_EDGE('',*,*,#4527,.T.);
#4527 = EDGE_CURVE('',#4430,#4528,#4530,.T.);
#4528 = VERTEX_POINT('',#4529);
#4529 = CARTESIAN_POINT('',(72.,0.,17.93));
#4530 = SEAM_CURVE('',#4531,(#4535,#4542),.PCURVE_S1.);
#4531 = LINE('',#4532,#4533);
#4532 = CARTESIAN_POINT('',(72.,0.,9.93));
#4533 = VECTOR('',#4534,1.);
#4534 = DIRECTION('',(0.,0.,1.));
#4535 = PCURVE('',#4450,#4536);
#4536 = DEFINITIONAL_REPRESENTATION('',(#4537),#4541);
#4537 = LINE('',#4538,#4539);
#4538 = CARTESIAN_POINT('',(-6.28318530718,0.));
#4539 = VECTOR('',#4540,1.);
#4540 = DIRECTION('',(-0.,-1.));
#4541 = ( GEOMETRIC_REPRESENTATION_CONTEXT(2) 
PARAMETRIC_REPRESENTATION_CONTEXT() REPRESENTATION_CONTEXT('2D SPACE',''
  ) );
#4542 = PCURVE('',#4450,#4543);
#4543 = DEFINITIONAL_REPRESENTATION('',(#4544),#4548);
#4544 = LINE('',#4545,#4546);
#4545 = CARTESIAN_POINT('',(-0.,0.));
#4546 = VECTOR('',#4547,1.);
#4547 = DIRECTION('',(-0.,-1.));
#4548 = ( GEOMETRIC_REPRESENTATION_CONTEXT(2) 
PARAMETRIC_REPRESENTATION_CONTEXT() REPRESENTATION_CONTEXT('2D SPACE',''
  ) );
#4549 = ORIENTED_EDGE('',*,*,#4550,.F.);
#4550 = EDGE_CURVE('',#4528,#4528,#4551,.T.);
#4551 = SURFACE_CURVE('',#4552,(#4557,#4564),.PCURVE_S1.);
#4552 = CIRCLE('',#4553,3.);
#4553 = AXIS2_PLACEMENT_3D('',#4554,#4555,#4556);
#4554 = CARTESIAN_POINT('',(69.,0.,17.93));
#4555 = DIRECTION('',(0.,0.,-1.));
#4556 = DIRECTION('',(1.,0.,0.));
#4557 = PCURVE('',#4450,#4558);
#4558 = DEFINITIONAL_REPRESENTATION('',(#4559),#4563);
#4559 = LINE('',#4560,#4561);
#4560 = CARTESIAN_POINT('',(-6.28318530718,-8.));
#4561 = VECTOR('',#4562,1.);
#4562 = DIRECTION('',(1.,-0.));
#4563 = ( GEOMETRIC_REPRESENTATION_CONTEXT(2) 
PARAMETRIC_REPRESENTATION_CONTEXT() REPRESENTATION_CONTEXT('2D SPACE',''
  ) );
#4564 = PCURVE('',#4565,#4570);
#4565 = PLANE('',#4566);
#4566 = AXIS2_PLACEMENT_3D('',#4567,#4568,#4569);
#4567 = CARTESIAN_POINT('',(43.45,-20.,17.93));
#4568 = DIRECTION('',(0.,0.,1.));
#4569 = DIRECTION('',(1.,0.,0.));
#4570 = DEFINITIONAL_REPRESENTATION('',(#4571),#4579);
#4571 = ( BOUNDED_CURVE() B_SPLINE_CURVE(2,(#4572,#4573,#4574,#4575,
#4576,#4577,#4578),.UNSPECIFIED.,.T.,.F.) B_SPLINE_CURVE_WITH_KNOTS((1,2
    ,2,2,2,1),(-2.094395102393,0.,2.094395102393,4.188790204786,
6.28318530718,8.377580409573),.UNSPECIFIED.) CURVE() 
GEOMETRIC_REPRESENTATION_ITEM() RATIONAL_B_SPLINE_CURVE((1.,0.5,1.,0.5,
1.,0.5,1.)) REPRESENTATION_ITEM('') );
#4572 = CARTESIAN_POINT('',(28.55,20.));
#4573 = CARTESIAN_POINT('',(28.55,14.803847577293));
#4574 = CARTESIAN_POINT('',(24.05,17.401923788647));
#4575 = CARTESIAN_POINT('',(19.55,20.));
#4576 = CARTESIAN_POINT('',(24.05,22.598076211353));
#4577 = CARTESIAN_POINT('',(28.55,25.196152422707));
#4578 = CARTESIAN_POINT('',(28.55,20.));
#4579 = ( GEOMETRIC_REPRESENTATION_CONTEXT(2) 
PARAMETRIC_REPRESENTATION_CONTEXT() REPRESENTATION_CONTEXT('2D SPACE',''
  ) );
#4580 = ORIENTED_EDGE('',*,*,#4527,.F.);
#4581 = ADVANCED_FACE('',(#4582,#4696),#4565,.F.);
#4582 = FACE_BOUND('',#4583,.F.);
#4583 = EDGE_LOOP('',(#4584,#4614,#4642,#4670));
#4584 = ORIENTED_EDGE('',*,*,#4585,.F.);
#4585 = EDGE_CURVE('',#4586,#4588,#4590,.T.);
#4586 = VERTEX_POINT('',#4587);
#4587 = CARTESIAN_POINT('',(44.95,-18.5,17.93));
#4588 = VERTEX_POINT('',#4589);
#4589 = CARTESIAN_POINT('',(44.95,18.5,17.93));
#4590 = SURFACE_CURVE('',#4591,(#4595,#4602),.PCURVE_S1.);
#4591 = LINE('',#4592,#4593);
#4592 = CARTESIAN_POINT('',(44.95,-20.,17.93));
#4593 = VECTOR('',#4594,1.);
#4594 = DIRECTION('',(0.,1.,0.));
#4595 = PCURVE('',#4565,#4596);
#4596 = DEFINITIONAL_REPRESENTATION('',(#4597),#4601);
#4597 = LINE('',#4598,#4599);
#4598 = CARTESIAN_POINT('',(1.5,0.));
#4599 = VECTOR('',#4600,1.);
#4600 = DIRECTION('',(0.,1.));
#4601 = ( GEOMETRIC_REPRESENTATION_CONTEXT(2) 
PARAMETRIC_REPRESENTATION_CONTEXT() REPRESENTATION_CONTEXT('2D SPACE',''
  ) );
#4602 = PCURVE('',#4603,#4608);
#4603 = CYLINDRICAL_SURFACE('',#4604,1.5);
#4604 = AXIS2_PLACEMENT_3D('',#4605,#4606,#4607);
#4605 = CARTESIAN_POINT('',(44.95,-20.,19.43));
#4606 = DIRECTION('',(0.,1.,0.));
#4607 = DIRECTION('',(-1.,0.,0.));
#4608 = DEFINITIONAL_REPRESENTATION('',(#4609),#4613);
#4609 = LINE('',#4610,#4611);
#4610 = CARTESIAN_POINT('',(-1.570796326795,0.));
#4611 = VECTOR('',#4612,1.);
#4612 = DIRECTION('',(-0.,1.));
#4613 = ( GEOMETRIC_REPRESENTATION_CONTEXT(2) 
PARAMETRIC_REPRESENTATION_CONTEXT() REPRESENTATION_CONTEXT('2D SPACE',''
  ) );
#4614 = ORIENTED_EDGE('',*,*,#4615,.T.);
#4615 = EDGE_CURVE('',#4586,#4616,#4618,.T.);
#4616 = VERTEX_POINT('',#4617);
#4617 = CARTESIAN_POINT('',(93.05,-18.5,17.93));
#4618 = SURFACE_CURVE('',#4619,(#4623,#4630),.PCURVE_S1.);
#4619 = LINE('',#4620,#4621);
#4620 = CARTESIAN_POINT('',(43.45,-18.5,17.93));
#4621 = VECTOR('',#4622,1.);
#4622 = DIRECTION('',(1.,0.,0.));
#4623 = PCURVE('',#4565,#4624);
#4624 = DEFINITIONAL_REPRESENTATION('',(#4625),#4629);
#4625 = LINE('',#4626,#4627);
#4626 = CARTESIAN_POINT('',(0.,1.5));
#4627 = VECTOR('',#4628,1.);
#4628 = DIRECTION('',(1.,0.));
#4629 = ( GEOMETRIC_REPRESENTATION_CONTEXT(2) 
PARAMETRIC_REPRESENTATION_CONTEXT() REPRESENTATION_CONTEXT('2D SPACE',''
  ) );
#4630 = PCURVE('',#4631,#4636);
#4631 = CYLINDRICAL_SURFACE('',#4632,1.5);
#4632 = AXIS2_PLACEMENT_3D('',#4633,#4634,#4635);
#4633 = CARTESIAN_POINT('',(43.45,-18.5,19.43));
#4634 = DIRECTION('',(1.,0.,0.));
#4635 = DIRECTION('',(0.,-1.,0.));
#4636 = DEFINITIONAL_REPRESENTATION('',(#4637),#4641);
#4637 = LINE('',#4638,#4639);
#4638 = CARTESIAN_POINT('',(1.570796326795,0.));
#4639 = VECTOR('',#4640,1.);
#4640 = DIRECTION('',(0.,1.));
#4641 = ( GEOMETRIC_REPRESENTATION_CONTEXT(2) 
PARAMETRIC_REPRESENTATION_CONTEXT() REPRESENTATION_CONTEXT('2D SPACE',''
  ) );
#4642 = ORIENTED_EDGE('',*,*,#4643,.T.);
#4643 = EDGE_CURVE('',#4616,#4644,#4646,.T.);
#4644 = VERTEX_POINT('',#4645);
#4645 = CARTESIAN_POINT('',(93.05,18.5,17.93));
#4646 = SURFACE_CURVE('',#4647,(#4651,#4658),.PCURVE_S1.);
#4647 = LINE('',#4648,#4649);
#4648 = CARTESIAN_POINT('',(93.05,-20.,17.93));
#4649 = VECTOR('',#4650,1.);
#4650 = DIRECTION('',(0.,1.,0.));
#4651 = PCURVE('',#4565,#4652);
#4652 = DEFINITIONAL_REPRESENTATION('',(#4653),#4657);
#4653 = LINE('',#4654,#4655);
#4654 = CARTESIAN_POINT('',(49.6,0.));
#4655 = VECTOR('',#4656,1.);
#4656 = DIRECTION('',(0.,1.));
#4657 = ( GEOMETRIC_REPRESENTATION_CONTEXT(2) 
PARAMETRIC_REPRESENTATION_CONTEXT() REPRESENTATION_CONTEXT('2D SPACE',''
  ) );
#4658 = PCURVE('',#4659,#4664);
#4659 = CYLINDRICAL_SURFACE('',#4660,1.5);
#4660 = AXIS2_PLACEMENT_3D('',#4661,#4662,#4663);
#4661 = CARTESIAN_POINT('',(93.05,-20.,19.43));
#4662 = DIRECTION('',(0.,1.,0.));
#4663 = DIRECTION('',(1.,0.,-0.));
#4664 = DEFINITIONAL_REPRESENTATION('',(#4665),#4669);
#4665 = LINE('',#4666,#4667);
#4666 = CARTESIAN_POINT('',(1.570796326795,0.));
#4667 = VECTOR('',#4668,1.);
#4668 = DIRECTION('',(0.,1.));
#4669 = ( GEOMETRIC_REPRESENTATION_CONTEXT(2) 
PARAMETRIC_REPRESENTATION_CONTEXT() REPRESENTATION_CONTEXT('2D SPACE',''
  ) );
#4670 = ORIENTED_EDGE('',*,*,#4671,.F.);
#4671 = EDGE_CURVE('',#4588,#4644,#4672,.T.);
#4672 = SURFACE_CURVE('',#4673,(#4677,#4684),.PCURVE_S1.);
#4673 = LINE('',#4674,#4675);
#4674 = CARTESIAN_POINT('',(43.45,18.5,17.93));
#4675 = VECTOR('',#4676,1.);
#4676 = DIRECTION('',(1.,0.,0.));
#4677 = PCURVE('',#4565,#4678);
#4678 = DEFINITIONAL_REPRESENTATION('',(#4679),#4683);
#4679 = LINE('',#4680,#4681);
#4680 = CARTESIAN_POINT('',(0.,38.5));
#4681 = VECTOR('',#4682,1.);
#4682 = DIRECTION('',(1.,0.));
#4683 = ( GEOMETRIC_REPRESENTATION_CONTEXT(2) 
PARAMETRIC_REPRESENTATION_CONTEXT() REPRESENTATION_CONTEXT('2D SPACE',''
  ) );
#4684 = PCURVE('',#4685,#4690);
#4685 = CYLINDRICAL_SURFACE('',#4686,1.5);
#4686 = AXIS2_PLACEMENT_3D('',#4687,#4688,#4689);
#4687 = CARTESIAN_POINT('',(43.45,18.5,19.43));
#4688 = DIRECTION('',(1.,0.,0.));
#4689 = DIRECTION('',(-0.,1.,0.));
#4690 = DEFINITIONAL_REPRESENTATION('',(#4691),#4695);
#4691 = LINE('',#4692,#4693);
#4692 = CARTESIAN_POINT('',(-1.570796326795,0.));
#4693 = VECTOR('',#4694,1.);
#4694 = DIRECTION('',(-0.,1.));
#4695 = ( GEOMETRIC_REPRESENTATION_CONTEXT(2) 
PARAMETRIC_REPRESENTATION_CONTEXT() REPRESENTATION_CONTEXT('2D SPACE',''
  ) );
#4696 = FACE_BOUND('',#4697,.F.);
#4697 = EDGE_LOOP('',(#4698));
#4698 = ORIENTED_EDGE('',*,*,#4550,.T.);
#4699 = ADVANCED_FACE('',(#4700),#4603,.T.);
#4700 = FACE_BOUND('',#4701,.F.);
#4701 = EDGE_LOOP('',(#4702,#4731,#4732,#4761));
#4702 = ORIENTED_EDGE('',*,*,#4703,.F.);
#4703 = EDGE_CURVE('',#4586,#4704,#4706,.T.);
#4704 = VERTEX_POINT('',#4705);
#4705 = CARTESIAN_POINT('',(43.45,-18.5,19.43));
#4706 = SURFACE_CURVE('',#4707,(#4712,#4719),.PCURVE_S1.);
#4707 = CIRCLE('',#4708,1.5);
#4708 = AXIS2_PLACEMENT_3D('',#4709,#4710,#4711);
#4709 = CARTESIAN_POINT('',(44.95,-18.5,19.43));
#4710 = DIRECTION('',(0.,1.,-0.));
#4711 = DIRECTION('',(-1.,0.,0.));
#4712 = PCURVE('',#4603,#4713);
#4713 = DEFINITIONAL_REPRESENTATION('',(#4714),#4718);
#4714 = LINE('',#4715,#4716);
#4715 = CARTESIAN_POINT('',(-6.28318530718,1.5));
#4716 = VECTOR('',#4717,1.);
#4717 = DIRECTION('',(1.,-0.));
#4718 = ( GEOMETRIC_REPRESENTATION_CONTEXT(2) 
PARAMETRIC_REPRESENTATION_CONTEXT() REPRESENTATION_CONTEXT('2D SPACE',''
  ) );
#4719 = PCURVE('',#4720,#4725);
#4720 = SPHERICAL_SURFACE('',#4721,1.5);
#4721 = AXIS2_PLACEMENT_3D('',#4722,#4723,#4724);
#4722 = CARTESIAN_POINT('',(44.95,-18.5,19.43));
#4723 = DIRECTION('',(0.,0.,1.));
#4724 = DIRECTION('',(-1.,0.,0.));
#4725 = DEFINITIONAL_REPRESENTATION('',(#4726),#4730);
#4726 = LINE('',#4727,#4728);
#4727 = CARTESIAN_POINT('',(0.,-6.28318530718));
#4728 = VECTOR('',#4729,1.);
#4729 = DIRECTION('',(0.,1.));
#4730 = ( GEOMETRIC_REPRESENTATION_CONTEXT(2) 
PARAMETRIC_REPRESENTATION_CONTEXT() REPRESENTATION_CONTEXT('2D SPACE',''
  ) );
#4731 = ORIENTED_EDGE('',*,*,#4585,.T.);
#4732 = ORIENTED_EDGE('',*,*,#4733,.T.);
#4733 = EDGE_CURVE('',#4588,#4734,#4736,.T.);
#4734 = VERTEX_POINT('',#4735);
#4735 = CARTESIAN_POINT('',(43.45,18.5,19.43));
#4736 = SURFACE_CURVE('',#4737,(#4742,#4749),.PCURVE_S1.);
#4737 = CIRCLE('',#4738,1.5);
#4738 = AXIS2_PLACEMENT_3D('',#4739,#4740,#4741);
#4739 = CARTESIAN_POINT('',(44.95,18.5,19.43));
#4740 = DIRECTION('',(0.,1.,-0.));
#4741 = DIRECTION('',(-1.,0.,0.));
#4742 = PCURVE('',#4603,#4743);
#4743 = DEFINITIONAL_REPRESENTATION('',(#4744),#4748);
#4744 = LINE('',#4745,#4746);
#4745 = CARTESIAN_POINT('',(-6.28318530718,38.5));
#4746 = VECTOR('',#4747,1.);
#4747 = DIRECTION('',(1.,-0.));
#4748 = ( GEOMETRIC_REPRESENTATION_CONTEXT(2) 
PARAMETRIC_REPRESENTATION_CONTEXT() REPRESENTATION_CONTEXT('2D SPACE',''
  ) );
#4749 = PCURVE('',#4750,#4755);
#4750 = SPHERICAL_SURFACE('',#4751,1.5);
#4751 = AXIS2_PLACEMENT_3D('',#4752,#4753,#4754);
#4752 = CARTESIAN_POINT('',(44.95,18.5,19.43));
#4753 = DIRECTION('',(0.,0.,1.));
#4754 = DIRECTION('',(-1.,0.,0.));
#4755 = DEFINITIONAL_REPRESENTATION('',(#4756),#4760);
#4756 = LINE('',#4757,#4758);
#4757 = CARTESIAN_POINT('',(-0.,-6.28318530718));
#4758 = VECTOR('',#4759,1.);
#4759 = DIRECTION('',(-0.,1.));
#4760 = ( GEOMETRIC_REPRESENTATION_CONTEXT(2) 
PARAMETRIC_REPRESENTATION_CONTEXT() REPRESENTATION_CONTEXT('2D SPACE',''
  ) );
#4761 = ORIENTED_EDGE('',*,*,#4762,.F.);
#4762 = EDGE_CURVE('',#4704,#4734,#4763,.T.);
#4763 = SURFACE_CURVE('',#4764,(#4768,#4775),.PCURVE_S1.);
#4764 = LINE('',#4765,#4766);
#4765 = CARTESIAN_POINT('',(43.45,-20.,19.43));
#4766 = VECTOR('',#4767,1.);
#4767 = DIRECTION('',(0.,1.,0.));
#4768 = PCURVE('',#4603,#4769);
#4769 = DEFINITIONAL_REPRESENTATION('',(#4770),#4774);
#4770 = LINE('',#4771,#4772);
#4771 = CARTESIAN_POINT('',(-0.,0.));
#4772 = VECTOR('',#4773,1.);
#4773 = DIRECTION('',(-0.,1.));
#4774 = ( GEOMETRIC_REPRESENTATION_CONTEXT(2) 
PARAMETRIC_REPRESENTATION_CONTEXT() REPRESENTATION_CONTEXT('2D SPACE',''
  ) );
#4775 = PCURVE('',#4776,#4781);
#4776 = PLANE('',#4777);
#4777 = AXIS2_PLACEMENT_3D('',#4778,#4779,#4780);
#4778 = CARTESIAN_POINT('',(43.45,-20.,17.93));
#4779 = DIRECTION('',(1.,0.,0.));
#4780 = DIRECTION('',(0.,0.,1.));
#4781 = DEFINITIONAL_REPRESENTATION('',(#4782),#4786);
#4782 = LINE('',#4783,#4784);
#4783 = CARTESIAN_POINT('',(1.5,0.));
#4784 = VECTOR('',#4785,1.);
#4785 = DIRECTION('',(0.,-1.));
#4786 = ( GEOMETRIC_REPRESENTATION_CONTEXT(2) 
PARAMETRIC_REPRESENTATION_CONTEXT() REPRESENTATION_CONTEXT('2D SPACE',''
  ) );
#4787 = ADVANCED_FACE('',(#4788),#4631,.T.);
#4788 = FACE_BOUND('',#4789,.T.);
#4789 = EDGE_LOOP('',(#4790,#4814,#4815,#4844));
#4790 = ORIENTED_EDGE('',*,*,#4791,.F.);
#4791 = EDGE_CURVE('',#4586,#4792,#4794,.T.);
#4792 = VERTEX_POINT('',#4793);
#4793 = CARTESIAN_POINT('',(44.95,-20.,19.43));
#4794 = SURFACE_CURVE('',#4795,(#4800,#4807),.PCURVE_S1.);
#4795 = CIRCLE('',#4796,1.5);
#4796 = AXIS2_PLACEMENT_3D('',#4797,#4798,#4799);
#4797 = CARTESIAN_POINT('',(44.95,-18.5,19.43));
#4798 = DIRECTION('',(-1.,6.123233995737E-17,0.));
#4799 = DIRECTION('',(-6.123233995737E-17,-1.,0.));
#4800 = PCURVE('',#4631,#4801);
#4801 = DEFINITIONAL_REPRESENTATION('',(#4802),#4806);
#4802 = LINE('',#4803,#4804);
#4803 = CARTESIAN_POINT('',(6.28318530718,1.5));
#4804 = VECTOR('',#4805,1.);
#4805 = DIRECTION('',(-1.,-0.));
#4806 = ( GEOMETRIC_REPRESENTATION_CONTEXT(2) 
PARAMETRIC_REPRESENTATION_CONTEXT() REPRESENTATION_CONTEXT('2D SPACE',''
  ) );
#4807 = PCURVE('',#4720,#4808);
#4808 = DEFINITIONAL_REPRESENTATION('',(#4809),#4813);
#4809 = LINE('',#4810,#4811);
#4810 = CARTESIAN_POINT('',(1.570796326795,-6.28318530718));
#4811 = VECTOR('',#4812,1.);
#4812 = DIRECTION('',(0.,1.));
#4813 = ( GEOMETRIC_REPRESENTATION_CONTEXT(2) 
PARAMETRIC_REPRESENTATION_CONTEXT() REPRESENTATION_CONTEXT('2D SPACE',''
  ) );
#4814 = ORIENTED_EDGE('',*,*,#4615,.T.);
#4815 = ORIENTED_EDGE('',*,*,#4816,.T.);
#4816 = EDGE_CURVE('',#4616,#4817,#4819,.T.);
#4817 = VERTEX_POINT('',#4818);
#4818 = CARTESIAN_POINT('',(93.05,-20.,19.43));
#4819 = SURFACE_CURVE('',#4820,(#4825,#4832),.PCURVE_S1.);
#4820 = CIRCLE('',#4821,1.5);
#4821 = AXIS2_PLACEMENT_3D('',#4822,#4823,#4824);
#4822 = CARTESIAN_POINT('',(93.05,-18.5,19.43));
#4823 = DIRECTION('',(-1.,-6.123233995737E-17,0.));
#4824 = DIRECTION('',(6.123233995737E-17,-1.,-0.));
#4825 = PCURVE('',#4631,#4826);
#4826 = DEFINITIONAL_REPRESENTATION('',(#4827),#4831);
#4827 = LINE('',#4828,#4829);
#4828 = CARTESIAN_POINT('',(6.28318530718,49.6));
#4829 = VECTOR('',#4830,1.);
#4830 = DIRECTION('',(-1.,-0.));
#4831 = ( GEOMETRIC_REPRESENTATION_CONTEXT(2) 
PARAMETRIC_REPRESENTATION_CONTEXT() REPRESENTATION_CONTEXT('2D SPACE',''
  ) );
#4832 = PCURVE('',#4833,#4838);
#4833 = SPHERICAL_SURFACE('',#4834,1.5);
#4834 = AXIS2_PLACEMENT_3D('',#4835,#4836,#4837);
#4835 = CARTESIAN_POINT('',(93.05,-18.5,19.43));
#4836 = DIRECTION('',(0.,0.,1.));
#4837 = DIRECTION('',(1.,0.,-0.));
#4838 = DEFINITIONAL_REPRESENTATION('',(#4839),#4843);
#4839 = LINE('',#4840,#4841);
#4840 = CARTESIAN_POINT('',(-1.570796326795,-6.28318530718));
#4841 = VECTOR('',#4842,1.);
#4842 = DIRECTION('',(-0.,1.));
#4843 = ( GEOMETRIC_REPRESENTATION_CONTEXT(2) 
PARAMETRIC_REPRESENTATION_CONTEXT() REPRESENTATION_CONTEXT('2D SPACE',''
  ) );
#4844 = ORIENTED_EDGE('',*,*,#4845,.F.);
#4845 = EDGE_CURVE('',#4792,#4817,#4846,.T.);
#4846 = SURFACE_CURVE('',#4847,(#4851,#4858),.PCURVE_S1.);
#4847 = LINE('',#4848,#4849);
#4848 = CARTESIAN_POINT('',(43.45,-20.,19.43));
#4849 = VECTOR('',#4850,1.);
#4850 = DIRECTION('',(1.,0.,0.));
#4851 = PCURVE('',#4631,#4852);
#4852 = DEFINITIONAL_REPRESENTATION('',(#4853),#4857);
#4853 = LINE('',#4854,#4855);
#4854 = CARTESIAN_POINT('',(0.,0.));
#4855 = VECTOR('',#4856,1.);
#4856 = DIRECTION('',(0.,1.));
#4857 = ( GEOMETRIC_REPRESENTATION_CONTEXT(2) 
PARAMETRIC_REPRESENTATION_CONTEXT() REPRESENTATION_CONTEXT('2D SPACE',''
  ) );
#4858 = PCURVE('',#4859,#4864);
#4859 = PLANE('',#4860);
#4860 = AXIS2_PLACEMENT_3D('',#4861,#4862,#4863);
#4861 = CARTESIAN_POINT('',(43.45,-20.,17.93));
#4862 = DIRECTION('',(0.,1.,0.));
#4863 = DIRECTION('',(0.,0.,1.));
#4864 = DEFINITIONAL_REPRESENTATION('',(#4865),#4869);
#4865 = LINE('',#4866,#4867);
#4866 = CARTESIAN_POINT('',(1.5,0.));
#4867 = VECTOR('',#4868,1.);
#4868 = DIRECTION('',(0.,1.));
#4869 = ( GEOMETRIC_REPRESENTATION_CONTEXT(2) 
PARAMETRIC_REPRESENTATION_CONTEXT() REPRESENTATION_CONTEXT('2D SPACE',''
  ) );
#4870 = ADVANCED_FACE('',(#4871),#4685,.T.);
#4871 = FACE_BOUND('',#4872,.F.);
#4872 = EDGE_LOOP('',(#4873,#4897,#4898,#4927));
#4873 = ORIENTED_EDGE('',*,*,#4874,.F.);
#4874 = EDGE_CURVE('',#4588,#4875,#4877,.T.);
#4875 = VERTEX_POINT('',#4876);
#4876 = CARTESIAN_POINT('',(44.95,20.,19.43));
#4877 = SURFACE_CURVE('',#4878,(#4883,#4890),.PCURVE_S1.);
#4878 = CIRCLE('',#4879,1.5);
#4879 = AXIS2_PLACEMENT_3D('',#4880,#4881,#4882);
#4880 = CARTESIAN_POINT('',(44.95,18.5,19.43));
#4881 = DIRECTION('',(1.,6.123233995737E-17,-0.));
#4882 = DIRECTION('',(-6.123233995737E-17,1.,0.));
#4883 = PCURVE('',#4685,#4884);
#4884 = DEFINITIONAL_REPRESENTATION('',(#4885),#4889);
#4885 = LINE('',#4886,#4887);
#4886 = CARTESIAN_POINT('',(-6.28318530718,1.5));
#4887 = VECTOR('',#4888,1.);
#4888 = DIRECTION('',(1.,-0.));
#4889 = ( GEOMETRIC_REPRESENTATION_CONTEXT(2) 
PARAMETRIC_REPRESENTATION_CONTEXT() REPRESENTATION_CONTEXT('2D SPACE',''
  ) );
#4890 = PCURVE('',#4750,#4891);
#4891 = DEFINITIONAL_REPRESENTATION('',(#4892),#4896);
#4892 = LINE('',#4893,#4894);
#4893 = CARTESIAN_POINT('',(-1.570796326795,-6.28318530718));
#4894 = VECTOR('',#4895,1.);
#4895 = DIRECTION('',(-0.,1.));
#4896 = ( GEOMETRIC_REPRESENTATION_CONTEXT(2) 
PARAMETRIC_REPRESENTATION_CONTEXT() REPRESENTATION_CONTEXT('2D SPACE',''
  ) );
#4897 = ORIENTED_EDGE('',*,*,#4671,.T.);
#4898 = ORIENTED_EDGE('',*,*,#4899,.T.);
#4899 = EDGE_CURVE('',#4644,#4900,#4902,.T.);
#4900 = VERTEX_POINT('',#4901);
#4901 = CARTESIAN_POINT('',(93.05,20.,19.43));
#4902 = SURFACE_CURVE('',#4903,(#4908,#4915),.PCURVE_S1.);
#4903 = CIRCLE('',#4904,1.5);
#4904 = AXIS2_PLACEMENT_3D('',#4905,#4906,#4907);
#4905 = CARTESIAN_POINT('',(93.05,18.5,19.43));
#4906 = DIRECTION('',(1.,-6.123233995737E-17,0.));
#4907 = DIRECTION('',(6.123233995737E-17,1.,0.));
#4908 = PCURVE('',#4685,#4909);
#4909 = DEFINITIONAL_REPRESENTATION('',(#4910),#4914);
#4910 = LINE('',#4911,#4912);
#4911 = CARTESIAN_POINT('',(-6.28318530718,49.6));
#4912 = VECTOR('',#4913,1.);
#4913 = DIRECTION('',(1.,-0.));
#4914 = ( GEOMETRIC_REPRESENTATION_CONTEXT(2) 
PARAMETRIC_REPRESENTATION_CONTEXT() REPRESENTATION_CONTEXT('2D SPACE',''
  ) );
#4915 = PCURVE('',#4916,#4921);
#4916 = SPHERICAL_SURFACE('',#4917,1.5);
#4917 = AXIS2_PLACEMENT_3D('',#4918,#4919,#4920);
#4918 = CARTESIAN_POINT('',(93.05,18.5,19.43));
#4919 = DIRECTION('',(0.,0.,1.));
#4920 = DIRECTION('',(1.,0.,-0.));
#4921 = DEFINITIONAL_REPRESENTATION('',(#4922),#4926);
#4922 = LINE('',#4923,#4924);
#4923 = CARTESIAN_POINT('',(1.570796326795,-6.28318530718));
#4924 = VECTOR('',#4925,1.);
#4925 = DIRECTION('',(0.,1.));
#4926 = ( GEOMETRIC_REPRESENTATION_CONTEXT(2) 
PARAMETRIC_REPRESENTATION_CONTEXT() REPRESENTATION_CONTEXT('2D SPACE',''
  ) );
#4927 = ORIENTED_EDGE('',*,*,#4928,.F.);
#4928 = EDGE_CURVE('',#4875,#4900,#4929,.T.);
#4929 = SURFACE_CURVE('',#4930,(#4934,#4941),.PCURVE_S1.);
#4930 = LINE('',#4931,#4932);
#4931 = CARTESIAN_POINT('',(43.45,20.,19.43));
#4932 = VECTOR('',#4933,1.);
#4933 = DIRECTION('',(1.,0.,0.));
#4934 = PCURVE('',#4685,#4935);
#4935 = DEFINITIONAL_REPRESENTATION('',(#4936),#4940);
#4936 = LINE('',#4937,#4938);
#4937 = CARTESIAN_POINT('',(-0.,0.));
#4938 = VECTOR('',#4939,1.);
#4939 = DIRECTION('',(-0.,1.));
#4940 = ( GEOMETRIC_REPRESENTATION_CONTEXT(2) 
PARAMETRIC_REPRESENTATION_CONTEXT() REPRESENTATION_CONTEXT('2D SPACE',''
  ) );
#4941 = PCURVE('',#4942,#4947);
#4942 = PLANE('',#4943);
#4943 = AXIS2_PLACEMENT_3D('',#4944,#4945,#4946);
#4944 = CARTESIAN_POINT('',(43.45,20.,17.93));
#4945 = DIRECTION('',(0.,1.,0.));
#4946 = DIRECTION('',(0.,0.,1.));
#4947 = DEFINITIONAL_REPRESENTATION('',(#4948),#4952);
#4948 = LINE('',#4949,#4950);
#4949 = CARTESIAN_POINT('',(1.5,0.));
#4950 = VECTOR('',#4951,1.);
#4951 = DIRECTION('',(0.,1.));
#4952 = ( GEOMETRIC_REPRESENTATION_CONTEXT(2) 
PARAMETRIC_REPRESENTATION_CONTEXT() REPRESENTATION_CONTEXT('2D SPACE',''
  ) );
#4953 = ADVANCED_FACE('',(#4954),#4659,.T.);
#4954 = FACE_BOUND('',#4955,.T.);
#4955 = EDGE_LOOP('',(#4956,#4980,#4981,#5005));
#4956 = ORIENTED_EDGE('',*,*,#4957,.F.);
#4957 = EDGE_CURVE('',#4616,#4958,#4960,.T.);
#4958 = VERTEX_POINT('',#4959);
#4959 = CARTESIAN_POINT('',(94.55,-18.5,19.43));
#4960 = SURFACE_CURVE('',#4961,(#4966,#4973),.PCURVE_S1.);
#4961 = CIRCLE('',#4962,1.5);
#4962 = AXIS2_PLACEMENT_3D('',#4963,#4964,#4965);
#4963 = CARTESIAN_POINT('',(93.05,-18.5,19.43));
#4964 = DIRECTION('',(0.,-1.,0.));
#4965 = DIRECTION('',(1.,0.,0.));
#4966 = PCURVE('',#4659,#4967);
#4967 = DEFINITIONAL_REPRESENTATION('',(#4968),#4972);
#4968 = LINE('',#4969,#4970);
#4969 = CARTESIAN_POINT('',(6.28318530718,1.5));
#4970 = VECTOR('',#4971,1.);
#4971 = DIRECTION('',(-1.,-0.));
#4972 = ( GEOMETRIC_REPRESENTATION_CONTEXT(2) 
PARAMETRIC_REPRESENTATION_CONTEXT() REPRESENTATION_CONTEXT('2D SPACE',''
  ) );
#4973 = PCURVE('',#4833,#4974);
#4974 = DEFINITIONAL_REPRESENTATION('',(#4975),#4979);
#4975 = LINE('',#4976,#4977);
#4976 = CARTESIAN_POINT('',(-0.,-6.28318530718));
#4977 = VECTOR('',#4978,1.);
#4978 = DIRECTION('',(-0.,1.));
#4979 = ( GEOMETRIC_REPRESENTATION_CONTEXT(2) 
PARAMETRIC_REPRESENTATION_CONTEXT() REPRESENTATION_CONTEXT('2D SPACE',''
  ) );
#4980 = ORIENTED_EDGE('',*,*,#4643,.T.);
#4981 = ORIENTED_EDGE('',*,*,#4982,.T.);
#4982 = EDGE_CURVE('',#4644,#4983,#4985,.T.);
#4983 = VERTEX_POINT('',#4984);
#4984 = CARTESIAN_POINT('',(94.55,18.5,19.43));
#4985 = SURFACE_CURVE('',#4986,(#4991,#4998),.PCURVE_S1.);
#4986 = CIRCLE('',#4987,1.5);
#4987 = AXIS2_PLACEMENT_3D('',#4988,#4989,#4990);
#4988 = CARTESIAN_POINT('',(93.05,18.5,19.43));
#4989 = DIRECTION('',(0.,-1.,0.));
#4990 = DIRECTION('',(1.,0.,0.));
#4991 = PCURVE('',#4659,#4992);
#4992 = DEFINITIONAL_REPRESENTATION('',(#4993),#4997);
#4993 = LINE('',#4994,#4995);
#4994 = CARTESIAN_POINT('',(6.28318530718,38.5));
#4995 = VECTOR('',#4996,1.);
#4996 = DIRECTION('',(-1.,-0.));
#4997 = ( GEOMETRIC_REPRESENTATION_CONTEXT(2) 
PARAMETRIC_REPRESENTATION_CONTEXT() REPRESENTATION_CONTEXT('2D SPACE',''
  ) );
#4998 = PCURVE('',#4916,#4999);
#4999 = DEFINITIONAL_REPRESENTATION('',(#5000),#5004);
#5000 = LINE('',#5001,#5002);
#5001 = CARTESIAN_POINT('',(0.,-6.28318530718));
#5002 = VECTOR('',#5003,1.);
#5003 = DIRECTION('',(0.,1.));
#5004 = ( GEOMETRIC_REPRESENTATION_CONTEXT(2) 
PARAMETRIC_REPRESENTATION_CONTEXT() REPRESENTATION_CONTEXT('2D SPACE',''
  ) );
#5005 = ORIENTED_EDGE('',*,*,#5006,.F.);
#5006 = EDGE_CURVE('',#4958,#4983,#5007,.T.);
#5007 = SURFACE_CURVE('',#5008,(#5012,#5019),.PCURVE_S1.);
#5008 = LINE('',#5009,#5010);
#5009 = CARTESIAN_POINT('',(94.55,-20.,19.43));
#5010 = VECTOR('',#5011,1.);
#5011 = DIRECTION('',(0.,1.,0.));
#5012 = PCURVE('',#4659,#5013);
#5013 = DEFINITIONAL_REPRESENTATION('',(#5014),#5018);
#5014 = LINE('',#5015,#5016);
#5015 = CARTESIAN_POINT('',(0.,0.));
#5016 = VECTOR('',#5017,1.);
#5017 = DIRECTION('',(0.,1.));
#5018 = ( GEOMETRIC_REPRESENTATION_CONTEXT(2) 
PARAMETRIC_REPRESENTATION_CONTEXT() REPRESENTATION_CONTEXT('2D SPACE',''
  ) );
#5019 = PCURVE('',#5020,#5025);
#5020 = PLANE('',#5021);
#5021 = AXIS2_PLACEMENT_3D('',#5022,#5023,#5024);
#5022 = CARTESIAN_POINT('',(94.55,-20.,17.93));
#5023 = DIRECTION('',(1.,0.,0.));
#5024 = DIRECTION('',(0.,0.,1.));
#5025 = DEFINITIONAL_REPRESENTATION('',(#5026),#5030);
#5026 = LINE('',#5027,#5028);
#5027 = CARTESIAN_POINT('',(1.5,0.));
#5028 = VECTOR('',#5029,1.);
#5029 = DIRECTION('',(0.,-1.));
#5030 = ( GEOMETRIC_REPRESENTATION_CONTEXT(2) 
PARAMETRIC_REPRESENTATION_CONTEXT() REPRESENTATION_CONTEXT('2D SPACE',''
  ) );
#5031 = ADVANCED_FACE('',(#5032),#4720,.T.);
#5032 = FACE_BOUND('',#5033,.T.);
#5033 = EDGE_LOOP('',(#5034,#5035,#5036));
#5034 = ORIENTED_EDGE('',*,*,#4703,.F.);
#5035 = ORIENTED_EDGE('',*,*,#4791,.T.);
#5036 = ORIENTED_EDGE('',*,*,#5037,.F.);
#5037 = EDGE_CURVE('',#4704,#4792,#5038,.T.);
#5038 = SURFACE_CURVE('',#5039,(#5044,#5051),.PCURVE_S1.);
#5039 = CIRCLE('',#5040,1.5);
#5040 = AXIS2_PLACEMENT_3D('',#5041,#5042,#5043);
#5041 = CARTESIAN_POINT('',(44.95,-18.5,19.43));
#5042 = DIRECTION('',(0.,0.,1.));
#5043 = DIRECTION('',(-1.,0.,0.));
#5044 = PCURVE('',#4720,#5045);
#5045 = DEFINITIONAL_REPRESENTATION('',(#5046),#5050);
#5046 = LINE('',#5047,#5048);
#5047 = CARTESIAN_POINT('',(0.,0.));
#5048 = VECTOR('',#5049,1.);
#5049 = DIRECTION('',(1.,0.));
#5050 = ( GEOMETRIC_REPRESENTATION_CONTEXT(2) 
PARAMETRIC_REPRESENTATION_CONTEXT() REPRESENTATION_CONTEXT('2D SPACE',''
  ) );
#5051 = PCURVE('',#5052,#5057);
#5052 = CYLINDRICAL_SURFACE('',#5053,1.5);
#5053 = AXIS2_PLACEMENT_3D('',#5054,#5055,#5056);
#5054 = CARTESIAN_POINT('',(44.95,-18.5,17.93));
#5055 = DIRECTION('',(0.,0.,1.));
#5056 = DIRECTION('',(-1.,-0.,0.));
#5057 = DEFINITIONAL_REPRESENTATION('',(#5058),#5062);
#5058 = LINE('',#5059,#5060);
#5059 = CARTESIAN_POINT('',(0.,1.5));
#5060 = VECTOR('',#5061,1.);
#5061 = DIRECTION('',(1.,0.));
#5062 = ( GEOMETRIC_REPRESENTATION_CONTEXT(2) 
PARAMETRIC_REPRESENTATION_CONTEXT() REPRESENTATION_CONTEXT('2D SPACE',''
  ) );
#5063 = ADVANCED_FACE('',(#5064,#5144),#4776,.F.);
#5064 = FACE_BOUND('',#5065,.F.);
#5065 = EDGE_LOOP('',(#5066,#5089,#5090,#5118));
#5066 = ORIENTED_EDGE('',*,*,#5067,.F.);
#5067 = EDGE_CURVE('',#4704,#5068,#5070,.T.);
#5068 = VERTEX_POINT('',#5069);
#5069 = CARTESIAN_POINT('',(43.45,-18.5,36.57));
#5070 = SURFACE_CURVE('',#5071,(#5075,#5082),.PCURVE_S1.);
#5071 = LINE('',#5072,#5073);
#5072 = CARTESIAN_POINT('',(43.45,-18.5,17.93));
#5073 = VECTOR('',#5074,1.);
#5074 = DIRECTION('',(0.,0.,1.));
#5075 = PCURVE('',#4776,#5076);
#5076 = DEFINITIONAL_REPRESENTATION('',(#5077),#5081);
#5077 = LINE('',#5078,#5079);
#5078 = CARTESIAN_POINT('',(0.,-1.5));
#5079 = VECTOR('',#5080,1.);
#5080 = DIRECTION('',(1.,0.));
#5081 = ( GEOMETRIC_REPRESENTATION_CONTEXT(2) 
PARAMETRIC_REPRESENTATION_CONTEXT() REPRESENTATION_CONTEXT('2D SPACE',''
  ) );
#5082 = PCURVE('',#5052,#5083);
#5083 = DEFINITIONAL_REPRESENTATION('',(#5084),#5088);
#5084 = LINE('',#5085,#5086);
#5085 = CARTESIAN_POINT('',(0.,0.));
#5086 = VECTOR('',#5087,1.);
#5087 = DIRECTION('',(0.,1.));
#5088 = ( GEOMETRIC_REPRESENTATION_CONTEXT(2) 
PARAMETRIC_REPRESENTATION_CONTEXT() REPRESENTATION_CONTEXT('2D SPACE',''
  ) );
#5089 = ORIENTED_EDGE('',*,*,#4762,.T.);
#5090 = ORIENTED_EDGE('',*,*,#5091,.T.);
#5091 = EDGE_CURVE('',#4734,#5092,#5094,.T.);
#5092 = VERTEX_POINT('',#5093);
#5093 = CARTESIAN_POINT('',(43.45,18.5,36.57));
#5094 = SURFACE_CURVE('',#5095,(#5099,#5106),.PCURVE_S1.);
#5095 = LINE('',#5096,#5097);
#5096 = CARTESIAN_POINT('',(43.45,18.5,17.93));
#5097 = VECTOR('',#5098,1.);
#5098 = DIRECTION('',(0.,0.,1.));
#5099 = PCURVE('',#4776,#5100);
#5100 = DEFINITIONAL_REPRESENTATION('',(#5101),#5105);
#5101 = LINE('',#5102,#5103);
#5102 = CARTESIAN_POINT('',(0.,-38.5));
#5103 = VECTOR('',#5104,1.);
#5104 = DIRECTION('',(1.,0.));
#5105 = ( GEOMETRIC_REPRESENTATION_CONTEXT(2) 
PARAMETRIC_REPRESENTATION_CONTEXT() REPRESENTATION_CONTEXT('2D SPACE',''
  ) );
#5106 = PCURVE('',#5107,#5112);
#5107 = CYLINDRICAL_SURFACE('',#5108,1.5);
#5108 = AXIS2_PLACEMENT_3D('',#5109,#5110,#5111);
#5109 = CARTESIAN_POINT('',(44.95,18.5,17.93));
#5110 = DIRECTION('',(0.,0.,1.));
#5111 = DIRECTION('',(-1.,-0.,0.));
#5112 = DEFINITIONAL_REPRESENTATION('',(#5113),#5117);
#5113 = LINE('',#5114,#5115);
#5114 = CARTESIAN_POINT('',(-0.,0.));
#5115 = VECTOR('',#5116,1.);
#5116 = DIRECTION('',(-0.,1.));
#5117 = ( GEOMETRIC_REPRESENTATION_CONTEXT(2) 
PARAMETRIC_REPRESENTATION_CONTEXT() REPRESENTATION_CONTEXT('2D SPACE',''
  ) );
#5118 = ORIENTED_EDGE('',*,*,#5119,.F.);
#5119 = EDGE_CURVE('',#5068,#5092,#5120,.T.);
#5120 = SURFACE_CURVE('',#5121,(#5125,#5132),.PCURVE_S1.);
#5121 = LINE('',#5122,#5123);
#5122 = CARTESIAN_POINT('',(43.45,-20.,36.57));
#5123 = VECTOR('',#5124,1.);
#5124 = DIRECTION('',(0.,1.,0.));
#5125 = PCURVE('',#4776,#5126);
#5126 = DEFINITIONAL_REPRESENTATION('',(#5127),#5131);
#5127 = LINE('',#5128,#5129);
#5128 = CARTESIAN_POINT('',(18.64,0.));
#5129 = VECTOR('',#5130,1.);
#5130 = DIRECTION('',(0.,-1.));
#5131 = ( GEOMETRIC_REPRESENTATION_CONTEXT(2) 
PARAMETRIC_REPRESENTATION_CONTEXT() REPRESENTATION_CONTEXT('2D SPACE',''
  ) );
#5132 = PCURVE('',#5133,#5138);
#5133 = CYLINDRICAL_SURFACE('',#5134,1.5);
#5134 = AXIS2_PLACEMENT_3D('',#5135,#5136,#5137);
#5135 = CARTESIAN_POINT('',(44.95,-20.,36.57));
#5136 = DIRECTION('',(0.,1.,0.));
#5137 = DIRECTION('',(-1.,0.,0.));
#5138 = DEFINITIONAL_REPRESENTATION('',(#5139),#5143);
#5139 = LINE('',#5140,#5141);
#5140 = CARTESIAN_POINT('',(0.,0.));
#5141 = VECTOR('',#5142,1.);
#5142 = DIRECTION('',(0.,1.));
#5143 = ( GEOMETRIC_REPRESENTATION_CONTEXT(2) 
PARAMETRIC_REPRESENTATION_CONTEXT() REPRESENTATION_CONTEXT('2D SPACE',''
  ) );
#5144 = FACE_BOUND('',#5145,.F.);
#5145 = EDGE_LOOP('',(#5146,#5176,#5204,#5232));
#5146 = ORIENTED_EDGE('',*,*,#5147,.F.);
#5147 = EDGE_CURVE('',#5148,#5150,#5152,.T.);
#5148 = VERTEX_POINT('',#5149);
#5149 = CARTESIAN_POINT('',(43.45,-1.5,25.));
#5150 = VERTEX_POINT('',#5151);
#5151 = CARTESIAN_POINT('',(43.45,1.5,25.));
#5152 = SURFACE_CURVE('',#5153,(#5157,#5164),.PCURVE_S1.);
#5153 = LINE('',#5154,#5155);
#5154 = CARTESIAN_POINT('',(43.45,-1.5,25.));
#5155 = VECTOR('',#5156,1.);
#5156 = DIRECTION('',(0.,1.,0.));
#5157 = PCURVE('',#4776,#5158);
#5158 = DEFINITIONAL_REPRESENTATION('',(#5159),#5163);
#5159 = LINE('',#5160,#5161);
#5160 = CARTESIAN_POINT('',(7.07,-18.5));
#5161 = VECTOR('',#5162,1.);
#5162 = DIRECTION('',(0.,-1.));
#5163 = ( GEOMETRIC_REPRESENTATION_CONTEXT(2) 
PARAMETRIC_REPRESENTATION_CONTEXT() REPRESENTATION_CONTEXT('2D SPACE',''
  ) );
#5164 = PCURVE('',#5165,#5170);
#5165 = PLANE('',#5166);
#5166 = AXIS2_PLACEMENT_3D('',#5167,#5168,#5169);
#5167 = CARTESIAN_POINT('',(43.45,-1.5,25.));
#5168 = DIRECTION('',(0.,0.,1.));
#5169 = DIRECTION('',(0.,1.,0.));
#5170 = DEFINITIONAL_REPRESENTATION('',(#5171),#5175);
#5171 = LINE('',#5172,#5173);
#5172 = CARTESIAN_POINT('',(0.,0.));
#5173 = VECTOR('',#5174,1.);
#5174 = DIRECTION('',(1.,0.));
#5175 = ( GEOMETRIC_REPRESENTATION_CONTEXT(2) 
PARAMETRIC_REPRESENTATION_CONTEXT() REPRESENTATION_CONTEXT('2D SPACE',''
  ) );
#5176 = ORIENTED_EDGE('',*,*,#5177,.F.);
#5177 = EDGE_CURVE('',#5178,#5148,#5180,.T.);
#5178 = VERTEX_POINT('',#5179);
#5179 = CARTESIAN_POINT('',(43.45,-1.5,31.));
#5180 = SURFACE_CURVE('',#5181,(#5185,#5192),.PCURVE_S1.);
#5181 = LINE('',#5182,#5183);
#5182 = CARTESIAN_POINT('',(43.45,-1.5,31.));
#5183 = VECTOR('',#5184,1.);
#5184 = DIRECTION('',(0.,0.,-1.));
#5185 = PCURVE('',#4776,#5186);
#5186 = DEFINITIONAL_REPRESENTATION('',(#5187),#5191);
#5187 = LINE('',#5188,#5189);
#5188 = CARTESIAN_POINT('',(13.07,-18.5));
#5189 = VECTOR('',#5190,1.);
#5190 = DIRECTION('',(-1.,0.));
#5191 = ( GEOMETRIC_REPRESENTATION_CONTEXT(2) 
PARAMETRIC_REPRESENTATION_CONTEXT() REPRESENTATION_CONTEXT('2D SPACE',''
  ) );
#5192 = PCURVE('',#5193,#5198);
#5193 = PLANE('',#5194);
#5194 = AXIS2_PLACEMENT_3D('',#5195,#5196,#5197);
#5195 = CARTESIAN_POINT('',(43.45,-1.5,31.));
#5196 = DIRECTION('',(-0.,1.,0.));
#5197 = DIRECTION('',(0.,0.,-1.));
#5198 = DEFINITIONAL_REPRESENTATION('',(#5199),#5203);
#5199 = LINE('',#5200,#5201);
#5200 = CARTESIAN_POINT('',(0.,0.));
#5201 = VECTOR('',#5202,1.);
#5202 = DIRECTION('',(1.,0.));
#5203 = ( GEOMETRIC_REPRESENTATION_CONTEXT(2) 
PARAMETRIC_REPRESENTATION_CONTEXT() REPRESENTATION_CONTEXT('2D SPACE',''
  ) );
#5204 = ORIENTED_EDGE('',*,*,#5205,.F.);
#5205 = EDGE_CURVE('',#5206,#5178,#5208,.T.);
#5206 = VERTEX_POINT('',#5207);
#5207 = CARTESIAN_POINT('',(43.45,1.5,31.));
#5208 = SURFACE_CURVE('',#5209,(#5213,#5220),.PCURVE_S1.);
#5209 = LINE('',#5210,#5211);
#5210 = CARTESIAN_POINT('',(43.45,1.5,31.));
#5211 = VECTOR('',#5212,1.);
#5212 = DIRECTION('',(0.,-1.,0.));
#5213 = PCURVE('',#4776,#5214);
#5214 = DEFINITIONAL_REPRESENTATION('',(#5215),#5219);
#5215 = LINE('',#5216,#5217);
#5216 = CARTESIAN_POINT('',(13.07,-21.5));
#5217 = VECTOR('',#5218,1.);
#5218 = DIRECTION('',(0.,1.));
#5219 = ( GEOMETRIC_REPRESENTATION_CONTEXT(2) 
PARAMETRIC_REPRESENTATION_CONTEXT() REPRESENTATION_CONTEXT('2D SPACE',''
  ) );
#5220 = PCURVE('',#5221,#5226);
#5221 = PLANE('',#5222);
#5222 = AXIS2_PLACEMENT_3D('',#5223,#5224,#5225);
#5223 = CARTESIAN_POINT('',(43.45,1.5,31.));
#5224 = DIRECTION('',(0.,0.,-1.));
#5225 = DIRECTION('',(0.,-1.,0.));
#5226 = DEFINITIONAL_REPRESENTATION('',(#5227),#5231);
#5227 = LINE('',#5228,#5229);
#5228 = CARTESIAN_POINT('',(0.,-0.));
#5229 = VECTOR('',#5230,1.);
#5230 = DIRECTION('',(1.,0.));
#5231 = ( GEOMETRIC_REPRESENTATION_CONTEXT(2) 
PARAMETRIC_REPRESENTATION_CONTEXT() REPRESENTATION_CONTEXT('2D SPACE',''
  ) );
#5232 = ORIENTED_EDGE('',*,*,#5233,.F.);
#5233 = EDGE_CURVE('',#5150,#5206,#5234,.T.);
#5234 = SURFACE_CURVE('',#5235,(#5239,#5246),.PCURVE_S1.);
#5235 = LINE('',#5236,#5237);
#5236 = CARTESIAN_POINT('',(43.45,1.5,25.));
#5237 = VECTOR('',#5238,1.);
#5238 = DIRECTION('',(0.,0.,1.));
#5239 = PCURVE('',#4776,#5240);
#5240 = DEFINITIONAL_REPRESENTATION('',(#5241),#5245);
#5241 = LINE('',#5242,#5243);
#5242 = CARTESIAN_POINT('',(7.07,-21.5));
#5243 = VECTOR('',#5244,1.);
#5244 = DIRECTION('',(1.,0.));
#5245 = ( GEOMETRIC_REPRESENTATION_CONTEXT(2) 
PARAMETRIC_REPRESENTATION_CONTEXT() REPRESENTATION_CONTEXT('2D SPACE',''
  ) );
#5246 = PCURVE('',#5247,#5252);
#5247 = PLANE('',#5248);
#5248 = AXIS2_PLACEMENT_3D('',#5249,#5250,#5251);
#5249 = CARTESIAN_POINT('',(43.45,1.5,25.));
#5250 = DIRECTION('',(0.,-1.,0.));
#5251 = DIRECTION('',(0.,0.,1.));
#5252 = DEFINITIONAL_REPRESENTATION('',(#5253),#5257);
#5253 = LINE('',#5254,#5255);
#5254 = CARTESIAN_POINT('',(0.,0.));
#5255 = VECTOR('',#5256,1.);
#5256 = DIRECTION('',(1.,0.));
#5257 = ( GEOMETRIC_REPRESENTATION_CONTEXT(2) 
PARAMETRIC_REPRESENTATION_CONTEXT() REPRESENTATION_CONTEXT('2D SPACE',''
  ) );
#5258 = ADVANCED_FACE('',(#5259),#4750,.T.);
#5259 = FACE_BOUND('',#5260,.F.);
#5260 = EDGE_LOOP('',(#5261,#5262,#5263));
#5261 = ORIENTED_EDGE('',*,*,#4733,.F.);
#5262 = ORIENTED_EDGE('',*,*,#4874,.T.);
#5263 = ORIENTED_EDGE('',*,*,#5264,.F.);
#5264 = EDGE_CURVE('',#4734,#4875,#5265,.T.);
#5265 = SURFACE_CURVE('',#5266,(#5271,#5278),.PCURVE_S1.);
#5266 = CIRCLE('',#5267,1.5);
#5267 = AXIS2_PLACEMENT_3D('',#5268,#5269,#5270);
#5268 = CARTESIAN_POINT('',(44.95,18.5,19.43));
#5269 = DIRECTION('',(-0.,0.,-1.));
#5270 = DIRECTION('',(-1.,0.,0.));
#5271 = PCURVE('',#4750,#5272);
#5272 = DEFINITIONAL_REPRESENTATION('',(#5273),#5277);
#5273 = LINE('',#5274,#5275);
#5274 = CARTESIAN_POINT('',(-0.,0.));
#5275 = VECTOR('',#5276,1.);
#5276 = DIRECTION('',(-1.,0.));
#5277 = ( GEOMETRIC_REPRESENTATION_CONTEXT(2) 
PARAMETRIC_REPRESENTATION_CONTEXT() REPRESENTATION_CONTEXT('2D SPACE',''
  ) );
#5278 = PCURVE('',#5107,#5279);
#5279 = DEFINITIONAL_REPRESENTATION('',(#5280),#5284);
#5280 = LINE('',#5281,#5282);
#5281 = CARTESIAN_POINT('',(-0.,1.5));
#5282 = VECTOR('',#5283,1.);
#5283 = DIRECTION('',(-1.,0.));
#5284 = ( GEOMETRIC_REPRESENTATION_CONTEXT(2) 
PARAMETRIC_REPRESENTATION_CONTEXT() REPRESENTATION_CONTEXT('2D SPACE',''
  ) );
#5285 = ADVANCED_FACE('',(#5286),#4859,.F.);
#5286 = FACE_BOUND('',#5287,.F.);
#5287 = EDGE_LOOP('',(#5288,#5311,#5339,#5365));
#5288 = ORIENTED_EDGE('',*,*,#5289,.T.);
#5289 = EDGE_CURVE('',#4792,#5290,#5292,.T.);
#5290 = VERTEX_POINT('',#5291);
#5291 = CARTESIAN_POINT('',(44.95,-20.,36.57));
#5292 = SURFACE_CURVE('',#5293,(#5297,#5304),.PCURVE_S1.);
#5293 = LINE('',#5294,#5295);
#5294 = CARTESIAN_POINT('',(44.95,-20.,17.93));
#5295 = VECTOR('',#5296,1.);
#5296 = DIRECTION('',(0.,0.,1.));
#5297 = PCURVE('',#4859,#5298);
#5298 = DEFINITIONAL_REPRESENTATION('',(#5299),#5303);
#5299 = LINE('',#5300,#5301);
#5300 = CARTESIAN_POINT('',(0.,1.5));
#5301 = VECTOR('',#5302,1.);
#5302 = DIRECTION('',(1.,0.));
#5303 = ( GEOMETRIC_REPRESENTATION_CONTEXT(2) 
PARAMETRIC_REPRESENTATION_CONTEXT() REPRESENTATION_CONTEXT('2D SPACE',''
  ) );
#5304 = PCURVE('',#5052,#5305);
#5305 = DEFINITIONAL_REPRESENTATION('',(#5306),#5310);
#5306 = LINE('',#5307,#5308);
#5307 = CARTESIAN_POINT('',(1.570796326795,0.));
#5308 = VECTOR('',#5309,1.);
#5309 = DIRECTION('',(0.,1.));
#5310 = ( GEOMETRIC_REPRESENTATION_CONTEXT(2) 
PARAMETRIC_REPRESENTATION_CONTEXT() REPRESENTATION_CONTEXT('2D SPACE',''
  ) );
#5311 = ORIENTED_EDGE('',*,*,#5312,.T.);
#5312 = EDGE_CURVE('',#5290,#5313,#5315,.T.);
#5313 = VERTEX_POINT('',#5314);
#5314 = CARTESIAN_POINT('',(93.05,-20.,36.57));
#5315 = SURFACE_CURVE('',#5316,(#5320,#5327),.PCURVE_S1.);
#5316 = LINE('',#5317,#5318);
#5317 = CARTESIAN_POINT('',(43.45,-20.,36.57));
#5318 = VECTOR('',#5319,1.);
#5319 = DIRECTION('',(1.,0.,0.));
#5320 = PCURVE('',#4859,#5321);
#5321 = DEFINITIONAL_REPRESENTATION('',(#5322),#5326);
#5322 = LINE('',#5323,#5324);
#5323 = CARTESIAN_POINT('',(18.64,0.));
#5324 = VECTOR('',#5325,1.);
#5325 = DIRECTION('',(0.,1.));
#5326 = ( GEOMETRIC_REPRESENTATION_CONTEXT(2) 
PARAMETRIC_REPRESENTATION_CONTEXT() REPRESENTATION_CONTEXT('2D SPACE',''
  ) );
#5327 = PCURVE('',#5328,#5333);
#5328 = CYLINDRICAL_SURFACE('',#5329,1.5);
#5329 = AXIS2_PLACEMENT_3D('',#5330,#5331,#5332);
#5330 = CARTESIAN_POINT('',(43.45,-18.5,36.57));
#5331 = DIRECTION('',(1.,0.,0.));
#5332 = DIRECTION('',(0.,-1.,0.));
#5333 = DEFINITIONAL_REPRESENTATION('',(#5334),#5338);
#5334 = LINE('',#5335,#5336);
#5335 = CARTESIAN_POINT('',(-0.,0.));
#5336 = VECTOR('',#5337,1.);
#5337 = DIRECTION('',(-0.,1.));
#5338 = ( GEOMETRIC_REPRESENTATION_CONTEXT(2) 
PARAMETRIC_REPRESENTATION_CONTEXT() REPRESENTATION_CONTEXT('2D SPACE',''
  ) );
#5339 = ORIENTED_EDGE('',*,*,#5340,.F.);
#5340 = EDGE_CURVE('',#4817,#5313,#5341,.T.);
#5341 = SURFACE_CURVE('',#5342,(#5346,#5353),.PCURVE_S1.);
#5342 = LINE('',#5343,#5344);
#5343 = CARTESIAN_POINT('',(93.05,-20.,17.93));
#5344 = VECTOR('',#5345,1.);
#5345 = DIRECTION('',(0.,0.,1.));
#5346 = PCURVE('',#4859,#5347);
#5347 = DEFINITIONAL_REPRESENTATION('',(#5348),#5352);
#5348 = LINE('',#5349,#5350);
#5349 = CARTESIAN_POINT('',(0.,49.6));
#5350 = VECTOR('',#5351,1.);
#5351 = DIRECTION('',(1.,0.));
#5352 = ( GEOMETRIC_REPRESENTATION_CONTEXT(2) 
PARAMETRIC_REPRESENTATION_CONTEXT() REPRESENTATION_CONTEXT('2D SPACE',''
  ) );
#5353 = PCURVE('',#5354,#5359);
#5354 = CYLINDRICAL_SURFACE('',#5355,1.5);
#5355 = AXIS2_PLACEMENT_3D('',#5356,#5357,#5358);
#5356 = CARTESIAN_POINT('',(93.05,-18.5,17.93));
#5357 = DIRECTION('',(0.,0.,1.));
#5358 = DIRECTION('',(1.,0.,-0.));
#5359 = DEFINITIONAL_REPRESENTATION('',(#5360),#5364);
#5360 = LINE('',#5361,#5362);
#5361 = CARTESIAN_POINT('',(-1.570796326795,0.));
#5362 = VECTOR('',#5363,1.);
#5363 = DIRECTION('',(-0.,1.));
#5364 = ( GEOMETRIC_REPRESENTATION_CONTEXT(2) 
PARAMETRIC_REPRESENTATION_CONTEXT() REPRESENTATION_CONTEXT('2D SPACE',''
  ) );
#5365 = ORIENTED_EDGE('',*,*,#4845,.F.);
#5366 = ADVANCED_FACE('',(#5367),#4833,.T.);
#5367 = FACE_BOUND('',#5368,.F.);
#5368 = EDGE_LOOP('',(#5369,#5370,#5371));
#5369 = ORIENTED_EDGE('',*,*,#4957,.F.);
#5370 = ORIENTED_EDGE('',*,*,#4816,.T.);
#5371 = ORIENTED_EDGE('',*,*,#5372,.F.);
#5372 = EDGE_CURVE('',#4958,#4817,#5373,.T.);
#5373 = SURFACE_CURVE('',#5374,(#5379,#5386),.PCURVE_S1.);
#5374 = CIRCLE('',#5375,1.5);
#5375 = AXIS2_PLACEMENT_3D('',#5376,#5377,#5378);
#5376 = CARTESIAN_POINT('',(93.05,-18.5,19.43));
#5377 = DIRECTION('',(0.,-0.,-1.));
#5378 = DIRECTION('',(1.,0.,-0.));
#5379 = PCURVE('',#4833,#5380);
#5380 = DEFINITIONAL_REPRESENTATION('',(#5381),#5385);
#5381 = LINE('',#5382,#5383);
#5382 = CARTESIAN_POINT('',(-0.,0.));
#5383 = VECTOR('',#5384,1.);
#5384 = DIRECTION('',(-1.,0.));
#5385 = ( GEOMETRIC_REPRESENTATION_CONTEXT(2) 
PARAMETRIC_REPRESENTATION_CONTEXT() REPRESENTATION_CONTEXT('2D SPACE',''
  ) );
#5386 = PCURVE('',#5354,#5387);
#5387 = DEFINITIONAL_REPRESENTATION('',(#5388),#5392);
#5388 = LINE('',#5389,#5390);
#5389 = CARTESIAN_POINT('',(-0.,1.5));
#5390 = VECTOR('',#5391,1.);
#5391 = DIRECTION('',(-1.,0.));
#5392 = ( GEOMETRIC_REPRESENTATION_CONTEXT(2) 
PARAMETRIC_REPRESENTATION_CONTEXT() REPRESENTATION_CONTEXT('2D SPACE',''
  ) );
#5393 = ADVANCED_FACE('',(#5394),#4942,.T.);
#5394 = FACE_BOUND('',#5395,.T.);
#5395 = EDGE_LOOP('',(#5396,#5419,#5447,#5473));
#5396 = ORIENTED_EDGE('',*,*,#5397,.T.);
#5397 = EDGE_CURVE('',#4875,#5398,#5400,.T.);
#5398 = VERTEX_POINT('',#5399);
#5399 = CARTESIAN_POINT('',(44.95,20.,36.57));
#5400 = SURFACE_CURVE('',#5401,(#5405,#5412),.PCURVE_S1.);
#5401 = LINE('',#5402,#5403);
#5402 = CARTESIAN_POINT('',(44.95,20.,17.93));
#5403 = VECTOR('',#5404,1.);
#5404 = DIRECTION('',(0.,0.,1.));
#5405 = PCURVE('',#4942,#5406);
#5406 = DEFINITIONAL_REPRESENTATION('',(#5407),#5411);
#5407 = LINE('',#5408,#5409);
#5408 = CARTESIAN_POINT('',(0.,1.5));
#5409 = VECTOR('',#5410,1.);
#5410 = DIRECTION('',(1.,0.));
#5411 = ( GEOMETRIC_REPRESENTATION_CONTEXT(2) 
PARAMETRIC_REPRESENTATION_CONTEXT() REPRESENTATION_CONTEXT('2D SPACE',''
  ) );
#5412 = PCURVE('',#5107,#5413);
#5413 = DEFINITIONAL_REPRESENTATION('',(#5414),#5418);
#5414 = LINE('',#5415,#5416);
#5415 = CARTESIAN_POINT('',(-1.570796326795,0.));
#5416 = VECTOR('',#5417,1.);
#5417 = DIRECTION('',(-0.,1.));
#5418 = ( GEOMETRIC_REPRESENTATION_CONTEXT(2) 
PARAMETRIC_REPRESENTATION_CONTEXT() REPRESENTATION_CONTEXT('2D SPACE',''
  ) );
#5419 = ORIENTED_EDGE('',*,*,#5420,.T.);
#5420 = EDGE_CURVE('',#5398,#5421,#5423,.T.);
#5421 = VERTEX_POINT('',#5422);
#5422 = CARTESIAN_POINT('',(93.05,20.,36.57));
#5423 = SURFACE_CURVE('',#5424,(#5428,#5435),.PCURVE_S1.);
#5424 = LINE('',#5425,#5426);
#5425 = CARTESIAN_POINT('',(43.45,20.,36.57));
#5426 = VECTOR('',#5427,1.);
#5427 = DIRECTION('',(1.,0.,0.));
#5428 = PCURVE('',#4942,#5429);
#5429 = DEFINITIONAL_REPRESENTATION('',(#5430),#5434);
#5430 = LINE('',#5431,#5432);
#5431 = CARTESIAN_POINT('',(18.64,0.));
#5432 = VECTOR('',#5433,1.);
#5433 = DIRECTION('',(0.,1.));
#5434 = ( GEOMETRIC_REPRESENTATION_CONTEXT(2) 
PARAMETRIC_REPRESENTATION_CONTEXT() REPRESENTATION_CONTEXT('2D SPACE',''
  ) );
#5435 = PCURVE('',#5436,#5441);
#5436 = CYLINDRICAL_SURFACE('',#5437,1.5);
#5437 = AXIS2_PLACEMENT_3D('',#5438,#5439,#5440);
#5438 = CARTESIAN_POINT('',(43.45,18.5,36.57));
#5439 = DIRECTION('',(1.,0.,0.));
#5440 = DIRECTION('',(-0.,1.,0.));
#5441 = DEFINITIONAL_REPRESENTATION('',(#5442),#5446);
#5442 = LINE('',#5443,#5444);
#5443 = CARTESIAN_POINT('',(0.,0.));
#5444 = VECTOR('',#5445,1.);
#5445 = DIRECTION('',(0.,1.));
#5446 = ( GEOMETRIC_REPRESENTATION_CONTEXT(2) 
PARAMETRIC_REPRESENTATION_CONTEXT() REPRESENTATION_CONTEXT('2D SPACE',''
  ) );
#5447 = ORIENTED_EDGE('',*,*,#5448,.F.);
#5448 = EDGE_CURVE('',#4900,#5421,#5449,.T.);
#5449 = SURFACE_CURVE('',#5450,(#5454,#5461),.PCURVE_S1.);
#5450 = LINE('',#5451,#5452);
#5451 = CARTESIAN_POINT('',(93.05,20.,17.93));
#5452 = VECTOR('',#5453,1.);
#5453 = DIRECTION('',(0.,0.,1.));
#5454 = PCURVE('',#4942,#5455);
#5455 = DEFINITIONAL_REPRESENTATION('',(#5456),#5460);
#5456 = LINE('',#5457,#5458);
#5457 = CARTESIAN_POINT('',(0.,49.6));
#5458 = VECTOR('',#5459,1.);
#5459 = DIRECTION('',(1.,0.));
#5460 = ( GEOMETRIC_REPRESENTATION_CONTEXT(2) 
PARAMETRIC_REPRESENTATION_CONTEXT() REPRESENTATION_CONTEXT('2D SPACE',''
  ) );
#5461 = PCURVE('',#5462,#5467);
#5462 = CYLINDRICAL_SURFACE('',#5463,1.5);
#5463 = AXIS2_PLACEMENT_3D('',#5464,#5465,#5466);
#5464 = CARTESIAN_POINT('',(93.05,18.5,17.93));
#5465 = DIRECTION('',(0.,0.,1.));
#5466 = DIRECTION('',(1.,0.,-0.));
#5467 = DEFINITIONAL_REPRESENTATION('',(#5468),#5472);
#5468 = LINE('',#5469,#5470);
#5469 = CARTESIAN_POINT('',(1.570796326795,0.));
#5470 = VECTOR('',#5471,1.);
#5471 = DIRECTION('',(0.,1.));
#5472 = ( GEOMETRIC_REPRESENTATION_CONTEXT(2) 
PARAMETRIC_REPRESENTATION_CONTEXT() REPRESENTATION_CONTEXT('2D SPACE',''
  ) );
#5473 = ORIENTED_EDGE('',*,*,#4928,.F.);
#5474 = ADVANCED_FACE('',(#5475),#4916,.T.);
#5475 = FACE_BOUND('',#5476,.T.);
#5476 = EDGE_LOOP('',(#5477,#5478,#5479));
#5477 = ORIENTED_EDGE('',*,*,#4982,.F.);
#5478 = ORIENTED_EDGE('',*,*,#4899,.T.);
#5479 = ORIENTED_EDGE('',*,*,#5480,.F.);
#5480 = EDGE_CURVE('',#4983,#4900,#5481,.T.);
#5481 = SURFACE_CURVE('',#5482,(#5487,#5494),.PCURVE_S1.);
#5482 = CIRCLE('',#5483,1.5);
#5483 = AXIS2_PLACEMENT_3D('',#5484,#5485,#5486);
#5484 = CARTESIAN_POINT('',(93.05,18.5,19.43));
#5485 = DIRECTION('',(0.,0.,1.));
#5486 = DIRECTION('',(1.,0.,-0.));
#5487 = PCURVE('',#4916,#5488);
#5488 = DEFINITIONAL_REPRESENTATION('',(#5489),#5493);
#5489 = LINE('',#5490,#5491);
#5490 = CARTESIAN_POINT('',(0.,0.));
#5491 = VECTOR('',#5492,1.);
#5492 = DIRECTION('',(1.,0.));
#5493 = ( GEOMETRIC_REPRESENTATION_CONTEXT(2) 
PARAMETRIC_REPRESENTATION_CONTEXT() REPRESENTATION_CONTEXT('2D SPACE',''
  ) );
#5494 = PCURVE('',#5462,#5495);
#5495 = DEFINITIONAL_REPRESENTATION('',(#5496),#5500);
#5496 = LINE('',#5497,#5498);
#5497 = CARTESIAN_POINT('',(0.,1.5));
#5498 = VECTOR('',#5499,1.);
#5499 = DIRECTION('',(1.,0.));
#5500 = ( GEOMETRIC_REPRESENTATION_CONTEXT(2) 
PARAMETRIC_REPRESENTATION_CONTEXT() REPRESENTATION_CONTEXT('2D SPACE',''
  ) );
#5501 = ADVANCED_FACE('',(#5502),#5020,.T.);
#5502 = FACE_BOUND('',#5503,.T.);
#5503 = EDGE_LOOP('',(#5504,#5527,#5528,#5551));
#5504 = ORIENTED_EDGE('',*,*,#5505,.F.);
#5505 = EDGE_CURVE('',#4958,#5506,#5508,.T.);
#5506 = VERTEX_POINT('',#5507);
#5507 = CARTESIAN_POINT('',(94.55,-18.5,36.57));
#5508 = SURFACE_CURVE('',#5509,(#5513,#5520),.PCURVE_S1.);
#5509 = LINE('',#5510,#5511);
#5510 = CARTESIAN_POINT('',(94.55,-18.5,17.93));
#5511 = VECTOR('',#5512,1.);
#5512 = DIRECTION('',(0.,0.,1.));
#5513 = PCURVE('',#5020,#5514);
#5514 = DEFINITIONAL_REPRESENTATION('',(#5515),#5519);
#5515 = LINE('',#5516,#5517);
#5516 = CARTESIAN_POINT('',(0.,-1.5));
#5517 = VECTOR('',#5518,1.);
#5518 = DIRECTION('',(1.,0.));
#5519 = ( GEOMETRIC_REPRESENTATION_CONTEXT(2) 
PARAMETRIC_REPRESENTATION_CONTEXT() REPRESENTATION_CONTEXT('2D SPACE',''
  ) );
#5520 = PCURVE('',#5354,#5521);
#5521 = DEFINITIONAL_REPRESENTATION('',(#5522),#5526);
#5522 = LINE('',#5523,#5524);
#5523 = CARTESIAN_POINT('',(-0.,0.));
#5524 = VECTOR('',#5525,1.);
#5525 = DIRECTION('',(-0.,1.));
#5526 = ( GEOMETRIC_REPRESENTATION_CONTEXT(2) 
PARAMETRIC_REPRESENTATION_CONTEXT() REPRESENTATION_CONTEXT('2D SPACE',''
  ) );
#5527 = ORIENTED_EDGE('',*,*,#5006,.T.);
#5528 = ORIENTED_EDGE('',*,*,#5529,.T.);
#5529 = EDGE_CURVE('',#4983,#5530,#5532,.T.);
#5530 = VERTEX_POINT('',#5531);
#5531 = CARTESIAN_POINT('',(94.55,18.5,36.57));
#5532 = SURFACE_CURVE('',#5533,(#5537,#5544),.PCURVE_S1.);
#5533 = LINE('',#5534,#5535);
#5534 = CARTESIAN_POINT('',(94.55,18.5,17.93));
#5535 = VECTOR('',#5536,1.);
#5536 = DIRECTION('',(0.,0.,1.));
#5537 = PCURVE('',#5020,#5538);
#5538 = DEFINITIONAL_REPRESENTATION('',(#5539),#5543);
#5539 = LINE('',#5540,#5541);
#5540 = CARTESIAN_POINT('',(0.,-38.5));
#5541 = VECTOR('',#5542,1.);
#5542 = DIRECTION('',(1.,0.));
#5543 = ( GEOMETRIC_REPRESENTATION_CONTEXT(2) 
PARAMETRIC_REPRESENTATION_CONTEXT() REPRESENTATION_CONTEXT('2D SPACE',''
  ) );
#5544 = PCURVE('',#5462,#5545);
#5545 = DEFINITIONAL_REPRESENTATION('',(#5546),#5550);
#5546 = LINE('',#5547,#5548);
#5547 = CARTESIAN_POINT('',(0.,0.));
#5548 = VECTOR('',#5549,1.);
#5549 = DIRECTION('',(0.,1.));
#5550 = ( GEOMETRIC_REPRESENTATION_CONTEXT(2) 
PARAMETRIC_REPRESENTATION_CONTEXT() REPRESENTATION_CONTEXT('2D SPACE',''
  ) );
#5551 = ORIENTED_EDGE('',*,*,#5552,.F.);
#5552 = EDGE_CURVE('',#5506,#5530,#5553,.T.);
#5553 = SURFACE_CURVE('',#5554,(#5558,#5565),.PCURVE_S1.);
#5554 = LINE('',#5555,#5556);
#5555 = CARTESIAN_POINT('',(94.55,-20.,36.57));
#5556 = VECTOR('',#5557,1.);
#5557 = DIRECTION('',(0.,1.,0.));
#5558 = PCURVE('',#5020,#5559);
#5559 = DEFINITIONAL_REPRESENTATION('',(#5560),#5564);
#5560 = LINE('',#5561,#5562);
#5561 = CARTESIAN_POINT('',(18.64,0.));
#5562 = VECTOR('',#5563,1.);
#5563 = DIRECTION('',(0.,-1.));
#5564 = ( GEOMETRIC_REPRESENTATION_CONTEXT(2) 
PARAMETRIC_REPRESENTATION_CONTEXT() REPRESENTATION_CONTEXT('2D SPACE',''
  ) );
#5565 = PCURVE('',#5566,#5571);
#5566 = CYLINDRICAL_SURFACE('',#5567,1.5);
#5567 = AXIS2_PLACEMENT_3D('',#5568,#5569,#5570);
#5568 = CARTESIAN_POINT('',(93.05,-20.,36.57));
#5569 = DIRECTION('',(0.,1.,0.));
#5570 = DIRECTION('',(1.,0.,-0.));
#5571 = DEFINITIONAL_REPRESENTATION('',(#5572),#5576);
#5572 = LINE('',#5573,#5574);
#5573 = CARTESIAN_POINT('',(-0.,0.));
#5574 = VECTOR('',#5575,1.);
#5575 = DIRECTION('',(-0.,1.));
#5576 = ( GEOMETRIC_REPRESENTATION_CONTEXT(2) 
PARAMETRIC_REPRESENTATION_CONTEXT() REPRESENTATION_CONTEXT('2D SPACE',''
  ) );
#5577 = ADVANCED_FACE('',(#5578),#5052,.T.);
#5578 = FACE_BOUND('',#5579,.T.);
#5579 = EDGE_LOOP('',(#5580,#5581,#5582,#5583));
#5580 = ORIENTED_EDGE('',*,*,#5067,.F.);
#5581 = ORIENTED_EDGE('',*,*,#5037,.T.);
#5582 = ORIENTED_EDGE('',*,*,#5289,.T.);
#5583 = ORIENTED_EDGE('',*,*,#5584,.F.);
#5584 = EDGE_CURVE('',#5068,#5290,#5585,.T.);
#5585 = SURFACE_CURVE('',#5586,(#5591,#5598),.PCURVE_S1.);
#5586 = CIRCLE('',#5587,1.5);
#5587 = AXIS2_PLACEMENT_3D('',#5588,#5589,#5590);
#5588 = CARTESIAN_POINT('',(44.95,-18.5,36.57));
#5589 = DIRECTION('',(0.,0.,1.));
#5590 = DIRECTION('',(-1.,0.,0.));
#5591 = PCURVE('',#5052,#5592);
#5592 = DEFINITIONAL_REPRESENTATION('',(#5593),#5597);
#5593 = LINE('',#5594,#5595);
#5594 = CARTESIAN_POINT('',(0.,18.64));
#5595 = VECTOR('',#5596,1.);
#5596 = DIRECTION('',(1.,0.));
#5597 = ( GEOMETRIC_REPRESENTATION_CONTEXT(2) 
PARAMETRIC_REPRESENTATION_CONTEXT() REPRESENTATION_CONTEXT('2D SPACE',''
  ) );
#5598 = PCURVE('',#5599,#5604);
#5599 = SPHERICAL_SURFACE('',#5600,1.5);
#5600 = AXIS2_PLACEMENT_3D('',#5601,#5602,#5603);
#5601 = CARTESIAN_POINT('',(44.95,-18.5,36.57));
#5602 = DIRECTION('',(-0.,-0.,-1.));
#5603 = DIRECTION('',(-1.,0.,0.));
#5604 = DEFINITIONAL_REPRESENTATION('',(#5605),#5609);
#5605 = LINE('',#5606,#5607);
#5606 = CARTESIAN_POINT('',(-0.,0.));
#5607 = VECTOR('',#5608,1.);
#5608 = DIRECTION('',(-1.,0.));
#5609 = ( GEOMETRIC_REPRESENTATION_CONTEXT(2) 
PARAMETRIC_REPRESENTATION_CONTEXT() REPRESENTATION_CONTEXT('2D SPACE',''
  ) );
#5610 = ADVANCED_FACE('',(#5611),#5133,.T.);
#5611 = FACE_BOUND('',#5612,.T.);
#5612 = EDGE_LOOP('',(#5613,#5637,#5665,#5692));
#5613 = ORIENTED_EDGE('',*,*,#5614,.F.);
#5614 = EDGE_CURVE('',#5615,#5068,#5617,.T.);
#5615 = VERTEX_POINT('',#5616);
#5616 = CARTESIAN_POINT('',(44.95,-18.5,38.07));
#5617 = SURFACE_CURVE('',#5618,(#5623,#5630),.PCURVE_S1.);
#5618 = CIRCLE('',#5619,1.5);
#5619 = AXIS2_PLACEMENT_3D('',#5620,#5621,#5622);
#5620 = CARTESIAN_POINT('',(44.95,-18.5,36.57));
#5621 = DIRECTION('',(0.,-1.,0.));
#5622 = DIRECTION('',(-1.,0.,0.));
#5623 = PCURVE('',#5133,#5624);
#5624 = DEFINITIONAL_REPRESENTATION('',(#5625),#5629);
#5625 = LINE('',#5626,#5627);
#5626 = CARTESIAN_POINT('',(6.28318530718,1.5));
#5627 = VECTOR('',#5628,1.);
#5628 = DIRECTION('',(-1.,-0.));
#5629 = ( GEOMETRIC_REPRESENTATION_CONTEXT(2) 
PARAMETRIC_REPRESENTATION_CONTEXT() REPRESENTATION_CONTEXT('2D SPACE',''
  ) );
#5630 = PCURVE('',#5599,#5631);
#5631 = DEFINITIONAL_REPRESENTATION('',(#5632),#5636);
#5632 = LINE('',#5633,#5634);
#5633 = CARTESIAN_POINT('',(-0.,-6.28318530718));
#5634 = VECTOR('',#5635,1.);
#5635 = DIRECTION('',(-0.,1.));
#5636 = ( GEOMETRIC_REPRESENTATION_CONTEXT(2) 
PARAMETRIC_REPRESENTATION_CONTEXT() REPRESENTATION_CONTEXT('2D SPACE',''
  ) );
#5637 = ORIENTED_EDGE('',*,*,#5638,.T.);
#5638 = EDGE_CURVE('',#5615,#5639,#5641,.T.);
#5639 = VERTEX_POINT('',#5640);
#5640 = CARTESIAN_POINT('',(44.95,18.5,38.07));
#5641 = SURFACE_CURVE('',#5642,(#5646,#5653),.PCURVE_S1.);
#5642 = LINE('',#5643,#5644);
#5643 = CARTESIAN_POINT('',(44.95,-20.,38.07));
#5644 = VECTOR('',#5645,1.);
#5645 = DIRECTION('',(0.,1.,0.));
#5646 = PCURVE('',#5133,#5647);
#5647 = DEFINITIONAL_REPRESENTATION('',(#5648),#5652);
#5648 = LINE('',#5649,#5650);
#5649 = CARTESIAN_POINT('',(1.570796326795,0.));
#5650 = VECTOR('',#5651,1.);
#5651 = DIRECTION('',(0.,1.));
#5652 = ( GEOMETRIC_REPRESENTATION_CONTEXT(2) 
PARAMETRIC_REPRESENTATION_CONTEXT() REPRESENTATION_CONTEXT('2D SPACE',''
  ) );
#5653 = PCURVE('',#5654,#5659);
#5654 = PLANE('',#5655);
#5655 = AXIS2_PLACEMENT_3D('',#5656,#5657,#5658);
#5656 = CARTESIAN_POINT('',(43.45,-20.,38.07));
#5657 = DIRECTION('',(0.,0.,1.));
#5658 = DIRECTION('',(1.,0.,0.));
#5659 = DEFINITIONAL_REPRESENTATION('',(#5660),#5664);
#5660 = LINE('',#5661,#5662);
#5661 = CARTESIAN_POINT('',(1.5,0.));
#5662 = VECTOR('',#5663,1.);
#5663 = DIRECTION('',(0.,1.));
#5664 = ( GEOMETRIC_REPRESENTATION_CONTEXT(2) 
PARAMETRIC_REPRESENTATION_CONTEXT() REPRESENTATION_CONTEXT('2D SPACE',''
  ) );
#5665 = ORIENTED_EDGE('',*,*,#5666,.F.);
#5666 = EDGE_CURVE('',#5092,#5639,#5667,.T.);
#5667 = SURFACE_CURVE('',#5668,(#5673,#5680),.PCURVE_S1.);
#5668 = CIRCLE('',#5669,1.5);
#5669 = AXIS2_PLACEMENT_3D('',#5670,#5671,#5672);
#5670 = CARTESIAN_POINT('',(44.95,18.5,36.57));
#5671 = DIRECTION('',(0.,1.,0.));
#5672 = DIRECTION('',(-1.,0.,0.));
#5673 = PCURVE('',#5133,#5674);
#5674 = DEFINITIONAL_REPRESENTATION('',(#5675),#5679);
#5675 = LINE('',#5676,#5677);
#5676 = CARTESIAN_POINT('',(0.,38.5));
#5677 = VECTOR('',#5678,1.);
#5678 = DIRECTION('',(1.,0.));
#5679 = ( GEOMETRIC_REPRESENTATION_CONTEXT(2) 
PARAMETRIC_REPRESENTATION_CONTEXT() REPRESENTATION_CONTEXT('2D SPACE',''
  ) );
#5680 = PCURVE('',#5681,#5686);
#5681 = SPHERICAL_SURFACE('',#5682,1.5);
#5682 = AXIS2_PLACEMENT_3D('',#5683,#5684,#5685);
#5683 = CARTESIAN_POINT('',(44.95,18.5,36.57));
#5684 = DIRECTION('',(-0.,-1.,-0.));
#5685 = DIRECTION('',(-1.,0.,0.));
#5686 = DEFINITIONAL_REPRESENTATION('',(#5687),#5691);
#5687 = LINE('',#5688,#5689);
#5688 = CARTESIAN_POINT('',(-0.,0.));
#5689 = VECTOR('',#5690,1.);
#5690 = DIRECTION('',(-1.,0.));
#5691 = ( GEOMETRIC_REPRESENTATION_CONTEXT(2) 
PARAMETRIC_REPRESENTATION_CONTEXT() REPRESENTATION_CONTEXT('2D SPACE',''
  ) );
#5692 = ORIENTED_EDGE('',*,*,#5119,.F.);
#5693 = ADVANCED_FACE('',(#5694),#5107,.T.);
#5694 = FACE_BOUND('',#5695,.F.);
#5695 = EDGE_LOOP('',(#5696,#5697,#5698,#5699));
#5696 = ORIENTED_EDGE('',*,*,#5091,.F.);
#5697 = ORIENTED_EDGE('',*,*,#5264,.T.);
#5698 = ORIENTED_EDGE('',*,*,#5397,.T.);
#5699 = ORIENTED_EDGE('',*,*,#5700,.T.);
#5700 = EDGE_CURVE('',#5398,#5092,#5701,.T.);
#5701 = SURFACE_CURVE('',#5702,(#5707,#5714),.PCURVE_S1.);
#5702 = CIRCLE('',#5703,1.5);
#5703 = AXIS2_PLACEMENT_3D('',#5704,#5705,#5706);
#5704 = CARTESIAN_POINT('',(44.95,18.5,36.57));
#5705 = DIRECTION('',(0.,0.,1.));
#5706 = DIRECTION('',(-1.,0.,0.));
#5707 = PCURVE('',#5107,#5708);
#5708 = DEFINITIONAL_REPRESENTATION('',(#5709),#5713);
#5709 = LINE('',#5710,#5711);
#5710 = CARTESIAN_POINT('',(-6.28318530718,18.64));
#5711 = VECTOR('',#5712,1.);
#5712 = DIRECTION('',(1.,-0.));
#5713 = ( GEOMETRIC_REPRESENTATION_CONTEXT(2) 
PARAMETRIC_REPRESENTATION_CONTEXT() REPRESENTATION_CONTEXT('2D SPACE',''
  ) );
#5714 = PCURVE('',#5681,#5715);
#5715 = DEFINITIONAL_REPRESENTATION('',(#5716),#5720);
#5716 = LINE('',#5717,#5718);
#5717 = CARTESIAN_POINT('',(-0.,-6.28318530718));
#5718 = VECTOR('',#5719,1.);
#5719 = DIRECTION('',(-0.,1.));
#5720 = ( GEOMETRIC_REPRESENTATION_CONTEXT(2) 
PARAMETRIC_REPRESENTATION_CONTEXT() REPRESENTATION_CONTEXT('2D SPACE',''
  ) );
#5721 = ADVANCED_FACE('',(#5722),#5165,.T.);
#5722 = FACE_BOUND('',#5723,.T.);
#5723 = EDGE_LOOP('',(#5724,#5747,#5775,#5796));
#5724 = ORIENTED_EDGE('',*,*,#5725,.T.);
#5725 = EDGE_CURVE('',#5148,#5726,#5728,.T.);
#5726 = VERTEX_POINT('',#5727);
#5727 = CARTESIAN_POINT('',(50.45,-1.5,25.));
#5728 = SURFACE_CURVE('',#5729,(#5733,#5740),.PCURVE_S1.);
#5729 = LINE('',#5730,#5731);
#5730 = CARTESIAN_POINT('',(43.45,-1.5,25.));
#5731 = VECTOR('',#5732,1.);
#5732 = DIRECTION('',(1.,0.,0.));
#5733 = PCURVE('',#5165,#5734);
#5734 = DEFINITIONAL_REPRESENTATION('',(#5735),#5739);
#5735 = LINE('',#5736,#5737);
#5736 = CARTESIAN_POINT('',(0.,0.));
#5737 = VECTOR('',#5738,1.);
#5738 = DIRECTION('',(0.,-1.));
#5739 = ( GEOMETRIC_REPRESENTATION_CONTEXT(2) 
PARAMETRIC_REPRESENTATION_CONTEXT() REPRESENTATION_CONTEXT('2D SPACE',''
  ) );
#5740 = PCURVE('',#5193,#5741);
#5741 = DEFINITIONAL_REPRESENTATION('',(#5742),#5746);
#5742 = LINE('',#5743,#5744);
#5743 = CARTESIAN_POINT('',(6.,0.));
#5744 = VECTOR('',#5745,1.);
#5745 = DIRECTION('',(0.,-1.));
#5746 = ( GEOMETRIC_REPRESENTATION_CONTEXT(2) 
PARAMETRIC_REPRESENTATION_CONTEXT() REPRESENTATION_CONTEXT('2D SPACE',''
  ) );
#5747 = ORIENTED_EDGE('',*,*,#5748,.T.);
#5748 = EDGE_CURVE('',#5726,#5749,#5751,.T.);
#5749 = VERTEX_POINT('',#5750);
#5750 = CARTESIAN_POINT('',(50.45,1.5,25.));
#5751 = SURFACE_CURVE('',#5752,(#5756,#5763),.PCURVE_S1.);
#5752 = LINE('',#5753,#5754);
#5753 = CARTESIAN_POINT('',(50.45,-1.5,25.));
#5754 = VECTOR('',#5755,1.);
#5755 = DIRECTION('',(0.,1.,0.));
#5756 = PCURVE('',#5165,#5757);
#5757 = DEFINITIONAL_REPRESENTATION('',(#5758),#5762);
#5758 = LINE('',#5759,#5760);
#5759 = CARTESIAN_POINT('',(0.,-7.));
#5760 = VECTOR('',#5761,1.);
#5761 = DIRECTION('',(1.,0.));
#5762 = ( GEOMETRIC_REPRESENTATION_CONTEXT(2) 
PARAMETRIC_REPRESENTATION_CONTEXT() REPRESENTATION_CONTEXT('2D SPACE',''
  ) );
#5763 = PCURVE('',#5764,#5769);
#5764 = PLANE('',#5765);
#5765 = AXIS2_PLACEMENT_3D('',#5766,#5767,#5768);
#5766 = CARTESIAN_POINT('',(50.45,0.,28.));
#5767 = DIRECTION('',(1.,0.,0.));
#5768 = DIRECTION('',(-0.,0.,1.));
#5769 = DEFINITIONAL_REPRESENTATION('',(#5770),#5774);
#5770 = LINE('',#5771,#5772);
#5771 = CARTESIAN_POINT('',(-3.,1.5));
#5772 = VECTOR('',#5773,1.);
#5773 = DIRECTION('',(0.,-1.));
#5774 = ( GEOMETRIC_REPRESENTATION_CONTEXT(2) 
PARAMETRIC_REPRESENTATION_CONTEXT() REPRESENTATION_CONTEXT('2D SPACE',''
  ) );
#5775 = ORIENTED_EDGE('',*,*,#5776,.F.);
#5776 = EDGE_CURVE('',#5150,#5749,#5777,.T.);
#5777 = SURFACE_CURVE('',#5778,(#5782,#5789),.PCURVE_S1.);
#5778 = LINE('',#5779,#5780);
#5779 = CARTESIAN_POINT('',(43.45,1.5,25.));
#5780 = VECTOR('',#5781,1.);
#5781 = DIRECTION('',(1.,0.,0.));
#5782 = PCURVE('',#5165,#5783);
#5783 = DEFINITIONAL_REPRESENTATION('',(#5784),#5788);
#5784 = LINE('',#5785,#5786);
#5785 = CARTESIAN_POINT('',(3.,0.));
#5786 = VECTOR('',#5787,1.);
#5787 = DIRECTION('',(0.,-1.));
#5788 = ( GEOMETRIC_REPRESENTATION_CONTEXT(2) 
PARAMETRIC_REPRESENTATION_CONTEXT() REPRESENTATION_CONTEXT('2D SPACE',''
  ) );
#5789 = PCURVE('',#5247,#5790);
#5790 = DEFINITIONAL_REPRESENTATION('',(#5791),#5795);
#5791 = LINE('',#5792,#5793);
#5792 = CARTESIAN_POINT('',(0.,0.));
#5793 = VECTOR('',#5794,1.);
#5794 = DIRECTION('',(0.,-1.));
#5795 = ( GEOMETRIC_REPRESENTATION_CONTEXT(2) 
PARAMETRIC_REPRESENTATION_CONTEXT() REPRESENTATION_CONTEXT('2D SPACE',''
  ) );
#5796 = ORIENTED_EDGE('',*,*,#5147,.F.);
#5797 = ADVANCED_FACE('',(#5798),#5247,.T.);
#5798 = FACE_BOUND('',#5799,.T.);
#5799 = EDGE_LOOP('',(#5800,#5801,#5824,#5845));
#5800 = ORIENTED_EDGE('',*,*,#5776,.T.);
#5801 = ORIENTED_EDGE('',*,*,#5802,.T.);
#5802 = EDGE_CURVE('',#5749,#5803,#5805,.T.);
#5803 = VERTEX_POINT('',#5804);
#5804 = CARTESIAN_POINT('',(50.45,1.5,31.));
#5805 = SURFACE_CURVE('',#5806,(#5810,#5817),.PCURVE_S1.);
#5806 = LINE('',#5807,#5808);
#5807 = CARTESIAN_POINT('',(50.45,1.5,25.));
#5808 = VECTOR('',#5809,1.);
#5809 = DIRECTION('',(0.,0.,1.));
#5810 = PCURVE('',#5247,#5811);
#5811 = DEFINITIONAL_REPRESENTATION('',(#5812),#5816);
#5812 = LINE('',#5813,#5814);
#5813 = CARTESIAN_POINT('',(0.,-7.));
#5814 = VECTOR('',#5815,1.);
#5815 = DIRECTION('',(1.,0.));
#5816 = ( GEOMETRIC_REPRESENTATION_CONTEXT(2) 
PARAMETRIC_REPRESENTATION_CONTEXT() REPRESENTATION_CONTEXT('2D SPACE',''
  ) );
#5817 = PCURVE('',#5764,#5818);
#5818 = DEFINITIONAL_REPRESENTATION('',(#5819),#5823);
#5819 = LINE('',#5820,#5821);
#5820 = CARTESIAN_POINT('',(-3.,-1.5));
#5821 = VECTOR('',#5822,1.);
#5822 = DIRECTION('',(1.,0.));
#5823 = ( GEOMETRIC_REPRESENTATION_CONTEXT(2) 
PARAMETRIC_REPRESENTATION_CONTEXT() REPRESENTATION_CONTEXT('2D SPACE',''
  ) );
#5824 = ORIENTED_EDGE('',*,*,#5825,.F.);
#5825 = EDGE_CURVE('',#5206,#5803,#5826,.T.);
#5826 = SURFACE_CURVE('',#5827,(#5831,#5838),.PCURVE_S1.);
#5827 = LINE('',#5828,#5829);
#5828 = CARTESIAN_POINT('',(43.45,1.5,31.));
#5829 = VECTOR('',#5830,1.);
#5830 = DIRECTION('',(1.,0.,0.));
#5831 = PCURVE('',#5247,#5832);
#5832 = DEFINITIONAL_REPRESENTATION('',(#5833),#5837);
#5833 = LINE('',#5834,#5835);
#5834 = CARTESIAN_POINT('',(6.,0.));
#5835 = VECTOR('',#5836,1.);
#5836 = DIRECTION('',(0.,-1.));
#5837 = ( GEOMETRIC_REPRESENTATION_CONTEXT(2) 
PARAMETRIC_REPRESENTATION_CONTEXT() REPRESENTATION_CONTEXT('2D SPACE',''
  ) );
#5838 = PCURVE('',#5221,#5839);
#5839 = DEFINITIONAL_REPRESENTATION('',(#5840),#5844);
#5840 = LINE('',#5841,#5842);
#5841 = CARTESIAN_POINT('',(0.,-0.));
#5842 = VECTOR('',#5843,1.);
#5843 = DIRECTION('',(0.,-1.));
#5844 = ( GEOMETRIC_REPRESENTATION_CONTEXT(2) 
PARAMETRIC_REPRESENTATION_CONTEXT() REPRESENTATION_CONTEXT('2D SPACE',''
  ) );
#5845 = ORIENTED_EDGE('',*,*,#5233,.F.);
#5846 = ADVANCED_FACE('',(#5847),#5221,.T.);
#5847 = FACE_BOUND('',#5848,.T.);
#5848 = EDGE_LOOP('',(#5849,#5850,#5873,#5894));
#5849 = ORIENTED_EDGE('',*,*,#5825,.T.);
#5850 = ORIENTED_EDGE('',*,*,#5851,.T.);
#5851 = EDGE_CURVE('',#5803,#5852,#5854,.T.);
#5852 = VERTEX_POINT('',#5853);
#5853 = CARTESIAN_POINT('',(50.45,-1.5,31.));
#5854 = SURFACE_CURVE('',#5855,(#5859,#5866),.PCURVE_S1.);
#5855 = LINE('',#5856,#5857);
#5856 = CARTESIAN_POINT('',(50.45,1.5,31.));
#5857 = VECTOR('',#5858,1.);
#5858 = DIRECTION('',(0.,-1.,0.));
#5859 = PCURVE('',#5221,#5860);
#5860 = DEFINITIONAL_REPRESENTATION('',(#5861),#5865);
#5861 = LINE('',#5862,#5863);
#5862 = CARTESIAN_POINT('',(0.,-7.));
#5863 = VECTOR('',#5864,1.);
#5864 = DIRECTION('',(1.,0.));
#5865 = ( GEOMETRIC_REPRESENTATION_CONTEXT(2) 
PARAMETRIC_REPRESENTATION_CONTEXT() REPRESENTATION_CONTEXT('2D SPACE',''
  ) );
#5866 = PCURVE('',#5764,#5867);
#5867 = DEFINITIONAL_REPRESENTATION('',(#5868),#5872);
#5868 = LINE('',#5869,#5870);
#5869 = CARTESIAN_POINT('',(3.,-1.5));
#5870 = VECTOR('',#5871,1.);
#5871 = DIRECTION('',(0.,1.));
#5872 = ( GEOMETRIC_REPRESENTATION_CONTEXT(2) 
PARAMETRIC_REPRESENTATION_CONTEXT() REPRESENTATION_CONTEXT('2D SPACE',''
  ) );
#5873 = ORIENTED_EDGE('',*,*,#5874,.F.);
#5874 = EDGE_CURVE('',#5178,#5852,#5875,.T.);
#5875 = SURFACE_CURVE('',#5876,(#5880,#5887),.PCURVE_S1.);
#5876 = LINE('',#5877,#5878);
#5877 = CARTESIAN_POINT('',(43.45,-1.5,31.));
#5878 = VECTOR('',#5879,1.);
#5879 = DIRECTION('',(1.,0.,0.));
#5880 = PCURVE('',#5221,#5881);
#5881 = DEFINITIONAL_REPRESENTATION('',(#5882),#5886);
#5882 = LINE('',#5883,#5884);
#5883 = CARTESIAN_POINT('',(3.,0.));
#5884 = VECTOR('',#5885,1.);
#5885 = DIRECTION('',(0.,-1.));
#5886 = ( GEOMETRIC_REPRESENTATION_CONTEXT(2) 
PARAMETRIC_REPRESENTATION_CONTEXT() REPRESENTATION_CONTEXT('2D SPACE',''
  ) );
#5887 = PCURVE('',#5193,#5888);
#5888 = DEFINITIONAL_REPRESENTATION('',(#5889),#5893);
#5889 = LINE('',#5890,#5891);
#5890 = CARTESIAN_POINT('',(0.,0.));
#5891 = VECTOR('',#5892,1.);
#5892 = DIRECTION('',(0.,-1.));
#5893 = ( GEOMETRIC_REPRESENTATION_CONTEXT(2) 
PARAMETRIC_REPRESENTATION_CONTEXT() REPRESENTATION_CONTEXT('2D SPACE',''
  ) );
#5894 = ORIENTED_EDGE('',*,*,#5205,.F.);
#5895 = ADVANCED_FACE('',(#5896),#5193,.T.);
#5896 = FACE_BOUND('',#5897,.T.);
#5897 = EDGE_LOOP('',(#5898,#5899,#5920,#5921));
#5898 = ORIENTED_EDGE('',*,*,#5874,.T.);
#5899 = ORIENTED_EDGE('',*,*,#5900,.T.);
#5900 = EDGE_CURVE('',#5852,#5726,#5901,.T.);
#5901 = SURFACE_CURVE('',#5902,(#5906,#5913),.PCURVE_S1.);
#5902 = LINE('',#5903,#5904);
#5903 = CARTESIAN_POINT('',(50.45,-1.5,31.));
#5904 = VECTOR('',#5905,1.);
#5905 = DIRECTION('',(0.,0.,-1.));
#5906 = PCURVE('',#5193,#5907);
#5907 = DEFINITIONAL_REPRESENTATION('',(#5908),#5912);
#5908 = LINE('',#5909,#5910);
#5909 = CARTESIAN_POINT('',(0.,-7.));
#5910 = VECTOR('',#5911,1.);
#5911 = DIRECTION('',(1.,0.));
#5912 = ( GEOMETRIC_REPRESENTATION_CONTEXT(2) 
PARAMETRIC_REPRESENTATION_CONTEXT() REPRESENTATION_CONTEXT('2D SPACE',''
  ) );
#5913 = PCURVE('',#5764,#5914);
#5914 = DEFINITIONAL_REPRESENTATION('',(#5915),#5919);
#5915 = LINE('',#5916,#5917);
#5916 = CARTESIAN_POINT('',(3.,1.5));
#5917 = VECTOR('',#5918,1.);
#5918 = DIRECTION('',(-1.,0.));
#5919 = ( GEOMETRIC_REPRESENTATION_CONTEXT(2) 
PARAMETRIC_REPRESENTATION_CONTEXT() REPRESENTATION_CONTEXT('2D SPACE',''
  ) );
#5920 = ORIENTED_EDGE('',*,*,#5725,.F.);
#5921 = ORIENTED_EDGE('',*,*,#5177,.F.);
#5922 = ADVANCED_FACE('',(#5923),#5328,.T.);
#5923 = FACE_BOUND('',#5924,.F.);
#5924 = EDGE_LOOP('',(#5925,#5947,#5970,#5997));
#5925 = ORIENTED_EDGE('',*,*,#5926,.F.);
#5926 = EDGE_CURVE('',#5615,#5290,#5927,.T.);
#5927 = SURFACE_CURVE('',#5928,(#5933,#5940),.PCURVE_S1.);
#5928 = CIRCLE('',#5929,1.5);
#5929 = AXIS2_PLACEMENT_3D('',#5930,#5931,#5932);
#5930 = CARTESIAN_POINT('',(44.95,-18.5,36.57));
#5931 = DIRECTION('',(1.,-6.123233995737E-17,0.));
#5932 = DIRECTION('',(-6.123233995737E-17,-1.,0.));
#5933 = PCURVE('',#5328,#5934);
#5934 = DEFINITIONAL_REPRESENTATION('',(#5935),#5939);
#5935 = LINE('',#5936,#5937);
#5936 = CARTESIAN_POINT('',(-6.28318530718,1.5));
#5937 = VECTOR('',#5938,1.);
#5938 = DIRECTION('',(1.,-0.));
#5939 = ( GEOMETRIC_REPRESENTATION_CONTEXT(2) 
PARAMETRIC_REPRESENTATION_CONTEXT() REPRESENTATION_CONTEXT('2D SPACE',''
  ) );
#5940 = PCURVE('',#5599,#5941);
#5941 = DEFINITIONAL_REPRESENTATION('',(#5942),#5946);
#5942 = LINE('',#5943,#5944);
#5943 = CARTESIAN_POINT('',(-1.570796326795,-6.28318530718));
#5944 = VECTOR('',#5945,1.);
#5945 = DIRECTION('',(-0.,1.));
#5946 = ( GEOMETRIC_REPRESENTATION_CONTEXT(2) 
PARAMETRIC_REPRESENTATION_CONTEXT() REPRESENTATION_CONTEXT('2D SPACE',''
  ) );
#5947 = ORIENTED_EDGE('',*,*,#5948,.T.);
#5948 = EDGE_CURVE('',#5615,#5949,#5951,.T.);
#5949 = VERTEX_POINT('',#5950);
#5950 = CARTESIAN_POINT('',(93.05,-18.5,38.07));
#5951 = SURFACE_CURVE('',#5952,(#5956,#5963),.PCURVE_S1.);
#5952 = LINE('',#5953,#5954);
#5953 = CARTESIAN_POINT('',(43.45,-18.5,38.07));
#5954 = VECTOR('',#5955,1.);
#5955 = DIRECTION('',(1.,0.,0.));
#5956 = PCURVE('',#5328,#5957);
#5957 = DEFINITIONAL_REPRESENTATION('',(#5958),#5962);
#5958 = LINE('',#5959,#5960);
#5959 = CARTESIAN_POINT('',(-1.570796326795,0.));
#5960 = VECTOR('',#5961,1.);
#5961 = DIRECTION('',(-0.,1.));
#5962 = ( GEOMETRIC_REPRESENTATION_CONTEXT(2) 
PARAMETRIC_REPRESENTATION_CONTEXT() REPRESENTATION_CONTEXT('2D SPACE',''
  ) );
#5963 = PCURVE('',#5654,#5964);
#5964 = DEFINITIONAL_REPRESENTATION('',(#5965),#5969);
#5965 = LINE('',#5966,#5967);
#5966 = CARTESIAN_POINT('',(0.,1.5));
#5967 = VECTOR('',#5968,1.);
#5968 = DIRECTION('',(1.,0.));
#5969 = ( GEOMETRIC_REPRESENTATION_CONTEXT(2) 
PARAMETRIC_REPRESENTATION_CONTEXT() REPRESENTATION_CONTEXT('2D SPACE',''
  ) );
#5970 = ORIENTED_EDGE('',*,*,#5971,.T.);
#5971 = EDGE_CURVE('',#5949,#5313,#5972,.T.);
#5972 = SURFACE_CURVE('',#5973,(#5978,#5985),.PCURVE_S1.);
#5973 = CIRCLE('',#5974,1.5);
#5974 = AXIS2_PLACEMENT_3D('',#5975,#5976,#5977);
#5975 = CARTESIAN_POINT('',(93.05,-18.5,36.57));
#5976 = DIRECTION('',(1.,6.123233995737E-17,0.));
#5977 = DIRECTION('',(6.123233995737E-17,-1.,0.));
#5978 = PCURVE('',#5328,#5979);
#5979 = DEFINITIONAL_REPRESENTATION('',(#5980),#5984);
#5980 = LINE('',#5981,#5982);
#5981 = CARTESIAN_POINT('',(-6.28318530718,49.6));
#5982 = VECTOR('',#5983,1.);
#5983 = DIRECTION('',(1.,-0.));
#5984 = ( GEOMETRIC_REPRESENTATION_CONTEXT(2) 
PARAMETRIC_REPRESENTATION_CONTEXT() REPRESENTATION_CONTEXT('2D SPACE',''
  ) );
#5985 = PCURVE('',#5986,#5991);
#5986 = SPHERICAL_SURFACE('',#5987,1.5);
#5987 = AXIS2_PLACEMENT_3D('',#5988,#5989,#5990);
#5988 = CARTESIAN_POINT('',(93.05,-18.5,36.57));
#5989 = DIRECTION('',(-0.,-0.,-1.));
#5990 = DIRECTION('',(1.,0.,0.));
#5991 = DEFINITIONAL_REPRESENTATION('',(#5992),#5996);
#5992 = LINE('',#5993,#5994);
#5993 = CARTESIAN_POINT('',(1.570796326795,-6.28318530718));
#5994 = VECTOR('',#5995,1.);
#5995 = DIRECTION('',(0.,1.));
#5996 = ( GEOMETRIC_REPRESENTATION_CONTEXT(2) 
PARAMETRIC_REPRESENTATION_CONTEXT() REPRESENTATION_CONTEXT('2D SPACE',''
  ) );
#5997 = ORIENTED_EDGE('',*,*,#5312,.F.);
#5998 = ADVANCED_FACE('',(#5999),#5354,.T.);
#5999 = FACE_BOUND('',#6000,.F.);
#6000 = EDGE_LOOP('',(#6001,#6002,#6003,#6004));
#6001 = ORIENTED_EDGE('',*,*,#5505,.F.);
#6002 = ORIENTED_EDGE('',*,*,#5372,.T.);
#6003 = ORIENTED_EDGE('',*,*,#5340,.T.);
#6004 = ORIENTED_EDGE('',*,*,#6005,.F.);
#6005 = EDGE_CURVE('',#5506,#5313,#6006,.T.);
#6006 = SURFACE_CURVE('',#6007,(#6012,#6019),.PCURVE_S1.);
#6007 = CIRCLE('',#6008,1.5);
#6008 = AXIS2_PLACEMENT_3D('',#6009,#6010,#6011);
#6009 = CARTESIAN_POINT('',(93.05,-18.5,36.57));
#6010 = DIRECTION('',(0.,0.,-1.));
#6011 = DIRECTION('',(1.,0.,0.));
#6012 = PCURVE('',#5354,#6013);
#6013 = DEFINITIONAL_REPRESENTATION('',(#6014),#6018);
#6014 = LINE('',#6015,#6016);
#6015 = CARTESIAN_POINT('',(-0.,18.64));
#6016 = VECTOR('',#6017,1.);
#6017 = DIRECTION('',(-1.,0.));
#6018 = ( GEOMETRIC_REPRESENTATION_CONTEXT(2) 
PARAMETRIC_REPRESENTATION_CONTEXT() REPRESENTATION_CONTEXT('2D SPACE',''
  ) );
#6019 = PCURVE('',#5986,#6020);
#6020 = DEFINITIONAL_REPRESENTATION('',(#6021),#6025);
#6021 = LINE('',#6022,#6023);
#6022 = CARTESIAN_POINT('',(0.,0.));
#6023 = VECTOR('',#6024,1.);
#6024 = DIRECTION('',(1.,0.));
#6025 = ( GEOMETRIC_REPRESENTATION_CONTEXT(2) 
PARAMETRIC_REPRESENTATION_CONTEXT() REPRESENTATION_CONTEXT('2D SPACE',''
  ) );
#6026 = ADVANCED_FACE('',(#6027),#5436,.T.);
#6027 = FACE_BOUND('',#6028,.T.);
#6028 = EDGE_LOOP('',(#6029,#6051,#6074,#6101));
#6029 = ORIENTED_EDGE('',*,*,#6030,.T.);
#6030 = EDGE_CURVE('',#5398,#5639,#6031,.T.);
#6031 = SURFACE_CURVE('',#6032,(#6037,#6044),.PCURVE_S1.);
#6032 = CIRCLE('',#6033,1.5);
#6033 = AXIS2_PLACEMENT_3D('',#6034,#6035,#6036);
#6034 = CARTESIAN_POINT('',(44.95,18.5,36.57));
#6035 = DIRECTION('',(1.,0.,6.123233995737E-17));
#6036 = DIRECTION('',(-6.123233995737E-17,0.,1.));
#6037 = PCURVE('',#5436,#6038);
#6038 = DEFINITIONAL_REPRESENTATION('',(#6039),#6043);
#6039 = LINE('',#6040,#6041);
#6040 = CARTESIAN_POINT('',(-4.712388980385,1.5));
#6041 = VECTOR('',#6042,1.);
#6042 = DIRECTION('',(1.,0.));
#6043 = ( GEOMETRIC_REPRESENTATION_CONTEXT(2) 
PARAMETRIC_REPRESENTATION_CONTEXT() REPRESENTATION_CONTEXT('2D SPACE',''
  ) );
#6044 = PCURVE('',#5681,#6045);
#6045 = DEFINITIONAL_REPRESENTATION('',(#6046),#6050);
#6046 = LINE('',#6047,#6048);
#6047 = CARTESIAN_POINT('',(-1.570796326795,-6.28318530718));
#6048 = VECTOR('',#6049,1.);
#6049 = DIRECTION('',(-0.,1.));
#6050 = ( GEOMETRIC_REPRESENTATION_CONTEXT(2) 
PARAMETRIC_REPRESENTATION_CONTEXT() REPRESENTATION_CONTEXT('2D SPACE',''
  ) );
#6051 = ORIENTED_EDGE('',*,*,#6052,.T.);
#6052 = EDGE_CURVE('',#5639,#6053,#6055,.T.);
#6053 = VERTEX_POINT('',#6054);
#6054 = CARTESIAN_POINT('',(93.05,18.5,38.07));
#6055 = SURFACE_CURVE('',#6056,(#6060,#6067),.PCURVE_S1.);
#6056 = LINE('',#6057,#6058);
#6057 = CARTESIAN_POINT('',(43.45,18.5,38.07));
#6058 = VECTOR('',#6059,1.);
#6059 = DIRECTION('',(1.,0.,0.));
#6060 = PCURVE('',#5436,#6061);
#6061 = DEFINITIONAL_REPRESENTATION('',(#6062),#6066);
#6062 = LINE('',#6063,#6064);
#6063 = CARTESIAN_POINT('',(1.570796326795,0.));
#6064 = VECTOR('',#6065,1.);
#6065 = DIRECTION('',(0.,1.));
#6066 = ( GEOMETRIC_REPRESENTATION_CONTEXT(2) 
PARAMETRIC_REPRESENTATION_CONTEXT() REPRESENTATION_CONTEXT('2D SPACE',''
  ) );
#6067 = PCURVE('',#5654,#6068);
#6068 = DEFINITIONAL_REPRESENTATION('',(#6069),#6073);
#6069 = LINE('',#6070,#6071);
#6070 = CARTESIAN_POINT('',(0.,38.5));
#6071 = VECTOR('',#6072,1.);
#6072 = DIRECTION('',(1.,0.));
#6073 = ( GEOMETRIC_REPRESENTATION_CONTEXT(2) 
PARAMETRIC_REPRESENTATION_CONTEXT() REPRESENTATION_CONTEXT('2D SPACE',''
  ) );
#6074 = ORIENTED_EDGE('',*,*,#6075,.F.);
#6075 = EDGE_CURVE('',#5421,#6053,#6076,.T.);
#6076 = SURFACE_CURVE('',#6077,(#6082,#6089),.PCURVE_S1.);
#6077 = CIRCLE('',#6078,1.5);
#6078 = AXIS2_PLACEMENT_3D('',#6079,#6080,#6081);
#6079 = CARTESIAN_POINT('',(93.05,18.5,36.57));
#6080 = DIRECTION('',(1.,0.,-6.123233995737E-17));
#6081 = DIRECTION('',(6.123233995737E-17,0.,1.));
#6082 = PCURVE('',#5436,#6083);
#6083 = DEFINITIONAL_REPRESENTATION('',(#6084),#6088);
#6084 = LINE('',#6085,#6086);
#6085 = CARTESIAN_POINT('',(-4.712388980385,49.6));
#6086 = VECTOR('',#6087,1.);
#6087 = DIRECTION('',(1.,0.));
#6088 = ( GEOMETRIC_REPRESENTATION_CONTEXT(2) 
PARAMETRIC_REPRESENTATION_CONTEXT() REPRESENTATION_CONTEXT('2D SPACE',''
  ) );
#6089 = PCURVE('',#6090,#6095);
#6090 = SPHERICAL_SURFACE('',#6091,1.5);
#6091 = AXIS2_PLACEMENT_3D('',#6092,#6093,#6094);
#6092 = CARTESIAN_POINT('',(93.05,18.5,36.57));
#6093 = DIRECTION('',(-0.,-1.,-0.));
#6094 = DIRECTION('',(1.,-0.,0.));
#6095 = DEFINITIONAL_REPRESENTATION('',(#6096),#6100);
#6096 = LINE('',#6097,#6098);
#6097 = CARTESIAN_POINT('',(1.570796326795,-6.28318530718));
#6098 = VECTOR('',#6099,1.);
#6099 = DIRECTION('',(0.,1.));
#6100 = ( GEOMETRIC_REPRESENTATION_CONTEXT(2) 
PARAMETRIC_REPRESENTATION_CONTEXT() REPRESENTATION_CONTEXT('2D SPACE',''
  ) );
#6101 = ORIENTED_EDGE('',*,*,#5420,.F.);
#6102 = ADVANCED_FACE('',(#6103),#5462,.T.);
#6103 = FACE_BOUND('',#6104,.T.);
#6104 = EDGE_LOOP('',(#6105,#6106,#6107,#6108));
#6105 = ORIENTED_EDGE('',*,*,#5529,.F.);
#6106 = ORIENTED_EDGE('',*,*,#5480,.T.);
#6107 = ORIENTED_EDGE('',*,*,#5448,.T.);
#6108 = ORIENTED_EDGE('',*,*,#6109,.T.);
#6109 = EDGE_CURVE('',#5421,#5530,#6110,.T.);
#6110 = SURFACE_CURVE('',#6111,(#6116,#6123),.PCURVE_S1.);
#6111 = CIRCLE('',#6112,1.5);
#6112 = AXIS2_PLACEMENT_3D('',#6113,#6114,#6115);
#6113 = CARTESIAN_POINT('',(93.05,18.5,36.57));
#6114 = DIRECTION('',(0.,0.,-1.));
#6115 = DIRECTION('',(1.,0.,0.));
#6116 = PCURVE('',#5462,#6117);
#6117 = DEFINITIONAL_REPRESENTATION('',(#6118),#6122);
#6118 = LINE('',#6119,#6120);
#6119 = CARTESIAN_POINT('',(6.28318530718,18.64));
#6120 = VECTOR('',#6121,1.);
#6121 = DIRECTION('',(-1.,-0.));
#6122 = ( GEOMETRIC_REPRESENTATION_CONTEXT(2) 
PARAMETRIC_REPRESENTATION_CONTEXT() REPRESENTATION_CONTEXT('2D SPACE',''
  ) );
#6123 = PCURVE('',#6090,#6124);
#6124 = DEFINITIONAL_REPRESENTATION('',(#6125),#6129);
#6125 = LINE('',#6126,#6127);
#6126 = CARTESIAN_POINT('',(0.,-6.28318530718));
#6127 = VECTOR('',#6128,1.);
#6128 = DIRECTION('',(0.,1.));
#6129 = ( GEOMETRIC_REPRESENTATION_CONTEXT(2) 
PARAMETRIC_REPRESENTATION_CONTEXT() REPRESENTATION_CONTEXT('2D SPACE',''
  ) );
#6130 = ADVANCED_FACE('',(#6131),#5566,.T.);
#6131 = FACE_BOUND('',#6132,.F.);
#6132 = EDGE_LOOP('',(#6133,#6155,#6176,#6198));
#6133 = ORIENTED_EDGE('',*,*,#6134,.F.);
#6134 = EDGE_CURVE('',#5949,#5506,#6135,.T.);
#6135 = SURFACE_CURVE('',#6136,(#6141,#6148),.PCURVE_S1.);
#6136 = CIRCLE('',#6137,1.5);
#6137 = AXIS2_PLACEMENT_3D('',#6138,#6139,#6140);
#6138 = CARTESIAN_POINT('',(93.05,-18.5,36.57));
#6139 = DIRECTION('',(-0.,1.,0.));
#6140 = DIRECTION('',(1.,0.,0.));
#6141 = PCURVE('',#5566,#6142);
#6142 = DEFINITIONAL_REPRESENTATION('',(#6143),#6147);
#6143 = LINE('',#6144,#6145);
#6144 = CARTESIAN_POINT('',(-6.28318530718,1.5));
#6145 = VECTOR('',#6146,1.);
#6146 = DIRECTION('',(1.,-0.));
#6147 = ( GEOMETRIC_REPRESENTATION_CONTEXT(2) 
PARAMETRIC_REPRESENTATION_CONTEXT() REPRESENTATION_CONTEXT('2D SPACE',''
  ) );
#6148 = PCURVE('',#5986,#6149);
#6149 = DEFINITIONAL_REPRESENTATION('',(#6150),#6154);
#6150 = LINE('',#6151,#6152);
#6151 = CARTESIAN_POINT('',(0.,-6.28318530718));
#6152 = VECTOR('',#6153,1.);
#6153 = DIRECTION('',(0.,1.));
#6154 = ( GEOMETRIC_REPRESENTATION_CONTEXT(2) 
PARAMETRIC_REPRESENTATION_CONTEXT() REPRESENTATION_CONTEXT('2D SPACE',''
  ) );
#6155 = ORIENTED_EDGE('',*,*,#6156,.T.);
#6156 = EDGE_CURVE('',#5949,#6053,#6157,.T.);
#6157 = SURFACE_CURVE('',#6158,(#6162,#6169),.PCURVE_S1.);
#6158 = LINE('',#6159,#6160);
#6159 = CARTESIAN_POINT('',(93.05,-20.,38.07));
#6160 = VECTOR('',#6161,1.);
#6161 = DIRECTION('',(0.,1.,0.));
#6162 = PCURVE('',#5566,#6163);
#6163 = DEFINITIONAL_REPRESENTATION('',(#6164),#6168);
#6164 = LINE('',#6165,#6166);
#6165 = CARTESIAN_POINT('',(-1.570796326795,0.));
#6166 = VECTOR('',#6167,1.);
#6167 = DIRECTION('',(-0.,1.));
#6168 = ( GEOMETRIC_REPRESENTATION_CONTEXT(2) 
PARAMETRIC_REPRESENTATION_CONTEXT() REPRESENTATION_CONTEXT('2D SPACE',''
  ) );
#6169 = PCURVE('',#5654,#6170);
#6170 = DEFINITIONAL_REPRESENTATION('',(#6171),#6175);
#6171 = LINE('',#6172,#6173);
#6172 = CARTESIAN_POINT('',(49.6,0.));
#6173 = VECTOR('',#6174,1.);
#6174 = DIRECTION('',(0.,1.));
#6175 = ( GEOMETRIC_REPRESENTATION_CONTEXT(2) 
PARAMETRIC_REPRESENTATION_CONTEXT() REPRESENTATION_CONTEXT('2D SPACE',''
  ) );
#6176 = ORIENTED_EDGE('',*,*,#6177,.F.);
#6177 = EDGE_CURVE('',#5530,#6053,#6178,.T.);
#6178 = SURFACE_CURVE('',#6179,(#6184,#6191),.PCURVE_S1.);
#6179 = CIRCLE('',#6180,1.5);
#6180 = AXIS2_PLACEMENT_3D('',#6181,#6182,#6183);
#6181 = CARTESIAN_POINT('',(93.05,18.5,36.57));
#6182 = DIRECTION('',(-0.,-1.,0.));
#6183 = DIRECTION('',(1.,-0.,0.));
#6184 = PCURVE('',#5566,#6185);
#6185 = DEFINITIONAL_REPRESENTATION('',(#6186),#6190);
#6186 = LINE('',#6187,#6188);
#6187 = CARTESIAN_POINT('',(-0.,38.5));
#6188 = VECTOR('',#6189,1.);
#6189 = DIRECTION('',(-1.,0.));
#6190 = ( GEOMETRIC_REPRESENTATION_CONTEXT(2) 
PARAMETRIC_REPRESENTATION_CONTEXT() REPRESENTATION_CONTEXT('2D SPACE',''
  ) );
#6191 = PCURVE('',#6090,#6192);
#6192 = DEFINITIONAL_REPRESENTATION('',(#6193),#6197);
#6193 = LINE('',#6194,#6195);
#6194 = CARTESIAN_POINT('',(0.,0.));
#6195 = VECTOR('',#6196,1.);
#6196 = DIRECTION('',(1.,0.));
#6197 = ( GEOMETRIC_REPRESENTATION_CONTEXT(2) 
PARAMETRIC_REPRESENTATION_CONTEXT() REPRESENTATION_CONTEXT('2D SPACE',''
  ) );
#6198 = ORIENTED_EDGE('',*,*,#5552,.F.);
#6199 = ADVANCED_FACE('',(#6200),#5599,.T.);
#6200 = FACE_BOUND('',#6201,.F.);
#6201 = EDGE_LOOP('',(#6202,#6203,#6204));
#6202 = ORIENTED_EDGE('',*,*,#5614,.F.);
#6203 = ORIENTED_EDGE('',*,*,#5926,.T.);
#6204 = ORIENTED_EDGE('',*,*,#5584,.F.);
#6205 = ADVANCED_FACE('',(#6206,#6212),#5654,.T.);
#6206 = FACE_BOUND('',#6207,.T.);
#6207 = EDGE_LOOP('',(#6208,#6209,#6210,#6211));
#6208 = ORIENTED_EDGE('',*,*,#5638,.F.);
#6209 = ORIENTED_EDGE('',*,*,#5948,.T.);
#6210 = ORIENTED_EDGE('',*,*,#6156,.T.);
#6211 = ORIENTED_EDGE('',*,*,#6052,.F.);
#6212 = FACE_BOUND('',#6213,.T.);
#6213 = EDGE_LOOP('',(#6214));
#6214 = ORIENTED_EDGE('',*,*,#6215,.F.);
#6215 = EDGE_CURVE('',#6216,#6216,#6218,.T.);
#6216 = VERTEX_POINT('',#6217);
#6217 = CARTESIAN_POINT('',(85.5,0.,38.07));
#6218 = SURFACE_CURVE('',#6219,(#6224,#6231),.PCURVE_S1.);
#6219 = CIRCLE('',#6220,16.5);
#6220 = AXIS2_PLACEMENT_3D('',#6221,#6222,#6223);
#6221 = CARTESIAN_POINT('',(69.,0.,38.07));
#6222 = DIRECTION('',(0.,0.,1.));
#6223 = DIRECTION('',(1.,0.,0.));
#6224 = PCURVE('',#5654,#6225);
#6225 = DEFINITIONAL_REPRESENTATION('',(#6226),#6230);
#6226 = CIRCLE('',#6227,16.5);
#6227 = AXIS2_PLACEMENT_2D('',#6228,#6229);
#6228 = CARTESIAN_POINT('',(25.55,20.));
#6229 = DIRECTION('',(1.,0.));
#6230 = ( GEOMETRIC_REPRESENTATION_CONTEXT(2) 
PARAMETRIC_REPRESENTATION_CONTEXT() REPRESENTATION_CONTEXT('2D SPACE',''
  ) );
#6231 = PCURVE('',#6232,#6237);
#6232 = CYLINDRICAL_SURFACE('',#6233,16.5);
#6233 = AXIS2_PLACEMENT_3D('',#6234,#6235,#6236);
#6234 = CARTESIAN_POINT('',(69.,0.,38.07));
#6235 = DIRECTION('',(-0.,-0.,-1.));
#6236 = DIRECTION('',(1.,0.,0.));
#6237 = DEFINITIONAL_REPRESENTATION('',(#6238),#6242);
#6238 = LINE('',#6239,#6240);
#6239 = CARTESIAN_POINT('',(-0.,0.));
#6240 = VECTOR('',#6241,1.);
#6241 = DIRECTION('',(-1.,0.));
#6242 = ( GEOMETRIC_REPRESENTATION_CONTEXT(2) 
PARAMETRIC_REPRESENTATION_CONTEXT() REPRESENTATION_CONTEXT('2D SPACE',''
  ) );
#6243 = ADVANCED_FACE('',(#6244),#5681,.T.);
#6244 = FACE_BOUND('',#6245,.F.);
#6245 = EDGE_LOOP('',(#6246,#6247,#6248));
#6246 = ORIENTED_EDGE('',*,*,#5700,.F.);
#6247 = ORIENTED_EDGE('',*,*,#6030,.T.);
#6248 = ORIENTED_EDGE('',*,*,#5666,.F.);
#6249 = ADVANCED_FACE('',(#6250),#5764,.F.);
#6250 = FACE_BOUND('',#6251,.F.);
#6251 = EDGE_LOOP('',(#6252,#6253,#6254,#6255));
#6252 = ORIENTED_EDGE('',*,*,#5748,.T.);
#6253 = ORIENTED_EDGE('',*,*,#5802,.T.);
#6254 = ORIENTED_EDGE('',*,*,#5851,.T.);
#6255 = ORIENTED_EDGE('',*,*,#5900,.T.);
#6256 = ADVANCED_FACE('',(#6257),#5986,.T.);
#6257 = FACE_BOUND('',#6258,.T.);
#6258 = EDGE_LOOP('',(#6259,#6260,#6261));
#6259 = ORIENTED_EDGE('',*,*,#6134,.F.);
#6260 = ORIENTED_EDGE('',*,*,#5971,.T.);
#6261 = ORIENTED_EDGE('',*,*,#6005,.F.);
#6262 = ADVANCED_FACE('',(#6263),#6090,.T.);
#6263 = FACE_BOUND('',#6264,.T.);
#6264 = EDGE_LOOP('',(#6265,#6266,#6267));
#6265 = ORIENTED_EDGE('',*,*,#6109,.F.);
#6266 = ORIENTED_EDGE('',*,*,#6075,.T.);
#6267 = ORIENTED_EDGE('',*,*,#6177,.F.);
#6268 = ADVANCED_FACE('',(#6269),#6232,.T.);
#6269 = FACE_BOUND('',#6270,.F.);
#6270 = EDGE_LOOP('',(#6271,#6294,#6321,#6322));
#6271 = ORIENTED_EDGE('',*,*,#6272,.T.);
#6272 = EDGE_CURVE('',#6216,#6273,#6275,.T.);
#6273 = VERTEX_POINT('',#6274);
#6274 = CARTESIAN_POINT('',(85.5,0.,39.57));
#6275 = SEAM_CURVE('',#6276,(#6280,#6287),.PCURVE_S1.);
#6276 = LINE('',#6277,#6278);
#6277 = CARTESIAN_POINT('',(85.5,0.,38.07));
#6278 = VECTOR('',#6279,1.);
#6279 = DIRECTION('',(0.,0.,1.));
#6280 = PCURVE('',#6232,#6281);
#6281 = DEFINITIONAL_REPRESENTATION('',(#6282),#6286);
#6282 = LINE('',#6283,#6284);
#6283 = CARTESIAN_POINT('',(-0.,0.));
#6284 = VECTOR('',#6285,1.);
#6285 = DIRECTION('',(-0.,-1.));
#6286 = ( GEOMETRIC_REPRESENTATION_CONTEXT(2) 
PARAMETRIC_REPRESENTATION_CONTEXT() REPRESENTATION_CONTEXT('2D SPACE',''
  ) );
#6287 = PCURVE('',#6232,#6288);
#6288 = DEFINITIONAL_REPRESENTATION('',(#6289),#6293);
#6289 = LINE('',#6290,#6291);
#6290 = CARTESIAN_POINT('',(-6.28318530718,0.));
#6291 = VECTOR('',#6292,1.);
#6292 = DIRECTION('',(-0.,-1.));
#6293 = ( GEOMETRIC_REPRESENTATION_CONTEXT(2) 
PARAMETRIC_REPRESENTATION_CONTEXT() REPRESENTATION_CONTEXT('2D SPACE',''
  ) );
#6294 = ORIENTED_EDGE('',*,*,#6295,.T.);
#6295 = EDGE_CURVE('',#6273,#6273,#6296,.T.);
#6296 = SURFACE_CURVE('',#6297,(#6302,#6309),.PCURVE_S1.);
#6297 = CIRCLE('',#6298,16.5);
#6298 = AXIS2_PLACEMENT_3D('',#6299,#6300,#6301);
#6299 = CARTESIAN_POINT('',(69.,0.,39.57));
#6300 = DIRECTION('',(0.,0.,1.));
#6301 = DIRECTION('',(1.,0.,0.));
#6302 = PCURVE('',#6232,#6303);
#6303 = DEFINITIONAL_REPRESENTATION('',(#6304),#6308);
#6304 = LINE('',#6305,#6306);
#6305 = CARTESIAN_POINT('',(-0.,-1.5));
#6306 = VECTOR('',#6307,1.);
#6307 = DIRECTION('',(-1.,0.));
#6308 = ( GEOMETRIC_REPRESENTATION_CONTEXT(2) 
PARAMETRIC_REPRESENTATION_CONTEXT() REPRESENTATION_CONTEXT('2D SPACE',''
  ) );
#6309 = PCURVE('',#6310,#6315);
#6310 = PLANE('',#6311);
#6311 = AXIS2_PLACEMENT_3D('',#6312,#6313,#6314);
#6312 = CARTESIAN_POINT('',(69.,-1.055446314829E-17,39.57));
#6313 = DIRECTION('',(0.,0.,1.));
#6314 = DIRECTION('',(1.,0.,-0.));
#6315 = DEFINITIONAL_REPRESENTATION('',(#6316),#6320);
#6316 = CIRCLE('',#6317,16.5);
#6317 = AXIS2_PLACEMENT_2D('',#6318,#6319);
#6318 = CARTESIAN_POINT('',(0.,1.055446314829E-17));
#6319 = DIRECTION('',(1.,0.));
#6320 = ( GEOMETRIC_REPRESENTATION_CONTEXT(2) 
PARAMETRIC_REPRESENTATION_CONTEXT() REPRESENTATION_CONTEXT('2D SPACE',''
  ) );
#6321 = ORIENTED_EDGE('',*,*,#6272,.F.);
#6322 = ORIENTED_EDGE('',*,*,#6215,.F.);
#6323 = ADVANCED_FACE('',(#6324,#6327,#6358,#6389,#6424,#6455,#6486,
    #6517),#6310,.T.);
#6324 = FACE_BOUND('',#6325,.T.);
#6325 = EDGE_LOOP('',(#6326));
#6326 = ORIENTED_EDGE('',*,*,#6295,.T.);
#6327 = FACE_BOUND('',#6328,.T.);
#6328 = EDGE_LOOP('',(#6329));
#6329 = ORIENTED_EDGE('',*,*,#6330,.F.);
#6330 = EDGE_CURVE('',#6331,#6331,#6333,.T.);
#6331 = VERTEX_POINT('',#6332);
#6332 = CARTESIAN_POINT('',(63.75,-10.8253175473,39.57));
#6333 = SURFACE_CURVE('',#6334,(#6339,#6346),.PCURVE_S1.);
#6334 = CIRCLE('',#6335,1.);
#6335 = AXIS2_PLACEMENT_3D('',#6336,#6337,#6338);
#6336 = CARTESIAN_POINT('',(62.75,-10.8253175473,39.57));
#6337 = DIRECTION('',(0.,0.,1.));
#6338 = DIRECTION('',(1.,0.,0.));
#6339 = PCURVE('',#6310,#6340);
#6340 = DEFINITIONAL_REPRESENTATION('',(#6341),#6345);
#6341 = CIRCLE('',#6342,1.);
#6342 = AXIS2_PLACEMENT_2D('',#6343,#6344);
#6343 = CARTESIAN_POINT('',(-6.25,-10.8253175473));
#6344 = DIRECTION('',(1.,0.));
#6345 = ( GEOMETRIC_REPRESENTATION_CONTEXT(2) 
PARAMETRIC_REPRESENTATION_CONTEXT() REPRESENTATION_CONTEXT('2D SPACE',''
  ) );
#6346 = PCURVE('',#6347,#6352);
#6347 = CYLINDRICAL_SURFACE('',#6348,1.);
#6348 = AXIS2_PLACEMENT_3D('',#6349,#6350,#6351);
#6349 = CARTESIAN_POINT('',(62.75,-10.8253175473,39.57));
#6350 = DIRECTION('',(0.,0.,1.));
#6351 = DIRECTION('',(1.,0.,0.));
#6352 = DEFINITIONAL_REPRESENTATION('',(#6353),#6357);
#6353 = LINE('',#6354,#6355);
#6354 = CARTESIAN_POINT('',(0.,0.));
#6355 = VECTOR('',#6356,1.);
#6356 = DIRECTION('',(1.,0.));
#6357 = ( GEOMETRIC_REPRESENTATION_CONTEXT(2) 
PARAMETRIC_REPRESENTATION_CONTEXT() REPRESENTATION_CONTEXT('2D SPACE',''
  ) );
#6358 = FACE_BOUND('',#6359,.T.);
#6359 = EDGE_LOOP('',(#6360));
#6360 = ORIENTED_EDGE('',*,*,#6361,.F.);
#6361 = EDGE_CURVE('',#6362,#6362,#6364,.T.);
#6362 = VERTEX_POINT('',#6363);
#6363 = CARTESIAN_POINT('',(76.25,-10.8253175473,39.57));
#6364 = SURFACE_CURVE('',#6365,(#6370,#6377),.PCURVE_S1.);
#6365 = CIRCLE('',#6366,1.);
#6366 = AXIS2_PLACEMENT_3D('',#6367,#6368,#6369);
#6367 = CARTESIAN_POINT('',(75.25,-10.8253175473,39.57));
#6368 = DIRECTION('',(0.,0.,1.));
#6369 = DIRECTION('',(1.,0.,0.));
#6370 = PCURVE('',#6310,#6371);
#6371 = DEFINITIONAL_REPRESENTATION('',(#6372),#6376);
#6372 = CIRCLE('',#6373,1.);
#6373 = AXIS2_PLACEMENT_2D('',#6374,#6375);
#6374 = CARTESIAN_POINT('',(6.25,-10.8253175473));
#6375 = DIRECTION('',(1.,0.));
#6376 = ( GEOMETRIC_REPRESENTATION_CONTEXT(2) 
PARAMETRIC_REPRESENTATION_CONTEXT() REPRESENTATION_CONTEXT('2D SPACE',''
  ) );
#6377 = PCURVE('',#6378,#6383);
#6378 = CYLINDRICAL_SURFACE('',#6379,1.);
#6379 = AXIS2_PLACEMENT_3D('',#6380,#6381,#6382);
#6380 = CARTESIAN_POINT('',(75.25,-10.8253175473,39.57));
#6381 = DIRECTION('',(0.,0.,1.));
#6382 = DIRECTION('',(1.,0.,0.));
#6383 = DEFINITIONAL_REPRESENTATION('',(#6384),#6388);
#6384 = LINE('',#6385,#6386);
#6385 = CARTESIAN_POINT('',(0.,0.));
#6386 = VECTOR('',#6387,1.);
#6387 = DIRECTION('',(1.,0.));
#6388 = ( GEOMETRIC_REPRESENTATION_CONTEXT(2) 
PARAMETRIC_REPRESENTATION_CONTEXT() REPRESENTATION_CONTEXT('2D SPACE',''
  ) );
#6389 = FACE_BOUND('',#6390,.T.);
#6390 = EDGE_LOOP('',(#6391));
#6391 = ORIENTED_EDGE('',*,*,#6392,.T.);
#6392 = EDGE_CURVE('',#6393,#6393,#6395,.T.);
#6393 = VERTEX_POINT('',#6394);
#6394 = CARTESIAN_POINT('',(72.,0.,39.57));
#6395 = SURFACE_CURVE('',#6396,(#6401,#6412),.PCURVE_S1.);
#6396 = CIRCLE('',#6397,3.);
#6397 = AXIS2_PLACEMENT_3D('',#6398,#6399,#6400);
#6398 = CARTESIAN_POINT('',(69.,0.,39.57));
#6399 = DIRECTION('',(0.,0.,-1.));
#6400 = DIRECTION('',(1.,0.,0.));
#6401 = PCURVE('',#6310,#6402);
#6402 = DEFINITIONAL_REPRESENTATION('',(#6403),#6411);
#6403 = ( BOUNDED_CURVE() B_SPLINE_CURVE(2,(#6404,#6405,#6406,#6407,
#6408,#6409,#6410),.UNSPECIFIED.,.T.,.F.) B_SPLINE_CURVE_WITH_KNOTS((1,2
    ,2,2,2,1),(-2.094395102393,0.,2.094395102393,4.188790204786,
6.28318530718,8.377580409573),.UNSPECIFIED.) CURVE() 
GEOMETRIC_REPRESENTATION_ITEM() RATIONAL_B_SPLINE_CURVE((1.,0.5,1.,0.5,
1.,0.5,1.)) REPRESENTATION_ITEM('') );
#6404 = CARTESIAN_POINT('',(3.,1.055446314829E-17));
#6405 = CARTESIAN_POINT('',(3.,-5.196152422707));
#6406 = CARTESIAN_POINT('',(-1.5,-2.598076211353));
#6407 = CARTESIAN_POINT('',(-6.,-7.242336163401E-16));
#6408 = CARTESIAN_POINT('',(-1.5,2.598076211353));
#6409 = CARTESIAN_POINT('',(3.,5.196152422707));
#6410 = CARTESIAN_POINT('',(3.,1.055446314829E-17));
#6411 = ( GEOMETRIC_REPRESENTATION_CONTEXT(2) 
PARAMETRIC_REPRESENTATION_CONTEXT() REPRESENTATION_CONTEXT('2D SPACE',''
  ) );
#6412 = PCURVE('',#6413,#6418);
#6413 = CYLINDRICAL_SURFACE('',#6414,3.);
#6414 = AXIS2_PLACEMENT_3D('',#6415,#6416,#6417);
#6415 = CARTESIAN_POINT('',(69.,0.,9.93));
#6416 = DIRECTION('',(-0.,-0.,-1.));
#6417 = DIRECTION('',(1.,0.,0.));
#6418 = DEFINITIONAL_REPRESENTATION('',(#6419),#6423);
#6419 = LINE('',#6420,#6421);
#6420 = CARTESIAN_POINT('',(-6.28318530718,-29.64));
#6421 = VECTOR('',#6422,1.);
#6422 = DIRECTION('',(1.,-0.));
#6423 = ( GEOMETRIC_REPRESENTATION_CONTEXT(2) 
PARAMETRIC_REPRESENTATION_CONTEXT() REPRESENTATION_CONTEXT('2D SPACE',''
  ) );
#6424 = FACE_BOUND('',#6425,.T.);
#6425 = EDGE_LOOP('',(#6426));
#6426 = ORIENTED_EDGE('',*,*,#6427,.F.);
#6427 = EDGE_CURVE('',#6428,#6428,#6430,.T.);
#6428 = VERTEX_POINT('',#6429);
#6429 = CARTESIAN_POINT('',(82.5,0.,39.57));
#6430 = SURFACE_CURVE('',#6431,(#6436,#6443),.PCURVE_S1.);
#6431 = CIRCLE('',#6432,1.);
#6432 = AXIS2_PLACEMENT_3D('',#6433,#6434,#6435);
#6433 = CARTESIAN_POINT('',(81.5,0.,39.57));
#6434 = DIRECTION('',(0.,0.,1.));
#6435 = DIRECTION('',(1.,0.,0.));
#6436 = PCURVE('',#6310,#6437);
#6437 = DEFINITIONAL_REPRESENTATION('',(#6438),#6442);
#6438 = CIRCLE('',#6439,1.);
#6439 = AXIS2_PLACEMENT_2D('',#6440,#6441);
#6440 = CARTESIAN_POINT('',(12.5,1.055446314829E-17));
#6441 = DIRECTION('',(1.,0.));
#6442 = ( GEOMETRIC_REPRESENTATION_CONTEXT(2) 
PARAMETRIC_REPRESENTATION_CONTEXT() REPRESENTATION_CONTEXT('2D SPACE',''
  ) );
#6443 = PCURVE('',#6444,#6449);
#6444 = CYLINDRICAL_SURFACE('',#6445,1.);
#6445 = AXIS2_PLACEMENT_3D('',#6446,#6447,#6448);
#6446 = CARTESIAN_POINT('',(81.5,0.,39.57));
#6447 = DIRECTION('',(0.,0.,1.));
#6448 = DIRECTION('',(1.,0.,0.));
#6449 = DEFINITIONAL_REPRESENTATION('',(#6450),#6454);
#6450 = LINE('',#6451,#6452);
#6451 = CARTESIAN_POINT('',(0.,0.));
#6452 = VECTOR('',#6453,1.);
#6453 = DIRECTION('',(1.,0.));
#6454 = ( GEOMETRIC_REPRESENTATION_CONTEXT(2) 
PARAMETRIC_REPRESENTATION_CONTEXT() REPRESENTATION_CONTEXT('2D SPACE',''
  ) );
#6455 = FACE_BOUND('',#6456,.T.);
#6456 = EDGE_LOOP('',(#6457));
#6457 = ORIENTED_EDGE('',*,*,#6458,.F.);
#6458 = EDGE_CURVE('',#6459,#6459,#6461,.T.);
#6459 = VERTEX_POINT('',#6460);
#6460 = CARTESIAN_POINT('',(57.5,1.530808498934E-15,39.57));
#6461 = SURFACE_CURVE('',#6462,(#6467,#6474),.PCURVE_S1.);
#6462 = CIRCLE('',#6463,1.);
#6463 = AXIS2_PLACEMENT_3D('',#6464,#6465,#6466);
#6464 = CARTESIAN_POINT('',(56.5,1.530808498934E-15,39.57));
#6465 = DIRECTION('',(0.,0.,1.));
#6466 = DIRECTION('',(1.,0.,0.));
#6467 = PCURVE('',#6310,#6468);
#6468 = DEFINITIONAL_REPRESENTATION('',(#6469),#6473);
#6469 = CIRCLE('',#6470,1.);
#6470 = AXIS2_PLACEMENT_2D('',#6471,#6472);
#6471 = CARTESIAN_POINT('',(-12.5,1.541362962082E-15));
#6472 = DIRECTION('',(1.,0.));
#6473 = ( GEOMETRIC_REPRESENTATION_CONTEXT(2) 
PARAMETRIC_REPRESENTATION_CONTEXT() REPRESENTATION_CONTEXT('2D SPACE',''
  ) );
#6474 = PCURVE('',#6475,#6480);
#6475 = CYLINDRICAL_SURFACE('',#6476,1.);
#6476 = AXIS2_PLACEMENT_3D('',#6477,#6478,#6479);
#6477 = CARTESIAN_POINT('',(56.5,1.530808498934E-15,39.57));
#6478 = DIRECTION('',(0.,0.,1.));
#6479 = DIRECTION('',(1.,0.,0.));
#6480 = DEFINITIONAL_REPRESENTATION('',(#6481),#6485);
#6481 = LINE('',#6482,#6483);
#6482 = CARTESIAN_POINT('',(0.,0.));
#6483 = VECTOR('',#6484,1.);
#6484 = DIRECTION('',(1.,0.));
#6485 = ( GEOMETRIC_REPRESENTATION_CONTEXT(2) 
PARAMETRIC_REPRESENTATION_CONTEXT() REPRESENTATION_CONTEXT('2D SPACE',''
  ) );
#6486 = FACE_BOUND('',#6487,.T.);
#6487 = EDGE_LOOP('',(#6488));
#6488 = ORIENTED_EDGE('',*,*,#6489,.F.);
#6489 = EDGE_CURVE('',#6490,#6490,#6492,.T.);
#6490 = VERTEX_POINT('',#6491);
#6491 = CARTESIAN_POINT('',(63.75,10.825317547305,39.57));
#6492 = SURFACE_CURVE('',#6493,(#6498,#6505),.PCURVE_S1.);
#6493 = CIRCLE('',#6494,1.);
#6494 = AXIS2_PLACEMENT_3D('',#6495,#6496,#6497);
#6495 = CARTESIAN_POINT('',(62.75,10.825317547305,39.57));
#6496 = DIRECTION('',(0.,0.,1.));
#6497 = DIRECTION('',(1.,0.,0.));
#6498 = PCURVE('',#6310,#6499);
#6499 = DEFINITIONAL_REPRESENTATION('',(#6500),#6504);
#6500 = CIRCLE('',#6501,1.);
#6501 = AXIS2_PLACEMENT_2D('',#6502,#6503);
#6502 = CARTESIAN_POINT('',(-6.25,10.825317547305));
#6503 = DIRECTION('',(1.,0.));
#6504 = ( GEOMETRIC_REPRESENTATION_CONTEXT(2) 
PARAMETRIC_REPRESENTATION_CONTEXT() REPRESENTATION_CONTEXT('2D SPACE',''
  ) );
#6505 = PCURVE('',#6506,#6511);
#6506 = CYLINDRICAL_SURFACE('',#6507,1.);
#6507 = AXIS2_PLACEMENT_3D('',#6508,#6509,#6510);
#6508 = CARTESIAN_POINT('',(62.75,10.825317547305,39.57));
#6509 = DIRECTION('',(0.,0.,1.));
#6510 = DIRECTION('',(1.,0.,0.));
#6511 = DEFINITIONAL_REPRESENTATION('',(#6512),#6516);
#6512 = LINE('',#6513,#6514);
#6513 = CARTESIAN_POINT('',(0.,0.));
#6514 = VECTOR('',#6515,1.);
#6515 = DIRECTION('',(1.,0.));
#6516 = ( GEOMETRIC_REPRESENTATION_CONTEXT(2) 
PARAMETRIC_REPRESENTATION_CONTEXT() REPRESENTATION_CONTEXT('2D SPACE',''
  ) );
#6517 = FACE_BOUND('',#6518,.T.);
#6518 = EDGE_LOOP('',(#6519));
#6519 = ORIENTED_EDGE('',*,*,#6520,.F.);
#6520 = EDGE_CURVE('',#6521,#6521,#6523,.T.);
#6521 = VERTEX_POINT('',#6522);
#6522 = CARTESIAN_POINT('',(76.25,10.825317547305,39.57));
#6523 = SURFACE_CURVE('',#6524,(#6529,#6536),.PCURVE_S1.);
#6524 = CIRCLE('',#6525,1.);
#6525 = AXIS2_PLACEMENT_3D('',#6526,#6527,#6528);
#6526 = CARTESIAN_POINT('',(75.25,10.825317547305,39.57));
#6527 = DIRECTION('',(0.,0.,1.));
#6528 = DIRECTION('',(1.,0.,0.));
#6529 = PCURVE('',#6310,#6530);
#6530 = DEFINITIONAL_REPRESENTATION('',(#6531),#6535);
#6531 = CIRCLE('',#6532,1.);
#6532 = AXIS2_PLACEMENT_2D('',#6533,#6534);
#6533 = CARTESIAN_POINT('',(6.25,10.825317547305));
#6534 = DIRECTION('',(1.,0.));
#6535 = ( GEOMETRIC_REPRESENTATION_CONTEXT(2) 
PARAMETRIC_REPRESENTATION_CONTEXT() REPRESENTATION_CONTEXT('2D SPACE',''
  ) );
#6536 = PCURVE('',#6537,#6542);
#6537 = CYLINDRICAL_SURFACE('',#6538,1.);
#6538 = AXIS2_PLACEMENT_3D('',#6539,#6540,#6541);
#6539 = CARTESIAN_POINT('',(75.25,10.825317547305,39.57));
#6540 = DIRECTION('',(0.,0.,1.));
#6541 = DIRECTION('',(1.,0.,0.));
#6542 = DEFINITIONAL_REPRESENTATION('',(#6543),#6547);
#6543 = LINE('',#6544,#6545);
#6544 = CARTESIAN_POINT('',(0.,0.));
#6545 = VECTOR('',#6546,1.);
#6546 = DIRECTION('',(1.,0.));
#6547 = ( GEOMETRIC_REPRESENTATION_CONTEXT(2) 
PARAMETRIC_REPRESENTATION_CONTEXT() REPRESENTATION_CONTEXT('2D SPACE',''
  ) );
#6548 = ADVANCED_FACE('',(#6549),#6347,.F.);
#6549 = FACE_BOUND('',#6550,.F.);
#6550 = EDGE_LOOP('',(#6551,#6574,#6601,#6602));
#6551 = ORIENTED_EDGE('',*,*,#6552,.T.);
#6552 = EDGE_CURVE('',#6331,#6553,#6555,.T.);
#6553 = VERTEX_POINT('',#6554);
#6554 = CARTESIAN_POINT('',(63.75,-10.8253175473,36.07));
#6555 = SEAM_CURVE('',#6556,(#6560,#6567),.PCURVE_S1.);
#6556 = LINE('',#6557,#6558);
#6557 = CARTESIAN_POINT('',(63.75,-10.8253175473,39.57));
#6558 = VECTOR('',#6559,1.);
#6559 = DIRECTION('',(-0.,-0.,-1.));
#6560 = PCURVE('',#6347,#6561);
#6561 = DEFINITIONAL_REPRESENTATION('',(#6562),#6566);
#6562 = LINE('',#6563,#6564);
#6563 = CARTESIAN_POINT('',(0.,0.));
#6564 = VECTOR('',#6565,1.);
#6565 = DIRECTION('',(0.,-1.));
#6566 = ( GEOMETRIC_REPRESENTATION_CONTEXT(2) 
PARAMETRIC_REPRESENTATION_CONTEXT() REPRESENTATION_CONTEXT('2D SPACE',''
  ) );
#6567 = PCURVE('',#6347,#6568);
#6568 = DEFINITIONAL_REPRESENTATION('',(#6569),#6573);
#6569 = LINE('',#6570,#6571);
#6570 = CARTESIAN_POINT('',(6.28318530718,0.));
#6571 = VECTOR('',#6572,1.);
#6572 = DIRECTION('',(0.,-1.));
#6573 = ( GEOMETRIC_REPRESENTATION_CONTEXT(2) 
PARAMETRIC_REPRESENTATION_CONTEXT() REPRESENTATION_CONTEXT('2D SPACE',''
  ) );
#6574 = ORIENTED_EDGE('',*,*,#6575,.T.);
#6575 = EDGE_CURVE('',#6553,#6553,#6576,.T.);
#6576 = SURFACE_CURVE('',#6577,(#6582,#6589),.PCURVE_S1.);
#6577 = CIRCLE('',#6578,1.);
#6578 = AXIS2_PLACEMENT_3D('',#6579,#6580,#6581);
#6579 = CARTESIAN_POINT('',(62.75,-10.8253175473,36.07));
#6580 = DIRECTION('',(0.,0.,1.));
#6581 = DIRECTION('',(1.,0.,0.));
#6582 = PCURVE('',#6347,#6583);
#6583 = DEFINITIONAL_REPRESENTATION('',(#6584),#6588);
#6584 = LINE('',#6585,#6586);
#6585 = CARTESIAN_POINT('',(0.,-3.5));
#6586 = VECTOR('',#6587,1.);
#6587 = DIRECTION('',(1.,0.));
#6588 = ( GEOMETRIC_REPRESENTATION_CONTEXT(2) 
PARAMETRIC_REPRESENTATION_CONTEXT() REPRESENTATION_CONTEXT('2D SPACE',''
  ) );
#6589 = PCURVE('',#6590,#6595);
#6590 = PLANE('',#6591);
#6591 = AXIS2_PLACEMENT_3D('',#6592,#6593,#6594);
#6592 = CARTESIAN_POINT('',(62.75,-10.8253175473,36.07));
#6593 = DIRECTION('',(0.,0.,1.));
#6594 = DIRECTION('',(1.,0.,-0.));
#6595 = DEFINITIONAL_REPRESENTATION('',(#6596),#6600);
#6596 = CIRCLE('',#6597,1.);
#6597 = AXIS2_PLACEMENT_2D('',#6598,#6599);
#6598 = CARTESIAN_POINT('',(0.,0.));
#6599 = DIRECTION('',(1.,0.));
#6600 = ( GEOMETRIC_REPRESENTATION_CONTEXT(2) 
PARAMETRIC_REPRESENTATION_CONTEXT() REPRESENTATION_CONTEXT('2D SPACE',''
  ) );
#6601 = ORIENTED_EDGE('',*,*,#6552,.F.);
#6602 = ORIENTED_EDGE('',*,*,#6330,.F.);
#6603 = ADVANCED_FACE('',(#6604),#6378,.F.);
#6604 = FACE_BOUND('',#6605,.F.);
#6605 = EDGE_LOOP('',(#6606,#6629,#6656,#6657));
#6606 = ORIENTED_EDGE('',*,*,#6607,.T.);
#6607 = EDGE_CURVE('',#6362,#6608,#6610,.T.);
#6608 = VERTEX_POINT('',#6609);
#6609 = CARTESIAN_POINT('',(76.25,-10.8253175473,36.07));
#6610 = SEAM_CURVE('',#6611,(#6615,#6622),.PCURVE_S1.);
#6611 = LINE('',#6612,#6613);
#6612 = CARTESIAN_POINT('',(76.25,-10.8253175473,39.57));
#6613 = VECTOR('',#6614,1.);
#6614 = DIRECTION('',(-0.,-0.,-1.));
#6615 = PCURVE('',#6378,#6616);
#6616 = DEFINITIONAL_REPRESENTATION('',(#6617),#6621);
#6617 = LINE('',#6618,#6619);
#6618 = CARTESIAN_POINT('',(0.,0.));
#6619 = VECTOR('',#6620,1.);
#6620 = DIRECTION('',(0.,-1.));
#6621 = ( GEOMETRIC_REPRESENTATION_CONTEXT(2) 
PARAMETRIC_REPRESENTATION_CONTEXT() REPRESENTATION_CONTEXT('2D SPACE',''
  ) );
#6622 = PCURVE('',#6378,#6623);
#6623 = DEFINITIONAL_REPRESENTATION('',(#6624),#6628);
#6624 = LINE('',#6625,#6626);
#6625 = CARTESIAN_POINT('',(6.28318530718,0.));
#6626 = VECTOR('',#6627,1.);
#6627 = DIRECTION('',(0.,-1.));
#6628 = ( GEOMETRIC_REPRESENTATION_CONTEXT(2) 
PARAMETRIC_REPRESENTATION_CONTEXT() REPRESENTATION_CONTEXT('2D SPACE',''
  ) );
#6629 = ORIENTED_EDGE('',*,*,#6630,.T.);
#6630 = EDGE_CURVE('',#6608,#6608,#6631,.T.);
#6631 = SURFACE_CURVE('',#6632,(#6637,#6644),.PCURVE_S1.);
#6632 = CIRCLE('',#6633,1.);
#6633 = AXIS2_PLACEMENT_3D('',#6634,#6635,#6636);
#6634 = CARTESIAN_POINT('',(75.25,-10.8253175473,36.07));
#6635 = DIRECTION('',(0.,0.,1.));
#6636 = DIRECTION('',(1.,0.,0.));
#6637 = PCURVE('',#6378,#6638);
#6638 = DEFINITIONAL_REPRESENTATION('',(#6639),#6643);
#6639 = LINE('',#6640,#6641);
#6640 = CARTESIAN_POINT('',(0.,-3.5));
#6641 = VECTOR('',#6642,1.);
#6642 = DIRECTION('',(1.,0.));
#6643 = ( GEOMETRIC_REPRESENTATION_CONTEXT(2) 
PARAMETRIC_REPRESENTATION_CONTEXT() REPRESENTATION_CONTEXT('2D SPACE',''
  ) );
#6644 = PCURVE('',#6645,#6650);
#6645 = PLANE('',#6646);
#6646 = AXIS2_PLACEMENT_3D('',#6647,#6648,#6649);
#6647 = CARTESIAN_POINT('',(75.25,-10.8253175473,36.07));
#6648 = DIRECTION('',(0.,0.,1.));
#6649 = DIRECTION('',(1.,0.,-0.));
#6650 = DEFINITIONAL_REPRESENTATION('',(#6651),#6655);
#6651 = CIRCLE('',#6652,1.);
#6652 = AXIS2_PLACEMENT_2D('',#6653,#6654);
#6653 = CARTESIAN_POINT('',(0.,-1.7763568394E-15));
#6654 = DIRECTION('',(1.,0.));
#6655 = ( GEOMETRIC_REPRESENTATION_CONTEXT(2) 
PARAMETRIC_REPRESENTATION_CONTEXT() REPRESENTATION_CONTEXT('2D SPACE',''
  ) );
#6656 = ORIENTED_EDGE('',*,*,#6607,.F.);
#6657 = ORIENTED_EDGE('',*,*,#6361,.F.);
#6658 = ADVANCED_FACE('',(#6659),#6413,.T.);
#6659 = FACE_BOUND('',#6660,.F.);
#6660 = EDGE_LOOP('',(#6661,#6662,#6685,#6712));
#6661 = ORIENTED_EDGE('',*,*,#6392,.T.);
#6662 = ORIENTED_EDGE('',*,*,#6663,.T.);
#6663 = EDGE_CURVE('',#6393,#6664,#6666,.T.);
#6664 = VERTEX_POINT('',#6665);
#6665 = CARTESIAN_POINT('',(72.,0.,46.07));
#6666 = SEAM_CURVE('',#6667,(#6671,#6678),.PCURVE_S1.);
#6667 = LINE('',#6668,#6669);
#6668 = CARTESIAN_POINT('',(72.,0.,9.93));
#6669 = VECTOR('',#6670,1.);
#6670 = DIRECTION('',(0.,0.,1.));
#6671 = PCURVE('',#6413,#6672);
#6672 = DEFINITIONAL_REPRESENTATION('',(#6673),#6677);
#6673 = LINE('',#6674,#6675);
#6674 = CARTESIAN_POINT('',(-6.28318530718,0.));
#6675 = VECTOR('',#6676,1.);
#6676 = DIRECTION('',(-0.,-1.));
#6677 = ( GEOMETRIC_REPRESENTATION_CONTEXT(2) 
PARAMETRIC_REPRESENTATION_CONTEXT() REPRESENTATION_CONTEXT('2D SPACE',''
  ) );
#6678 = PCURVE('',#6413,#6679);
#6679 = DEFINITIONAL_REPRESENTATION('',(#6680),#6684);
#6680 = LINE('',#6681,#6682);
#6681 = CARTESIAN_POINT('',(-0.,0.));
#6682 = VECTOR('',#6683,1.);
#6683 = DIRECTION('',(-0.,-1.));
#6684 = ( GEOMETRIC_REPRESENTATION_CONTEXT(2) 
PARAMETRIC_REPRESENTATION_CONTEXT() REPRESENTATION_CONTEXT('2D SPACE',''
  ) );
#6685 = ORIENTED_EDGE('',*,*,#6686,.T.);
#6686 = EDGE_CURVE('',#6664,#6664,#6687,.T.);
#6687 = SURFACE_CURVE('',#6688,(#6693,#6700),.PCURVE_S1.);
#6688 = CIRCLE('',#6689,3.);
#6689 = AXIS2_PLACEMENT_3D('',#6690,#6691,#6692);
#6690 = CARTESIAN_POINT('',(69.,0.,46.07));
#6691 = DIRECTION('',(0.,0.,1.));
#6692 = DIRECTION('',(1.,0.,0.));
#6693 = PCURVE('',#6413,#6694);
#6694 = DEFINITIONAL_REPRESENTATION('',(#6695),#6699);
#6695 = LINE('',#6696,#6697);
#6696 = CARTESIAN_POINT('',(-0.,-36.14));
#6697 = VECTOR('',#6698,1.);
#6698 = DIRECTION('',(-1.,0.));
#6699 = ( GEOMETRIC_REPRESENTATION_CONTEXT(2) 
PARAMETRIC_REPRESENTATION_CONTEXT() REPRESENTATION_CONTEXT('2D SPACE',''
  ) );
#6700 = PCURVE('',#6701,#6706);
#6701 = PLANE('',#6702);
#6702 = AXIS2_PLACEMENT_3D('',#6703,#6704,#6705);
#6703 = CARTESIAN_POINT('',(69.,-8.51133553645E-18,46.07));
#6704 = DIRECTION('',(0.,0.,1.));
#6705 = DIRECTION('',(1.,0.,-0.));
#6706 = DEFINITIONAL_REPRESENTATION('',(#6707),#6711);
#6707 = CIRCLE('',#6708,3.);
#6708 = AXIS2_PLACEMENT_2D('',#6709,#6710);
#6709 = CARTESIAN_POINT('',(0.,8.51133553645E-18));
#6710 = DIRECTION('',(1.,0.));
#6711 = ( GEOMETRIC_REPRESENTATION_CONTEXT(2) 
PARAMETRIC_REPRESENTATION_CONTEXT() REPRESENTATION_CONTEXT('2D SPACE',''
  ) );
#6712 = ORIENTED_EDGE('',*,*,#6663,.F.);
#6713 = ADVANCED_FACE('',(#6714),#6444,.F.);
#6714 = FACE_BOUND('',#6715,.F.);
#6715 = EDGE_LOOP('',(#6716,#6739,#6766,#6767));
#6716 = ORIENTED_EDGE('',*,*,#6717,.T.);
#6717 = EDGE_CURVE('',#6428,#6718,#6720,.T.);
#6718 = VERTEX_POINT('',#6719);
#6719 = CARTESIAN_POINT('',(82.5,0.,36.07));
#6720 = SEAM_CURVE('',#6721,(#6725,#6732),.PCURVE_S1.);
#6721 = LINE('',#6722,#6723);
#6722 = CARTESIAN_POINT('',(82.5,0.,39.57));
#6723 = VECTOR('',#6724,1.);
#6724 = DIRECTION('',(-0.,-0.,-1.));
#6725 = PCURVE('',#6444,#6726);
#6726 = DEFINITIONAL_REPRESENTATION('',(#6727),#6731);
#6727 = LINE('',#6728,#6729);
#6728 = CARTESIAN_POINT('',(0.,0.));
#6729 = VECTOR('',#6730,1.);
#6730 = DIRECTION('',(0.,-1.));
#6731 = ( GEOMETRIC_REPRESENTATION_CONTEXT(2) 
PARAMETRIC_REPRESENTATION_CONTEXT() REPRESENTATION_CONTEXT('2D SPACE',''
  ) );
#6732 = PCURVE('',#6444,#6733);
#6733 = DEFINITIONAL_REPRESENTATION('',(#6734),#6738);
#6734 = LINE('',#6735,#6736);
#6735 = CARTESIAN_POINT('',(6.28318530718,0.));
#6736 = VECTOR('',#6737,1.);
#6737 = DIRECTION('',(0.,-1.));
#6738 = ( GEOMETRIC_REPRESENTATION_CONTEXT(2) 
PARAMETRIC_REPRESENTATION_CONTEXT() REPRESENTATION_CONTEXT('2D SPACE',''
  ) );
#6739 = ORIENTED_EDGE('',*,*,#6740,.T.);
#6740 = EDGE_CURVE('',#6718,#6718,#6741,.T.);
#6741 = SURFACE_CURVE('',#6742,(#6747,#6754),.PCURVE_S1.);
#6742 = CIRCLE('',#6743,1.);
#6743 = AXIS2_PLACEMENT_3D('',#6744,#6745,#6746);
#6744 = CARTESIAN_POINT('',(81.5,0.,36.07));
#6745 = DIRECTION('',(0.,0.,1.));
#6746 = DIRECTION('',(1.,0.,0.));
#6747 = PCURVE('',#6444,#6748);
#6748 = DEFINITIONAL_REPRESENTATION('',(#6749),#6753);
#6749 = LINE('',#6750,#6751);
#6750 = CARTESIAN_POINT('',(0.,-3.5));
#6751 = VECTOR('',#6752,1.);
#6752 = DIRECTION('',(1.,0.));
#6753 = ( GEOMETRIC_REPRESENTATION_CONTEXT(2) 
PARAMETRIC_REPRESENTATION_CONTEXT() REPRESENTATION_CONTEXT('2D SPACE',''
  ) );
#6754 = PCURVE('',#6755,#6760);
#6755 = PLANE('',#6756);
#6756 = AXIS2_PLACEMENT_3D('',#6757,#6758,#6759);
#6757 = CARTESIAN_POINT('',(81.5,4.464344831214E-17,36.07));
#6758 = DIRECTION('',(0.,0.,1.));
#6759 = DIRECTION('',(1.,0.,-0.));
#6760 = DEFINITIONAL_REPRESENTATION('',(#6761),#6765);
#6761 = CIRCLE('',#6762,1.);
#6762 = AXIS2_PLACEMENT_2D('',#6763,#6764);
#6763 = CARTESIAN_POINT('',(0.,-4.464344831214E-17));
#6764 = DIRECTION('',(1.,0.));
#6765 = ( GEOMETRIC_REPRESENTATION_CONTEXT(2) 
PARAMETRIC_REPRESENTATION_CONTEXT() REPRESENTATION_CONTEXT('2D SPACE',''
  ) );
#6766 = ORIENTED_EDGE('',*,*,#6717,.F.);
#6767 = ORIENTED_EDGE('',*,*,#6427,.F.);
#6768 = ADVANCED_FACE('',(#6769),#6475,.F.);
#6769 = FACE_BOUND('',#6770,.F.);
#6770 = EDGE_LOOP('',(#6771,#6794,#6821,#6822));
#6771 = ORIENTED_EDGE('',*,*,#6772,.T.);
#6772 = EDGE_CURVE('',#6459,#6773,#6775,.T.);
#6773 = VERTEX_POINT('',#6774);
#6774 = CARTESIAN_POINT('',(57.5,1.530808498934E-15,36.07));
#6775 = SEAM_CURVE('',#6776,(#6780,#6787),.PCURVE_S1.);
#6776 = LINE('',#6777,#6778);
#6777 = CARTESIAN_POINT('',(57.5,1.530808498934E-15,39.57));
#6778 = VECTOR('',#6779,1.);
#6779 = DIRECTION('',(-0.,-0.,-1.));
#6780 = PCURVE('',#6475,#6781);
#6781 = DEFINITIONAL_REPRESENTATION('',(#6782),#6786);
#6782 = LINE('',#6783,#6784);
#6783 = CARTESIAN_POINT('',(0.,0.));
#6784 = VECTOR('',#6785,1.);
#6785 = DIRECTION('',(0.,-1.));
#6786 = ( GEOMETRIC_REPRESENTATION_CONTEXT(2) 
PARAMETRIC_REPRESENTATION_CONTEXT() REPRESENTATION_CONTEXT('2D SPACE',''
  ) );
#6787 = PCURVE('',#6475,#6788);
#6788 = DEFINITIONAL_REPRESENTATION('',(#6789),#6793);
#6789 = LINE('',#6790,#6791);
#6790 = CARTESIAN_POINT('',(6.28318530718,0.));
#6791 = VECTOR('',#6792,1.);
#6792 = DIRECTION('',(0.,-1.));
#6793 = ( GEOMETRIC_REPRESENTATION_CONTEXT(2) 
PARAMETRIC_REPRESENTATION_CONTEXT() REPRESENTATION_CONTEXT('2D SPACE',''
  ) );
#6794 = ORIENTED_EDGE('',*,*,#6795,.T.);
#6795 = EDGE_CURVE('',#6773,#6773,#6796,.T.);
#6796 = SURFACE_CURVE('',#6797,(#6802,#6809),.PCURVE_S1.);
#6797 = CIRCLE('',#6798,1.);
#6798 = AXIS2_PLACEMENT_3D('',#6799,#6800,#6801);
#6799 = CARTESIAN_POINT('',(56.5,1.530808498934E-15,36.07));
#6800 = DIRECTION('',(0.,0.,1.));
#6801 = DIRECTION('',(1.,0.,0.));
#6802 = PCURVE('',#6475,#6803);
#6803 = DEFINITIONAL_REPRESENTATION('',(#6804),#6808);
#6804 = LINE('',#6805,#6806);
#6805 = CARTESIAN_POINT('',(0.,-3.5));
#6806 = VECTOR('',#6807,1.);
#6807 = DIRECTION('',(1.,0.));
#6808 = ( GEOMETRIC_REPRESENTATION_CONTEXT(2) 
PARAMETRIC_REPRESENTATION_CONTEXT() REPRESENTATION_CONTEXT('2D SPACE',''
  ) );
#6809 = PCURVE('',#6810,#6815);
#6810 = PLANE('',#6811);
#6811 = AXIS2_PLACEMENT_3D('',#6812,#6813,#6814);
#6812 = CARTESIAN_POINT('',(56.5,1.58175332239E-15,36.07));
#6813 = DIRECTION('',(0.,0.,1.));
#6814 = DIRECTION('',(1.,0.,-0.));
#6815 = DEFINITIONAL_REPRESENTATION('',(#6816),#6820);
#6816 = CIRCLE('',#6817,1.);
#6817 = AXIS2_PLACEMENT_2D('',#6818,#6819);
#6818 = CARTESIAN_POINT('',(0.,-5.094482345602E-17));
#6819 = DIRECTION('',(1.,0.));
#6820 = ( GEOMETRIC_REPRESENTATION_CONTEXT(2) 
PARAMETRIC_REPRESENTATION_CONTEXT() REPRESENTATION_CONTEXT('2D SPACE',''
  ) );
#6821 = ORIENTED_EDGE('',*,*,#6772,.F.);
#6822 = ORIENTED_EDGE('',*,*,#6458,.F.);
#6823 = ADVANCED_FACE('',(#6824),#6506,.F.);
#6824 = FACE_BOUND('',#6825,.F.);
#6825 = EDGE_LOOP('',(#6826,#6849,#6876,#6877));
#6826 = ORIENTED_EDGE('',*,*,#6827,.T.);
#6827 = EDGE_CURVE('',#6490,#6828,#6830,.T.);
#6828 = VERTEX_POINT('',#6829);
#6829 = CARTESIAN_POINT('',(63.75,10.825317547305,36.07));
#6830 = SEAM_CURVE('',#6831,(#6835,#6842),.PCURVE_S1.);
#6831 = LINE('',#6832,#6833);
#6832 = CARTESIAN_POINT('',(63.75,10.825317547305,39.57));
#6833 = VECTOR('',#6834,1.);
#6834 = DIRECTION('',(-0.,-0.,-1.));
#6835 = PCURVE('',#6506,#6836);
#6836 = DEFINITIONAL_REPRESENTATION('',(#6837),#6841);
#6837 = LINE('',#6838,#6839);
#6838 = CARTESIAN_POINT('',(0.,0.));
#6839 = VECTOR('',#6840,1.);
#6840 = DIRECTION('',(0.,-1.));
#6841 = ( GEOMETRIC_REPRESENTATION_CONTEXT(2) 
PARAMETRIC_REPRESENTATION_CONTEXT() REPRESENTATION_CONTEXT('2D SPACE',''
  ) );
#6842 = PCURVE('',#6506,#6843);
#6843 = DEFINITIONAL_REPRESENTATION('',(#6844),#6848);
#6844 = LINE('',#6845,#6846);
#6845 = CARTESIAN_POINT('',(6.28318530718,0.));
#6846 = VECTOR('',#6847,1.);
#6847 = DIRECTION('',(0.,-1.));
#6848 = ( GEOMETRIC_REPRESENTATION_CONTEXT(2) 
PARAMETRIC_REPRESENTATION_CONTEXT() REPRESENTATION_CONTEXT('2D SPACE',''
  ) );
#6849 = ORIENTED_EDGE('',*,*,#6850,.T.);
#6850 = EDGE_CURVE('',#6828,#6828,#6851,.T.);
#6851 = SURFACE_CURVE('',#6852,(#6857,#6864),.PCURVE_S1.);
#6852 = CIRCLE('',#6853,1.);
#6853 = AXIS2_PLACEMENT_3D('',#6854,#6855,#6856);
#6854 = CARTESIAN_POINT('',(62.75,10.825317547305,36.07));
#6855 = DIRECTION('',(0.,0.,1.));
#6856 = DIRECTION('',(1.,0.,0.));
#6857 = PCURVE('',#6506,#6858);
#6858 = DEFINITIONAL_REPRESENTATION('',(#6859),#6863);
#6859 = LINE('',#6860,#6861);
#6860 = CARTESIAN_POINT('',(0.,-3.5));
#6861 = VECTOR('',#6862,1.);
#6862 = DIRECTION('',(1.,0.));
#6863 = ( GEOMETRIC_REPRESENTATION_CONTEXT(2) 
PARAMETRIC_REPRESENTATION_CONTEXT() REPRESENTATION_CONTEXT('2D SPACE',''
  ) );
#6864 = PCURVE('',#6865,#6870);
#6865 = PLANE('',#6866);
#6866 = AXIS2_PLACEMENT_3D('',#6867,#6868,#6869);
#6867 = CARTESIAN_POINT('',(62.75,10.825317547305,36.07));
#6868 = DIRECTION('',(0.,0.,1.));
#6869 = DIRECTION('',(1.,0.,-0.));
#6870 = DEFINITIONAL_REPRESENTATION('',(#6871),#6875);
#6871 = CIRCLE('',#6872,1.);
#6872 = AXIS2_PLACEMENT_2D('',#6873,#6874);
#6873 = CARTESIAN_POINT('',(0.,0.));
#6874 = DIRECTION('',(1.,0.));
#6875 = ( GEOMETRIC_REPRESENTATION_CONTEXT(2) 
PARAMETRIC_REPRESENTATION_CONTEXT() REPRESENTATION_CONTEXT('2D SPACE',''
  ) );
#6876 = ORIENTED_EDGE('',*,*,#6827,.F.);
#6877 = ORIENTED_EDGE('',*,*,#6489,.F.);
#6878 = ADVANCED_FACE('',(#6879),#6537,.F.);
#6879 = FACE_BOUND('',#6880,.F.);
#6880 = EDGE_LOOP('',(#6881,#6904,#6931,#6932));
#6881 = ORIENTED_EDGE('',*,*,#6882,.T.);
#6882 = EDGE_CURVE('',#6521,#6883,#6885,.T.);
#6883 = VERTEX_POINT('',#6884);
#6884 = CARTESIAN_POINT('',(76.25,10.825317547305,36.07));
#6885 = SEAM_CURVE('',#6886,(#6890,#6897),.PCURVE_S1.);
#6886 = LINE('',#6887,#6888);
#6887 = CARTESIAN_POINT('',(76.25,10.825317547305,39.57));
#6888 = VECTOR('',#6889,1.);
#6889 = DIRECTION('',(-0.,-0.,-1.));
#6890 = PCURVE('',#6537,#6891);
#6891 = DEFINITIONAL_REPRESENTATION('',(#6892),#6896);
#6892 = LINE('',#6893,#6894);
#6893 = CARTESIAN_POINT('',(0.,0.));
#6894 = VECTOR('',#6895,1.);
#6895 = DIRECTION('',(0.,-1.));
#6896 = ( GEOMETRIC_REPRESENTATION_CONTEXT(2) 
PARAMETRIC_REPRESENTATION_CONTEXT() REPRESENTATION_CONTEXT('2D SPACE',''
  ) );
#6897 = PCURVE('',#6537,#6898);
#6898 = DEFINITIONAL_REPRESENTATION('',(#6899),#6903);
#6899 = LINE('',#6900,#6901);
#6900 = CARTESIAN_POINT('',(6.28318530718,0.));
#6901 = VECTOR('',#6902,1.);
#6902 = DIRECTION('',(0.,-1.));
#6903 = ( GEOMETRIC_REPRESENTATION_CONTEXT(2) 
PARAMETRIC_REPRESENTATION_CONTEXT() REPRESENTATION_CONTEXT('2D SPACE',''
  ) );
#6904 = ORIENTED_EDGE('',*,*,#6905,.T.);
#6905 = EDGE_CURVE('',#6883,#6883,#6906,.T.);
#6906 = SURFACE_CURVE('',#6907,(#6912,#6919),.PCURVE_S1.);
#6907 = CIRCLE('',#6908,1.);
#6908 = AXIS2_PLACEMENT_3D('',#6909,#6910,#6911);
#6909 = CARTESIAN_POINT('',(75.25,10.825317547305,36.07));
#6910 = DIRECTION('',(0.,0.,1.));
#6911 = DIRECTION('',(1.,0.,0.));
#6912 = PCURVE('',#6537,#6913);
#6913 = DEFINITIONAL_REPRESENTATION('',(#6914),#6918);
#6914 = LINE('',#6915,#6916);
#6915 = CARTESIAN_POINT('',(0.,-3.5));
#6916 = VECTOR('',#6917,1.);
#6917 = DIRECTION('',(1.,0.));
#6918 = ( GEOMETRIC_REPRESENTATION_CONTEXT(2) 
PARAMETRIC_REPRESENTATION_CONTEXT() REPRESENTATION_CONTEXT('2D SPACE',''
  ) );
#6919 = PCURVE('',#6920,#6925);
#6920 = PLANE('',#6921);
#6921 = AXIS2_PLACEMENT_3D('',#6922,#6923,#6924);
#6922 = CARTESIAN_POINT('',(75.25,10.825317547305,36.07));
#6923 = DIRECTION('',(0.,0.,1.));
#6924 = DIRECTION('',(1.,0.,-0.));
#6925 = DEFINITIONAL_REPRESENTATION('',(#6926),#6930);
#6926 = CIRCLE('',#6927,1.);
#6927 = AXIS2_PLACEMENT_2D('',#6928,#6929);
#6928 = CARTESIAN_POINT('',(0.,0.));
#6929 = DIRECTION('',(1.,0.));
#6930 = ( GEOMETRIC_REPRESENTATION_CONTEXT(2) 
PARAMETRIC_REPRESENTATION_CONTEXT() REPRESENTATION_CONTEXT('2D SPACE',''
  ) );
#6931 = ORIENTED_EDGE('',*,*,#6882,.F.);
#6932 = ORIENTED_EDGE('',*,*,#6520,.F.);
#6933 = ADVANCED_FACE('',(#6934),#6590,.T.);
#6934 = FACE_BOUND('',#6935,.T.);
#6935 = EDGE_LOOP('',(#6936));
#6936 = ORIENTED_EDGE('',*,*,#6575,.T.);
#6937 = ADVANCED_FACE('',(#6938),#6645,.T.);
#6938 = FACE_BOUND('',#6939,.T.);
#6939 = EDGE_LOOP('',(#6940));
#6940 = ORIENTED_EDGE('',*,*,#6630,.T.);
#6941 = ADVANCED_FACE('',(#6942),#6701,.T.);
#6942 = FACE_BOUND('',#6943,.T.);
#6943 = EDGE_LOOP('',(#6944));
#6944 = ORIENTED_EDGE('',*,*,#6686,.T.);
#6945 = ADVANCED_FACE('',(#6946),#6755,.T.);
#6946 = FACE_BOUND('',#6947,.T.);
#6947 = EDGE_LOOP('',(#6948));
#6948 = ORIENTED_EDGE('',*,*,#6740,.T.);
#6949 = ADVANCED_FACE('',(#6950),#6810,.T.);
#6950 = FACE_BOUND('',#6951,.T.);
#6951 = EDGE_LOOP('',(#6952));
#6952 = ORIENTED_EDGE('',*,*,#6795,.T.);
#6953 = ADVANCED_FACE('',(#6954),#6865,.T.);
#6954 = FACE_BOUND('',#6955,.T.);
#6955 = EDGE_LOOP('',(#6956));
#6956 = ORIENTED_EDGE('',*,*,#6850,.T.);
#6957 = ADVANCED_FACE('',(#6958),#6920,.T.);
#6958 = FACE_BOUND('',#6959,.T.);
#6959 = EDGE_LOOP('',(#6960));
#6960 = ORIENTED_EDGE('',*,*,#6905,.T.);
#6961 = ORIENTED_CLOSED_SHELL('',*,#6962,.F.);
#6962 = CLOSED_SHELL('',(#6963,#7083,#7159,#7208,#7257,#7284));
#6963 = ADVANCED_FACE('',(#6964),#6978,.F.);
#6964 = FACE_BOUND('',#6965,.F.);
#6965 = EDGE_LOOP('',(#6966,#7001,#7029,#7057));
#6966 = ORIENTED_EDGE('',*,*,#6967,.F.);
#6967 = EDGE_CURVE('',#6968,#6970,#6972,.T.);
#6968 = VERTEX_POINT('',#6969);
#6969 = CARTESIAN_POINT('',(25.6,-10.4,-6.4));
#6970 = VERTEX_POINT('',#6971);
#6971 = CARTESIAN_POINT('',(25.6,-10.4,6.4));
#6972 = SURFACE_CURVE('',#6973,(#6977,#6989),.PCURVE_S1.);
#6973 = LINE('',#6974,#6975);
#6974 = CARTESIAN_POINT('',(25.6,-10.4,-6.4));
#6975 = VECTOR('',#6976,1.);
#6976 = DIRECTION('',(0.,0.,1.));
#6977 = PCURVE('',#6978,#6983);
#6978 = PLANE('',#6979);
#6979 = AXIS2_PLACEMENT_3D('',#6980,#6981,#6982);
#6980 = CARTESIAN_POINT('',(25.6,-10.4,-6.4));
#6981 = DIRECTION('',(1.,0.,0.));
#6982 = DIRECTION('',(0.,0.,1.));
#6983 = DEFINITIONAL_REPRESENTATION('',(#6984),#6988);
#6984 = LINE('',#6985,#6986);
#6985 = CARTESIAN_POINT('',(0.,0.));
#6986 = VECTOR('',#6987,1.);
#6987 = DIRECTION('',(1.,0.));
#6988 = ( GEOMETRIC_REPRESENTATION_CONTEXT(2) 
PARAMETRIC_REPRESENTATION_CONTEXT() REPRESENTATION_CONTEXT('2D SPACE',''
  ) );
#6989 = PCURVE('',#6990,#6995);
#6990 = PLANE('',#6991);
#6991 = AXIS2_PLACEMENT_3D('',#6992,#6993,#6994);
#6992 = CARTESIAN_POINT('',(25.6,-10.4,-6.4));
#6993 = DIRECTION('',(0.,1.,0.));
#6994 = DIRECTION('',(0.,0.,1.));
#6995 = DEFINITIONAL_REPRESENTATION('',(#6996),#7000);
#6996 = LINE('',#6997,#6998);
#6997 = CARTESIAN_POINT('',(0.,0.));
#6998 = VECTOR('',#6999,1.);
#6999 = DIRECTION('',(1.,0.));
#7000 = ( GEOMETRIC_REPRESENTATION_CONTEXT(2) 
PARAMETRIC_REPRESENTATION_CONTEXT() REPRESENTATION_CONTEXT('2D SPACE',''
  ) );
#7001 = ORIENTED_EDGE('',*,*,#7002,.T.);
#7002 = EDGE_CURVE('',#6968,#7003,#7005,.T.);
#7003 = VERTEX_POINT('',#7004);
#7004 = CARTESIAN_POINT('',(25.6,10.4,-6.4));
#7005 = SURFACE_CURVE('',#7006,(#7010,#7017),.PCURVE_S1.);
#7006 = LINE('',#7007,#7008);
#7007 = CARTESIAN_POINT('',(25.6,-10.4,-6.4));
#7008 = VECTOR('',#7009,1.);
#7009 = DIRECTION('',(0.,1.,0.));
#7010 = PCURVE('',#6978,#7011);
#7011 = DEFINITIONAL_REPRESENTATION('',(#7012),#7016);
#7012 = LINE('',#7013,#7014);
#7013 = CARTESIAN_POINT('',(0.,0.));
#7014 = VECTOR('',#7015,1.);
#7015 = DIRECTION('',(0.,-1.));
#7016 = ( GEOMETRIC_REPRESENTATION_CONTEXT(2) 
PARAMETRIC_REPRESENTATION_CONTEXT() REPRESENTATION_CONTEXT('2D SPACE',''
  ) );
#7017 = PCURVE('',#7018,#7023);
#7018 = PLANE('',#7019);
#7019 = AXIS2_PLACEMENT_3D('',#7020,#7021,#7022);
#7020 = CARTESIAN_POINT('',(25.6,-10.4,-6.4));
#7021 = DIRECTION('',(0.,0.,1.));
#7022 = DIRECTION('',(1.,0.,0.));
#7023 = DEFINITIONAL_REPRESENTATION('',(#7024),#7028);
#7024 = LINE('',#7025,#7026);
#7025 = CARTESIAN_POINT('',(0.,0.));
#7026 = VECTOR('',#7027,1.);
#7027 = DIRECTION('',(0.,1.));
#7028 = ( GEOMETRIC_REPRESENTATION_CONTEXT(2) 
PARAMETRIC_REPRESENTATION_CONTEXT() REPRESENTATION_CONTEXT('2D SPACE',''
  ) );
#7029 = ORIENTED_EDGE('',*,*,#7030,.T.);
#7030 = EDGE_CURVE('',#7003,#7031,#7033,.T.);
#7031 = VERTEX_POINT('',#7032);
#7032 = CARTESIAN_POINT('',(25.6,10.4,6.4));
#7033 = SURFACE_CURVE('',#7034,(#7038,#7045),.PCURVE_S1.);
#7034 = LINE('',#7035,#7036);
#7035 = CARTESIAN_POINT('',(25.6,10.4,-6.4));
#7036 = VECTOR('',#7037,1.);
#7037 = DIRECTION('',(0.,0.,1.));
#7038 = PCURVE('',#6978,#7039);
#7039 = DEFINITIONAL_REPRESENTATION('',(#7040),#7044);
#7040 = LINE('',#7041,#7042);
#7041 = CARTESIAN_POINT('',(0.,-20.8));
#7042 = VECTOR('',#7043,1.);
#7043 = DIRECTION('',(1.,0.));
#7044 = ( GEOMETRIC_REPRESENTATION_CONTEXT(2) 
PARAMETRIC_REPRESENTATION_CONTEXT() REPRESENTATION_CONTEXT('2D SPACE',''
  ) );
#7045 = PCURVE('',#7046,#7051);
#7046 = PLANE('',#7047);
#7047 = AXIS2_PLACEMENT_3D('',#7048,#7049,#7050);
#7048 = CARTESIAN_POINT('',(25.6,10.4,-6.4));
#7049 = DIRECTION('',(0.,1.,0.));
#7050 = DIRECTION('',(0.,0.,1.));
#7051 = DEFINITIONAL_REPRESENTATION('',(#7052),#7056);
#7052 = LINE('',#7053,#7054);
#7053 = CARTESIAN_POINT('',(0.,0.));
#7054 = VECTOR('',#7055,1.);
#7055 = DIRECTION('',(1.,0.));
#7056 = ( GEOMETRIC_REPRESENTATION_CONTEXT(2) 
PARAMETRIC_REPRESENTATION_CONTEXT() REPRESENTATION_CONTEXT('2D SPACE',''
  ) );
#7057 = ORIENTED_EDGE('',*,*,#7058,.F.);
#7058 = EDGE_CURVE('',#6970,#7031,#7059,.T.);
#7059 = SURFACE_CURVE('',#7060,(#7064,#7071),.PCURVE_S1.);
#7060 = LINE('',#7061,#7062);
#7061 = CARTESIAN_POINT('',(25.6,-10.4,6.4));
#7062 = VECTOR('',#7063,1.);
#7063 = DIRECTION('',(0.,1.,0.));
#7064 = PCURVE('',#6978,#7065);
#7065 = DEFINITIONAL_REPRESENTATION('',(#7066),#7070);
#7066 = LINE('',#7067,#7068);
#7067 = CARTESIAN_POINT('',(12.8,0.));
#7068 = VECTOR('',#7069,1.);
#7069 = DIRECTION('',(0.,-1.));
#7070 = ( GEOMETRIC_REPRESENTATION_CONTEXT(2) 
PARAMETRIC_REPRESENTATION_CONTEXT() REPRESENTATION_CONTEXT('2D SPACE',''
  ) );
#7071 = PCURVE('',#7072,#7077);
#7072 = PLANE('',#7073);
#7073 = AXIS2_PLACEMENT_3D('',#7074,#7075,#7076);
#7074 = CARTESIAN_POINT('',(25.6,-10.4,6.4));
#7075 = DIRECTION('',(0.,0.,1.));
#7076 = DIRECTION('',(1.,0.,0.));
#7077 = DEFINITIONAL_REPRESENTATION('',(#7078),#7082);
#7078 = LINE('',#7079,#7080);
#7079 = CARTESIAN_POINT('',(0.,0.));
#7080 = VECTOR('',#7081,1.);
#7081 = DIRECTION('',(0.,1.));
#7082 = ( GEOMETRIC_REPRESENTATION_CONTEXT(2) 
PARAMETRIC_REPRESENTATION_CONTEXT() REPRESENTATION_CONTEXT('2D SPACE',''
  ) );
#7083 = ADVANCED_FACE('',(#7084),#6990,.F.);
#7084 = FACE_BOUND('',#7085,.F.);
#7085 = EDGE_LOOP('',(#7086,#7109,#7110,#7133));
#7086 = ORIENTED_EDGE('',*,*,#7087,.F.);
#7087 = EDGE_CURVE('',#6968,#7088,#7090,.T.);
#7088 = VERTEX_POINT('',#7089);
#7089 = CARTESIAN_POINT('',(90.4,-10.4,-6.4));
#7090 = SURFACE_CURVE('',#7091,(#7095,#7102),.PCURVE_S1.);
#7091 = LINE('',#7092,#7093);
#7092 = CARTESIAN_POINT('',(25.6,-10.4,-6.4));
#7093 = VECTOR('',#7094,1.);
#7094 = DIRECTION('',(1.,0.,0.));
#7095 = PCURVE('',#6990,#7096);
#7096 = DEFINITIONAL_REPRESENTATION('',(#7097),#7101);
#7097 = LINE('',#7098,#7099);
#7098 = CARTESIAN_POINT('',(0.,0.));
#7099 = VECTOR('',#7100,1.);
#7100 = DIRECTION('',(0.,1.));
#7101 = ( GEOMETRIC_REPRESENTATION_CONTEXT(2) 
PARAMETRIC_REPRESENTATION_CONTEXT() REPRESENTATION_CONTEXT('2D SPACE',''
  ) );
#7102 = PCURVE('',#7018,#7103);
#7103 = DEFINITIONAL_REPRESENTATION('',(#7104),#7108);
#7104 = LINE('',#7105,#7106);
#7105 = CARTESIAN_POINT('',(0.,0.));
#7106 = VECTOR('',#7107,1.);
#7107 = DIRECTION('',(1.,0.));
#7108 = ( GEOMETRIC_REPRESENTATION_CONTEXT(2) 
PARAMETRIC_REPRESENTATION_CONTEXT() REPRESENTATION_CONTEXT('2D SPACE',''
  ) );
#7109 = ORIENTED_EDGE('',*,*,#6967,.T.);
#7110 = ORIENTED_EDGE('',*,*,#7111,.T.);
#7111 = EDGE_CURVE('',#6970,#7112,#7114,.T.);
#7112 = VERTEX_POINT('',#7113);
#7113 = CARTESIAN_POINT('',(90.4,-10.4,6.4));
#7114 = SURFACE_CURVE('',#7115,(#7119,#7126),.PCURVE_S1.);
#7115 = LINE('',#7116,#7117);
#7116 = CARTESIAN_POINT('',(25.6,-10.4,6.4));
#7117 = VECTOR('',#7118,1.);
#7118 = DIRECTION('',(1.,0.,0.));
#7119 = PCURVE('',#6990,#7120);
#7120 = DEFINITIONAL_REPRESENTATION('',(#7121),#7125);
#7121 = LINE('',#7122,#7123);
#7122 = CARTESIAN_POINT('',(12.8,0.));
#7123 = VECTOR('',#7124,1.);
#7124 = DIRECTION('',(0.,1.));
#7125 = ( GEOMETRIC_REPRESENTATION_CONTEXT(2) 
PARAMETRIC_REPRESENTATION_CONTEXT() REPRESENTATION_CONTEXT('2D SPACE',''
  ) );
#7126 = PCURVE('',#7072,#7127);
#7127 = DEFINITIONAL_REPRESENTATION('',(#7128),#7132);
#7128 = LINE('',#7129,#7130);
#7129 = CARTESIAN_POINT('',(0.,0.));
#7130 = VECTOR('',#7131,1.);
#7131 = DIRECTION('',(1.,0.));
#7132 = ( GEOMETRIC_REPRESENTATION_CONTEXT(2) 
PARAMETRIC_REPRESENTATION_CONTEXT() REPRESENTATION_CONTEXT('2D SPACE',''
  ) );
#7133 = ORIENTED_EDGE('',*,*,#7134,.F.);
#7134 = EDGE_CURVE('',#7088,#7112,#7135,.T.);
#7135 = SURFACE_CURVE('',#7136,(#7140,#7147),.PCURVE_S1.);
#7136 = LINE('',#7137,#7138);
#7137 = CARTESIAN_POINT('',(90.4,-10.4,-6.4));
#7138 = VECTOR('',#7139,1.);
#7139 = DIRECTION('',(0.,0.,1.));
#7140 = PCURVE('',#6990,#7141);
#7141 = DEFINITIONAL_REPRESENTATION('',(#7142),#7146);
#7142 = LINE('',#7143,#7144);
#7143 = CARTESIAN_POINT('',(0.,64.8));
#7144 = VECTOR('',#7145,1.);
#7145 = DIRECTION('',(1.,0.));
#7146 = ( GEOMETRIC_REPRESENTATION_CONTEXT(2) 
PARAMETRIC_REPRESENTATION_CONTEXT() REPRESENTATION_CONTEXT('2D SPACE',''
  ) );
#7147 = PCURVE('',#7148,#7153);
#7148 = PLANE('',#7149);
#7149 = AXIS2_PLACEMENT_3D('',#7150,#7151,#7152);
#7150 = CARTESIAN_POINT('',(90.4,-10.4,-6.4));
#7151 = DIRECTION('',(1.,0.,0.));
#7152 = DIRECTION('',(0.,0.,1.));
#7153 = DEFINITIONAL_REPRESENTATION('',(#7154),#7158);
#7154 = LINE('',#7155,#7156);
#7155 = CARTESIAN_POINT('',(0.,0.));
#7156 = VECTOR('',#7157,1.);
#7157 = DIRECTION('',(1.,0.));
#7158 = ( GEOMETRIC_REPRESENTATION_CONTEXT(2) 
PARAMETRIC_REPRESENTATION_CONTEXT() REPRESENTATION_CONTEXT('2D SPACE',''
  ) );
#7159 = ADVANCED_FACE('',(#7160),#7072,.T.);
#7160 = FACE_BOUND('',#7161,.T.);
#7161 = EDGE_LOOP('',(#7162,#7163,#7164,#7187));
#7162 = ORIENTED_EDGE('',*,*,#7058,.F.);
#7163 = ORIENTED_EDGE('',*,*,#7111,.T.);
#7164 = ORIENTED_EDGE('',*,*,#7165,.T.);
#7165 = EDGE_CURVE('',#7112,#7166,#7168,.T.);
#7166 = VERTEX_POINT('',#7167);
#7167 = CARTESIAN_POINT('',(90.4,10.4,6.4));
#7168 = SURFACE_CURVE('',#7169,(#7173,#7180),.PCURVE_S1.);
#7169 = LINE('',#7170,#7171);
#7170 = CARTESIAN_POINT('',(90.4,-10.4,6.4));
#7171 = VECTOR('',#7172,1.);
#7172 = DIRECTION('',(0.,1.,0.));
#7173 = PCURVE('',#7072,#7174);
#7174 = DEFINITIONAL_REPRESENTATION('',(#7175),#7179);
#7175 = LINE('',#7176,#7177);
#7176 = CARTESIAN_POINT('',(64.8,0.));
#7177 = VECTOR('',#7178,1.);
#7178 = DIRECTION('',(0.,1.));
#7179 = ( GEOMETRIC_REPRESENTATION_CONTEXT(2) 
PARAMETRIC_REPRESENTATION_CONTEXT() REPRESENTATION_CONTEXT('2D SPACE',''
  ) );
#7180 = PCURVE('',#7148,#7181);
#7181 = DEFINITIONAL_REPRESENTATION('',(#7182),#7186);
#7182 = LINE('',#7183,#7184);
#7183 = CARTESIAN_POINT('',(12.8,0.));
#7184 = VECTOR('',#7185,1.);
#7185 = DIRECTION('',(0.,-1.));
#7186 = ( GEOMETRIC_REPRESENTATION_CONTEXT(2) 
PARAMETRIC_REPRESENTATION_CONTEXT() REPRESENTATION_CONTEXT('2D SPACE',''
  ) );
#7187 = ORIENTED_EDGE('',*,*,#7188,.F.);
#7188 = EDGE_CURVE('',#7031,#7166,#7189,.T.);
#7189 = SURFACE_CURVE('',#7190,(#7194,#7201),.PCURVE_S1.);
#7190 = LINE('',#7191,#7192);
#7191 = CARTESIAN_POINT('',(25.6,10.4,6.4));
#7192 = VECTOR('',#7193,1.);
#7193 = DIRECTION('',(1.,0.,0.));
#7194 = PCURVE('',#7072,#7195);
#7195 = DEFINITIONAL_REPRESENTATION('',(#7196),#7200);
#7196 = LINE('',#7197,#7198);
#7197 = CARTESIAN_POINT('',(0.,20.8));
#7198 = VECTOR('',#7199,1.);
#7199 = DIRECTION('',(1.,0.));
#7200 = ( GEOMETRIC_REPRESENTATION_CONTEXT(2) 
PARAMETRIC_REPRESENTATION_CONTEXT() REPRESENTATION_CONTEXT('2D SPACE',''
  ) );
#7201 = PCURVE('',#7046,#7202);
#7202 = DEFINITIONAL_REPRESENTATION('',(#7203),#7207);
#7203 = LINE('',#7204,#7205);
#7204 = CARTESIAN_POINT('',(12.8,0.));
#7205 = VECTOR('',#7206,1.);
#7206 = DIRECTION('',(0.,1.));
#7207 = ( GEOMETRIC_REPRESENTATION_CONTEXT(2) 
PARAMETRIC_REPRESENTATION_CONTEXT() REPRESENTATION_CONTEXT('2D SPACE',''
  ) );
#7208 = ADVANCED_FACE('',(#7209),#7046,.T.);
#7209 = FACE_BOUND('',#7210,.T.);
#7210 = EDGE_LOOP('',(#7211,#7234,#7235,#7236));
#7211 = ORIENTED_EDGE('',*,*,#7212,.F.);
#7212 = EDGE_CURVE('',#7003,#7213,#7215,.T.);
#7213 = VERTEX_POINT('',#7214);
#7214 = CARTESIAN_POINT('',(90.4,10.4,-6.4));
#7215 = SURFACE_CURVE('',#7216,(#7220,#7227),.PCURVE_S1.);
#7216 = LINE('',#7217,#7218);
#7217 = CARTESIAN_POINT('',(25.6,10.4,-6.4));
#7218 = VECTOR('',#7219,1.);
#7219 = DIRECTION('',(1.,0.,0.));
#7220 = PCURVE('',#7046,#7221);
#7221 = DEFINITIONAL_REPRESENTATION('',(#7222),#7226);
#7222 = LINE('',#7223,#7224);
#7223 = CARTESIAN_POINT('',(0.,0.));
#7224 = VECTOR('',#7225,1.);
#7225 = DIRECTION('',(0.,1.));
#7226 = ( GEOMETRIC_REPRESENTATION_CONTEXT(2) 
PARAMETRIC_REPRESENTATION_CONTEXT() REPRESENTATION_CONTEXT('2D SPACE',''
  ) );
#7227 = PCURVE('',#7018,#7228);
#7228 = DEFINITIONAL_REPRESENTATION('',(#7229),#7233);
#7229 = LINE('',#7230,#7231);
#7230 = CARTESIAN_POINT('',(0.,20.8));
#7231 = VECTOR('',#7232,1.);
#7232 = DIRECTION('',(1.,0.));
#7233 = ( GEOMETRIC_REPRESENTATION_CONTEXT(2) 
PARAMETRIC_REPRESENTATION_CONTEXT() REPRESENTATION_CONTEXT('2D SPACE',''
  ) );
#7234 = ORIENTED_EDGE('',*,*,#7030,.T.);
#7235 = ORIENTED_EDGE('',*,*,#7188,.T.);
#7236 = ORIENTED_EDGE('',*,*,#7237,.F.);
#7237 = EDGE_CURVE('',#7213,#7166,#7238,.T.);
#7238 = SURFACE_CURVE('',#7239,(#7243,#7250),.PCURVE_S1.);
#7239 = LINE('',#7240,#7241);
#7240 = CARTESIAN_POINT('',(90.4,10.4,-6.4));
#7241 = VECTOR('',#7242,1.);
#7242 = DIRECTION('',(0.,0.,1.));
#7243 = PCURVE('',#7046,#7244);
#7244 = DEFINITIONAL_REPRESENTATION('',(#7245),#7249);
#7245 = LINE('',#7246,#7247);
#7246 = CARTESIAN_POINT('',(0.,64.8));
#7247 = VECTOR('',#7248,1.);
#7248 = DIRECTION('',(1.,0.));
#7249 = ( GEOMETRIC_REPRESENTATION_CONTEXT(2) 
PARAMETRIC_REPRESENTATION_CONTEXT() REPRESENTATION_CONTEXT('2D SPACE',''
  ) );
#7250 = PCURVE('',#7148,#7251);
#7251 = DEFINITIONAL_REPRESENTATION('',(#7252),#7256);
#7252 = LINE('',#7253,#7254);
#7253 = CARTESIAN_POINT('',(0.,-20.8));
#7254 = VECTOR('',#7255,1.);
#7255 = DIRECTION('',(1.,0.));
#7256 = ( GEOMETRIC_REPRESENTATION_CONTEXT(2) 
PARAMETRIC_REPRESENTATION_CONTEXT() REPRESENTATION_CONTEXT('2D SPACE',''
  ) );
#7257 = ADVANCED_FACE('',(#7258),#7018,.F.);
#7258 = FACE_BOUND('',#7259,.F.);
#7259 = EDGE_LOOP('',(#7260,#7261,#7262,#7283));
#7260 = ORIENTED_EDGE('',*,*,#7002,.F.);
#7261 = ORIENTED_EDGE('',*,*,#7087,.T.);
#7262 = ORIENTED_EDGE('',*,*,#7263,.T.);
#7263 = EDGE_CURVE('',#7088,#7213,#7264,.T.);
#7264 = SURFACE_CURVE('',#7265,(#7269,#7276),.PCURVE_S1.);
#7265 = LINE('',#7266,#7267);
#7266 = CARTESIAN_POINT('',(90.4,-10.4,-6.4));
#7267 = VECTOR('',#7268,1.);
#7268 = DIRECTION('',(0.,1.,0.));
#7269 = PCURVE('',#7018,#7270);
#7270 = DEFINITIONAL_REPRESENTATION('',(#7271),#7275);
#7271 = LINE('',#7272,#7273);
#7272 = CARTESIAN_POINT('',(64.8,0.));
#7273 = VECTOR('',#7274,1.);
#7274 = DIRECTION('',(0.,1.));
#7275 = ( GEOMETRIC_REPRESENTATION_CONTEXT(2) 
PARAMETRIC_REPRESENTATION_CONTEXT() REPRESENTATION_CONTEXT('2D SPACE',''
  ) );
#7276 = PCURVE('',#7148,#7277);
#7277 = DEFINITIONAL_REPRESENTATION('',(#7278),#7282);
#7278 = LINE('',#7279,#7280);
#7279 = CARTESIAN_POINT('',(0.,0.));
#7280 = VECTOR('',#7281,1.);
#7281 = DIRECTION('',(0.,-1.));
#7282 = ( GEOMETRIC_REPRESENTATION_CONTEXT(2) 
PARAMETRIC_REPRESENTATION_CONTEXT() REPRESENTATION_CONTEXT('2D SPACE',''
  ) );
#7283 = ORIENTED_EDGE('',*,*,#7212,.F.);
#7284 = ADVANCED_FACE('',(#7285),#7148,.T.);
#7285 = FACE_BOUND('',#7286,.T.);
#7286 = EDGE_LOOP('',(#7287,#7288,#7289,#7290));
#7287 = ORIENTED_EDGE('',*,*,#7134,.F.);
#7288 = ORIENTED_EDGE('',*,*,#7263,.T.);
#7289 = ORIENTED_EDGE('',*,*,#7237,.T.);
#7290 = ORIENTED_EDGE('',*,*,#7165,.F.);
#7291 = ORIENTED_CLOSED_SHELL('',*,#7292,.F.);
#7292 = CLOSED_SHELL('',(#7293,#7381,#7385));
#7293 = ADVANCED_FACE('',(#7294),#7308,.T.);
#7294 = FACE_BOUND('',#7295,.T.);
#7295 = EDGE_LOOP('',(#7296,#7326,#7353,#7354));
#7296 = ORIENTED_EDGE('',*,*,#7297,.T.);
#7297 = EDGE_CURVE('',#7298,#7300,#7302,.T.);
#7298 = VERTEX_POINT('',#7299);
#7299 = CARTESIAN_POINT('',(70.5,0.,39.57));
#7300 = VERTEX_POINT('',#7301);
#7301 = CARTESIAN_POINT('',(70.5,0.,33.07));
#7302 = SEAM_CURVE('',#7303,(#7307,#7319),.PCURVE_S1.);
#7303 = LINE('',#7304,#7305);
#7304 = CARTESIAN_POINT('',(70.5,0.,39.57));
#7305 = VECTOR('',#7306,1.);
#7306 = DIRECTION('',(-0.,-0.,-1.));
#7307 = PCURVE('',#7308,#7313);
#7308 = CYLINDRICAL_SURFACE('',#7309,1.5);
#7309 = AXIS2_PLACEMENT_3D('',#7310,#7311,#7312);
#7310 = CARTESIAN_POINT('',(69.,0.,39.57));
#7311 = DIRECTION('',(0.,0.,1.));
#7312 = DIRECTION('',(1.,0.,0.));
#7313 = DEFINITIONAL_REPRESENTATION('',(#7314),#7318);
#7314 = LINE('',#7315,#7316);
#7315 = CARTESIAN_POINT('',(0.,0.));
#7316 = VECTOR('',#7317,1.);
#7317 = DIRECTION('',(0.,-1.));
#7318 = ( GEOMETRIC_REPRESENTATION_CONTEXT(2) 
PARAMETRIC_REPRESENTATION_CONTEXT() REPRESENTATION_CONTEXT('2D SPACE',''
  ) );
#7319 = PCURVE('',#7308,#7320);
#7320 = DEFINITIONAL_REPRESENTATION('',(#7321),#7325);
#7321 = LINE('',#7322,#7323);
#7322 = CARTESIAN_POINT('',(6.28318530718,0.));
#7323 = VECTOR('',#7324,1.);
#7324 = DIRECTION('',(0.,-1.));
#7325 = ( GEOMETRIC_REPRESENTATION_CONTEXT(2) 
PARAMETRIC_REPRESENTATION_CONTEXT() REPRESENTATION_CONTEXT('2D SPACE',''
  ) );
#7326 = ORIENTED_EDGE('',*,*,#7327,.T.);
#7327 = EDGE_CURVE('',#7300,#7300,#7328,.T.);
#7328 = SURFACE_CURVE('',#7329,(#7334,#7341),.PCURVE_S1.);
#7329 = CIRCLE('',#7330,1.5);
#7330 = AXIS2_PLACEMENT_3D('',#7331,#7332,#7333);
#7331 = CARTESIAN_POINT('',(69.,0.,33.07));
#7332 = DIRECTION('',(0.,0.,1.));
#7333 = DIRECTION('',(1.,0.,0.));
#7334 = PCURVE('',#7308,#7335);
#7335 = DEFINITIONAL_REPRESENTATION('',(#7336),#7340);
#7336 = LINE('',#7337,#7338);
#7337 = CARTESIAN_POINT('',(0.,-6.5));
#7338 = VECTOR('',#7339,1.);
#7339 = DIRECTION('',(1.,0.));
#7340 = ( GEOMETRIC_REPRESENTATION_CONTEXT(2) 
PARAMETRIC_REPRESENTATION_CONTEXT() REPRESENTATION_CONTEXT('2D SPACE',''
  ) );
#7341 = PCURVE('',#7342,#7347);
#7342 = PLANE('',#7343);
#7343 = AXIS2_PLACEMENT_3D('',#7344,#7345,#7346);
#7344 = CARTESIAN_POINT('',(69.,-4.255667768225E-18,33.07));
#7345 = DIRECTION('',(0.,0.,1.));
#7346 = DIRECTION('',(1.,0.,-0.));
#7347 = DEFINITIONAL_REPRESENTATION('',(#7348),#7352);
#7348 = CIRCLE('',#7349,1.5);
#7349 = AXIS2_PLACEMENT_2D('',#7350,#7351);
#7350 = CARTESIAN_POINT('',(0.,4.255667768225E-18));
#7351 = DIRECTION('',(1.,0.));
#7352 = ( GEOMETRIC_REPRESENTATION_CONTEXT(2) 
PARAMETRIC_REPRESENTATION_CONTEXT() REPRESENTATION_CONTEXT('2D SPACE',''
  ) );
#7353 = ORIENTED_EDGE('',*,*,#7297,.F.);
#7354 = ORIENTED_EDGE('',*,*,#7355,.F.);
#7355 = EDGE_CURVE('',#7298,#7298,#7356,.T.);
#7356 = SURFACE_CURVE('',#7357,(#7362,#7369),.PCURVE_S1.);
#7357 = CIRCLE('',#7358,1.5);
#7358 = AXIS2_PLACEMENT_3D('',#7359,#7360,#7361);
#7359 = CARTESIAN_POINT('',(69.,0.,39.57));
#7360 = DIRECTION('',(0.,0.,1.));
#7361 = DIRECTION('',(1.,0.,0.));
#7362 = PCURVE('',#7308,#7363);
#7363 = DEFINITIONAL_REPRESENTATION('',(#7364),#7368);
#7364 = LINE('',#7365,#7366);
#7365 = CARTESIAN_POINT('',(0.,0.));
#7366 = VECTOR('',#7367,1.);
#7367 = DIRECTION('',(1.,0.));
#7368 = ( GEOMETRIC_REPRESENTATION_CONTEXT(2) 
PARAMETRIC_REPRESENTATION_CONTEXT() REPRESENTATION_CONTEXT('2D SPACE',''
  ) );
#7369 = PCURVE('',#7370,#7375);
#7370 = PLANE('',#7371);
#7371 = AXIS2_PLACEMENT_3D('',#7372,#7373,#7374);
#7372 = CARTESIAN_POINT('',(69.,-4.255667768225E-18,39.57));
#7373 = DIRECTION('',(0.,0.,1.));
#7374 = DIRECTION('',(1.,0.,-0.));
#7375 = DEFINITIONAL_REPRESENTATION('',(#7376),#7380);
#7376 = CIRCLE('',#7377,1.5);
#7377 = AXIS2_PLACEMENT_2D('',#7378,#7379);
#7378 = CARTESIAN_POINT('',(0.,4.255667768225E-18));
#7379 = DIRECTION('',(1.,0.));
#7380 = ( GEOMETRIC_REPRESENTATION_CONTEXT(2) 
PARAMETRIC_REPRESENTATION_CONTEXT() REPRESENTATION_CONTEXT('2D SPACE',''
  ) );
#7381 = ADVANCED_FACE('',(#7382),#7370,.T.);
#7382 = FACE_BOUND('',#7383,.T.);
#7383 = EDGE_LOOP('',(#7384));
#7384 = ORIENTED_EDGE('',*,*,#7355,.T.);
#7385 = ADVANCED_FACE('',(#7386),#7342,.F.);
#7386 = FACE_BOUND('',#7387,.F.);
#7387 = EDGE_LOOP('',(#7388));
#7388 = ORIENTED_EDGE('',*,*,#7327,.T.);
#7389 = ( GEOMETRIC_REPRESENTATION_CONTEXT(3) 
GLOBAL_UNCERTAINTY_ASSIGNED_CONTEXT((#7393)) 
GLOBAL_UNIT_ASSIGNED_CONTEXT((#7390,#7391,#7392)) REPRESENTATION_CONTEXT
('Context #1','3D Context with UNIT and UNCERTAINTY') );
#7390 = ( LENGTH_UNIT() NAMED_UNIT(*) SI_UNIT(.MILLI.,.METRE.) );
#7391 = ( NAMED_UNIT(*) PLANE_ANGLE_UNIT() SI_UNIT($,.RADIAN.) );
#7392 = ( NAMED_UNIT(*) SI_UNIT($,.STERADIAN.) SOLID_ANGLE_UNIT() );
#7393 = UNCERTAINTY_MEASURE_WITH_UNIT(LENGTH_MEASURE(5.E-05),#7390,
  'distance_accuracy_value','confusion accuracy');
#7394 = CONTEXT_DEPENDENT_SHAPE_REPRESENTATION(#7395,#7397);
#7395 = ( REPRESENTATION_RELATIONSHIP('','',#36,#10) 
REPRESENTATION_RELATIONSHIP_WITH_TRANSFORMATION(#7396) 
SHAPE_REPRESENTATION_RELATIONSHIP() );
#7396 = ITEM_DEFINED_TRANSFORMATION('','',#11,#15);
#7397 = PRODUCT_DEFINITION_SHAPE('Placement','Placement of an item',
  #7398);
#7398 = NEXT_ASSEMBLY_USAGE_OCCURRENCE('10','','',#5,#31,$);
#7399 = PRODUCT_RELATED_PRODUCT_CATEGORY('part',$,(#33));
#7400 = SHAPE_DEFINITION_REPRESENTATION(#7401,#7407);
#7401 = PRODUCT_DEFINITION_SHAPE('','',#7402);
#7402 = PRODUCT_DEFINITION('design','',#7403,#7406);
#7403 = PRODUCT_DEFINITION_FORMATION('','',#7404);
#7404 = PRODUCT('Open CASCADE STEP translator 7.9 17.2',
  'Open CASCADE STEP translator 7.9 17.2','',(#7405));
#7405 = PRODUCT_CONTEXT('',#2,'mechanical');
#7406 = PRODUCT_DEFINITION_CONTEXT('part definition',#2,'design');
#7407 = ADVANCED_BREP_SHAPE_REPRESENTATION('',(#11,#7408),#8074);
#7408 = MANIFOLD_SOLID_BREP('',#7409);
#7409 = CLOSED_SHELL('',(#7410,#7530,#7730,#7784,#7834,#7959,#7986,#8013
    ,#8040,#8067));
#7410 = ADVANCED_FACE('',(#7411),#7425,.F.);
#7411 = FACE_BOUND('',#7412,.F.);
#7412 = EDGE_LOOP('',(#7413,#7448,#7476,#7504));
#7413 = ORIENTED_EDGE('',*,*,#7414,.F.);
#7414 = EDGE_CURVE('',#7415,#7417,#7419,.T.);
#7415 = VERTEX_POINT('',#7416);
#7416 = CARTESIAN_POINT('',(108.,-15.,-9.));
#7417 = VERTEX_POINT('',#7418);
#7418 = CARTESIAN_POINT('',(108.,-15.,9.));
#7419 = SURFACE_CURVE('',#7420,(#7424,#7436),.PCURVE_S1.);
#7420 = LINE('',#7421,#7422);
#7421 = CARTESIAN_POINT('',(108.,-15.,-11.));
#7422 = VECTOR('',#7423,1.);
#7423 = DIRECTION('',(0.,0.,1.));
#7424 = PCURVE('',#7425,#7430);
#7425 = PLANE('',#7426);
#7426 = AXIS2_PLACEMENT_3D('',#7427,#7428,#7429);
#7427 = CARTESIAN_POINT('',(108.,-15.,-11.));
#7428 = DIRECTION('',(1.,0.,0.));
#7429 = DIRECTION('',(0.,0.,1.));
#7430 = DEFINITIONAL_REPRESENTATION('',(#7431),#7435);
#7431 = LINE('',#7432,#7433);
#7432 = CARTESIAN_POINT('',(0.,0.));
#7433 = VECTOR('',#7434,1.);
#7434 = DIRECTION('',(1.,0.));
#7435 = ( GEOMETRIC_REPRESENTATION_CONTEXT(2) 
PARAMETRIC_REPRESENTATION_CONTEXT() REPRESENTATION_CONTEXT('2D SPACE',''
  ) );
#7436 = PCURVE('',#7437,#7442);
#7437 = PLANE('',#7438);
#7438 = AXIS2_PLACEMENT_3D('',#7439,#7440,#7441);
#7439 = CARTESIAN_POINT('',(108.,-15.,-11.));
#7440 = DIRECTION('',(0.,1.,0.));
#7441 = DIRECTION('',(0.,0.,1.));
#7442 = DEFINITIONAL_REPRESENTATION('',(#7443),#7447);
#7443 = LINE('',#7444,#7445);
#7444 = CARTESIAN_POINT('',(0.,0.));
#7445 = VECTOR('',#7446,1.);
#7446 = DIRECTION('',(1.,0.));
#7447 = ( GEOMETRIC_REPRESENTATION_CONTEXT(2) 
PARAMETRIC_REPRESENTATION_CONTEXT() REPRESENTATION_CONTEXT('2D SPACE',''
  ) );
#7448 = ORIENTED_EDGE('',*,*,#7449,.T.);
#7449 = EDGE_CURVE('',#7415,#7450,#7452,.T.);
#7450 = VERTEX_POINT('',#7451);
#7451 = CARTESIAN_POINT('',(108.,15.,-9.));
#7452 = SURFACE_CURVE('',#7453,(#7457,#7464),.PCURVE_S1.);
#7453 = LINE('',#7454,#7455);
#7454 = CARTESIAN_POINT('',(108.,-15.,-9.));
#7455 = VECTOR('',#7456,1.);
#7456 = DIRECTION('',(0.,1.,0.));
#7457 = PCURVE('',#7425,#7458);
#7458 = DEFINITIONAL_REPRESENTATION('',(#7459),#7463);
#7459 = LINE('',#7460,#7461);
#7460 = CARTESIAN_POINT('',(2.,0.));
#7461 = VECTOR('',#7462,1.);
#7462 = DIRECTION('',(0.,-1.));
#7463 = ( GEOMETRIC_REPRESENTATION_CONTEXT(2) 
PARAMETRIC_REPRESENTATION_CONTEXT() REPRESENTATION_CONTEXT('2D SPACE',''
  ) );
#7464 = PCURVE('',#7465,#7470);
#7465 = CYLINDRICAL_SURFACE('',#7466,2.);
#7466 = AXIS2_PLACEMENT_3D('',#7467,#7468,#7469);
#7467 = CARTESIAN_POINT('',(110.,-15.,-9.));
#7468 = DIRECTION('',(0.,1.,0.));
#7469 = DIRECTION('',(-1.,0.,0.));
#7470 = DEFINITIONAL_REPRESENTATION('',(#7471),#7475);
#7471 = LINE('',#7472,#7473);
#7472 = CARTESIAN_POINT('',(-0.,0.));
#7473 = VECTOR('',#7474,1.);
#7474 = DIRECTION('',(-0.,1.));
#7475 = ( GEOMETRIC_REPRESENTATION_CONTEXT(2) 
PARAMETRIC_REPRESENTATION_CONTEXT() REPRESENTATION_CONTEXT('2D SPACE',''
  ) );
#7476 = ORIENTED_EDGE('',*,*,#7477,.T.);
#7477 = EDGE_CURVE('',#7450,#7478,#7480,.T.);
#7478 = VERTEX_POINT('',#7479);
#7479 = CARTESIAN_POINT('',(108.,15.,9.));
#7480 = SURFACE_CURVE('',#7481,(#7485,#7492),.PCURVE_S1.);
#7481 = LINE('',#7482,#7483);
#7482 = CARTESIAN_POINT('',(108.,15.,-11.));
#7483 = VECTOR('',#7484,1.);
#7484 = DIRECTION('',(0.,0.,1.));
#7485 = PCURVE('',#7425,#7486);
#7486 = DEFINITIONAL_REPRESENTATION('',(#7487),#7491);
#7487 = LINE('',#7488,#7489);
#7488 = CARTESIAN_POINT('',(0.,-30.));
#7489 = VECTOR('',#7490,1.);
#7490 = DIRECTION('',(1.,0.));
#7491 = ( GEOMETRIC_REPRESENTATION_CONTEXT(2) 
PARAMETRIC_REPRESENTATION_CONTEXT() REPRESENTATION_CONTEXT('2D SPACE',''
  ) );
#7492 = PCURVE('',#7493,#7498);
#7493 = PLANE('',#7494);
#7494 = AXIS2_PLACEMENT_3D('',#7495,#7496,#7497);
#7495 = CARTESIAN_POINT('',(108.,15.,-11.));
#7496 = DIRECTION('',(0.,1.,0.));
#7497 = DIRECTION('',(0.,0.,1.));
#7498 = DEFINITIONAL_REPRESENTATION('',(#7499),#7503);
#7499 = LINE('',#7500,#7501);
#7500 = CARTESIAN_POINT('',(0.,0.));
#7501 = VECTOR('',#7502,1.);
#7502 = DIRECTION('',(1.,0.));
#7503 = ( GEOMETRIC_REPRESENTATION_CONTEXT(2) 
PARAMETRIC_REPRESENTATION_CONTEXT() REPRESENTATION_CONTEXT('2D SPACE',''
  ) );
#7504 = ORIENTED_EDGE('',*,*,#7505,.F.);
#7505 = EDGE_CURVE('',#7417,#7478,#7506,.T.);
#7506 = SURFACE_CURVE('',#7507,(#7511,#7518),.PCURVE_S1.);
#7507 = LINE('',#7508,#7509);
#7508 = CARTESIAN_POINT('',(108.,-15.,9.));
#7509 = VECTOR('',#7510,1.);
#7510 = DIRECTION('',(0.,1.,0.));
#7511 = PCURVE('',#7425,#7512);
#7512 = DEFINITIONAL_REPRESENTATION('',(#7513),#7517);
#7513 = LINE('',#7514,#7515);
#7514 = CARTESIAN_POINT('',(20.,0.));
#7515 = VECTOR('',#7516,1.);
#7516 = DIRECTION('',(0.,-1.));
#7517 = ( GEOMETRIC_REPRESENTATION_CONTEXT(2) 
PARAMETRIC_REPRESENTATION_CONTEXT() REPRESENTATION_CONTEXT('2D SPACE',''
  ) );
#7518 = PCURVE('',#7519,#7524);
#7519 = CYLINDRICAL_SURFACE('',#7520,2.);
#7520 = AXIS2_PLACEMENT_3D('',#7521,#7522,#7523);
#7521 = CARTESIAN_POINT('',(110.,-15.,9.));
#7522 = DIRECTION('',(0.,1.,0.));
#7523 = DIRECTION('',(-1.,0.,0.));
#7524 = DEFINITIONAL_REPRESENTATION('',(#7525),#7529);
#7525 = LINE('',#7526,#7527);
#7526 = CARTESIAN_POINT('',(0.,0.));
#7527 = VECTOR('',#7528,1.);
#7528 = DIRECTION('',(0.,1.));
#7529 = ( GEOMETRIC_REPRESENTATION_CONTEXT(2) 
PARAMETRIC_REPRESENTATION_CONTEXT() REPRESENTATION_CONTEXT('2D SPACE',''
  ) );
#7530 = ADVANCED_FACE('',(#7531),#7437,.F.);
#7531 = FACE_BOUND('',#7532,.F.);
#7532 = EDGE_LOOP('',(#7533,#7563,#7589,#7590,#7614,#7642,#7675,#7703));
#7533 = ORIENTED_EDGE('',*,*,#7534,.F.);
#7534 = EDGE_CURVE('',#7535,#7537,#7539,.T.);
#7535 = VERTEX_POINT('',#7536);
#7536 = CARTESIAN_POINT('',(110.,-15.,-11.));
#7537 = VERTEX_POINT('',#7538);
#7538 = CARTESIAN_POINT('',(126.,-15.,-11.));
#7539 = SURFACE_CURVE('',#7540,(#7544,#7551),.PCURVE_S1.);
#7540 = LINE('',#7541,#7542);
#7541 = CARTESIAN_POINT('',(108.,-15.,-11.));
#7542 = VECTOR('',#7543,1.);
#7543 = DIRECTION('',(1.,0.,0.));
#7544 = PCURVE('',#7437,#7545);
#7545 = DEFINITIONAL_REPRESENTATION('',(#7546),#7550);
#7546 = LINE('',#7547,#7548);
#7547 = CARTESIAN_POINT('',(0.,0.));
#7548 = VECTOR('',#7549,1.);
#7549 = DIRECTION('',(0.,1.));
#7550 = ( GEOMETRIC_REPRESENTATION_CONTEXT(2) 
PARAMETRIC_REPRESENTATION_CONTEXT() REPRESENTATION_CONTEXT('2D SPACE',''
  ) );
#7551 = PCURVE('',#7552,#7557);
#7552 = PLANE('',#7553);
#7553 = AXIS2_PLACEMENT_3D('',#7554,#7555,#7556);
#7554 = CARTESIAN_POINT('',(108.,-15.,-11.));
#7555 = DIRECTION('',(0.,0.,1.));
#7556 = DIRECTION('',(1.,0.,0.));
#7557 = DEFINITIONAL_REPRESENTATION('',(#7558),#7562);
#7558 = LINE('',#7559,#7560);
#7559 = CARTESIAN_POINT('',(0.,0.));
#7560 = VECTOR('',#7561,1.);
#7561 = DIRECTION('',(1.,0.));
#7562 = ( GEOMETRIC_REPRESENTATION_CONTEXT(2) 
PARAMETRIC_REPRESENTATION_CONTEXT() REPRESENTATION_CONTEXT('2D SPACE',''
  ) );
#7563 = ORIENTED_EDGE('',*,*,#7564,.F.);
#7564 = EDGE_CURVE('',#7415,#7535,#7565,.T.);
#7565 = SURFACE_CURVE('',#7566,(#7571,#7582),.PCURVE_S1.);
#7566 = CIRCLE('',#7567,2.);
#7567 = AXIS2_PLACEMENT_3D('',#7568,#7569,#7570);
#7568 = CARTESIAN_POINT('',(110.,-15.,-9.));
#7569 = DIRECTION('',(-0.,-1.,0.));
#7570 = DIRECTION('',(0.,-0.,1.));
#7571 = PCURVE('',#7437,#7572);
#7572 = DEFINITIONAL_REPRESENTATION('',(#7573),#7581);
#7573 = ( BOUNDED_CURVE() B_SPLINE_CURVE(2,(#7574,#7575,#7576,#7577,
#7578,#7579,#7580),.UNSPECIFIED.,.T.,.F.) B_SPLINE_CURVE_WITH_KNOTS((1,2
    ,2,2,2,1),(-2.094395102393,0.,2.094395102393,4.188790204786,
6.28318530718,8.377580409573),.UNSPECIFIED.) CURVE() 
GEOMETRIC_REPRESENTATION_ITEM() RATIONAL_B_SPLINE_CURVE((1.,0.5,1.,0.5,
1.,0.5,1.)) REPRESENTATION_ITEM('') );
#7574 = CARTESIAN_POINT('',(4.,2.));
#7575 = CARTESIAN_POINT('',(4.,-1.464101615138));
#7576 = CARTESIAN_POINT('',(1.,0.267949192431));
#7577 = CARTESIAN_POINT('',(-2.,2.));
#7578 = CARTESIAN_POINT('',(1.,3.732050807569));
#7579 = CARTESIAN_POINT('',(4.,5.464101615138));
#7580 = CARTESIAN_POINT('',(4.,2.));
#7581 = ( GEOMETRIC_REPRESENTATION_CONTEXT(2) 
PARAMETRIC_REPRESENTATION_CONTEXT() REPRESENTATION_CONTEXT('2D SPACE',''
  ) );
#7582 = PCURVE('',#7465,#7583);
#7583 = DEFINITIONAL_REPRESENTATION('',(#7584),#7588);
#7584 = LINE('',#7585,#7586);
#7585 = CARTESIAN_POINT('',(1.570796326795,-0.));
#7586 = VECTOR('',#7587,1.);
#7587 = DIRECTION('',(-1.,0.));
#7588 = ( GEOMETRIC_REPRESENTATION_CONTEXT(2) 
PARAMETRIC_REPRESENTATION_CONTEXT() REPRESENTATION_CONTEXT('2D SPACE',''
  ) );
#7589 = ORIENTED_EDGE('',*,*,#7414,.T.);
#7590 = ORIENTED_EDGE('',*,*,#7591,.T.);
#7591 = EDGE_CURVE('',#7417,#7592,#7594,.T.);
#7592 = VERTEX_POINT('',#7593);
#7593 = CARTESIAN_POINT('',(110.,-15.,11.));
#7594 = SURFACE_CURVE('',#7595,(#7600,#7607),.PCURVE_S1.);
#7595 = CIRCLE('',#7596,2.);
#7596 = AXIS2_PLACEMENT_3D('',#7597,#7598,#7599);
#7597 = CARTESIAN_POINT('',(110.,-15.,9.));
#7598 = DIRECTION('',(0.,1.,0.));
#7599 = DIRECTION('',(0.,-0.,1.));
#7600 = PCURVE('',#7437,#7601);
#7601 = DEFINITIONAL_REPRESENTATION('',(#7602),#7606);
#7602 = CIRCLE('',#7603,2.);
#7603 = AXIS2_PLACEMENT_2D('',#7604,#7605);
#7604 = CARTESIAN_POINT('',(20.,2.));
#7605 = DIRECTION('',(1.,0.));
#7606 = ( GEOMETRIC_REPRESENTATION_CONTEXT(2) 
PARAMETRIC_REPRESENTATION_CONTEXT() REPRESENTATION_CONTEXT('2D SPACE',''
  ) );
#7607 = PCURVE('',#7519,#7608);
#7608 = DEFINITIONAL_REPRESENTATION('',(#7609),#7613);
#7609 = LINE('',#7610,#7611);
#7610 = CARTESIAN_POINT('',(-4.712388980385,0.));
#7611 = VECTOR('',#7612,1.);
#7612 = DIRECTION('',(1.,0.));
#7613 = ( GEOMETRIC_REPRESENTATION_CONTEXT(2) 
PARAMETRIC_REPRESENTATION_CONTEXT() REPRESENTATION_CONTEXT('2D SPACE',''
  ) );
#7614 = ORIENTED_EDGE('',*,*,#7615,.T.);
#7615 = EDGE_CURVE('',#7592,#7616,#7618,.T.);
#7616 = VERTEX_POINT('',#7617);
#7617 = CARTESIAN_POINT('',(126.,-15.,11.));
#7618 = SURFACE_CURVE('',#7619,(#7623,#7630),.PCURVE_S1.);
#7619 = LINE('',#7620,#7621);
#7620 = CARTESIAN_POINT('',(108.,-15.,11.));
#7621 = VECTOR('',#7622,1.);
#7622 = DIRECTION('',(1.,0.,0.));
#7623 = PCURVE('',#7437,#7624);
#7624 = DEFINITIONAL_REPRESENTATION('',(#7625),#7629);
#7625 = LINE('',#7626,#7627);
#7626 = CARTESIAN_POINT('',(22.,0.));
#7627 = VECTOR('',#7628,1.);
#7628 = DIRECTION('',(0.,1.));
#7629 = ( GEOMETRIC_REPRESENTATION_CONTEXT(2) 
PARAMETRIC_REPRESENTATION_CONTEXT() REPRESENTATION_CONTEXT('2D SPACE',''
  ) );
#7630 = PCURVE('',#7631,#7636);
#7631 = PLANE('',#7632);
#7632 = AXIS2_PLACEMENT_3D('',#7633,#7634,#7635);
#7633 = CARTESIAN_POINT('',(108.,-15.,11.));
#7634 = DIRECTION('',(0.,0.,1.));
#7635 = DIRECTION('',(1.,0.,0.));
#7636 = DEFINITIONAL_REPRESENTATION('',(#7637),#7641);
#7637 = LINE('',#7638,#7639);
#7638 = CARTESIAN_POINT('',(0.,0.));
#7639 = VECTOR('',#7640,1.);
#7640 = DIRECTION('',(1.,0.));
#7641 = ( GEOMETRIC_REPRESENTATION_CONTEXT(2) 
PARAMETRIC_REPRESENTATION_CONTEXT() REPRESENTATION_CONTEXT('2D SPACE',''
  ) );
#7642 = ORIENTED_EDGE('',*,*,#7643,.F.);
#7643 = EDGE_CURVE('',#7644,#7616,#7646,.T.);
#7644 = VERTEX_POINT('',#7645);
#7645 = CARTESIAN_POINT('',(128.,-15.,9.));
#7646 = SURFACE_CURVE('',#7647,(#7652,#7663),.PCURVE_S1.);
#7647 = CIRCLE('',#7648,2.);
#7648 = AXIS2_PLACEMENT_3D('',#7649,#7650,#7651);
#7649 = CARTESIAN_POINT('',(126.,-15.,9.));
#7650 = DIRECTION('',(-0.,-1.,0.));
#7651 = DIRECTION('',(0.,-0.,1.));
#7652 = PCURVE('',#7437,#7653);
#7653 = DEFINITIONAL_REPRESENTATION('',(#7654),#7662);
#7654 = ( BOUNDED_CURVE() B_SPLINE_CURVE(2,(#7655,#7656,#7657,#7658,
#7659,#7660,#7661),.UNSPECIFIED.,.T.,.F.) B_SPLINE_CURVE_WITH_KNOTS((1,2
    ,2,2,2,1),(-2.094395102393,0.,2.094395102393,4.188790204786,
6.28318530718,8.377580409573),.UNSPECIFIED.) CURVE() 
GEOMETRIC_REPRESENTATION_ITEM() RATIONAL_B_SPLINE_CURVE((1.,0.5,1.,0.5,
1.,0.5,1.)) REPRESENTATION_ITEM('') );
#7655 = CARTESIAN_POINT('',(22.,18.));
#7656 = CARTESIAN_POINT('',(22.,14.535898384862));
#7657 = CARTESIAN_POINT('',(19.,16.267949192431));
#7658 = CARTESIAN_POINT('',(16.,18.));
#7659 = CARTESIAN_POINT('',(19.,19.732050807569));
#7660 = CARTESIAN_POINT('',(22.,21.464101615138));
#7661 = CARTESIAN_POINT('',(22.,18.));
#7662 = ( GEOMETRIC_REPRESENTATION_CONTEXT(2) 
PARAMETRIC_REPRESENTATION_CONTEXT() REPRESENTATION_CONTEXT('2D SPACE',''
  ) );
#7663 = PCURVE('',#7664,#7669);
#7664 = CYLINDRICAL_SURFACE('',#7665,2.);
#7665 = AXIS2_PLACEMENT_3D('',#7666,#7667,#7668);
#7666 = CARTESIAN_POINT('',(126.,-15.,9.));
#7667 = DIRECTION('',(0.,1.,0.));
#7668 = DIRECTION('',(1.,0.,-0.));
#7669 = DEFINITIONAL_REPRESENTATION('',(#7670),#7674);
#7670 = LINE('',#7671,#7672);
#7671 = CARTESIAN_POINT('',(4.712388980385,-0.));
#7672 = VECTOR('',#7673,1.);
#7673 = DIRECTION('',(-1.,0.));
#7674 = ( GEOMETRIC_REPRESENTATION_CONTEXT(2) 
PARAMETRIC_REPRESENTATION_CONTEXT() REPRESENTATION_CONTEXT('2D SPACE',''
  ) );
#7675 = ORIENTED_EDGE('',*,*,#7676,.F.);
#7676 = EDGE_CURVE('',#7677,#7644,#7679,.T.);
#7677 = VERTEX_POINT('',#7678);
#7678 = CARTESIAN_POINT('',(128.,-15.,-9.));
#7679 = SURFACE_CURVE('',#7680,(#7684,#7691),.PCURVE_S1.);
#7680 = LINE('',#7681,#7682);
#7681 = CARTESIAN_POINT('',(128.,-15.,-11.));
#7682 = VECTOR('',#7683,1.);
#7683 = DIRECTION('',(0.,0.,1.));
#7684 = PCURVE('',#7437,#7685);
#7685 = DEFINITIONAL_REPRESENTATION('',(#7686),#7690);
#7686 = LINE('',#7687,#7688);
#7687 = CARTESIAN_POINT('',(0.,20.));
#7688 = VECTOR('',#7689,1.);
#7689 = DIRECTION('',(1.,0.));
#7690 = ( GEOMETRIC_REPRESENTATION_CONTEXT(2) 
PARAMETRIC_REPRESENTATION_CONTEXT() REPRESENTATION_CONTEXT('2D SPACE',''
  ) );
#7691 = PCURVE('',#7692,#7697);
#7692 = PLANE('',#7693);
#7693 = AXIS2_PLACEMENT_3D('',#7694,#7695,#7696);
#7694 = CARTESIAN_POINT('',(128.,-15.,-11.));
#7695 = DIRECTION('',(1.,0.,0.));
#7696 = DIRECTION('',(0.,0.,1.));
#7697 = DEFINITIONAL_REPRESENTATION('',(#7698),#7702);
#7698 = LINE('',#7699,#7700);
#7699 = CARTESIAN_POINT('',(0.,0.));
#7700 = VECTOR('',#7701,1.);
#7701 = DIRECTION('',(1.,0.));
#7702 = ( GEOMETRIC_REPRESENTATION_CONTEXT(2) 
PARAMETRIC_REPRESENTATION_CONTEXT() REPRESENTATION_CONTEXT('2D SPACE',''
  ) );
#7703 = ORIENTED_EDGE('',*,*,#7704,.T.);
#7704 = EDGE_CURVE('',#7677,#7537,#7705,.T.);
#7705 = SURFACE_CURVE('',#7706,(#7711,#7718),.PCURVE_S1.);
#7706 = CIRCLE('',#7707,2.);
#7707 = AXIS2_PLACEMENT_3D('',#7708,#7709,#7710);
#7708 = CARTESIAN_POINT('',(126.,-15.,-9.));
#7709 = DIRECTION('',(0.,1.,0.));
#7710 = DIRECTION('',(0.,-0.,1.));
#7711 = PCURVE('',#7437,#7712);
#7712 = DEFINITIONAL_REPRESENTATION('',(#7713),#7717);
#7713 = CIRCLE('',#7714,2.);
#7714 = AXIS2_PLACEMENT_2D('',#7715,#7716);
#7715 = CARTESIAN_POINT('',(2.,18.));
#7716 = DIRECTION('',(1.,0.));
#7717 = ( GEOMETRIC_REPRESENTATION_CONTEXT(2) 
PARAMETRIC_REPRESENTATION_CONTEXT() REPRESENTATION_CONTEXT('2D SPACE',''
  ) );
#7718 = PCURVE('',#7719,#7724);
#7719 = CYLINDRICAL_SURFACE('',#7720,2.);
#7720 = AXIS2_PLACEMENT_3D('',#7721,#7722,#7723);
#7721 = CARTESIAN_POINT('',(126.,-15.,-9.));
#7722 = DIRECTION('',(0.,1.,0.));
#7723 = DIRECTION('',(1.,0.,-0.));
#7724 = DEFINITIONAL_REPRESENTATION('',(#7725),#7729);
#7725 = LINE('',#7726,#7727);
#7726 = CARTESIAN_POINT('',(-1.570796326795,0.));
#7727 = VECTOR('',#7728,1.);
#7728 = DIRECTION('',(1.,0.));
#7729 = ( GEOMETRIC_REPRESENTATION_CONTEXT(2) 
PARAMETRIC_REPRESENTATION_CONTEXT() REPRESENTATION_CONTEXT('2D SPACE',''
  ) );
#7730 = ADVANCED_FACE('',(#7731),#7465,.T.);
#7731 = FACE_BOUND('',#7732,.F.);
#7732 = EDGE_LOOP('',(#7733,#7734,#7757,#7783));
#7733 = ORIENTED_EDGE('',*,*,#7564,.T.);
#7734 = ORIENTED_EDGE('',*,*,#7735,.T.);
#7735 = EDGE_CURVE('',#7535,#7736,#7738,.T.);
#7736 = VERTEX_POINT('',#7737);
#7737 = CARTESIAN_POINT('',(110.,15.,-11.));
#7738 = SURFACE_CURVE('',#7739,(#7743,#7750),.PCURVE_S1.);
#7739 = LINE('',#7740,#7741);
#7740 = CARTESIAN_POINT('',(110.,-15.,-11.));
#7741 = VECTOR('',#7742,1.);
#7742 = DIRECTION('',(0.,1.,0.));
#7743 = PCURVE('',#7465,#7744);
#7744 = DEFINITIONAL_REPRESENTATION('',(#7745),#7749);
#7745 = LINE('',#7746,#7747);
#7746 = CARTESIAN_POINT('',(-1.570796326795,0.));
#7747 = VECTOR('',#7748,1.);
#7748 = DIRECTION('',(-0.,1.));
#7749 = ( GEOMETRIC_REPRESENTATION_CONTEXT(2) 
PARAMETRIC_REPRESENTATION_CONTEXT() REPRESENTATION_CONTEXT('2D SPACE',''
  ) );
#7750 = PCURVE('',#7552,#7751);
#7751 = DEFINITIONAL_REPRESENTATION('',(#7752),#7756);
#7752 = LINE('',#7753,#7754);
#7753 = CARTESIAN_POINT('',(2.,0.));
#7754 = VECTOR('',#7755,1.);
#7755 = DIRECTION('',(0.,1.));
#7756 = ( GEOMETRIC_REPRESENTATION_CONTEXT(2) 
PARAMETRIC_REPRESENTATION_CONTEXT() REPRESENTATION_CONTEXT('2D SPACE',''
  ) );
#7757 = ORIENTED_EDGE('',*,*,#7758,.F.);
#7758 = EDGE_CURVE('',#7450,#7736,#7759,.T.);
#7759 = SURFACE_CURVE('',#7760,(#7765,#7772),.PCURVE_S1.);
#7760 = CIRCLE('',#7761,2.);
#7761 = AXIS2_PLACEMENT_3D('',#7762,#7763,#7764);
#7762 = CARTESIAN_POINT('',(110.,15.,-9.));
#7763 = DIRECTION('',(-0.,-1.,0.));
#7764 = DIRECTION('',(0.,-0.,1.));
#7765 = PCURVE('',#7465,#7766);
#7766 = DEFINITIONAL_REPRESENTATION('',(#7767),#7771);
#7767 = LINE('',#7768,#7769);
#7768 = CARTESIAN_POINT('',(1.570796326795,30.));
#7769 = VECTOR('',#7770,1.);
#7770 = DIRECTION('',(-1.,0.));
#7771 = ( GEOMETRIC_REPRESENTATION_CONTEXT(2) 
PARAMETRIC_REPRESENTATION_CONTEXT() REPRESENTATION_CONTEXT('2D SPACE',''
  ) );
#7772 = PCURVE('',#7493,#7773);
#7773 = DEFINITIONAL_REPRESENTATION('',(#7774),#7782);
#7774 = ( BOUNDED_CURVE() B_SPLINE_CURVE(2,(#7775,#7776,#7777,#7778,
#7779,#7780,#7781),.UNSPECIFIED.,.T.,.F.) B_SPLINE_CURVE_WITH_KNOTS((1,2
    ,2,2,2,1),(-2.094395102393,0.,2.094395102393,4.188790204786,
6.28318530718,8.377580409573),.UNSPECIFIED.) CURVE() 
GEOMETRIC_REPRESENTATION_ITEM() RATIONAL_B_SPLINE_CURVE((1.,0.5,1.,0.5,
1.,0.5,1.)) REPRESENTATION_ITEM('') );
#7775 = CARTESIAN_POINT('',(4.,2.));
#7776 = CARTESIAN_POINT('',(4.,-1.464101615138));
#7777 = CARTESIAN_POINT('',(1.,0.267949192431));
#7778 = CARTESIAN_POINT('',(-2.,2.));
#7779 = CARTESIAN_POINT('',(1.,3.732050807569));
#7780 = CARTESIAN_POINT('',(4.,5.464101615138));
#7781 = CARTESIAN_POINT('',(4.,2.));
#7782 = ( GEOMETRIC_REPRESENTATION_CONTEXT(2) 
PARAMETRIC_REPRESENTATION_CONTEXT() REPRESENTATION_CONTEXT('2D SPACE',''
  ) );
#7783 = ORIENTED_EDGE('',*,*,#7449,.F.);
#7784 = ADVANCED_FACE('',(#7785),#7519,.T.);
#7785 = FACE_BOUND('',#7786,.T.);
#7786 = EDGE_LOOP('',(#7787,#7788,#7811,#7833));
#7787 = ORIENTED_EDGE('',*,*,#7591,.T.);
#7788 = ORIENTED_EDGE('',*,*,#7789,.T.);
#7789 = EDGE_CURVE('',#7592,#7790,#7792,.T.);
#7790 = VERTEX_POINT('',#7791);
#7791 = CARTESIAN_POINT('',(110.,15.,11.));
#7792 = SURFACE_CURVE('',#7793,(#7797,#7804),.PCURVE_S1.);
#7793 = LINE('',#7794,#7795);
#7794 = CARTESIAN_POINT('',(110.,-15.,11.));
#7795 = VECTOR('',#7796,1.);
#7796 = DIRECTION('',(0.,1.,0.));
#7797 = PCURVE('',#7519,#7798);
#7798 = DEFINITIONAL_REPRESENTATION('',(#7799),#7803);
#7799 = LINE('',#7800,#7801);
#7800 = CARTESIAN_POINT('',(1.570796326795,0.));
#7801 = VECTOR('',#7802,1.);
#7802 = DIRECTION('',(0.,1.));
#7803 = ( GEOMETRIC_REPRESENTATION_CONTEXT(2) 
PARAMETRIC_REPRESENTATION_CONTEXT() REPRESENTATION_CONTEXT('2D SPACE',''
  ) );
#7804 = PCURVE('',#7631,#7805);
#7805 = DEFINITIONAL_REPRESENTATION('',(#7806),#7810);
#7806 = LINE('',#7807,#7808);
#7807 = CARTESIAN_POINT('',(2.,0.));
#7808 = VECTOR('',#7809,1.);
#7809 = DIRECTION('',(0.,1.));
#7810 = ( GEOMETRIC_REPRESENTATION_CONTEXT(2) 
PARAMETRIC_REPRESENTATION_CONTEXT() REPRESENTATION_CONTEXT('2D SPACE',''
  ) );
#7811 = ORIENTED_EDGE('',*,*,#7812,.F.);
#7812 = EDGE_CURVE('',#7478,#7790,#7813,.T.);
#7813 = SURFACE_CURVE('',#7814,(#7819,#7826),.PCURVE_S1.);
#7814 = CIRCLE('',#7815,2.);
#7815 = AXIS2_PLACEMENT_3D('',#7816,#7817,#7818);
#7816 = CARTESIAN_POINT('',(110.,15.,9.));
#7817 = DIRECTION('',(0.,1.,0.));
#7818 = DIRECTION('',(0.,-0.,1.));
#7819 = PCURVE('',#7519,#7820);
#7820 = DEFINITIONAL_REPRESENTATION('',(#7821),#7825);
#7821 = LINE('',#7822,#7823);
#7822 = CARTESIAN_POINT('',(-4.712388980385,30.));
#7823 = VECTOR('',#7824,1.);
#7824 = DIRECTION('',(1.,0.));
#7825 = ( GEOMETRIC_REPRESENTATION_CONTEXT(2) 
PARAMETRIC_REPRESENTATION_CONTEXT() REPRESENTATION_CONTEXT('2D SPACE',''
  ) );
#7826 = PCURVE('',#7493,#7827);
#7827 = DEFINITIONAL_REPRESENTATION('',(#7828),#7832);
#7828 = CIRCLE('',#7829,2.);
#7829 = AXIS2_PLACEMENT_2D('',#7830,#7831);
#7830 = CARTESIAN_POINT('',(20.,2.));
#7831 = DIRECTION('',(1.,0.));
#7832 = ( GEOMETRIC_REPRESENTATION_CONTEXT(2) 
PARAMETRIC_REPRESENTATION_CONTEXT() REPRESENTATION_CONTEXT('2D SPACE',''
  ) );
#7833 = ORIENTED_EDGE('',*,*,#7505,.F.);
#7834 = ADVANCED_FACE('',(#7835),#7493,.T.);
#7835 = FACE_BOUND('',#7836,.T.);
#7836 = EDGE_LOOP('',(#7837,#7860,#7861,#7862,#7863,#7886,#7914,#7937));
#7837 = ORIENTED_EDGE('',*,*,#7838,.F.);
#7838 = EDGE_CURVE('',#7736,#7839,#7841,.T.);
#7839 = VERTEX_POINT('',#7840);
#7840 = CARTESIAN_POINT('',(126.,15.,-11.));
#7841 = SURFACE_CURVE('',#7842,(#7846,#7853),.PCURVE_S1.);
#7842 = LINE('',#7843,#7844);
#7843 = CARTESIAN_POINT('',(108.,15.,-11.));
#7844 = VECTOR('',#7845,1.);
#7845 = DIRECTION('',(1.,0.,0.));
#7846 = PCURVE('',#7493,#7847);
#7847 = DEFINITIONAL_REPRESENTATION('',(#7848),#7852);
#7848 = LINE('',#7849,#7850);
#7849 = CARTESIAN_POINT('',(0.,0.));
#7850 = VECTOR('',#7851,1.);
#7851 = DIRECTION('',(0.,1.));
#7852 = ( GEOMETRIC_REPRESENTATION_CONTEXT(2) 
PARAMETRIC_REPRESENTATION_CONTEXT() REPRESENTATION_CONTEXT('2D SPACE',''
  ) );
#7853 = PCURVE('',#7552,#7854);
#7854 = DEFINITIONAL_REPRESENTATION('',(#7855),#7859);
#7855 = LINE('',#7856,#7857);
#7856 = CARTESIAN_POINT('',(0.,30.));
#7857 = VECTOR('',#7858,1.);
#7858 = DIRECTION('',(1.,0.));
#7859 = ( GEOMETRIC_REPRESENTATION_CONTEXT(2) 
PARAMETRIC_REPRESENTATION_CONTEXT() REPRESENTATION_CONTEXT('2D SPACE',''
  ) );
#7860 = ORIENTED_EDGE('',*,*,#7758,.F.);
#7861 = ORIENTED_EDGE('',*,*,#7477,.T.);
#7862 = ORIENTED_EDGE('',*,*,#7812,.T.);
#7863 = ORIENTED_EDGE('',*,*,#7864,.T.);
#7864 = EDGE_CURVE('',#7790,#7865,#7867,.T.);
#7865 = VERTEX_POINT('',#7866);
#7866 = CARTESIAN_POINT('',(126.,15.,11.));
#7867 = SURFACE_CURVE('',#7868,(#7872,#7879),.PCURVE_S1.);
#7868 = LINE('',#7869,#7870);
#7869 = CARTESIAN_POINT('',(108.,15.,11.));
#7870 = VECTOR('',#7871,1.);
#7871 = DIRECTION('',(1.,0.,0.));
#7872 = PCURVE('',#7493,#7873);
#7873 = DEFINITIONAL_REPRESENTATION('',(#7874),#7878);
#7874 = LINE('',#7875,#7876);
#7875 = CARTESIAN_POINT('',(22.,0.));
#7876 = VECTOR('',#7877,1.);
#7877 = DIRECTION('',(0.,1.));
#7878 = ( GEOMETRIC_REPRESENTATION_CONTEXT(2) 
PARAMETRIC_REPRESENTATION_CONTEXT() REPRESENTATION_CONTEXT('2D SPACE',''
  ) );
#7879 = PCURVE('',#7631,#7880);
#7880 = DEFINITIONAL_REPRESENTATION('',(#7881),#7885);
#7881 = LINE('',#7882,#7883);
#7882 = CARTESIAN_POINT('',(0.,30.));
#7883 = VECTOR('',#7884,1.);
#7884 = DIRECTION('',(1.,0.));
#7885 = ( GEOMETRIC_REPRESENTATION_CONTEXT(2) 
PARAMETRIC_REPRESENTATION_CONTEXT() REPRESENTATION_CONTEXT('2D SPACE',''
  ) );
#7886 = ORIENTED_EDGE('',*,*,#7887,.F.);
#7887 = EDGE_CURVE('',#7888,#7865,#7890,.T.);
#7888 = VERTEX_POINT('',#7889);
#7889 = CARTESIAN_POINT('',(128.,15.,9.));
#7890 = SURFACE_CURVE('',#7891,(#7896,#7907),.PCURVE_S1.);
#7891 = CIRCLE('',#7892,2.);
#7892 = AXIS2_PLACEMENT_3D('',#7893,#7894,#7895);
#7893 = CARTESIAN_POINT('',(126.,15.,9.));
#7894 = DIRECTION('',(-0.,-1.,0.));
#7895 = DIRECTION('',(0.,-0.,1.));
#7896 = PCURVE('',#7493,#7897);
#7897 = DEFINITIONAL_REPRESENTATION('',(#7898),#7906);
#7898 = ( BOUNDED_CURVE() B_SPLINE_CURVE(2,(#7899,#7900,#7901,#7902,
#7903,#7904,#7905),.UNSPECIFIED.,.T.,.F.) B_SPLINE_CURVE_WITH_KNOTS((1,2
    ,2,2,2,1),(-2.094395102393,0.,2.094395102393,4.188790204786,
6.28318530718,8.377580409573),.UNSPECIFIED.) CURVE() 
GEOMETRIC_REPRESENTATION_ITEM() RATIONAL_B_SPLINE_CURVE((1.,0.5,1.,0.5,
1.,0.5,1.)) REPRESENTATION_ITEM('') );
#7899 = CARTESIAN_POINT('',(22.,18.));
#7900 = CARTESIAN_POINT('',(22.,14.535898384862));
#7901 = CARTESIAN_POINT('',(19.,16.267949192431));
#7902 = CARTESIAN_POINT('',(16.,18.));
#7903 = CARTESIAN_POINT('',(19.,19.732050807569));
#7904 = CARTESIAN_POINT('',(22.,21.464101615138));
#7905 = CARTESIAN_POINT('',(22.,18.));
#7906 = ( GEOMETRIC_REPRESENTATION_CONTEXT(2) 
PARAMETRIC_REPRESENTATION_CONTEXT() REPRESENTATION_CONTEXT('2D SPACE',''
  ) );
#7907 = PCURVE('',#7664,#7908);
#7908 = DEFINITIONAL_REPRESENTATION('',(#7909),#7913);
#7909 = LINE('',#7910,#7911);
#7910 = CARTESIAN_POINT('',(4.712388980385,30.));
#7911 = VECTOR('',#7912,1.);
#7912 = DIRECTION('',(-1.,0.));
#7913 = ( GEOMETRIC_REPRESENTATION_CONTEXT(2) 
PARAMETRIC_REPRESENTATION_CONTEXT() REPRESENTATION_CONTEXT('2D SPACE',''
  ) );
#7914 = ORIENTED_EDGE('',*,*,#7915,.F.);
#7915 = EDGE_CURVE('',#7916,#7888,#7918,.T.);
#7916 = VERTEX_POINT('',#7917);
#7917 = CARTESIAN_POINT('',(128.,15.,-9.));
#7918 = SURFACE_CURVE('',#7919,(#7923,#7930),.PCURVE_S1.);
#7919 = LINE('',#7920,#7921);
#7920 = CARTESIAN_POINT('',(128.,15.,-11.));
#7921 = VECTOR('',#7922,1.);
#7922 = DIRECTION('',(0.,0.,1.));
#7923 = PCURVE('',#7493,#7924);
#7924 = DEFINITIONAL_REPRESENTATION('',(#7925),#7929);
#7925 = LINE('',#7926,#7927);
#7926 = CARTESIAN_POINT('',(0.,20.));
#7927 = VECTOR('',#7928,1.);
#7928 = DIRECTION('',(1.,0.));
#7929 = ( GEOMETRIC_REPRESENTATION_CONTEXT(2) 
PARAMETRIC_REPRESENTATION_CONTEXT() REPRESENTATION_CONTEXT('2D SPACE',''
  ) );
#7930 = PCURVE('',#7692,#7931);
#7931 = DEFINITIONAL_REPRESENTATION('',(#7932),#7936);
#7932 = LINE('',#7933,#7934);
#7933 = CARTESIAN_POINT('',(0.,-30.));
#7934 = VECTOR('',#7935,1.);
#7935 = DIRECTION('',(1.,0.));
#7936 = ( GEOMETRIC_REPRESENTATION_CONTEXT(2) 
PARAMETRIC_REPRESENTATION_CONTEXT() REPRESENTATION_CONTEXT('2D SPACE',''
  ) );
#7937 = ORIENTED_EDGE('',*,*,#7938,.T.);
#7938 = EDGE_CURVE('',#7916,#7839,#7939,.T.);
#7939 = SURFACE_CURVE('',#7940,(#7945,#7952),.PCURVE_S1.);
#7940 = CIRCLE('',#7941,2.);
#7941 = AXIS2_PLACEMENT_3D('',#7942,#7943,#7944);
#7942 = CARTESIAN_POINT('',(126.,15.,-9.));
#7943 = DIRECTION('',(0.,1.,0.));
#7944 = DIRECTION('',(0.,-0.,1.));
#7945 = PCURVE('',#7493,#7946);
#7946 = DEFINITIONAL_REPRESENTATION('',(#7947),#7951);
#7947 = CIRCLE('',#7948,2.);
#7948 = AXIS2_PLACEMENT_2D('',#7949,#7950);
#7949 = CARTESIAN_POINT('',(2.,18.));
#7950 = DIRECTION('',(1.,0.));
#7951 = ( GEOMETRIC_REPRESENTATION_CONTEXT(2) 
PARAMETRIC_REPRESENTATION_CONTEXT() REPRESENTATION_CONTEXT('2D SPACE',''
  ) );
#7952 = PCURVE('',#7719,#7953);
#7953 = DEFINITIONAL_REPRESENTATION('',(#7954),#7958);
#7954 = LINE('',#7955,#7956);
#7955 = CARTESIAN_POINT('',(-1.570796326795,30.));
#7956 = VECTOR('',#7957,1.);
#7957 = DIRECTION('',(1.,0.));
#7958 = ( GEOMETRIC_REPRESENTATION_CONTEXT(2) 
PARAMETRIC_REPRESENTATION_CONTEXT() REPRESENTATION_CONTEXT('2D SPACE',''
  ) );
#7959 = ADVANCED_FACE('',(#7960),#7552,.F.);
#7960 = FACE_BOUND('',#7961,.F.);
#7961 = EDGE_LOOP('',(#7962,#7963,#7964,#7965));
#7962 = ORIENTED_EDGE('',*,*,#7838,.F.);
#7963 = ORIENTED_EDGE('',*,*,#7735,.F.);
#7964 = ORIENTED_EDGE('',*,*,#7534,.T.);
#7965 = ORIENTED_EDGE('',*,*,#7966,.T.);
#7966 = EDGE_CURVE('',#7537,#7839,#7967,.T.);
#7967 = SURFACE_CURVE('',#7968,(#7972,#7979),.PCURVE_S1.);
#7968 = LINE('',#7969,#7970);
#7969 = CARTESIAN_POINT('',(126.,-15.,-11.));
#7970 = VECTOR('',#7971,1.);
#7971 = DIRECTION('',(0.,1.,0.));
#7972 = PCURVE('',#7552,#7973);
#7973 = DEFINITIONAL_REPRESENTATION('',(#7974),#7978);
#7974 = LINE('',#7975,#7976);
#7975 = CARTESIAN_POINT('',(18.,0.));
#7976 = VECTOR('',#7977,1.);
#7977 = DIRECTION('',(0.,1.));
#7978 = ( GEOMETRIC_REPRESENTATION_CONTEXT(2) 
PARAMETRIC_REPRESENTATION_CONTEXT() REPRESENTATION_CONTEXT('2D SPACE',''
  ) );
#7979 = PCURVE('',#7719,#7980);
#7980 = DEFINITIONAL_REPRESENTATION('',(#7981),#7985);
#7981 = LINE('',#7982,#7983);
#7982 = CARTESIAN_POINT('',(1.570796326795,0.));
#7983 = VECTOR('',#7984,1.);
#7984 = DIRECTION('',(0.,1.));
#7985 = ( GEOMETRIC_REPRESENTATION_CONTEXT(2) 
PARAMETRIC_REPRESENTATION_CONTEXT() REPRESENTATION_CONTEXT('2D SPACE',''
  ) );
#7986 = ADVANCED_FACE('',(#7987),#7719,.T.);
#7987 = FACE_BOUND('',#7988,.T.);
#7988 = EDGE_LOOP('',(#7989,#7990,#7991,#7992));
#7989 = ORIENTED_EDGE('',*,*,#7704,.T.);
#7990 = ORIENTED_EDGE('',*,*,#7966,.T.);
#7991 = ORIENTED_EDGE('',*,*,#7938,.F.);
#7992 = ORIENTED_EDGE('',*,*,#7993,.F.);
#7993 = EDGE_CURVE('',#7677,#7916,#7994,.T.);
#7994 = SURFACE_CURVE('',#7995,(#7999,#8006),.PCURVE_S1.);
#7995 = LINE('',#7996,#7997);
#7996 = CARTESIAN_POINT('',(128.,-15.,-9.));
#7997 = VECTOR('',#7998,1.);
#7998 = DIRECTION('',(0.,1.,0.));
#7999 = PCURVE('',#7719,#8000);
#8000 = DEFINITIONAL_REPRESENTATION('',(#8001),#8005);
#8001 = LINE('',#8002,#8003);
#8002 = CARTESIAN_POINT('',(0.,0.));
#8003 = VECTOR('',#8004,1.);
#8004 = DIRECTION('',(0.,1.));
#8005 = ( GEOMETRIC_REPRESENTATION_CONTEXT(2) 
PARAMETRIC_REPRESENTATION_CONTEXT() REPRESENTATION_CONTEXT('2D SPACE',''
  ) );
#8006 = PCURVE('',#7692,#8007);
#8007 = DEFINITIONAL_REPRESENTATION('',(#8008),#8012);
#8008 = LINE('',#8009,#8010);
#8009 = CARTESIAN_POINT('',(2.,0.));
#8010 = VECTOR('',#8011,1.);
#8011 = DIRECTION('',(0.,-1.));
#8012 = ( GEOMETRIC_REPRESENTATION_CONTEXT(2) 
PARAMETRIC_REPRESENTATION_CONTEXT() REPRESENTATION_CONTEXT('2D SPACE',''
  ) );
#8013 = ADVANCED_FACE('',(#8014),#7692,.T.);
#8014 = FACE_BOUND('',#8015,.T.);
#8015 = EDGE_LOOP('',(#8016,#8017,#8018,#8019));
#8016 = ORIENTED_EDGE('',*,*,#7676,.F.);
#8017 = ORIENTED_EDGE('',*,*,#7993,.T.);
#8018 = ORIENTED_EDGE('',*,*,#7915,.T.);
#8019 = ORIENTED_EDGE('',*,*,#8020,.F.);
#8020 = EDGE_CURVE('',#7644,#7888,#8021,.T.);
#8021 = SURFACE_CURVE('',#8022,(#8026,#8033),.PCURVE_S1.);
#8022 = LINE('',#8023,#8024);
#8023 = CARTESIAN_POINT('',(128.,-15.,9.));
#8024 = VECTOR('',#8025,1.);
#8025 = DIRECTION('',(0.,1.,0.));
#8026 = PCURVE('',#7692,#8027);
#8027 = DEFINITIONAL_REPRESENTATION('',(#8028),#8032);
#8028 = LINE('',#8029,#8030);
#8029 = CARTESIAN_POINT('',(20.,0.));
#8030 = VECTOR('',#8031,1.);
#8031 = DIRECTION('',(0.,-1.));
#8032 = ( GEOMETRIC_REPRESENTATION_CONTEXT(2) 
PARAMETRIC_REPRESENTATION_CONTEXT() REPRESENTATION_CONTEXT('2D SPACE',''
  ) );
#8033 = PCURVE('',#7664,#8034);
#8034 = DEFINITIONAL_REPRESENTATION('',(#8035),#8039);
#8035 = LINE('',#8036,#8037);
#8036 = CARTESIAN_POINT('',(-0.,0.));
#8037 = VECTOR('',#8038,1.);
#8038 = DIRECTION('',(-0.,1.));
#8039 = ( GEOMETRIC_REPRESENTATION_CONTEXT(2) 
PARAMETRIC_REPRESENTATION_CONTEXT() REPRESENTATION_CONTEXT('2D SPACE',''
  ) );
#8040 = ADVANCED_FACE('',(#8041),#7664,.T.);
#8041 = FACE_BOUND('',#8042,.F.);
#8042 = EDGE_LOOP('',(#8043,#8044,#8065,#8066));
#8043 = ORIENTED_EDGE('',*,*,#7643,.T.);
#8044 = ORIENTED_EDGE('',*,*,#8045,.T.);
#8045 = EDGE_CURVE('',#7616,#7865,#8046,.T.);
#8046 = SURFACE_CURVE('',#8047,(#8051,#8058),.PCURVE_S1.);
#8047 = LINE('',#8048,#8049);
#8048 = CARTESIAN_POINT('',(126.,-15.,11.));
#8049 = VECTOR('',#8050,1.);
#8050 = DIRECTION('',(0.,1.,0.));
#8051 = PCURVE('',#7664,#8052);
#8052 = DEFINITIONAL_REPRESENTATION('',(#8053),#8057);
#8053 = LINE('',#8054,#8055);
#8054 = CARTESIAN_POINT('',(-1.570796326795,0.));
#8055 = VECTOR('',#8056,1.);
#8056 = DIRECTION('',(-0.,1.));
#8057 = ( GEOMETRIC_REPRESENTATION_CONTEXT(2) 
PARAMETRIC_REPRESENTATION_CONTEXT() REPRESENTATION_CONTEXT('2D SPACE',''
  ) );
#8058 = PCURVE('',#7631,#8059);
#8059 = DEFINITIONAL_REPRESENTATION('',(#8060),#8064);
#8060 = LINE('',#8061,#8062);
#8061 = CARTESIAN_POINT('',(18.,0.));
#8062 = VECTOR('',#8063,1.);
#8063 = DIRECTION('',(0.,1.));
#8064 = ( GEOMETRIC_REPRESENTATION_CONTEXT(2) 
PARAMETRIC_REPRESENTATION_CONTEXT() REPRESENTATION_CONTEXT('2D SPACE',''
  ) );
#8065 = ORIENTED_EDGE('',*,*,#7887,.F.);
#8066 = ORIENTED_EDGE('',*,*,#8020,.F.);
#8067 = ADVANCED_FACE('',(#8068),#7631,.T.);
#8068 = FACE_BOUND('',#8069,.T.);
#8069 = EDGE_LOOP('',(#8070,#8071,#8072,#8073));
#8070 = ORIENTED_EDGE('',*,*,#7864,.F.);
#8071 = ORIENTED_EDGE('',*,*,#7789,.F.);
#8072 = ORIENTED_EDGE('',*,*,#7615,.T.);
#8073 = ORIENTED_EDGE('',*,*,#8045,.T.);
#8074 = ( GEOMETRIC_REPRESENTATION_CONTEXT(3) 
GLOBAL_UNCERTAINTY_ASSIGNED_CONTEXT((#8078)) 
GLOBAL_UNIT_ASSIGNED_CONTEXT((#8075,#8076,#8077)) REPRESENTATION_CONTEXT
('Context #1','3D Context with UNIT and UNCERTAINTY') );
#8075 = ( LENGTH_UNIT() NAMED_UNIT(*) SI_UNIT(.MILLI.,.METRE.) );
#8076 = ( NAMED_UNIT(*) PLANE_ANGLE_UNIT() SI_UNIT($,.RADIAN.) );
#8077 = ( NAMED_UNIT(*) SI_UNIT($,.STERADIAN.) SOLID_ANGLE_UNIT() );
#8078 = UNCERTAINTY_MEASURE_WITH_UNIT(LENGTH_MEASURE(1.E-07),#8075,
  'distance_accuracy_value','confusion accuracy');
#8079 = CONTEXT_DEPENDENT_SHAPE_REPRESENTATION(#8080,#8082);
#8080 = ( REPRESENTATION_RELATIONSHIP('','',#7407,#10) 
REPRESENTATION_RELATIONSHIP_WITH_TRANSFORMATION(#8081) 
SHAPE_REPRESENTATION_RELATIONSHIP() );
#8081 = ITEM_DEFINED_TRANSFORMATION('','',#11,#19);
#8082 = PRODUCT_DEFINITION_SHAPE('Placement','Placement of an item',
  #8083);
#8083 = NEXT_ASSEMBLY_USAGE_OCCURRENCE('11','','',#5,#7402,$);
#8084 = PRODUCT_RELATED_PRODUCT_CATEGORY('part',$,(#7404));
ENDSEC;
END-ISO-10303-21;
