ISO-10303-21;
HEADER;
FILE_DESCRIPTION(('Open CASCADE Model'),'2;1');
FILE_NAME('Open CASCADE Shape Model','2026-08-25T14:01:15',('Author'),(
    'Open CASCADE'),'Open CASCADE STEP processor 7.9','Open CASCADE 7.9'
  ,'Unknown');
FILE_SCHEMA(('AUTOMOTIVE_DESIGN { 1 0 10303 214 1 1 1 1 }'));
ENDSEC;
DATA;
#1 = APPLICATION_PROTOCOL_DEFINITION('international standard',
  'automotive_design',2000,#2);
#2 = APPLICATION_CONTEXT(
  'core data for automotive mechanical design processes');
#3 = SHAPE_DEFINITION_REPRESENTATION(#4,#10);
#4 = PRODUCT_DEFINITION_SHAPE('','',#5);
#5 = PRODUCT_DEFINITION('design','',#6,#9);
#6 = PRODUCT_DEFINITION_FORMATION('','',#7);
#7 = PRODUCT('Open CASCADE STEP translator 7.9 19',
  'Open CASCADE STEP translator 7.9 19','',(#8));
#8 = PRODUCT_CONTEXT('',#2,'mechanical');
#9 = PRODUCT_DEFINITION_CONTEXT('part definition',#2,'design');
#10 = SHAPE_REPRESENTATION('',(#11,#15,#19,#23,#27),#31);
#11 = AXIS2_PLACEMENT_3D('',#12,#13,#14);
#12 = CARTESIAN_POINT('',(0.,0.,0.));
#13 = DIRECTION('',(0.,0.,1.));
#14 = DIRECTION('',(1.,0.,-0.));
#15 = AXIS2_PLACEMENT_3D('',#16,#17,#18);
#16 = CARTESIAN_POINT('',(0.,0.,0.));
#17 = DIRECTION('',(0.,0.,1.));
#18 = DIRECTION('',(1.,0.,-0.));
#19 = AXIS2_PLACEMENT_3D('',#20,#21,#22);
#20 = CARTESIAN_POINT('',(0.,0.,0.));
#21 = DIRECTION('',(0.,0.,1.));
#22 = DIRECTION('',(1.,0.,-0.));
#23 = AXIS2_PLACEMENT_3D('',#24,#25,#26);
#24 = CARTESIAN_POINT('',(0.,0.,0.));
#25 = DIRECTION('',(0.,0.,1.));
#26 = DIRECTION('',(1.,0.,0.));
#27 = AXIS2_PLACEMENT_3D('',#28,#29,#30);
#28 = CARTESIAN_POINT('',(0.,0.,0.));
#29 = DIRECTION('',(0.,0.,1.));
#30 = DIRECTION('',(1.,0.,0.));
#31 = ( GEOMETRIC_REPRESENTATION_CONTEXT(3) 
GLOBAL_UNCERTAINTY_ASSIGNED_CONTEXT((#35)) GLOBAL_UNIT_ASSIGNED_CONTEXT(
(#32,#33,#34)) REPRESENTATION_CONTEXT('Context #1',
  '3D Context with UNIT and UNCERTAINTY') );
#32 = ( LENGTH_UNIT() NAMED_UNIT(*) SI_UNIT(.MILLI.,.METRE.) );
#33 = ( NAMED_UNIT(*) PLANE_ANGLE_UNIT() SI_UNIT($,.RADIAN.) );
#34 = ( NAMED_UNIT(*) SI_UNIT($,.STERADIAN.) SOLID_ANGLE_UNIT() );
#35 = UNCERTAINTY_MEASURE_WITH_UNIT(LENGTH_MEASURE(1.E-07),#32,
  'distance_accuracy_value','confusion accuracy');
#36 = PRODUCT_RELATED_PRODUCT_CATEGORY('part',$,(#7));
#37 = SHAPE_DEFINITION_REPRESENTATION(#38,#44);
#38 = PRODUCT_DEFINITION_SHAPE('','',#39);
#39 = PRODUCT_DEFINITION('design','',#40,#43);
#40 = PRODUCT_DEFINITION_FORMATION('','',#41);
#41 = PRODUCT('Open CASCADE STEP translator 7.9 19.1',
  'Open CASCADE STEP translator 7.9 19.1','',(#42));
#42 = PRODUCT_CONTEXT('',#2,'mechanical');
#43 = PRODUCT_DEFINITION_CONTEXT('part definition',#2,'design');
#44 = ADVANCED_BREP_SHAPE_REPRESENTATION('',(#11,#45),#7977);
#45 = MANIFOLD_SOLID_BREP('',#46);
#46 = CLOSED_SHELL('',(#47,#710,#898,#1132,#1203,#1252,#1301,#1350,#1427
    ,#1614,#1781,#1812,#2035,#2066,#2177,#2728,#2860,#2931,#2980,#3034,
    #3061,#3193,#3269,#3340,#3367,#3422,#3451,#3480,#3612,#3897,#4019,
    #4068,#4146,#4222,#4249,#4327,#4376,#4454,#4530,#4557,#4584,#4616,
    #4748,#4824,#4895,#4922,#4977,#5004,#5033,#5060,#5087,#5219,#5290,
    #5339,#5393,#5422,#5449,#5550,#5559,#5565,#5571,#5647,#5835,#5911,
    #6125,#6152,#6179,#6206,#6233,#6284,#6291,#6318,#6345,#6372,#6403,
    #6430,#6461,#6488,#6515,#6542,#6573,#6581,#6650,#7164,#7294,#7322,
    #7328,#7813,#7839,#7971));
#47 = ADVANCED_FACE('',(#48),#62,.T.);
#48 = FACE_BOUND('',#49,.F.);
#49 = EDGE_LOOP('',(#50,#80,#107,#108,#137,#165,#198,#337,#370,#398,#427
    ,#455,#488,#627,#660,#688));
#50 = ORIENTED_EDGE('',*,*,#51,.F.);
#51 = EDGE_CURVE('',#52,#54,#56,.T.);
#52 = VERTEX_POINT('',#53);
#53 = CARTESIAN_POINT('',(255.,5.,17.));
#54 = VERTEX_POINT('',#55);
#55 = CARTESIAN_POINT('',(265.,5.,17.));
#56 = SEAM_CURVE('',#57,(#61,#73),.PCURVE_S1.);
#57 = LINE('',#58,#59);
#58 = CARTESIAN_POINT('',(255.,5.,17.));
#59 = VECTOR('',#60,1.);
#60 = DIRECTION('',(1.,0.,0.));
#61 = PCURVE('',#62,#67);
#62 = CYLINDRICAL_SURFACE('',#63,17.);
#63 = AXIS2_PLACEMENT_3D('',#64,#65,#66);
#64 = CARTESIAN_POINT('',(255.,5.,-5.551115123126E-16));
#65 = DIRECTION('',(-1.,0.,-0.));
#66 = DIRECTION('',(0.,1.110223024625E-16,1.));
#67 = DEFINITIONAL_REPRESENTATION('',(#68),#72);
#68 = LINE('',#69,#70);
#69 = CARTESIAN_POINT('',(-6.28318530718,0.));
#70 = VECTOR('',#71,1.);
#71 = DIRECTION('',(-0.,-1.));
#72 = ( GEOMETRIC_REPRESENTATION_CONTEXT(2) 
PARAMETRIC_REPRESENTATION_CONTEXT() REPRESENTATION_CONTEXT('2D SPACE',''
  ) );
#73 = PCURVE('',#62,#74);
#74 = DEFINITIONAL_REPRESENTATION('',(#75),#79);
#75 = LINE('',#76,#77);
#76 = CARTESIAN_POINT('',(-0.,0.));
#77 = VECTOR('',#78,1.);
#78 = DIRECTION('',(-0.,-1.));
#79 = ( GEOMETRIC_REPRESENTATION_CONTEXT(2) 
PARAMETRIC_REPRESENTATION_CONTEXT() REPRESENTATION_CONTEXT('2D SPACE',''
  ) );
#80 = ORIENTED_EDGE('',*,*,#81,.F.);
#81 = EDGE_CURVE('',#52,#52,#82,.T.);
#82 = SURFACE_CURVE('',#83,(#88,#95),.PCURVE_S1.);
#83 = CIRCLE('',#84,17.);
#84 = AXIS2_PLACEMENT_3D('',#85,#86,#87);
#85 = CARTESIAN_POINT('',(255.,5.,-5.551115123126E-16));
#86 = DIRECTION('',(1.,0.,-0.));
#87 = DIRECTION('',(0.,1.110223024625E-16,1.));
#88 = PCURVE('',#62,#89);
#89 = DEFINITIONAL_REPRESENTATION('',(#90),#94);
#90 = LINE('',#91,#92);
#91 = CARTESIAN_POINT('',(-0.,0.));
#92 = VECTOR('',#93,1.);
#93 = DIRECTION('',(-1.,0.));
#94 = ( GEOMETRIC_REPRESENTATION_CONTEXT(2) 
PARAMETRIC_REPRESENTATION_CONTEXT() REPRESENTATION_CONTEXT('2D SPACE',''
  ) );
#95 = PCURVE('',#96,#101);
#96 = PLANE('',#97);
#97 = AXIS2_PLACEMENT_3D('',#98,#99,#100);
#98 = CARTESIAN_POINT('',(255.,5.,-2.163864609418E-15));
#99 = DIRECTION('',(1.,0.,0.));
#100 = DIRECTION('',(0.,-1.,1.110223024625E-16));
#101 = DEFINITIONAL_REPRESENTATION('',(#102),#106);
#102 = CIRCLE('',#103,17.);
#103 = AXIS2_PLACEMENT_2D('',#104,#105);
#104 = CARTESIAN_POINT('',(8.881784197001E-16,-1.608753097105E-15));
#105 = DIRECTION('',(0.,-1.));
#106 = ( GEOMETRIC_REPRESENTATION_CONTEXT(2) 
PARAMETRIC_REPRESENTATION_CONTEXT() REPRESENTATION_CONTEXT('2D SPACE',''
  ) );
#107 = ORIENTED_EDGE('',*,*,#51,.T.);
#108 = ORIENTED_EDGE('',*,*,#109,.T.);
#109 = EDGE_CURVE('',#54,#110,#112,.T.);
#110 = VERTEX_POINT('',#111);
#111 = CARTESIAN_POINT('',(265.,4.,16.970562748477));
#112 = SURFACE_CURVE('',#113,(#118,#125),.PCURVE_S1.);
#113 = CIRCLE('',#114,17.);
#114 = AXIS2_PLACEMENT_3D('',#115,#116,#117);
#115 = CARTESIAN_POINT('',(265.,5.,-5.551115123126E-16));
#116 = DIRECTION('',(1.,0.,-0.));
#117 = DIRECTION('',(0.,1.110223024625E-16,1.));
#118 = PCURVE('',#62,#119);
#119 = DEFINITIONAL_REPRESENTATION('',(#120),#124);
#120 = LINE('',#121,#122);
#121 = CARTESIAN_POINT('',(-0.,-10.));
#122 = VECTOR('',#123,1.);
#123 = DIRECTION('',(-1.,0.));
#124 = ( GEOMETRIC_REPRESENTATION_CONTEXT(2) 
PARAMETRIC_REPRESENTATION_CONTEXT() REPRESENTATION_CONTEXT('2D SPACE',''
  ) );
#125 = PCURVE('',#126,#131);
#126 = PLANE('',#127);
#127 = AXIS2_PLACEMENT_3D('',#128,#129,#130);
#128 = CARTESIAN_POINT('',(265.,5.,-2.163864609418E-15));
#129 = DIRECTION('',(1.,0.,0.));
#130 = DIRECTION('',(0.,-1.,1.110223024625E-16));
#131 = DEFINITIONAL_REPRESENTATION('',(#132),#136);
#132 = CIRCLE('',#133,17.);
#133 = AXIS2_PLACEMENT_2D('',#134,#135);
#134 = CARTESIAN_POINT('',(8.881784197001E-16,-1.608753097105E-15));
#135 = DIRECTION('',(0.,-1.));
#136 = ( GEOMETRIC_REPRESENTATION_CONTEXT(2) 
PARAMETRIC_REPRESENTATION_CONTEXT() REPRESENTATION_CONTEXT('2D SPACE',''
  ) );
#137 = ORIENTED_EDGE('',*,*,#138,.T.);
#138 = EDGE_CURVE('',#110,#139,#141,.T.);
#139 = VERTEX_POINT('',#140);
#140 = CARTESIAN_POINT('',(262.,4.,16.970562748477));
#141 = SURFACE_CURVE('',#142,(#146,#153),.PCURVE_S1.);
#142 = LINE('',#143,#144);
#143 = CARTESIAN_POINT('',(255.,4.,16.970562748477));
#144 = VECTOR('',#145,1.);
#145 = DIRECTION('',(-1.,0.,-0.));
#146 = PCURVE('',#62,#147);
#147 = DEFINITIONAL_REPRESENTATION('',(#148),#152);
#148 = LINE('',#149,#150);
#149 = CARTESIAN_POINT('',(-5.885750594708E-02,0.));
#150 = VECTOR('',#151,1.);
#151 = DIRECTION('',(-0.,1.));
#152 = ( GEOMETRIC_REPRESENTATION_CONTEXT(2) 
PARAMETRIC_REPRESENTATION_CONTEXT() REPRESENTATION_CONTEXT('2D SPACE',''
  ) );
#153 = PCURVE('',#154,#159);
#154 = PLANE('',#155);
#155 = AXIS2_PLACEMENT_3D('',#156,#157,#158);
#156 = CARTESIAN_POINT('',(262.,4.,6.));
#157 = DIRECTION('',(0.,1.,0.));
#158 = DIRECTION('',(0.,0.,1.));
#159 = DEFINITIONAL_REPRESENTATION('',(#160),#164);
#160 = LINE('',#161,#162);
#161 = CARTESIAN_POINT('',(10.970562748477,-7.));
#162 = VECTOR('',#163,1.);
#163 = DIRECTION('',(0.,-1.));
#164 = ( GEOMETRIC_REPRESENTATION_CONTEXT(2) 
PARAMETRIC_REPRESENTATION_CONTEXT() REPRESENTATION_CONTEXT('2D SPACE',''
  ) );
#165 = ORIENTED_EDGE('',*,*,#166,.F.);
#166 = EDGE_CURVE('',#167,#139,#169,.T.);
#167 = VERTEX_POINT('',#168);
#168 = CARTESIAN_POINT('',(262.,2.,16.733200530682));
#169 = SURFACE_CURVE('',#170,(#175,#182),.PCURVE_S1.);
#170 = CIRCLE('',#171,17.);
#171 = AXIS2_PLACEMENT_3D('',#172,#173,#174);
#172 = CARTESIAN_POINT('',(262.,5.,-5.551115123126E-16));
#173 = DIRECTION('',(-1.,0.,0.));
#174 = DIRECTION('',(0.,1.110223024625E-16,1.));
#175 = PCURVE('',#62,#176);
#176 = DEFINITIONAL_REPRESENTATION('',(#177),#181);
#177 = LINE('',#178,#179);
#178 = CARTESIAN_POINT('',(-6.28318530718,-7.));
#179 = VECTOR('',#180,1.);
#180 = DIRECTION('',(1.,-0.));
#181 = ( GEOMETRIC_REPRESENTATION_CONTEXT(2) 
PARAMETRIC_REPRESENTATION_CONTEXT() REPRESENTATION_CONTEXT('2D SPACE',''
  ) );
#182 = PCURVE('',#183,#188);
#183 = PLANE('',#184);
#184 = AXIS2_PLACEMENT_3D('',#185,#186,#187);
#185 = CARTESIAN_POINT('',(262.,-4.,6.));
#186 = DIRECTION('',(1.,0.,0.));
#187 = DIRECTION('',(0.,0.,1.));
#188 = DEFINITIONAL_REPRESENTATION('',(#189),#197);
#189 = ( BOUNDED_CURVE() B_SPLINE_CURVE(2,(#190,#191,#192,#193,#194,#195
,#196),.UNSPECIFIED.,.T.,.F.) B_SPLINE_CURVE_WITH_KNOTS((1,2,2,2,2,1),(
    -2.094395102393,0.,2.094395102393,4.188790204786,6.28318530718,
8.377580409573),.UNSPECIFIED.) CURVE() GEOMETRIC_REPRESENTATION_ITEM() 
RATIONAL_B_SPLINE_CURVE((1.,0.5,1.,0.5,1.,0.5,1.)) REPRESENTATION_ITEM(
  '') );
#190 = CARTESIAN_POINT('',(11.,-9.));
#191 = CARTESIAN_POINT('',(11.,-38.44486372867));
#192 = CARTESIAN_POINT('',(-14.5,-23.72243186433));
#193 = CARTESIAN_POINT('',(-40.,-9.));
#194 = CARTESIAN_POINT('',(-14.5,5.722431864335));
#195 = CARTESIAN_POINT('',(11.,20.444863728671));
#196 = CARTESIAN_POINT('',(11.,-9.));
#197 = ( GEOMETRIC_REPRESENTATION_CONTEXT(2) 
PARAMETRIC_REPRESENTATION_CONTEXT() REPRESENTATION_CONTEXT('2D SPACE',''
  ) );
#198 = ORIENTED_EDGE('',*,*,#199,.F.);
#199 = EDGE_CURVE('',#200,#167,#202,.T.);
#200 = VERTEX_POINT('',#201);
#201 = CARTESIAN_POINT('',(262.,-2.,15.49193338483));
#202 = SURFACE_CURVE('',#203,(#230,#281),.PCURVE_S1.);
#203 = B_SPLINE_CURVE_WITH_KNOTS('',7,(#204,#205,#206,#207,#208,#209,
    #210,#211,#212,#213,#214,#215,#216,#217,#218,#219,#220,#221,#222,
    #223,#224,#225,#226,#227,#228,#229),.UNSPECIFIED.,.F.,.F.,(8,6,6,6,8
    ),(0.,0.534706875029,1.,1.393136497583,1.97872655719),
  .UNSPECIFIED.);
#204 = CARTESIAN_POINT('',(262.,-2.,15.49193338483));
#205 = CARTESIAN_POINT('',(262.21855873551,-2.,15.49193338483));
#206 = CARTESIAN_POINT('',(262.43701316,-1.972135690425,15.504523793001)
  );
#207 = CARTESIAN_POINT('',(262.65235632378,-1.916452695973,
    15.529684183503));
#208 = CARTESIAN_POINT('',(262.86147866723,-1.83286125617,
    15.567074239198));
#209 = CARTESIAN_POINT('',(263.06096252502,-1.721246265624,
    15.615990612344));
#210 = CARTESIAN_POINT('',(263.24684309641,-1.581584028334,
    15.675312259448));
#211 = CARTESIAN_POINT('',(263.55985658806,-1.268570536686,
    15.802840133886));
#212 = CARTESIAN_POINT('',(263.69326811245,-1.100161511651,
    15.869620402017));
#213 = CARTESIAN_POINT('',(263.80874623997,-0.910129348554,
    15.942375627878));
#214 = CARTESIAN_POINT('',(263.90117357517,-0.701002920321,
    16.01895443279));
#215 = CARTESIAN_POINT('',(263.96613361584,-0.476417277222,
    16.09690599648));
#216 = CARTESIAN_POINT('',(264.,-0.240950382691,16.173929454628));
#217 = CARTESIAN_POINT('',(264.,0.203584330949,16.310725556363));
#218 = CARTESIAN_POINT('',(263.97582274712,0.407073998518,
    16.370087281013));
#219 = CARTESIAN_POINT('',(263.92750940353,0.605911895953,
    16.424818368755));
#220 = CARTESIAN_POINT('',(263.8565031596,0.795645791927,16.474036706002
    ));
#221 = CARTESIAN_POINT('',(263.76555210986,0.972277158392,
    16.517392720375));
#222 = CARTESIAN_POINT('',(263.65865833508,1.132655499616,
    16.554905164762));
#223 = CARTESIAN_POINT('',(263.36580988214,1.486648469356,
    16.634406605147));
#224 = CARTESIAN_POINT('',(263.16445516373,1.660896652311,
    16.670225449253));
#225 = CARTESIAN_POINT('',(262.94573192403,1.798101521741,
    16.696567509675));
#226 = CARTESIAN_POINT('',(262.71570848806,1.899572304006,
    16.715196127754));
#227 = CARTESIAN_POINT('',(262.47906293019,1.966567751203,
    16.727206479041));
#228 = CARTESIAN_POINT('',(262.23939937307,2.,16.733200530682));
#229 = CARTESIAN_POINT('',(262.,2.,16.733200530682));
#230 = PCURVE('',#62,#231);
#231 = DEFINITIONAL_REPRESENTATION('',(#232),#280);
#232 = B_SPLINE_CURVE_WITH_KNOTS('',3,(#233,#234,#235,#236,#237,#238,
    #239,#240,#241,#242,#243,#244,#245,#246,#247,#248,#249,#250,#251,
    #252,#253,#254,#255,#256,#257,#258,#259,#260,#261,#262,#263,#264,
    #265,#266,#267,#268,#269,#270,#271,#272,#273,#274,#275,#276,#277,
    #278,#279),.UNSPECIFIED.,.F.,.F.,(4,1,1,1,1,1,1,1,1,1,1,1,1,1,1,1,1,
    1,1,1,1,1,1,1,1,1,1,1,1,1,1,1,1,1,1,1,1,1,1,1,1,1,1,1,4),(0.,
    4.497105811796E-02,8.994211623591E-02,0.134913174354,0.179884232472,
    0.22485529059,0.269826348708,0.314797406826,0.359768464944,
    0.404739523062,0.44971058118,0.494681639298,0.539652697415,
    0.584623755533,0.629594813651,0.674565871769,0.719536929887,
    0.764507988005,0.809479046123,0.854450104241,0.899421162359,
    0.944392220477,0.989363278595,1.034334336713,1.079305394831,
    1.124276452949,1.169247511067,1.214218569185,1.259189627303,
    1.304160685421,1.349131743539,1.394102801657,1.439073859775,
    1.484044917893,1.529015976011,1.573987034128,1.618958092246,
    1.663929150364,1.708900208482,1.7538712666,1.798842324718,
    1.843813382836,1.888784440954,1.933755499072,1.97872655719),
  .QUASI_UNIFORM_KNOTS.);
#233 = CARTESIAN_POINT('',(-0.424389708593,-7.));
#234 = CARTESIAN_POINT('',(-0.42438971763,-7.042890034783));
#235 = CARTESIAN_POINT('',(-0.424211586411,-7.12866192475));
#236 = CARTESIAN_POINT('',(-0.423410446403,-7.256909497031));
#237 = CARTESIAN_POINT('',(-0.422075808416,-7.384364352439));
#238 = CARTESIAN_POINT('',(-0.420208325905,-7.510632592935));
#239 = CARTESIAN_POINT('',(-0.4178088808,-7.635309839522));
#240 = CARTESIAN_POINT('',(-0.414878678654,-7.757977755006));
#241 = CARTESIAN_POINT('',(-0.411419302109,-7.878201961622));
#242 = CARTESIAN_POINT('',(-0.407432872778,-7.99552802001));
#243 = CARTESIAN_POINT('',(-0.402921843972,-8.10948285851));
#244 = CARTESIAN_POINT('',(-0.397890190997,-8.219555320341));
#245 = CARTESIAN_POINT('',(-0.392339416528,-8.325253659283));
#246 = CARTESIAN_POINT('',(-0.386283941577,-8.425874883761));
#247 = CARTESIAN_POINT('',(-0.379692591522,-8.521373196879));
#248 = CARTESIAN_POINT('',(-0.372569174758,-8.610949854426));
#249 = CARTESIAN_POINT('',(-0.364946051104,-8.693527231685));
#250 = CARTESIAN_POINT('',(-0.356854988184,-8.768162449914));
#251 = CARTESIAN_POINT('',(-0.34833440458,-8.833939313791));
#252 = CARTESIAN_POINT('',(-0.339426843495,-8.890000043321));
#253 = CARTESIAN_POINT('',(-0.330179344338,-8.935538858079));
#254 = CARTESIAN_POINT('',(-0.32064221139,-8.969807702139));
#255 = CARTESIAN_POINT('',(-0.310871524861,-8.992110901743));
#256 = CARTESIAN_POINT('',(-0.300918519189,-9.00183130242));
#257 = CARTESIAN_POINT('',(-0.290867984828,-8.99834091003));
#258 = CARTESIAN_POINT('',(-0.28094130138,-8.981592592789));
#259 = CARTESIAN_POINT('',(-0.271191920298,-8.951879072705));
#260 = CARTESIAN_POINT('',(-0.261707918685,-8.909650767983));
#261 = CARTESIAN_POINT('',(-0.252562615383,-8.855558621777));
#262 = CARTESIAN_POINT('',(-0.243826387311,-8.790435223205));
#263 = CARTESIAN_POINT('',(-0.235563146036,-8.715306945496));
#264 = CARTESIAN_POINT('',(-0.227826913995,-8.631345491628));
#265 = CARTESIAN_POINT('',(-0.220673272175,-8.540032199186));
#266 = CARTESIAN_POINT('',(-0.214111094677,-8.442532143473));
#267 = CARTESIAN_POINT('',(-0.208108477405,-8.339305349559));
#268 = CARTESIAN_POINT('',(-0.202665194247,-8.231164589474));
#269 = CARTESIAN_POINT('',(-0.197771911567,-8.118746217846));
#270 = CARTESIAN_POINT('',(-0.193421419914,-8.002660540193));
#271 = CARTESIAN_POINT('',(-0.189605898621,-7.883459202528));
#272 = CARTESIAN_POINT('',(-0.186317898622,-7.761650851517));
#273 = CARTESIAN_POINT('',(-0.183550307958,-7.637703261035));
#274 = CARTESIAN_POINT('',(-0.181296577977,-7.512048573931));
#275 = CARTESIAN_POINT('',(-0.179550854625,-7.385087549307));
#276 = CARTESIAN_POINT('',(-0.178308179963,-7.257193286791));
#277 = CARTESIAN_POINT('',(-0.177564479621,-7.128717332939));
#278 = CARTESIAN_POINT('',(-0.177399712444,-7.042896950476));
#279 = CARTESIAN_POINT('',(-0.17739960444,-7.));
#280 = ( GEOMETRIC_REPRESENTATION_CONTEXT(2) 
PARAMETRIC_REPRESENTATION_CONTEXT() REPRESENTATION_CONTEXT('2D SPACE',''
  ) );
#281 = PCURVE('',#282,#287);
#282 = CYLINDRICAL_SURFACE('',#283,2.);
#283 = AXIS2_PLACEMENT_3D('',#284,#285,#286);
#284 = CARTESIAN_POINT('',(262.,0.,4.));
#285 = DIRECTION('',(-0.,-0.,-1.));
#286 = DIRECTION('',(1.,0.,0.));
#287 = DEFINITIONAL_REPRESENTATION('',(#288),#336);
#288 = B_SPLINE_CURVE_WITH_KNOTS('',3,(#289,#290,#291,#292,#293,#294,
    #295,#296,#297,#298,#299,#300,#301,#302,#303,#304,#305,#306,#307,
    #308,#309,#310,#311,#312,#313,#314,#315,#316,#317,#318,#319,#320,
    #321,#322,#323,#324,#325,#326,#327,#328,#329,#330,#331,#332,#333,
    #334,#335),.UNSPECIFIED.,.F.,.F.,(4,1,1,1,1,1,1,1,1,1,1,1,1,1,1,1,1,
    1,1,1,1,1,1,1,1,1,1,1,1,1,1,1,1,1,1,1,1,1,1,1,1,1,1,1,4),(0.,
    4.497105811796E-02,8.994211623591E-02,0.134913174354,0.179884232472,
    0.22485529059,0.269826348708,0.314797406826,0.359768464944,
    0.404739523062,0.44971058118,0.494681639298,0.539652697415,
    0.584623755533,0.629594813651,0.674565871769,0.719536929887,
    0.764507988005,0.809479046123,0.854450104241,0.899421162359,
    0.944392220477,0.989363278595,1.034334336713,1.079305394831,
    1.124276452949,1.169247511067,1.214218569185,1.259189627303,
    1.304160685421,1.349131743539,1.394102801657,1.439073859775,
    1.484044917893,1.529015976011,1.573987034128,1.618958092246,
    1.663929150364,1.708900208482,1.7538712666,1.798842324718,
    1.843813382836,1.888784440954,1.933755499072,1.97872655719),
  .QUASI_UNIFORM_KNOTS.);
#289 = CARTESIAN_POINT('',(-4.712388980385,-11.49193338483));
#290 = CARTESIAN_POINT('',(-4.733834171631,-11.49193221762));
#291 = CARTESIAN_POINT('',(-4.776719858387,-11.49318111937));
#292 = CARTESIAN_POINT('',(-4.841110064092,-11.49878347667));
#293 = CARTESIAN_POINT('',(-4.905638065973,-11.50809574011));
#294 = CARTESIAN_POINT('',(-4.970378732245,-11.5210791928));
#295 = CARTESIAN_POINT('',(-5.035407110829,-11.53768166297));
#296 = CARTESIAN_POINT('',(-5.100798898409,-11.55783524477));
#297 = CARTESIAN_POINT('',(-5.166631393557,-11.58145646279));
#298 = CARTESIAN_POINT('',(-5.232983315384,-11.6084452262));
#299 = CARTESIAN_POINT('',(-5.299938711203,-11.63868636344));
#300 = CARTESIAN_POINT('',(-5.367575909699,-11.67204228938));
#301 = CARTESIAN_POINT('',(-5.436012740699,-11.70837886723));
#302 = CARTESIAN_POINT('',(-5.505242491573,-11.74746772554));
#303 = CARTESIAN_POINT('',(-5.575769514555,-11.78936022366));
#304 = CARTESIAN_POINT('',(-5.64767521636,-11.83386224327));
#305 = CARTESIAN_POINT('',(-5.720820705152,-11.88059481444));
#306 = CARTESIAN_POINT('',(-5.795148774669,-11.92918505795));
#307 = CARTESIAN_POINT('',(-5.870600706666,-11.97922565376));
#308 = CARTESIAN_POINT('',(-5.947137118943,-12.03029654859));
#309 = CARTESIAN_POINT('',(-6.024729397089,-12.08196847418));
#310 = CARTESIAN_POINT('',(-6.103366369556,-12.13381553475));
#311 = CARTESIAN_POINT('',(-6.183031154466,-12.18540751613));
#312 = CARTESIAN_POINT('',(-6.263783968202,-12.23637130651));
#313 = CARTESIAN_POINT('',(-6.345453014035,-12.2861924741));
#314 = CARTESIAN_POINT('',(-6.426771234491,-12.33377680911));
#315 = CARTESIAN_POINT('',(-6.507811694198,-12.37894216606));
#316 = CARTESIAN_POINT('',(-6.588333719392,-12.4213794156));
#317 = CARTESIAN_POINT('',(-6.66816948932,-12.46089888214));
#318 = CARTESIAN_POINT('',(-6.747115718736,-12.49736149888));
#319 = CARTESIAN_POINT('',(-6.824946271648,-12.53068868458));
#320 = CARTESIAN_POINT('',(-6.901433812074,-12.56086477937));
#321 = CARTESIAN_POINT('',(-6.976210844895,-12.58788483899));
#322 = CARTESIAN_POINT('',(-7.049260316922,-12.61192512221));
#323 = CARTESIAN_POINT('',(-7.120999551241,-12.63328967005));
#324 = CARTESIAN_POINT('',(-7.191492631439,-12.65214523656));
#325 = CARTESIAN_POINT('',(-7.260885376551,-12.6686747521));
#326 = CARTESIAN_POINT('',(-7.329291526264,-12.68303568406));
#327 = CARTESIAN_POINT('',(-7.39682547018,-12.6953709464));
#328 = CARTESIAN_POINT('',(-7.463595367511,-12.70580593567));
#329 = CARTESIAN_POINT('',(-7.529706648541,-12.7144494473));
#330 = CARTESIAN_POINT('',(-7.595262588965,-12.72139359522));
#331 = CARTESIAN_POINT('',(-7.660365532939,-12.72671420473));
#332 = CARTESIAN_POINT('',(-7.725117973234,-12.73047039186));
#333 = CARTESIAN_POINT('',(-7.789623198156,-12.73270672193));
#334 = CARTESIAN_POINT('',(-7.832532758032,-12.73319916035));
#335 = CARTESIAN_POINT('',(-7.853981633974,-12.73320053068));
#336 = ( GEOMETRIC_REPRESENTATION_CONTEXT(2) 
PARAMETRIC_REPRESENTATION_CONTEXT() REPRESENTATION_CONTEXT('2D SPACE',''
  ) );
#337 = ORIENTED_EDGE('',*,*,#338,.F.);
#338 = EDGE_CURVE('',#339,#200,#341,.T.);
#339 = VERTEX_POINT('',#340);
#340 = CARTESIAN_POINT('',(262.,-4.,14.422205101856));
#341 = SURFACE_CURVE('',#342,(#347,#354),.PCURVE_S1.);
#342 = CIRCLE('',#343,17.);
#343 = AXIS2_PLACEMENT_3D('',#344,#345,#346);
#344 = CARTESIAN_POINT('',(262.,5.,-5.551115123126E-16));
#345 = DIRECTION('',(-1.,0.,0.));
#346 = DIRECTION('',(0.,1.110223024625E-16,1.));
#347 = PCURVE('',#62,#348);
#348 = DEFINITIONAL_REPRESENTATION('',(#349),#353);
#349 = LINE('',#350,#351);
#350 = CARTESIAN_POINT('',(-6.28318530718,-7.));
#351 = VECTOR('',#352,1.);
#352 = DIRECTION('',(1.,-0.));
#353 = ( GEOMETRIC_REPRESENTATION_CONTEXT(2) 
PARAMETRIC_REPRESENTATION_CONTEXT() REPRESENTATION_CONTEXT('2D SPACE',''
  ) );
#354 = PCURVE('',#355,#360);
#355 = PLANE('',#356);
#356 = AXIS2_PLACEMENT_3D('',#357,#358,#359);
#357 = CARTESIAN_POINT('',(262.,-4.,6.));
#358 = DIRECTION('',(1.,0.,0.));
#359 = DIRECTION('',(0.,0.,1.));
#360 = DEFINITIONAL_REPRESENTATION('',(#361),#369);
#361 = ( BOUNDED_CURVE() B_SPLINE_CURVE(2,(#362,#363,#364,#365,#366,#367
,#368),.UNSPECIFIED.,.T.,.F.) B_SPLINE_CURVE_WITH_KNOTS((1,2,2,2,2,1),(
    -2.094395102393,0.,2.094395102393,4.188790204786,6.28318530718,
8.377580409573),.UNSPECIFIED.) CURVE() GEOMETRIC_REPRESENTATION_ITEM() 
RATIONAL_B_SPLINE_CURVE((1.,0.5,1.,0.5,1.,0.5,1.)) REPRESENTATION_ITEM(
  '') );
#362 = CARTESIAN_POINT('',(11.,-9.));
#363 = CARTESIAN_POINT('',(11.,-38.44486372867));
#364 = CARTESIAN_POINT('',(-14.5,-23.72243186433));
#365 = CARTESIAN_POINT('',(-40.,-9.));
#366 = CARTESIAN_POINT('',(-14.5,5.722431864335));
#367 = CARTESIAN_POINT('',(11.,20.444863728671));
#368 = CARTESIAN_POINT('',(11.,-9.));
#369 = ( GEOMETRIC_REPRESENTATION_CONTEXT(2) 
PARAMETRIC_REPRESENTATION_CONTEXT() REPRESENTATION_CONTEXT('2D SPACE',''
  ) );
#370 = ORIENTED_EDGE('',*,*,#371,.F.);
#371 = EDGE_CURVE('',#372,#339,#374,.T.);
#372 = VERTEX_POINT('',#373);
#373 = CARTESIAN_POINT('',(265.,-4.,14.422205101856));
#374 = SURFACE_CURVE('',#375,(#379,#386),.PCURVE_S1.);
#375 = LINE('',#376,#377);
#376 = CARTESIAN_POINT('',(255.,-4.,14.422205101856));
#377 = VECTOR('',#378,1.);
#378 = DIRECTION('',(-1.,0.,-0.));
#379 = PCURVE('',#62,#380);
#380 = DEFINITIONAL_REPRESENTATION('',(#381),#385);
#381 = LINE('',#382,#383);
#382 = CARTESIAN_POINT('',(-0.557907039968,0.));
#383 = VECTOR('',#384,1.);
#384 = DIRECTION('',(-0.,1.));
#385 = ( GEOMETRIC_REPRESENTATION_CONTEXT(2) 
PARAMETRIC_REPRESENTATION_CONTEXT() REPRESENTATION_CONTEXT('2D SPACE',''
  ) );
#386 = PCURVE('',#387,#392);
#387 = PLANE('',#388);
#388 = AXIS2_PLACEMENT_3D('',#389,#390,#391);
#389 = CARTESIAN_POINT('',(262.,-4.,6.));
#390 = DIRECTION('',(0.,1.,0.));
#391 = DIRECTION('',(0.,0.,1.));
#392 = DEFINITIONAL_REPRESENTATION('',(#393),#397);
#393 = LINE('',#394,#395);
#394 = CARTESIAN_POINT('',(8.422205101856,-7.));
#395 = VECTOR('',#396,1.);
#396 = DIRECTION('',(0.,-1.));
#397 = ( GEOMETRIC_REPRESENTATION_CONTEXT(2) 
PARAMETRIC_REPRESENTATION_CONTEXT() REPRESENTATION_CONTEXT('2D SPACE',''
  ) );
#398 = ORIENTED_EDGE('',*,*,#399,.T.);
#399 = EDGE_CURVE('',#372,#400,#402,.T.);
#400 = VERTEX_POINT('',#401);
#401 = CARTESIAN_POINT('',(265.,-4.,-14.42220510185));
#402 = SURFACE_CURVE('',#403,(#408,#415),.PCURVE_S1.);
#403 = CIRCLE('',#404,17.);
#404 = AXIS2_PLACEMENT_3D('',#405,#406,#407);
#405 = CARTESIAN_POINT('',(265.,5.,-5.551115123126E-16));
#406 = DIRECTION('',(1.,0.,-0.));
#407 = DIRECTION('',(0.,1.110223024625E-16,1.));
#408 = PCURVE('',#62,#409);
#409 = DEFINITIONAL_REPRESENTATION('',(#410),#414);
#410 = LINE('',#411,#412);
#411 = CARTESIAN_POINT('',(-0.,-10.));
#412 = VECTOR('',#413,1.);
#413 = DIRECTION('',(-1.,0.));
#414 = ( GEOMETRIC_REPRESENTATION_CONTEXT(2) 
PARAMETRIC_REPRESENTATION_CONTEXT() REPRESENTATION_CONTEXT('2D SPACE',''
  ) );
#415 = PCURVE('',#416,#421);
#416 = PLANE('',#417);
#417 = AXIS2_PLACEMENT_3D('',#418,#419,#420);
#418 = CARTESIAN_POINT('',(265.,5.,-2.163864609418E-15));
#419 = DIRECTION('',(1.,0.,0.));
#420 = DIRECTION('',(0.,-1.,1.110223024625E-16));
#421 = DEFINITIONAL_REPRESENTATION('',(#422),#426);
#422 = CIRCLE('',#423,17.);
#423 = AXIS2_PLACEMENT_2D('',#424,#425);
#424 = CARTESIAN_POINT('',(8.881784197001E-16,-1.608753097105E-15));
#425 = DIRECTION('',(0.,-1.));
#426 = ( GEOMETRIC_REPRESENTATION_CONTEXT(2) 
PARAMETRIC_REPRESENTATION_CONTEXT() REPRESENTATION_CONTEXT('2D SPACE',''
  ) );
#427 = ORIENTED_EDGE('',*,*,#428,.T.);
#428 = EDGE_CURVE('',#400,#429,#431,.T.);
#429 = VERTEX_POINT('',#430);
#430 = CARTESIAN_POINT('',(262.,-4.,-14.42220510185));
#431 = SURFACE_CURVE('',#432,(#436,#443),.PCURVE_S1.);
#432 = LINE('',#433,#434);
#433 = CARTESIAN_POINT('',(255.,-4.,-14.42220510185));
#434 = VECTOR('',#435,1.);
#435 = DIRECTION('',(-1.,0.,-0.));
#436 = PCURVE('',#62,#437);
#437 = DEFINITIONAL_REPRESENTATION('',(#438),#442);
#438 = LINE('',#439,#440);
#439 = CARTESIAN_POINT('',(-2.583685613622,0.));
#440 = VECTOR('',#441,1.);
#441 = DIRECTION('',(-0.,1.));
#442 = ( GEOMETRIC_REPRESENTATION_CONTEXT(2) 
PARAMETRIC_REPRESENTATION_CONTEXT() REPRESENTATION_CONTEXT('2D SPACE',''
  ) );
#443 = PCURVE('',#444,#449);
#444 = PLANE('',#445);
#445 = AXIS2_PLACEMENT_3D('',#446,#447,#448);
#446 = CARTESIAN_POINT('',(262.,-4.,-20.));
#447 = DIRECTION('',(0.,1.,0.));
#448 = DIRECTION('',(0.,0.,1.));
#449 = DEFINITIONAL_REPRESENTATION('',(#450),#454);
#450 = LINE('',#451,#452);
#451 = CARTESIAN_POINT('',(5.577794898144,-7.));
#452 = VECTOR('',#453,1.);
#453 = DIRECTION('',(0.,-1.));
#454 = ( GEOMETRIC_REPRESENTATION_CONTEXT(2) 
PARAMETRIC_REPRESENTATION_CONTEXT() REPRESENTATION_CONTEXT('2D SPACE',''
  ) );
#455 = ORIENTED_EDGE('',*,*,#456,.F.);
#456 = EDGE_CURVE('',#457,#429,#459,.T.);
#457 = VERTEX_POINT('',#458);
#458 = CARTESIAN_POINT('',(262.,-2.,-15.49193338483));
#459 = SURFACE_CURVE('',#460,(#465,#472),.PCURVE_S1.);
#460 = CIRCLE('',#461,17.);
#461 = AXIS2_PLACEMENT_3D('',#462,#463,#464);
#462 = CARTESIAN_POINT('',(262.,5.,-5.551115123126E-16));
#463 = DIRECTION('',(-1.,0.,0.));
#464 = DIRECTION('',(0.,1.110223024625E-16,1.));
#465 = PCURVE('',#62,#466);
#466 = DEFINITIONAL_REPRESENTATION('',(#467),#471);
#467 = LINE('',#468,#469);
#468 = CARTESIAN_POINT('',(-6.28318530718,-7.));
#469 = VECTOR('',#470,1.);
#470 = DIRECTION('',(1.,-0.));
#471 = ( GEOMETRIC_REPRESENTATION_CONTEXT(2) 
PARAMETRIC_REPRESENTATION_CONTEXT() REPRESENTATION_CONTEXT('2D SPACE',''
  ) );
#472 = PCURVE('',#473,#478);
#473 = PLANE('',#474);
#474 = AXIS2_PLACEMENT_3D('',#475,#476,#477);
#475 = CARTESIAN_POINT('',(262.,-4.,-20.));
#476 = DIRECTION('',(1.,0.,0.));
#477 = DIRECTION('',(0.,0.,1.));
#478 = DEFINITIONAL_REPRESENTATION('',(#479),#487);
#479 = ( BOUNDED_CURVE() B_SPLINE_CURVE(2,(#480,#481,#482,#483,#484,#485
,#486),.UNSPECIFIED.,.T.,.F.) B_SPLINE_CURVE_WITH_KNOTS((1,2,2,2,2,1),(
    -2.094395102393,0.,2.094395102393,4.188790204786,6.28318530718,
8.377580409573),.UNSPECIFIED.) CURVE() GEOMETRIC_REPRESENTATION_ITEM() 
RATIONAL_B_SPLINE_CURVE((1.,0.5,1.,0.5,1.,0.5,1.)) REPRESENTATION_ITEM(
  '') );
#480 = CARTESIAN_POINT('',(37.,-9.));
#481 = CARTESIAN_POINT('',(37.,-38.44486372867));
#482 = CARTESIAN_POINT('',(11.5,-23.72243186433));
#483 = CARTESIAN_POINT('',(-14.,-9.));
#484 = CARTESIAN_POINT('',(11.5,5.722431864335));
#485 = CARTESIAN_POINT('',(37.,20.444863728671));
#486 = CARTESIAN_POINT('',(37.,-9.));
#487 = ( GEOMETRIC_REPRESENTATION_CONTEXT(2) 
PARAMETRIC_REPRESENTATION_CONTEXT() REPRESENTATION_CONTEXT('2D SPACE',''
  ) );
#488 = ORIENTED_EDGE('',*,*,#489,.F.);
#489 = EDGE_CURVE('',#490,#457,#492,.T.);
#490 = VERTEX_POINT('',#491);
#491 = CARTESIAN_POINT('',(262.,2.,-16.73320053068));
#492 = SURFACE_CURVE('',#493,(#520,#571),.PCURVE_S1.);
#493 = B_SPLINE_CURVE_WITH_KNOTS('',7,(#494,#495,#496,#497,#498,#499,
    #500,#501,#502,#503,#504,#505,#506,#507,#508,#509,#510,#511,#512,
    #513,#514,#515,#516,#517,#518,#519),.UNSPECIFIED.,.F.,.F.,(8,6,6,6,8
    ),(0.,0.598318350826,1.,1.475406660873,2.021735837088),
  .UNSPECIFIED.);
#494 = CARTESIAN_POINT('',(262.,2.,-16.73320053068));
#495 = CARTESIAN_POINT('',(262.23939937307,2.,-16.73320053068));
#496 = CARTESIAN_POINT('',(262.47906293019,1.966567751203,
    -16.72720647904));
#497 = CARTESIAN_POINT('',(262.71570848806,1.899572304006,
    -16.71519612775));
#498 = CARTESIAN_POINT('',(262.94573192403,1.798101521741,
    -16.69656750967));
#499 = CARTESIAN_POINT('',(263.16445516373,1.660896652311,
    -16.67022544925));
#500 = CARTESIAN_POINT('',(263.36580988214,1.486648469356,
    -16.63440660514));
#501 = CARTESIAN_POINT('',(263.65865833508,1.132655499616,
    -16.55490516476));
#502 = CARTESIAN_POINT('',(263.76555210986,0.972277158392,
    -16.51739272037));
#503 = CARTESIAN_POINT('',(263.8565031596,0.795645791926,-16.474036706)
  );
#504 = CARTESIAN_POINT('',(263.92750940353,0.605911895953,
    -16.42481836875));
#505 = CARTESIAN_POINT('',(263.97582274712,0.407073998518,
    -16.37008728101));
#506 = CARTESIAN_POINT('',(264.,0.203584330949,-16.31072555636));
#507 = CARTESIAN_POINT('',(264.,-0.240950382427,-16.1739294547));
#508 = CARTESIAN_POINT('',(263.96613361591,-0.47641727718,-16.0969059965
    ));
#509 = CARTESIAN_POINT('',(263.90117357515,-0.701002920531,
    -16.01895443272));
#510 = CARTESIAN_POINT('',(263.80874623983,-0.910129348746,
    -15.94237562779));
#511 = CARTESIAN_POINT('',(263.6932681124,-1.100161511608,
    -15.86962040203));
#512 = CARTESIAN_POINT('',(263.55985658825,-1.268570536492,
    -15.80284013396));
#513 = CARTESIAN_POINT('',(263.24684309641,-1.581584028334,
    -15.67531225944));
#514 = CARTESIAN_POINT('',(263.06096252502,-1.721246265624,
    -15.61599061234));
#515 = CARTESIAN_POINT('',(262.86147866723,-1.83286125617,
    -15.56707423919));
#516 = CARTESIAN_POINT('',(262.65235632378,-1.916452695973,
    -15.5296841835));
#517 = CARTESIAN_POINT('',(262.43701316,-1.972135690425,-15.504523793));
#518 = CARTESIAN_POINT('',(262.21855873551,-2.,-15.49193338483));
#519 = CARTESIAN_POINT('',(262.,-2.,-15.49193338483));
#520 = PCURVE('',#62,#521);
#521 = DEFINITIONAL_REPRESENTATION('',(#522),#570);
#522 = B_SPLINE_CURVE_WITH_KNOTS('',3,(#523,#524,#525,#526,#527,#528,
    #529,#530,#531,#532,#533,#534,#535,#536,#537,#538,#539,#540,#541,
    #542,#543,#544,#545,#546,#547,#548,#549,#550,#551,#552,#553,#554,
    #555,#556,#557,#558,#559,#560,#561,#562,#563,#564,#565,#566,#567,
    #568,#569),.UNSPECIFIED.,.F.,.F.,(4,1,1,1,1,1,1,1,1,1,1,1,1,1,1,1,1,
    1,1,1,1,1,1,1,1,1,1,1,1,1,1,1,1,1,1,1,1,1,1,1,1,1,1,1,4),(0.,
    4.594854175201E-02,9.189708350402E-02,0.137845625256,0.183794167008,
    0.22974270876,0.275691250512,0.321639792264,0.367588334016,
    0.413536875768,0.45948541752,0.505433959272,0.551382501024,
    0.597331042776,0.643279584528,0.68922812628,0.735176668032,
    0.781125209784,0.827073751536,0.873022293288,0.91897083504,
    0.964919376792,1.010867918544,1.056816460296,1.102765002048,
    1.1487135438,1.194662085552,1.240610627304,1.286559169056,
    1.332507710808,1.37845625256,1.424404794312,1.470353336064,
    1.516301877816,1.562250419568,1.60819896132,1.654147503072,
    1.700096044824,1.746044586576,1.791993128328,1.83794167008,
    1.883890211832,1.929838753584,1.975787295336,2.021735837088),
  .QUASI_UNIFORM_KNOTS.);
#523 = CARTESIAN_POINT('',(-2.964193049149,-7.));
#524 = CARTESIAN_POINT('',(-2.964192941146,-7.042896950437));
#525 = CARTESIAN_POINT('',(-2.964028173969,-7.128717332821));
#526 = CARTESIAN_POINT('',(-2.963284473628,-7.257193286557));
#527 = CARTESIAN_POINT('',(-2.962041798969,-7.385087548957));
#528 = CARTESIAN_POINT('',(-2.96029607562,-7.512048573468));
#529 = CARTESIAN_POINT('',(-2.958042345643,-7.637703260463));
#530 = CARTESIAN_POINT('',(-2.955274754984,-7.761650850842));
#531 = CARTESIAN_POINT('',(-2.951986754991,-7.883459201755));
#532 = CARTESIAN_POINT('',(-2.948171233705,-8.002660539331));
#533 = CARTESIAN_POINT('',(-2.943820742061,-8.118746216904));
#534 = CARTESIAN_POINT('',(-2.93892745939,-8.231164588463));
#535 = CARTESIAN_POINT('',(-2.933484176242,-8.339305348494));
#536 = CARTESIAN_POINT('',(-2.927481558981,-8.442532142368));
#537 = CARTESIAN_POINT('',(-2.920919381496,-8.540032198062));
#538 = CARTESIAN_POINT('',(-2.91376573969,-8.6313454905));
#539 = CARTESIAN_POINT('',(-2.906029507663,-8.7153069444));
#540 = CARTESIAN_POINT('',(-2.897766266403,-8.790435222173));
#541 = CARTESIAN_POINT('',(-2.889030038346,-8.855558620845));
#542 = CARTESIAN_POINT('',(-2.879884735058,-8.909650767185));
#543 = CARTESIAN_POINT('',(-2.870400733459,-8.951879072074));
#544 = CARTESIAN_POINT('',(-2.86065135239,-8.981592592359));
#545 = CARTESIAN_POINT('',(-2.850724668953,-8.99834090983));
#546 = CARTESIAN_POINT('',(-2.840674134604,-9.001831302482));
#547 = CARTESIAN_POINT('',(-2.83072112893,-8.992110902073));
#548 = CARTESIAN_POINT('',(-2.820950442393,-8.969807702708));
#549 = CARTESIAN_POINT('',(-2.811413309434,-8.935538858855));
#550 = CARTESIAN_POINT('',(-2.802165810266,-8.890000044277));
#551 = CARTESIAN_POINT('',(-2.79325824917,-8.833939314914));
#552 = CARTESIAN_POINT('',(-2.784737665559,-8.768162451204));
#553 = CARTESIAN_POINT('',(-2.776646602631,-8.693527233146));
#554 = CARTESIAN_POINT('',(-2.769023478971,-8.610949856055));
#555 = CARTESIAN_POINT('',(-2.761900062198,-8.521373198647));
#556 = CARTESIAN_POINT('',(-2.755308712128,-8.425874885561));
#557 = CARTESIAN_POINT('',(-2.749253237158,-8.325253661004));
#558 = CARTESIAN_POINT('',(-2.743702462673,-8.219555321981));
#559 = CARTESIAN_POINT('',(-2.738670809683,-8.109482860041));
#560 = CARTESIAN_POINT('',(-2.734159780863,-7.995528021415));
#561 = CARTESIAN_POINT('',(-2.73017335152,-7.878201962884));
#562 = CARTESIAN_POINT('',(-2.726713974965,-7.757977756113));
#563 = CARTESIAN_POINT('',(-2.72378377281,-7.635309840461));
#564 = CARTESIAN_POINT('',(-2.721384327697,-7.510632593697));
#565 = CARTESIAN_POINT('',(-2.719516845181,-7.384364353017));
#566 = CARTESIAN_POINT('',(-2.718182207189,-7.256909497419));
#567 = CARTESIAN_POINT('',(-2.71738106718,-7.128661924945));
#568 = CARTESIAN_POINT('',(-2.71720293596,-7.042890034848));
#569 = CARTESIAN_POINT('',(-2.717202944997,-7.));
#570 = ( GEOMETRIC_REPRESENTATION_CONTEXT(2) 
PARAMETRIC_REPRESENTATION_CONTEXT() REPRESENTATION_CONTEXT('2D SPACE',''
  ) );
#571 = PCURVE('',#572,#577);
#572 = CYLINDRICAL_SURFACE('',#573,2.);
#573 = AXIS2_PLACEMENT_3D('',#574,#575,#576);
#574 = CARTESIAN_POINT('',(262.,0.,-22.));
#575 = DIRECTION('',(-0.,-0.,-1.));
#576 = DIRECTION('',(1.,0.,0.));
#577 = DEFINITIONAL_REPRESENTATION('',(#578),#626);
#578 = B_SPLINE_CURVE_WITH_KNOTS('',3,(#579,#580,#581,#582,#583,#584,
    #585,#586,#587,#588,#589,#590,#591,#592,#593,#594,#595,#596,#597,
    #598,#599,#600,#601,#602,#603,#604,#605,#606,#607,#608,#609,#610,
    #611,#612,#613,#614,#615,#616,#617,#618,#619,#620,#621,#622,#623,
    #624,#625),.UNSPECIFIED.,.F.,.F.,(4,1,1,1,1,1,1,1,1,1,1,1,1,1,1,1,1,
    1,1,1,1,1,1,1,1,1,1,1,1,1,1,1,1,1,1,1,1,1,1,1,1,1,1,1,4),(0.,
    4.594854175201E-02,9.189708350402E-02,0.137845625256,0.183794167008,
    0.22974270876,0.275691250512,0.321639792264,0.367588334016,
    0.413536875768,0.45948541752,0.505433959272,0.551382501024,
    0.597331042776,0.643279584528,0.68922812628,0.735176668032,
    0.781125209784,0.827073751536,0.873022293288,0.91897083504,
    0.964919376792,1.010867918544,1.056816460296,1.102765002048,
    1.1487135438,1.194662085552,1.240610627304,1.286559169056,
    1.332507710808,1.37845625256,1.424404794312,1.470353336064,
    1.516301877816,1.562250419568,1.60819896132,1.654147503072,
    1.700096044824,1.746044586576,1.791993128328,1.83794167008,
    1.883890211832,1.929838753584,1.975787295336,2.021735837088),
  .QUASI_UNIFORM_KNOTS.);
#579 = CARTESIAN_POINT('',(-7.853981633974,-5.266799469318));
#580 = CARTESIAN_POINT('',(-7.832532758052,-5.266800839643));
#581 = CARTESIAN_POINT('',(-7.789623198215,-5.267293278066));
#582 = CARTESIAN_POINT('',(-7.725117973352,-5.269529608133));
#583 = CARTESIAN_POINT('',(-7.660365533117,-5.273285795258));
#584 = CARTESIAN_POINT('',(-7.595262589203,-5.278606404752));
#585 = CARTESIAN_POINT('',(-7.529706648842,-5.285550552661));
#586 = CARTESIAN_POINT('',(-7.463595367875,-5.294194064272));
#587 = CARTESIAN_POINT('',(-7.39682547061,-5.304629053524));
#588 = CARTESIAN_POINT('',(-7.329291526761,-5.316964315842));
#589 = CARTESIAN_POINT('',(-7.260885377118,-5.331325247771));
#590 = CARTESIAN_POINT('',(-7.191492632078,-5.347854763272));
#591 = CARTESIAN_POINT('',(-7.120999551956,-5.366710329742));
#592 = CARTESIAN_POINT('',(-7.049260317716,-5.388074877542));
#593 = CARTESIAN_POINT('',(-6.976210845771,-5.412115160706));
#594 = CARTESIAN_POINT('',(-6.901433813043,-5.439135220262));
#595 = CARTESIAN_POINT('',(-6.824946272707,-5.469311314979));
#596 = CARTESIAN_POINT('',(-6.747115719883,-5.502638500606));
#597 = CARTESIAN_POINT('',(-6.668169490554,-5.539101117267));
#598 = CARTESIAN_POINT('',(-6.588333720712,-5.578620583725));
#599 = CARTESIAN_POINT('',(-6.507811695601,-5.621057833179));
#600 = CARTESIAN_POINT('',(-6.426771235977,-5.666223190041));
#601 = CARTESIAN_POINT('',(-6.345453015597,-5.713807524964));
#602 = CARTESIAN_POINT('',(-6.263783969851,-5.763628692463));
#603 = CARTESIAN_POINT('',(-6.183031156101,-5.814592482815));
#604 = CARTESIAN_POINT('',(-6.103366371137,-5.86618446421));
#605 = CARTESIAN_POINT('',(-6.024729398599,-5.918031524818));
#606 = CARTESIAN_POINT('',(-5.947137120387,-5.969703450439));
#607 = CARTESIAN_POINT('',(-5.870600708063,-6.020774345302));
#608 = CARTESIAN_POINT('',(-5.795148776043,-6.070814941137));
#609 = CARTESIAN_POINT('',(-5.720820706522,-6.119405184665));
#610 = CARTESIAN_POINT('',(-5.647675217731,-6.166137755864));
#611 = CARTESIAN_POINT('',(-5.575769515913,-6.210639775515));
#612 = CARTESIAN_POINT('',(-5.505242492853,-6.252532273716));
#613 = CARTESIAN_POINT('',(-5.436012741844,-6.29162113214));
#614 = CARTESIAN_POINT('',(-5.367575910731,-6.327957710092));
#615 = CARTESIAN_POINT('',(-5.299938712121,-6.36131363612));
#616 = CARTESIAN_POINT('',(-5.232983316192,-6.391554773451));
#617 = CARTESIAN_POINT('',(-5.166631394258,-6.418543536942));
#618 = CARTESIAN_POINT('',(-5.100798899005,-6.442164755025));
#619 = CARTESIAN_POINT('',(-5.035407111323,-6.462318336884));
#620 = CARTESIAN_POINT('',(-4.970378732639,-6.478920807103));
#621 = CARTESIAN_POINT('',(-4.905638066267,-6.491904259837));
#622 = CARTESIAN_POINT('',(-4.841110064288,-6.5012165233));
#623 = CARTESIAN_POINT('',(-4.776719858485,-6.506818880619));
#624 = CARTESIAN_POINT('',(-4.733834171663,-6.508067782372));
#625 = CARTESIAN_POINT('',(-4.712388980385,-6.50806661517));
#626 = ( GEOMETRIC_REPRESENTATION_CONTEXT(2) 
PARAMETRIC_REPRESENTATION_CONTEXT() REPRESENTATION_CONTEXT('2D SPACE',''
  ) );
#627 = ORIENTED_EDGE('',*,*,#628,.F.);
#628 = EDGE_CURVE('',#629,#490,#631,.T.);
#629 = VERTEX_POINT('',#630);
#630 = CARTESIAN_POINT('',(262.,4.,-16.97056274847));
#631 = SURFACE_CURVE('',#632,(#637,#644),.PCURVE_S1.);
#632 = CIRCLE('',#633,17.);
#633 = AXIS2_PLACEMENT_3D('',#634,#635,#636);
#634 = CARTESIAN_POINT('',(262.,5.,-5.551115123126E-16));
#635 = DIRECTION('',(-1.,0.,0.));
#636 = DIRECTION('',(0.,1.110223024625E-16,1.));
#637 = PCURVE('',#62,#638);
#638 = DEFINITIONAL_REPRESENTATION('',(#639),#643);
#639 = LINE('',#640,#641);
#640 = CARTESIAN_POINT('',(-6.28318530718,-7.));
#641 = VECTOR('',#642,1.);
#642 = DIRECTION('',(1.,-0.));
#643 = ( GEOMETRIC_REPRESENTATION_CONTEXT(2) 
PARAMETRIC_REPRESENTATION_CONTEXT() REPRESENTATION_CONTEXT('2D SPACE',''
  ) );
#644 = PCURVE('',#645,#650);
#645 = PLANE('',#646);
#646 = AXIS2_PLACEMENT_3D('',#647,#648,#649);
#647 = CARTESIAN_POINT('',(262.,-4.,-20.));
#648 = DIRECTION('',(1.,0.,0.));
#649 = DIRECTION('',(0.,0.,1.));
#650 = DEFINITIONAL_REPRESENTATION('',(#651),#659);
#651 = ( BOUNDED_CURVE() B_SPLINE_CURVE(2,(#652,#653,#654,#655,#656,#657
,#658),.UNSPECIFIED.,.T.,.F.) B_SPLINE_CURVE_WITH_KNOTS((1,2,2,2,2,1),(
    -2.094395102393,0.,2.094395102393,4.188790204786,6.28318530718,
8.377580409573),.UNSPECIFIED.) CURVE() GEOMETRIC_REPRESENTATION_ITEM() 
RATIONAL_B_SPLINE_CURVE((1.,0.5,1.,0.5,1.,0.5,1.)) REPRESENTATION_ITEM(
  '') );
#652 = CARTESIAN_POINT('',(37.,-9.));
#653 = CARTESIAN_POINT('',(37.,-38.44486372867));
#654 = CARTESIAN_POINT('',(11.5,-23.72243186433));
#655 = CARTESIAN_POINT('',(-14.,-9.));
#656 = CARTESIAN_POINT('',(11.5,5.722431864335));
#657 = CARTESIAN_POINT('',(37.,20.444863728671));
#658 = CARTESIAN_POINT('',(37.,-9.));
#659 = ( GEOMETRIC_REPRESENTATION_CONTEXT(2) 
PARAMETRIC_REPRESENTATION_CONTEXT() REPRESENTATION_CONTEXT('2D SPACE',''
  ) );
#660 = ORIENTED_EDGE('',*,*,#661,.F.);
#661 = EDGE_CURVE('',#662,#629,#664,.T.);
#662 = VERTEX_POINT('',#663);
#663 = CARTESIAN_POINT('',(265.,4.,-16.97056274847));
#664 = SURFACE_CURVE('',#665,(#669,#676),.PCURVE_S1.);
#665 = LINE('',#666,#667);
#666 = CARTESIAN_POINT('',(255.,4.,-16.97056274847));
#667 = VECTOR('',#668,1.);
#668 = DIRECTION('',(-1.,0.,-0.));
#669 = PCURVE('',#62,#670);
#670 = DEFINITIONAL_REPRESENTATION('',(#671),#675);
#671 = LINE('',#672,#673);
#672 = CARTESIAN_POINT('',(-3.082735147643,0.));
#673 = VECTOR('',#674,1.);
#674 = DIRECTION('',(-0.,1.));
#675 = ( GEOMETRIC_REPRESENTATION_CONTEXT(2) 
PARAMETRIC_REPRESENTATION_CONTEXT() REPRESENTATION_CONTEXT('2D SPACE',''
  ) );
#676 = PCURVE('',#677,#682);
#677 = PLANE('',#678);
#678 = AXIS2_PLACEMENT_3D('',#679,#680,#681);
#679 = CARTESIAN_POINT('',(262.,4.,-20.));
#680 = DIRECTION('',(0.,1.,0.));
#681 = DIRECTION('',(0.,0.,1.));
#682 = DEFINITIONAL_REPRESENTATION('',(#683),#687);
#683 = LINE('',#684,#685);
#684 = CARTESIAN_POINT('',(3.029437251523,-7.));
#685 = VECTOR('',#686,1.);
#686 = DIRECTION('',(0.,-1.));
#687 = ( GEOMETRIC_REPRESENTATION_CONTEXT(2) 
PARAMETRIC_REPRESENTATION_CONTEXT() REPRESENTATION_CONTEXT('2D SPACE',''
  ) );
#688 = ORIENTED_EDGE('',*,*,#689,.T.);
#689 = EDGE_CURVE('',#662,#54,#690,.T.);
#690 = SURFACE_CURVE('',#691,(#696,#703),.PCURVE_S1.);
#691 = CIRCLE('',#692,17.);
#692 = AXIS2_PLACEMENT_3D('',#693,#694,#695);
#693 = CARTESIAN_POINT('',(265.,5.,-5.551115123126E-16));
#694 = DIRECTION('',(1.,0.,-0.));
#695 = DIRECTION('',(0.,1.110223024625E-16,1.));
#696 = PCURVE('',#62,#697);
#697 = DEFINITIONAL_REPRESENTATION('',(#698),#702);
#698 = LINE('',#699,#700);
#699 = CARTESIAN_POINT('',(-0.,-10.));
#700 = VECTOR('',#701,1.);
#701 = DIRECTION('',(-1.,0.));
#702 = ( GEOMETRIC_REPRESENTATION_CONTEXT(2) 
PARAMETRIC_REPRESENTATION_CONTEXT() REPRESENTATION_CONTEXT('2D SPACE',''
  ) );
#703 = PCURVE('',#126,#704);
#704 = DEFINITIONAL_REPRESENTATION('',(#705),#709);
#705 = CIRCLE('',#706,17.);
#706 = AXIS2_PLACEMENT_2D('',#707,#708);
#707 = CARTESIAN_POINT('',(8.881784197001E-16,-1.608753097105E-15));
#708 = DIRECTION('',(0.,-1.));
#709 = ( GEOMETRIC_REPRESENTATION_CONTEXT(2) 
PARAMETRIC_REPRESENTATION_CONTEXT() REPRESENTATION_CONTEXT('2D SPACE',''
  ) );
#710 = ADVANCED_FACE('',(#711),#677,.T.);
#711 = FACE_BOUND('',#712,.T.);
#712 = EDGE_LOOP('',(#713,#743,#771,#792,#793,#816,#844,#872));
#713 = ORIENTED_EDGE('',*,*,#714,.F.);
#714 = EDGE_CURVE('',#715,#717,#719,.T.);
#715 = VERTEX_POINT('',#716);
#716 = CARTESIAN_POINT('',(292.,4.,-20.));
#717 = VERTEX_POINT('',#718);
#718 = CARTESIAN_POINT('',(292.,4.,-6.));
#719 = SURFACE_CURVE('',#720,(#724,#731),.PCURVE_S1.);
#720 = LINE('',#721,#722);
#721 = CARTESIAN_POINT('',(292.,4.,-20.));
#722 = VECTOR('',#723,1.);
#723 = DIRECTION('',(0.,0.,1.));
#724 = PCURVE('',#677,#725);
#725 = DEFINITIONAL_REPRESENTATION('',(#726),#730);
#726 = LINE('',#727,#728);
#727 = CARTESIAN_POINT('',(0.,30.));
#728 = VECTOR('',#729,1.);
#729 = DIRECTION('',(1.,0.));
#730 = ( GEOMETRIC_REPRESENTATION_CONTEXT(2) 
PARAMETRIC_REPRESENTATION_CONTEXT() REPRESENTATION_CONTEXT('2D SPACE',''
  ) );
#731 = PCURVE('',#732,#737);
#732 = PLANE('',#733);
#733 = AXIS2_PLACEMENT_3D('',#734,#735,#736);
#734 = CARTESIAN_POINT('',(292.,-4.,-20.));
#735 = DIRECTION('',(1.,0.,0.));
#736 = DIRECTION('',(0.,0.,1.));
#737 = DEFINITIONAL_REPRESENTATION('',(#738),#742);
#738 = LINE('',#739,#740);
#739 = CARTESIAN_POINT('',(0.,-8.));
#740 = VECTOR('',#741,1.);
#741 = DIRECTION('',(1.,0.));
#742 = ( GEOMETRIC_REPRESENTATION_CONTEXT(2) 
PARAMETRIC_REPRESENTATION_CONTEXT() REPRESENTATION_CONTEXT('2D SPACE',''
  ) );
#743 = ORIENTED_EDGE('',*,*,#744,.F.);
#744 = EDGE_CURVE('',#745,#715,#747,.T.);
#745 = VERTEX_POINT('',#746);
#746 = CARTESIAN_POINT('',(262.,4.,-20.));
#747 = SURFACE_CURVE('',#748,(#752,#759),.PCURVE_S1.);
#748 = LINE('',#749,#750);
#749 = CARTESIAN_POINT('',(262.,4.,-20.));
#750 = VECTOR('',#751,1.);
#751 = DIRECTION('',(1.,0.,0.));
#752 = PCURVE('',#677,#753);
#753 = DEFINITIONAL_REPRESENTATION('',(#754),#758);
#754 = LINE('',#755,#756);
#755 = CARTESIAN_POINT('',(0.,0.));
#756 = VECTOR('',#757,1.);
#757 = DIRECTION('',(0.,1.));
#758 = ( GEOMETRIC_REPRESENTATION_CONTEXT(2) 
PARAMETRIC_REPRESENTATION_CONTEXT() REPRESENTATION_CONTEXT('2D SPACE',''
  ) );
#759 = PCURVE('',#760,#765);
#760 = PLANE('',#761);
#761 = AXIS2_PLACEMENT_3D('',#762,#763,#764);
#762 = CARTESIAN_POINT('',(262.,-4.,-20.));
#763 = DIRECTION('',(0.,0.,1.));
#764 = DIRECTION('',(1.,0.,0.));
#765 = DEFINITIONAL_REPRESENTATION('',(#766),#770);
#766 = LINE('',#767,#768);
#767 = CARTESIAN_POINT('',(0.,8.));
#768 = VECTOR('',#769,1.);
#769 = DIRECTION('',(1.,0.));
#770 = ( GEOMETRIC_REPRESENTATION_CONTEXT(2) 
PARAMETRIC_REPRESENTATION_CONTEXT() REPRESENTATION_CONTEXT('2D SPACE',''
  ) );
#771 = ORIENTED_EDGE('',*,*,#772,.T.);
#772 = EDGE_CURVE('',#745,#629,#773,.T.);
#773 = SURFACE_CURVE('',#774,(#778,#785),.PCURVE_S1.);
#774 = LINE('',#775,#776);
#775 = CARTESIAN_POINT('',(262.,4.,-20.));
#776 = VECTOR('',#777,1.);
#777 = DIRECTION('',(0.,0.,1.));
#778 = PCURVE('',#677,#779);
#779 = DEFINITIONAL_REPRESENTATION('',(#780),#784);
#780 = LINE('',#781,#782);
#781 = CARTESIAN_POINT('',(0.,0.));
#782 = VECTOR('',#783,1.);
#783 = DIRECTION('',(1.,0.));
#784 = ( GEOMETRIC_REPRESENTATION_CONTEXT(2) 
PARAMETRIC_REPRESENTATION_CONTEXT() REPRESENTATION_CONTEXT('2D SPACE',''
  ) );
#785 = PCURVE('',#645,#786);
#786 = DEFINITIONAL_REPRESENTATION('',(#787),#791);
#787 = LINE('',#788,#789);
#788 = CARTESIAN_POINT('',(0.,-8.));
#789 = VECTOR('',#790,1.);
#790 = DIRECTION('',(1.,0.));
#791 = ( GEOMETRIC_REPRESENTATION_CONTEXT(2) 
PARAMETRIC_REPRESENTATION_CONTEXT() REPRESENTATION_CONTEXT('2D SPACE',''
  ) );
#792 = ORIENTED_EDGE('',*,*,#661,.F.);
#793 = ORIENTED_EDGE('',*,*,#794,.T.);
#794 = EDGE_CURVE('',#662,#795,#797,.T.);
#795 = VERTEX_POINT('',#796);
#796 = CARTESIAN_POINT('',(265.,4.,-9.949874371066));
#797 = SURFACE_CURVE('',#798,(#802,#809),.PCURVE_S1.);
#798 = LINE('',#799,#800);
#799 = CARTESIAN_POINT('',(265.,4.,-10.));
#800 = VECTOR('',#801,1.);
#801 = DIRECTION('',(0.,0.,1.));
#802 = PCURVE('',#677,#803);
#803 = DEFINITIONAL_REPRESENTATION('',(#804),#808);
#804 = LINE('',#805,#806);
#805 = CARTESIAN_POINT('',(10.,3.));
#806 = VECTOR('',#807,1.);
#807 = DIRECTION('',(1.,0.));
#808 = ( GEOMETRIC_REPRESENTATION_CONTEXT(2) 
PARAMETRIC_REPRESENTATION_CONTEXT() REPRESENTATION_CONTEXT('2D SPACE',''
  ) );
#809 = PCURVE('',#126,#810);
#810 = DEFINITIONAL_REPRESENTATION('',(#811),#815);
#811 = LINE('',#812,#813);
#812 = CARTESIAN_POINT('',(1.,10.));
#813 = VECTOR('',#814,1.);
#814 = DIRECTION('',(1.110223024625E-16,-1.));
#815 = ( GEOMETRIC_REPRESENTATION_CONTEXT(2) 
PARAMETRIC_REPRESENTATION_CONTEXT() REPRESENTATION_CONTEXT('2D SPACE',''
  ) );
#816 = ORIENTED_EDGE('',*,*,#817,.F.);
#817 = EDGE_CURVE('',#818,#795,#820,.T.);
#818 = VERTEX_POINT('',#819);
#819 = CARTESIAN_POINT('',(266.,4.,-9.949874371066));
#820 = SURFACE_CURVE('',#821,(#825,#832),.PCURVE_S1.);
#821 = LINE('',#822,#823);
#822 = CARTESIAN_POINT('',(260.,4.,-9.949874371066));
#823 = VECTOR('',#824,1.);
#824 = DIRECTION('',(-1.,0.,-0.));
#825 = PCURVE('',#677,#826);
#826 = DEFINITIONAL_REPRESENTATION('',(#827),#831);
#827 = LINE('',#828,#829);
#828 = CARTESIAN_POINT('',(10.050125628934,-2.));
#829 = VECTOR('',#830,1.);
#830 = DIRECTION('',(0.,-1.));
#831 = ( GEOMETRIC_REPRESENTATION_CONTEXT(2) 
PARAMETRIC_REPRESENTATION_CONTEXT() REPRESENTATION_CONTEXT('2D SPACE',''
  ) );
#832 = PCURVE('',#833,#838);
#833 = CYLINDRICAL_SURFACE('',#834,10.);
#834 = AXIS2_PLACEMENT_3D('',#835,#836,#837);
#835 = CARTESIAN_POINT('',(260.,3.,-3.330669073875E-16));
#836 = DIRECTION('',(-1.,0.,-0.));
#837 = DIRECTION('',(0.,1.110223024625E-16,1.));
#838 = DEFINITIONAL_REPRESENTATION('',(#839),#843);
#839 = LINE('',#840,#841);
#840 = CARTESIAN_POINT('',(-3.241760074751,0.));
#841 = VECTOR('',#842,1.);
#842 = DIRECTION('',(-0.,1.));
#843 = ( GEOMETRIC_REPRESENTATION_CONTEXT(2) 
PARAMETRIC_REPRESENTATION_CONTEXT() REPRESENTATION_CONTEXT('2D SPACE',''
  ) );
#844 = ORIENTED_EDGE('',*,*,#845,.T.);
#845 = EDGE_CURVE('',#818,#846,#848,.T.);
#846 = VERTEX_POINT('',#847);
#847 = CARTESIAN_POINT('',(266.,4.,-6.));
#848 = SURFACE_CURVE('',#849,(#853,#860),.PCURVE_S1.);
#849 = LINE('',#850,#851);
#850 = CARTESIAN_POINT('',(266.,4.,-10.));
#851 = VECTOR('',#852,1.);
#852 = DIRECTION('',(0.,0.,1.));
#853 = PCURVE('',#677,#854);
#854 = DEFINITIONAL_REPRESENTATION('',(#855),#859);
#855 = LINE('',#856,#857);
#856 = CARTESIAN_POINT('',(10.,4.));
#857 = VECTOR('',#858,1.);
#858 = DIRECTION('',(1.,0.));
#859 = ( GEOMETRIC_REPRESENTATION_CONTEXT(2) 
PARAMETRIC_REPRESENTATION_CONTEXT() REPRESENTATION_CONTEXT('2D SPACE',''
  ) );
#860 = PCURVE('',#861,#866);
#861 = PLANE('',#862);
#862 = AXIS2_PLACEMENT_3D('',#863,#864,#865);
#863 = CARTESIAN_POINT('',(266.,3.,-8.800429604033E-16));
#864 = DIRECTION('',(1.,0.,0.));
#865 = DIRECTION('',(0.,-1.,1.110223024625E-16));
#866 = DEFINITIONAL_REPRESENTATION('',(#867),#871);
#867 = LINE('',#868,#869);
#868 = CARTESIAN_POINT('',(-1.,10.));
#869 = VECTOR('',#870,1.);
#870 = DIRECTION('',(1.110223024625E-16,-1.));
#871 = ( GEOMETRIC_REPRESENTATION_CONTEXT(2) 
PARAMETRIC_REPRESENTATION_CONTEXT() REPRESENTATION_CONTEXT('2D SPACE',''
  ) );
#872 = ORIENTED_EDGE('',*,*,#873,.T.);
#873 = EDGE_CURVE('',#846,#717,#874,.T.);
#874 = SURFACE_CURVE('',#875,(#879,#886),.PCURVE_S1.);
#875 = LINE('',#876,#877);
#876 = CARTESIAN_POINT('',(262.,4.,-6.));
#877 = VECTOR('',#878,1.);
#878 = DIRECTION('',(1.,0.,0.));
#879 = PCURVE('',#677,#880);
#880 = DEFINITIONAL_REPRESENTATION('',(#881),#885);
#881 = LINE('',#882,#883);
#882 = CARTESIAN_POINT('',(14.,0.));
#883 = VECTOR('',#884,1.);
#884 = DIRECTION('',(0.,1.));
#885 = ( GEOMETRIC_REPRESENTATION_CONTEXT(2) 
PARAMETRIC_REPRESENTATION_CONTEXT() REPRESENTATION_CONTEXT('2D SPACE',''
  ) );
#886 = PCURVE('',#887,#892);
#887 = PLANE('',#888);
#888 = AXIS2_PLACEMENT_3D('',#889,#890,#891);
#889 = CARTESIAN_POINT('',(262.,-4.,-6.));
#890 = DIRECTION('',(0.,0.,1.));
#891 = DIRECTION('',(1.,0.,0.));
#892 = DEFINITIONAL_REPRESENTATION('',(#893),#897);
#893 = LINE('',#894,#895);
#894 = CARTESIAN_POINT('',(0.,8.));
#895 = VECTOR('',#896,1.);
#896 = DIRECTION('',(1.,0.));
#897 = ( GEOMETRIC_REPRESENTATION_CONTEXT(2) 
PARAMETRIC_REPRESENTATION_CONTEXT() REPRESENTATION_CONTEXT('2D SPACE',''
  ) );
#898 = ADVANCED_FACE('',(#899),#760,.F.);
#899 = FACE_BOUND('',#900,.F.);
#900 = EDGE_LOOP('',(#901,#926,#949,#977,#1005,#1033,#1061,#1082,#1083,
    #1106));
#901 = ORIENTED_EDGE('',*,*,#902,.F.);
#902 = EDGE_CURVE('',#903,#905,#907,.T.);
#903 = VERTEX_POINT('',#904);
#904 = CARTESIAN_POINT('',(262.,-4.,-20.));
#905 = VERTEX_POINT('',#906);
#906 = CARTESIAN_POINT('',(262.,-2.,-20.));
#907 = SURFACE_CURVE('',#908,(#912,#919),.PCURVE_S1.);
#908 = LINE('',#909,#910);
#909 = CARTESIAN_POINT('',(262.,-4.,-20.));
#910 = VECTOR('',#911,1.);
#911 = DIRECTION('',(0.,1.,0.));
#912 = PCURVE('',#760,#913);
#913 = DEFINITIONAL_REPRESENTATION('',(#914),#918);
#914 = LINE('',#915,#916);
#915 = CARTESIAN_POINT('',(0.,0.));
#916 = VECTOR('',#917,1.);
#917 = DIRECTION('',(0.,1.));
#918 = ( GEOMETRIC_REPRESENTATION_CONTEXT(2) 
PARAMETRIC_REPRESENTATION_CONTEXT() REPRESENTATION_CONTEXT('2D SPACE',''
  ) );
#919 = PCURVE('',#473,#920);
#920 = DEFINITIONAL_REPRESENTATION('',(#921),#925);
#921 = LINE('',#922,#923);
#922 = CARTESIAN_POINT('',(0.,0.));
#923 = VECTOR('',#924,1.);
#924 = DIRECTION('',(0.,-1.));
#925 = ( GEOMETRIC_REPRESENTATION_CONTEXT(2) 
PARAMETRIC_REPRESENTATION_CONTEXT() REPRESENTATION_CONTEXT('2D SPACE',''
  ) );
#926 = ORIENTED_EDGE('',*,*,#927,.T.);
#927 = EDGE_CURVE('',#903,#928,#930,.T.);
#928 = VERTEX_POINT('',#929);
#929 = CARTESIAN_POINT('',(292.,-4.,-20.));
#930 = SURFACE_CURVE('',#931,(#935,#942),.PCURVE_S1.);
#931 = LINE('',#932,#933);
#932 = CARTESIAN_POINT('',(262.,-4.,-20.));
#933 = VECTOR('',#934,1.);
#934 = DIRECTION('',(1.,0.,0.));
#935 = PCURVE('',#760,#936);
#936 = DEFINITIONAL_REPRESENTATION('',(#937),#941);
#937 = LINE('',#938,#939);
#938 = CARTESIAN_POINT('',(0.,0.));
#939 = VECTOR('',#940,1.);
#940 = DIRECTION('',(1.,0.));
#941 = ( GEOMETRIC_REPRESENTATION_CONTEXT(2) 
PARAMETRIC_REPRESENTATION_CONTEXT() REPRESENTATION_CONTEXT('2D SPACE',''
  ) );
#942 = PCURVE('',#444,#943);
#943 = DEFINITIONAL_REPRESENTATION('',(#944),#948);
#944 = LINE('',#945,#946);
#945 = CARTESIAN_POINT('',(0.,0.));
#946 = VECTOR('',#947,1.);
#947 = DIRECTION('',(0.,1.));
#948 = ( GEOMETRIC_REPRESENTATION_CONTEXT(2) 
PARAMETRIC_REPRESENTATION_CONTEXT() REPRESENTATION_CONTEXT('2D SPACE',''
  ) );
#949 = ORIENTED_EDGE('',*,*,#950,.T.);
#950 = EDGE_CURVE('',#928,#951,#953,.T.);
#951 = VERTEX_POINT('',#952);
#952 = CARTESIAN_POINT('',(292.,-2.,-20.));
#953 = SURFACE_CURVE('',#954,(#958,#965),.PCURVE_S1.);
#954 = LINE('',#955,#956);
#955 = CARTESIAN_POINT('',(292.,-4.,-20.));
#956 = VECTOR('',#957,1.);
#957 = DIRECTION('',(0.,1.,0.));
#958 = PCURVE('',#760,#959);
#959 = DEFINITIONAL_REPRESENTATION('',(#960),#964);
#960 = LINE('',#961,#962);
#961 = CARTESIAN_POINT('',(30.,0.));
#962 = VECTOR('',#963,1.);
#963 = DIRECTION('',(0.,1.));
#964 = ( GEOMETRIC_REPRESENTATION_CONTEXT(2) 
PARAMETRIC_REPRESENTATION_CONTEXT() REPRESENTATION_CONTEXT('2D SPACE',''
  ) );
#965 = PCURVE('',#966,#971);
#966 = PLANE('',#967);
#967 = AXIS2_PLACEMENT_3D('',#968,#969,#970);
#968 = CARTESIAN_POINT('',(292.,-4.,-20.));
#969 = DIRECTION('',(1.,0.,0.));
#970 = DIRECTION('',(0.,0.,1.));
#971 = DEFINITIONAL_REPRESENTATION('',(#972),#976);
#972 = LINE('',#973,#974);
#973 = CARTESIAN_POINT('',(0.,0.));
#974 = VECTOR('',#975,1.);
#975 = DIRECTION('',(0.,-1.));
#976 = ( GEOMETRIC_REPRESENTATION_CONTEXT(2) 
PARAMETRIC_REPRESENTATION_CONTEXT() REPRESENTATION_CONTEXT('2D SPACE',''
  ) );
#977 = ORIENTED_EDGE('',*,*,#978,.T.);
#978 = EDGE_CURVE('',#951,#979,#981,.T.);
#979 = VERTEX_POINT('',#980);
#980 = CARTESIAN_POINT('',(287.,-2.,-20.));
#981 = SURFACE_CURVE('',#982,(#986,#993),.PCURVE_S1.);
#982 = LINE('',#983,#984);
#983 = CARTESIAN_POINT('',(274.5,-2.,-20.));
#984 = VECTOR('',#985,1.);
#985 = DIRECTION('',(-1.,0.,0.));
#986 = PCURVE('',#760,#987);
#987 = DEFINITIONAL_REPRESENTATION('',(#988),#992);
#988 = LINE('',#989,#990);
#989 = CARTESIAN_POINT('',(12.5,2.));
#990 = VECTOR('',#991,1.);
#991 = DIRECTION('',(-1.,0.));
#992 = ( GEOMETRIC_REPRESENTATION_CONTEXT(2) 
PARAMETRIC_REPRESENTATION_CONTEXT() REPRESENTATION_CONTEXT('2D SPACE',''
  ) );
#993 = PCURVE('',#994,#999);
#994 = PLANE('',#995);
#995 = AXIS2_PLACEMENT_3D('',#996,#997,#998);
#996 = CARTESIAN_POINT('',(287.,-2.,-21.));
#997 = DIRECTION('',(0.,1.,0.));
#998 = DIRECTION('',(0.,0.,1.));
#999 = DEFINITIONAL_REPRESENTATION('',(#1000),#1004);
#1000 = LINE('',#1001,#1002);
#1001 = CARTESIAN_POINT('',(1.,-12.5));
#1002 = VECTOR('',#1003,1.);
#1003 = DIRECTION('',(0.,-1.));
#1004 = ( GEOMETRIC_REPRESENTATION_CONTEXT(2) 
PARAMETRIC_REPRESENTATION_CONTEXT() REPRESENTATION_CONTEXT('2D SPACE',''
  ) );
#1005 = ORIENTED_EDGE('',*,*,#1006,.T.);
#1006 = EDGE_CURVE('',#979,#1007,#1009,.T.);
#1007 = VERTEX_POINT('',#1008);
#1008 = CARTESIAN_POINT('',(287.,2.,-20.));
#1009 = SURFACE_CURVE('',#1010,(#1014,#1021),.PCURVE_S1.);
#1010 = LINE('',#1011,#1012);
#1011 = CARTESIAN_POINT('',(287.,-3.,-20.));
#1012 = VECTOR('',#1013,1.);
#1013 = DIRECTION('',(0.,1.,0.));
#1014 = PCURVE('',#760,#1015);
#1015 = DEFINITIONAL_REPRESENTATION('',(#1016),#1020);
#1016 = LINE('',#1017,#1018);
#1017 = CARTESIAN_POINT('',(25.,1.));
#1018 = VECTOR('',#1019,1.);
#1019 = DIRECTION('',(0.,1.));
#1020 = ( GEOMETRIC_REPRESENTATION_CONTEXT(2) 
PARAMETRIC_REPRESENTATION_CONTEXT() REPRESENTATION_CONTEXT('2D SPACE',''
  ) );
#1021 = PCURVE('',#1022,#1027);
#1022 = PLANE('',#1023);
#1023 = AXIS2_PLACEMENT_3D('',#1024,#1025,#1026);
#1024 = CARTESIAN_POINT('',(287.,-2.,-21.));
#1025 = DIRECTION('',(1.,0.,0.));
#1026 = DIRECTION('',(0.,0.,1.));
#1027 = DEFINITIONAL_REPRESENTATION('',(#1028),#1032);
#1028 = LINE('',#1029,#1030);
#1029 = CARTESIAN_POINT('',(1.,1.));
#1030 = VECTOR('',#1031,1.);
#1031 = DIRECTION('',(0.,-1.));
#1032 = ( GEOMETRIC_REPRESENTATION_CONTEXT(2) 
PARAMETRIC_REPRESENTATION_CONTEXT() REPRESENTATION_CONTEXT('2D SPACE',''
  ) );
#1033 = ORIENTED_EDGE('',*,*,#1034,.F.);
#1034 = EDGE_CURVE('',#1035,#1007,#1037,.T.);
#1035 = VERTEX_POINT('',#1036);
#1036 = CARTESIAN_POINT('',(292.,2.,-20.));
#1037 = SURFACE_CURVE('',#1038,(#1042,#1049),.PCURVE_S1.);
#1038 = LINE('',#1039,#1040);
#1039 = CARTESIAN_POINT('',(274.5,2.,-20.));
#1040 = VECTOR('',#1041,1.);
#1041 = DIRECTION('',(-1.,0.,0.));
#1042 = PCURVE('',#760,#1043);
#1043 = DEFINITIONAL_REPRESENTATION('',(#1044),#1048);
#1044 = LINE('',#1045,#1046);
#1045 = CARTESIAN_POINT('',(12.5,6.));
#1046 = VECTOR('',#1047,1.);
#1047 = DIRECTION('',(-1.,0.));
#1048 = ( GEOMETRIC_REPRESENTATION_CONTEXT(2) 
PARAMETRIC_REPRESENTATION_CONTEXT() REPRESENTATION_CONTEXT('2D SPACE',''
  ) );
#1049 = PCURVE('',#1050,#1055);
#1050 = PLANE('',#1051);
#1051 = AXIS2_PLACEMENT_3D('',#1052,#1053,#1054);
#1052 = CARTESIAN_POINT('',(287.,2.,-21.));
#1053 = DIRECTION('',(0.,1.,0.));
#1054 = DIRECTION('',(0.,0.,1.));
#1055 = DEFINITIONAL_REPRESENTATION('',(#1056),#1060);
#1056 = LINE('',#1057,#1058);
#1057 = CARTESIAN_POINT('',(1.,-12.5));
#1058 = VECTOR('',#1059,1.);
#1059 = DIRECTION('',(0.,-1.));
#1060 = ( GEOMETRIC_REPRESENTATION_CONTEXT(2) 
PARAMETRIC_REPRESENTATION_CONTEXT() REPRESENTATION_CONTEXT('2D SPACE',''
  ) );
#1061 = ORIENTED_EDGE('',*,*,#1062,.T.);
#1062 = EDGE_CURVE('',#1035,#715,#1063,.T.);
#1063 = SURFACE_CURVE('',#1064,(#1068,#1075),.PCURVE_S1.);
#1064 = LINE('',#1065,#1066);
#1065 = CARTESIAN_POINT('',(292.,-4.,-20.));
#1066 = VECTOR('',#1067,1.);
#1067 = DIRECTION('',(0.,1.,0.));
#1068 = PCURVE('',#760,#1069);
#1069 = DEFINITIONAL_REPRESENTATION('',(#1070),#1074);
#1070 = LINE('',#1071,#1072);
#1071 = CARTESIAN_POINT('',(30.,0.));
#1072 = VECTOR('',#1073,1.);
#1073 = DIRECTION('',(0.,1.));
#1074 = ( GEOMETRIC_REPRESENTATION_CONTEXT(2) 
PARAMETRIC_REPRESENTATION_CONTEXT() REPRESENTATION_CONTEXT('2D SPACE',''
  ) );
#1075 = PCURVE('',#732,#1076);
#1076 = DEFINITIONAL_REPRESENTATION('',(#1077),#1081);
#1077 = LINE('',#1078,#1079);
#1078 = CARTESIAN_POINT('',(0.,0.));
#1079 = VECTOR('',#1080,1.);
#1080 = DIRECTION('',(0.,-1.));
#1081 = ( GEOMETRIC_REPRESENTATION_CONTEXT(2) 
PARAMETRIC_REPRESENTATION_CONTEXT() REPRESENTATION_CONTEXT('2D SPACE',''
  ) );
#1082 = ORIENTED_EDGE('',*,*,#744,.F.);
#1083 = ORIENTED_EDGE('',*,*,#1084,.F.);
#1084 = EDGE_CURVE('',#1085,#745,#1087,.T.);
#1085 = VERTEX_POINT('',#1086);
#1086 = CARTESIAN_POINT('',(262.,2.,-20.));
#1087 = SURFACE_CURVE('',#1088,(#1092,#1099),.PCURVE_S1.);
#1088 = LINE('',#1089,#1090);
#1089 = CARTESIAN_POINT('',(262.,-4.,-20.));
#1090 = VECTOR('',#1091,1.);
#1091 = DIRECTION('',(0.,1.,0.));
#1092 = PCURVE('',#760,#1093);
#1093 = DEFINITIONAL_REPRESENTATION('',(#1094),#1098);
#1094 = LINE('',#1095,#1096);
#1095 = CARTESIAN_POINT('',(0.,0.));
#1096 = VECTOR('',#1097,1.);
#1097 = DIRECTION('',(0.,1.));
#1098 = ( GEOMETRIC_REPRESENTATION_CONTEXT(2) 
PARAMETRIC_REPRESENTATION_CONTEXT() REPRESENTATION_CONTEXT('2D SPACE',''
  ) );
#1099 = PCURVE('',#645,#1100);
#1100 = DEFINITIONAL_REPRESENTATION('',(#1101),#1105);
#1101 = LINE('',#1102,#1103);
#1102 = CARTESIAN_POINT('',(0.,0.));
#1103 = VECTOR('',#1104,1.);
#1104 = DIRECTION('',(0.,-1.));
#1105 = ( GEOMETRIC_REPRESENTATION_CONTEXT(2) 
PARAMETRIC_REPRESENTATION_CONTEXT() REPRESENTATION_CONTEXT('2D SPACE',''
  ) );
#1106 = ORIENTED_EDGE('',*,*,#1107,.T.);
#1107 = EDGE_CURVE('',#1085,#905,#1108,.T.);
#1108 = SURFACE_CURVE('',#1109,(#1114,#1125),.PCURVE_S1.);
#1109 = CIRCLE('',#1110,2.);
#1110 = AXIS2_PLACEMENT_3D('',#1111,#1112,#1113);
#1111 = CARTESIAN_POINT('',(262.,0.,-20.));
#1112 = DIRECTION('',(0.,0.,-1.));
#1113 = DIRECTION('',(0.,1.,0.));
#1114 = PCURVE('',#760,#1115);
#1115 = DEFINITIONAL_REPRESENTATION('',(#1116),#1124);
#1116 = ( BOUNDED_CURVE() B_SPLINE_CURVE(2,(#1117,#1118,#1119,#1120,
#1121,#1122,#1123),.UNSPECIFIED.,.T.,.F.) B_SPLINE_CURVE_WITH_KNOTS((1,2
    ,2,2,2,1),(-2.094395102393,0.,2.094395102393,4.188790204786,
6.28318530718,8.377580409573),.UNSPECIFIED.) CURVE() 
GEOMETRIC_REPRESENTATION_ITEM() RATIONAL_B_SPLINE_CURVE((1.,0.5,1.,0.5,
1.,0.5,1.)) REPRESENTATION_ITEM('') );
#1117 = CARTESIAN_POINT('',(0.,6.));
#1118 = CARTESIAN_POINT('',(3.464101615138,6.));
#1119 = CARTESIAN_POINT('',(1.732050807569,3.));
#1120 = CARTESIAN_POINT('',(4.898587196589E-16,8.881784197001E-16));
#1121 = CARTESIAN_POINT('',(-1.732050807569,3.));
#1122 = CARTESIAN_POINT('',(-3.464101615138,6.));
#1123 = CARTESIAN_POINT('',(0.,6.));
#1124 = ( GEOMETRIC_REPRESENTATION_CONTEXT(2) 
PARAMETRIC_REPRESENTATION_CONTEXT() REPRESENTATION_CONTEXT('2D SPACE',''
  ) );
#1125 = PCURVE('',#572,#1126);
#1126 = DEFINITIONAL_REPRESENTATION('',(#1127),#1131);
#1127 = LINE('',#1128,#1129);
#1128 = CARTESIAN_POINT('',(-7.853981633974,-2.));
#1129 = VECTOR('',#1130,1.);
#1130 = DIRECTION('',(1.,-0.));
#1131 = ( GEOMETRIC_REPRESENTATION_CONTEXT(2) 
PARAMETRIC_REPRESENTATION_CONTEXT() REPRESENTATION_CONTEXT('2D SPACE',''
  ) );
#1132 = ADVANCED_FACE('',(#1133),#966,.T.);
#1133 = FACE_BOUND('',#1134,.T.);
#1134 = EDGE_LOOP('',(#1135,#1160,#1181,#1182));
#1135 = ORIENTED_EDGE('',*,*,#1136,.F.);
#1136 = EDGE_CURVE('',#1137,#1139,#1141,.T.);
#1137 = VERTEX_POINT('',#1138);
#1138 = CARTESIAN_POINT('',(292.,-4.,-6.));
#1139 = VERTEX_POINT('',#1140);
#1140 = CARTESIAN_POINT('',(292.,-2.,-6.));
#1141 = SURFACE_CURVE('',#1142,(#1146,#1153),.PCURVE_S1.);
#1142 = LINE('',#1143,#1144);
#1143 = CARTESIAN_POINT('',(292.,-4.,-6.));
#1144 = VECTOR('',#1145,1.);
#1145 = DIRECTION('',(0.,1.,0.));
#1146 = PCURVE('',#966,#1147);
#1147 = DEFINITIONAL_REPRESENTATION('',(#1148),#1152);
#1148 = LINE('',#1149,#1150);
#1149 = CARTESIAN_POINT('',(14.,0.));
#1150 = VECTOR('',#1151,1.);
#1151 = DIRECTION('',(0.,-1.));
#1152 = ( GEOMETRIC_REPRESENTATION_CONTEXT(2) 
PARAMETRIC_REPRESENTATION_CONTEXT() REPRESENTATION_CONTEXT('2D SPACE',''
  ) );
#1153 = PCURVE('',#887,#1154);
#1154 = DEFINITIONAL_REPRESENTATION('',(#1155),#1159);
#1155 = LINE('',#1156,#1157);
#1156 = CARTESIAN_POINT('',(30.,0.));
#1157 = VECTOR('',#1158,1.);
#1158 = DIRECTION('',(0.,1.));
#1159 = ( GEOMETRIC_REPRESENTATION_CONTEXT(2) 
PARAMETRIC_REPRESENTATION_CONTEXT() REPRESENTATION_CONTEXT('2D SPACE',''
  ) );
#1160 = ORIENTED_EDGE('',*,*,#1161,.F.);
#1161 = EDGE_CURVE('',#928,#1137,#1162,.T.);
#1162 = SURFACE_CURVE('',#1163,(#1167,#1174),.PCURVE_S1.);
#1163 = LINE('',#1164,#1165);
#1164 = CARTESIAN_POINT('',(292.,-4.,-20.));
#1165 = VECTOR('',#1166,1.);
#1166 = DIRECTION('',(0.,0.,1.));
#1167 = PCURVE('',#966,#1168);
#1168 = DEFINITIONAL_REPRESENTATION('',(#1169),#1173);
#1169 = LINE('',#1170,#1171);
#1170 = CARTESIAN_POINT('',(0.,0.));
#1171 = VECTOR('',#1172,1.);
#1172 = DIRECTION('',(1.,0.));
#1173 = ( GEOMETRIC_REPRESENTATION_CONTEXT(2) 
PARAMETRIC_REPRESENTATION_CONTEXT() REPRESENTATION_CONTEXT('2D SPACE',''
  ) );
#1174 = PCURVE('',#444,#1175);
#1175 = DEFINITIONAL_REPRESENTATION('',(#1176),#1180);
#1176 = LINE('',#1177,#1178);
#1177 = CARTESIAN_POINT('',(0.,30.));
#1178 = VECTOR('',#1179,1.);
#1179 = DIRECTION('',(1.,0.));
#1180 = ( GEOMETRIC_REPRESENTATION_CONTEXT(2) 
PARAMETRIC_REPRESENTATION_CONTEXT() REPRESENTATION_CONTEXT('2D SPACE',''
  ) );
#1181 = ORIENTED_EDGE('',*,*,#950,.T.);
#1182 = ORIENTED_EDGE('',*,*,#1183,.T.);
#1183 = EDGE_CURVE('',#951,#1139,#1184,.T.);
#1184 = SURFACE_CURVE('',#1185,(#1189,#1196),.PCURVE_S1.);
#1185 = LINE('',#1186,#1187);
#1186 = CARTESIAN_POINT('',(292.,-2.,-20.5));
#1187 = VECTOR('',#1188,1.);
#1188 = DIRECTION('',(0.,0.,1.));
#1189 = PCURVE('',#966,#1190);
#1190 = DEFINITIONAL_REPRESENTATION('',(#1191),#1195);
#1191 = LINE('',#1192,#1193);
#1192 = CARTESIAN_POINT('',(-0.5,-2.));
#1193 = VECTOR('',#1194,1.);
#1194 = DIRECTION('',(1.,0.));
#1195 = ( GEOMETRIC_REPRESENTATION_CONTEXT(2) 
PARAMETRIC_REPRESENTATION_CONTEXT() REPRESENTATION_CONTEXT('2D SPACE',''
  ) );
#1196 = PCURVE('',#994,#1197);
#1197 = DEFINITIONAL_REPRESENTATION('',(#1198),#1202);
#1198 = LINE('',#1199,#1200);
#1199 = CARTESIAN_POINT('',(0.5,5.));
#1200 = VECTOR('',#1201,1.);
#1201 = DIRECTION('',(1.,0.));
#1202 = ( GEOMETRIC_REPRESENTATION_CONTEXT(2) 
PARAMETRIC_REPRESENTATION_CONTEXT() REPRESENTATION_CONTEXT('2D SPACE',''
  ) );
#1203 = ADVANCED_FACE('',(#1204),#994,.T.);
#1204 = FACE_BOUND('',#1205,.T.);
#1205 = EDGE_LOOP('',(#1206,#1207,#1230,#1251));
#1206 = ORIENTED_EDGE('',*,*,#978,.T.);
#1207 = ORIENTED_EDGE('',*,*,#1208,.T.);
#1208 = EDGE_CURVE('',#979,#1209,#1211,.T.);
#1209 = VERTEX_POINT('',#1210);
#1210 = CARTESIAN_POINT('',(287.,-2.,-6.));
#1211 = SURFACE_CURVE('',#1212,(#1216,#1223),.PCURVE_S1.);
#1212 = LINE('',#1213,#1214);
#1213 = CARTESIAN_POINT('',(287.,-2.,-21.));
#1214 = VECTOR('',#1215,1.);
#1215 = DIRECTION('',(0.,0.,1.));
#1216 = PCURVE('',#994,#1217);
#1217 = DEFINITIONAL_REPRESENTATION('',(#1218),#1222);
#1218 = LINE('',#1219,#1220);
#1219 = CARTESIAN_POINT('',(0.,0.));
#1220 = VECTOR('',#1221,1.);
#1221 = DIRECTION('',(1.,0.));
#1222 = ( GEOMETRIC_REPRESENTATION_CONTEXT(2) 
PARAMETRIC_REPRESENTATION_CONTEXT() REPRESENTATION_CONTEXT('2D SPACE',''
  ) );
#1223 = PCURVE('',#1022,#1224);
#1224 = DEFINITIONAL_REPRESENTATION('',(#1225),#1229);
#1225 = LINE('',#1226,#1227);
#1226 = CARTESIAN_POINT('',(0.,0.));
#1227 = VECTOR('',#1228,1.);
#1228 = DIRECTION('',(1.,0.));
#1229 = ( GEOMETRIC_REPRESENTATION_CONTEXT(2) 
PARAMETRIC_REPRESENTATION_CONTEXT() REPRESENTATION_CONTEXT('2D SPACE',''
  ) );
#1230 = ORIENTED_EDGE('',*,*,#1231,.F.);
#1231 = EDGE_CURVE('',#1139,#1209,#1232,.T.);
#1232 = SURFACE_CURVE('',#1233,(#1237,#1244),.PCURVE_S1.);
#1233 = LINE('',#1234,#1235);
#1234 = CARTESIAN_POINT('',(274.5,-2.,-6.));
#1235 = VECTOR('',#1236,1.);
#1236 = DIRECTION('',(-1.,0.,0.));
#1237 = PCURVE('',#994,#1238);
#1238 = DEFINITIONAL_REPRESENTATION('',(#1239),#1243);
#1239 = LINE('',#1240,#1241);
#1240 = CARTESIAN_POINT('',(15.,-12.5));
#1241 = VECTOR('',#1242,1.);
#1242 = DIRECTION('',(0.,-1.));
#1243 = ( GEOMETRIC_REPRESENTATION_CONTEXT(2) 
PARAMETRIC_REPRESENTATION_CONTEXT() REPRESENTATION_CONTEXT('2D SPACE',''
  ) );
#1244 = PCURVE('',#887,#1245);
#1245 = DEFINITIONAL_REPRESENTATION('',(#1246),#1250);
#1246 = LINE('',#1247,#1248);
#1247 = CARTESIAN_POINT('',(12.5,2.));
#1248 = VECTOR('',#1249,1.);
#1249 = DIRECTION('',(-1.,0.));
#1250 = ( GEOMETRIC_REPRESENTATION_CONTEXT(2) 
PARAMETRIC_REPRESENTATION_CONTEXT() REPRESENTATION_CONTEXT('2D SPACE',''
  ) );
#1251 = ORIENTED_EDGE('',*,*,#1183,.F.);
#1252 = ADVANCED_FACE('',(#1253),#1022,.T.);
#1253 = FACE_BOUND('',#1254,.T.);
#1254 = EDGE_LOOP('',(#1255,#1256,#1257,#1280));
#1255 = ORIENTED_EDGE('',*,*,#1208,.F.);
#1256 = ORIENTED_EDGE('',*,*,#1006,.T.);
#1257 = ORIENTED_EDGE('',*,*,#1258,.T.);
#1258 = EDGE_CURVE('',#1007,#1259,#1261,.T.);
#1259 = VERTEX_POINT('',#1260);
#1260 = CARTESIAN_POINT('',(287.,2.,-6.));
#1261 = SURFACE_CURVE('',#1262,(#1266,#1273),.PCURVE_S1.);
#1262 = LINE('',#1263,#1264);
#1263 = CARTESIAN_POINT('',(287.,2.,-21.));
#1264 = VECTOR('',#1265,1.);
#1265 = DIRECTION('',(0.,0.,1.));
#1266 = PCURVE('',#1022,#1267);
#1267 = DEFINITIONAL_REPRESENTATION('',(#1268),#1272);
#1268 = LINE('',#1269,#1270);
#1269 = CARTESIAN_POINT('',(0.,-4.));
#1270 = VECTOR('',#1271,1.);
#1271 = DIRECTION('',(1.,0.));
#1272 = ( GEOMETRIC_REPRESENTATION_CONTEXT(2) 
PARAMETRIC_REPRESENTATION_CONTEXT() REPRESENTATION_CONTEXT('2D SPACE',''
  ) );
#1273 = PCURVE('',#1050,#1274);
#1274 = DEFINITIONAL_REPRESENTATION('',(#1275),#1279);
#1275 = LINE('',#1276,#1277);
#1276 = CARTESIAN_POINT('',(0.,0.));
#1277 = VECTOR('',#1278,1.);
#1278 = DIRECTION('',(1.,0.));
#1279 = ( GEOMETRIC_REPRESENTATION_CONTEXT(2) 
PARAMETRIC_REPRESENTATION_CONTEXT() REPRESENTATION_CONTEXT('2D SPACE',''
  ) );
#1280 = ORIENTED_EDGE('',*,*,#1281,.F.);
#1281 = EDGE_CURVE('',#1209,#1259,#1282,.T.);
#1282 = SURFACE_CURVE('',#1283,(#1287,#1294),.PCURVE_S1.);
#1283 = LINE('',#1284,#1285);
#1284 = CARTESIAN_POINT('',(287.,-3.,-6.));
#1285 = VECTOR('',#1286,1.);
#1286 = DIRECTION('',(0.,1.,0.));
#1287 = PCURVE('',#1022,#1288);
#1288 = DEFINITIONAL_REPRESENTATION('',(#1289),#1293);
#1289 = LINE('',#1290,#1291);
#1290 = CARTESIAN_POINT('',(15.,1.));
#1291 = VECTOR('',#1292,1.);
#1292 = DIRECTION('',(0.,-1.));
#1293 = ( GEOMETRIC_REPRESENTATION_CONTEXT(2) 
PARAMETRIC_REPRESENTATION_CONTEXT() REPRESENTATION_CONTEXT('2D SPACE',''
  ) );
#1294 = PCURVE('',#887,#1295);
#1295 = DEFINITIONAL_REPRESENTATION('',(#1296),#1300);
#1296 = LINE('',#1297,#1298);
#1297 = CARTESIAN_POINT('',(25.,1.));
#1298 = VECTOR('',#1299,1.);
#1299 = DIRECTION('',(0.,1.));
#1300 = ( GEOMETRIC_REPRESENTATION_CONTEXT(2) 
PARAMETRIC_REPRESENTATION_CONTEXT() REPRESENTATION_CONTEXT('2D SPACE',''
  ) );
#1301 = ADVANCED_FACE('',(#1302),#1050,.F.);
#1302 = FACE_BOUND('',#1303,.F.);
#1303 = EDGE_LOOP('',(#1304,#1305,#1306,#1329));
#1304 = ORIENTED_EDGE('',*,*,#1034,.T.);
#1305 = ORIENTED_EDGE('',*,*,#1258,.T.);
#1306 = ORIENTED_EDGE('',*,*,#1307,.F.);
#1307 = EDGE_CURVE('',#1308,#1259,#1310,.T.);
#1308 = VERTEX_POINT('',#1309);
#1309 = CARTESIAN_POINT('',(292.,2.,-6.));
#1310 = SURFACE_CURVE('',#1311,(#1315,#1322),.PCURVE_S1.);
#1311 = LINE('',#1312,#1313);
#1312 = CARTESIAN_POINT('',(274.5,2.,-6.));
#1313 = VECTOR('',#1314,1.);
#1314 = DIRECTION('',(-1.,0.,0.));
#1315 = PCURVE('',#1050,#1316);
#1316 = DEFINITIONAL_REPRESENTATION('',(#1317),#1321);
#1317 = LINE('',#1318,#1319);
#1318 = CARTESIAN_POINT('',(15.,-12.5));
#1319 = VECTOR('',#1320,1.);
#1320 = DIRECTION('',(0.,-1.));
#1321 = ( GEOMETRIC_REPRESENTATION_CONTEXT(2) 
PARAMETRIC_REPRESENTATION_CONTEXT() REPRESENTATION_CONTEXT('2D SPACE',''
  ) );
#1322 = PCURVE('',#887,#1323);
#1323 = DEFINITIONAL_REPRESENTATION('',(#1324),#1328);
#1324 = LINE('',#1325,#1326);
#1325 = CARTESIAN_POINT('',(12.5,6.));
#1326 = VECTOR('',#1327,1.);
#1327 = DIRECTION('',(-1.,0.));
#1328 = ( GEOMETRIC_REPRESENTATION_CONTEXT(2) 
PARAMETRIC_REPRESENTATION_CONTEXT() REPRESENTATION_CONTEXT('2D SPACE',''
  ) );
#1329 = ORIENTED_EDGE('',*,*,#1330,.F.);
#1330 = EDGE_CURVE('',#1035,#1308,#1331,.T.);
#1331 = SURFACE_CURVE('',#1332,(#1336,#1343),.PCURVE_S1.);
#1332 = LINE('',#1333,#1334);
#1333 = CARTESIAN_POINT('',(292.,2.,-20.5));
#1334 = VECTOR('',#1335,1.);
#1335 = DIRECTION('',(0.,0.,1.));
#1336 = PCURVE('',#1050,#1337);
#1337 = DEFINITIONAL_REPRESENTATION('',(#1338),#1342);
#1338 = LINE('',#1339,#1340);
#1339 = CARTESIAN_POINT('',(0.5,5.));
#1340 = VECTOR('',#1341,1.);
#1341 = DIRECTION('',(1.,0.));
#1342 = ( GEOMETRIC_REPRESENTATION_CONTEXT(2) 
PARAMETRIC_REPRESENTATION_CONTEXT() REPRESENTATION_CONTEXT('2D SPACE',''
  ) );
#1343 = PCURVE('',#732,#1344);
#1344 = DEFINITIONAL_REPRESENTATION('',(#1345),#1349);
#1345 = LINE('',#1346,#1347);
#1346 = CARTESIAN_POINT('',(-0.5,-6.));
#1347 = VECTOR('',#1348,1.);
#1348 = DIRECTION('',(1.,0.));
#1349 = ( GEOMETRIC_REPRESENTATION_CONTEXT(2) 
PARAMETRIC_REPRESENTATION_CONTEXT() REPRESENTATION_CONTEXT('2D SPACE',''
  ) );
#1350 = ADVANCED_FACE('',(#1351),#833,.T.);
#1351 = FACE_BOUND('',#1352,.F.);
#1352 = EDGE_LOOP('',(#1353,#1377,#1400,#1426));
#1353 = ORIENTED_EDGE('',*,*,#1354,.T.);
#1354 = EDGE_CURVE('',#818,#1355,#1357,.T.);
#1355 = VERTEX_POINT('',#1356);
#1356 = CARTESIAN_POINT('',(266.,4.,9.949874371066));
#1357 = SURFACE_CURVE('',#1358,(#1363,#1370),.PCURVE_S1.);
#1358 = CIRCLE('',#1359,10.);
#1359 = AXIS2_PLACEMENT_3D('',#1360,#1361,#1362);
#1360 = CARTESIAN_POINT('',(266.,3.,-3.330669073875E-16));
#1361 = DIRECTION('',(1.,0.,-0.));
#1362 = DIRECTION('',(0.,1.110223024625E-16,1.));
#1363 = PCURVE('',#833,#1364);
#1364 = DEFINITIONAL_REPRESENTATION('',(#1365),#1369);
#1365 = LINE('',#1366,#1367);
#1366 = CARTESIAN_POINT('',(-0.,-6.));
#1367 = VECTOR('',#1368,1.);
#1368 = DIRECTION('',(-1.,0.));
#1369 = ( GEOMETRIC_REPRESENTATION_CONTEXT(2) 
PARAMETRIC_REPRESENTATION_CONTEXT() REPRESENTATION_CONTEXT('2D SPACE',''
  ) );
#1370 = PCURVE('',#861,#1371);
#1371 = DEFINITIONAL_REPRESENTATION('',(#1372),#1376);
#1372 = CIRCLE('',#1373,10.);
#1373 = AXIS2_PLACEMENT_2D('',#1374,#1375);
#1374 = CARTESIAN_POINT('',(6.072654079767E-32,-5.469760530158E-16));
#1375 = DIRECTION('',(0.,-1.));
#1376 = ( GEOMETRIC_REPRESENTATION_CONTEXT(2) 
PARAMETRIC_REPRESENTATION_CONTEXT() REPRESENTATION_CONTEXT('2D SPACE',''
  ) );
#1377 = ORIENTED_EDGE('',*,*,#1378,.T.);
#1378 = EDGE_CURVE('',#1355,#1379,#1381,.T.);
#1379 = VERTEX_POINT('',#1380);
#1380 = CARTESIAN_POINT('',(265.,4.,9.949874371066));
#1381 = SURFACE_CURVE('',#1382,(#1386,#1393),.PCURVE_S1.);
#1382 = LINE('',#1383,#1384);
#1383 = CARTESIAN_POINT('',(260.,4.,9.949874371066));
#1384 = VECTOR('',#1385,1.);
#1385 = DIRECTION('',(-1.,0.,-0.));
#1386 = PCURVE('',#833,#1387);
#1387 = DEFINITIONAL_REPRESENTATION('',(#1388),#1392);
#1388 = LINE('',#1389,#1390);
#1389 = CARTESIAN_POINT('',(-6.183017886018,0.));
#1390 = VECTOR('',#1391,1.);
#1391 = DIRECTION('',(-0.,1.));
#1392 = ( GEOMETRIC_REPRESENTATION_CONTEXT(2) 
PARAMETRIC_REPRESENTATION_CONTEXT() REPRESENTATION_CONTEXT('2D SPACE',''
  ) );
#1393 = PCURVE('',#154,#1394);
#1394 = DEFINITIONAL_REPRESENTATION('',(#1395),#1399);
#1395 = LINE('',#1396,#1397);
#1396 = CARTESIAN_POINT('',(3.949874371066,-2.));
#1397 = VECTOR('',#1398,1.);
#1398 = DIRECTION('',(0.,-1.));
#1399 = ( GEOMETRIC_REPRESENTATION_CONTEXT(2) 
PARAMETRIC_REPRESENTATION_CONTEXT() REPRESENTATION_CONTEXT('2D SPACE',''
  ) );
#1400 = ORIENTED_EDGE('',*,*,#1401,.T.);
#1401 = EDGE_CURVE('',#1379,#795,#1402,.T.);
#1402 = SURFACE_CURVE('',#1403,(#1408,#1415),.PCURVE_S1.);
#1403 = CIRCLE('',#1404,10.);
#1404 = AXIS2_PLACEMENT_3D('',#1405,#1406,#1407);
#1405 = CARTESIAN_POINT('',(265.,3.,-3.330669073875E-16));
#1406 = DIRECTION('',(-1.,0.,0.));
#1407 = DIRECTION('',(0.,1.110223024625E-16,1.));
#1408 = PCURVE('',#833,#1409);
#1409 = DEFINITIONAL_REPRESENTATION('',(#1410),#1414);
#1410 = LINE('',#1411,#1412);
#1411 = CARTESIAN_POINT('',(-6.28318530718,-5.));
#1412 = VECTOR('',#1413,1.);
#1413 = DIRECTION('',(1.,-0.));
#1414 = ( GEOMETRIC_REPRESENTATION_CONTEXT(2) 
PARAMETRIC_REPRESENTATION_CONTEXT() REPRESENTATION_CONTEXT('2D SPACE',''
  ) );
#1415 = PCURVE('',#126,#1416);
#1416 = DEFINITIONAL_REPRESENTATION('',(#1417),#1425);
#1417 = ( BOUNDED_CURVE() B_SPLINE_CURVE(2,(#1418,#1419,#1420,#1421,
#1422,#1423,#1424),.UNSPECIFIED.,.T.,.F.) B_SPLINE_CURVE_WITH_KNOTS((1,2
    ,2,2,2,1),(-2.094395102393,0.,2.094395102393,4.188790204786,
6.28318530718,8.377580409573),.UNSPECIFIED.) CURVE() 
GEOMETRIC_REPRESENTATION_ITEM() RATIONAL_B_SPLINE_CURVE((1.,0.5,1.,0.5,
1.,0.5,1.)) REPRESENTATION_ITEM('') );
#1418 = CARTESIAN_POINT('',(2.,-10.));
#1419 = CARTESIAN_POINT('',(-15.32050807568,-10.));
#1420 = CARTESIAN_POINT('',(-6.660254037844,5.));
#1421 = CARTESIAN_POINT('',(2.,20.));
#1422 = CARTESIAN_POINT('',(10.660254037844,5.));
#1423 = CARTESIAN_POINT('',(19.320508075689,-10.));
#1424 = CARTESIAN_POINT('',(2.,-10.));
#1425 = ( GEOMETRIC_REPRESENTATION_CONTEXT(2) 
PARAMETRIC_REPRESENTATION_CONTEXT() REPRESENTATION_CONTEXT('2D SPACE',''
  ) );
#1426 = ORIENTED_EDGE('',*,*,#817,.F.);
#1427 = ADVANCED_FACE('',(#1428,#1579),#861,.T.);
#1428 = FACE_BOUND('',#1429,.T.);
#1429 = EDGE_LOOP('',(#1430,#1460,#1483,#1512,#1535,#1556,#1557,#1558));
#1430 = ORIENTED_EDGE('',*,*,#1431,.T.);
#1431 = EDGE_CURVE('',#1432,#1434,#1436,.T.);
#1432 = VERTEX_POINT('',#1433);
#1433 = CARTESIAN_POINT('',(266.,4.,6.));
#1434 = VERTEX_POINT('',#1435);
#1435 = CARTESIAN_POINT('',(266.,-4.,6.));
#1436 = SURFACE_CURVE('',#1437,(#1441,#1448),.PCURVE_S1.);
#1437 = LINE('',#1438,#1439);
#1438 = CARTESIAN_POINT('',(266.,-0.5,6.));
#1439 = VECTOR('',#1440,1.);
#1440 = DIRECTION('',(0.,-1.,0.));
#1441 = PCURVE('',#861,#1442);
#1442 = DEFINITIONAL_REPRESENTATION('',(#1443),#1447);
#1443 = LINE('',#1444,#1445);
#1444 = CARTESIAN_POINT('',(3.5,-6.));
#1445 = VECTOR('',#1446,1.);
#1446 = DIRECTION('',(1.,1.110223024625E-16));
#1447 = ( GEOMETRIC_REPRESENTATION_CONTEXT(2) 
PARAMETRIC_REPRESENTATION_CONTEXT() REPRESENTATION_CONTEXT('2D SPACE',''
  ) );
#1448 = PCURVE('',#1449,#1454);
#1449 = PLANE('',#1450);
#1450 = AXIS2_PLACEMENT_3D('',#1451,#1452,#1453);
#1451 = CARTESIAN_POINT('',(262.,-4.,6.));
#1452 = DIRECTION('',(0.,0.,1.));
#1453 = DIRECTION('',(1.,0.,0.));
#1454 = DEFINITIONAL_REPRESENTATION('',(#1455),#1459);
#1455 = LINE('',#1456,#1457);
#1456 = CARTESIAN_POINT('',(4.,3.5));
#1457 = VECTOR('',#1458,1.);
#1458 = DIRECTION('',(0.,-1.));
#1459 = ( GEOMETRIC_REPRESENTATION_CONTEXT(2) 
PARAMETRIC_REPRESENTATION_CONTEXT() REPRESENTATION_CONTEXT('2D SPACE',''
  ) );
#1460 = ORIENTED_EDGE('',*,*,#1461,.T.);
#1461 = EDGE_CURVE('',#1434,#1462,#1464,.T.);
#1462 = VERTEX_POINT('',#1463);
#1463 = CARTESIAN_POINT('',(266.,-4.,7.141428428543));
#1464 = SURFACE_CURVE('',#1465,(#1469,#1476),.PCURVE_S1.);
#1465 = LINE('',#1466,#1467);
#1466 = CARTESIAN_POINT('',(266.,-4.,3.));
#1467 = VECTOR('',#1468,1.);
#1468 = DIRECTION('',(0.,0.,1.));
#1469 = PCURVE('',#861,#1470);
#1470 = DEFINITIONAL_REPRESENTATION('',(#1471),#1475);
#1471 = LINE('',#1472,#1473);
#1472 = CARTESIAN_POINT('',(7.,-3.));
#1473 = VECTOR('',#1474,1.);
#1474 = DIRECTION('',(1.110223024625E-16,-1.));
#1475 = ( GEOMETRIC_REPRESENTATION_CONTEXT(2) 
PARAMETRIC_REPRESENTATION_CONTEXT() REPRESENTATION_CONTEXT('2D SPACE',''
  ) );
#1476 = PCURVE('',#387,#1477);
#1477 = DEFINITIONAL_REPRESENTATION('',(#1478),#1482);
#1478 = LINE('',#1479,#1480);
#1479 = CARTESIAN_POINT('',(-3.,4.));
#1480 = VECTOR('',#1481,1.);
#1481 = DIRECTION('',(1.,0.));
#1482 = ( GEOMETRIC_REPRESENTATION_CONTEXT(2) 
PARAMETRIC_REPRESENTATION_CONTEXT() REPRESENTATION_CONTEXT('2D SPACE',''
  ) );
#1483 = ORIENTED_EDGE('',*,*,#1484,.T.);
#1484 = EDGE_CURVE('',#1462,#1485,#1487,.T.);
#1485 = VERTEX_POINT('',#1486);
#1486 = CARTESIAN_POINT('',(266.,-4.,-7.141428428543));
#1487 = SURFACE_CURVE('',#1488,(#1493,#1500),.PCURVE_S1.);
#1488 = CIRCLE('',#1489,10.);
#1489 = AXIS2_PLACEMENT_3D('',#1490,#1491,#1492);
#1490 = CARTESIAN_POINT('',(266.,3.,-3.330669073875E-16));
#1491 = DIRECTION('',(1.,0.,-0.));
#1492 = DIRECTION('',(0.,1.110223024625E-16,1.));
#1493 = PCURVE('',#861,#1494);
#1494 = DEFINITIONAL_REPRESENTATION('',(#1495),#1499);
#1495 = CIRCLE('',#1496,10.);
#1496 = AXIS2_PLACEMENT_2D('',#1497,#1498);
#1497 = CARTESIAN_POINT('',(6.072654079767E-32,-5.469760530158E-16));
#1498 = DIRECTION('',(0.,-1.));
#1499 = ( GEOMETRIC_REPRESENTATION_CONTEXT(2) 
PARAMETRIC_REPRESENTATION_CONTEXT() REPRESENTATION_CONTEXT('2D SPACE',''
  ) );
#1500 = PCURVE('',#1501,#1506);
#1501 = CYLINDRICAL_SURFACE('',#1502,10.);
#1502 = AXIS2_PLACEMENT_3D('',#1503,#1504,#1505);
#1503 = CARTESIAN_POINT('',(260.,3.,-3.330669073875E-16));
#1504 = DIRECTION('',(-1.,0.,-0.));
#1505 = DIRECTION('',(0.,1.110223024625E-16,1.));
#1506 = DEFINITIONAL_REPRESENTATION('',(#1507),#1511);
#1507 = LINE('',#1508,#1509);
#1508 = CARTESIAN_POINT('',(-0.,-6.));
#1509 = VECTOR('',#1510,1.);
#1510 = DIRECTION('',(-1.,0.));
#1511 = ( GEOMETRIC_REPRESENTATION_CONTEXT(2) 
PARAMETRIC_REPRESENTATION_CONTEXT() REPRESENTATION_CONTEXT('2D SPACE',''
  ) );
#1512 = ORIENTED_EDGE('',*,*,#1513,.T.);
#1513 = EDGE_CURVE('',#1485,#1514,#1516,.T.);
#1514 = VERTEX_POINT('',#1515);
#1515 = CARTESIAN_POINT('',(266.,-4.,-6.));
#1516 = SURFACE_CURVE('',#1517,(#1521,#1528),.PCURVE_S1.);
#1517 = LINE('',#1518,#1519);
#1518 = CARTESIAN_POINT('',(266.,-4.,-10.));
#1519 = VECTOR('',#1520,1.);
#1520 = DIRECTION('',(0.,0.,1.));
#1521 = PCURVE('',#861,#1522);
#1522 = DEFINITIONAL_REPRESENTATION('',(#1523),#1527);
#1523 = LINE('',#1524,#1525);
#1524 = CARTESIAN_POINT('',(7.,10.));
#1525 = VECTOR('',#1526,1.);
#1526 = DIRECTION('',(1.110223024625E-16,-1.));
#1527 = ( GEOMETRIC_REPRESENTATION_CONTEXT(2) 
PARAMETRIC_REPRESENTATION_CONTEXT() REPRESENTATION_CONTEXT('2D SPACE',''
  ) );
#1528 = PCURVE('',#444,#1529);
#1529 = DEFINITIONAL_REPRESENTATION('',(#1530),#1534);
#1530 = LINE('',#1531,#1532);
#1531 = CARTESIAN_POINT('',(10.,4.));
#1532 = VECTOR('',#1533,1.);
#1533 = DIRECTION('',(1.,0.));
#1534 = ( GEOMETRIC_REPRESENTATION_CONTEXT(2) 
PARAMETRIC_REPRESENTATION_CONTEXT() REPRESENTATION_CONTEXT('2D SPACE',''
  ) );
#1535 = ORIENTED_EDGE('',*,*,#1536,.F.);
#1536 = EDGE_CURVE('',#846,#1514,#1537,.T.);
#1537 = SURFACE_CURVE('',#1538,(#1542,#1549),.PCURVE_S1.);
#1538 = LINE('',#1539,#1540);
#1539 = CARTESIAN_POINT('',(266.,-0.5,-6.));
#1540 = VECTOR('',#1541,1.);
#1541 = DIRECTION('',(0.,-1.,0.));
#1542 = PCURVE('',#861,#1543);
#1543 = DEFINITIONAL_REPRESENTATION('',(#1544),#1548);
#1544 = LINE('',#1545,#1546);
#1545 = CARTESIAN_POINT('',(3.5,6.));
#1546 = VECTOR('',#1547,1.);
#1547 = DIRECTION('',(1.,1.110223024625E-16));
#1548 = ( GEOMETRIC_REPRESENTATION_CONTEXT(2) 
PARAMETRIC_REPRESENTATION_CONTEXT() REPRESENTATION_CONTEXT('2D SPACE',''
  ) );
#1549 = PCURVE('',#887,#1550);
#1550 = DEFINITIONAL_REPRESENTATION('',(#1551),#1555);
#1551 = LINE('',#1552,#1553);
#1552 = CARTESIAN_POINT('',(4.,3.5));
#1553 = VECTOR('',#1554,1.);
#1554 = DIRECTION('',(0.,-1.));
#1555 = ( GEOMETRIC_REPRESENTATION_CONTEXT(2) 
PARAMETRIC_REPRESENTATION_CONTEXT() REPRESENTATION_CONTEXT('2D SPACE',''
  ) );
#1556 = ORIENTED_EDGE('',*,*,#845,.F.);
#1557 = ORIENTED_EDGE('',*,*,#1354,.T.);
#1558 = ORIENTED_EDGE('',*,*,#1559,.F.);
#1559 = EDGE_CURVE('',#1432,#1355,#1560,.T.);
#1560 = SURFACE_CURVE('',#1561,(#1565,#1572),.PCURVE_S1.);
#1561 = LINE('',#1562,#1563);
#1562 = CARTESIAN_POINT('',(266.,4.,3.));
#1563 = VECTOR('',#1564,1.);
#1564 = DIRECTION('',(0.,0.,1.));
#1565 = PCURVE('',#861,#1566);
#1566 = DEFINITIONAL_REPRESENTATION('',(#1567),#1571);
#1567 = LINE('',#1568,#1569);
#1568 = CARTESIAN_POINT('',(-1.,-3.));
#1569 = VECTOR('',#1570,1.);
#1570 = DIRECTION('',(1.110223024625E-16,-1.));
#1571 = ( GEOMETRIC_REPRESENTATION_CONTEXT(2) 
PARAMETRIC_REPRESENTATION_CONTEXT() REPRESENTATION_CONTEXT('2D SPACE',''
  ) );
#1572 = PCURVE('',#154,#1573);
#1573 = DEFINITIONAL_REPRESENTATION('',(#1574),#1578);
#1574 = LINE('',#1575,#1576);
#1575 = CARTESIAN_POINT('',(-3.,4.));
#1576 = VECTOR('',#1577,1.);
#1577 = DIRECTION('',(1.,0.));
#1578 = ( GEOMETRIC_REPRESENTATION_CONTEXT(2) 
PARAMETRIC_REPRESENTATION_CONTEXT() REPRESENTATION_CONTEXT('2D SPACE',''
  ) );
#1579 = FACE_BOUND('',#1580,.T.);
#1580 = EDGE_LOOP('',(#1581));
#1581 = ORIENTED_EDGE('',*,*,#1582,.T.);
#1582 = EDGE_CURVE('',#1583,#1583,#1585,.T.);
#1583 = VERTEX_POINT('',#1584);
#1584 = CARTESIAN_POINT('',(266.,4.,2.5));
#1585 = SURFACE_CURVE('',#1586,(#1591,#1602),.PCURVE_S1.);
#1586 = CIRCLE('',#1587,2.5);
#1587 = AXIS2_PLACEMENT_3D('',#1588,#1589,#1590);
#1588 = CARTESIAN_POINT('',(266.,4.,-4.440892098501E-16));
#1589 = DIRECTION('',(-1.,0.,0.));
#1590 = DIRECTION('',(0.,1.110223024625E-16,1.));
#1591 = PCURVE('',#861,#1592);
#1592 = DEFINITIONAL_REPRESENTATION('',(#1593),#1601);
#1593 = ( BOUNDED_CURVE() B_SPLINE_CURVE(2,(#1594,#1595,#1596,#1597,
#1598,#1599,#1600),.UNSPECIFIED.,.T.,.F.) B_SPLINE_CURVE_WITH_KNOTS((1,2
    ,2,2,2,1),(-2.094395102393,0.,2.094395102393,4.188790204786,
6.28318530718,8.377580409573),.UNSPECIFIED.) CURVE() 
GEOMETRIC_REPRESENTATION_ITEM() RATIONAL_B_SPLINE_CURVE((1.,0.5,1.,0.5,
1.,0.5,1.)) REPRESENTATION_ITEM('') );
#1594 = CARTESIAN_POINT('',(-1.,-2.5));
#1595 = CARTESIAN_POINT('',(-5.330127018922,-2.5));
#1596 = CARTESIAN_POINT('',(-3.165063509461,1.25));
#1597 = CARTESIAN_POINT('',(-1.,5.));
#1598 = CARTESIAN_POINT('',(1.165063509461,1.25));
#1599 = CARTESIAN_POINT('',(3.330127018922,-2.5));
#1600 = CARTESIAN_POINT('',(-1.,-2.5));
#1601 = ( GEOMETRIC_REPRESENTATION_CONTEXT(2) 
PARAMETRIC_REPRESENTATION_CONTEXT() REPRESENTATION_CONTEXT('2D SPACE',''
  ) );
#1602 = PCURVE('',#1603,#1608);
#1603 = CYLINDRICAL_SURFACE('',#1604,2.5);
#1604 = AXIS2_PLACEMENT_3D('',#1605,#1606,#1607);
#1605 = CARTESIAN_POINT('',(260.,4.,-4.440892098501E-16));
#1606 = DIRECTION('',(-1.,0.,-0.));
#1607 = DIRECTION('',(0.,1.110223024625E-16,1.));
#1608 = DEFINITIONAL_REPRESENTATION('',(#1609),#1613);
#1609 = LINE('',#1610,#1611);
#1610 = CARTESIAN_POINT('',(-6.28318530718,-6.));
#1611 = VECTOR('',#1612,1.);
#1612 = DIRECTION('',(1.,-0.));
#1613 = ( GEOMETRIC_REPRESENTATION_CONTEXT(2) 
PARAMETRIC_REPRESENTATION_CONTEXT() REPRESENTATION_CONTEXT('2D SPACE',''
  ) );
#1614 = ADVANCED_FACE('',(#1615),#1603,.F.);
#1615 = FACE_BOUND('',#1616,.T.);
#1616 = EDGE_LOOP('',(#1617,#1648,#1676,#1709,#1730,#1731,#1732,#1760));
#1617 = ORIENTED_EDGE('',*,*,#1618,.F.);
#1618 = EDGE_CURVE('',#1619,#1621,#1623,.T.);
#1619 = VERTEX_POINT('',#1620);
#1620 = CARTESIAN_POINT('',(260.,5.46,-2.029384143035));
#1621 = VERTEX_POINT('',#1622);
#1622 = CARTESIAN_POINT('',(260.,5.46,2.029384143035));
#1623 = SURFACE_CURVE('',#1624,(#1629,#1636),.PCURVE_S1.);
#1624 = CIRCLE('',#1625,2.5);
#1625 = AXIS2_PLACEMENT_3D('',#1626,#1627,#1628);
#1626 = CARTESIAN_POINT('',(260.,4.,-4.440892098501E-16));
#1627 = DIRECTION('',(1.,0.,-0.));
#1628 = DIRECTION('',(0.,1.110223024625E-16,1.));
#1629 = PCURVE('',#1603,#1630);
#1630 = DEFINITIONAL_REPRESENTATION('',(#1631),#1635);
#1631 = LINE('',#1632,#1633);
#1632 = CARTESIAN_POINT('',(-0.,0.));
#1633 = VECTOR('',#1634,1.);
#1634 = DIRECTION('',(-1.,0.));
#1635 = ( GEOMETRIC_REPRESENTATION_CONTEXT(2) 
PARAMETRIC_REPRESENTATION_CONTEXT() REPRESENTATION_CONTEXT('2D SPACE',''
  ) );
#1636 = PCURVE('',#1637,#1642);
#1637 = PLANE('',#1638);
#1638 = AXIS2_PLACEMENT_3D('',#1639,#1640,#1641);
#1639 = CARTESIAN_POINT('',(260.,3.,-8.800429604033E-16));
#1640 = DIRECTION('',(1.,0.,0.));
#1641 = DIRECTION('',(0.,-1.,1.110223024625E-16));
#1642 = DEFINITIONAL_REPRESENTATION('',(#1643),#1647);
#1643 = CIRCLE('',#1644,2.5);
#1644 = AXIS2_PLACEMENT_2D('',#1645,#1646);
#1645 = CARTESIAN_POINT('',(-1.,-5.469760530158E-16));
#1646 = DIRECTION('',(0.,-1.));
#1647 = ( GEOMETRIC_REPRESENTATION_CONTEXT(2) 
PARAMETRIC_REPRESENTATION_CONTEXT() REPRESENTATION_CONTEXT('2D SPACE',''
  ) );
#1648 = ORIENTED_EDGE('',*,*,#1649,.F.);
#1649 = EDGE_CURVE('',#1650,#1619,#1652,.T.);
#1650 = VERTEX_POINT('',#1651);
#1651 = CARTESIAN_POINT('',(265.,5.46,-2.029384143035));
#1652 = SURFACE_CURVE('',#1653,(#1657,#1664),.PCURVE_S1.);
#1653 = LINE('',#1654,#1655);
#1654 = CARTESIAN_POINT('',(255.,5.46,-2.029384143035));
#1655 = VECTOR('',#1656,1.);
#1656 = DIRECTION('',(-1.,0.,-0.));
#1657 = PCURVE('',#1603,#1658);
#1658 = DEFINITIONAL_REPRESENTATION('',(#1659),#1663);
#1659 = LINE('',#1660,#1661);
#1660 = CARTESIAN_POINT('',(-3.765240263833,5.));
#1661 = VECTOR('',#1662,1.);
#1662 = DIRECTION('',(-0.,1.));
#1663 = ( GEOMETRIC_REPRESENTATION_CONTEXT(2) 
PARAMETRIC_REPRESENTATION_CONTEXT() REPRESENTATION_CONTEXT('2D SPACE',''
  ) );
#1664 = PCURVE('',#1665,#1670);
#1665 = CYLINDRICAL_SURFACE('',#1666,2.1);
#1666 = AXIS2_PLACEMENT_3D('',#1667,#1668,#1669);
#1667 = CARTESIAN_POINT('',(255.,6.,-6.661338147751E-16));
#1668 = DIRECTION('',(-1.,0.,-0.));
#1669 = DIRECTION('',(0.,1.110223024625E-16,1.));
#1670 = DEFINITIONAL_REPRESENTATION('',(#1671),#1675);
#1671 = LINE('',#1672,#1673);
#1672 = CARTESIAN_POINT('',(-2.881528180875,0.));
#1673 = VECTOR('',#1674,1.);
#1674 = DIRECTION('',(-0.,1.));
#1675 = ( GEOMETRIC_REPRESENTATION_CONTEXT(2) 
PARAMETRIC_REPRESENTATION_CONTEXT() REPRESENTATION_CONTEXT('2D SPACE',''
  ) );
#1676 = ORIENTED_EDGE('',*,*,#1677,.T.);
#1677 = EDGE_CURVE('',#1650,#1678,#1680,.T.);
#1678 = VERTEX_POINT('',#1679);
#1679 = CARTESIAN_POINT('',(265.,4.,2.5));
#1680 = SURFACE_CURVE('',#1681,(#1686,#1693),.PCURVE_S1.);
#1681 = CIRCLE('',#1682,2.5);
#1682 = AXIS2_PLACEMENT_3D('',#1683,#1684,#1685);
#1683 = CARTESIAN_POINT('',(265.,4.,-4.440892098501E-16));
#1684 = DIRECTION('',(-1.,0.,0.));
#1685 = DIRECTION('',(0.,1.110223024625E-16,1.));
#1686 = PCURVE('',#1603,#1687);
#1687 = DEFINITIONAL_REPRESENTATION('',(#1688),#1692);
#1688 = LINE('',#1689,#1690);
#1689 = CARTESIAN_POINT('',(-6.28318530718,-5.));
#1690 = VECTOR('',#1691,1.);
#1691 = DIRECTION('',(1.,-0.));
#1692 = ( GEOMETRIC_REPRESENTATION_CONTEXT(2) 
PARAMETRIC_REPRESENTATION_CONTEXT() REPRESENTATION_CONTEXT('2D SPACE',''
  ) );
#1693 = PCURVE('',#1694,#1699);
#1694 = PLANE('',#1695);
#1695 = AXIS2_PLACEMENT_3D('',#1696,#1697,#1698);
#1696 = CARTESIAN_POINT('',(265.,5.,-2.163864609418E-15));
#1697 = DIRECTION('',(1.,0.,0.));
#1698 = DIRECTION('',(0.,-1.,1.110223024625E-16));
#1699 = DEFINITIONAL_REPRESENTATION('',(#1700),#1708);
#1700 = ( BOUNDED_CURVE() B_SPLINE_CURVE(2,(#1701,#1702,#1703,#1704,
#1705,#1706,#1707),.UNSPECIFIED.,.T.,.F.) B_SPLINE_CURVE_WITH_KNOTS((1,2
    ,2,2,2,1),(-2.094395102393,0.,2.094395102393,4.188790204786,
6.28318530718,8.377580409573),.UNSPECIFIED.) CURVE() 
GEOMETRIC_REPRESENTATION_ITEM() RATIONAL_B_SPLINE_CURVE((1.,0.5,1.,0.5,
1.,0.5,1.)) REPRESENTATION_ITEM('') );
#1701 = CARTESIAN_POINT('',(1.,-2.5));
#1702 = CARTESIAN_POINT('',(-3.330127018922,-2.5));
#1703 = CARTESIAN_POINT('',(-1.165063509461,1.25));
#1704 = CARTESIAN_POINT('',(1.,5.));
#1705 = CARTESIAN_POINT('',(3.165063509461,1.25));
#1706 = CARTESIAN_POINT('',(5.330127018922,-2.5));
#1707 = CARTESIAN_POINT('',(1.,-2.5));
#1708 = ( GEOMETRIC_REPRESENTATION_CONTEXT(2) 
PARAMETRIC_REPRESENTATION_CONTEXT() REPRESENTATION_CONTEXT('2D SPACE',''
  ) );
#1709 = ORIENTED_EDGE('',*,*,#1710,.T.);
#1710 = EDGE_CURVE('',#1678,#1583,#1711,.T.);
#1711 = SEAM_CURVE('',#1712,(#1716,#1723),.PCURVE_S1.);
#1712 = LINE('',#1713,#1714);
#1713 = CARTESIAN_POINT('',(260.,4.,2.5));
#1714 = VECTOR('',#1715,1.);
#1715 = DIRECTION('',(1.,0.,0.));
#1716 = PCURVE('',#1603,#1717);
#1717 = DEFINITIONAL_REPRESENTATION('',(#1718),#1722);
#1718 = LINE('',#1719,#1720);
#1719 = CARTESIAN_POINT('',(-6.28318530718,0.));
#1720 = VECTOR('',#1721,1.);
#1721 = DIRECTION('',(-0.,-1.));
#1722 = ( GEOMETRIC_REPRESENTATION_CONTEXT(2) 
PARAMETRIC_REPRESENTATION_CONTEXT() REPRESENTATION_CONTEXT('2D SPACE',''
  ) );
#1723 = PCURVE('',#1603,#1724);
#1724 = DEFINITIONAL_REPRESENTATION('',(#1725),#1729);
#1725 = LINE('',#1726,#1727);
#1726 = CARTESIAN_POINT('',(-0.,0.));
#1727 = VECTOR('',#1728,1.);
#1728 = DIRECTION('',(-0.,-1.));
#1729 = ( GEOMETRIC_REPRESENTATION_CONTEXT(2) 
PARAMETRIC_REPRESENTATION_CONTEXT() REPRESENTATION_CONTEXT('2D SPACE',''
  ) );
#1730 = ORIENTED_EDGE('',*,*,#1582,.F.);
#1731 = ORIENTED_EDGE('',*,*,#1710,.F.);
#1732 = ORIENTED_EDGE('',*,*,#1733,.T.);
#1733 = EDGE_CURVE('',#1678,#1734,#1736,.T.);
#1734 = VERTEX_POINT('',#1735);
#1735 = CARTESIAN_POINT('',(265.,5.46,2.029384143035));
#1736 = SURFACE_CURVE('',#1737,(#1742,#1749),.PCURVE_S1.);
#1737 = CIRCLE('',#1738,2.5);
#1738 = AXIS2_PLACEMENT_3D('',#1739,#1740,#1741);
#1739 = CARTESIAN_POINT('',(265.,4.,-4.440892098501E-16));
#1740 = DIRECTION('',(-1.,0.,0.));
#1741 = DIRECTION('',(0.,1.110223024625E-16,1.));
#1742 = PCURVE('',#1603,#1743);
#1743 = DEFINITIONAL_REPRESENTATION('',(#1744),#1748);
#1744 = LINE('',#1745,#1746);
#1745 = CARTESIAN_POINT('',(-6.28318530718,-5.));
#1746 = VECTOR('',#1747,1.);
#1747 = DIRECTION('',(1.,-0.));
#1748 = ( GEOMETRIC_REPRESENTATION_CONTEXT(2) 
PARAMETRIC_REPRESENTATION_CONTEXT() REPRESENTATION_CONTEXT('2D SPACE',''
  ) );
#1749 = PCURVE('',#1694,#1750);
#1750 = DEFINITIONAL_REPRESENTATION('',(#1751),#1759);
#1751 = ( BOUNDED_CURVE() B_SPLINE_CURVE(2,(#1752,#1753,#1754,#1755,
#1756,#1757,#1758),.UNSPECIFIED.,.T.,.F.) B_SPLINE_CURVE_WITH_KNOTS((1,2
    ,2,2,2,1),(-2.094395102393,0.,2.094395102393,4.188790204786,
6.28318530718,8.377580409573),.UNSPECIFIED.) CURVE() 
GEOMETRIC_REPRESENTATION_ITEM() RATIONAL_B_SPLINE_CURVE((1.,0.5,1.,0.5,
1.,0.5,1.)) REPRESENTATION_ITEM('') );
#1752 = CARTESIAN_POINT('',(1.,-2.5));
#1753 = CARTESIAN_POINT('',(-3.330127018922,-2.5));
#1754 = CARTESIAN_POINT('',(-1.165063509461,1.25));
#1755 = CARTESIAN_POINT('',(1.,5.));
#1756 = CARTESIAN_POINT('',(3.165063509461,1.25));
#1757 = CARTESIAN_POINT('',(5.330127018922,-2.5));
#1758 = CARTESIAN_POINT('',(1.,-2.5));
#1759 = ( GEOMETRIC_REPRESENTATION_CONTEXT(2) 
PARAMETRIC_REPRESENTATION_CONTEXT() REPRESENTATION_CONTEXT('2D SPACE',''
  ) );
#1760 = ORIENTED_EDGE('',*,*,#1761,.T.);
#1761 = EDGE_CURVE('',#1734,#1621,#1762,.T.);
#1762 = SURFACE_CURVE('',#1763,(#1767,#1774),.PCURVE_S1.);
#1763 = LINE('',#1764,#1765);
#1764 = CARTESIAN_POINT('',(255.,5.46,2.029384143035));
#1765 = VECTOR('',#1766,1.);
#1766 = DIRECTION('',(-1.,0.,-0.));
#1767 = PCURVE('',#1603,#1768);
#1768 = DEFINITIONAL_REPRESENTATION('',(#1769),#1773);
#1769 = LINE('',#1770,#1771);
#1770 = CARTESIAN_POINT('',(-5.659537696936,5.));
#1771 = VECTOR('',#1772,1.);
#1772 = DIRECTION('',(-0.,1.));
#1773 = ( GEOMETRIC_REPRESENTATION_CONTEXT(2) 
PARAMETRIC_REPRESENTATION_CONTEXT() REPRESENTATION_CONTEXT('2D SPACE',''
  ) );
#1774 = PCURVE('',#1665,#1775);
#1775 = DEFINITIONAL_REPRESENTATION('',(#1776),#1780);
#1776 = LINE('',#1777,#1778);
#1777 = CARTESIAN_POINT('',(-0.260064472714,0.));
#1778 = VECTOR('',#1779,1.);
#1779 = DIRECTION('',(-0.,1.));
#1780 = ( GEOMETRIC_REPRESENTATION_CONTEXT(2) 
PARAMETRIC_REPRESENTATION_CONTEXT() REPRESENTATION_CONTEXT('2D SPACE',''
  ) );
#1781 = ADVANCED_FACE('',(#1782),#1694,.T.);
#1782 = FACE_BOUND('',#1783,.T.);
#1783 = EDGE_LOOP('',(#1784,#1785,#1811));
#1784 = ORIENTED_EDGE('',*,*,#1677,.F.);
#1785 = ORIENTED_EDGE('',*,*,#1786,.T.);
#1786 = EDGE_CURVE('',#1650,#1734,#1787,.T.);
#1787 = SURFACE_CURVE('',#1788,(#1793,#1804),.PCURVE_S1.);
#1788 = CIRCLE('',#1789,2.1);
#1789 = AXIS2_PLACEMENT_3D('',#1790,#1791,#1792);
#1790 = CARTESIAN_POINT('',(265.,6.,-6.661338147751E-16));
#1791 = DIRECTION('',(-1.,0.,0.));
#1792 = DIRECTION('',(0.,1.110223024625E-16,1.));
#1793 = PCURVE('',#1694,#1794);
#1794 = DEFINITIONAL_REPRESENTATION('',(#1795),#1803);
#1795 = ( BOUNDED_CURVE() B_SPLINE_CURVE(2,(#1796,#1797,#1798,#1799,
#1800,#1801,#1802),.UNSPECIFIED.,.T.,.F.) B_SPLINE_CURVE_WITH_KNOTS((1,2
    ,2,2,2,1),(-2.094395102393,0.,2.094395102393,4.188790204786,
6.28318530718,8.377580409573),.UNSPECIFIED.) CURVE() 
GEOMETRIC_REPRESENTATION_ITEM() RATIONAL_B_SPLINE_CURVE((1.,0.5,1.,0.5,
1.,0.5,1.)) REPRESENTATION_ITEM('') );
#1796 = CARTESIAN_POINT('',(-1.,-2.1));
#1797 = CARTESIAN_POINT('',(-4.637306695895,-2.1));
#1798 = CARTESIAN_POINT('',(-2.818653347947,1.05));
#1799 = CARTESIAN_POINT('',(-1.,4.2));
#1800 = CARTESIAN_POINT('',(0.818653347947,1.05));
#1801 = CARTESIAN_POINT('',(2.637306695895,-2.1));
#1802 = CARTESIAN_POINT('',(-1.,-2.1));
#1803 = ( GEOMETRIC_REPRESENTATION_CONTEXT(2) 
PARAMETRIC_REPRESENTATION_CONTEXT() REPRESENTATION_CONTEXT('2D SPACE',''
  ) );
#1804 = PCURVE('',#1665,#1805);
#1805 = DEFINITIONAL_REPRESENTATION('',(#1806),#1810);
#1806 = LINE('',#1807,#1808);
#1807 = CARTESIAN_POINT('',(-6.28318530718,-10.));
#1808 = VECTOR('',#1809,1.);
#1809 = DIRECTION('',(1.,-0.));
#1810 = ( GEOMETRIC_REPRESENTATION_CONTEXT(2) 
PARAMETRIC_REPRESENTATION_CONTEXT() REPRESENTATION_CONTEXT('2D SPACE',''
  ) );
#1811 = ORIENTED_EDGE('',*,*,#1733,.F.);
#1812 = ADVANCED_FACE('',(#1813),#1665,.F.);
#1813 = FACE_BOUND('',#1814,.T.);
#1814 = EDGE_LOOP('',(#1815,#1846,#1874,#1907,#1930,#1956,#1957,#1958,
    #1959,#1985,#1986,#2014));
#1815 = ORIENTED_EDGE('',*,*,#1816,.F.);
#1816 = EDGE_CURVE('',#1817,#1819,#1821,.T.);
#1817 = VERTEX_POINT('',#1818);
#1818 = CARTESIAN_POINT('',(255.,5.46,2.029384143035));
#1819 = VERTEX_POINT('',#1820);
#1820 = CARTESIAN_POINT('',(255.,5.46,-2.029384143035));
#1821 = SURFACE_CURVE('',#1822,(#1827,#1834),.PCURVE_S1.);
#1822 = CIRCLE('',#1823,2.1);
#1823 = AXIS2_PLACEMENT_3D('',#1824,#1825,#1826);
#1824 = CARTESIAN_POINT('',(255.,6.,-6.661338147751E-16));
#1825 = DIRECTION('',(1.,0.,-0.));
#1826 = DIRECTION('',(0.,1.110223024625E-16,1.));
#1827 = PCURVE('',#1665,#1828);
#1828 = DEFINITIONAL_REPRESENTATION('',(#1829),#1833);
#1829 = LINE('',#1830,#1831);
#1830 = CARTESIAN_POINT('',(-0.,0.));
#1831 = VECTOR('',#1832,1.);
#1832 = DIRECTION('',(-1.,0.));
#1833 = ( GEOMETRIC_REPRESENTATION_CONTEXT(2) 
PARAMETRIC_REPRESENTATION_CONTEXT() REPRESENTATION_CONTEXT('2D SPACE',''
  ) );
#1834 = PCURVE('',#1835,#1840);
#1835 = PLANE('',#1836);
#1836 = AXIS2_PLACEMENT_3D('',#1837,#1838,#1839);
#1837 = CARTESIAN_POINT('',(255.,5.,-2.163864609418E-15));
#1838 = DIRECTION('',(1.,0.,0.));
#1839 = DIRECTION('',(0.,-1.,1.110223024625E-16));
#1840 = DEFINITIONAL_REPRESENTATION('',(#1841),#1845);
#1841 = CIRCLE('',#1842,2.1);
#1842 = AXIS2_PLACEMENT_2D('',#1843,#1844);
#1843 = CARTESIAN_POINT('',(-1.,-1.608753097105E-15));
#1844 = DIRECTION('',(0.,-1.));
#1845 = ( GEOMETRIC_REPRESENTATION_CONTEXT(2) 
PARAMETRIC_REPRESENTATION_CONTEXT() REPRESENTATION_CONTEXT('2D SPACE',''
  ) );
#1846 = ORIENTED_EDGE('',*,*,#1847,.F.);
#1847 = EDGE_CURVE('',#1848,#1817,#1850,.T.);
#1848 = VERTEX_POINT('',#1849);
#1849 = CARTESIAN_POINT('',(259.,5.46,2.029384143035));
#1850 = SURFACE_CURVE('',#1851,(#1855,#1862),.PCURVE_S1.);
#1851 = LINE('',#1852,#1853);
#1852 = CARTESIAN_POINT('',(255.,5.46,2.029384143035));
#1853 = VECTOR('',#1854,1.);
#1854 = DIRECTION('',(-1.,0.,-0.));
#1855 = PCURVE('',#1665,#1856);
#1856 = DEFINITIONAL_REPRESENTATION('',(#1857),#1861);
#1857 = LINE('',#1858,#1859);
#1858 = CARTESIAN_POINT('',(-0.260064472714,0.));
#1859 = VECTOR('',#1860,1.);
#1860 = DIRECTION('',(-0.,1.));
#1861 = ( GEOMETRIC_REPRESENTATION_CONTEXT(2) 
PARAMETRIC_REPRESENTATION_CONTEXT() REPRESENTATION_CONTEXT('2D SPACE',''
  ) );
#1862 = PCURVE('',#1863,#1868);
#1863 = CYLINDRICAL_SURFACE('',#1864,2.5);
#1864 = AXIS2_PLACEMENT_3D('',#1865,#1866,#1867);
#1865 = CARTESIAN_POINT('',(253.,4.,-4.440892098501E-16));
#1866 = DIRECTION('',(-1.,0.,-0.));
#1867 = DIRECTION('',(0.,1.110223024625E-16,1.));
#1868 = DEFINITIONAL_REPRESENTATION('',(#1869),#1873);
#1869 = LINE('',#1870,#1871);
#1870 = CARTESIAN_POINT('',(-5.659537696936,-2.));
#1871 = VECTOR('',#1872,1.);
#1872 = DIRECTION('',(-0.,1.));
#1873 = ( GEOMETRIC_REPRESENTATION_CONTEXT(2) 
PARAMETRIC_REPRESENTATION_CONTEXT() REPRESENTATION_CONTEXT('2D SPACE',''
  ) );
#1874 = ORIENTED_EDGE('',*,*,#1875,.T.);
#1875 = EDGE_CURVE('',#1848,#1876,#1878,.T.);
#1876 = VERTEX_POINT('',#1877);
#1877 = CARTESIAN_POINT('',(259.,6.,2.1));
#1878 = SURFACE_CURVE('',#1879,(#1884,#1891),.PCURVE_S1.);
#1879 = CIRCLE('',#1880,2.1);
#1880 = AXIS2_PLACEMENT_3D('',#1881,#1882,#1883);
#1881 = CARTESIAN_POINT('',(259.,6.,-6.661338147751E-16));
#1882 = DIRECTION('',(-1.,0.,0.));
#1883 = DIRECTION('',(0.,1.110223024625E-16,1.));
#1884 = PCURVE('',#1665,#1885);
#1885 = DEFINITIONAL_REPRESENTATION('',(#1886),#1890);
#1886 = LINE('',#1887,#1888);
#1887 = CARTESIAN_POINT('',(-6.28318530718,-4.));
#1888 = VECTOR('',#1889,1.);
#1889 = DIRECTION('',(1.,-0.));
#1890 = ( GEOMETRIC_REPRESENTATION_CONTEXT(2) 
PARAMETRIC_REPRESENTATION_CONTEXT() REPRESENTATION_CONTEXT('2D SPACE',''
  ) );
#1891 = PCURVE('',#1892,#1897);
#1892 = PLANE('',#1893);
#1893 = AXIS2_PLACEMENT_3D('',#1894,#1895,#1896);
#1894 = CARTESIAN_POINT('',(259.,3.,-9.088311737199E-16));
#1895 = DIRECTION('',(1.,0.,0.));
#1896 = DIRECTION('',(0.,-1.,1.110223024625E-16));
#1897 = DEFINITIONAL_REPRESENTATION('',(#1898),#1906);
#1898 = ( BOUNDED_CURVE() B_SPLINE_CURVE(2,(#1899,#1900,#1901,#1902,
#1903,#1904,#1905),.UNSPECIFIED.,.T.,.F.) B_SPLINE_CURVE_WITH_KNOTS((1,2
    ,2,2,2,1),(-2.094395102393,0.,2.094395102393,4.188790204786,
6.28318530718,8.377580409573),.UNSPECIFIED.) CURVE() 
GEOMETRIC_REPRESENTATION_ITEM() RATIONAL_B_SPLINE_CURVE((1.,0.5,1.,0.5,
1.,0.5,1.)) REPRESENTATION_ITEM('') );
#1899 = CARTESIAN_POINT('',(-3.,-2.1));
#1900 = CARTESIAN_POINT('',(-6.637306695895,-2.1));
#1901 = CARTESIAN_POINT('',(-4.818653347947,1.05));
#1902 = CARTESIAN_POINT('',(-3.,4.2));
#1903 = CARTESIAN_POINT('',(-1.181346652053,1.05));
#1904 = CARTESIAN_POINT('',(0.637306695895,-2.1));
#1905 = CARTESIAN_POINT('',(-3.,-2.1));
#1906 = ( GEOMETRIC_REPRESENTATION_CONTEXT(2) 
PARAMETRIC_REPRESENTATION_CONTEXT() REPRESENTATION_CONTEXT('2D SPACE',''
  ) );
#1907 = ORIENTED_EDGE('',*,*,#1908,.T.);
#1908 = EDGE_CURVE('',#1876,#1909,#1911,.T.);
#1909 = VERTEX_POINT('',#1910);
#1910 = CARTESIAN_POINT('',(260.,6.,2.1));
#1911 = SEAM_CURVE('',#1912,(#1916,#1923),.PCURVE_S1.);
#1912 = LINE('',#1913,#1914);
#1913 = CARTESIAN_POINT('',(255.,6.,2.1));
#1914 = VECTOR('',#1915,1.);
#1915 = DIRECTION('',(1.,0.,0.));
#1916 = PCURVE('',#1665,#1917);
#1917 = DEFINITIONAL_REPRESENTATION('',(#1918),#1922);
#1918 = LINE('',#1919,#1920);
#1919 = CARTESIAN_POINT('',(-6.28318530718,0.));
#1920 = VECTOR('',#1921,1.);
#1921 = DIRECTION('',(-0.,-1.));
#1922 = ( GEOMETRIC_REPRESENTATION_CONTEXT(2) 
PARAMETRIC_REPRESENTATION_CONTEXT() REPRESENTATION_CONTEXT('2D SPACE',''
  ) );
#1923 = PCURVE('',#1665,#1924);
#1924 = DEFINITIONAL_REPRESENTATION('',(#1925),#1929);
#1925 = LINE('',#1926,#1927);
#1926 = CARTESIAN_POINT('',(-0.,0.));
#1927 = VECTOR('',#1928,1.);
#1928 = DIRECTION('',(-0.,-1.));
#1929 = ( GEOMETRIC_REPRESENTATION_CONTEXT(2) 
PARAMETRIC_REPRESENTATION_CONTEXT() REPRESENTATION_CONTEXT('2D SPACE',''
  ) );
#1930 = ORIENTED_EDGE('',*,*,#1931,.F.);
#1931 = EDGE_CURVE('',#1621,#1909,#1932,.T.);
#1932 = SURFACE_CURVE('',#1933,(#1938,#1945),.PCURVE_S1.);
#1933 = CIRCLE('',#1934,2.1);
#1934 = AXIS2_PLACEMENT_3D('',#1935,#1936,#1937);
#1935 = CARTESIAN_POINT('',(260.,6.,-6.661338147751E-16));
#1936 = DIRECTION('',(-1.,0.,0.));
#1937 = DIRECTION('',(0.,1.110223024625E-16,1.));
#1938 = PCURVE('',#1665,#1939);
#1939 = DEFINITIONAL_REPRESENTATION('',(#1940),#1944);
#1940 = LINE('',#1941,#1942);
#1941 = CARTESIAN_POINT('',(-6.28318530718,-5.));
#1942 = VECTOR('',#1943,1.);
#1943 = DIRECTION('',(1.,-0.));
#1944 = ( GEOMETRIC_REPRESENTATION_CONTEXT(2) 
PARAMETRIC_REPRESENTATION_CONTEXT() REPRESENTATION_CONTEXT('2D SPACE',''
  ) );
#1945 = PCURVE('',#1637,#1946);
#1946 = DEFINITIONAL_REPRESENTATION('',(#1947),#1955);
#1947 = ( BOUNDED_CURVE() B_SPLINE_CURVE(2,(#1948,#1949,#1950,#1951,
#1952,#1953,#1954),.UNSPECIFIED.,.T.,.F.) B_SPLINE_CURVE_WITH_KNOTS((1,2
    ,2,2,2,1),(-2.094395102393,0.,2.094395102393,4.188790204786,
6.28318530718,8.377580409573),.UNSPECIFIED.) CURVE() 
GEOMETRIC_REPRESENTATION_ITEM() RATIONAL_B_SPLINE_CURVE((1.,0.5,1.,0.5,
1.,0.5,1.)) REPRESENTATION_ITEM('') );
#1948 = CARTESIAN_POINT('',(-3.,-2.1));
#1949 = CARTESIAN_POINT('',(-6.637306695895,-2.1));
#1950 = CARTESIAN_POINT('',(-4.818653347947,1.05));
#1951 = CARTESIAN_POINT('',(-3.,4.2));
#1952 = CARTESIAN_POINT('',(-1.181346652053,1.05));
#1953 = CARTESIAN_POINT('',(0.637306695895,-2.1));
#1954 = CARTESIAN_POINT('',(-3.,-2.1));
#1955 = ( GEOMETRIC_REPRESENTATION_CONTEXT(2) 
PARAMETRIC_REPRESENTATION_CONTEXT() REPRESENTATION_CONTEXT('2D SPACE',''
  ) );
#1956 = ORIENTED_EDGE('',*,*,#1761,.F.);
#1957 = ORIENTED_EDGE('',*,*,#1786,.F.);
#1958 = ORIENTED_EDGE('',*,*,#1649,.T.);
#1959 = ORIENTED_EDGE('',*,*,#1960,.F.);
#1960 = EDGE_CURVE('',#1909,#1619,#1961,.T.);
#1961 = SURFACE_CURVE('',#1962,(#1967,#1974),.PCURVE_S1.);
#1962 = CIRCLE('',#1963,2.1);
#1963 = AXIS2_PLACEMENT_3D('',#1964,#1965,#1966);
#1964 = CARTESIAN_POINT('',(260.,6.,-6.661338147751E-16));
#1965 = DIRECTION('',(-1.,0.,0.));
#1966 = DIRECTION('',(0.,1.110223024625E-16,1.));
#1967 = PCURVE('',#1665,#1968);
#1968 = DEFINITIONAL_REPRESENTATION('',(#1969),#1973);
#1969 = LINE('',#1970,#1971);
#1970 = CARTESIAN_POINT('',(-6.28318530718,-5.));
#1971 = VECTOR('',#1972,1.);
#1972 = DIRECTION('',(1.,-0.));
#1973 = ( GEOMETRIC_REPRESENTATION_CONTEXT(2) 
PARAMETRIC_REPRESENTATION_CONTEXT() REPRESENTATION_CONTEXT('2D SPACE',''
  ) );
#1974 = PCURVE('',#1637,#1975);
#1975 = DEFINITIONAL_REPRESENTATION('',(#1976),#1984);
#1976 = ( BOUNDED_CURVE() B_SPLINE_CURVE(2,(#1977,#1978,#1979,#1980,
#1981,#1982,#1983),.UNSPECIFIED.,.T.,.F.) B_SPLINE_CURVE_WITH_KNOTS((1,2
    ,2,2,2,1),(-2.094395102393,0.,2.094395102393,4.188790204786,
6.28318530718,8.377580409573),.UNSPECIFIED.) CURVE() 
GEOMETRIC_REPRESENTATION_ITEM() RATIONAL_B_SPLINE_CURVE((1.,0.5,1.,0.5,
1.,0.5,1.)) REPRESENTATION_ITEM('') );
#1977 = CARTESIAN_POINT('',(-3.,-2.1));
#1978 = CARTESIAN_POINT('',(-6.637306695895,-2.1));
#1979 = CARTESIAN_POINT('',(-4.818653347947,1.05));
#1980 = CARTESIAN_POINT('',(-3.,4.2));
#1981 = CARTESIAN_POINT('',(-1.181346652053,1.05));
#1982 = CARTESIAN_POINT('',(0.637306695895,-2.1));
#1983 = CARTESIAN_POINT('',(-3.,-2.1));
#1984 = ( GEOMETRIC_REPRESENTATION_CONTEXT(2) 
PARAMETRIC_REPRESENTATION_CONTEXT() REPRESENTATION_CONTEXT('2D SPACE',''
  ) );
#1985 = ORIENTED_EDGE('',*,*,#1908,.F.);
#1986 = ORIENTED_EDGE('',*,*,#1987,.T.);
#1987 = EDGE_CURVE('',#1876,#1988,#1990,.T.);
#1988 = VERTEX_POINT('',#1989);
#1989 = CARTESIAN_POINT('',(259.,5.46,-2.029384143035));
#1990 = SURFACE_CURVE('',#1991,(#1996,#2003),.PCURVE_S1.);
#1991 = CIRCLE('',#1992,2.1);
#1992 = AXIS2_PLACEMENT_3D('',#1993,#1994,#1995);
#1993 = CARTESIAN_POINT('',(259.,6.,-6.661338147751E-16));
#1994 = DIRECTION('',(-1.,0.,0.));
#1995 = DIRECTION('',(0.,1.110223024625E-16,1.));
#1996 = PCURVE('',#1665,#1997);
#1997 = DEFINITIONAL_REPRESENTATION('',(#1998),#2002);
#1998 = LINE('',#1999,#2000);
#1999 = CARTESIAN_POINT('',(-6.28318530718,-4.));
#2000 = VECTOR('',#2001,1.);
#2001 = DIRECTION('',(1.,-0.));
#2002 = ( GEOMETRIC_REPRESENTATION_CONTEXT(2) 
PARAMETRIC_REPRESENTATION_CONTEXT() REPRESENTATION_CONTEXT('2D SPACE',''
  ) );
#2003 = PCURVE('',#1892,#2004);
#2004 = DEFINITIONAL_REPRESENTATION('',(#2005),#2013);
#2005 = ( BOUNDED_CURVE() B_SPLINE_CURVE(2,(#2006,#2007,#2008,#2009,
#2010,#2011,#2012),.UNSPECIFIED.,.T.,.F.) B_SPLINE_CURVE_WITH_KNOTS((1,2
    ,2,2,2,1),(-2.094395102393,0.,2.094395102393,4.188790204786,
6.28318530718,8.377580409573),.UNSPECIFIED.) CURVE() 
GEOMETRIC_REPRESENTATION_ITEM() RATIONAL_B_SPLINE_CURVE((1.,0.5,1.,0.5,
1.,0.5,1.)) REPRESENTATION_ITEM('') );
#2006 = CARTESIAN_POINT('',(-3.,-2.1));
#2007 = CARTESIAN_POINT('',(-6.637306695895,-2.1));
#2008 = CARTESIAN_POINT('',(-4.818653347947,1.05));
#2009 = CARTESIAN_POINT('',(-3.,4.2));
#2010 = CARTESIAN_POINT('',(-1.181346652053,1.05));
#2011 = CARTESIAN_POINT('',(0.637306695895,-2.1));
#2012 = CARTESIAN_POINT('',(-3.,-2.1));
#2013 = ( GEOMETRIC_REPRESENTATION_CONTEXT(2) 
PARAMETRIC_REPRESENTATION_CONTEXT() REPRESENTATION_CONTEXT('2D SPACE',''
  ) );
#2014 = ORIENTED_EDGE('',*,*,#2015,.T.);
#2015 = EDGE_CURVE('',#1988,#1819,#2016,.T.);
#2016 = SURFACE_CURVE('',#2017,(#2021,#2028),.PCURVE_S1.);
#2017 = LINE('',#2018,#2019);
#2018 = CARTESIAN_POINT('',(255.,5.46,-2.029384143035));
#2019 = VECTOR('',#2020,1.);
#2020 = DIRECTION('',(-1.,0.,-0.));
#2021 = PCURVE('',#1665,#2022);
#2022 = DEFINITIONAL_REPRESENTATION('',(#2023),#2027);
#2023 = LINE('',#2024,#2025);
#2024 = CARTESIAN_POINT('',(-2.881528180875,0.));
#2025 = VECTOR('',#2026,1.);
#2026 = DIRECTION('',(-0.,1.));
#2027 = ( GEOMETRIC_REPRESENTATION_CONTEXT(2) 
PARAMETRIC_REPRESENTATION_CONTEXT() REPRESENTATION_CONTEXT('2D SPACE',''
  ) );
#2028 = PCURVE('',#1863,#2029);
#2029 = DEFINITIONAL_REPRESENTATION('',(#2030),#2034);
#2030 = LINE('',#2031,#2032);
#2031 = CARTESIAN_POINT('',(-3.765240263833,-2.));
#2032 = VECTOR('',#2033,1.);
#2033 = DIRECTION('',(-0.,1.));
#2034 = ( GEOMETRIC_REPRESENTATION_CONTEXT(2) 
PARAMETRIC_REPRESENTATION_CONTEXT() REPRESENTATION_CONTEXT('2D SPACE',''
  ) );
#2035 = ADVANCED_FACE('',(#2036),#1892,.T.);
#2036 = FACE_BOUND('',#2037,.T.);
#2037 = EDGE_LOOP('',(#2038,#2039,#2065));
#2038 = ORIENTED_EDGE('',*,*,#1875,.F.);
#2039 = ORIENTED_EDGE('',*,*,#2040,.T.);
#2040 = EDGE_CURVE('',#1848,#1988,#2041,.T.);
#2041 = SURFACE_CURVE('',#2042,(#2047,#2058),.PCURVE_S1.);
#2042 = CIRCLE('',#2043,2.5);
#2043 = AXIS2_PLACEMENT_3D('',#2044,#2045,#2046);
#2044 = CARTESIAN_POINT('',(259.,4.,-4.440892098501E-16));
#2045 = DIRECTION('',(-1.,0.,0.));
#2046 = DIRECTION('',(0.,1.110223024625E-16,1.));
#2047 = PCURVE('',#1892,#2048);
#2048 = DEFINITIONAL_REPRESENTATION('',(#2049),#2057);
#2049 = ( BOUNDED_CURVE() B_SPLINE_CURVE(2,(#2050,#2051,#2052,#2053,
#2054,#2055,#2056),.UNSPECIFIED.,.T.,.F.) B_SPLINE_CURVE_WITH_KNOTS((1,2
    ,2,2,2,1),(-2.094395102393,0.,2.094395102393,4.188790204786,
6.28318530718,8.377580409573),.UNSPECIFIED.) CURVE() 
GEOMETRIC_REPRESENTATION_ITEM() RATIONAL_B_SPLINE_CURVE((1.,0.5,1.,0.5,
1.,0.5,1.)) REPRESENTATION_ITEM('') );
#2050 = CARTESIAN_POINT('',(-1.,-2.5));
#2051 = CARTESIAN_POINT('',(-5.330127018922,-2.5));
#2052 = CARTESIAN_POINT('',(-3.165063509461,1.25));
#2053 = CARTESIAN_POINT('',(-1.,5.));
#2054 = CARTESIAN_POINT('',(1.165063509461,1.25));
#2055 = CARTESIAN_POINT('',(3.330127018922,-2.5));
#2056 = CARTESIAN_POINT('',(-1.,-2.5));
#2057 = ( GEOMETRIC_REPRESENTATION_CONTEXT(2) 
PARAMETRIC_REPRESENTATION_CONTEXT() REPRESENTATION_CONTEXT('2D SPACE',''
  ) );
#2058 = PCURVE('',#1863,#2059);
#2059 = DEFINITIONAL_REPRESENTATION('',(#2060),#2064);
#2060 = LINE('',#2061,#2062);
#2061 = CARTESIAN_POINT('',(-6.28318530718,-6.));
#2062 = VECTOR('',#2063,1.);
#2063 = DIRECTION('',(1.,-0.));
#2064 = ( GEOMETRIC_REPRESENTATION_CONTEXT(2) 
PARAMETRIC_REPRESENTATION_CONTEXT() REPRESENTATION_CONTEXT('2D SPACE',''
  ) );
#2065 = ORIENTED_EDGE('',*,*,#1987,.F.);
#2066 = ADVANCED_FACE('',(#2067),#1863,.F.);
#2067 = FACE_BOUND('',#2068,.T.);
#2068 = EDGE_LOOP('',(#2069,#2094,#2121,#2122,#2148,#2149,#2150,#2151));
#2069 = ORIENTED_EDGE('',*,*,#2070,.F.);
#2070 = EDGE_CURVE('',#2071,#2073,#2075,.T.);
#2071 = VERTEX_POINT('',#2072);
#2072 = CARTESIAN_POINT('',(253.,4.,2.5));
#2073 = VERTEX_POINT('',#2074);
#2074 = CARTESIAN_POINT('',(255.,4.,2.5));
#2075 = SEAM_CURVE('',#2076,(#2080,#2087),.PCURVE_S1.);
#2076 = LINE('',#2077,#2078);
#2077 = CARTESIAN_POINT('',(253.,4.,2.5));
#2078 = VECTOR('',#2079,1.);
#2079 = DIRECTION('',(1.,0.,0.));
#2080 = PCURVE('',#1863,#2081);
#2081 = DEFINITIONAL_REPRESENTATION('',(#2082),#2086);
#2082 = LINE('',#2083,#2084);
#2083 = CARTESIAN_POINT('',(-6.28318530718,0.));
#2084 = VECTOR('',#2085,1.);
#2085 = DIRECTION('',(-0.,-1.));
#2086 = ( GEOMETRIC_REPRESENTATION_CONTEXT(2) 
PARAMETRIC_REPRESENTATION_CONTEXT() REPRESENTATION_CONTEXT('2D SPACE',''
  ) );
#2087 = PCURVE('',#1863,#2088);
#2088 = DEFINITIONAL_REPRESENTATION('',(#2089),#2093);
#2089 = LINE('',#2090,#2091);
#2090 = CARTESIAN_POINT('',(-0.,0.));
#2091 = VECTOR('',#2092,1.);
#2092 = DIRECTION('',(-0.,-1.));
#2093 = ( GEOMETRIC_REPRESENTATION_CONTEXT(2) 
PARAMETRIC_REPRESENTATION_CONTEXT() REPRESENTATION_CONTEXT('2D SPACE',''
  ) );
#2094 = ORIENTED_EDGE('',*,*,#2095,.F.);
#2095 = EDGE_CURVE('',#2071,#2071,#2096,.T.);
#2096 = SURFACE_CURVE('',#2097,(#2102,#2109),.PCURVE_S1.);
#2097 = CIRCLE('',#2098,2.5);
#2098 = AXIS2_PLACEMENT_3D('',#2099,#2100,#2101);
#2099 = CARTESIAN_POINT('',(253.,4.,-4.440892098501E-16));
#2100 = DIRECTION('',(1.,0.,-0.));
#2101 = DIRECTION('',(0.,1.110223024625E-16,1.));
#2102 = PCURVE('',#1863,#2103);
#2103 = DEFINITIONAL_REPRESENTATION('',(#2104),#2108);
#2104 = LINE('',#2105,#2106);
#2105 = CARTESIAN_POINT('',(-0.,0.));
#2106 = VECTOR('',#2107,1.);
#2107 = DIRECTION('',(-1.,0.));
#2108 = ( GEOMETRIC_REPRESENTATION_CONTEXT(2) 
PARAMETRIC_REPRESENTATION_CONTEXT() REPRESENTATION_CONTEXT('2D SPACE',''
  ) );
#2109 = PCURVE('',#2110,#2115);
#2110 = PLANE('',#2111);
#2111 = AXIS2_PLACEMENT_3D('',#2112,#2113,#2114);
#2112 = CARTESIAN_POINT('',(253.,3.,-9.088311737199E-16));
#2113 = DIRECTION('',(1.,0.,0.));
#2114 = DIRECTION('',(0.,-1.,1.110223024625E-16));
#2115 = DEFINITIONAL_REPRESENTATION('',(#2116),#2120);
#2116 = CIRCLE('',#2117,2.5);
#2117 = AXIS2_PLACEMENT_2D('',#2118,#2119);
#2118 = CARTESIAN_POINT('',(-1.,-5.757642663324E-16));
#2119 = DIRECTION('',(0.,-1.));
#2120 = ( GEOMETRIC_REPRESENTATION_CONTEXT(2) 
PARAMETRIC_REPRESENTATION_CONTEXT() REPRESENTATION_CONTEXT('2D SPACE',''
  ) );
#2121 = ORIENTED_EDGE('',*,*,#2070,.T.);
#2122 = ORIENTED_EDGE('',*,*,#2123,.F.);
#2123 = EDGE_CURVE('',#1819,#2073,#2124,.T.);
#2124 = SURFACE_CURVE('',#2125,(#2130,#2137),.PCURVE_S1.);
#2125 = CIRCLE('',#2126,2.5);
#2126 = AXIS2_PLACEMENT_3D('',#2127,#2128,#2129);
#2127 = CARTESIAN_POINT('',(255.,4.,-4.440892098501E-16));
#2128 = DIRECTION('',(-1.,0.,0.));
#2129 = DIRECTION('',(0.,1.110223024625E-16,1.));
#2130 = PCURVE('',#1863,#2131);
#2131 = DEFINITIONAL_REPRESENTATION('',(#2132),#2136);
#2132 = LINE('',#2133,#2134);
#2133 = CARTESIAN_POINT('',(-6.28318530718,-2.));
#2134 = VECTOR('',#2135,1.);
#2135 = DIRECTION('',(1.,-0.));
#2136 = ( GEOMETRIC_REPRESENTATION_CONTEXT(2) 
PARAMETRIC_REPRESENTATION_CONTEXT() REPRESENTATION_CONTEXT('2D SPACE',''
  ) );
#2137 = PCURVE('',#1835,#2138);
#2138 = DEFINITIONAL_REPRESENTATION('',(#2139),#2147);
#2139 = ( BOUNDED_CURVE() B_SPLINE_CURVE(2,(#2140,#2141,#2142,#2143,
#2144,#2145,#2146),.UNSPECIFIED.,.T.,.F.) B_SPLINE_CURVE_WITH_KNOTS((1,2
    ,2,2,2,1),(-2.094395102393,0.,2.094395102393,4.188790204786,
6.28318530718,8.377580409573),.UNSPECIFIED.) CURVE() 
GEOMETRIC_REPRESENTATION_ITEM() RATIONAL_B_SPLINE_CURVE((1.,0.5,1.,0.5,
1.,0.5,1.)) REPRESENTATION_ITEM('') );
#2140 = CARTESIAN_POINT('',(1.,-2.5));
#2141 = CARTESIAN_POINT('',(-3.330127018922,-2.5));
#2142 = CARTESIAN_POINT('',(-1.165063509461,1.25));
#2143 = CARTESIAN_POINT('',(1.,5.));
#2144 = CARTESIAN_POINT('',(3.165063509461,1.25));
#2145 = CARTESIAN_POINT('',(5.330127018922,-2.5));
#2146 = CARTESIAN_POINT('',(1.,-2.5));
#2147 = ( GEOMETRIC_REPRESENTATION_CONTEXT(2) 
PARAMETRIC_REPRESENTATION_CONTEXT() REPRESENTATION_CONTEXT('2D SPACE',''
  ) );
#2148 = ORIENTED_EDGE('',*,*,#2015,.F.);
#2149 = ORIENTED_EDGE('',*,*,#2040,.F.);
#2150 = ORIENTED_EDGE('',*,*,#1847,.T.);
#2151 = ORIENTED_EDGE('',*,*,#2152,.F.);
#2152 = EDGE_CURVE('',#2073,#1817,#2153,.T.);
#2153 = SURFACE_CURVE('',#2154,(#2159,#2166),.PCURVE_S1.);
#2154 = CIRCLE('',#2155,2.5);
#2155 = AXIS2_PLACEMENT_3D('',#2156,#2157,#2158);
#2156 = CARTESIAN_POINT('',(255.,4.,-4.440892098501E-16));
#2157 = DIRECTION('',(-1.,0.,0.));
#2158 = DIRECTION('',(0.,1.110223024625E-16,1.));
#2159 = PCURVE('',#1863,#2160);
#2160 = DEFINITIONAL_REPRESENTATION('',(#2161),#2165);
#2161 = LINE('',#2162,#2163);
#2162 = CARTESIAN_POINT('',(-6.28318530718,-2.));
#2163 = VECTOR('',#2164,1.);
#2164 = DIRECTION('',(1.,-0.));
#2165 = ( GEOMETRIC_REPRESENTATION_CONTEXT(2) 
PARAMETRIC_REPRESENTATION_CONTEXT() REPRESENTATION_CONTEXT('2D SPACE',''
  ) );
#2166 = PCURVE('',#1835,#2167);
#2167 = DEFINITIONAL_REPRESENTATION('',(#2168),#2176);
#2168 = ( BOUNDED_CURVE() B_SPLINE_CURVE(2,(#2169,#2170,#2171,#2172,
#2173,#2174,#2175),.UNSPECIFIED.,.T.,.F.) B_SPLINE_CURVE_WITH_KNOTS((1,2
    ,2,2,2,1),(-2.094395102393,0.,2.094395102393,4.188790204786,
6.28318530718,8.377580409573),.UNSPECIFIED.) CURVE() 
GEOMETRIC_REPRESENTATION_ITEM() RATIONAL_B_SPLINE_CURVE((1.,0.5,1.,0.5,
1.,0.5,1.)) REPRESENTATION_ITEM('') );
#2169 = CARTESIAN_POINT('',(1.,-2.5));
#2170 = CARTESIAN_POINT('',(-3.330127018922,-2.5));
#2171 = CARTESIAN_POINT('',(-1.165063509461,1.25));
#2172 = CARTESIAN_POINT('',(1.,5.));
#2173 = CARTESIAN_POINT('',(3.165063509461,1.25));
#2174 = CARTESIAN_POINT('',(5.330127018922,-2.5));
#2175 = CARTESIAN_POINT('',(1.,-2.5));
#2176 = ( GEOMETRIC_REPRESENTATION_CONTEXT(2) 
PARAMETRIC_REPRESENTATION_CONTEXT() REPRESENTATION_CONTEXT('2D SPACE',''
  ) );
#2177 = ADVANCED_FACE('',(#2178,#2725),#2110,.F.);
#2178 = FACE_BOUND('',#2179,.F.);
#2179 = EDGE_LOOP('',(#2180,#2210,#2239,#2267,#2295,#2323,#2351,#2379,
    #2403,#2431,#2459,#2487,#2511,#2539,#2567,#2591,#2619,#2647,#2671,
    #2699));
#2180 = ORIENTED_EDGE('',*,*,#2181,.F.);
#2181 = EDGE_CURVE('',#2182,#2184,#2186,.T.);
#2182 = VERTEX_POINT('',#2183);
#2183 = CARTESIAN_POINT('',(253.,6.,-6.462632977355));
#2184 = VERTEX_POINT('',#2185);
#2185 = CARTESIAN_POINT('',(253.,6.,-4.79422863406));
#2186 = SURFACE_CURVE('',#2187,(#2191,#2198),.PCURVE_S1.);
#2187 = LINE('',#2188,#2189);
#2188 = CARTESIAN_POINT('',(253.,6.,-5.39711431703));
#2189 = VECTOR('',#2190,1.);
#2190 = DIRECTION('',(0.,0.,1.));
#2191 = PCURVE('',#2110,#2192);
#2192 = DEFINITIONAL_REPRESENTATION('',(#2193),#2197);
#2193 = LINE('',#2194,#2195);
#2194 = CARTESIAN_POINT('',(-3.,5.39711431703));
#2195 = VECTOR('',#2196,1.);
#2196 = DIRECTION('',(1.110223024625E-16,-1.));
#2197 = ( GEOMETRIC_REPRESENTATION_CONTEXT(2) 
PARAMETRIC_REPRESENTATION_CONTEXT() REPRESENTATION_CONTEXT('2D SPACE',''
  ) );
#2198 = PCURVE('',#2199,#2204);
#2199 = PLANE('',#2200);
#2200 = AXIS2_PLACEMENT_3D('',#2201,#2202,#2203);
#2201 = CARTESIAN_POINT('',(251.875,6.,-10.79422863406));
#2202 = DIRECTION('',(0.,1.,0.));
#2203 = DIRECTION('',(0.,0.,1.));
#2204 = DEFINITIONAL_REPRESENTATION('',(#2205),#2209);
#2205 = LINE('',#2206,#2207);
#2206 = CARTESIAN_POINT('',(5.39711431703,1.125));
#2207 = VECTOR('',#2208,1.);
#2208 = DIRECTION('',(1.,0.));
#2209 = ( GEOMETRIC_REPRESENTATION_CONTEXT(2) 
PARAMETRIC_REPRESENTATION_CONTEXT() REPRESENTATION_CONTEXT('2D SPACE',''
  ) );
#2210 = ORIENTED_EDGE('',*,*,#2211,.T.);
#2211 = EDGE_CURVE('',#2182,#2212,#2214,.T.);
#2212 = VERTEX_POINT('',#2213);
#2213 = CARTESIAN_POINT('',(253.,6.29422863406,-6.317727653717));
#2214 = SURFACE_CURVE('',#2215,(#2220,#2227),.PCURVE_S1.);
#2215 = CIRCLE('',#2216,7.125);
#2216 = AXIS2_PLACEMENT_3D('',#2217,#2218,#2219);
#2217 = CARTESIAN_POINT('',(253.,3.,-3.330669073875E-16));
#2218 = DIRECTION('',(1.,0.,-0.));
#2219 = DIRECTION('',(0.,1.110223024625E-16,1.));
#2220 = PCURVE('',#2110,#2221);
#2221 = DEFINITIONAL_REPRESENTATION('',(#2222),#2226);
#2222 = CIRCLE('',#2223,7.125);
#2223 = AXIS2_PLACEMENT_2D('',#2224,#2225);
#2224 = CARTESIAN_POINT('',(4.440892098501E-16,-5.757642663324E-16));
#2225 = DIRECTION('',(0.,-1.));
#2226 = ( GEOMETRIC_REPRESENTATION_CONTEXT(2) 
PARAMETRIC_REPRESENTATION_CONTEXT() REPRESENTATION_CONTEXT('2D SPACE',''
  ) );
#2227 = PCURVE('',#2228,#2233);
#2228 = CYLINDRICAL_SURFACE('',#2229,7.125);
#2229 = AXIS2_PLACEMENT_3D('',#2230,#2231,#2232);
#2230 = CARTESIAN_POINT('',(253.,3.,-3.330669073875E-16));
#2231 = DIRECTION('',(-1.,0.,-0.));
#2232 = DIRECTION('',(0.,1.110223024625E-16,1.));
#2233 = DEFINITIONAL_REPRESENTATION('',(#2234),#2238);
#2234 = LINE('',#2235,#2236);
#2235 = CARTESIAN_POINT('',(-0.,0.));
#2236 = VECTOR('',#2237,1.);
#2237 = DIRECTION('',(-1.,0.));
#2238 = ( GEOMETRIC_REPRESENTATION_CONTEXT(2) 
PARAMETRIC_REPRESENTATION_CONTEXT() REPRESENTATION_CONTEXT('2D SPACE',''
  ) );
#2239 = ORIENTED_EDGE('',*,*,#2240,.T.);
#2240 = EDGE_CURVE('',#2212,#2241,#2243,.T.);
#2241 = VERTEX_POINT('',#2242);
#2242 = CARTESIAN_POINT('',(253.,6.29422863406,-1.5));
#2243 = SURFACE_CURVE('',#2244,(#2248,#2255),.PCURVE_S1.);
#2244 = LINE('',#2245,#2246);
#2245 = CARTESIAN_POINT('',(253.,6.29422863406,-3.75));
#2246 = VECTOR('',#2247,1.);
#2247 = DIRECTION('',(0.,0.,1.));
#2248 = PCURVE('',#2110,#2249);
#2249 = DEFINITIONAL_REPRESENTATION('',(#2250),#2254);
#2250 = LINE('',#2251,#2252);
#2251 = CARTESIAN_POINT('',(-3.29422863406,3.75));
#2252 = VECTOR('',#2253,1.);
#2253 = DIRECTION('',(1.110223024625E-16,-1.));
#2254 = ( GEOMETRIC_REPRESENTATION_CONTEXT(2) 
PARAMETRIC_REPRESENTATION_CONTEXT() REPRESENTATION_CONTEXT('2D SPACE',''
  ) );
#2255 = PCURVE('',#2256,#2261);
#2256 = PLANE('',#2257);
#2257 = AXIS2_PLACEMENT_3D('',#2258,#2259,#2260);
#2258 = CARTESIAN_POINT('',(251.875,6.29422863406,-7.5));
#2259 = DIRECTION('',(0.,1.,0.));
#2260 = DIRECTION('',(0.,0.,1.));
#2261 = DEFINITIONAL_REPRESENTATION('',(#2262),#2266);
#2262 = LINE('',#2263,#2264);
#2263 = CARTESIAN_POINT('',(3.75,1.125));
#2264 = VECTOR('',#2265,1.);
#2265 = DIRECTION('',(1.,0.));
#2266 = ( GEOMETRIC_REPRESENTATION_CONTEXT(2) 
PARAMETRIC_REPRESENTATION_CONTEXT() REPRESENTATION_CONTEXT('2D SPACE',''
  ) );
#2267 = ORIENTED_EDGE('',*,*,#2268,.F.);
#2268 = EDGE_CURVE('',#2269,#2241,#2271,.T.);
#2269 = VERTEX_POINT('',#2270);
#2270 = CARTESIAN_POINT('',(253.,7.5,-1.5));
#2271 = SURFACE_CURVE('',#2272,(#2276,#2283),.PCURVE_S1.);
#2272 = LINE('',#2273,#2274);
#2273 = CARTESIAN_POINT('',(253.,4.64711431703,-1.5));
#2274 = VECTOR('',#2275,1.);
#2275 = DIRECTION('',(0.,-1.,0.));
#2276 = PCURVE('',#2110,#2277);
#2277 = DEFINITIONAL_REPRESENTATION('',(#2278),#2282);
#2278 = LINE('',#2279,#2280);
#2279 = CARTESIAN_POINT('',(-1.64711431703,1.5));
#2280 = VECTOR('',#2281,1.);
#2281 = DIRECTION('',(1.,1.110223024625E-16));
#2282 = ( GEOMETRIC_REPRESENTATION_CONTEXT(2) 
PARAMETRIC_REPRESENTATION_CONTEXT() REPRESENTATION_CONTEXT('2D SPACE',''
  ) );
#2283 = PCURVE('',#2284,#2289);
#2284 = PLANE('',#2285);
#2285 = AXIS2_PLACEMENT_3D('',#2286,#2287,#2288);
#2286 = CARTESIAN_POINT('',(251.875,6.29422863406,-1.5));
#2287 = DIRECTION('',(0.,0.,1.));
#2288 = DIRECTION('',(1.,0.,0.));
#2289 = DEFINITIONAL_REPRESENTATION('',(#2290),#2294);
#2290 = LINE('',#2291,#2292);
#2291 = CARTESIAN_POINT('',(1.125,-1.64711431703));
#2292 = VECTOR('',#2293,1.);
#2293 = DIRECTION('',(0.,-1.));
#2294 = ( GEOMETRIC_REPRESENTATION_CONTEXT(2) 
PARAMETRIC_REPRESENTATION_CONTEXT() REPRESENTATION_CONTEXT('2D SPACE',''
  ) );
#2295 = ORIENTED_EDGE('',*,*,#2296,.T.);
#2296 = EDGE_CURVE('',#2269,#2297,#2299,.T.);
#2297 = VERTEX_POINT('',#2298);
#2298 = CARTESIAN_POINT('',(253.,7.5,1.5));
#2299 = SURFACE_CURVE('',#2300,(#2304,#2311),.PCURVE_S1.);
#2300 = LINE('',#2301,#2302);
#2301 = CARTESIAN_POINT('',(253.,7.5,-1.5));
#2302 = VECTOR('',#2303,1.);
#2303 = DIRECTION('',(0.,0.,1.));
#2304 = PCURVE('',#2110,#2305);
#2305 = DEFINITIONAL_REPRESENTATION('',(#2306),#2310);
#2306 = LINE('',#2307,#2308);
#2307 = CARTESIAN_POINT('',(-4.5,1.5));
#2308 = VECTOR('',#2309,1.);
#2309 = DIRECTION('',(1.110223024625E-16,-1.));
#2310 = ( GEOMETRIC_REPRESENTATION_CONTEXT(2) 
PARAMETRIC_REPRESENTATION_CONTEXT() REPRESENTATION_CONTEXT('2D SPACE',''
  ) );
#2311 = PCURVE('',#2312,#2317);
#2312 = PLANE('',#2313);
#2313 = AXIS2_PLACEMENT_3D('',#2314,#2315,#2316);
#2314 = CARTESIAN_POINT('',(251.875,7.5,-3.));
#2315 = DIRECTION('',(0.,1.,0.));
#2316 = DIRECTION('',(0.,0.,1.));
#2317 = DEFINITIONAL_REPRESENTATION('',(#2318),#2322);
#2318 = LINE('',#2319,#2320);
#2319 = CARTESIAN_POINT('',(1.5,1.125));
#2320 = VECTOR('',#2321,1.);
#2321 = DIRECTION('',(1.,0.));
#2322 = ( GEOMETRIC_REPRESENTATION_CONTEXT(2) 
PARAMETRIC_REPRESENTATION_CONTEXT() REPRESENTATION_CONTEXT('2D SPACE',''
  ) );
#2323 = ORIENTED_EDGE('',*,*,#2324,.T.);
#2324 = EDGE_CURVE('',#2297,#2325,#2327,.T.);
#2325 = VERTEX_POINT('',#2326);
#2326 = CARTESIAN_POINT('',(253.,6.29422863406,1.5));
#2327 = SURFACE_CURVE('',#2328,(#2332,#2339),.PCURVE_S1.);
#2328 = LINE('',#2329,#2330);
#2329 = CARTESIAN_POINT('',(253.,4.64711431703,1.5));
#2330 = VECTOR('',#2331,1.);
#2331 = DIRECTION('',(0.,-1.,0.));
#2332 = PCURVE('',#2110,#2333);
#2333 = DEFINITIONAL_REPRESENTATION('',(#2334),#2338);
#2334 = LINE('',#2335,#2336);
#2335 = CARTESIAN_POINT('',(-1.64711431703,-1.5));
#2336 = VECTOR('',#2337,1.);
#2337 = DIRECTION('',(1.,1.110223024625E-16));
#2338 = ( GEOMETRIC_REPRESENTATION_CONTEXT(2) 
PARAMETRIC_REPRESENTATION_CONTEXT() REPRESENTATION_CONTEXT('2D SPACE',''
  ) );
#2339 = PCURVE('',#2340,#2345);
#2340 = PLANE('',#2341);
#2341 = AXIS2_PLACEMENT_3D('',#2342,#2343,#2344);
#2342 = CARTESIAN_POINT('',(251.875,6.29422863406,1.5));
#2343 = DIRECTION('',(0.,0.,1.));
#2344 = DIRECTION('',(1.,0.,0.));
#2345 = DEFINITIONAL_REPRESENTATION('',(#2346),#2350);
#2346 = LINE('',#2347,#2348);
#2347 = CARTESIAN_POINT('',(1.125,-1.64711431703));
#2348 = VECTOR('',#2349,1.);
#2349 = DIRECTION('',(0.,-1.));
#2350 = ( GEOMETRIC_REPRESENTATION_CONTEXT(2) 
PARAMETRIC_REPRESENTATION_CONTEXT() REPRESENTATION_CONTEXT('2D SPACE',''
  ) );
#2351 = ORIENTED_EDGE('',*,*,#2352,.T.);
#2352 = EDGE_CURVE('',#2325,#2353,#2355,.T.);
#2353 = VERTEX_POINT('',#2354);
#2354 = CARTESIAN_POINT('',(253.,6.29422863406,6.317727653717));
#2355 = SURFACE_CURVE('',#2356,(#2360,#2367),.PCURVE_S1.);
#2356 = LINE('',#2357,#2358);
#2357 = CARTESIAN_POINT('',(253.,6.29422863406,0.75));
#2358 = VECTOR('',#2359,1.);
#2359 = DIRECTION('',(0.,0.,1.));
#2360 = PCURVE('',#2110,#2361);
#2361 = DEFINITIONAL_REPRESENTATION('',(#2362),#2366);
#2362 = LINE('',#2363,#2364);
#2363 = CARTESIAN_POINT('',(-3.29422863406,-0.75));
#2364 = VECTOR('',#2365,1.);
#2365 = DIRECTION('',(1.110223024625E-16,-1.));
#2366 = ( GEOMETRIC_REPRESENTATION_CONTEXT(2) 
PARAMETRIC_REPRESENTATION_CONTEXT() REPRESENTATION_CONTEXT('2D SPACE',''
  ) );
#2367 = PCURVE('',#2368,#2373);
#2368 = PLANE('',#2369);
#2369 = AXIS2_PLACEMENT_3D('',#2370,#2371,#2372);
#2370 = CARTESIAN_POINT('',(251.875,6.29422863406,1.5));
#2371 = DIRECTION('',(0.,1.,0.));
#2372 = DIRECTION('',(0.,0.,1.));
#2373 = DEFINITIONAL_REPRESENTATION('',(#2374),#2378);
#2374 = LINE('',#2375,#2376);
#2375 = CARTESIAN_POINT('',(-0.75,1.125));
#2376 = VECTOR('',#2377,1.);
#2377 = DIRECTION('',(1.,0.));
#2378 = ( GEOMETRIC_REPRESENTATION_CONTEXT(2) 
PARAMETRIC_REPRESENTATION_CONTEXT() REPRESENTATION_CONTEXT('2D SPACE',''
  ) );
#2379 = ORIENTED_EDGE('',*,*,#2380,.T.);
#2380 = EDGE_CURVE('',#2353,#2381,#2383,.T.);
#2381 = VERTEX_POINT('',#2382);
#2382 = CARTESIAN_POINT('',(253.,6.,6.462632977355));
#2383 = SURFACE_CURVE('',#2384,(#2389,#2396),.PCURVE_S1.);
#2384 = CIRCLE('',#2385,7.125);
#2385 = AXIS2_PLACEMENT_3D('',#2386,#2387,#2388);
#2386 = CARTESIAN_POINT('',(253.,3.,-3.330669073875E-16));
#2387 = DIRECTION('',(1.,0.,-0.));
#2388 = DIRECTION('',(0.,1.110223024625E-16,1.));
#2389 = PCURVE('',#2110,#2390);
#2390 = DEFINITIONAL_REPRESENTATION('',(#2391),#2395);
#2391 = CIRCLE('',#2392,7.125);
#2392 = AXIS2_PLACEMENT_2D('',#2393,#2394);
#2393 = CARTESIAN_POINT('',(4.440892098501E-16,-5.757642663324E-16));
#2394 = DIRECTION('',(0.,-1.));
#2395 = ( GEOMETRIC_REPRESENTATION_CONTEXT(2) 
PARAMETRIC_REPRESENTATION_CONTEXT() REPRESENTATION_CONTEXT('2D SPACE',''
  ) );
#2396 = PCURVE('',#2228,#2397);
#2397 = DEFINITIONAL_REPRESENTATION('',(#2398),#2402);
#2398 = LINE('',#2399,#2400);
#2399 = CARTESIAN_POINT('',(-0.,0.));
#2400 = VECTOR('',#2401,1.);
#2401 = DIRECTION('',(-1.,0.));
#2402 = ( GEOMETRIC_REPRESENTATION_CONTEXT(2) 
PARAMETRIC_REPRESENTATION_CONTEXT() REPRESENTATION_CONTEXT('2D SPACE',''
  ) );
#2403 = ORIENTED_EDGE('',*,*,#2404,.F.);
#2404 = EDGE_CURVE('',#2405,#2381,#2407,.T.);
#2405 = VERTEX_POINT('',#2406);
#2406 = CARTESIAN_POINT('',(253.,6.,4.79422863406));
#2407 = SURFACE_CURVE('',#2408,(#2412,#2419),.PCURVE_S1.);
#2408 = LINE('',#2409,#2410);
#2409 = CARTESIAN_POINT('',(253.,6.,2.39711431703));
#2410 = VECTOR('',#2411,1.);
#2411 = DIRECTION('',(0.,0.,1.));
#2412 = PCURVE('',#2110,#2413);
#2413 = DEFINITIONAL_REPRESENTATION('',(#2414),#2418);
#2414 = LINE('',#2415,#2416);
#2415 = CARTESIAN_POINT('',(-3.,-2.39711431703));
#2416 = VECTOR('',#2417,1.);
#2417 = DIRECTION('',(1.110223024625E-16,-1.));
#2418 = ( GEOMETRIC_REPRESENTATION_CONTEXT(2) 
PARAMETRIC_REPRESENTATION_CONTEXT() REPRESENTATION_CONTEXT('2D SPACE',''
  ) );
#2419 = PCURVE('',#2420,#2425);
#2420 = PLANE('',#2421);
#2421 = AXIS2_PLACEMENT_3D('',#2422,#2423,#2424);
#2422 = CARTESIAN_POINT('',(251.875,6.,4.79422863406));
#2423 = DIRECTION('',(0.,1.,0.));
#2424 = DIRECTION('',(0.,0.,1.));
#2425 = DEFINITIONAL_REPRESENTATION('',(#2426),#2430);
#2426 = LINE('',#2427,#2428);
#2427 = CARTESIAN_POINT('',(-2.39711431703,1.125));
#2428 = VECTOR('',#2429,1.);
#2429 = DIRECTION('',(1.,0.));
#2430 = ( GEOMETRIC_REPRESENTATION_CONTEXT(2) 
PARAMETRIC_REPRESENTATION_CONTEXT() REPRESENTATION_CONTEXT('2D SPACE',''
  ) );
#2431 = ORIENTED_EDGE('',*,*,#2432,.T.);
#2432 = EDGE_CURVE('',#2405,#2433,#2435,.T.);
#2433 = VERTEX_POINT('',#2434);
#2434 = CARTESIAN_POINT('',(253.,3.,4.79422863406));
#2435 = SURFACE_CURVE('',#2436,(#2440,#2447),.PCURVE_S1.);
#2436 = LINE('',#2437,#2438);
#2437 = CARTESIAN_POINT('',(253.,3.,4.79422863406));
#2438 = VECTOR('',#2439,1.);
#2439 = DIRECTION('',(0.,-1.,0.));
#2440 = PCURVE('',#2110,#2441);
#2441 = DEFINITIONAL_REPRESENTATION('',(#2442),#2446);
#2442 = LINE('',#2443,#2444);
#2443 = CARTESIAN_POINT('',(8.817709163499E-17,-4.79422863406));
#2444 = VECTOR('',#2445,1.);
#2445 = DIRECTION('',(1.,1.110223024625E-16));
#2446 = ( GEOMETRIC_REPRESENTATION_CONTEXT(2) 
PARAMETRIC_REPRESENTATION_CONTEXT() REPRESENTATION_CONTEXT('2D SPACE',''
  ) );
#2447 = PCURVE('',#2448,#2453);
#2448 = PLANE('',#2449);
#2449 = AXIS2_PLACEMENT_3D('',#2450,#2451,#2452);
#2450 = CARTESIAN_POINT('',(251.875,3.,4.79422863406));
#2451 = DIRECTION('',(0.,0.,1.));
#2452 = DIRECTION('',(1.,0.,0.));
#2453 = DEFINITIONAL_REPRESENTATION('',(#2454),#2458);
#2454 = LINE('',#2455,#2456);
#2455 = CARTESIAN_POINT('',(1.125,0.));
#2456 = VECTOR('',#2457,1.);
#2457 = DIRECTION('',(0.,-1.));
#2458 = ( GEOMETRIC_REPRESENTATION_CONTEXT(2) 
PARAMETRIC_REPRESENTATION_CONTEXT() REPRESENTATION_CONTEXT('2D SPACE',''
  ) );
#2459 = ORIENTED_EDGE('',*,*,#2460,.T.);
#2460 = EDGE_CURVE('',#2433,#2461,#2463,.T.);
#2461 = VERTEX_POINT('',#2462);
#2462 = CARTESIAN_POINT('',(253.,3.,7.125));
#2463 = SURFACE_CURVE('',#2464,(#2468,#2475),.PCURVE_S1.);
#2464 = LINE('',#2465,#2466);
#2465 = CARTESIAN_POINT('',(253.,3.,2.39711431703));
#2466 = VECTOR('',#2467,1.);
#2467 = DIRECTION('',(0.,0.,1.));
#2468 = PCURVE('',#2110,#2469);
#2469 = DEFINITIONAL_REPRESENTATION('',(#2470),#2474);
#2470 = LINE('',#2471,#2472);
#2471 = CARTESIAN_POINT('',(-1.779560591075E-16,-2.39711431703));
#2472 = VECTOR('',#2473,1.);
#2473 = DIRECTION('',(1.110223024625E-16,-1.));
#2474 = ( GEOMETRIC_REPRESENTATION_CONTEXT(2) 
PARAMETRIC_REPRESENTATION_CONTEXT() REPRESENTATION_CONTEXT('2D SPACE',''
  ) );
#2475 = PCURVE('',#2476,#2481);
#2476 = PLANE('',#2477);
#2477 = AXIS2_PLACEMENT_3D('',#2478,#2479,#2480);
#2478 = CARTESIAN_POINT('',(251.875,3.,4.79422863406));
#2479 = DIRECTION('',(0.,1.,0.));
#2480 = DIRECTION('',(0.,0.,1.));
#2481 = DEFINITIONAL_REPRESENTATION('',(#2482),#2486);
#2482 = LINE('',#2483,#2484);
#2483 = CARTESIAN_POINT('',(-2.39711431703,1.125));
#2484 = VECTOR('',#2485,1.);
#2485 = DIRECTION('',(1.,0.));
#2486 = ( GEOMETRIC_REPRESENTATION_CONTEXT(2) 
PARAMETRIC_REPRESENTATION_CONTEXT() REPRESENTATION_CONTEXT('2D SPACE',''
  ) );
#2487 = ORIENTED_EDGE('',*,*,#2488,.T.);
#2488 = EDGE_CURVE('',#2461,#2489,#2491,.T.);
#2489 = VERTEX_POINT('',#2490);
#2490 = CARTESIAN_POINT('',(253.,1.5,6.965315857878));
#2491 = SURFACE_CURVE('',#2492,(#2497,#2504),.PCURVE_S1.);
#2492 = CIRCLE('',#2493,7.125);
#2493 = AXIS2_PLACEMENT_3D('',#2494,#2495,#2496);
#2494 = CARTESIAN_POINT('',(253.,3.,-3.330669073875E-16));
#2495 = DIRECTION('',(1.,0.,-0.));
#2496 = DIRECTION('',(0.,1.110223024625E-16,1.));
#2497 = PCURVE('',#2110,#2498);
#2498 = DEFINITIONAL_REPRESENTATION('',(#2499),#2503);
#2499 = CIRCLE('',#2500,7.125);
#2500 = AXIS2_PLACEMENT_2D('',#2501,#2502);
#2501 = CARTESIAN_POINT('',(4.440892098501E-16,-5.757642663324E-16));
#2502 = DIRECTION('',(0.,-1.));
#2503 = ( GEOMETRIC_REPRESENTATION_CONTEXT(2) 
PARAMETRIC_REPRESENTATION_CONTEXT() REPRESENTATION_CONTEXT('2D SPACE',''
  ) );
#2504 = PCURVE('',#2228,#2505);
#2505 = DEFINITIONAL_REPRESENTATION('',(#2506),#2510);
#2506 = LINE('',#2507,#2508);
#2507 = CARTESIAN_POINT('',(-0.,0.));
#2508 = VECTOR('',#2509,1.);
#2509 = DIRECTION('',(-1.,0.));
#2510 = ( GEOMETRIC_REPRESENTATION_CONTEXT(2) 
PARAMETRIC_REPRESENTATION_CONTEXT() REPRESENTATION_CONTEXT('2D SPACE',''
  ) );
#2511 = ORIENTED_EDGE('',*,*,#2512,.F.);
#2512 = EDGE_CURVE('',#2513,#2489,#2515,.T.);
#2513 = VERTEX_POINT('',#2514);
#2514 = CARTESIAN_POINT('',(253.,1.5,6.));
#2515 = SURFACE_CURVE('',#2516,(#2520,#2527),.PCURVE_S1.);
#2516 = LINE('',#2517,#2518);
#2517 = CARTESIAN_POINT('',(253.,1.5,3.));
#2518 = VECTOR('',#2519,1.);
#2519 = DIRECTION('',(0.,0.,1.));
#2520 = PCURVE('',#2110,#2521);
#2521 = DEFINITIONAL_REPRESENTATION('',(#2522),#2526);
#2522 = LINE('',#2523,#2524);
#2523 = CARTESIAN_POINT('',(1.5,-3.));
#2524 = VECTOR('',#2525,1.);
#2525 = DIRECTION('',(1.110223024625E-16,-1.));
#2526 = ( GEOMETRIC_REPRESENTATION_CONTEXT(2) 
PARAMETRIC_REPRESENTATION_CONTEXT() REPRESENTATION_CONTEXT('2D SPACE',''
  ) );
#2527 = PCURVE('',#2528,#2533);
#2528 = PLANE('',#2529);
#2529 = AXIS2_PLACEMENT_3D('',#2530,#2531,#2532);
#2530 = CARTESIAN_POINT('',(251.875,1.5,6.));
#2531 = DIRECTION('',(0.,1.,0.));
#2532 = DIRECTION('',(0.,0.,1.));
#2533 = DEFINITIONAL_REPRESENTATION('',(#2534),#2538);
#2534 = LINE('',#2535,#2536);
#2535 = CARTESIAN_POINT('',(-3.,1.125));
#2536 = VECTOR('',#2537,1.);
#2537 = DIRECTION('',(1.,0.));
#2538 = ( GEOMETRIC_REPRESENTATION_CONTEXT(2) 
PARAMETRIC_REPRESENTATION_CONTEXT() REPRESENTATION_CONTEXT('2D SPACE',''
  ) );
#2539 = ORIENTED_EDGE('',*,*,#2540,.T.);
#2540 = EDGE_CURVE('',#2513,#2541,#2543,.T.);
#2541 = VERTEX_POINT('',#2542);
#2542 = CARTESIAN_POINT('',(253.,-0.842606537235,6.));
#2543 = SURFACE_CURVE('',#2544,(#2548,#2555),.PCURVE_S1.);
#2544 = LINE('',#2545,#2546);
#2545 = CARTESIAN_POINT('',(253.,0.75,6.));
#2546 = VECTOR('',#2547,1.);
#2547 = DIRECTION('',(0.,-1.,0.));
#2548 = PCURVE('',#2110,#2549);
#2549 = DEFINITIONAL_REPRESENTATION('',(#2550),#2554);
#2550 = LINE('',#2551,#2552);
#2551 = CARTESIAN_POINT('',(2.25,-6.));
#2552 = VECTOR('',#2553,1.);
#2553 = DIRECTION('',(1.,1.110223024625E-16));
#2554 = ( GEOMETRIC_REPRESENTATION_CONTEXT(2) 
PARAMETRIC_REPRESENTATION_CONTEXT() REPRESENTATION_CONTEXT('2D SPACE',''
  ) );
#2555 = PCURVE('',#2556,#2561);
#2556 = PLANE('',#2557);
#2557 = AXIS2_PLACEMENT_3D('',#2558,#2559,#2560);
#2558 = CARTESIAN_POINT('',(251.875,-1.5,6.));
#2559 = DIRECTION('',(0.,0.,1.));
#2560 = DIRECTION('',(1.,0.,0.));
#2561 = DEFINITIONAL_REPRESENTATION('',(#2562),#2566);
#2562 = LINE('',#2563,#2564);
#2563 = CARTESIAN_POINT('',(1.125,2.25));
#2564 = VECTOR('',#2565,1.);
#2565 = DIRECTION('',(0.,-1.));
#2566 = ( GEOMETRIC_REPRESENTATION_CONTEXT(2) 
PARAMETRIC_REPRESENTATION_CONTEXT() REPRESENTATION_CONTEXT('2D SPACE',''
  ) );
#2567 = ORIENTED_EDGE('',*,*,#2568,.T.);
#2568 = EDGE_CURVE('',#2541,#2569,#2571,.T.);
#2569 = VERTEX_POINT('',#2570);
#2570 = CARTESIAN_POINT('',(253.,-0.842606537235,-6.));
#2571 = SURFACE_CURVE('',#2572,(#2577,#2584),.PCURVE_S1.);
#2572 = CIRCLE('',#2573,7.125);
#2573 = AXIS2_PLACEMENT_3D('',#2574,#2575,#2576);
#2574 = CARTESIAN_POINT('',(253.,3.,-3.330669073875E-16));
#2575 = DIRECTION('',(1.,0.,-0.));
#2576 = DIRECTION('',(0.,1.110223024625E-16,1.));
#2577 = PCURVE('',#2110,#2578);
#2578 = DEFINITIONAL_REPRESENTATION('',(#2579),#2583);
#2579 = CIRCLE('',#2580,7.125);
#2580 = AXIS2_PLACEMENT_2D('',#2581,#2582);
#2581 = CARTESIAN_POINT('',(4.440892098501E-16,-5.757642663324E-16));
#2582 = DIRECTION('',(0.,-1.));
#2583 = ( GEOMETRIC_REPRESENTATION_CONTEXT(2) 
PARAMETRIC_REPRESENTATION_CONTEXT() REPRESENTATION_CONTEXT('2D SPACE',''
  ) );
#2584 = PCURVE('',#2228,#2585);
#2585 = DEFINITIONAL_REPRESENTATION('',(#2586),#2590);
#2586 = LINE('',#2587,#2588);
#2587 = CARTESIAN_POINT('',(-0.,0.));
#2588 = VECTOR('',#2589,1.);
#2589 = DIRECTION('',(-1.,0.));
#2590 = ( GEOMETRIC_REPRESENTATION_CONTEXT(2) 
PARAMETRIC_REPRESENTATION_CONTEXT() REPRESENTATION_CONTEXT('2D SPACE',''
  ) );
#2591 = ORIENTED_EDGE('',*,*,#2592,.F.);
#2592 = EDGE_CURVE('',#2593,#2569,#2595,.T.);
#2593 = VERTEX_POINT('',#2594);
#2594 = CARTESIAN_POINT('',(253.,1.5,-6.));
#2595 = SURFACE_CURVE('',#2596,(#2600,#2607),.PCURVE_S1.);
#2596 = LINE('',#2597,#2598);
#2597 = CARTESIAN_POINT('',(253.,0.75,-6.));
#2598 = VECTOR('',#2599,1.);
#2599 = DIRECTION('',(0.,-1.,0.));
#2600 = PCURVE('',#2110,#2601);
#2601 = DEFINITIONAL_REPRESENTATION('',(#2602),#2606);
#2602 = LINE('',#2603,#2604);
#2603 = CARTESIAN_POINT('',(2.25,6.));
#2604 = VECTOR('',#2605,1.);
#2605 = DIRECTION('',(1.,1.110223024625E-16));
#2606 = ( GEOMETRIC_REPRESENTATION_CONTEXT(2) 
PARAMETRIC_REPRESENTATION_CONTEXT() REPRESENTATION_CONTEXT('2D SPACE',''
  ) );
#2607 = PCURVE('',#2608,#2613);
#2608 = PLANE('',#2609);
#2609 = AXIS2_PLACEMENT_3D('',#2610,#2611,#2612);
#2610 = CARTESIAN_POINT('',(251.875,-1.5,-6.));
#2611 = DIRECTION('',(0.,0.,1.));
#2612 = DIRECTION('',(1.,0.,0.));
#2613 = DEFINITIONAL_REPRESENTATION('',(#2614),#2618);
#2614 = LINE('',#2615,#2616);
#2615 = CARTESIAN_POINT('',(1.125,2.25));
#2616 = VECTOR('',#2617,1.);
#2617 = DIRECTION('',(0.,-1.));
#2618 = ( GEOMETRIC_REPRESENTATION_CONTEXT(2) 
PARAMETRIC_REPRESENTATION_CONTEXT() REPRESENTATION_CONTEXT('2D SPACE',''
  ) );
#2619 = ORIENTED_EDGE('',*,*,#2620,.F.);
#2620 = EDGE_CURVE('',#2621,#2593,#2623,.T.);
#2621 = VERTEX_POINT('',#2622);
#2622 = CARTESIAN_POINT('',(253.,1.5,-6.965315857878));
#2623 = SURFACE_CURVE('',#2624,(#2628,#2635),.PCURVE_S1.);
#2624 = LINE('',#2625,#2626);
#2625 = CARTESIAN_POINT('',(253.,1.5,-6.));
#2626 = VECTOR('',#2627,1.);
#2627 = DIRECTION('',(0.,0.,1.));
#2628 = PCURVE('',#2110,#2629);
#2629 = DEFINITIONAL_REPRESENTATION('',(#2630),#2634);
#2630 = LINE('',#2631,#2632);
#2631 = CARTESIAN_POINT('',(1.5,6.));
#2632 = VECTOR('',#2633,1.);
#2633 = DIRECTION('',(1.110223024625E-16,-1.));
#2634 = ( GEOMETRIC_REPRESENTATION_CONTEXT(2) 
PARAMETRIC_REPRESENTATION_CONTEXT() REPRESENTATION_CONTEXT('2D SPACE',''
  ) );
#2635 = PCURVE('',#2636,#2641);
#2636 = PLANE('',#2637);
#2637 = AXIS2_PLACEMENT_3D('',#2638,#2639,#2640);
#2638 = CARTESIAN_POINT('',(251.875,1.5,-12.));
#2639 = DIRECTION('',(0.,1.,0.));
#2640 = DIRECTION('',(0.,0.,1.));
#2641 = DEFINITIONAL_REPRESENTATION('',(#2642),#2646);
#2642 = LINE('',#2643,#2644);
#2643 = CARTESIAN_POINT('',(6.,1.125));
#2644 = VECTOR('',#2645,1.);
#2645 = DIRECTION('',(1.,0.));
#2646 = ( GEOMETRIC_REPRESENTATION_CONTEXT(2) 
PARAMETRIC_REPRESENTATION_CONTEXT() REPRESENTATION_CONTEXT('2D SPACE',''
  ) );
#2647 = ORIENTED_EDGE('',*,*,#2648,.T.);
#2648 = EDGE_CURVE('',#2621,#2649,#2651,.T.);
#2649 = VERTEX_POINT('',#2650);
#2650 = CARTESIAN_POINT('',(253.,3.,-7.125));
#2651 = SURFACE_CURVE('',#2652,(#2657,#2664),.PCURVE_S1.);
#2652 = CIRCLE('',#2653,7.125);
#2653 = AXIS2_PLACEMENT_3D('',#2654,#2655,#2656);
#2654 = CARTESIAN_POINT('',(253.,3.,-3.330669073875E-16));
#2655 = DIRECTION('',(1.,0.,-0.));
#2656 = DIRECTION('',(0.,1.110223024625E-16,1.));
#2657 = PCURVE('',#2110,#2658);
#2658 = DEFINITIONAL_REPRESENTATION('',(#2659),#2663);
#2659 = CIRCLE('',#2660,7.125);
#2660 = AXIS2_PLACEMENT_2D('',#2661,#2662);
#2661 = CARTESIAN_POINT('',(4.440892098501E-16,-5.757642663324E-16));
#2662 = DIRECTION('',(0.,-1.));
#2663 = ( GEOMETRIC_REPRESENTATION_CONTEXT(2) 
PARAMETRIC_REPRESENTATION_CONTEXT() REPRESENTATION_CONTEXT('2D SPACE',''
  ) );
#2664 = PCURVE('',#2228,#2665);
#2665 = DEFINITIONAL_REPRESENTATION('',(#2666),#2670);
#2666 = LINE('',#2667,#2668);
#2667 = CARTESIAN_POINT('',(-0.,0.));
#2668 = VECTOR('',#2669,1.);
#2669 = DIRECTION('',(-1.,0.));
#2670 = ( GEOMETRIC_REPRESENTATION_CONTEXT(2) 
PARAMETRIC_REPRESENTATION_CONTEXT() REPRESENTATION_CONTEXT('2D SPACE',''
  ) );
#2671 = ORIENTED_EDGE('',*,*,#2672,.T.);
#2672 = EDGE_CURVE('',#2649,#2673,#2675,.T.);
#2673 = VERTEX_POINT('',#2674);
#2674 = CARTESIAN_POINT('',(253.,3.,-4.79422863406));
#2675 = SURFACE_CURVE('',#2676,(#2680,#2687),.PCURVE_S1.);
#2676 = LINE('',#2677,#2678);
#2677 = CARTESIAN_POINT('',(253.,3.,-5.39711431703));
#2678 = VECTOR('',#2679,1.);
#2679 = DIRECTION('',(0.,0.,1.));
#2680 = PCURVE('',#2110,#2681);
#2681 = DEFINITIONAL_REPRESENTATION('',(#2682),#2686);
#2682 = LINE('',#2683,#2684);
#2683 = CARTESIAN_POINT('',(-1.04328926798E-15,5.39711431703));
#2684 = VECTOR('',#2685,1.);
#2685 = DIRECTION('',(1.110223024625E-16,-1.));
#2686 = ( GEOMETRIC_REPRESENTATION_CONTEXT(2) 
PARAMETRIC_REPRESENTATION_CONTEXT() REPRESENTATION_CONTEXT('2D SPACE',''
  ) );
#2687 = PCURVE('',#2688,#2693);
#2688 = PLANE('',#2689);
#2689 = AXIS2_PLACEMENT_3D('',#2690,#2691,#2692);
#2690 = CARTESIAN_POINT('',(251.875,3.,-10.79422863406));
#2691 = DIRECTION('',(0.,1.,0.));
#2692 = DIRECTION('',(0.,0.,1.));
#2693 = DEFINITIONAL_REPRESENTATION('',(#2694),#2698);
#2694 = LINE('',#2695,#2696);
#2695 = CARTESIAN_POINT('',(5.39711431703,1.125));
#2696 = VECTOR('',#2697,1.);
#2697 = DIRECTION('',(1.,0.));
#2698 = ( GEOMETRIC_REPRESENTATION_CONTEXT(2) 
PARAMETRIC_REPRESENTATION_CONTEXT() REPRESENTATION_CONTEXT('2D SPACE',''
  ) );
#2699 = ORIENTED_EDGE('',*,*,#2700,.F.);
#2700 = EDGE_CURVE('',#2184,#2673,#2701,.T.);
#2701 = SURFACE_CURVE('',#2702,(#2706,#2713),.PCURVE_S1.);
#2702 = LINE('',#2703,#2704);
#2703 = CARTESIAN_POINT('',(253.,3.,-4.79422863406));
#2704 = VECTOR('',#2705,1.);
#2705 = DIRECTION('',(0.,-1.,0.));
#2706 = PCURVE('',#2110,#2707);
#2707 = DEFINITIONAL_REPRESENTATION('',(#2708),#2712);
#2708 = LINE('',#2709,#2710);
#2709 = CARTESIAN_POINT('',(-9.763555113351E-16,4.79422863406));
#2710 = VECTOR('',#2711,1.);
#2711 = DIRECTION('',(1.,1.110223024625E-16));
#2712 = ( GEOMETRIC_REPRESENTATION_CONTEXT(2) 
PARAMETRIC_REPRESENTATION_CONTEXT() REPRESENTATION_CONTEXT('2D SPACE',''
  ) );
#2713 = PCURVE('',#2714,#2719);
#2714 = PLANE('',#2715);
#2715 = AXIS2_PLACEMENT_3D('',#2716,#2717,#2718);
#2716 = CARTESIAN_POINT('',(251.875,3.,-4.79422863406));
#2717 = DIRECTION('',(0.,0.,1.));
#2718 = DIRECTION('',(1.,0.,0.));
#2719 = DEFINITIONAL_REPRESENTATION('',(#2720),#2724);
#2720 = LINE('',#2721,#2722);
#2721 = CARTESIAN_POINT('',(1.125,0.));
#2722 = VECTOR('',#2723,1.);
#2723 = DIRECTION('',(0.,-1.));
#2724 = ( GEOMETRIC_REPRESENTATION_CONTEXT(2) 
PARAMETRIC_REPRESENTATION_CONTEXT() REPRESENTATION_CONTEXT('2D SPACE',''
  ) );
#2725 = FACE_BOUND('',#2726,.F.);
#2726 = EDGE_LOOP('',(#2727));
#2727 = ORIENTED_EDGE('',*,*,#2095,.F.);
#2728 = ADVANCED_FACE('',(#2729),#2476,.F.);
#2729 = FACE_BOUND('',#2730,.F.);
#2730 = EDGE_LOOP('',(#2731,#2754,#2782,#2810,#2838,#2859));
#2731 = ORIENTED_EDGE('',*,*,#2732,.F.);
#2732 = EDGE_CURVE('',#2733,#2433,#2735,.T.);
#2733 = VERTEX_POINT('',#2734);
#2734 = CARTESIAN_POINT('',(251.875,3.,4.79422863406));
#2735 = SURFACE_CURVE('',#2736,(#2740,#2747),.PCURVE_S1.);
#2736 = LINE('',#2737,#2738);
#2737 = CARTESIAN_POINT('',(251.875,3.,4.79422863406));
#2738 = VECTOR('',#2739,1.);
#2739 = DIRECTION('',(1.,0.,0.));
#2740 = PCURVE('',#2476,#2741);
#2741 = DEFINITIONAL_REPRESENTATION('',(#2742),#2746);
#2742 = LINE('',#2743,#2744);
#2743 = CARTESIAN_POINT('',(0.,0.));
#2744 = VECTOR('',#2745,1.);
#2745 = DIRECTION('',(0.,1.));
#2746 = ( GEOMETRIC_REPRESENTATION_CONTEXT(2) 
PARAMETRIC_REPRESENTATION_CONTEXT() REPRESENTATION_CONTEXT('2D SPACE',''
  ) );
#2747 = PCURVE('',#2448,#2748);
#2748 = DEFINITIONAL_REPRESENTATION('',(#2749),#2753);
#2749 = LINE('',#2750,#2751);
#2750 = CARTESIAN_POINT('',(0.,0.));
#2751 = VECTOR('',#2752,1.);
#2752 = DIRECTION('',(1.,0.));
#2753 = ( GEOMETRIC_REPRESENTATION_CONTEXT(2) 
PARAMETRIC_REPRESENTATION_CONTEXT() REPRESENTATION_CONTEXT('2D SPACE',''
  ) );
#2754 = ORIENTED_EDGE('',*,*,#2755,.T.);
#2755 = EDGE_CURVE('',#2733,#2756,#2758,.T.);
#2756 = VERTEX_POINT('',#2757);
#2757 = CARTESIAN_POINT('',(251.875,3.,10.79422863406));
#2758 = SURFACE_CURVE('',#2759,(#2763,#2770),.PCURVE_S1.);
#2759 = LINE('',#2760,#2761);
#2760 = CARTESIAN_POINT('',(251.875,3.,4.79422863406));
#2761 = VECTOR('',#2762,1.);
#2762 = DIRECTION('',(0.,0.,1.));
#2763 = PCURVE('',#2476,#2764);
#2764 = DEFINITIONAL_REPRESENTATION('',(#2765),#2769);
#2765 = LINE('',#2766,#2767);
#2766 = CARTESIAN_POINT('',(0.,0.));
#2767 = VECTOR('',#2768,1.);
#2768 = DIRECTION('',(1.,0.));
#2769 = ( GEOMETRIC_REPRESENTATION_CONTEXT(2) 
PARAMETRIC_REPRESENTATION_CONTEXT() REPRESENTATION_CONTEXT('2D SPACE',''
  ) );
#2770 = PCURVE('',#2771,#2776);
#2771 = PLANE('',#2772);
#2772 = AXIS2_PLACEMENT_3D('',#2773,#2774,#2775);
#2773 = CARTESIAN_POINT('',(251.875,3.,4.79422863406));
#2774 = DIRECTION('',(1.,0.,0.));
#2775 = DIRECTION('',(0.,0.,1.));
#2776 = DEFINITIONAL_REPRESENTATION('',(#2777),#2781);
#2777 = LINE('',#2778,#2779);
#2778 = CARTESIAN_POINT('',(0.,0.));
#2779 = VECTOR('',#2780,1.);
#2780 = DIRECTION('',(1.,0.));
#2781 = ( GEOMETRIC_REPRESENTATION_CONTEXT(2) 
PARAMETRIC_REPRESENTATION_CONTEXT() REPRESENTATION_CONTEXT('2D SPACE',''
  ) );
#2782 = ORIENTED_EDGE('',*,*,#2783,.T.);
#2783 = EDGE_CURVE('',#2756,#2784,#2786,.T.);
#2784 = VERTEX_POINT('',#2785);
#2785 = CARTESIAN_POINT('',(254.125,3.,10.79422863406));
#2786 = SURFACE_CURVE('',#2787,(#2791,#2798),.PCURVE_S1.);
#2787 = LINE('',#2788,#2789);
#2788 = CARTESIAN_POINT('',(251.875,3.,10.79422863406));
#2789 = VECTOR('',#2790,1.);
#2790 = DIRECTION('',(1.,0.,0.));
#2791 = PCURVE('',#2476,#2792);
#2792 = DEFINITIONAL_REPRESENTATION('',(#2793),#2797);
#2793 = LINE('',#2794,#2795);
#2794 = CARTESIAN_POINT('',(6.,0.));
#2795 = VECTOR('',#2796,1.);
#2796 = DIRECTION('',(0.,1.));
#2797 = ( GEOMETRIC_REPRESENTATION_CONTEXT(2) 
PARAMETRIC_REPRESENTATION_CONTEXT() REPRESENTATION_CONTEXT('2D SPACE',''
  ) );
#2798 = PCURVE('',#2799,#2804);
#2799 = PLANE('',#2800);
#2800 = AXIS2_PLACEMENT_3D('',#2801,#2802,#2803);
#2801 = CARTESIAN_POINT('',(251.875,3.,10.79422863406));
#2802 = DIRECTION('',(0.,0.,1.));
#2803 = DIRECTION('',(1.,0.,0.));
#2804 = DEFINITIONAL_REPRESENTATION('',(#2805),#2809);
#2805 = LINE('',#2806,#2807);
#2806 = CARTESIAN_POINT('',(0.,0.));
#2807 = VECTOR('',#2808,1.);
#2808 = DIRECTION('',(1.,0.));
#2809 = ( GEOMETRIC_REPRESENTATION_CONTEXT(2) 
PARAMETRIC_REPRESENTATION_CONTEXT() REPRESENTATION_CONTEXT('2D SPACE',''
  ) );
#2810 = ORIENTED_EDGE('',*,*,#2811,.F.);
#2811 = EDGE_CURVE('',#2812,#2784,#2814,.T.);
#2812 = VERTEX_POINT('',#2813);
#2813 = CARTESIAN_POINT('',(254.125,3.,7.125));
#2814 = SURFACE_CURVE('',#2815,(#2819,#2826),.PCURVE_S1.);
#2815 = LINE('',#2816,#2817);
#2816 = CARTESIAN_POINT('',(254.125,3.,4.79422863406));
#2817 = VECTOR('',#2818,1.);
#2818 = DIRECTION('',(0.,0.,1.));
#2819 = PCURVE('',#2476,#2820);
#2820 = DEFINITIONAL_REPRESENTATION('',(#2821),#2825);
#2821 = LINE('',#2822,#2823);
#2822 = CARTESIAN_POINT('',(0.,2.25));
#2823 = VECTOR('',#2824,1.);
#2824 = DIRECTION('',(1.,0.));
#2825 = ( GEOMETRIC_REPRESENTATION_CONTEXT(2) 
PARAMETRIC_REPRESENTATION_CONTEXT() REPRESENTATION_CONTEXT('2D SPACE',''
  ) );
#2826 = PCURVE('',#2827,#2832);
#2827 = PLANE('',#2828);
#2828 = AXIS2_PLACEMENT_3D('',#2829,#2830,#2831);
#2829 = CARTESIAN_POINT('',(254.125,3.,4.79422863406));
#2830 = DIRECTION('',(1.,0.,0.));
#2831 = DIRECTION('',(0.,0.,1.));
#2832 = DEFINITIONAL_REPRESENTATION('',(#2833),#2837);
#2833 = LINE('',#2834,#2835);
#2834 = CARTESIAN_POINT('',(0.,0.));
#2835 = VECTOR('',#2836,1.);
#2836 = DIRECTION('',(1.,0.));
#2837 = ( GEOMETRIC_REPRESENTATION_CONTEXT(2) 
PARAMETRIC_REPRESENTATION_CONTEXT() REPRESENTATION_CONTEXT('2D SPACE',''
  ) );
#2838 = ORIENTED_EDGE('',*,*,#2839,.F.);
#2839 = EDGE_CURVE('',#2461,#2812,#2840,.T.);
#2840 = SURFACE_CURVE('',#2841,(#2845,#2852),.PCURVE_S1.);
#2841 = LINE('',#2842,#2843);
#2842 = CARTESIAN_POINT('',(253.,3.,7.125));
#2843 = VECTOR('',#2844,1.);
#2844 = DIRECTION('',(1.,0.,0.));
#2845 = PCURVE('',#2476,#2846);
#2846 = DEFINITIONAL_REPRESENTATION('',(#2847),#2851);
#2847 = LINE('',#2848,#2849);
#2848 = CARTESIAN_POINT('',(2.33077136594,1.125));
#2849 = VECTOR('',#2850,1.);
#2850 = DIRECTION('',(0.,1.));
#2851 = ( GEOMETRIC_REPRESENTATION_CONTEXT(2) 
PARAMETRIC_REPRESENTATION_CONTEXT() REPRESENTATION_CONTEXT('2D SPACE',''
  ) );
#2852 = PCURVE('',#2228,#2853);
#2853 = DEFINITIONAL_REPRESENTATION('',(#2854),#2858);
#2854 = LINE('',#2855,#2856);
#2855 = CARTESIAN_POINT('',(-0.,0.));
#2856 = VECTOR('',#2857,1.);
#2857 = DIRECTION('',(-0.,-1.));
#2858 = ( GEOMETRIC_REPRESENTATION_CONTEXT(2) 
PARAMETRIC_REPRESENTATION_CONTEXT() REPRESENTATION_CONTEXT('2D SPACE',''
  ) );
#2859 = ORIENTED_EDGE('',*,*,#2460,.F.);
#2860 = ADVANCED_FACE('',(#2861),#2771,.F.);
#2861 = FACE_BOUND('',#2862,.F.);
#2862 = EDGE_LOOP('',(#2863,#2864,#2887,#2910));
#2863 = ORIENTED_EDGE('',*,*,#2755,.F.);
#2864 = ORIENTED_EDGE('',*,*,#2865,.T.);
#2865 = EDGE_CURVE('',#2733,#2866,#2868,.T.);
#2866 = VERTEX_POINT('',#2867);
#2867 = CARTESIAN_POINT('',(251.875,6.,4.79422863406));
#2868 = SURFACE_CURVE('',#2869,(#2873,#2880),.PCURVE_S1.);
#2869 = LINE('',#2870,#2871);
#2870 = CARTESIAN_POINT('',(251.875,3.,4.79422863406));
#2871 = VECTOR('',#2872,1.);
#2872 = DIRECTION('',(0.,1.,0.));
#2873 = PCURVE('',#2771,#2874);
#2874 = DEFINITIONAL_REPRESENTATION('',(#2875),#2879);
#2875 = LINE('',#2876,#2877);
#2876 = CARTESIAN_POINT('',(0.,0.));
#2877 = VECTOR('',#2878,1.);
#2878 = DIRECTION('',(0.,-1.));
#2879 = ( GEOMETRIC_REPRESENTATION_CONTEXT(2) 
PARAMETRIC_REPRESENTATION_CONTEXT() REPRESENTATION_CONTEXT('2D SPACE',''
  ) );
#2880 = PCURVE('',#2448,#2881);
#2881 = DEFINITIONAL_REPRESENTATION('',(#2882),#2886);
#2882 = LINE('',#2883,#2884);
#2883 = CARTESIAN_POINT('',(0.,0.));
#2884 = VECTOR('',#2885,1.);
#2885 = DIRECTION('',(0.,1.));
#2886 = ( GEOMETRIC_REPRESENTATION_CONTEXT(2) 
PARAMETRIC_REPRESENTATION_CONTEXT() REPRESENTATION_CONTEXT('2D SPACE',''
  ) );
#2887 = ORIENTED_EDGE('',*,*,#2888,.T.);
#2888 = EDGE_CURVE('',#2866,#2889,#2891,.T.);
#2889 = VERTEX_POINT('',#2890);
#2890 = CARTESIAN_POINT('',(251.875,6.,10.79422863406));
#2891 = SURFACE_CURVE('',#2892,(#2896,#2903),.PCURVE_S1.);
#2892 = LINE('',#2893,#2894);
#2893 = CARTESIAN_POINT('',(251.875,6.,4.79422863406));
#2894 = VECTOR('',#2895,1.);
#2895 = DIRECTION('',(0.,0.,1.));
#2896 = PCURVE('',#2771,#2897);
#2897 = DEFINITIONAL_REPRESENTATION('',(#2898),#2902);
#2898 = LINE('',#2899,#2900);
#2899 = CARTESIAN_POINT('',(0.,-3.));
#2900 = VECTOR('',#2901,1.);
#2901 = DIRECTION('',(1.,0.));
#2902 = ( GEOMETRIC_REPRESENTATION_CONTEXT(2) 
PARAMETRIC_REPRESENTATION_CONTEXT() REPRESENTATION_CONTEXT('2D SPACE',''
  ) );
#2903 = PCURVE('',#2420,#2904);
#2904 = DEFINITIONAL_REPRESENTATION('',(#2905),#2909);
#2905 = LINE('',#2906,#2907);
#2906 = CARTESIAN_POINT('',(0.,0.));
#2907 = VECTOR('',#2908,1.);
#2908 = DIRECTION('',(1.,0.));
#2909 = ( GEOMETRIC_REPRESENTATION_CONTEXT(2) 
PARAMETRIC_REPRESENTATION_CONTEXT() REPRESENTATION_CONTEXT('2D SPACE',''
  ) );
#2910 = ORIENTED_EDGE('',*,*,#2911,.F.);
#2911 = EDGE_CURVE('',#2756,#2889,#2912,.T.);
#2912 = SURFACE_CURVE('',#2913,(#2917,#2924),.PCURVE_S1.);
#2913 = LINE('',#2914,#2915);
#2914 = CARTESIAN_POINT('',(251.875,3.,10.79422863406));
#2915 = VECTOR('',#2916,1.);
#2916 = DIRECTION('',(0.,1.,0.));
#2917 = PCURVE('',#2771,#2918);
#2918 = DEFINITIONAL_REPRESENTATION('',(#2919),#2923);
#2919 = LINE('',#2920,#2921);
#2920 = CARTESIAN_POINT('',(6.,0.));
#2921 = VECTOR('',#2922,1.);
#2922 = DIRECTION('',(0.,-1.));
#2923 = ( GEOMETRIC_REPRESENTATION_CONTEXT(2) 
PARAMETRIC_REPRESENTATION_CONTEXT() REPRESENTATION_CONTEXT('2D SPACE',''
  ) );
#2924 = PCURVE('',#2799,#2925);
#2925 = DEFINITIONAL_REPRESENTATION('',(#2926),#2930);
#2926 = LINE('',#2927,#2928);
#2927 = CARTESIAN_POINT('',(0.,0.));
#2928 = VECTOR('',#2929,1.);
#2929 = DIRECTION('',(0.,1.));
#2930 = ( GEOMETRIC_REPRESENTATION_CONTEXT(2) 
PARAMETRIC_REPRESENTATION_CONTEXT() REPRESENTATION_CONTEXT('2D SPACE',''
  ) );
#2931 = ADVANCED_FACE('',(#2932),#2799,.T.);
#2932 = FACE_BOUND('',#2933,.T.);
#2933 = EDGE_LOOP('',(#2934,#2935,#2936,#2959));
#2934 = ORIENTED_EDGE('',*,*,#2911,.F.);
#2935 = ORIENTED_EDGE('',*,*,#2783,.T.);
#2936 = ORIENTED_EDGE('',*,*,#2937,.T.);
#2937 = EDGE_CURVE('',#2784,#2938,#2940,.T.);
#2938 = VERTEX_POINT('',#2939);
#2939 = CARTESIAN_POINT('',(254.125,6.,10.79422863406));
#2940 = SURFACE_CURVE('',#2941,(#2945,#2952),.PCURVE_S1.);
#2941 = LINE('',#2942,#2943);
#2942 = CARTESIAN_POINT('',(254.125,3.,10.79422863406));
#2943 = VECTOR('',#2944,1.);
#2944 = DIRECTION('',(0.,1.,0.));
#2945 = PCURVE('',#2799,#2946);
#2946 = DEFINITIONAL_REPRESENTATION('',(#2947),#2951);
#2947 = LINE('',#2948,#2949);
#2948 = CARTESIAN_POINT('',(2.25,0.));
#2949 = VECTOR('',#2950,1.);
#2950 = DIRECTION('',(0.,1.));
#2951 = ( GEOMETRIC_REPRESENTATION_CONTEXT(2) 
PARAMETRIC_REPRESENTATION_CONTEXT() REPRESENTATION_CONTEXT('2D SPACE',''
  ) );
#2952 = PCURVE('',#2827,#2953);
#2953 = DEFINITIONAL_REPRESENTATION('',(#2954),#2958);
#2954 = LINE('',#2955,#2956);
#2955 = CARTESIAN_POINT('',(6.,0.));
#2956 = VECTOR('',#2957,1.);
#2957 = DIRECTION('',(0.,-1.));
#2958 = ( GEOMETRIC_REPRESENTATION_CONTEXT(2) 
PARAMETRIC_REPRESENTATION_CONTEXT() REPRESENTATION_CONTEXT('2D SPACE',''
  ) );
#2959 = ORIENTED_EDGE('',*,*,#2960,.F.);
#2960 = EDGE_CURVE('',#2889,#2938,#2961,.T.);
#2961 = SURFACE_CURVE('',#2962,(#2966,#2973),.PCURVE_S1.);
#2962 = LINE('',#2963,#2964);
#2963 = CARTESIAN_POINT('',(251.875,6.,10.79422863406));
#2964 = VECTOR('',#2965,1.);
#2965 = DIRECTION('',(1.,0.,0.));
#2966 = PCURVE('',#2799,#2967);
#2967 = DEFINITIONAL_REPRESENTATION('',(#2968),#2972);
#2968 = LINE('',#2969,#2970);
#2969 = CARTESIAN_POINT('',(0.,3.));
#2970 = VECTOR('',#2971,1.);
#2971 = DIRECTION('',(1.,0.));
#2972 = ( GEOMETRIC_REPRESENTATION_CONTEXT(2) 
PARAMETRIC_REPRESENTATION_CONTEXT() REPRESENTATION_CONTEXT('2D SPACE',''
  ) );
#2973 = PCURVE('',#2420,#2974);
#2974 = DEFINITIONAL_REPRESENTATION('',(#2975),#2979);
#2975 = LINE('',#2976,#2977);
#2976 = CARTESIAN_POINT('',(6.,0.));
#2977 = VECTOR('',#2978,1.);
#2978 = DIRECTION('',(0.,1.));
#2979 = ( GEOMETRIC_REPRESENTATION_CONTEXT(2) 
PARAMETRIC_REPRESENTATION_CONTEXT() REPRESENTATION_CONTEXT('2D SPACE',''
  ) );
#2980 = ADVANCED_FACE('',(#2981),#2827,.T.);
#2981 = FACE_BOUND('',#2982,.T.);
#2982 = EDGE_LOOP('',(#2983,#2984,#3012,#3033));
#2983 = ORIENTED_EDGE('',*,*,#2811,.F.);
#2984 = ORIENTED_EDGE('',*,*,#2985,.T.);
#2985 = EDGE_CURVE('',#2812,#2986,#2988,.T.);
#2986 = VERTEX_POINT('',#2987);
#2987 = CARTESIAN_POINT('',(254.125,6.,6.462632977355));
#2988 = SURFACE_CURVE('',#2989,(#2994,#3005),.PCURVE_S1.);
#2989 = CIRCLE('',#2990,7.125);
#2990 = AXIS2_PLACEMENT_3D('',#2991,#2992,#2993);
#2991 = CARTESIAN_POINT('',(254.125,3.,-3.330669073875E-16));
#2992 = DIRECTION('',(-1.,0.,0.));
#2993 = DIRECTION('',(0.,1.110223024625E-16,1.));
#2994 = PCURVE('',#2827,#2995);
#2995 = DEFINITIONAL_REPRESENTATION('',(#2996),#3004);
#2996 = ( BOUNDED_CURVE() B_SPLINE_CURVE(2,(#2997,#2998,#2999,#3000,
#3001,#3002,#3003),.UNSPECIFIED.,.T.,.F.) B_SPLINE_CURVE_WITH_KNOTS((1,2
    ,2,2,2,1),(-2.094395102393,0.,2.094395102393,4.188790204786,
6.28318530718,8.377580409573),.UNSPECIFIED.) CURVE() 
GEOMETRIC_REPRESENTATION_ITEM() RATIONAL_B_SPLINE_CURVE((1.,0.5,1.,0.5,
1.,0.5,1.)) REPRESENTATION_ITEM('') );
#2997 = CARTESIAN_POINT('',(2.33077136594,9.71445146547E-17));
#2998 = CARTESIAN_POINT('',(2.33077136594,-12.34086200392));
#2999 = CARTESIAN_POINT('',(-8.35672863406,-6.170431001964));
#3000 = CARTESIAN_POINT('',(-19.04422863406,7.25124541006E-16));
#3001 = CARTESIAN_POINT('',(-8.35672863406,6.170431001964));
#3002 = CARTESIAN_POINT('',(2.33077136594,12.340862003928));
#3003 = CARTESIAN_POINT('',(2.33077136594,9.71445146547E-17));
#3004 = ( GEOMETRIC_REPRESENTATION_CONTEXT(2) 
PARAMETRIC_REPRESENTATION_CONTEXT() REPRESENTATION_CONTEXT('2D SPACE',''
  ) );
#3005 = PCURVE('',#2228,#3006);
#3006 = DEFINITIONAL_REPRESENTATION('',(#3007),#3011);
#3007 = LINE('',#3008,#3009);
#3008 = CARTESIAN_POINT('',(-6.28318530718,-1.125));
#3009 = VECTOR('',#3010,1.);
#3010 = DIRECTION('',(1.,-0.));
#3011 = ( GEOMETRIC_REPRESENTATION_CONTEXT(2) 
PARAMETRIC_REPRESENTATION_CONTEXT() REPRESENTATION_CONTEXT('2D SPACE',''
  ) );
#3012 = ORIENTED_EDGE('',*,*,#3013,.T.);
#3013 = EDGE_CURVE('',#2986,#2938,#3014,.T.);
#3014 = SURFACE_CURVE('',#3015,(#3019,#3026),.PCURVE_S1.);
#3015 = LINE('',#3016,#3017);
#3016 = CARTESIAN_POINT('',(254.125,6.,4.79422863406));
#3017 = VECTOR('',#3018,1.);
#3018 = DIRECTION('',(0.,0.,1.));
#3019 = PCURVE('',#2827,#3020);
#3020 = DEFINITIONAL_REPRESENTATION('',(#3021),#3025);
#3021 = LINE('',#3022,#3023);
#3022 = CARTESIAN_POINT('',(0.,-3.));
#3023 = VECTOR('',#3024,1.);
#3024 = DIRECTION('',(1.,0.));
#3025 = ( GEOMETRIC_REPRESENTATION_CONTEXT(2) 
PARAMETRIC_REPRESENTATION_CONTEXT() REPRESENTATION_CONTEXT('2D SPACE',''
  ) );
#3026 = PCURVE('',#2420,#3027);
#3027 = DEFINITIONAL_REPRESENTATION('',(#3028),#3032);
#3028 = LINE('',#3029,#3030);
#3029 = CARTESIAN_POINT('',(0.,2.25));
#3030 = VECTOR('',#3031,1.);
#3031 = DIRECTION('',(1.,0.));
#3032 = ( GEOMETRIC_REPRESENTATION_CONTEXT(2) 
PARAMETRIC_REPRESENTATION_CONTEXT() REPRESENTATION_CONTEXT('2D SPACE',''
  ) );
#3033 = ORIENTED_EDGE('',*,*,#2937,.F.);
#3034 = ADVANCED_FACE('',(#3035),#2448,.F.);
#3035 = FACE_BOUND('',#3036,.F.);
#3036 = EDGE_LOOP('',(#3037,#3058,#3059,#3060));
#3037 = ORIENTED_EDGE('',*,*,#3038,.F.);
#3038 = EDGE_CURVE('',#2866,#2405,#3039,.T.);
#3039 = SURFACE_CURVE('',#3040,(#3044,#3051),.PCURVE_S1.);
#3040 = LINE('',#3041,#3042);
#3041 = CARTESIAN_POINT('',(251.875,6.,4.79422863406));
#3042 = VECTOR('',#3043,1.);
#3043 = DIRECTION('',(1.,0.,0.));
#3044 = PCURVE('',#2448,#3045);
#3045 = DEFINITIONAL_REPRESENTATION('',(#3046),#3050);
#3046 = LINE('',#3047,#3048);
#3047 = CARTESIAN_POINT('',(0.,3.));
#3048 = VECTOR('',#3049,1.);
#3049 = DIRECTION('',(1.,0.));
#3050 = ( GEOMETRIC_REPRESENTATION_CONTEXT(2) 
PARAMETRIC_REPRESENTATION_CONTEXT() REPRESENTATION_CONTEXT('2D SPACE',''
  ) );
#3051 = PCURVE('',#2420,#3052);
#3052 = DEFINITIONAL_REPRESENTATION('',(#3053),#3057);
#3053 = LINE('',#3054,#3055);
#3054 = CARTESIAN_POINT('',(0.,0.));
#3055 = VECTOR('',#3056,1.);
#3056 = DIRECTION('',(0.,1.));
#3057 = ( GEOMETRIC_REPRESENTATION_CONTEXT(2) 
PARAMETRIC_REPRESENTATION_CONTEXT() REPRESENTATION_CONTEXT('2D SPACE',''
  ) );
#3058 = ORIENTED_EDGE('',*,*,#2865,.F.);
#3059 = ORIENTED_EDGE('',*,*,#2732,.T.);
#3060 = ORIENTED_EDGE('',*,*,#2432,.F.);
#3061 = ADVANCED_FACE('',(#3062),#2528,.T.);
#3062 = FACE_BOUND('',#3063,.T.);
#3063 = EDGE_LOOP('',(#3064,#3087,#3115,#3143,#3171,#3192));
#3064 = ORIENTED_EDGE('',*,*,#3065,.F.);
#3065 = EDGE_CURVE('',#3066,#2513,#3068,.T.);
#3066 = VERTEX_POINT('',#3067);
#3067 = CARTESIAN_POINT('',(251.875,1.5,6.));
#3068 = SURFACE_CURVE('',#3069,(#3073,#3080),.PCURVE_S1.);
#3069 = LINE('',#3070,#3071);
#3070 = CARTESIAN_POINT('',(251.875,1.5,6.));
#3071 = VECTOR('',#3072,1.);
#3072 = DIRECTION('',(1.,0.,0.));
#3073 = PCURVE('',#2528,#3074);
#3074 = DEFINITIONAL_REPRESENTATION('',(#3075),#3079);
#3075 = LINE('',#3076,#3077);
#3076 = CARTESIAN_POINT('',(0.,0.));
#3077 = VECTOR('',#3078,1.);
#3078 = DIRECTION('',(0.,1.));
#3079 = ( GEOMETRIC_REPRESENTATION_CONTEXT(2) 
PARAMETRIC_REPRESENTATION_CONTEXT() REPRESENTATION_CONTEXT('2D SPACE',''
  ) );
#3080 = PCURVE('',#2556,#3081);
#3081 = DEFINITIONAL_REPRESENTATION('',(#3082),#3086);
#3082 = LINE('',#3083,#3084);
#3083 = CARTESIAN_POINT('',(0.,3.));
#3084 = VECTOR('',#3085,1.);
#3085 = DIRECTION('',(1.,0.));
#3086 = ( GEOMETRIC_REPRESENTATION_CONTEXT(2) 
PARAMETRIC_REPRESENTATION_CONTEXT() REPRESENTATION_CONTEXT('2D SPACE',''
  ) );
#3087 = ORIENTED_EDGE('',*,*,#3088,.T.);
#3088 = EDGE_CURVE('',#3066,#3089,#3091,.T.);
#3089 = VERTEX_POINT('',#3090);
#3090 = CARTESIAN_POINT('',(251.875,1.5,12.));
#3091 = SURFACE_CURVE('',#3092,(#3096,#3103),.PCURVE_S1.);
#3092 = LINE('',#3093,#3094);
#3093 = CARTESIAN_POINT('',(251.875,1.5,6.));
#3094 = VECTOR('',#3095,1.);
#3095 = DIRECTION('',(0.,0.,1.));
#3096 = PCURVE('',#2528,#3097);
#3097 = DEFINITIONAL_REPRESENTATION('',(#3098),#3102);
#3098 = LINE('',#3099,#3100);
#3099 = CARTESIAN_POINT('',(0.,0.));
#3100 = VECTOR('',#3101,1.);
#3101 = DIRECTION('',(1.,0.));
#3102 = ( GEOMETRIC_REPRESENTATION_CONTEXT(2) 
PARAMETRIC_REPRESENTATION_CONTEXT() REPRESENTATION_CONTEXT('2D SPACE',''
  ) );
#3103 = PCURVE('',#3104,#3109);
#3104 = PLANE('',#3105);
#3105 = AXIS2_PLACEMENT_3D('',#3106,#3107,#3108);
#3106 = CARTESIAN_POINT('',(251.875,-1.5,6.));
#3107 = DIRECTION('',(1.,0.,0.));
#3108 = DIRECTION('',(0.,0.,1.));
#3109 = DEFINITIONAL_REPRESENTATION('',(#3110),#3114);
#3110 = LINE('',#3111,#3112);
#3111 = CARTESIAN_POINT('',(0.,-3.));
#3112 = VECTOR('',#3113,1.);
#3113 = DIRECTION('',(1.,0.));
#3114 = ( GEOMETRIC_REPRESENTATION_CONTEXT(2) 
PARAMETRIC_REPRESENTATION_CONTEXT() REPRESENTATION_CONTEXT('2D SPACE',''
  ) );
#3115 = ORIENTED_EDGE('',*,*,#3116,.T.);
#3116 = EDGE_CURVE('',#3089,#3117,#3119,.T.);
#3117 = VERTEX_POINT('',#3118);
#3118 = CARTESIAN_POINT('',(254.125,1.5,12.));
#3119 = SURFACE_CURVE('',#3120,(#3124,#3131),.PCURVE_S1.);
#3120 = LINE('',#3121,#3122);
#3121 = CARTESIAN_POINT('',(251.875,1.5,12.));
#3122 = VECTOR('',#3123,1.);
#3123 = DIRECTION('',(1.,0.,0.));
#3124 = PCURVE('',#2528,#3125);
#3125 = DEFINITIONAL_REPRESENTATION('',(#3126),#3130);
#3126 = LINE('',#3127,#3128);
#3127 = CARTESIAN_POINT('',(6.,0.));
#3128 = VECTOR('',#3129,1.);
#3129 = DIRECTION('',(0.,1.));
#3130 = ( GEOMETRIC_REPRESENTATION_CONTEXT(2) 
PARAMETRIC_REPRESENTATION_CONTEXT() REPRESENTATION_CONTEXT('2D SPACE',''
  ) );
#3131 = PCURVE('',#3132,#3137);
#3132 = PLANE('',#3133);
#3133 = AXIS2_PLACEMENT_3D('',#3134,#3135,#3136);
#3134 = CARTESIAN_POINT('',(251.875,-1.5,12.));
#3135 = DIRECTION('',(0.,0.,1.));
#3136 = DIRECTION('',(1.,0.,0.));
#3137 = DEFINITIONAL_REPRESENTATION('',(#3138),#3142);
#3138 = LINE('',#3139,#3140);
#3139 = CARTESIAN_POINT('',(0.,3.));
#3140 = VECTOR('',#3141,1.);
#3141 = DIRECTION('',(1.,0.));
#3142 = ( GEOMETRIC_REPRESENTATION_CONTEXT(2) 
PARAMETRIC_REPRESENTATION_CONTEXT() REPRESENTATION_CONTEXT('2D SPACE',''
  ) );
#3143 = ORIENTED_EDGE('',*,*,#3144,.F.);
#3144 = EDGE_CURVE('',#3145,#3117,#3147,.T.);
#3145 = VERTEX_POINT('',#3146);
#3146 = CARTESIAN_POINT('',(254.125,1.5,6.965315857878));
#3147 = SURFACE_CURVE('',#3148,(#3152,#3159),.PCURVE_S1.);
#3148 = LINE('',#3149,#3150);
#3149 = CARTESIAN_POINT('',(254.125,1.5,6.));
#3150 = VECTOR('',#3151,1.);
#3151 = DIRECTION('',(0.,0.,1.));
#3152 = PCURVE('',#2528,#3153);
#3153 = DEFINITIONAL_REPRESENTATION('',(#3154),#3158);
#3154 = LINE('',#3155,#3156);
#3155 = CARTESIAN_POINT('',(0.,2.25));
#3156 = VECTOR('',#3157,1.);
#3157 = DIRECTION('',(1.,0.));
#3158 = ( GEOMETRIC_REPRESENTATION_CONTEXT(2) 
PARAMETRIC_REPRESENTATION_CONTEXT() REPRESENTATION_CONTEXT('2D SPACE',''
  ) );
#3159 = PCURVE('',#3160,#3165);
#3160 = PLANE('',#3161);
#3161 = AXIS2_PLACEMENT_3D('',#3162,#3163,#3164);
#3162 = CARTESIAN_POINT('',(254.125,-1.5,6.));
#3163 = DIRECTION('',(1.,0.,0.));
#3164 = DIRECTION('',(0.,0.,1.));
#3165 = DEFINITIONAL_REPRESENTATION('',(#3166),#3170);
#3166 = LINE('',#3167,#3168);
#3167 = CARTESIAN_POINT('',(0.,-3.));
#3168 = VECTOR('',#3169,1.);
#3169 = DIRECTION('',(1.,0.));
#3170 = ( GEOMETRIC_REPRESENTATION_CONTEXT(2) 
PARAMETRIC_REPRESENTATION_CONTEXT() REPRESENTATION_CONTEXT('2D SPACE',''
  ) );
#3171 = ORIENTED_EDGE('',*,*,#3172,.T.);
#3172 = EDGE_CURVE('',#3145,#2489,#3173,.T.);
#3173 = SURFACE_CURVE('',#3174,(#3178,#3185),.PCURVE_S1.);
#3174 = LINE('',#3175,#3176);
#3175 = CARTESIAN_POINT('',(253.,1.5,6.965315857878));
#3176 = VECTOR('',#3177,1.);
#3177 = DIRECTION('',(-1.,0.,-0.));
#3178 = PCURVE('',#2528,#3179);
#3179 = DEFINITIONAL_REPRESENTATION('',(#3180),#3184);
#3180 = LINE('',#3181,#3182);
#3181 = CARTESIAN_POINT('',(0.965315857878,1.125));
#3182 = VECTOR('',#3183,1.);
#3183 = DIRECTION('',(0.,-1.));
#3184 = ( GEOMETRIC_REPRESENTATION_CONTEXT(2) 
PARAMETRIC_REPRESENTATION_CONTEXT() REPRESENTATION_CONTEXT('2D SPACE',''
  ) );
#3185 = PCURVE('',#2228,#3186);
#3186 = DEFINITIONAL_REPRESENTATION('',(#3187),#3191);
#3187 = LINE('',#3188,#3189);
#3188 = CARTESIAN_POINT('',(-0.212113310479,0.));
#3189 = VECTOR('',#3190,1.);
#3190 = DIRECTION('',(-0.,1.));
#3191 = ( GEOMETRIC_REPRESENTATION_CONTEXT(2) 
PARAMETRIC_REPRESENTATION_CONTEXT() REPRESENTATION_CONTEXT('2D SPACE',''
  ) );
#3192 = ORIENTED_EDGE('',*,*,#2512,.F.);
#3193 = ADVANCED_FACE('',(#3194),#3104,.F.);
#3194 = FACE_BOUND('',#3195,.F.);
#3195 = EDGE_LOOP('',(#3196,#3226,#3247,#3248));
#3196 = ORIENTED_EDGE('',*,*,#3197,.F.);
#3197 = EDGE_CURVE('',#3198,#3200,#3202,.T.);
#3198 = VERTEX_POINT('',#3199);
#3199 = CARTESIAN_POINT('',(251.875,-1.5,6.));
#3200 = VERTEX_POINT('',#3201);
#3201 = CARTESIAN_POINT('',(251.875,-1.5,12.));
#3202 = SURFACE_CURVE('',#3203,(#3207,#3214),.PCURVE_S1.);
#3203 = LINE('',#3204,#3205);
#3204 = CARTESIAN_POINT('',(251.875,-1.5,6.));
#3205 = VECTOR('',#3206,1.);
#3206 = DIRECTION('',(0.,0.,1.));
#3207 = PCURVE('',#3104,#3208);
#3208 = DEFINITIONAL_REPRESENTATION('',(#3209),#3213);
#3209 = LINE('',#3210,#3211);
#3210 = CARTESIAN_POINT('',(0.,0.));
#3211 = VECTOR('',#3212,1.);
#3212 = DIRECTION('',(1.,0.));
#3213 = ( GEOMETRIC_REPRESENTATION_CONTEXT(2) 
PARAMETRIC_REPRESENTATION_CONTEXT() REPRESENTATION_CONTEXT('2D SPACE',''
  ) );
#3214 = PCURVE('',#3215,#3220);
#3215 = PLANE('',#3216);
#3216 = AXIS2_PLACEMENT_3D('',#3217,#3218,#3219);
#3217 = CARTESIAN_POINT('',(251.875,-1.5,6.));
#3218 = DIRECTION('',(0.,1.,0.));
#3219 = DIRECTION('',(0.,0.,1.));
#3220 = DEFINITIONAL_REPRESENTATION('',(#3221),#3225);
#3221 = LINE('',#3222,#3223);
#3222 = CARTESIAN_POINT('',(0.,0.));
#3223 = VECTOR('',#3224,1.);
#3224 = DIRECTION('',(1.,0.));
#3225 = ( GEOMETRIC_REPRESENTATION_CONTEXT(2) 
PARAMETRIC_REPRESENTATION_CONTEXT() REPRESENTATION_CONTEXT('2D SPACE',''
  ) );
#3226 = ORIENTED_EDGE('',*,*,#3227,.T.);
#3227 = EDGE_CURVE('',#3198,#3066,#3228,.T.);
#3228 = SURFACE_CURVE('',#3229,(#3233,#3240),.PCURVE_S1.);
#3229 = LINE('',#3230,#3231);
#3230 = CARTESIAN_POINT('',(251.875,-1.5,6.));
#3231 = VECTOR('',#3232,1.);
#3232 = DIRECTION('',(0.,1.,0.));
#3233 = PCURVE('',#3104,#3234);
#3234 = DEFINITIONAL_REPRESENTATION('',(#3235),#3239);
#3235 = LINE('',#3236,#3237);
#3236 = CARTESIAN_POINT('',(0.,0.));
#3237 = VECTOR('',#3238,1.);
#3238 = DIRECTION('',(0.,-1.));
#3239 = ( GEOMETRIC_REPRESENTATION_CONTEXT(2) 
PARAMETRIC_REPRESENTATION_CONTEXT() REPRESENTATION_CONTEXT('2D SPACE',''
  ) );
#3240 = PCURVE('',#2556,#3241);
#3241 = DEFINITIONAL_REPRESENTATION('',(#3242),#3246);
#3242 = LINE('',#3243,#3244);
#3243 = CARTESIAN_POINT('',(0.,0.));
#3244 = VECTOR('',#3245,1.);
#3245 = DIRECTION('',(0.,1.));
#3246 = ( GEOMETRIC_REPRESENTATION_CONTEXT(2) 
PARAMETRIC_REPRESENTATION_CONTEXT() REPRESENTATION_CONTEXT('2D SPACE',''
  ) );
#3247 = ORIENTED_EDGE('',*,*,#3088,.T.);
#3248 = ORIENTED_EDGE('',*,*,#3249,.F.);
#3249 = EDGE_CURVE('',#3200,#3089,#3250,.T.);
#3250 = SURFACE_CURVE('',#3251,(#3255,#3262),.PCURVE_S1.);
#3251 = LINE('',#3252,#3253);
#3252 = CARTESIAN_POINT('',(251.875,-1.5,12.));
#3253 = VECTOR('',#3254,1.);
#3254 = DIRECTION('',(0.,1.,0.));
#3255 = PCURVE('',#3104,#3256);
#3256 = DEFINITIONAL_REPRESENTATION('',(#3257),#3261);
#3257 = LINE('',#3258,#3259);
#3258 = CARTESIAN_POINT('',(6.,0.));
#3259 = VECTOR('',#3260,1.);
#3260 = DIRECTION('',(0.,-1.));
#3261 = ( GEOMETRIC_REPRESENTATION_CONTEXT(2) 
PARAMETRIC_REPRESENTATION_CONTEXT() REPRESENTATION_CONTEXT('2D SPACE',''
  ) );
#3262 = PCURVE('',#3132,#3263);
#3263 = DEFINITIONAL_REPRESENTATION('',(#3264),#3268);
#3264 = LINE('',#3265,#3266);
#3265 = CARTESIAN_POINT('',(0.,0.));
#3266 = VECTOR('',#3267,1.);
#3267 = DIRECTION('',(0.,1.));
#3268 = ( GEOMETRIC_REPRESENTATION_CONTEXT(2) 
PARAMETRIC_REPRESENTATION_CONTEXT() REPRESENTATION_CONTEXT('2D SPACE',''
  ) );
#3269 = ADVANCED_FACE('',(#3270),#3215,.F.);
#3270 = FACE_BOUND('',#3271,.F.);
#3271 = EDGE_LOOP('',(#3272,#3295,#3296,#3319));
#3272 = ORIENTED_EDGE('',*,*,#3273,.F.);
#3273 = EDGE_CURVE('',#3198,#3274,#3276,.T.);
#3274 = VERTEX_POINT('',#3275);
#3275 = CARTESIAN_POINT('',(254.125,-1.5,6.));
#3276 = SURFACE_CURVE('',#3277,(#3281,#3288),.PCURVE_S1.);
#3277 = LINE('',#3278,#3279);
#3278 = CARTESIAN_POINT('',(251.875,-1.5,6.));
#3279 = VECTOR('',#3280,1.);
#3280 = DIRECTION('',(1.,0.,0.));
#3281 = PCURVE('',#3215,#3282);
#3282 = DEFINITIONAL_REPRESENTATION('',(#3283),#3287);
#3283 = LINE('',#3284,#3285);
#3284 = CARTESIAN_POINT('',(0.,0.));
#3285 = VECTOR('',#3286,1.);
#3286 = DIRECTION('',(0.,1.));
#3287 = ( GEOMETRIC_REPRESENTATION_CONTEXT(2) 
PARAMETRIC_REPRESENTATION_CONTEXT() REPRESENTATION_CONTEXT('2D SPACE',''
  ) );
#3288 = PCURVE('',#2556,#3289);
#3289 = DEFINITIONAL_REPRESENTATION('',(#3290),#3294);
#3290 = LINE('',#3291,#3292);
#3291 = CARTESIAN_POINT('',(0.,0.));
#3292 = VECTOR('',#3293,1.);
#3293 = DIRECTION('',(1.,0.));
#3294 = ( GEOMETRIC_REPRESENTATION_CONTEXT(2) 
PARAMETRIC_REPRESENTATION_CONTEXT() REPRESENTATION_CONTEXT('2D SPACE',''
  ) );
#3295 = ORIENTED_EDGE('',*,*,#3197,.T.);
#3296 = ORIENTED_EDGE('',*,*,#3297,.T.);
#3297 = EDGE_CURVE('',#3200,#3298,#3300,.T.);
#3298 = VERTEX_POINT('',#3299);
#3299 = CARTESIAN_POINT('',(254.125,-1.5,12.));
#3300 = SURFACE_CURVE('',#3301,(#3305,#3312),.PCURVE_S1.);
#3301 = LINE('',#3302,#3303);
#3302 = CARTESIAN_POINT('',(251.875,-1.5,12.));
#3303 = VECTOR('',#3304,1.);
#3304 = DIRECTION('',(1.,0.,0.));
#3305 = PCURVE('',#3215,#3306);
#3306 = DEFINITIONAL_REPRESENTATION('',(#3307),#3311);
#3307 = LINE('',#3308,#3309);
#3308 = CARTESIAN_POINT('',(6.,0.));
#3309 = VECTOR('',#3310,1.);
#3310 = DIRECTION('',(0.,1.));
#3311 = ( GEOMETRIC_REPRESENTATION_CONTEXT(2) 
PARAMETRIC_REPRESENTATION_CONTEXT() REPRESENTATION_CONTEXT('2D SPACE',''
  ) );
#3312 = PCURVE('',#3132,#3313);
#3313 = DEFINITIONAL_REPRESENTATION('',(#3314),#3318);
#3314 = LINE('',#3315,#3316);
#3315 = CARTESIAN_POINT('',(0.,0.));
#3316 = VECTOR('',#3317,1.);
#3317 = DIRECTION('',(1.,0.));
#3318 = ( GEOMETRIC_REPRESENTATION_CONTEXT(2) 
PARAMETRIC_REPRESENTATION_CONTEXT() REPRESENTATION_CONTEXT('2D SPACE',''
  ) );
#3319 = ORIENTED_EDGE('',*,*,#3320,.F.);
#3320 = EDGE_CURVE('',#3274,#3298,#3321,.T.);
#3321 = SURFACE_CURVE('',#3322,(#3326,#3333),.PCURVE_S1.);
#3322 = LINE('',#3323,#3324);
#3323 = CARTESIAN_POINT('',(254.125,-1.5,6.));
#3324 = VECTOR('',#3325,1.);
#3325 = DIRECTION('',(0.,0.,1.));
#3326 = PCURVE('',#3215,#3327);
#3327 = DEFINITIONAL_REPRESENTATION('',(#3328),#3332);
#3328 = LINE('',#3329,#3330);
#3329 = CARTESIAN_POINT('',(0.,2.25));
#3330 = VECTOR('',#3331,1.);
#3331 = DIRECTION('',(1.,0.));
#3332 = ( GEOMETRIC_REPRESENTATION_CONTEXT(2) 
PARAMETRIC_REPRESENTATION_CONTEXT() REPRESENTATION_CONTEXT('2D SPACE',''
  ) );
#3333 = PCURVE('',#3160,#3334);
#3334 = DEFINITIONAL_REPRESENTATION('',(#3335),#3339);
#3335 = LINE('',#3336,#3337);
#3336 = CARTESIAN_POINT('',(0.,0.));
#3337 = VECTOR('',#3338,1.);
#3338 = DIRECTION('',(1.,0.));
#3339 = ( GEOMETRIC_REPRESENTATION_CONTEXT(2) 
PARAMETRIC_REPRESENTATION_CONTEXT() REPRESENTATION_CONTEXT('2D SPACE',''
  ) );
#3340 = ADVANCED_FACE('',(#3341),#3132,.T.);
#3341 = FACE_BOUND('',#3342,.T.);
#3342 = EDGE_LOOP('',(#3343,#3344,#3345,#3366));
#3343 = ORIENTED_EDGE('',*,*,#3249,.F.);
#3344 = ORIENTED_EDGE('',*,*,#3297,.T.);
#3345 = ORIENTED_EDGE('',*,*,#3346,.T.);
#3346 = EDGE_CURVE('',#3298,#3117,#3347,.T.);
#3347 = SURFACE_CURVE('',#3348,(#3352,#3359),.PCURVE_S1.);
#3348 = LINE('',#3349,#3350);
#3349 = CARTESIAN_POINT('',(254.125,-1.5,12.));
#3350 = VECTOR('',#3351,1.);
#3351 = DIRECTION('',(0.,1.,0.));
#3352 = PCURVE('',#3132,#3353);
#3353 = DEFINITIONAL_REPRESENTATION('',(#3354),#3358);
#3354 = LINE('',#3355,#3356);
#3355 = CARTESIAN_POINT('',(2.25,0.));
#3356 = VECTOR('',#3357,1.);
#3357 = DIRECTION('',(0.,1.));
#3358 = ( GEOMETRIC_REPRESENTATION_CONTEXT(2) 
PARAMETRIC_REPRESENTATION_CONTEXT() REPRESENTATION_CONTEXT('2D SPACE',''
  ) );
#3359 = PCURVE('',#3160,#3360);
#3360 = DEFINITIONAL_REPRESENTATION('',(#3361),#3365);
#3361 = LINE('',#3362,#3363);
#3362 = CARTESIAN_POINT('',(6.,0.));
#3363 = VECTOR('',#3364,1.);
#3364 = DIRECTION('',(0.,-1.));
#3365 = ( GEOMETRIC_REPRESENTATION_CONTEXT(2) 
PARAMETRIC_REPRESENTATION_CONTEXT() REPRESENTATION_CONTEXT('2D SPACE',''
  ) );
#3366 = ORIENTED_EDGE('',*,*,#3116,.F.);
#3367 = ADVANCED_FACE('',(#3368),#3160,.T.);
#3368 = FACE_BOUND('',#3369,.T.);
#3369 = EDGE_LOOP('',(#3370,#3371,#3372,#3395,#3421));
#3370 = ORIENTED_EDGE('',*,*,#3346,.F.);
#3371 = ORIENTED_EDGE('',*,*,#3320,.F.);
#3372 = ORIENTED_EDGE('',*,*,#3373,.T.);
#3373 = EDGE_CURVE('',#3274,#3374,#3376,.T.);
#3374 = VERTEX_POINT('',#3375);
#3375 = CARTESIAN_POINT('',(254.125,-0.842606537235,6.));
#3376 = SURFACE_CURVE('',#3377,(#3381,#3388),.PCURVE_S1.);
#3377 = LINE('',#3378,#3379);
#3378 = CARTESIAN_POINT('',(254.125,-1.5,6.));
#3379 = VECTOR('',#3380,1.);
#3380 = DIRECTION('',(0.,1.,0.));
#3381 = PCURVE('',#3160,#3382);
#3382 = DEFINITIONAL_REPRESENTATION('',(#3383),#3387);
#3383 = LINE('',#3384,#3385);
#3384 = CARTESIAN_POINT('',(0.,0.));
#3385 = VECTOR('',#3386,1.);
#3386 = DIRECTION('',(0.,-1.));
#3387 = ( GEOMETRIC_REPRESENTATION_CONTEXT(2) 
PARAMETRIC_REPRESENTATION_CONTEXT() REPRESENTATION_CONTEXT('2D SPACE',''
  ) );
#3388 = PCURVE('',#2556,#3389);
#3389 = DEFINITIONAL_REPRESENTATION('',(#3390),#3394);
#3390 = LINE('',#3391,#3392);
#3391 = CARTESIAN_POINT('',(2.25,0.));
#3392 = VECTOR('',#3393,1.);
#3393 = DIRECTION('',(0.,1.));
#3394 = ( GEOMETRIC_REPRESENTATION_CONTEXT(2) 
PARAMETRIC_REPRESENTATION_CONTEXT() REPRESENTATION_CONTEXT('2D SPACE',''
  ) );
#3395 = ORIENTED_EDGE('',*,*,#3396,.T.);
#3396 = EDGE_CURVE('',#3374,#3145,#3397,.T.);
#3397 = SURFACE_CURVE('',#3398,(#3403,#3414),.PCURVE_S1.);
#3398 = CIRCLE('',#3399,7.125);
#3399 = AXIS2_PLACEMENT_3D('',#3400,#3401,#3402);
#3400 = CARTESIAN_POINT('',(254.125,3.,-3.330669073875E-16));
#3401 = DIRECTION('',(-1.,0.,0.));
#3402 = DIRECTION('',(0.,1.110223024625E-16,1.));
#3403 = PCURVE('',#3160,#3404);
#3404 = DEFINITIONAL_REPRESENTATION('',(#3405),#3413);
#3405 = ( BOUNDED_CURVE() B_SPLINE_CURVE(2,(#3406,#3407,#3408,#3409,
#3410,#3411,#3412),.UNSPECIFIED.,.T.,.F.) B_SPLINE_CURVE_WITH_KNOTS((1,2
    ,2,2,2,1),(-2.094395102393,0.,2.094395102393,4.188790204786,
6.28318530718,8.377580409573),.UNSPECIFIED.) CURVE() 
GEOMETRIC_REPRESENTATION_ITEM() RATIONAL_B_SPLINE_CURVE((1.,0.5,1.,0.5,
1.,0.5,1.)) REPRESENTATION_ITEM('') );
#3406 = CARTESIAN_POINT('',(1.125,-4.5));
#3407 = CARTESIAN_POINT('',(1.125,-16.84086200392));
#3408 = CARTESIAN_POINT('',(-9.5625,-10.67043100196));
#3409 = CARTESIAN_POINT('',(-20.25,-4.5));
#3410 = CARTESIAN_POINT('',(-9.5625,1.670431001964));
#3411 = CARTESIAN_POINT('',(1.125,7.840862003928));
#3412 = CARTESIAN_POINT('',(1.125,-4.5));
#3413 = ( GEOMETRIC_REPRESENTATION_CONTEXT(2) 
PARAMETRIC_REPRESENTATION_CONTEXT() REPRESENTATION_CONTEXT('2D SPACE',''
  ) );
#3414 = PCURVE('',#2228,#3415);
#3415 = DEFINITIONAL_REPRESENTATION('',(#3416),#3420);
#3416 = LINE('',#3417,#3418);
#3417 = CARTESIAN_POINT('',(-6.28318530718,-1.125));
#3418 = VECTOR('',#3419,1.);
#3419 = DIRECTION('',(1.,-0.));
#3420 = ( GEOMETRIC_REPRESENTATION_CONTEXT(2) 
PARAMETRIC_REPRESENTATION_CONTEXT() REPRESENTATION_CONTEXT('2D SPACE',''
  ) );
#3421 = ORIENTED_EDGE('',*,*,#3144,.T.);
#3422 = ADVANCED_FACE('',(#3423),#2420,.T.);
#3423 = FACE_BOUND('',#3424,.T.);
#3424 = EDGE_LOOP('',(#3425,#3426,#3427,#3428,#3429,#3450));
#3425 = ORIENTED_EDGE('',*,*,#3038,.F.);
#3426 = ORIENTED_EDGE('',*,*,#2888,.T.);
#3427 = ORIENTED_EDGE('',*,*,#2960,.T.);
#3428 = ORIENTED_EDGE('',*,*,#3013,.F.);
#3429 = ORIENTED_EDGE('',*,*,#3430,.T.);
#3430 = EDGE_CURVE('',#2986,#2381,#3431,.T.);
#3431 = SURFACE_CURVE('',#3432,(#3436,#3443),.PCURVE_S1.);
#3432 = LINE('',#3433,#3434);
#3433 = CARTESIAN_POINT('',(253.,6.,6.462632977355));
#3434 = VECTOR('',#3435,1.);
#3435 = DIRECTION('',(-1.,0.,-0.));
#3436 = PCURVE('',#2420,#3437);
#3437 = DEFINITIONAL_REPRESENTATION('',(#3438),#3442);
#3438 = LINE('',#3439,#3440);
#3439 = CARTESIAN_POINT('',(1.668404343295,1.125));
#3440 = VECTOR('',#3441,1.);
#3441 = DIRECTION('',(0.,-1.));
#3442 = ( GEOMETRIC_REPRESENTATION_CONTEXT(2) 
PARAMETRIC_REPRESENTATION_CONTEXT() REPRESENTATION_CONTEXT('2D SPACE',''
  ) );
#3443 = PCURVE('',#2228,#3444);
#3444 = DEFINITIONAL_REPRESENTATION('',(#3445),#3449);
#3445 = LINE('',#3446,#3447);
#3446 = CARTESIAN_POINT('',(-5.848579781572,0.));
#3447 = VECTOR('',#3448,1.);
#3448 = DIRECTION('',(-0.,1.));
#3449 = ( GEOMETRIC_REPRESENTATION_CONTEXT(2) 
PARAMETRIC_REPRESENTATION_CONTEXT() REPRESENTATION_CONTEXT('2D SPACE',''
  ) );
#3450 = ORIENTED_EDGE('',*,*,#2404,.F.);
#3451 = ADVANCED_FACE('',(#3452),#2556,.F.);
#3452 = FACE_BOUND('',#3453,.F.);
#3453 = EDGE_LOOP('',(#3454,#3455,#3456,#3457,#3458,#3479));
#3454 = ORIENTED_EDGE('',*,*,#3065,.F.);
#3455 = ORIENTED_EDGE('',*,*,#3227,.F.);
#3456 = ORIENTED_EDGE('',*,*,#3273,.T.);
#3457 = ORIENTED_EDGE('',*,*,#3373,.T.);
#3458 = ORIENTED_EDGE('',*,*,#3459,.T.);
#3459 = EDGE_CURVE('',#3374,#2541,#3460,.T.);
#3460 = SURFACE_CURVE('',#3461,(#3465,#3472),.PCURVE_S1.);
#3461 = LINE('',#3462,#3463);
#3462 = CARTESIAN_POINT('',(253.,-0.842606537235,6.));
#3463 = VECTOR('',#3464,1.);
#3464 = DIRECTION('',(-1.,0.,-0.));
#3465 = PCURVE('',#2556,#3466);
#3466 = DEFINITIONAL_REPRESENTATION('',(#3467),#3471);
#3467 = LINE('',#3468,#3469);
#3468 = CARTESIAN_POINT('',(1.125,0.657393462765));
#3469 = VECTOR('',#3470,1.);
#3470 = DIRECTION('',(-1.,0.));
#3471 = ( GEOMETRIC_REPRESENTATION_CONTEXT(2) 
PARAMETRIC_REPRESENTATION_CONTEXT() REPRESENTATION_CONTEXT('2D SPACE',''
  ) );
#3472 = PCURVE('',#2228,#3473);
#3473 = DEFINITIONAL_REPRESENTATION('',(#3474),#3478);
#3474 = LINE('',#3475,#3476);
#3475 = CARTESIAN_POINT('',(-0.569621319073,0.));
#3476 = VECTOR('',#3477,1.);
#3477 = DIRECTION('',(-0.,1.));
#3478 = ( GEOMETRIC_REPRESENTATION_CONTEXT(2) 
PARAMETRIC_REPRESENTATION_CONTEXT() REPRESENTATION_CONTEXT('2D SPACE',''
  ) );
#3479 = ORIENTED_EDGE('',*,*,#2540,.F.);
#3480 = ADVANCED_FACE('',(#3481),#2368,.F.);
#3481 = FACE_BOUND('',#3482,.F.);
#3482 = EDGE_LOOP('',(#3483,#3506,#3534,#3562,#3590,#3611));
#3483 = ORIENTED_EDGE('',*,*,#3484,.F.);
#3484 = EDGE_CURVE('',#3485,#2325,#3487,.T.);
#3485 = VERTEX_POINT('',#3486);
#3486 = CARTESIAN_POINT('',(251.875,6.29422863406,1.5));
#3487 = SURFACE_CURVE('',#3488,(#3492,#3499),.PCURVE_S1.);
#3488 = LINE('',#3489,#3490);
#3489 = CARTESIAN_POINT('',(251.875,6.29422863406,1.5));
#3490 = VECTOR('',#3491,1.);
#3491 = DIRECTION('',(1.,0.,0.));
#3492 = PCURVE('',#2368,#3493);
#3493 = DEFINITIONAL_REPRESENTATION('',(#3494),#3498);
#3494 = LINE('',#3495,#3496);
#3495 = CARTESIAN_POINT('',(0.,0.));
#3496 = VECTOR('',#3497,1.);
#3497 = DIRECTION('',(0.,1.));
#3498 = ( GEOMETRIC_REPRESENTATION_CONTEXT(2) 
PARAMETRIC_REPRESENTATION_CONTEXT() REPRESENTATION_CONTEXT('2D SPACE',''
  ) );
#3499 = PCURVE('',#2340,#3500);
#3500 = DEFINITIONAL_REPRESENTATION('',(#3501),#3505);
#3501 = LINE('',#3502,#3503);
#3502 = CARTESIAN_POINT('',(0.,0.));
#3503 = VECTOR('',#3504,1.);
#3504 = DIRECTION('',(1.,0.));
#3505 = ( GEOMETRIC_REPRESENTATION_CONTEXT(2) 
PARAMETRIC_REPRESENTATION_CONTEXT() REPRESENTATION_CONTEXT('2D SPACE',''
  ) );
#3506 = ORIENTED_EDGE('',*,*,#3507,.T.);
#3507 = EDGE_CURVE('',#3485,#3508,#3510,.T.);
#3508 = VERTEX_POINT('',#3509);
#3509 = CARTESIAN_POINT('',(251.875,6.29422863406,7.5));
#3510 = SURFACE_CURVE('',#3511,(#3515,#3522),.PCURVE_S1.);
#3511 = LINE('',#3512,#3513);
#3512 = CARTESIAN_POINT('',(251.875,6.29422863406,1.5));
#3513 = VECTOR('',#3514,1.);
#3514 = DIRECTION('',(0.,0.,1.));
#3515 = PCURVE('',#2368,#3516);
#3516 = DEFINITIONAL_REPRESENTATION('',(#3517),#3521);
#3517 = LINE('',#3518,#3519);
#3518 = CARTESIAN_POINT('',(0.,0.));
#3519 = VECTOR('',#3520,1.);
#3520 = DIRECTION('',(1.,0.));
#3521 = ( GEOMETRIC_REPRESENTATION_CONTEXT(2) 
PARAMETRIC_REPRESENTATION_CONTEXT() REPRESENTATION_CONTEXT('2D SPACE',''
  ) );
#3522 = PCURVE('',#3523,#3528);
#3523 = PLANE('',#3524);
#3524 = AXIS2_PLACEMENT_3D('',#3525,#3526,#3527);
#3525 = CARTESIAN_POINT('',(251.875,6.29422863406,-7.5));
#3526 = DIRECTION('',(1.,0.,0.));
#3527 = DIRECTION('',(0.,0.,1.));
#3528 = DEFINITIONAL_REPRESENTATION('',(#3529),#3533);
#3529 = LINE('',#3530,#3531);
#3530 = CARTESIAN_POINT('',(9.,-2.6645352591E-15));
#3531 = VECTOR('',#3532,1.);
#3532 = DIRECTION('',(1.,0.));
#3533 = ( GEOMETRIC_REPRESENTATION_CONTEXT(2) 
PARAMETRIC_REPRESENTATION_CONTEXT() REPRESENTATION_CONTEXT('2D SPACE',''
  ) );
#3534 = ORIENTED_EDGE('',*,*,#3535,.T.);
#3535 = EDGE_CURVE('',#3508,#3536,#3538,.T.);
#3536 = VERTEX_POINT('',#3537);
#3537 = CARTESIAN_POINT('',(254.125,6.29422863406,7.5));
#3538 = SURFACE_CURVE('',#3539,(#3543,#3550),.PCURVE_S1.);
#3539 = LINE('',#3540,#3541);
#3540 = CARTESIAN_POINT('',(251.875,6.29422863406,7.5));
#3541 = VECTOR('',#3542,1.);
#3542 = DIRECTION('',(1.,0.,0.));
#3543 = PCURVE('',#2368,#3544);
#3544 = DEFINITIONAL_REPRESENTATION('',(#3545),#3549);
#3545 = LINE('',#3546,#3547);
#3546 = CARTESIAN_POINT('',(6.,0.));
#3547 = VECTOR('',#3548,1.);
#3548 = DIRECTION('',(0.,1.));
#3549 = ( GEOMETRIC_REPRESENTATION_CONTEXT(2) 
PARAMETRIC_REPRESENTATION_CONTEXT() REPRESENTATION_CONTEXT('2D SPACE',''
  ) );
#3550 = PCURVE('',#3551,#3556);
#3551 = PLANE('',#3552);
#3552 = AXIS2_PLACEMENT_3D('',#3553,#3554,#3555);
#3553 = CARTESIAN_POINT('',(251.875,6.29422863406,7.5));
#3554 = DIRECTION('',(0.,0.,1.));
#3555 = DIRECTION('',(1.,0.,0.));
#3556 = DEFINITIONAL_REPRESENTATION('',(#3557),#3561);
#3557 = LINE('',#3558,#3559);
#3558 = CARTESIAN_POINT('',(0.,0.));
#3559 = VECTOR('',#3560,1.);
#3560 = DIRECTION('',(1.,0.));
#3561 = ( GEOMETRIC_REPRESENTATION_CONTEXT(2) 
PARAMETRIC_REPRESENTATION_CONTEXT() REPRESENTATION_CONTEXT('2D SPACE',''
  ) );
#3562 = ORIENTED_EDGE('',*,*,#3563,.F.);
#3563 = EDGE_CURVE('',#3564,#3536,#3566,.T.);
#3564 = VERTEX_POINT('',#3565);
#3565 = CARTESIAN_POINT('',(254.125,6.29422863406,6.317727653717));
#3566 = SURFACE_CURVE('',#3567,(#3571,#3578),.PCURVE_S1.);
#3567 = LINE('',#3568,#3569);
#3568 = CARTESIAN_POINT('',(254.125,6.29422863406,1.5));
#3569 = VECTOR('',#3570,1.);
#3570 = DIRECTION('',(0.,0.,1.));
#3571 = PCURVE('',#2368,#3572);
#3572 = DEFINITIONAL_REPRESENTATION('',(#3573),#3577);
#3573 = LINE('',#3574,#3575);
#3574 = CARTESIAN_POINT('',(0.,2.25));
#3575 = VECTOR('',#3576,1.);
#3576 = DIRECTION('',(1.,0.));
#3577 = ( GEOMETRIC_REPRESENTATION_CONTEXT(2) 
PARAMETRIC_REPRESENTATION_CONTEXT() REPRESENTATION_CONTEXT('2D SPACE',''
  ) );
#3578 = PCURVE('',#3579,#3584);
#3579 = PLANE('',#3580);
#3580 = AXIS2_PLACEMENT_3D('',#3581,#3582,#3583);
#3581 = CARTESIAN_POINT('',(254.125,6.29422863406,1.5));
#3582 = DIRECTION('',(1.,0.,0.));
#3583 = DIRECTION('',(0.,0.,1.));
#3584 = DEFINITIONAL_REPRESENTATION('',(#3585),#3589);
#3585 = LINE('',#3586,#3587);
#3586 = CARTESIAN_POINT('',(0.,0.));
#3587 = VECTOR('',#3588,1.);
#3588 = DIRECTION('',(1.,0.));
#3589 = ( GEOMETRIC_REPRESENTATION_CONTEXT(2) 
PARAMETRIC_REPRESENTATION_CONTEXT() REPRESENTATION_CONTEXT('2D SPACE',''
  ) );
#3590 = ORIENTED_EDGE('',*,*,#3591,.T.);
#3591 = EDGE_CURVE('',#3564,#2353,#3592,.T.);
#3592 = SURFACE_CURVE('',#3593,(#3597,#3604),.PCURVE_S1.);
#3593 = LINE('',#3594,#3595);
#3594 = CARTESIAN_POINT('',(253.,6.29422863406,6.317727653717));
#3595 = VECTOR('',#3596,1.);
#3596 = DIRECTION('',(-1.,0.,-0.));
#3597 = PCURVE('',#2368,#3598);
#3598 = DEFINITIONAL_REPRESENTATION('',(#3599),#3603);
#3599 = LINE('',#3600,#3601);
#3600 = CARTESIAN_POINT('',(4.817727653717,1.125));
#3601 = VECTOR('',#3602,1.);
#3602 = DIRECTION('',(0.,-1.));
#3603 = ( GEOMETRIC_REPRESENTATION_CONTEXT(2) 
PARAMETRIC_REPRESENTATION_CONTEXT() REPRESENTATION_CONTEXT('2D SPACE',''
  ) );
#3604 = PCURVE('',#2228,#3605);
#3605 = DEFINITIONAL_REPRESENTATION('',(#3606),#3610);
#3606 = LINE('',#3607,#3608);
#3607 = CARTESIAN_POINT('',(-5.802544043184,0.));
#3608 = VECTOR('',#3609,1.);
#3609 = DIRECTION('',(-0.,1.));
#3610 = ( GEOMETRIC_REPRESENTATION_CONTEXT(2) 
PARAMETRIC_REPRESENTATION_CONTEXT() REPRESENTATION_CONTEXT('2D SPACE',''
  ) );
#3611 = ORIENTED_EDGE('',*,*,#2352,.F.);
#3612 = ADVANCED_FACE('',(#3613),#3523,.F.);
#3613 = FACE_BOUND('',#3614,.F.);
#3614 = EDGE_LOOP('',(#3615,#3640,#3663,#3691,#3719,#3747,#3775,#3803,
    #3831,#3852,#3853,#3876));
#3615 = ORIENTED_EDGE('',*,*,#3616,.F.);
#3616 = EDGE_CURVE('',#3617,#3619,#3621,.T.);
#3617 = VERTEX_POINT('',#3618);
#3618 = CARTESIAN_POINT('',(251.875,6.29422863406,-1.5));
#3619 = VERTEX_POINT('',#3620);
#3620 = CARTESIAN_POINT('',(251.875,7.5,-1.5));
#3621 = SURFACE_CURVE('',#3622,(#3626,#3633),.PCURVE_S1.);
#3622 = LINE('',#3623,#3624);
#3623 = CARTESIAN_POINT('',(251.875,6.29422863406,-1.5));
#3624 = VECTOR('',#3625,1.);
#3625 = DIRECTION('',(0.,1.,0.));
#3626 = PCURVE('',#3523,#3627);
#3627 = DEFINITIONAL_REPRESENTATION('',(#3628),#3632);
#3628 = LINE('',#3629,#3630);
#3629 = CARTESIAN_POINT('',(6.,0.));
#3630 = VECTOR('',#3631,1.);
#3631 = DIRECTION('',(0.,-1.));
#3632 = ( GEOMETRIC_REPRESENTATION_CONTEXT(2) 
PARAMETRIC_REPRESENTATION_CONTEXT() REPRESENTATION_CONTEXT('2D SPACE',''
  ) );
#3633 = PCURVE('',#2284,#3634);
#3634 = DEFINITIONAL_REPRESENTATION('',(#3635),#3639);
#3635 = LINE('',#3636,#3637);
#3636 = CARTESIAN_POINT('',(0.,0.));
#3637 = VECTOR('',#3638,1.);
#3638 = DIRECTION('',(0.,1.));
#3639 = ( GEOMETRIC_REPRESENTATION_CONTEXT(2) 
PARAMETRIC_REPRESENTATION_CONTEXT() REPRESENTATION_CONTEXT('2D SPACE',''
  ) );
#3640 = ORIENTED_EDGE('',*,*,#3641,.F.);
#3641 = EDGE_CURVE('',#3642,#3617,#3644,.T.);
#3642 = VERTEX_POINT('',#3643);
#3643 = CARTESIAN_POINT('',(251.875,6.29422863406,-7.5));
#3644 = SURFACE_CURVE('',#3645,(#3649,#3656),.PCURVE_S1.);
#3645 = LINE('',#3646,#3647);
#3646 = CARTESIAN_POINT('',(251.875,6.29422863406,-7.5));
#3647 = VECTOR('',#3648,1.);
#3648 = DIRECTION('',(0.,0.,1.));
#3649 = PCURVE('',#3523,#3650);
#3650 = DEFINITIONAL_REPRESENTATION('',(#3651),#3655);
#3651 = LINE('',#3652,#3653);
#3652 = CARTESIAN_POINT('',(0.,0.));
#3653 = VECTOR('',#3654,1.);
#3654 = DIRECTION('',(1.,0.));
#3655 = ( GEOMETRIC_REPRESENTATION_CONTEXT(2) 
PARAMETRIC_REPRESENTATION_CONTEXT() REPRESENTATION_CONTEXT('2D SPACE',''
  ) );
#3656 = PCURVE('',#2256,#3657);
#3657 = DEFINITIONAL_REPRESENTATION('',(#3658),#3662);
#3658 = LINE('',#3659,#3660);
#3659 = CARTESIAN_POINT('',(0.,0.));
#3660 = VECTOR('',#3661,1.);
#3661 = DIRECTION('',(1.,0.));
#3662 = ( GEOMETRIC_REPRESENTATION_CONTEXT(2) 
PARAMETRIC_REPRESENTATION_CONTEXT() REPRESENTATION_CONTEXT('2D SPACE',''
  ) );
#3663 = ORIENTED_EDGE('',*,*,#3664,.T.);
#3664 = EDGE_CURVE('',#3642,#3665,#3667,.T.);
#3665 = VERTEX_POINT('',#3666);
#3666 = CARTESIAN_POINT('',(251.875,9.29422863406,-7.5));
#3667 = SURFACE_CURVE('',#3668,(#3672,#3679),.PCURVE_S1.);
#3668 = LINE('',#3669,#3670);
#3669 = CARTESIAN_POINT('',(251.875,6.29422863406,-7.5));
#3670 = VECTOR('',#3671,1.);
#3671 = DIRECTION('',(0.,1.,0.));
#3672 = PCURVE('',#3523,#3673);
#3673 = DEFINITIONAL_REPRESENTATION('',(#3674),#3678);
#3674 = LINE('',#3675,#3676);
#3675 = CARTESIAN_POINT('',(0.,0.));
#3676 = VECTOR('',#3677,1.);
#3677 = DIRECTION('',(0.,-1.));
#3678 = ( GEOMETRIC_REPRESENTATION_CONTEXT(2) 
PARAMETRIC_REPRESENTATION_CONTEXT() REPRESENTATION_CONTEXT('2D SPACE',''
  ) );
#3679 = PCURVE('',#3680,#3685);
#3680 = PLANE('',#3681);
#3681 = AXIS2_PLACEMENT_3D('',#3682,#3683,#3684);
#3682 = CARTESIAN_POINT('',(251.875,6.29422863406,-7.5));
#3683 = DIRECTION('',(0.,0.,1.));
#3684 = DIRECTION('',(1.,0.,0.));
#3685 = DEFINITIONAL_REPRESENTATION('',(#3686),#3690);
#3686 = LINE('',#3687,#3688);
#3687 = CARTESIAN_POINT('',(0.,0.));
#3688 = VECTOR('',#3689,1.);
#3689 = DIRECTION('',(0.,1.));
#3690 = ( GEOMETRIC_REPRESENTATION_CONTEXT(2) 
PARAMETRIC_REPRESENTATION_CONTEXT() REPRESENTATION_CONTEXT('2D SPACE',''
  ) );
#3691 = ORIENTED_EDGE('',*,*,#3692,.T.);
#3692 = EDGE_CURVE('',#3665,#3693,#3695,.T.);
#3693 = VERTEX_POINT('',#3694);
#3694 = CARTESIAN_POINT('',(251.875,9.29422863406,-3.));
#3695 = SURFACE_CURVE('',#3696,(#3700,#3707),.PCURVE_S1.);
#3696 = LINE('',#3697,#3698);
#3697 = CARTESIAN_POINT('',(251.875,9.29422863406,-7.5));
#3698 = VECTOR('',#3699,1.);
#3699 = DIRECTION('',(0.,0.,1.));
#3700 = PCURVE('',#3523,#3701);
#3701 = DEFINITIONAL_REPRESENTATION('',(#3702),#3706);
#3702 = LINE('',#3703,#3704);
#3703 = CARTESIAN_POINT('',(0.,-3.));
#3704 = VECTOR('',#3705,1.);
#3705 = DIRECTION('',(1.,0.));
#3706 = ( GEOMETRIC_REPRESENTATION_CONTEXT(2) 
PARAMETRIC_REPRESENTATION_CONTEXT() REPRESENTATION_CONTEXT('2D SPACE',''
  ) );
#3707 = PCURVE('',#3708,#3713);
#3708 = PLANE('',#3709);
#3709 = AXIS2_PLACEMENT_3D('',#3710,#3711,#3712);
#3710 = CARTESIAN_POINT('',(251.875,9.29422863406,-7.5));
#3711 = DIRECTION('',(0.,1.,0.));
#3712 = DIRECTION('',(0.,0.,1.));
#3713 = DEFINITIONAL_REPRESENTATION('',(#3714),#3718);
#3714 = LINE('',#3715,#3716);
#3715 = CARTESIAN_POINT('',(0.,0.));
#3716 = VECTOR('',#3717,1.);
#3717 = DIRECTION('',(1.,0.));
#3718 = ( GEOMETRIC_REPRESENTATION_CONTEXT(2) 
PARAMETRIC_REPRESENTATION_CONTEXT() REPRESENTATION_CONTEXT('2D SPACE',''
  ) );
#3719 = ORIENTED_EDGE('',*,*,#3720,.T.);
#3720 = EDGE_CURVE('',#3693,#3721,#3723,.T.);
#3721 = VERTEX_POINT('',#3722);
#3722 = CARTESIAN_POINT('',(251.875,10.5,-3.));
#3723 = SURFACE_CURVE('',#3724,(#3728,#3735),.PCURVE_S1.);
#3724 = LINE('',#3725,#3726);
#3725 = CARTESIAN_POINT('',(251.875,7.5,-3.));
#3726 = VECTOR('',#3727,1.);
#3727 = DIRECTION('',(0.,1.,0.));
#3728 = PCURVE('',#3523,#3729);
#3729 = DEFINITIONAL_REPRESENTATION('',(#3730),#3734);
#3730 = LINE('',#3731,#3732);
#3731 = CARTESIAN_POINT('',(4.5,-1.20577136594));
#3732 = VECTOR('',#3733,1.);
#3733 = DIRECTION('',(0.,-1.));
#3734 = ( GEOMETRIC_REPRESENTATION_CONTEXT(2) 
PARAMETRIC_REPRESENTATION_CONTEXT() REPRESENTATION_CONTEXT('2D SPACE',''
  ) );
#3735 = PCURVE('',#3736,#3741);
#3736 = PLANE('',#3737);
#3737 = AXIS2_PLACEMENT_3D('',#3738,#3739,#3740);
#3738 = CARTESIAN_POINT('',(251.875,7.5,-3.));
#3739 = DIRECTION('',(0.,0.,1.));
#3740 = DIRECTION('',(1.,0.,0.));
#3741 = DEFINITIONAL_REPRESENTATION('',(#3742),#3746);
#3742 = LINE('',#3743,#3744);
#3743 = CARTESIAN_POINT('',(0.,0.));
#3744 = VECTOR('',#3745,1.);
#3745 = DIRECTION('',(0.,1.));
#3746 = ( GEOMETRIC_REPRESENTATION_CONTEXT(2) 
PARAMETRIC_REPRESENTATION_CONTEXT() REPRESENTATION_CONTEXT('2D SPACE',''
  ) );
#3747 = ORIENTED_EDGE('',*,*,#3748,.T.);
#3748 = EDGE_CURVE('',#3721,#3749,#3751,.T.);
#3749 = VERTEX_POINT('',#3750);
#3750 = CARTESIAN_POINT('',(251.875,10.5,3.));
#3751 = SURFACE_CURVE('',#3752,(#3756,#3763),.PCURVE_S1.);
#3752 = LINE('',#3753,#3754);
#3753 = CARTESIAN_POINT('',(251.875,10.5,-3.));
#3754 = VECTOR('',#3755,1.);
#3755 = DIRECTION('',(0.,0.,1.));
#3756 = PCURVE('',#3523,#3757);
#3757 = DEFINITIONAL_REPRESENTATION('',(#3758),#3762);
#3758 = LINE('',#3759,#3760);
#3759 = CARTESIAN_POINT('',(4.5,-4.20577136594));
#3760 = VECTOR('',#3761,1.);
#3761 = DIRECTION('',(1.,0.));
#3762 = ( GEOMETRIC_REPRESENTATION_CONTEXT(2) 
PARAMETRIC_REPRESENTATION_CONTEXT() REPRESENTATION_CONTEXT('2D SPACE',''
  ) );
#3763 = PCURVE('',#3764,#3769);
#3764 = PLANE('',#3765);
#3765 = AXIS2_PLACEMENT_3D('',#3766,#3767,#3768);
#3766 = CARTESIAN_POINT('',(251.875,10.5,-3.));
#3767 = DIRECTION('',(0.,1.,0.));
#3768 = DIRECTION('',(0.,0.,1.));
#3769 = DEFINITIONAL_REPRESENTATION('',(#3770),#3774);
#3770 = LINE('',#3771,#3772);
#3771 = CARTESIAN_POINT('',(0.,0.));
#3772 = VECTOR('',#3773,1.);
#3773 = DIRECTION('',(1.,0.));
#3774 = ( GEOMETRIC_REPRESENTATION_CONTEXT(2) 
PARAMETRIC_REPRESENTATION_CONTEXT() REPRESENTATION_CONTEXT('2D SPACE',''
  ) );
#3775 = ORIENTED_EDGE('',*,*,#3776,.F.);
#3776 = EDGE_CURVE('',#3777,#3749,#3779,.T.);
#3777 = VERTEX_POINT('',#3778);
#3778 = CARTESIAN_POINT('',(251.875,9.29422863406,3.));
#3779 = SURFACE_CURVE('',#3780,(#3784,#3791),.PCURVE_S1.);
#3780 = LINE('',#3781,#3782);
#3781 = CARTESIAN_POINT('',(251.875,7.5,3.));
#3782 = VECTOR('',#3783,1.);
#3783 = DIRECTION('',(0.,1.,0.));
#3784 = PCURVE('',#3523,#3785);
#3785 = DEFINITIONAL_REPRESENTATION('',(#3786),#3790);
#3786 = LINE('',#3787,#3788);
#3787 = CARTESIAN_POINT('',(10.5,-1.20577136594));
#3788 = VECTOR('',#3789,1.);
#3789 = DIRECTION('',(0.,-1.));
#3790 = ( GEOMETRIC_REPRESENTATION_CONTEXT(2) 
PARAMETRIC_REPRESENTATION_CONTEXT() REPRESENTATION_CONTEXT('2D SPACE',''
  ) );
#3791 = PCURVE('',#3792,#3797);
#3792 = PLANE('',#3793);
#3793 = AXIS2_PLACEMENT_3D('',#3794,#3795,#3796);
#3794 = CARTESIAN_POINT('',(251.875,7.5,3.));
#3795 = DIRECTION('',(0.,0.,1.));
#3796 = DIRECTION('',(1.,0.,0.));
#3797 = DEFINITIONAL_REPRESENTATION('',(#3798),#3802);
#3798 = LINE('',#3799,#3800);
#3799 = CARTESIAN_POINT('',(0.,0.));
#3800 = VECTOR('',#3801,1.);
#3801 = DIRECTION('',(0.,1.));
#3802 = ( GEOMETRIC_REPRESENTATION_CONTEXT(2) 
PARAMETRIC_REPRESENTATION_CONTEXT() REPRESENTATION_CONTEXT('2D SPACE',''
  ) );
#3803 = ORIENTED_EDGE('',*,*,#3804,.T.);
#3804 = EDGE_CURVE('',#3777,#3805,#3807,.T.);
#3805 = VERTEX_POINT('',#3806);
#3806 = CARTESIAN_POINT('',(251.875,9.29422863406,7.5));
#3807 = SURFACE_CURVE('',#3808,(#3812,#3819),.PCURVE_S1.);
#3808 = LINE('',#3809,#3810);
#3809 = CARTESIAN_POINT('',(251.875,9.29422863406,1.5));
#3810 = VECTOR('',#3811,1.);
#3811 = DIRECTION('',(0.,0.,1.));
#3812 = PCURVE('',#3523,#3813);
#3813 = DEFINITIONAL_REPRESENTATION('',(#3814),#3818);
#3814 = LINE('',#3815,#3816);
#3815 = CARTESIAN_POINT('',(9.,-3.));
#3816 = VECTOR('',#3817,1.);
#3817 = DIRECTION('',(1.,0.));
#3818 = ( GEOMETRIC_REPRESENTATION_CONTEXT(2) 
PARAMETRIC_REPRESENTATION_CONTEXT() REPRESENTATION_CONTEXT('2D SPACE',''
  ) );
#3819 = PCURVE('',#3820,#3825);
#3820 = PLANE('',#3821);
#3821 = AXIS2_PLACEMENT_3D('',#3822,#3823,#3824);
#3822 = CARTESIAN_POINT('',(251.875,9.29422863406,1.5));
#3823 = DIRECTION('',(0.,1.,0.));
#3824 = DIRECTION('',(0.,0.,1.));
#3825 = DEFINITIONAL_REPRESENTATION('',(#3826),#3830);
#3826 = LINE('',#3827,#3828);
#3827 = CARTESIAN_POINT('',(0.,0.));
#3828 = VECTOR('',#3829,1.);
#3829 = DIRECTION('',(1.,0.));
#3830 = ( GEOMETRIC_REPRESENTATION_CONTEXT(2) 
PARAMETRIC_REPRESENTATION_CONTEXT() REPRESENTATION_CONTEXT('2D SPACE',''
  ) );
#3831 = ORIENTED_EDGE('',*,*,#3832,.F.);
#3832 = EDGE_CURVE('',#3508,#3805,#3833,.T.);
#3833 = SURFACE_CURVE('',#3834,(#3838,#3845),.PCURVE_S1.);
#3834 = LINE('',#3835,#3836);
#3835 = CARTESIAN_POINT('',(251.875,6.29422863406,7.5));
#3836 = VECTOR('',#3837,1.);
#3837 = DIRECTION('',(0.,1.,0.));
#3838 = PCURVE('',#3523,#3839);
#3839 = DEFINITIONAL_REPRESENTATION('',(#3840),#3844);
#3840 = LINE('',#3841,#3842);
#3841 = CARTESIAN_POINT('',(15.,-2.6645352591E-15));
#3842 = VECTOR('',#3843,1.);
#3843 = DIRECTION('',(0.,-1.));
#3844 = ( GEOMETRIC_REPRESENTATION_CONTEXT(2) 
PARAMETRIC_REPRESENTATION_CONTEXT() REPRESENTATION_CONTEXT('2D SPACE',''
  ) );
#3845 = PCURVE('',#3551,#3846);
#3846 = DEFINITIONAL_REPRESENTATION('',(#3847),#3851);
#3847 = LINE('',#3848,#3849);
#3848 = CARTESIAN_POINT('',(0.,0.));
#3849 = VECTOR('',#3850,1.);
#3850 = DIRECTION('',(0.,1.));
#3851 = ( GEOMETRIC_REPRESENTATION_CONTEXT(2) 
PARAMETRIC_REPRESENTATION_CONTEXT() REPRESENTATION_CONTEXT('2D SPACE',''
  ) );
#3852 = ORIENTED_EDGE('',*,*,#3507,.F.);
#3853 = ORIENTED_EDGE('',*,*,#3854,.T.);
#3854 = EDGE_CURVE('',#3485,#3855,#3857,.T.);
#3855 = VERTEX_POINT('',#3856);
#3856 = CARTESIAN_POINT('',(251.875,7.5,1.5));
#3857 = SURFACE_CURVE('',#3858,(#3862,#3869),.PCURVE_S1.);
#3858 = LINE('',#3859,#3860);
#3859 = CARTESIAN_POINT('',(251.875,6.29422863406,1.5));
#3860 = VECTOR('',#3861,1.);
#3861 = DIRECTION('',(0.,1.,0.));
#3862 = PCURVE('',#3523,#3863);
#3863 = DEFINITIONAL_REPRESENTATION('',(#3864),#3868);
#3864 = LINE('',#3865,#3866);
#3865 = CARTESIAN_POINT('',(9.,-2.6645352591E-15));
#3866 = VECTOR('',#3867,1.);
#3867 = DIRECTION('',(0.,-1.));
#3868 = ( GEOMETRIC_REPRESENTATION_CONTEXT(2) 
PARAMETRIC_REPRESENTATION_CONTEXT() REPRESENTATION_CONTEXT('2D SPACE',''
  ) );
#3869 = PCURVE('',#2340,#3870);
#3870 = DEFINITIONAL_REPRESENTATION('',(#3871),#3875);
#3871 = LINE('',#3872,#3873);
#3872 = CARTESIAN_POINT('',(0.,0.));
#3873 = VECTOR('',#3874,1.);
#3874 = DIRECTION('',(0.,1.));
#3875 = ( GEOMETRIC_REPRESENTATION_CONTEXT(2) 
PARAMETRIC_REPRESENTATION_CONTEXT() REPRESENTATION_CONTEXT('2D SPACE',''
  ) );
#3876 = ORIENTED_EDGE('',*,*,#3877,.F.);
#3877 = EDGE_CURVE('',#3619,#3855,#3878,.T.);
#3878 = SURFACE_CURVE('',#3879,(#3883,#3890),.PCURVE_S1.);
#3879 = LINE('',#3880,#3881);
#3880 = CARTESIAN_POINT('',(251.875,7.5,-3.));
#3881 = VECTOR('',#3882,1.);
#3882 = DIRECTION('',(0.,0.,1.));
#3883 = PCURVE('',#3523,#3884);
#3884 = DEFINITIONAL_REPRESENTATION('',(#3885),#3889);
#3885 = LINE('',#3886,#3887);
#3886 = CARTESIAN_POINT('',(4.5,-1.20577136594));
#3887 = VECTOR('',#3888,1.);
#3888 = DIRECTION('',(1.,0.));
#3889 = ( GEOMETRIC_REPRESENTATION_CONTEXT(2) 
PARAMETRIC_REPRESENTATION_CONTEXT() REPRESENTATION_CONTEXT('2D SPACE',''
  ) );
#3890 = PCURVE('',#2312,#3891);
#3891 = DEFINITIONAL_REPRESENTATION('',(#3892),#3896);
#3892 = LINE('',#3893,#3894);
#3893 = CARTESIAN_POINT('',(0.,0.));
#3894 = VECTOR('',#3895,1.);
#3895 = DIRECTION('',(1.,0.));
#3896 = ( GEOMETRIC_REPRESENTATION_CONTEXT(2) 
PARAMETRIC_REPRESENTATION_CONTEXT() REPRESENTATION_CONTEXT('2D SPACE',''
  ) );
#3897 = ADVANCED_FACE('',(#3898),#3820,.T.);
#3898 = FACE_BOUND('',#3899,.T.);
#3899 = EDGE_LOOP('',(#3900,#3925,#3948,#3976,#3997,#3998));
#3900 = ORIENTED_EDGE('',*,*,#3901,.F.);
#3901 = EDGE_CURVE('',#3902,#3904,#3906,.T.);
#3902 = VERTEX_POINT('',#3903);
#3903 = CARTESIAN_POINT('',(254.125,9.29422863406,3.338908639388));
#3904 = VERTEX_POINT('',#3905);
#3905 = CARTESIAN_POINT('',(254.125,9.29422863406,7.5));
#3906 = SURFACE_CURVE('',#3907,(#3911,#3918),.PCURVE_S1.);
#3907 = LINE('',#3908,#3909);
#3908 = CARTESIAN_POINT('',(254.125,9.29422863406,1.5));
#3909 = VECTOR('',#3910,1.);
#3910 = DIRECTION('',(0.,0.,1.));
#3911 = PCURVE('',#3820,#3912);
#3912 = DEFINITIONAL_REPRESENTATION('',(#3913),#3917);
#3913 = LINE('',#3914,#3915);
#3914 = CARTESIAN_POINT('',(0.,2.25));
#3915 = VECTOR('',#3916,1.);
#3916 = DIRECTION('',(1.,0.));
#3917 = ( GEOMETRIC_REPRESENTATION_CONTEXT(2) 
PARAMETRIC_REPRESENTATION_CONTEXT() REPRESENTATION_CONTEXT('2D SPACE',''
  ) );
#3918 = PCURVE('',#3579,#3919);
#3919 = DEFINITIONAL_REPRESENTATION('',(#3920),#3924);
#3920 = LINE('',#3921,#3922);
#3921 = CARTESIAN_POINT('',(0.,-3.));
#3922 = VECTOR('',#3923,1.);
#3923 = DIRECTION('',(1.,0.));
#3924 = ( GEOMETRIC_REPRESENTATION_CONTEXT(2) 
PARAMETRIC_REPRESENTATION_CONTEXT() REPRESENTATION_CONTEXT('2D SPACE',''
  ) );
#3925 = ORIENTED_EDGE('',*,*,#3926,.T.);
#3926 = EDGE_CURVE('',#3902,#3927,#3929,.T.);
#3927 = VERTEX_POINT('',#3928);
#3928 = CARTESIAN_POINT('',(253.,9.29422863406,3.338908639388));
#3929 = SURFACE_CURVE('',#3930,(#3934,#3941),.PCURVE_S1.);
#3930 = LINE('',#3931,#3932);
#3931 = CARTESIAN_POINT('',(253.,9.29422863406,3.338908639388));
#3932 = VECTOR('',#3933,1.);
#3933 = DIRECTION('',(-1.,0.,-0.));
#3934 = PCURVE('',#3820,#3935);
#3935 = DEFINITIONAL_REPRESENTATION('',(#3936),#3940);
#3936 = LINE('',#3937,#3938);
#3937 = CARTESIAN_POINT('',(1.838908639388,1.125));
#3938 = VECTOR('',#3939,1.);
#3939 = DIRECTION('',(0.,-1.));
#3940 = ( GEOMETRIC_REPRESENTATION_CONTEXT(2) 
PARAMETRIC_REPRESENTATION_CONTEXT() REPRESENTATION_CONTEXT('2D SPACE',''
  ) );
#3941 = PCURVE('',#2228,#3942);
#3942 = DEFINITIONAL_REPRESENTATION('',(#3943),#3947);
#3943 = LINE('',#3944,#3945);
#3944 = CARTESIAN_POINT('',(-5.200115555714,0.));
#3945 = VECTOR('',#3946,1.);
#3946 = DIRECTION('',(-0.,1.));
#3947 = ( GEOMETRIC_REPRESENTATION_CONTEXT(2) 
PARAMETRIC_REPRESENTATION_CONTEXT() REPRESENTATION_CONTEXT('2D SPACE',''
  ) );
#3948 = ORIENTED_EDGE('',*,*,#3949,.F.);
#3949 = EDGE_CURVE('',#3950,#3927,#3952,.T.);
#3950 = VERTEX_POINT('',#3951);
#3951 = CARTESIAN_POINT('',(253.,9.29422863406,3.));
#3952 = SURFACE_CURVE('',#3953,(#3957,#3964),.PCURVE_S1.);
#3953 = LINE('',#3954,#3955);
#3954 = CARTESIAN_POINT('',(253.,9.29422863406,0.75));
#3955 = VECTOR('',#3956,1.);
#3956 = DIRECTION('',(0.,0.,1.));
#3957 = PCURVE('',#3820,#3958);
#3958 = DEFINITIONAL_REPRESENTATION('',(#3959),#3963);
#3959 = LINE('',#3960,#3961);
#3960 = CARTESIAN_POINT('',(-0.75,1.125));
#3961 = VECTOR('',#3962,1.);
#3962 = DIRECTION('',(1.,0.));
#3963 = ( GEOMETRIC_REPRESENTATION_CONTEXT(2) 
PARAMETRIC_REPRESENTATION_CONTEXT() REPRESENTATION_CONTEXT('2D SPACE',''
  ) );
#3964 = PCURVE('',#3965,#3970);
#3965 = PLANE('',#3966);
#3966 = AXIS2_PLACEMENT_3D('',#3967,#3968,#3969);
#3967 = CARTESIAN_POINT('',(253.,3.,-9.088311737199E-16));
#3968 = DIRECTION('',(1.,0.,0.));
#3969 = DIRECTION('',(0.,-1.,1.110223024625E-16));
#3970 = DEFINITIONAL_REPRESENTATION('',(#3971),#3975);
#3971 = LINE('',#3972,#3973);
#3972 = CARTESIAN_POINT('',(-6.29422863406,-0.75));
#3973 = VECTOR('',#3974,1.);
#3974 = DIRECTION('',(1.110223024625E-16,-1.));
#3975 = ( GEOMETRIC_REPRESENTATION_CONTEXT(2) 
PARAMETRIC_REPRESENTATION_CONTEXT() REPRESENTATION_CONTEXT('2D SPACE',''
  ) );
#3976 = ORIENTED_EDGE('',*,*,#3977,.T.);
#3977 = EDGE_CURVE('',#3950,#3777,#3978,.T.);
#3978 = SURFACE_CURVE('',#3979,(#3983,#3990),.PCURVE_S1.);
#3979 = LINE('',#3980,#3981);
#3980 = CARTESIAN_POINT('',(251.875,9.29422863406,3.));
#3981 = VECTOR('',#3982,1.);
#3982 = DIRECTION('',(-1.,0.,0.));
#3983 = PCURVE('',#3820,#3984);
#3984 = DEFINITIONAL_REPRESENTATION('',(#3985),#3989);
#3985 = LINE('',#3986,#3987);
#3986 = CARTESIAN_POINT('',(1.5,0.));
#3987 = VECTOR('',#3988,1.);
#3988 = DIRECTION('',(0.,-1.));
#3989 = ( GEOMETRIC_REPRESENTATION_CONTEXT(2) 
PARAMETRIC_REPRESENTATION_CONTEXT() REPRESENTATION_CONTEXT('2D SPACE',''
  ) );
#3990 = PCURVE('',#3792,#3991);
#3991 = DEFINITIONAL_REPRESENTATION('',(#3992),#3996);
#3992 = LINE('',#3993,#3994);
#3993 = CARTESIAN_POINT('',(0.,1.79422863406));
#3994 = VECTOR('',#3995,1.);
#3995 = DIRECTION('',(-1.,0.));
#3996 = ( GEOMETRIC_REPRESENTATION_CONTEXT(2) 
PARAMETRIC_REPRESENTATION_CONTEXT() REPRESENTATION_CONTEXT('2D SPACE',''
  ) );
#3997 = ORIENTED_EDGE('',*,*,#3804,.T.);
#3998 = ORIENTED_EDGE('',*,*,#3999,.T.);
#3999 = EDGE_CURVE('',#3805,#3904,#4000,.T.);
#4000 = SURFACE_CURVE('',#4001,(#4005,#4012),.PCURVE_S1.);
#4001 = LINE('',#4002,#4003);
#4002 = CARTESIAN_POINT('',(251.875,9.29422863406,7.5));
#4003 = VECTOR('',#4004,1.);
#4004 = DIRECTION('',(1.,0.,0.));
#4005 = PCURVE('',#3820,#4006);
#4006 = DEFINITIONAL_REPRESENTATION('',(#4007),#4011);
#4007 = LINE('',#4008,#4009);
#4008 = CARTESIAN_POINT('',(6.,0.));
#4009 = VECTOR('',#4010,1.);
#4010 = DIRECTION('',(0.,1.));
#4011 = ( GEOMETRIC_REPRESENTATION_CONTEXT(2) 
PARAMETRIC_REPRESENTATION_CONTEXT() REPRESENTATION_CONTEXT('2D SPACE',''
  ) );
#4012 = PCURVE('',#3551,#4013);
#4013 = DEFINITIONAL_REPRESENTATION('',(#4014),#4018);
#4014 = LINE('',#4015,#4016);
#4015 = CARTESIAN_POINT('',(0.,3.));
#4016 = VECTOR('',#4017,1.);
#4017 = DIRECTION('',(1.,0.));
#4018 = ( GEOMETRIC_REPRESENTATION_CONTEXT(2) 
PARAMETRIC_REPRESENTATION_CONTEXT() REPRESENTATION_CONTEXT('2D SPACE',''
  ) );
#4019 = ADVANCED_FACE('',(#4020),#3965,.F.);
#4020 = FACE_BOUND('',#4021,.F.);
#4021 = EDGE_LOOP('',(#4022,#4045,#4067));
#4022 = ORIENTED_EDGE('',*,*,#4023,.F.);
#4023 = EDGE_CURVE('',#4024,#3950,#4026,.T.);
#4024 = VERTEX_POINT('',#4025);
#4025 = CARTESIAN_POINT('',(253.,9.462632977355,3.));
#4026 = SURFACE_CURVE('',#4027,(#4031,#4038),.PCURVE_S1.);
#4027 = LINE('',#4028,#4029);
#4028 = CARTESIAN_POINT('',(253.,5.25,3.));
#4029 = VECTOR('',#4030,1.);
#4030 = DIRECTION('',(0.,-1.,0.));
#4031 = PCURVE('',#3965,#4032);
#4032 = DEFINITIONAL_REPRESENTATION('',(#4033),#4037);
#4033 = LINE('',#4034,#4035);
#4034 = CARTESIAN_POINT('',(-2.25,-3.));
#4035 = VECTOR('',#4036,1.);
#4036 = DIRECTION('',(1.,1.110223024625E-16));
#4037 = ( GEOMETRIC_REPRESENTATION_CONTEXT(2) 
PARAMETRIC_REPRESENTATION_CONTEXT() REPRESENTATION_CONTEXT('2D SPACE',''
  ) );
#4038 = PCURVE('',#3792,#4039);
#4039 = DEFINITIONAL_REPRESENTATION('',(#4040),#4044);
#4040 = LINE('',#4041,#4042);
#4041 = CARTESIAN_POINT('',(1.125,-2.25));
#4042 = VECTOR('',#4043,1.);
#4043 = DIRECTION('',(0.,-1.));
#4044 = ( GEOMETRIC_REPRESENTATION_CONTEXT(2) 
PARAMETRIC_REPRESENTATION_CONTEXT() REPRESENTATION_CONTEXT('2D SPACE',''
  ) );
#4045 = ORIENTED_EDGE('',*,*,#4046,.T.);
#4046 = EDGE_CURVE('',#4024,#3927,#4047,.T.);
#4047 = SURFACE_CURVE('',#4048,(#4053,#4060),.PCURVE_S1.);
#4048 = CIRCLE('',#4049,7.125);
#4049 = AXIS2_PLACEMENT_3D('',#4050,#4051,#4052);
#4050 = CARTESIAN_POINT('',(253.,3.,-3.330669073875E-16));
#4051 = DIRECTION('',(1.,0.,-0.));
#4052 = DIRECTION('',(0.,1.110223024625E-16,1.));
#4053 = PCURVE('',#3965,#4054);
#4054 = DEFINITIONAL_REPRESENTATION('',(#4055),#4059);
#4055 = CIRCLE('',#4056,7.125);
#4056 = AXIS2_PLACEMENT_2D('',#4057,#4058);
#4057 = CARTESIAN_POINT('',(4.440892098501E-16,-5.757642663324E-16));
#4058 = DIRECTION('',(0.,-1.));
#4059 = ( GEOMETRIC_REPRESENTATION_CONTEXT(2) 
PARAMETRIC_REPRESENTATION_CONTEXT() REPRESENTATION_CONTEXT('2D SPACE',''
  ) );
#4060 = PCURVE('',#2228,#4061);
#4061 = DEFINITIONAL_REPRESENTATION('',(#4062),#4066);
#4062 = LINE('',#4063,#4064);
#4063 = CARTESIAN_POINT('',(-0.,0.));
#4064 = VECTOR('',#4065,1.);
#4065 = DIRECTION('',(-1.,0.));
#4066 = ( GEOMETRIC_REPRESENTATION_CONTEXT(2) 
PARAMETRIC_REPRESENTATION_CONTEXT() REPRESENTATION_CONTEXT('2D SPACE',''
  ) );
#4067 = ORIENTED_EDGE('',*,*,#3949,.F.);
#4068 = ADVANCED_FACE('',(#4069),#3792,.T.);
#4069 = FACE_BOUND('',#4070,.T.);
#4070 = EDGE_LOOP('',(#4071,#4101,#4122,#4123,#4124,#4125));
#4071 = ORIENTED_EDGE('',*,*,#4072,.T.);
#4072 = EDGE_CURVE('',#4073,#4075,#4077,.T.);
#4073 = VERTEX_POINT('',#4074);
#4074 = CARTESIAN_POINT('',(254.125,9.462632977355,3.));
#4075 = VERTEX_POINT('',#4076);
#4076 = CARTESIAN_POINT('',(254.125,10.5,3.));
#4077 = SURFACE_CURVE('',#4078,(#4082,#4089),.PCURVE_S1.);
#4078 = LINE('',#4079,#4080);
#4079 = CARTESIAN_POINT('',(254.125,7.5,3.));
#4080 = VECTOR('',#4081,1.);
#4081 = DIRECTION('',(0.,1.,0.));
#4082 = PCURVE('',#3792,#4083);
#4083 = DEFINITIONAL_REPRESENTATION('',(#4084),#4088);
#4084 = LINE('',#4085,#4086);
#4085 = CARTESIAN_POINT('',(2.25,0.));
#4086 = VECTOR('',#4087,1.);
#4087 = DIRECTION('',(0.,1.));
#4088 = ( GEOMETRIC_REPRESENTATION_CONTEXT(2) 
PARAMETRIC_REPRESENTATION_CONTEXT() REPRESENTATION_CONTEXT('2D SPACE',''
  ) );
#4089 = PCURVE('',#4090,#4095);
#4090 = PLANE('',#4091);
#4091 = AXIS2_PLACEMENT_3D('',#4092,#4093,#4094);
#4092 = CARTESIAN_POINT('',(254.125,7.5,-3.));
#4093 = DIRECTION('',(1.,0.,0.));
#4094 = DIRECTION('',(0.,0.,1.));
#4095 = DEFINITIONAL_REPRESENTATION('',(#4096),#4100);
#4096 = LINE('',#4097,#4098);
#4097 = CARTESIAN_POINT('',(6.,0.));
#4098 = VECTOR('',#4099,1.);
#4099 = DIRECTION('',(0.,-1.));
#4100 = ( GEOMETRIC_REPRESENTATION_CONTEXT(2) 
PARAMETRIC_REPRESENTATION_CONTEXT() REPRESENTATION_CONTEXT('2D SPACE',''
  ) );
#4101 = ORIENTED_EDGE('',*,*,#4102,.F.);
#4102 = EDGE_CURVE('',#3749,#4075,#4103,.T.);
#4103 = SURFACE_CURVE('',#4104,(#4108,#4115),.PCURVE_S1.);
#4104 = LINE('',#4105,#4106);
#4105 = CARTESIAN_POINT('',(251.875,10.5,3.));
#4106 = VECTOR('',#4107,1.);
#4107 = DIRECTION('',(1.,0.,0.));
#4108 = PCURVE('',#3792,#4109);
#4109 = DEFINITIONAL_REPRESENTATION('',(#4110),#4114);
#4110 = LINE('',#4111,#4112);
#4111 = CARTESIAN_POINT('',(0.,3.));
#4112 = VECTOR('',#4113,1.);
#4113 = DIRECTION('',(1.,0.));
#4114 = ( GEOMETRIC_REPRESENTATION_CONTEXT(2) 
PARAMETRIC_REPRESENTATION_CONTEXT() REPRESENTATION_CONTEXT('2D SPACE',''
  ) );
#4115 = PCURVE('',#3764,#4116);
#4116 = DEFINITIONAL_REPRESENTATION('',(#4117),#4121);
#4117 = LINE('',#4118,#4119);
#4118 = CARTESIAN_POINT('',(6.,0.));
#4119 = VECTOR('',#4120,1.);
#4120 = DIRECTION('',(0.,1.));
#4121 = ( GEOMETRIC_REPRESENTATION_CONTEXT(2) 
PARAMETRIC_REPRESENTATION_CONTEXT() REPRESENTATION_CONTEXT('2D SPACE',''
  ) );
#4122 = ORIENTED_EDGE('',*,*,#3776,.F.);
#4123 = ORIENTED_EDGE('',*,*,#3977,.F.);
#4124 = ORIENTED_EDGE('',*,*,#4023,.F.);
#4125 = ORIENTED_EDGE('',*,*,#4126,.F.);
#4126 = EDGE_CURVE('',#4073,#4024,#4127,.T.);
#4127 = SURFACE_CURVE('',#4128,(#4132,#4139),.PCURVE_S1.);
#4128 = LINE('',#4129,#4130);
#4129 = CARTESIAN_POINT('',(253.,9.462632977355,3.));
#4130 = VECTOR('',#4131,1.);
#4131 = DIRECTION('',(-1.,0.,-0.));
#4132 = PCURVE('',#3792,#4133);
#4133 = DEFINITIONAL_REPRESENTATION('',(#4134),#4138);
#4134 = LINE('',#4135,#4136);
#4135 = CARTESIAN_POINT('',(1.125,1.962632977355));
#4136 = VECTOR('',#4137,1.);
#4137 = DIRECTION('',(-1.,0.));
#4138 = ( GEOMETRIC_REPRESENTATION_CONTEXT(2) 
PARAMETRIC_REPRESENTATION_CONTEXT() REPRESENTATION_CONTEXT('2D SPACE',''
  ) );
#4139 = PCURVE('',#2228,#4140);
#4140 = DEFINITIONAL_REPRESENTATION('',(#4141),#4145);
#4141 = LINE('',#4142,#4143);
#4142 = CARTESIAN_POINT('',(-5.146994505992,0.));
#4143 = VECTOR('',#4144,1.);
#4144 = DIRECTION('',(-0.,1.));
#4145 = ( GEOMETRIC_REPRESENTATION_CONTEXT(2) 
PARAMETRIC_REPRESENTATION_CONTEXT() REPRESENTATION_CONTEXT('2D SPACE',''
  ) );
#4146 = ADVANCED_FACE('',(#4147),#4090,.T.);
#4147 = FACE_BOUND('',#4148,.T.);
#4148 = EDGE_LOOP('',(#4149,#4150,#4178,#4201));
#4149 = ORIENTED_EDGE('',*,*,#4072,.F.);
#4150 = ORIENTED_EDGE('',*,*,#4151,.T.);
#4151 = EDGE_CURVE('',#4073,#4152,#4154,.T.);
#4152 = VERTEX_POINT('',#4153);
#4153 = CARTESIAN_POINT('',(254.125,9.462632977355,-3.));
#4154 = SURFACE_CURVE('',#4155,(#4160,#4171),.PCURVE_S1.);
#4155 = CIRCLE('',#4156,7.125);
#4156 = AXIS2_PLACEMENT_3D('',#4157,#4158,#4159);
#4157 = CARTESIAN_POINT('',(254.125,3.,-3.330669073875E-16));
#4158 = DIRECTION('',(-1.,0.,0.));
#4159 = DIRECTION('',(0.,1.110223024625E-16,1.));
#4160 = PCURVE('',#4090,#4161);
#4161 = DEFINITIONAL_REPRESENTATION('',(#4162),#4170);
#4162 = ( BOUNDED_CURVE() B_SPLINE_CURVE(2,(#4163,#4164,#4165,#4166,
#4167,#4168,#4169),.UNSPECIFIED.,.T.,.F.) B_SPLINE_CURVE_WITH_KNOTS((1,2
    ,2,2,2,1),(-2.094395102393,0.,2.094395102393,4.188790204786,
6.28318530718,8.377580409573),.UNSPECIFIED.) CURVE() 
GEOMETRIC_REPRESENTATION_ITEM() RATIONAL_B_SPLINE_CURVE((1.,0.5,1.,0.5,
1.,0.5,1.)) REPRESENTATION_ITEM('') );
#4163 = CARTESIAN_POINT('',(10.125,4.5));
#4164 = CARTESIAN_POINT('',(10.125,-7.840862003928));
#4165 = CARTESIAN_POINT('',(-0.5625,-1.670431001964));
#4166 = CARTESIAN_POINT('',(-11.25,4.5));
#4167 = CARTESIAN_POINT('',(-0.5625,10.670431001964));
#4168 = CARTESIAN_POINT('',(10.125,16.840862003928));
#4169 = CARTESIAN_POINT('',(10.125,4.5));
#4170 = ( GEOMETRIC_REPRESENTATION_CONTEXT(2) 
PARAMETRIC_REPRESENTATION_CONTEXT() REPRESENTATION_CONTEXT('2D SPACE',''
  ) );
#4171 = PCURVE('',#2228,#4172);
#4172 = DEFINITIONAL_REPRESENTATION('',(#4173),#4177);
#4173 = LINE('',#4174,#4175);
#4174 = CARTESIAN_POINT('',(-6.28318530718,-1.125));
#4175 = VECTOR('',#4176,1.);
#4176 = DIRECTION('',(1.,-0.));
#4177 = ( GEOMETRIC_REPRESENTATION_CONTEXT(2) 
PARAMETRIC_REPRESENTATION_CONTEXT() REPRESENTATION_CONTEXT('2D SPACE',''
  ) );
#4178 = ORIENTED_EDGE('',*,*,#4179,.T.);
#4179 = EDGE_CURVE('',#4152,#4180,#4182,.T.);
#4180 = VERTEX_POINT('',#4181);
#4181 = CARTESIAN_POINT('',(254.125,10.5,-3.));
#4182 = SURFACE_CURVE('',#4183,(#4187,#4194),.PCURVE_S1.);
#4183 = LINE('',#4184,#4185);
#4184 = CARTESIAN_POINT('',(254.125,7.5,-3.));
#4185 = VECTOR('',#4186,1.);
#4186 = DIRECTION('',(0.,1.,0.));
#4187 = PCURVE('',#4090,#4188);
#4188 = DEFINITIONAL_REPRESENTATION('',(#4189),#4193);
#4189 = LINE('',#4190,#4191);
#4190 = CARTESIAN_POINT('',(0.,0.));
#4191 = VECTOR('',#4192,1.);
#4192 = DIRECTION('',(0.,-1.));
#4193 = ( GEOMETRIC_REPRESENTATION_CONTEXT(2) 
PARAMETRIC_REPRESENTATION_CONTEXT() REPRESENTATION_CONTEXT('2D SPACE',''
  ) );
#4194 = PCURVE('',#3736,#4195);
#4195 = DEFINITIONAL_REPRESENTATION('',(#4196),#4200);
#4196 = LINE('',#4197,#4198);
#4197 = CARTESIAN_POINT('',(2.25,0.));
#4198 = VECTOR('',#4199,1.);
#4199 = DIRECTION('',(0.,1.));
#4200 = ( GEOMETRIC_REPRESENTATION_CONTEXT(2) 
PARAMETRIC_REPRESENTATION_CONTEXT() REPRESENTATION_CONTEXT('2D SPACE',''
  ) );
#4201 = ORIENTED_EDGE('',*,*,#4202,.T.);
#4202 = EDGE_CURVE('',#4180,#4075,#4203,.T.);
#4203 = SURFACE_CURVE('',#4204,(#4208,#4215),.PCURVE_S1.);
#4204 = LINE('',#4205,#4206);
#4205 = CARTESIAN_POINT('',(254.125,10.5,-3.));
#4206 = VECTOR('',#4207,1.);
#4207 = DIRECTION('',(0.,0.,1.));
#4208 = PCURVE('',#4090,#4209);
#4209 = DEFINITIONAL_REPRESENTATION('',(#4210),#4214);
#4210 = LINE('',#4211,#4212);
#4211 = CARTESIAN_POINT('',(0.,-3.));
#4212 = VECTOR('',#4213,1.);
#4213 = DIRECTION('',(1.,0.));
#4214 = ( GEOMETRIC_REPRESENTATION_CONTEXT(2) 
PARAMETRIC_REPRESENTATION_CONTEXT() REPRESENTATION_CONTEXT('2D SPACE',''
  ) );
#4215 = PCURVE('',#3764,#4216);
#4216 = DEFINITIONAL_REPRESENTATION('',(#4217),#4221);
#4217 = LINE('',#4218,#4219);
#4218 = CARTESIAN_POINT('',(0.,2.25));
#4219 = VECTOR('',#4220,1.);
#4220 = DIRECTION('',(1.,0.));
#4221 = ( GEOMETRIC_REPRESENTATION_CONTEXT(2) 
PARAMETRIC_REPRESENTATION_CONTEXT() REPRESENTATION_CONTEXT('2D SPACE',''
  ) );
#4222 = ADVANCED_FACE('',(#4223),#3764,.T.);
#4223 = FACE_BOUND('',#4224,.T.);
#4224 = EDGE_LOOP('',(#4225,#4246,#4247,#4248));
#4225 = ORIENTED_EDGE('',*,*,#4226,.F.);
#4226 = EDGE_CURVE('',#3721,#4180,#4227,.T.);
#4227 = SURFACE_CURVE('',#4228,(#4232,#4239),.PCURVE_S1.);
#4228 = LINE('',#4229,#4230);
#4229 = CARTESIAN_POINT('',(251.875,10.5,-3.));
#4230 = VECTOR('',#4231,1.);
#4231 = DIRECTION('',(1.,0.,0.));
#4232 = PCURVE('',#3764,#4233);
#4233 = DEFINITIONAL_REPRESENTATION('',(#4234),#4238);
#4234 = LINE('',#4235,#4236);
#4235 = CARTESIAN_POINT('',(0.,0.));
#4236 = VECTOR('',#4237,1.);
#4237 = DIRECTION('',(0.,1.));
#4238 = ( GEOMETRIC_REPRESENTATION_CONTEXT(2) 
PARAMETRIC_REPRESENTATION_CONTEXT() REPRESENTATION_CONTEXT('2D SPACE',''
  ) );
#4239 = PCURVE('',#3736,#4240);
#4240 = DEFINITIONAL_REPRESENTATION('',(#4241),#4245);
#4241 = LINE('',#4242,#4243);
#4242 = CARTESIAN_POINT('',(0.,3.));
#4243 = VECTOR('',#4244,1.);
#4244 = DIRECTION('',(1.,0.));
#4245 = ( GEOMETRIC_REPRESENTATION_CONTEXT(2) 
PARAMETRIC_REPRESENTATION_CONTEXT() REPRESENTATION_CONTEXT('2D SPACE',''
  ) );
#4246 = ORIENTED_EDGE('',*,*,#3748,.T.);
#4247 = ORIENTED_EDGE('',*,*,#4102,.T.);
#4248 = ORIENTED_EDGE('',*,*,#4202,.F.);
#4249 = ADVANCED_FACE('',(#4250),#3736,.F.);
#4250 = FACE_BOUND('',#4251,.F.);
#4251 = EDGE_LOOP('',(#4252,#4253,#4254,#4255,#4278,#4306));
#4252 = ORIENTED_EDGE('',*,*,#4179,.T.);
#4253 = ORIENTED_EDGE('',*,*,#4226,.F.);
#4254 = ORIENTED_EDGE('',*,*,#3720,.F.);
#4255 = ORIENTED_EDGE('',*,*,#4256,.F.);
#4256 = EDGE_CURVE('',#4257,#3693,#4259,.T.);
#4257 = VERTEX_POINT('',#4258);
#4258 = CARTESIAN_POINT('',(253.,9.29422863406,-3.));
#4259 = SURFACE_CURVE('',#4260,(#4264,#4271),.PCURVE_S1.);
#4260 = LINE('',#4261,#4262);
#4261 = CARTESIAN_POINT('',(251.875,9.29422863406,-3.));
#4262 = VECTOR('',#4263,1.);
#4263 = DIRECTION('',(-1.,0.,0.));
#4264 = PCURVE('',#3736,#4265);
#4265 = DEFINITIONAL_REPRESENTATION('',(#4266),#4270);
#4266 = LINE('',#4267,#4268);
#4267 = CARTESIAN_POINT('',(0.,1.79422863406));
#4268 = VECTOR('',#4269,1.);
#4269 = DIRECTION('',(-1.,0.));
#4270 = ( GEOMETRIC_REPRESENTATION_CONTEXT(2) 
PARAMETRIC_REPRESENTATION_CONTEXT() REPRESENTATION_CONTEXT('2D SPACE',''
  ) );
#4271 = PCURVE('',#3708,#4272);
#4272 = DEFINITIONAL_REPRESENTATION('',(#4273),#4277);
#4273 = LINE('',#4274,#4275);
#4274 = CARTESIAN_POINT('',(4.5,0.));
#4275 = VECTOR('',#4276,1.);
#4276 = DIRECTION('',(0.,-1.));
#4277 = ( GEOMETRIC_REPRESENTATION_CONTEXT(2) 
PARAMETRIC_REPRESENTATION_CONTEXT() REPRESENTATION_CONTEXT('2D SPACE',''
  ) );
#4278 = ORIENTED_EDGE('',*,*,#4279,.F.);
#4279 = EDGE_CURVE('',#4280,#4257,#4282,.T.);
#4280 = VERTEX_POINT('',#4281);
#4281 = CARTESIAN_POINT('',(253.,9.462632977355,-3.));
#4282 = SURFACE_CURVE('',#4283,(#4287,#4294),.PCURVE_S1.);
#4283 = LINE('',#4284,#4285);
#4284 = CARTESIAN_POINT('',(253.,5.25,-3.));
#4285 = VECTOR('',#4286,1.);
#4286 = DIRECTION('',(0.,-1.,0.));
#4287 = PCURVE('',#3736,#4288);
#4288 = DEFINITIONAL_REPRESENTATION('',(#4289),#4293);
#4289 = LINE('',#4290,#4291);
#4290 = CARTESIAN_POINT('',(1.125,-2.25));
#4291 = VECTOR('',#4292,1.);
#4292 = DIRECTION('',(0.,-1.));
#4293 = ( GEOMETRIC_REPRESENTATION_CONTEXT(2) 
PARAMETRIC_REPRESENTATION_CONTEXT() REPRESENTATION_CONTEXT('2D SPACE',''
  ) );
#4294 = PCURVE('',#4295,#4300);
#4295 = PLANE('',#4296);
#4296 = AXIS2_PLACEMENT_3D('',#4297,#4298,#4299);
#4297 = CARTESIAN_POINT('',(253.,3.,-9.088311737199E-16));
#4298 = DIRECTION('',(1.,0.,0.));
#4299 = DIRECTION('',(0.,-1.,1.110223024625E-16));
#4300 = DEFINITIONAL_REPRESENTATION('',(#4301),#4305);
#4301 = LINE('',#4302,#4303);
#4302 = CARTESIAN_POINT('',(-2.25,3.));
#4303 = VECTOR('',#4304,1.);
#4304 = DIRECTION('',(1.,1.110223024625E-16));
#4305 = ( GEOMETRIC_REPRESENTATION_CONTEXT(2) 
PARAMETRIC_REPRESENTATION_CONTEXT() REPRESENTATION_CONTEXT('2D SPACE',''
  ) );
#4306 = ORIENTED_EDGE('',*,*,#4307,.F.);
#4307 = EDGE_CURVE('',#4152,#4280,#4308,.T.);
#4308 = SURFACE_CURVE('',#4309,(#4313,#4320),.PCURVE_S1.);
#4309 = LINE('',#4310,#4311);
#4310 = CARTESIAN_POINT('',(253.,9.462632977355,-3.));
#4311 = VECTOR('',#4312,1.);
#4312 = DIRECTION('',(-1.,0.,-0.));
#4313 = PCURVE('',#3736,#4314);
#4314 = DEFINITIONAL_REPRESENTATION('',(#4315),#4319);
#4315 = LINE('',#4316,#4317);
#4316 = CARTESIAN_POINT('',(1.125,1.962632977355));
#4317 = VECTOR('',#4318,1.);
#4318 = DIRECTION('',(-1.,0.));
#4319 = ( GEOMETRIC_REPRESENTATION_CONTEXT(2) 
PARAMETRIC_REPRESENTATION_CONTEXT() REPRESENTATION_CONTEXT('2D SPACE',''
  ) );
#4320 = PCURVE('',#2228,#4321);
#4321 = DEFINITIONAL_REPRESENTATION('',(#4322),#4326);
#4322 = LINE('',#4323,#4324);
#4323 = CARTESIAN_POINT('',(-4.277783454777,0.));
#4324 = VECTOR('',#4325,1.);
#4325 = DIRECTION('',(-0.,1.));
#4326 = ( GEOMETRIC_REPRESENTATION_CONTEXT(2) 
PARAMETRIC_REPRESENTATION_CONTEXT() REPRESENTATION_CONTEXT('2D SPACE',''
  ) );
#4327 = ADVANCED_FACE('',(#4328),#4295,.F.);
#4328 = FACE_BOUND('',#4329,.F.);
#4329 = EDGE_LOOP('',(#4330,#4353,#4375));
#4330 = ORIENTED_EDGE('',*,*,#4331,.F.);
#4331 = EDGE_CURVE('',#4332,#4257,#4334,.T.);
#4332 = VERTEX_POINT('',#4333);
#4333 = CARTESIAN_POINT('',(253.,9.29422863406,-3.338908639388));
#4334 = SURFACE_CURVE('',#4335,(#4339,#4346),.PCURVE_S1.);
#4335 = LINE('',#4336,#4337);
#4336 = CARTESIAN_POINT('',(253.,9.29422863406,-3.75));
#4337 = VECTOR('',#4338,1.);
#4338 = DIRECTION('',(0.,0.,1.));
#4339 = PCURVE('',#4295,#4340);
#4340 = DEFINITIONAL_REPRESENTATION('',(#4341),#4345);
#4341 = LINE('',#4342,#4343);
#4342 = CARTESIAN_POINT('',(-6.29422863406,3.75));
#4343 = VECTOR('',#4344,1.);
#4344 = DIRECTION('',(1.110223024625E-16,-1.));
#4345 = ( GEOMETRIC_REPRESENTATION_CONTEXT(2) 
PARAMETRIC_REPRESENTATION_CONTEXT() REPRESENTATION_CONTEXT('2D SPACE',''
  ) );
#4346 = PCURVE('',#3708,#4347);
#4347 = DEFINITIONAL_REPRESENTATION('',(#4348),#4352);
#4348 = LINE('',#4349,#4350);
#4349 = CARTESIAN_POINT('',(3.75,1.125));
#4350 = VECTOR('',#4351,1.);
#4351 = DIRECTION('',(1.,0.));
#4352 = ( GEOMETRIC_REPRESENTATION_CONTEXT(2) 
PARAMETRIC_REPRESENTATION_CONTEXT() REPRESENTATION_CONTEXT('2D SPACE',''
  ) );
#4353 = ORIENTED_EDGE('',*,*,#4354,.T.);
#4354 = EDGE_CURVE('',#4332,#4280,#4355,.T.);
#4355 = SURFACE_CURVE('',#4356,(#4361,#4368),.PCURVE_S1.);
#4356 = CIRCLE('',#4357,7.125);
#4357 = AXIS2_PLACEMENT_3D('',#4358,#4359,#4360);
#4358 = CARTESIAN_POINT('',(253.,3.,-3.330669073875E-16));
#4359 = DIRECTION('',(1.,0.,-0.));
#4360 = DIRECTION('',(0.,1.110223024625E-16,1.));
#4361 = PCURVE('',#4295,#4362);
#4362 = DEFINITIONAL_REPRESENTATION('',(#4363),#4367);
#4363 = CIRCLE('',#4364,7.125);
#4364 = AXIS2_PLACEMENT_2D('',#4365,#4366);
#4365 = CARTESIAN_POINT('',(4.440892098501E-16,-5.757642663324E-16));
#4366 = DIRECTION('',(0.,-1.));
#4367 = ( GEOMETRIC_REPRESENTATION_CONTEXT(2) 
PARAMETRIC_REPRESENTATION_CONTEXT() REPRESENTATION_CONTEXT('2D SPACE',''
  ) );
#4368 = PCURVE('',#2228,#4369);
#4369 = DEFINITIONAL_REPRESENTATION('',(#4370),#4374);
#4370 = LINE('',#4371,#4372);
#4371 = CARTESIAN_POINT('',(-0.,0.));
#4372 = VECTOR('',#4373,1.);
#4373 = DIRECTION('',(-1.,0.));
#4374 = ( GEOMETRIC_REPRESENTATION_CONTEXT(2) 
PARAMETRIC_REPRESENTATION_CONTEXT() REPRESENTATION_CONTEXT('2D SPACE',''
  ) );
#4375 = ORIENTED_EDGE('',*,*,#4279,.T.);
#4376 = ADVANCED_FACE('',(#4377),#3708,.T.);
#4377 = FACE_BOUND('',#4378,.T.);
#4378 = EDGE_LOOP('',(#4379,#4409,#4430,#4431,#4432,#4433));
#4379 = ORIENTED_EDGE('',*,*,#4380,.F.);
#4380 = EDGE_CURVE('',#4381,#4383,#4385,.T.);
#4381 = VERTEX_POINT('',#4382);
#4382 = CARTESIAN_POINT('',(254.125,9.29422863406,-7.5));
#4383 = VERTEX_POINT('',#4384);
#4384 = CARTESIAN_POINT('',(254.125,9.29422863406,-3.338908639388));
#4385 = SURFACE_CURVE('',#4386,(#4390,#4397),.PCURVE_S1.);
#4386 = LINE('',#4387,#4388);
#4387 = CARTESIAN_POINT('',(254.125,9.29422863406,-7.5));
#4388 = VECTOR('',#4389,1.);
#4389 = DIRECTION('',(0.,0.,1.));
#4390 = PCURVE('',#3708,#4391);
#4391 = DEFINITIONAL_REPRESENTATION('',(#4392),#4396);
#4392 = LINE('',#4393,#4394);
#4393 = CARTESIAN_POINT('',(0.,2.25));
#4394 = VECTOR('',#4395,1.);
#4395 = DIRECTION('',(1.,0.));
#4396 = ( GEOMETRIC_REPRESENTATION_CONTEXT(2) 
PARAMETRIC_REPRESENTATION_CONTEXT() REPRESENTATION_CONTEXT('2D SPACE',''
  ) );
#4397 = PCURVE('',#4398,#4403);
#4398 = PLANE('',#4399);
#4399 = AXIS2_PLACEMENT_3D('',#4400,#4401,#4402);
#4400 = CARTESIAN_POINT('',(254.125,6.29422863406,-7.5));
#4401 = DIRECTION('',(1.,0.,0.));
#4402 = DIRECTION('',(0.,0.,1.));
#4403 = DEFINITIONAL_REPRESENTATION('',(#4404),#4408);
#4404 = LINE('',#4405,#4406);
#4405 = CARTESIAN_POINT('',(0.,-3.));
#4406 = VECTOR('',#4407,1.);
#4407 = DIRECTION('',(1.,0.));
#4408 = ( GEOMETRIC_REPRESENTATION_CONTEXT(2) 
PARAMETRIC_REPRESENTATION_CONTEXT() REPRESENTATION_CONTEXT('2D SPACE',''
  ) );
#4409 = ORIENTED_EDGE('',*,*,#4410,.F.);
#4410 = EDGE_CURVE('',#3665,#4381,#4411,.T.);
#4411 = SURFACE_CURVE('',#4412,(#4416,#4423),.PCURVE_S1.);
#4412 = LINE('',#4413,#4414);
#4413 = CARTESIAN_POINT('',(251.875,9.29422863406,-7.5));
#4414 = VECTOR('',#4415,1.);
#4415 = DIRECTION('',(1.,0.,0.));
#4416 = PCURVE('',#3708,#4417);
#4417 = DEFINITIONAL_REPRESENTATION('',(#4418),#4422);
#4418 = LINE('',#4419,#4420);
#4419 = CARTESIAN_POINT('',(0.,0.));
#4420 = VECTOR('',#4421,1.);
#4421 = DIRECTION('',(0.,1.));
#4422 = ( GEOMETRIC_REPRESENTATION_CONTEXT(2) 
PARAMETRIC_REPRESENTATION_CONTEXT() REPRESENTATION_CONTEXT('2D SPACE',''
  ) );
#4423 = PCURVE('',#3680,#4424);
#4424 = DEFINITIONAL_REPRESENTATION('',(#4425),#4429);
#4425 = LINE('',#4426,#4427);
#4426 = CARTESIAN_POINT('',(0.,3.));
#4427 = VECTOR('',#4428,1.);
#4428 = DIRECTION('',(1.,0.));
#4429 = ( GEOMETRIC_REPRESENTATION_CONTEXT(2) 
PARAMETRIC_REPRESENTATION_CONTEXT() REPRESENTATION_CONTEXT('2D SPACE',''
  ) );
#4430 = ORIENTED_EDGE('',*,*,#3692,.T.);
#4431 = ORIENTED_EDGE('',*,*,#4256,.F.);
#4432 = ORIENTED_EDGE('',*,*,#4331,.F.);
#4433 = ORIENTED_EDGE('',*,*,#4434,.F.);
#4434 = EDGE_CURVE('',#4383,#4332,#4435,.T.);
#4435 = SURFACE_CURVE('',#4436,(#4440,#4447),.PCURVE_S1.);
#4436 = LINE('',#4437,#4438);
#4437 = CARTESIAN_POINT('',(253.,9.29422863406,-3.338908639388));
#4438 = VECTOR('',#4439,1.);
#4439 = DIRECTION('',(-1.,0.,-0.));
#4440 = PCURVE('',#3708,#4441);
#4441 = DEFINITIONAL_REPRESENTATION('',(#4442),#4446);
#4442 = LINE('',#4443,#4444);
#4443 = CARTESIAN_POINT('',(4.161091360612,1.125));
#4444 = VECTOR('',#4445,1.);
#4445 = DIRECTION('',(0.,-1.));
#4446 = ( GEOMETRIC_REPRESENTATION_CONTEXT(2) 
PARAMETRIC_REPRESENTATION_CONTEXT() REPRESENTATION_CONTEXT('2D SPACE',''
  ) );
#4447 = PCURVE('',#2228,#4448);
#4448 = DEFINITIONAL_REPRESENTATION('',(#4449),#4453);
#4449 = LINE('',#4450,#4451);
#4450 = CARTESIAN_POINT('',(-4.224662405056,0.));
#4451 = VECTOR('',#4452,1.);
#4452 = DIRECTION('',(-0.,1.));
#4453 = ( GEOMETRIC_REPRESENTATION_CONTEXT(2) 
PARAMETRIC_REPRESENTATION_CONTEXT() REPRESENTATION_CONTEXT('2D SPACE',''
  ) );
#4454 = ADVANCED_FACE('',(#4455),#4398,.T.);
#4455 = FACE_BOUND('',#4456,.T.);
#4456 = EDGE_LOOP('',(#4457,#4482,#4503,#4504));
#4457 = ORIENTED_EDGE('',*,*,#4458,.F.);
#4458 = EDGE_CURVE('',#4459,#4461,#4463,.T.);
#4459 = VERTEX_POINT('',#4460);
#4460 = CARTESIAN_POINT('',(254.125,6.29422863406,-7.5));
#4461 = VERTEX_POINT('',#4462);
#4462 = CARTESIAN_POINT('',(254.125,6.29422863406,-6.317727653717));
#4463 = SURFACE_CURVE('',#4464,(#4468,#4475),.PCURVE_S1.);
#4464 = LINE('',#4465,#4466);
#4465 = CARTESIAN_POINT('',(254.125,6.29422863406,-7.5));
#4466 = VECTOR('',#4467,1.);
#4467 = DIRECTION('',(0.,0.,1.));
#4468 = PCURVE('',#4398,#4469);
#4469 = DEFINITIONAL_REPRESENTATION('',(#4470),#4474);
#4470 = LINE('',#4471,#4472);
#4471 = CARTESIAN_POINT('',(0.,0.));
#4472 = VECTOR('',#4473,1.);
#4473 = DIRECTION('',(1.,0.));
#4474 = ( GEOMETRIC_REPRESENTATION_CONTEXT(2) 
PARAMETRIC_REPRESENTATION_CONTEXT() REPRESENTATION_CONTEXT('2D SPACE',''
  ) );
#4475 = PCURVE('',#2256,#4476);
#4476 = DEFINITIONAL_REPRESENTATION('',(#4477),#4481);
#4477 = LINE('',#4478,#4479);
#4478 = CARTESIAN_POINT('',(0.,2.25));
#4479 = VECTOR('',#4480,1.);
#4480 = DIRECTION('',(1.,0.));
#4481 = ( GEOMETRIC_REPRESENTATION_CONTEXT(2) 
PARAMETRIC_REPRESENTATION_CONTEXT() REPRESENTATION_CONTEXT('2D SPACE',''
  ) );
#4482 = ORIENTED_EDGE('',*,*,#4483,.T.);
#4483 = EDGE_CURVE('',#4459,#4381,#4484,.T.);
#4484 = SURFACE_CURVE('',#4485,(#4489,#4496),.PCURVE_S1.);
#4485 = LINE('',#4486,#4487);
#4486 = CARTESIAN_POINT('',(254.125,6.29422863406,-7.5));
#4487 = VECTOR('',#4488,1.);
#4488 = DIRECTION('',(0.,1.,0.));
#4489 = PCURVE('',#4398,#4490);
#4490 = DEFINITIONAL_REPRESENTATION('',(#4491),#4495);
#4491 = LINE('',#4492,#4493);
#4492 = CARTESIAN_POINT('',(0.,0.));
#4493 = VECTOR('',#4494,1.);
#4494 = DIRECTION('',(0.,-1.));
#4495 = ( GEOMETRIC_REPRESENTATION_CONTEXT(2) 
PARAMETRIC_REPRESENTATION_CONTEXT() REPRESENTATION_CONTEXT('2D SPACE',''
  ) );
#4496 = PCURVE('',#3680,#4497);
#4497 = DEFINITIONAL_REPRESENTATION('',(#4498),#4502);
#4498 = LINE('',#4499,#4500);
#4499 = CARTESIAN_POINT('',(2.25,0.));
#4500 = VECTOR('',#4501,1.);
#4501 = DIRECTION('',(0.,1.));
#4502 = ( GEOMETRIC_REPRESENTATION_CONTEXT(2) 
PARAMETRIC_REPRESENTATION_CONTEXT() REPRESENTATION_CONTEXT('2D SPACE',''
  ) );
#4503 = ORIENTED_EDGE('',*,*,#4380,.T.);
#4504 = ORIENTED_EDGE('',*,*,#4505,.T.);
#4505 = EDGE_CURVE('',#4383,#4461,#4506,.T.);
#4506 = SURFACE_CURVE('',#4507,(#4512,#4523),.PCURVE_S1.);
#4507 = CIRCLE('',#4508,7.125);
#4508 = AXIS2_PLACEMENT_3D('',#4509,#4510,#4511);
#4509 = CARTESIAN_POINT('',(254.125,3.,-3.330669073875E-16));
#4510 = DIRECTION('',(-1.,0.,0.));
#4511 = DIRECTION('',(0.,1.110223024625E-16,1.));
#4512 = PCURVE('',#4398,#4513);
#4513 = DEFINITIONAL_REPRESENTATION('',(#4514),#4522);
#4514 = ( BOUNDED_CURVE() B_SPLINE_CURVE(2,(#4515,#4516,#4517,#4518,
#4519,#4520,#4521),.UNSPECIFIED.,.T.,.F.) B_SPLINE_CURVE_WITH_KNOTS((1,2
    ,2,2,2,1),(-2.094395102393,0.,2.094395102393,4.188790204786,
6.28318530718,8.377580409573),.UNSPECIFIED.) CURVE() 
GEOMETRIC_REPRESENTATION_ITEM() RATIONAL_B_SPLINE_CURVE((1.,0.5,1.,0.5,
1.,0.5,1.)) REPRESENTATION_ITEM('') );
#4515 = CARTESIAN_POINT('',(14.625,3.29422863406));
#4516 = CARTESIAN_POINT('',(14.625,-9.046633369868));
#4517 = CARTESIAN_POINT('',(3.9375,-2.876202367904));
#4518 = CARTESIAN_POINT('',(-6.75,3.29422863406));
#4519 = CARTESIAN_POINT('',(3.9375,9.464659636024));
#4520 = CARTESIAN_POINT('',(14.625,15.635090637988));
#4521 = CARTESIAN_POINT('',(14.625,3.29422863406));
#4522 = ( GEOMETRIC_REPRESENTATION_CONTEXT(2) 
PARAMETRIC_REPRESENTATION_CONTEXT() REPRESENTATION_CONTEXT('2D SPACE',''
  ) );
#4523 = PCURVE('',#2228,#4524);
#4524 = DEFINITIONAL_REPRESENTATION('',(#4525),#4529);
#4525 = LINE('',#4526,#4527);
#4526 = CARTESIAN_POINT('',(-6.28318530718,-1.125));
#4527 = VECTOR('',#4528,1.);
#4528 = DIRECTION('',(1.,-0.));
#4529 = ( GEOMETRIC_REPRESENTATION_CONTEXT(2) 
PARAMETRIC_REPRESENTATION_CONTEXT() REPRESENTATION_CONTEXT('2D SPACE',''
  ) );
#4530 = ADVANCED_FACE('',(#4531),#3680,.F.);
#4531 = FACE_BOUND('',#4532,.F.);
#4532 = EDGE_LOOP('',(#4533,#4534,#4555,#4556));
#4533 = ORIENTED_EDGE('',*,*,#3664,.F.);
#4534 = ORIENTED_EDGE('',*,*,#4535,.T.);
#4535 = EDGE_CURVE('',#3642,#4459,#4536,.T.);
#4536 = SURFACE_CURVE('',#4537,(#4541,#4548),.PCURVE_S1.);
#4537 = LINE('',#4538,#4539);
#4538 = CARTESIAN_POINT('',(251.875,6.29422863406,-7.5));
#4539 = VECTOR('',#4540,1.);
#4540 = DIRECTION('',(1.,0.,0.));
#4541 = PCURVE('',#3680,#4542);
#4542 = DEFINITIONAL_REPRESENTATION('',(#4543),#4547);
#4543 = LINE('',#4544,#4545);
#4544 = CARTESIAN_POINT('',(0.,0.));
#4545 = VECTOR('',#4546,1.);
#4546 = DIRECTION('',(1.,0.));
#4547 = ( GEOMETRIC_REPRESENTATION_CONTEXT(2) 
PARAMETRIC_REPRESENTATION_CONTEXT() REPRESENTATION_CONTEXT('2D SPACE',''
  ) );
#4548 = PCURVE('',#2256,#4549);
#4549 = DEFINITIONAL_REPRESENTATION('',(#4550),#4554);
#4550 = LINE('',#4551,#4552);
#4551 = CARTESIAN_POINT('',(0.,0.));
#4552 = VECTOR('',#4553,1.);
#4553 = DIRECTION('',(0.,1.));
#4554 = ( GEOMETRIC_REPRESENTATION_CONTEXT(2) 
PARAMETRIC_REPRESENTATION_CONTEXT() REPRESENTATION_CONTEXT('2D SPACE',''
  ) );
#4555 = ORIENTED_EDGE('',*,*,#4483,.T.);
#4556 = ORIENTED_EDGE('',*,*,#4410,.F.);
#4557 = ADVANCED_FACE('',(#4558),#3551,.T.);
#4558 = FACE_BOUND('',#4559,.T.);
#4559 = EDGE_LOOP('',(#4560,#4561,#4562,#4583));
#4560 = ORIENTED_EDGE('',*,*,#3832,.F.);
#4561 = ORIENTED_EDGE('',*,*,#3535,.T.);
#4562 = ORIENTED_EDGE('',*,*,#4563,.T.);
#4563 = EDGE_CURVE('',#3536,#3904,#4564,.T.);
#4564 = SURFACE_CURVE('',#4565,(#4569,#4576),.PCURVE_S1.);
#4565 = LINE('',#4566,#4567);
#4566 = CARTESIAN_POINT('',(254.125,6.29422863406,7.5));
#4567 = VECTOR('',#4568,1.);
#4568 = DIRECTION('',(0.,1.,0.));
#4569 = PCURVE('',#3551,#4570);
#4570 = DEFINITIONAL_REPRESENTATION('',(#4571),#4575);
#4571 = LINE('',#4572,#4573);
#4572 = CARTESIAN_POINT('',(2.25,0.));
#4573 = VECTOR('',#4574,1.);
#4574 = DIRECTION('',(0.,1.));
#4575 = ( GEOMETRIC_REPRESENTATION_CONTEXT(2) 
PARAMETRIC_REPRESENTATION_CONTEXT() REPRESENTATION_CONTEXT('2D SPACE',''
  ) );
#4576 = PCURVE('',#3579,#4577);
#4577 = DEFINITIONAL_REPRESENTATION('',(#4578),#4582);
#4578 = LINE('',#4579,#4580);
#4579 = CARTESIAN_POINT('',(6.,0.));
#4580 = VECTOR('',#4581,1.);
#4581 = DIRECTION('',(0.,-1.));
#4582 = ( GEOMETRIC_REPRESENTATION_CONTEXT(2) 
PARAMETRIC_REPRESENTATION_CONTEXT() REPRESENTATION_CONTEXT('2D SPACE',''
  ) );
#4583 = ORIENTED_EDGE('',*,*,#3999,.F.);
#4584 = ADVANCED_FACE('',(#4585),#3579,.T.);
#4585 = FACE_BOUND('',#4586,.T.);
#4586 = EDGE_LOOP('',(#4587,#4588,#4614,#4615));
#4587 = ORIENTED_EDGE('',*,*,#3563,.F.);
#4588 = ORIENTED_EDGE('',*,*,#4589,.T.);
#4589 = EDGE_CURVE('',#3564,#3902,#4590,.T.);
#4590 = SURFACE_CURVE('',#4591,(#4596,#4607),.PCURVE_S1.);
#4591 = CIRCLE('',#4592,7.125);
#4592 = AXIS2_PLACEMENT_3D('',#4593,#4594,#4595);
#4593 = CARTESIAN_POINT('',(254.125,3.,-3.330669073875E-16));
#4594 = DIRECTION('',(-1.,0.,0.));
#4595 = DIRECTION('',(0.,1.110223024625E-16,1.));
#4596 = PCURVE('',#3579,#4597);
#4597 = DEFINITIONAL_REPRESENTATION('',(#4598),#4606);
#4598 = ( BOUNDED_CURVE() B_SPLINE_CURVE(2,(#4599,#4600,#4601,#4602,
#4603,#4604,#4605),.UNSPECIFIED.,.T.,.F.) B_SPLINE_CURVE_WITH_KNOTS((1,2
    ,2,2,2,1),(-2.094395102393,0.,2.094395102393,4.188790204786,
6.28318530718,8.377580409573),.UNSPECIFIED.) CURVE() 
GEOMETRIC_REPRESENTATION_ITEM() RATIONAL_B_SPLINE_CURVE((1.,0.5,1.,0.5,
1.,0.5,1.)) REPRESENTATION_ITEM('') );
#4599 = CARTESIAN_POINT('',(5.625,3.29422863406));
#4600 = CARTESIAN_POINT('',(5.625,-9.046633369868));
#4601 = CARTESIAN_POINT('',(-5.0625,-2.876202367904));
#4602 = CARTESIAN_POINT('',(-15.75,3.29422863406));
#4603 = CARTESIAN_POINT('',(-5.0625,9.464659636024));
#4604 = CARTESIAN_POINT('',(5.625,15.635090637988));
#4605 = CARTESIAN_POINT('',(5.625,3.29422863406));
#4606 = ( GEOMETRIC_REPRESENTATION_CONTEXT(2) 
PARAMETRIC_REPRESENTATION_CONTEXT() REPRESENTATION_CONTEXT('2D SPACE',''
  ) );
#4607 = PCURVE('',#2228,#4608);
#4608 = DEFINITIONAL_REPRESENTATION('',(#4609),#4613);
#4609 = LINE('',#4610,#4611);
#4610 = CARTESIAN_POINT('',(-6.28318530718,-1.125));
#4611 = VECTOR('',#4612,1.);
#4612 = DIRECTION('',(1.,-0.));
#4613 = ( GEOMETRIC_REPRESENTATION_CONTEXT(2) 
PARAMETRIC_REPRESENTATION_CONTEXT() REPRESENTATION_CONTEXT('2D SPACE',''
  ) );
#4614 = ORIENTED_EDGE('',*,*,#3901,.T.);
#4615 = ORIENTED_EDGE('',*,*,#4563,.F.);
#4616 = ADVANCED_FACE('',(#4617),#2608,.T.);
#4617 = FACE_BOUND('',#4618,.T.);
#4618 = EDGE_LOOP('',(#4619,#4642,#4670,#4698,#4726,#4747));
#4619 = ORIENTED_EDGE('',*,*,#4620,.F.);
#4620 = EDGE_CURVE('',#4621,#2593,#4623,.T.);
#4621 = VERTEX_POINT('',#4622);
#4622 = CARTESIAN_POINT('',(251.875,1.5,-6.));
#4623 = SURFACE_CURVE('',#4624,(#4628,#4635),.PCURVE_S1.);
#4624 = LINE('',#4625,#4626);
#4625 = CARTESIAN_POINT('',(251.875,1.5,-6.));
#4626 = VECTOR('',#4627,1.);
#4627 = DIRECTION('',(1.,0.,0.));
#4628 = PCURVE('',#2608,#4629);
#4629 = DEFINITIONAL_REPRESENTATION('',(#4630),#4634);
#4630 = LINE('',#4631,#4632);
#4631 = CARTESIAN_POINT('',(0.,3.));
#4632 = VECTOR('',#4633,1.);
#4633 = DIRECTION('',(1.,0.));
#4634 = ( GEOMETRIC_REPRESENTATION_CONTEXT(2) 
PARAMETRIC_REPRESENTATION_CONTEXT() REPRESENTATION_CONTEXT('2D SPACE',''
  ) );
#4635 = PCURVE('',#2636,#4636);
#4636 = DEFINITIONAL_REPRESENTATION('',(#4637),#4641);
#4637 = LINE('',#4638,#4639);
#4638 = CARTESIAN_POINT('',(6.,0.));
#4639 = VECTOR('',#4640,1.);
#4640 = DIRECTION('',(0.,1.));
#4641 = ( GEOMETRIC_REPRESENTATION_CONTEXT(2) 
PARAMETRIC_REPRESENTATION_CONTEXT() REPRESENTATION_CONTEXT('2D SPACE',''
  ) );
#4642 = ORIENTED_EDGE('',*,*,#4643,.F.);
#4643 = EDGE_CURVE('',#4644,#4621,#4646,.T.);
#4644 = VERTEX_POINT('',#4645);
#4645 = CARTESIAN_POINT('',(251.875,-1.5,-6.));
#4646 = SURFACE_CURVE('',#4647,(#4651,#4658),.PCURVE_S1.);
#4647 = LINE('',#4648,#4649);
#4648 = CARTESIAN_POINT('',(251.875,-1.5,-6.));
#4649 = VECTOR('',#4650,1.);
#4650 = DIRECTION('',(0.,1.,0.));
#4651 = PCURVE('',#2608,#4652);
#4652 = DEFINITIONAL_REPRESENTATION('',(#4653),#4657);
#4653 = LINE('',#4654,#4655);
#4654 = CARTESIAN_POINT('',(0.,0.));
#4655 = VECTOR('',#4656,1.);
#4656 = DIRECTION('',(0.,1.));
#4657 = ( GEOMETRIC_REPRESENTATION_CONTEXT(2) 
PARAMETRIC_REPRESENTATION_CONTEXT() REPRESENTATION_CONTEXT('2D SPACE',''
  ) );
#4658 = PCURVE('',#4659,#4664);
#4659 = PLANE('',#4660);
#4660 = AXIS2_PLACEMENT_3D('',#4661,#4662,#4663);
#4661 = CARTESIAN_POINT('',(251.875,-1.5,-12.));
#4662 = DIRECTION('',(1.,0.,0.));
#4663 = DIRECTION('',(0.,0.,1.));
#4664 = DEFINITIONAL_REPRESENTATION('',(#4665),#4669);
#4665 = LINE('',#4666,#4667);
#4666 = CARTESIAN_POINT('',(6.,0.));
#4667 = VECTOR('',#4668,1.);
#4668 = DIRECTION('',(0.,-1.));
#4669 = ( GEOMETRIC_REPRESENTATION_CONTEXT(2) 
PARAMETRIC_REPRESENTATION_CONTEXT() REPRESENTATION_CONTEXT('2D SPACE',''
  ) );
#4670 = ORIENTED_EDGE('',*,*,#4671,.T.);
#4671 = EDGE_CURVE('',#4644,#4672,#4674,.T.);
#4672 = VERTEX_POINT('',#4673);
#4673 = CARTESIAN_POINT('',(254.125,-1.5,-6.));
#4674 = SURFACE_CURVE('',#4675,(#4679,#4686),.PCURVE_S1.);
#4675 = LINE('',#4676,#4677);
#4676 = CARTESIAN_POINT('',(251.875,-1.5,-6.));
#4677 = VECTOR('',#4678,1.);
#4678 = DIRECTION('',(1.,0.,0.));
#4679 = PCURVE('',#2608,#4680);
#4680 = DEFINITIONAL_REPRESENTATION('',(#4681),#4685);
#4681 = LINE('',#4682,#4683);
#4682 = CARTESIAN_POINT('',(0.,0.));
#4683 = VECTOR('',#4684,1.);
#4684 = DIRECTION('',(1.,0.));
#4685 = ( GEOMETRIC_REPRESENTATION_CONTEXT(2) 
PARAMETRIC_REPRESENTATION_CONTEXT() REPRESENTATION_CONTEXT('2D SPACE',''
  ) );
#4686 = PCURVE('',#4687,#4692);
#4687 = PLANE('',#4688);
#4688 = AXIS2_PLACEMENT_3D('',#4689,#4690,#4691);
#4689 = CARTESIAN_POINT('',(251.875,-1.5,-12.));
#4690 = DIRECTION('',(0.,1.,0.));
#4691 = DIRECTION('',(0.,0.,1.));
#4692 = DEFINITIONAL_REPRESENTATION('',(#4693),#4697);
#4693 = LINE('',#4694,#4695);
#4694 = CARTESIAN_POINT('',(6.,0.));
#4695 = VECTOR('',#4696,1.);
#4696 = DIRECTION('',(0.,1.));
#4697 = ( GEOMETRIC_REPRESENTATION_CONTEXT(2) 
PARAMETRIC_REPRESENTATION_CONTEXT() REPRESENTATION_CONTEXT('2D SPACE',''
  ) );
#4698 = ORIENTED_EDGE('',*,*,#4699,.T.);
#4699 = EDGE_CURVE('',#4672,#4700,#4702,.T.);
#4700 = VERTEX_POINT('',#4701);
#4701 = CARTESIAN_POINT('',(254.125,-0.842606537235,-6.));
#4702 = SURFACE_CURVE('',#4703,(#4707,#4714),.PCURVE_S1.);
#4703 = LINE('',#4704,#4705);
#4704 = CARTESIAN_POINT('',(254.125,-1.5,-6.));
#4705 = VECTOR('',#4706,1.);
#4706 = DIRECTION('',(0.,1.,0.));
#4707 = PCURVE('',#2608,#4708);
#4708 = DEFINITIONAL_REPRESENTATION('',(#4709),#4713);
#4709 = LINE('',#4710,#4711);
#4710 = CARTESIAN_POINT('',(2.25,0.));
#4711 = VECTOR('',#4712,1.);
#4712 = DIRECTION('',(0.,1.));
#4713 = ( GEOMETRIC_REPRESENTATION_CONTEXT(2) 
PARAMETRIC_REPRESENTATION_CONTEXT() REPRESENTATION_CONTEXT('2D SPACE',''
  ) );
#4714 = PCURVE('',#4715,#4720);
#4715 = PLANE('',#4716);
#4716 = AXIS2_PLACEMENT_3D('',#4717,#4718,#4719);
#4717 = CARTESIAN_POINT('',(254.125,-1.5,-12.));
#4718 = DIRECTION('',(1.,0.,0.));
#4719 = DIRECTION('',(0.,0.,1.));
#4720 = DEFINITIONAL_REPRESENTATION('',(#4721),#4725);
#4721 = LINE('',#4722,#4723);
#4722 = CARTESIAN_POINT('',(6.,0.));
#4723 = VECTOR('',#4724,1.);
#4724 = DIRECTION('',(0.,-1.));
#4725 = ( GEOMETRIC_REPRESENTATION_CONTEXT(2) 
PARAMETRIC_REPRESENTATION_CONTEXT() REPRESENTATION_CONTEXT('2D SPACE',''
  ) );
#4726 = ORIENTED_EDGE('',*,*,#4727,.T.);
#4727 = EDGE_CURVE('',#4700,#2569,#4728,.T.);
#4728 = SURFACE_CURVE('',#4729,(#4733,#4740),.PCURVE_S1.);
#4729 = LINE('',#4730,#4731);
#4730 = CARTESIAN_POINT('',(253.,-0.842606537235,-6.));
#4731 = VECTOR('',#4732,1.);
#4732 = DIRECTION('',(-1.,0.,-0.));
#4733 = PCURVE('',#2608,#4734);
#4734 = DEFINITIONAL_REPRESENTATION('',(#4735),#4739);
#4735 = LINE('',#4736,#4737);
#4736 = CARTESIAN_POINT('',(1.125,0.657393462765));
#4737 = VECTOR('',#4738,1.);
#4738 = DIRECTION('',(-1.,0.));
#4739 = ( GEOMETRIC_REPRESENTATION_CONTEXT(2) 
PARAMETRIC_REPRESENTATION_CONTEXT() REPRESENTATION_CONTEXT('2D SPACE',''
  ) );
#4740 = PCURVE('',#2228,#4741);
#4741 = DEFINITIONAL_REPRESENTATION('',(#4742),#4746);
#4742 = LINE('',#4743,#4744);
#4743 = CARTESIAN_POINT('',(-2.571971334517,0.));
#4744 = VECTOR('',#4745,1.);
#4745 = DIRECTION('',(-0.,1.));
#4746 = ( GEOMETRIC_REPRESENTATION_CONTEXT(2) 
PARAMETRIC_REPRESENTATION_CONTEXT() REPRESENTATION_CONTEXT('2D SPACE',''
  ) );
#4747 = ORIENTED_EDGE('',*,*,#2592,.F.);
#4748 = ADVANCED_FACE('',(#4749),#4659,.F.);
#4749 = FACE_BOUND('',#4750,.F.);
#4750 = EDGE_LOOP('',(#4751,#4774,#4802,#4823));
#4751 = ORIENTED_EDGE('',*,*,#4752,.F.);
#4752 = EDGE_CURVE('',#4753,#4644,#4755,.T.);
#4753 = VERTEX_POINT('',#4754);
#4754 = CARTESIAN_POINT('',(251.875,-1.5,-12.));
#4755 = SURFACE_CURVE('',#4756,(#4760,#4767),.PCURVE_S1.);
#4756 = LINE('',#4757,#4758);
#4757 = CARTESIAN_POINT('',(251.875,-1.5,-12.));
#4758 = VECTOR('',#4759,1.);
#4759 = DIRECTION('',(0.,0.,1.));
#4760 = PCURVE('',#4659,#4761);
#4761 = DEFINITIONAL_REPRESENTATION('',(#4762),#4766);
#4762 = LINE('',#4763,#4764);
#4763 = CARTESIAN_POINT('',(0.,0.));
#4764 = VECTOR('',#4765,1.);
#4765 = DIRECTION('',(1.,0.));
#4766 = ( GEOMETRIC_REPRESENTATION_CONTEXT(2) 
PARAMETRIC_REPRESENTATION_CONTEXT() REPRESENTATION_CONTEXT('2D SPACE',''
  ) );
#4767 = PCURVE('',#4687,#4768);
#4768 = DEFINITIONAL_REPRESENTATION('',(#4769),#4773);
#4769 = LINE('',#4770,#4771);
#4770 = CARTESIAN_POINT('',(0.,0.));
#4771 = VECTOR('',#4772,1.);
#4772 = DIRECTION('',(1.,0.));
#4773 = ( GEOMETRIC_REPRESENTATION_CONTEXT(2) 
PARAMETRIC_REPRESENTATION_CONTEXT() REPRESENTATION_CONTEXT('2D SPACE',''
  ) );
#4774 = ORIENTED_EDGE('',*,*,#4775,.T.);
#4775 = EDGE_CURVE('',#4753,#4776,#4778,.T.);
#4776 = VERTEX_POINT('',#4777);
#4777 = CARTESIAN_POINT('',(251.875,1.5,-12.));
#4778 = SURFACE_CURVE('',#4779,(#4783,#4790),.PCURVE_S1.);
#4779 = LINE('',#4780,#4781);
#4780 = CARTESIAN_POINT('',(251.875,-1.5,-12.));
#4781 = VECTOR('',#4782,1.);
#4782 = DIRECTION('',(0.,1.,0.));
#4783 = PCURVE('',#4659,#4784);
#4784 = DEFINITIONAL_REPRESENTATION('',(#4785),#4789);
#4785 = LINE('',#4786,#4787);
#4786 = CARTESIAN_POINT('',(0.,0.));
#4787 = VECTOR('',#4788,1.);
#4788 = DIRECTION('',(0.,-1.));
#4789 = ( GEOMETRIC_REPRESENTATION_CONTEXT(2) 
PARAMETRIC_REPRESENTATION_CONTEXT() REPRESENTATION_CONTEXT('2D SPACE',''
  ) );
#4790 = PCURVE('',#4791,#4796);
#4791 = PLANE('',#4792);
#4792 = AXIS2_PLACEMENT_3D('',#4793,#4794,#4795);
#4793 = CARTESIAN_POINT('',(251.875,-1.5,-12.));
#4794 = DIRECTION('',(0.,0.,1.));
#4795 = DIRECTION('',(1.,0.,0.));
#4796 = DEFINITIONAL_REPRESENTATION('',(#4797),#4801);
#4797 = LINE('',#4798,#4799);
#4798 = CARTESIAN_POINT('',(0.,0.));
#4799 = VECTOR('',#4800,1.);
#4800 = DIRECTION('',(0.,1.));
#4801 = ( GEOMETRIC_REPRESENTATION_CONTEXT(2) 
PARAMETRIC_REPRESENTATION_CONTEXT() REPRESENTATION_CONTEXT('2D SPACE',''
  ) );
#4802 = ORIENTED_EDGE('',*,*,#4803,.T.);
#4803 = EDGE_CURVE('',#4776,#4621,#4804,.T.);
#4804 = SURFACE_CURVE('',#4805,(#4809,#4816),.PCURVE_S1.);
#4805 = LINE('',#4806,#4807);
#4806 = CARTESIAN_POINT('',(251.875,1.5,-12.));
#4807 = VECTOR('',#4808,1.);
#4808 = DIRECTION('',(0.,0.,1.));
#4809 = PCURVE('',#4659,#4810);
#4810 = DEFINITIONAL_REPRESENTATION('',(#4811),#4815);
#4811 = LINE('',#4812,#4813);
#4812 = CARTESIAN_POINT('',(0.,-3.));
#4813 = VECTOR('',#4814,1.);
#4814 = DIRECTION('',(1.,0.));
#4815 = ( GEOMETRIC_REPRESENTATION_CONTEXT(2) 
PARAMETRIC_REPRESENTATION_CONTEXT() REPRESENTATION_CONTEXT('2D SPACE',''
  ) );
#4816 = PCURVE('',#2636,#4817);
#4817 = DEFINITIONAL_REPRESENTATION('',(#4818),#4822);
#4818 = LINE('',#4819,#4820);
#4819 = CARTESIAN_POINT('',(0.,0.));
#4820 = VECTOR('',#4821,1.);
#4821 = DIRECTION('',(1.,0.));
#4822 = ( GEOMETRIC_REPRESENTATION_CONTEXT(2) 
PARAMETRIC_REPRESENTATION_CONTEXT() REPRESENTATION_CONTEXT('2D SPACE',''
  ) );
#4823 = ORIENTED_EDGE('',*,*,#4643,.F.);
#4824 = ADVANCED_FACE('',(#4825),#4791,.F.);
#4825 = FACE_BOUND('',#4826,.F.);
#4826 = EDGE_LOOP('',(#4827,#4828,#4851,#4874));
#4827 = ORIENTED_EDGE('',*,*,#4775,.F.);
#4828 = ORIENTED_EDGE('',*,*,#4829,.T.);
#4829 = EDGE_CURVE('',#4753,#4830,#4832,.T.);
#4830 = VERTEX_POINT('',#4831);
#4831 = CARTESIAN_POINT('',(254.125,-1.5,-12.));
#4832 = SURFACE_CURVE('',#4833,(#4837,#4844),.PCURVE_S1.);
#4833 = LINE('',#4834,#4835);
#4834 = CARTESIAN_POINT('',(251.875,-1.5,-12.));
#4835 = VECTOR('',#4836,1.);
#4836 = DIRECTION('',(1.,0.,0.));
#4837 = PCURVE('',#4791,#4838);
#4838 = DEFINITIONAL_REPRESENTATION('',(#4839),#4843);
#4839 = LINE('',#4840,#4841);
#4840 = CARTESIAN_POINT('',(0.,0.));
#4841 = VECTOR('',#4842,1.);
#4842 = DIRECTION('',(1.,0.));
#4843 = ( GEOMETRIC_REPRESENTATION_CONTEXT(2) 
PARAMETRIC_REPRESENTATION_CONTEXT() REPRESENTATION_CONTEXT('2D SPACE',''
  ) );
#4844 = PCURVE('',#4687,#4845);
#4845 = DEFINITIONAL_REPRESENTATION('',(#4846),#4850);
#4846 = LINE('',#4847,#4848);
#4847 = CARTESIAN_POINT('',(0.,0.));
#4848 = VECTOR('',#4849,1.);
#4849 = DIRECTION('',(0.,1.));
#4850 = ( GEOMETRIC_REPRESENTATION_CONTEXT(2) 
PARAMETRIC_REPRESENTATION_CONTEXT() REPRESENTATION_CONTEXT('2D SPACE',''
  ) );
#4851 = ORIENTED_EDGE('',*,*,#4852,.T.);
#4852 = EDGE_CURVE('',#4830,#4853,#4855,.T.);
#4853 = VERTEX_POINT('',#4854);
#4854 = CARTESIAN_POINT('',(254.125,1.5,-12.));
#4855 = SURFACE_CURVE('',#4856,(#4860,#4867),.PCURVE_S1.);
#4856 = LINE('',#4857,#4858);
#4857 = CARTESIAN_POINT('',(254.125,-1.5,-12.));
#4858 = VECTOR('',#4859,1.);
#4859 = DIRECTION('',(0.,1.,0.));
#4860 = PCURVE('',#4791,#4861);
#4861 = DEFINITIONAL_REPRESENTATION('',(#4862),#4866);
#4862 = LINE('',#4863,#4864);
#4863 = CARTESIAN_POINT('',(2.25,0.));
#4864 = VECTOR('',#4865,1.);
#4865 = DIRECTION('',(0.,1.));
#4866 = ( GEOMETRIC_REPRESENTATION_CONTEXT(2) 
PARAMETRIC_REPRESENTATION_CONTEXT() REPRESENTATION_CONTEXT('2D SPACE',''
  ) );
#4867 = PCURVE('',#4715,#4868);
#4868 = DEFINITIONAL_REPRESENTATION('',(#4869),#4873);
#4869 = LINE('',#4870,#4871);
#4870 = CARTESIAN_POINT('',(0.,0.));
#4871 = VECTOR('',#4872,1.);
#4872 = DIRECTION('',(0.,-1.));
#4873 = ( GEOMETRIC_REPRESENTATION_CONTEXT(2) 
PARAMETRIC_REPRESENTATION_CONTEXT() REPRESENTATION_CONTEXT('2D SPACE',''
  ) );
#4874 = ORIENTED_EDGE('',*,*,#4875,.F.);
#4875 = EDGE_CURVE('',#4776,#4853,#4876,.T.);
#4876 = SURFACE_CURVE('',#4877,(#4881,#4888),.PCURVE_S1.);
#4877 = LINE('',#4878,#4879);
#4878 = CARTESIAN_POINT('',(251.875,1.5,-12.));
#4879 = VECTOR('',#4880,1.);
#4880 = DIRECTION('',(1.,0.,0.));
#4881 = PCURVE('',#4791,#4882);
#4882 = DEFINITIONAL_REPRESENTATION('',(#4883),#4887);
#4883 = LINE('',#4884,#4885);
#4884 = CARTESIAN_POINT('',(0.,3.));
#4885 = VECTOR('',#4886,1.);
#4886 = DIRECTION('',(1.,0.));
#4887 = ( GEOMETRIC_REPRESENTATION_CONTEXT(2) 
PARAMETRIC_REPRESENTATION_CONTEXT() REPRESENTATION_CONTEXT('2D SPACE',''
  ) );
#4888 = PCURVE('',#2636,#4889);
#4889 = DEFINITIONAL_REPRESENTATION('',(#4890),#4894);
#4890 = LINE('',#4891,#4892);
#4891 = CARTESIAN_POINT('',(0.,0.));
#4892 = VECTOR('',#4893,1.);
#4893 = DIRECTION('',(0.,1.));
#4894 = ( GEOMETRIC_REPRESENTATION_CONTEXT(2) 
PARAMETRIC_REPRESENTATION_CONTEXT() REPRESENTATION_CONTEXT('2D SPACE',''
  ) );
#4895 = ADVANCED_FACE('',(#4896),#4687,.F.);
#4896 = FACE_BOUND('',#4897,.F.);
#4897 = EDGE_LOOP('',(#4898,#4899,#4900,#4901));
#4898 = ORIENTED_EDGE('',*,*,#4829,.F.);
#4899 = ORIENTED_EDGE('',*,*,#4752,.T.);
#4900 = ORIENTED_EDGE('',*,*,#4671,.T.);
#4901 = ORIENTED_EDGE('',*,*,#4902,.F.);
#4902 = EDGE_CURVE('',#4830,#4672,#4903,.T.);
#4903 = SURFACE_CURVE('',#4904,(#4908,#4915),.PCURVE_S1.);
#4904 = LINE('',#4905,#4906);
#4905 = CARTESIAN_POINT('',(254.125,-1.5,-12.));
#4906 = VECTOR('',#4907,1.);
#4907 = DIRECTION('',(0.,0.,1.));
#4908 = PCURVE('',#4687,#4909);
#4909 = DEFINITIONAL_REPRESENTATION('',(#4910),#4914);
#4910 = LINE('',#4911,#4912);
#4911 = CARTESIAN_POINT('',(0.,2.25));
#4912 = VECTOR('',#4913,1.);
#4913 = DIRECTION('',(1.,0.));
#4914 = ( GEOMETRIC_REPRESENTATION_CONTEXT(2) 
PARAMETRIC_REPRESENTATION_CONTEXT() REPRESENTATION_CONTEXT('2D SPACE',''
  ) );
#4915 = PCURVE('',#4715,#4916);
#4916 = DEFINITIONAL_REPRESENTATION('',(#4917),#4921);
#4917 = LINE('',#4918,#4919);
#4918 = CARTESIAN_POINT('',(0.,0.));
#4919 = VECTOR('',#4920,1.);
#4920 = DIRECTION('',(1.,0.));
#4921 = ( GEOMETRIC_REPRESENTATION_CONTEXT(2) 
PARAMETRIC_REPRESENTATION_CONTEXT() REPRESENTATION_CONTEXT('2D SPACE',''
  ) );
#4922 = ADVANCED_FACE('',(#4923),#4715,.T.);
#4923 = FACE_BOUND('',#4924,.T.);
#4924 = EDGE_LOOP('',(#4925,#4926,#4927,#4928,#4951));
#4925 = ORIENTED_EDGE('',*,*,#4699,.F.);
#4926 = ORIENTED_EDGE('',*,*,#4902,.F.);
#4927 = ORIENTED_EDGE('',*,*,#4852,.T.);
#4928 = ORIENTED_EDGE('',*,*,#4929,.T.);
#4929 = EDGE_CURVE('',#4853,#4930,#4932,.T.);
#4930 = VERTEX_POINT('',#4931);
#4931 = CARTESIAN_POINT('',(254.125,1.5,-6.965315857878));
#4932 = SURFACE_CURVE('',#4933,(#4937,#4944),.PCURVE_S1.);
#4933 = LINE('',#4934,#4935);
#4934 = CARTESIAN_POINT('',(254.125,1.5,-12.));
#4935 = VECTOR('',#4936,1.);
#4936 = DIRECTION('',(0.,0.,1.));
#4937 = PCURVE('',#4715,#4938);
#4938 = DEFINITIONAL_REPRESENTATION('',(#4939),#4943);
#4939 = LINE('',#4940,#4941);
#4940 = CARTESIAN_POINT('',(0.,-3.));
#4941 = VECTOR('',#4942,1.);
#4942 = DIRECTION('',(1.,0.));
#4943 = ( GEOMETRIC_REPRESENTATION_CONTEXT(2) 
PARAMETRIC_REPRESENTATION_CONTEXT() REPRESENTATION_CONTEXT('2D SPACE',''
  ) );
#4944 = PCURVE('',#2636,#4945);
#4945 = DEFINITIONAL_REPRESENTATION('',(#4946),#4950);
#4946 = LINE('',#4947,#4948);
#4947 = CARTESIAN_POINT('',(0.,2.25));
#4948 = VECTOR('',#4949,1.);
#4949 = DIRECTION('',(1.,0.));
#4950 = ( GEOMETRIC_REPRESENTATION_CONTEXT(2) 
PARAMETRIC_REPRESENTATION_CONTEXT() REPRESENTATION_CONTEXT('2D SPACE',''
  ) );
#4951 = ORIENTED_EDGE('',*,*,#4952,.T.);
#4952 = EDGE_CURVE('',#4930,#4700,#4953,.T.);
#4953 = SURFACE_CURVE('',#4954,(#4959,#4970),.PCURVE_S1.);
#4954 = CIRCLE('',#4955,7.125);
#4955 = AXIS2_PLACEMENT_3D('',#4956,#4957,#4958);
#4956 = CARTESIAN_POINT('',(254.125,3.,-3.330669073875E-16));
#4957 = DIRECTION('',(-1.,0.,0.));
#4958 = DIRECTION('',(0.,1.110223024625E-16,1.));
#4959 = PCURVE('',#4715,#4960);
#4960 = DEFINITIONAL_REPRESENTATION('',(#4961),#4969);
#4961 = ( BOUNDED_CURVE() B_SPLINE_CURVE(2,(#4962,#4963,#4964,#4965,
#4966,#4967,#4968),.UNSPECIFIED.,.T.,.F.) B_SPLINE_CURVE_WITH_KNOTS((1,2
    ,2,2,2,1),(-2.094395102393,0.,2.094395102393,4.188790204786,
6.28318530718,8.377580409573),.UNSPECIFIED.) CURVE() 
GEOMETRIC_REPRESENTATION_ITEM() RATIONAL_B_SPLINE_CURVE((1.,0.5,1.,0.5,
1.,0.5,1.)) REPRESENTATION_ITEM('') );
#4962 = CARTESIAN_POINT('',(19.125,-4.5));
#4963 = CARTESIAN_POINT('',(19.125,-16.84086200392));
#4964 = CARTESIAN_POINT('',(8.4375,-10.67043100196));
#4965 = CARTESIAN_POINT('',(-2.25,-4.5));
#4966 = CARTESIAN_POINT('',(8.4375,1.670431001964));
#4967 = CARTESIAN_POINT('',(19.125,7.840862003928));
#4968 = CARTESIAN_POINT('',(19.125,-4.5));
#4969 = ( GEOMETRIC_REPRESENTATION_CONTEXT(2) 
PARAMETRIC_REPRESENTATION_CONTEXT() REPRESENTATION_CONTEXT('2D SPACE',''
  ) );
#4970 = PCURVE('',#2228,#4971);
#4971 = DEFINITIONAL_REPRESENTATION('',(#4972),#4976);
#4972 = LINE('',#4973,#4974);
#4973 = CARTESIAN_POINT('',(-6.28318530718,-1.125));
#4974 = VECTOR('',#4975,1.);
#4975 = DIRECTION('',(1.,-0.));
#4976 = ( GEOMETRIC_REPRESENTATION_CONTEXT(2) 
PARAMETRIC_REPRESENTATION_CONTEXT() REPRESENTATION_CONTEXT('2D SPACE',''
  ) );
#4977 = ADVANCED_FACE('',(#4978),#2340,.F.);
#4978 = FACE_BOUND('',#4979,.F.);
#4979 = EDGE_LOOP('',(#4980,#4981,#4982,#4983));
#4980 = ORIENTED_EDGE('',*,*,#3854,.F.);
#4981 = ORIENTED_EDGE('',*,*,#3484,.T.);
#4982 = ORIENTED_EDGE('',*,*,#2324,.F.);
#4983 = ORIENTED_EDGE('',*,*,#4984,.F.);
#4984 = EDGE_CURVE('',#3855,#2297,#4985,.T.);
#4985 = SURFACE_CURVE('',#4986,(#4990,#4997),.PCURVE_S1.);
#4986 = LINE('',#4987,#4988);
#4987 = CARTESIAN_POINT('',(251.875,7.5,1.5));
#4988 = VECTOR('',#4989,1.);
#4989 = DIRECTION('',(1.,0.,0.));
#4990 = PCURVE('',#2340,#4991);
#4991 = DEFINITIONAL_REPRESENTATION('',(#4992),#4996);
#4992 = LINE('',#4993,#4994);
#4993 = CARTESIAN_POINT('',(0.,1.20577136594));
#4994 = VECTOR('',#4995,1.);
#4995 = DIRECTION('',(1.,0.));
#4996 = ( GEOMETRIC_REPRESENTATION_CONTEXT(2) 
PARAMETRIC_REPRESENTATION_CONTEXT() REPRESENTATION_CONTEXT('2D SPACE',''
  ) );
#4997 = PCURVE('',#2312,#4998);
#4998 = DEFINITIONAL_REPRESENTATION('',(#4999),#5003);
#4999 = LINE('',#5000,#5001);
#5000 = CARTESIAN_POINT('',(4.5,0.));
#5001 = VECTOR('',#5002,1.);
#5002 = DIRECTION('',(0.,1.));
#5003 = ( GEOMETRIC_REPRESENTATION_CONTEXT(2) 
PARAMETRIC_REPRESENTATION_CONTEXT() REPRESENTATION_CONTEXT('2D SPACE',''
  ) );
#5004 = ADVANCED_FACE('',(#5005),#2636,.T.);
#5005 = FACE_BOUND('',#5006,.T.);
#5006 = EDGE_LOOP('',(#5007,#5008,#5009,#5010,#5011,#5012));
#5007 = ORIENTED_EDGE('',*,*,#4929,.F.);
#5008 = ORIENTED_EDGE('',*,*,#4875,.F.);
#5009 = ORIENTED_EDGE('',*,*,#4803,.T.);
#5010 = ORIENTED_EDGE('',*,*,#4620,.T.);
#5011 = ORIENTED_EDGE('',*,*,#2620,.F.);
#5012 = ORIENTED_EDGE('',*,*,#5013,.F.);
#5013 = EDGE_CURVE('',#4930,#2621,#5014,.T.);
#5014 = SURFACE_CURVE('',#5015,(#5019,#5026),.PCURVE_S1.);
#5015 = LINE('',#5016,#5017);
#5016 = CARTESIAN_POINT('',(253.,1.5,-6.965315857878));
#5017 = VECTOR('',#5018,1.);
#5018 = DIRECTION('',(-1.,0.,-0.));
#5019 = PCURVE('',#2636,#5020);
#5020 = DEFINITIONAL_REPRESENTATION('',(#5021),#5025);
#5021 = LINE('',#5022,#5023);
#5022 = CARTESIAN_POINT('',(5.034684142122,1.125));
#5023 = VECTOR('',#5024,1.);
#5024 = DIRECTION('',(0.,-1.));
#5025 = ( GEOMETRIC_REPRESENTATION_CONTEXT(2) 
PARAMETRIC_REPRESENTATION_CONTEXT() REPRESENTATION_CONTEXT('2D SPACE',''
  ) );
#5026 = PCURVE('',#2228,#5027);
#5027 = DEFINITIONAL_REPRESENTATION('',(#5028),#5032);
#5028 = LINE('',#5029,#5030);
#5029 = CARTESIAN_POINT('',(-2.929479343111,0.));
#5030 = VECTOR('',#5031,1.);
#5031 = DIRECTION('',(-0.,1.));
#5032 = ( GEOMETRIC_REPRESENTATION_CONTEXT(2) 
PARAMETRIC_REPRESENTATION_CONTEXT() REPRESENTATION_CONTEXT('2D SPACE',''
  ) );
#5033 = ADVANCED_FACE('',(#5034),#2312,.F.);
#5034 = FACE_BOUND('',#5035,.F.);
#5035 = EDGE_LOOP('',(#5036,#5057,#5058,#5059));
#5036 = ORIENTED_EDGE('',*,*,#5037,.F.);
#5037 = EDGE_CURVE('',#3619,#2269,#5038,.T.);
#5038 = SURFACE_CURVE('',#5039,(#5043,#5050),.PCURVE_S1.);
#5039 = LINE('',#5040,#5041);
#5040 = CARTESIAN_POINT('',(251.875,7.5,-1.5));
#5041 = VECTOR('',#5042,1.);
#5042 = DIRECTION('',(1.,0.,0.));
#5043 = PCURVE('',#2312,#5044);
#5044 = DEFINITIONAL_REPRESENTATION('',(#5045),#5049);
#5045 = LINE('',#5046,#5047);
#5046 = CARTESIAN_POINT('',(1.5,0.));
#5047 = VECTOR('',#5048,1.);
#5048 = DIRECTION('',(0.,1.));
#5049 = ( GEOMETRIC_REPRESENTATION_CONTEXT(2) 
PARAMETRIC_REPRESENTATION_CONTEXT() REPRESENTATION_CONTEXT('2D SPACE',''
  ) );
#5050 = PCURVE('',#2284,#5051);
#5051 = DEFINITIONAL_REPRESENTATION('',(#5052),#5056);
#5052 = LINE('',#5053,#5054);
#5053 = CARTESIAN_POINT('',(0.,1.20577136594));
#5054 = VECTOR('',#5055,1.);
#5055 = DIRECTION('',(1.,0.));
#5056 = ( GEOMETRIC_REPRESENTATION_CONTEXT(2) 
PARAMETRIC_REPRESENTATION_CONTEXT() REPRESENTATION_CONTEXT('2D SPACE',''
  ) );
#5057 = ORIENTED_EDGE('',*,*,#3877,.T.);
#5058 = ORIENTED_EDGE('',*,*,#4984,.T.);
#5059 = ORIENTED_EDGE('',*,*,#2296,.F.);
#5060 = ADVANCED_FACE('',(#5061),#2284,.T.);
#5061 = FACE_BOUND('',#5062,.T.);
#5062 = EDGE_LOOP('',(#5063,#5064,#5085,#5086));
#5063 = ORIENTED_EDGE('',*,*,#3616,.F.);
#5064 = ORIENTED_EDGE('',*,*,#5065,.T.);
#5065 = EDGE_CURVE('',#3617,#2241,#5066,.T.);
#5066 = SURFACE_CURVE('',#5067,(#5071,#5078),.PCURVE_S1.);
#5067 = LINE('',#5068,#5069);
#5068 = CARTESIAN_POINT('',(251.875,6.29422863406,-1.5));
#5069 = VECTOR('',#5070,1.);
#5070 = DIRECTION('',(1.,0.,0.));
#5071 = PCURVE('',#2284,#5072);
#5072 = DEFINITIONAL_REPRESENTATION('',(#5073),#5077);
#5073 = LINE('',#5074,#5075);
#5074 = CARTESIAN_POINT('',(0.,0.));
#5075 = VECTOR('',#5076,1.);
#5076 = DIRECTION('',(1.,0.));
#5077 = ( GEOMETRIC_REPRESENTATION_CONTEXT(2) 
PARAMETRIC_REPRESENTATION_CONTEXT() REPRESENTATION_CONTEXT('2D SPACE',''
  ) );
#5078 = PCURVE('',#2256,#5079);
#5079 = DEFINITIONAL_REPRESENTATION('',(#5080),#5084);
#5080 = LINE('',#5081,#5082);
#5081 = CARTESIAN_POINT('',(6.,0.));
#5082 = VECTOR('',#5083,1.);
#5083 = DIRECTION('',(0.,1.));
#5084 = ( GEOMETRIC_REPRESENTATION_CONTEXT(2) 
PARAMETRIC_REPRESENTATION_CONTEXT() REPRESENTATION_CONTEXT('2D SPACE',''
  ) );
#5085 = ORIENTED_EDGE('',*,*,#2268,.F.);
#5086 = ORIENTED_EDGE('',*,*,#5037,.F.);
#5087 = ADVANCED_FACE('',(#5088),#2688,.F.);
#5088 = FACE_BOUND('',#5089,.F.);
#5089 = EDGE_LOOP('',(#5090,#5120,#5148,#5176,#5197,#5198));
#5090 = ORIENTED_EDGE('',*,*,#5091,.F.);
#5091 = EDGE_CURVE('',#5092,#5094,#5096,.T.);
#5092 = VERTEX_POINT('',#5093);
#5093 = CARTESIAN_POINT('',(254.125,3.,-10.79422863406));
#5094 = VERTEX_POINT('',#5095);
#5095 = CARTESIAN_POINT('',(254.125,3.,-7.125));
#5096 = SURFACE_CURVE('',#5097,(#5101,#5108),.PCURVE_S1.);
#5097 = LINE('',#5098,#5099);
#5098 = CARTESIAN_POINT('',(254.125,3.,-10.79422863406));
#5099 = VECTOR('',#5100,1.);
#5100 = DIRECTION('',(0.,0.,1.));
#5101 = PCURVE('',#2688,#5102);
#5102 = DEFINITIONAL_REPRESENTATION('',(#5103),#5107);
#5103 = LINE('',#5104,#5105);
#5104 = CARTESIAN_POINT('',(0.,2.25));
#5105 = VECTOR('',#5106,1.);
#5106 = DIRECTION('',(1.,0.));
#5107 = ( GEOMETRIC_REPRESENTATION_CONTEXT(2) 
PARAMETRIC_REPRESENTATION_CONTEXT() REPRESENTATION_CONTEXT('2D SPACE',''
  ) );
#5108 = PCURVE('',#5109,#5114);
#5109 = PLANE('',#5110);
#5110 = AXIS2_PLACEMENT_3D('',#5111,#5112,#5113);
#5111 = CARTESIAN_POINT('',(254.125,3.,-10.79422863406));
#5112 = DIRECTION('',(1.,0.,0.));
#5113 = DIRECTION('',(0.,0.,1.));
#5114 = DEFINITIONAL_REPRESENTATION('',(#5115),#5119);
#5115 = LINE('',#5116,#5117);
#5116 = CARTESIAN_POINT('',(0.,0.));
#5117 = VECTOR('',#5118,1.);
#5118 = DIRECTION('',(1.,0.));
#5119 = ( GEOMETRIC_REPRESENTATION_CONTEXT(2) 
PARAMETRIC_REPRESENTATION_CONTEXT() REPRESENTATION_CONTEXT('2D SPACE',''
  ) );
#5120 = ORIENTED_EDGE('',*,*,#5121,.F.);
#5121 = EDGE_CURVE('',#5122,#5092,#5124,.T.);
#5122 = VERTEX_POINT('',#5123);
#5123 = CARTESIAN_POINT('',(251.875,3.,-10.79422863406));
#5124 = SURFACE_CURVE('',#5125,(#5129,#5136),.PCURVE_S1.);
#5125 = LINE('',#5126,#5127);
#5126 = CARTESIAN_POINT('',(251.875,3.,-10.79422863406));
#5127 = VECTOR('',#5128,1.);
#5128 = DIRECTION('',(1.,0.,0.));
#5129 = PCURVE('',#2688,#5130);
#5130 = DEFINITIONAL_REPRESENTATION('',(#5131),#5135);
#5131 = LINE('',#5132,#5133);
#5132 = CARTESIAN_POINT('',(0.,0.));
#5133 = VECTOR('',#5134,1.);
#5134 = DIRECTION('',(0.,1.));
#5135 = ( GEOMETRIC_REPRESENTATION_CONTEXT(2) 
PARAMETRIC_REPRESENTATION_CONTEXT() REPRESENTATION_CONTEXT('2D SPACE',''
  ) );
#5136 = PCURVE('',#5137,#5142);
#5137 = PLANE('',#5138);
#5138 = AXIS2_PLACEMENT_3D('',#5139,#5140,#5141);
#5139 = CARTESIAN_POINT('',(251.875,3.,-10.79422863406));
#5140 = DIRECTION('',(0.,0.,1.));
#5141 = DIRECTION('',(1.,0.,0.));
#5142 = DEFINITIONAL_REPRESENTATION('',(#5143),#5147);
#5143 = LINE('',#5144,#5145);
#5144 = CARTESIAN_POINT('',(0.,0.));
#5145 = VECTOR('',#5146,1.);
#5146 = DIRECTION('',(1.,0.));
#5147 = ( GEOMETRIC_REPRESENTATION_CONTEXT(2) 
PARAMETRIC_REPRESENTATION_CONTEXT() REPRESENTATION_CONTEXT('2D SPACE',''
  ) );
#5148 = ORIENTED_EDGE('',*,*,#5149,.T.);
#5149 = EDGE_CURVE('',#5122,#5150,#5152,.T.);
#5150 = VERTEX_POINT('',#5151);
#5151 = CARTESIAN_POINT('',(251.875,3.,-4.79422863406));
#5152 = SURFACE_CURVE('',#5153,(#5157,#5164),.PCURVE_S1.);
#5153 = LINE('',#5154,#5155);
#5154 = CARTESIAN_POINT('',(251.875,3.,-10.79422863406));
#5155 = VECTOR('',#5156,1.);
#5156 = DIRECTION('',(0.,0.,1.));
#5157 = PCURVE('',#2688,#5158);
#5158 = DEFINITIONAL_REPRESENTATION('',(#5159),#5163);
#5159 = LINE('',#5160,#5161);
#5160 = CARTESIAN_POINT('',(0.,0.));
#5161 = VECTOR('',#5162,1.);
#5162 = DIRECTION('',(1.,0.));
#5163 = ( GEOMETRIC_REPRESENTATION_CONTEXT(2) 
PARAMETRIC_REPRESENTATION_CONTEXT() REPRESENTATION_CONTEXT('2D SPACE',''
  ) );
#5164 = PCURVE('',#5165,#5170);
#5165 = PLANE('',#5166);
#5166 = AXIS2_PLACEMENT_3D('',#5167,#5168,#5169);
#5167 = CARTESIAN_POINT('',(251.875,3.,-10.79422863406));
#5168 = DIRECTION('',(1.,0.,0.));
#5169 = DIRECTION('',(0.,0.,1.));
#5170 = DEFINITIONAL_REPRESENTATION('',(#5171),#5175);
#5171 = LINE('',#5172,#5173);
#5172 = CARTESIAN_POINT('',(0.,0.));
#5173 = VECTOR('',#5174,1.);
#5174 = DIRECTION('',(1.,0.));
#5175 = ( GEOMETRIC_REPRESENTATION_CONTEXT(2) 
PARAMETRIC_REPRESENTATION_CONTEXT() REPRESENTATION_CONTEXT('2D SPACE',''
  ) );
#5176 = ORIENTED_EDGE('',*,*,#5177,.T.);
#5177 = EDGE_CURVE('',#5150,#2673,#5178,.T.);
#5178 = SURFACE_CURVE('',#5179,(#5183,#5190),.PCURVE_S1.);
#5179 = LINE('',#5180,#5181);
#5180 = CARTESIAN_POINT('',(251.875,3.,-4.79422863406));
#5181 = VECTOR('',#5182,1.);
#5182 = DIRECTION('',(1.,0.,0.));
#5183 = PCURVE('',#2688,#5184);
#5184 = DEFINITIONAL_REPRESENTATION('',(#5185),#5189);
#5185 = LINE('',#5186,#5187);
#5186 = CARTESIAN_POINT('',(6.,0.));
#5187 = VECTOR('',#5188,1.);
#5188 = DIRECTION('',(0.,1.));
#5189 = ( GEOMETRIC_REPRESENTATION_CONTEXT(2) 
PARAMETRIC_REPRESENTATION_CONTEXT() REPRESENTATION_CONTEXT('2D SPACE',''
  ) );
#5190 = PCURVE('',#2714,#5191);
#5191 = DEFINITIONAL_REPRESENTATION('',(#5192),#5196);
#5192 = LINE('',#5193,#5194);
#5193 = CARTESIAN_POINT('',(0.,0.));
#5194 = VECTOR('',#5195,1.);
#5195 = DIRECTION('',(1.,0.));
#5196 = ( GEOMETRIC_REPRESENTATION_CONTEXT(2) 
PARAMETRIC_REPRESENTATION_CONTEXT() REPRESENTATION_CONTEXT('2D SPACE',''
  ) );
#5197 = ORIENTED_EDGE('',*,*,#2672,.F.);
#5198 = ORIENTED_EDGE('',*,*,#5199,.F.);
#5199 = EDGE_CURVE('',#5094,#2649,#5200,.T.);
#5200 = SURFACE_CURVE('',#5201,(#5205,#5212),.PCURVE_S1.);
#5201 = LINE('',#5202,#5203);
#5202 = CARTESIAN_POINT('',(253.,3.,-7.125));
#5203 = VECTOR('',#5204,1.);
#5204 = DIRECTION('',(-1.,0.,-0.));
#5205 = PCURVE('',#2688,#5206);
#5206 = DEFINITIONAL_REPRESENTATION('',(#5207),#5211);
#5207 = LINE('',#5208,#5209);
#5208 = CARTESIAN_POINT('',(3.66922863406,1.125));
#5209 = VECTOR('',#5210,1.);
#5210 = DIRECTION('',(0.,-1.));
#5211 = ( GEOMETRIC_REPRESENTATION_CONTEXT(2) 
PARAMETRIC_REPRESENTATION_CONTEXT() REPRESENTATION_CONTEXT('2D SPACE',''
  ) );
#5212 = PCURVE('',#2228,#5213);
#5213 = DEFINITIONAL_REPRESENTATION('',(#5214),#5218);
#5214 = LINE('',#5215,#5216);
#5215 = CARTESIAN_POINT('',(-3.14159265359,0.));
#5216 = VECTOR('',#5217,1.);
#5217 = DIRECTION('',(-0.,1.));
#5218 = ( GEOMETRIC_REPRESENTATION_CONTEXT(2) 
PARAMETRIC_REPRESENTATION_CONTEXT() REPRESENTATION_CONTEXT('2D SPACE',''
  ) );
#5219 = ADVANCED_FACE('',(#5220),#5137,.F.);
#5220 = FACE_BOUND('',#5221,.F.);
#5221 = EDGE_LOOP('',(#5222,#5245,#5246,#5269));
#5222 = ORIENTED_EDGE('',*,*,#5223,.F.);
#5223 = EDGE_CURVE('',#5122,#5224,#5226,.T.);
#5224 = VERTEX_POINT('',#5225);
#5225 = CARTESIAN_POINT('',(251.875,6.,-10.79422863406));
#5226 = SURFACE_CURVE('',#5227,(#5231,#5238),.PCURVE_S1.);
#5227 = LINE('',#5228,#5229);
#5228 = CARTESIAN_POINT('',(251.875,3.,-10.79422863406));
#5229 = VECTOR('',#5230,1.);
#5230 = DIRECTION('',(0.,1.,0.));
#5231 = PCURVE('',#5137,#5232);
#5232 = DEFINITIONAL_REPRESENTATION('',(#5233),#5237);
#5233 = LINE('',#5234,#5235);
#5234 = CARTESIAN_POINT('',(0.,0.));
#5235 = VECTOR('',#5236,1.);
#5236 = DIRECTION('',(0.,1.));
#5237 = ( GEOMETRIC_REPRESENTATION_CONTEXT(2) 
PARAMETRIC_REPRESENTATION_CONTEXT() REPRESENTATION_CONTEXT('2D SPACE',''
  ) );
#5238 = PCURVE('',#5165,#5239);
#5239 = DEFINITIONAL_REPRESENTATION('',(#5240),#5244);
#5240 = LINE('',#5241,#5242);
#5241 = CARTESIAN_POINT('',(0.,0.));
#5242 = VECTOR('',#5243,1.);
#5243 = DIRECTION('',(0.,-1.));
#5244 = ( GEOMETRIC_REPRESENTATION_CONTEXT(2) 
PARAMETRIC_REPRESENTATION_CONTEXT() REPRESENTATION_CONTEXT('2D SPACE',''
  ) );
#5245 = ORIENTED_EDGE('',*,*,#5121,.T.);
#5246 = ORIENTED_EDGE('',*,*,#5247,.T.);
#5247 = EDGE_CURVE('',#5092,#5248,#5250,.T.);
#5248 = VERTEX_POINT('',#5249);
#5249 = CARTESIAN_POINT('',(254.125,6.,-10.79422863406));
#5250 = SURFACE_CURVE('',#5251,(#5255,#5262),.PCURVE_S1.);
#5251 = LINE('',#5252,#5253);
#5252 = CARTESIAN_POINT('',(254.125,3.,-10.79422863406));
#5253 = VECTOR('',#5254,1.);
#5254 = DIRECTION('',(0.,1.,0.));
#5255 = PCURVE('',#5137,#5256);
#5256 = DEFINITIONAL_REPRESENTATION('',(#5257),#5261);
#5257 = LINE('',#5258,#5259);
#5258 = CARTESIAN_POINT('',(2.25,0.));
#5259 = VECTOR('',#5260,1.);
#5260 = DIRECTION('',(0.,1.));
#5261 = ( GEOMETRIC_REPRESENTATION_CONTEXT(2) 
PARAMETRIC_REPRESENTATION_CONTEXT() REPRESENTATION_CONTEXT('2D SPACE',''
  ) );
#5262 = PCURVE('',#5109,#5263);
#5263 = DEFINITIONAL_REPRESENTATION('',(#5264),#5268);
#5264 = LINE('',#5265,#5266);
#5265 = CARTESIAN_POINT('',(0.,0.));
#5266 = VECTOR('',#5267,1.);
#5267 = DIRECTION('',(0.,-1.));
#5268 = ( GEOMETRIC_REPRESENTATION_CONTEXT(2) 
PARAMETRIC_REPRESENTATION_CONTEXT() REPRESENTATION_CONTEXT('2D SPACE',''
  ) );
#5269 = ORIENTED_EDGE('',*,*,#5270,.F.);
#5270 = EDGE_CURVE('',#5224,#5248,#5271,.T.);
#5271 = SURFACE_CURVE('',#5272,(#5276,#5283),.PCURVE_S1.);
#5272 = LINE('',#5273,#5274);
#5273 = CARTESIAN_POINT('',(251.875,6.,-10.79422863406));
#5274 = VECTOR('',#5275,1.);
#5275 = DIRECTION('',(1.,0.,0.));
#5276 = PCURVE('',#5137,#5277);
#5277 = DEFINITIONAL_REPRESENTATION('',(#5278),#5282);
#5278 = LINE('',#5279,#5280);
#5279 = CARTESIAN_POINT('',(0.,3.));
#5280 = VECTOR('',#5281,1.);
#5281 = DIRECTION('',(1.,0.));
#5282 = ( GEOMETRIC_REPRESENTATION_CONTEXT(2) 
PARAMETRIC_REPRESENTATION_CONTEXT() REPRESENTATION_CONTEXT('2D SPACE',''
  ) );
#5283 = PCURVE('',#2199,#5284);
#5284 = DEFINITIONAL_REPRESENTATION('',(#5285),#5289);
#5285 = LINE('',#5286,#5287);
#5286 = CARTESIAN_POINT('',(0.,0.));
#5287 = VECTOR('',#5288,1.);
#5288 = DIRECTION('',(0.,1.));
#5289 = ( GEOMETRIC_REPRESENTATION_CONTEXT(2) 
PARAMETRIC_REPRESENTATION_CONTEXT() REPRESENTATION_CONTEXT('2D SPACE',''
  ) );
#5290 = ADVANCED_FACE('',(#5291),#5165,.F.);
#5291 = FACE_BOUND('',#5292,.F.);
#5292 = EDGE_LOOP('',(#5293,#5294,#5295,#5318));
#5293 = ORIENTED_EDGE('',*,*,#5149,.F.);
#5294 = ORIENTED_EDGE('',*,*,#5223,.T.);
#5295 = ORIENTED_EDGE('',*,*,#5296,.T.);
#5296 = EDGE_CURVE('',#5224,#5297,#5299,.T.);
#5297 = VERTEX_POINT('',#5298);
#5298 = CARTESIAN_POINT('',(251.875,6.,-4.79422863406));
#5299 = SURFACE_CURVE('',#5300,(#5304,#5311),.PCURVE_S1.);
#5300 = LINE('',#5301,#5302);
#5301 = CARTESIAN_POINT('',(251.875,6.,-10.79422863406));
#5302 = VECTOR('',#5303,1.);
#5303 = DIRECTION('',(0.,0.,1.));
#5304 = PCURVE('',#5165,#5305);
#5305 = DEFINITIONAL_REPRESENTATION('',(#5306),#5310);
#5306 = LINE('',#5307,#5308);
#5307 = CARTESIAN_POINT('',(0.,-3.));
#5308 = VECTOR('',#5309,1.);
#5309 = DIRECTION('',(1.,0.));
#5310 = ( GEOMETRIC_REPRESENTATION_CONTEXT(2) 
PARAMETRIC_REPRESENTATION_CONTEXT() REPRESENTATION_CONTEXT('2D SPACE',''
  ) );
#5311 = PCURVE('',#2199,#5312);
#5312 = DEFINITIONAL_REPRESENTATION('',(#5313),#5317);
#5313 = LINE('',#5314,#5315);
#5314 = CARTESIAN_POINT('',(0.,0.));
#5315 = VECTOR('',#5316,1.);
#5316 = DIRECTION('',(1.,0.));
#5317 = ( GEOMETRIC_REPRESENTATION_CONTEXT(2) 
PARAMETRIC_REPRESENTATION_CONTEXT() REPRESENTATION_CONTEXT('2D SPACE',''
  ) );
#5318 = ORIENTED_EDGE('',*,*,#5319,.F.);
#5319 = EDGE_CURVE('',#5150,#5297,#5320,.T.);
#5320 = SURFACE_CURVE('',#5321,(#5325,#5332),.PCURVE_S1.);
#5321 = LINE('',#5322,#5323);
#5322 = CARTESIAN_POINT('',(251.875,3.,-4.79422863406));
#5323 = VECTOR('',#5324,1.);
#5324 = DIRECTION('',(0.,1.,0.));
#5325 = PCURVE('',#5165,#5326);
#5326 = DEFINITIONAL_REPRESENTATION('',(#5327),#5331);
#5327 = LINE('',#5328,#5329);
#5328 = CARTESIAN_POINT('',(6.,0.));
#5329 = VECTOR('',#5330,1.);
#5330 = DIRECTION('',(0.,-1.));
#5331 = ( GEOMETRIC_REPRESENTATION_CONTEXT(2) 
PARAMETRIC_REPRESENTATION_CONTEXT() REPRESENTATION_CONTEXT('2D SPACE',''
  ) );
#5332 = PCURVE('',#2714,#5333);
#5333 = DEFINITIONAL_REPRESENTATION('',(#5334),#5338);
#5334 = LINE('',#5335,#5336);
#5335 = CARTESIAN_POINT('',(0.,0.));
#5336 = VECTOR('',#5337,1.);
#5337 = DIRECTION('',(0.,1.));
#5338 = ( GEOMETRIC_REPRESENTATION_CONTEXT(2) 
PARAMETRIC_REPRESENTATION_CONTEXT() REPRESENTATION_CONTEXT('2D SPACE',''
  ) );
#5339 = ADVANCED_FACE('',(#5340),#5109,.T.);
#5340 = FACE_BOUND('',#5341,.T.);
#5341 = EDGE_LOOP('',(#5342,#5343,#5344,#5367));
#5342 = ORIENTED_EDGE('',*,*,#5091,.F.);
#5343 = ORIENTED_EDGE('',*,*,#5247,.T.);
#5344 = ORIENTED_EDGE('',*,*,#5345,.T.);
#5345 = EDGE_CURVE('',#5248,#5346,#5348,.T.);
#5346 = VERTEX_POINT('',#5347);
#5347 = CARTESIAN_POINT('',(254.125,6.,-6.462632977355));
#5348 = SURFACE_CURVE('',#5349,(#5353,#5360),.PCURVE_S1.);
#5349 = LINE('',#5350,#5351);
#5350 = CARTESIAN_POINT('',(254.125,6.,-10.79422863406));
#5351 = VECTOR('',#5352,1.);
#5352 = DIRECTION('',(0.,0.,1.));
#5353 = PCURVE('',#5109,#5354);
#5354 = DEFINITIONAL_REPRESENTATION('',(#5355),#5359);
#5355 = LINE('',#5356,#5357);
#5356 = CARTESIAN_POINT('',(0.,-3.));
#5357 = VECTOR('',#5358,1.);
#5358 = DIRECTION('',(1.,0.));
#5359 = ( GEOMETRIC_REPRESENTATION_CONTEXT(2) 
PARAMETRIC_REPRESENTATION_CONTEXT() REPRESENTATION_CONTEXT('2D SPACE',''
  ) );
#5360 = PCURVE('',#2199,#5361);
#5361 = DEFINITIONAL_REPRESENTATION('',(#5362),#5366);
#5362 = LINE('',#5363,#5364);
#5363 = CARTESIAN_POINT('',(0.,2.25));
#5364 = VECTOR('',#5365,1.);
#5365 = DIRECTION('',(1.,0.));
#5366 = ( GEOMETRIC_REPRESENTATION_CONTEXT(2) 
PARAMETRIC_REPRESENTATION_CONTEXT() REPRESENTATION_CONTEXT('2D SPACE',''
  ) );
#5367 = ORIENTED_EDGE('',*,*,#5368,.T.);
#5368 = EDGE_CURVE('',#5346,#5094,#5369,.T.);
#5369 = SURFACE_CURVE('',#5370,(#5375,#5386),.PCURVE_S1.);
#5370 = CIRCLE('',#5371,7.125);
#5371 = AXIS2_PLACEMENT_3D('',#5372,#5373,#5374);
#5372 = CARTESIAN_POINT('',(254.125,3.,-3.330669073875E-16));
#5373 = DIRECTION('',(-1.,0.,0.));
#5374 = DIRECTION('',(0.,1.110223024625E-16,1.));
#5375 = PCURVE('',#5109,#5376);
#5376 = DEFINITIONAL_REPRESENTATION('',(#5377),#5385);
#5377 = ( BOUNDED_CURVE() B_SPLINE_CURVE(2,(#5378,#5379,#5380,#5381,
#5382,#5383,#5384),.UNSPECIFIED.,.T.,.F.) B_SPLINE_CURVE_WITH_KNOTS((1,2
    ,2,2,2,1),(-2.094395102393,0.,2.094395102393,4.188790204786,
6.28318530718,8.377580409573),.UNSPECIFIED.) CURVE() 
GEOMETRIC_REPRESENTATION_ITEM() RATIONAL_B_SPLINE_CURVE((1.,0.5,1.,0.5,
1.,0.5,1.)) REPRESENTATION_ITEM('') );
#5378 = CARTESIAN_POINT('',(17.91922863406,9.71445146547E-17));
#5379 = CARTESIAN_POINT('',(17.91922863406,-12.34086200392));
#5380 = CARTESIAN_POINT('',(7.23172863406,-6.170431001964));
#5381 = CARTESIAN_POINT('',(-3.45577136594,7.25124541006E-16));
#5382 = CARTESIAN_POINT('',(7.23172863406,6.170431001964));
#5383 = CARTESIAN_POINT('',(17.91922863406,12.340862003928));
#5384 = CARTESIAN_POINT('',(17.91922863406,9.71445146547E-17));
#5385 = ( GEOMETRIC_REPRESENTATION_CONTEXT(2) 
PARAMETRIC_REPRESENTATION_CONTEXT() REPRESENTATION_CONTEXT('2D SPACE',''
  ) );
#5386 = PCURVE('',#2228,#5387);
#5387 = DEFINITIONAL_REPRESENTATION('',(#5388),#5392);
#5388 = LINE('',#5389,#5390);
#5389 = CARTESIAN_POINT('',(-6.28318530718,-1.125));
#5390 = VECTOR('',#5391,1.);
#5391 = DIRECTION('',(1.,-0.));
#5392 = ( GEOMETRIC_REPRESENTATION_CONTEXT(2) 
PARAMETRIC_REPRESENTATION_CONTEXT() REPRESENTATION_CONTEXT('2D SPACE',''
  ) );
#5393 = ADVANCED_FACE('',(#5394),#2256,.F.);
#5394 = FACE_BOUND('',#5395,.F.);
#5395 = EDGE_LOOP('',(#5396,#5397,#5398,#5399,#5400,#5401));
#5396 = ORIENTED_EDGE('',*,*,#4458,.F.);
#5397 = ORIENTED_EDGE('',*,*,#4535,.F.);
#5398 = ORIENTED_EDGE('',*,*,#3641,.T.);
#5399 = ORIENTED_EDGE('',*,*,#5065,.T.);
#5400 = ORIENTED_EDGE('',*,*,#2240,.F.);
#5401 = ORIENTED_EDGE('',*,*,#5402,.F.);
#5402 = EDGE_CURVE('',#4461,#2212,#5403,.T.);
#5403 = SURFACE_CURVE('',#5404,(#5408,#5415),.PCURVE_S1.);
#5404 = LINE('',#5405,#5406);
#5405 = CARTESIAN_POINT('',(253.,6.29422863406,-6.317727653717));
#5406 = VECTOR('',#5407,1.);
#5407 = DIRECTION('',(-1.,0.,-0.));
#5408 = PCURVE('',#2256,#5409);
#5409 = DEFINITIONAL_REPRESENTATION('',(#5410),#5414);
#5410 = LINE('',#5411,#5412);
#5411 = CARTESIAN_POINT('',(1.182272346283,1.125));
#5412 = VECTOR('',#5413,1.);
#5413 = DIRECTION('',(0.,-1.));
#5414 = ( GEOMETRIC_REPRESENTATION_CONTEXT(2) 
PARAMETRIC_REPRESENTATION_CONTEXT() REPRESENTATION_CONTEXT('2D SPACE',''
  ) );
#5415 = PCURVE('',#2228,#5416);
#5416 = DEFINITIONAL_REPRESENTATION('',(#5417),#5421);
#5417 = LINE('',#5418,#5419);
#5418 = CARTESIAN_POINT('',(-3.622233917586,0.));
#5419 = VECTOR('',#5420,1.);
#5420 = DIRECTION('',(-0.,1.));
#5421 = ( GEOMETRIC_REPRESENTATION_CONTEXT(2) 
PARAMETRIC_REPRESENTATION_CONTEXT() REPRESENTATION_CONTEXT('2D SPACE',''
  ) );
#5422 = ADVANCED_FACE('',(#5423),#2714,.T.);
#5423 = FACE_BOUND('',#5424,.T.);
#5424 = EDGE_LOOP('',(#5425,#5446,#5447,#5448));
#5425 = ORIENTED_EDGE('',*,*,#5426,.F.);
#5426 = EDGE_CURVE('',#5297,#2184,#5427,.T.);
#5427 = SURFACE_CURVE('',#5428,(#5432,#5439),.PCURVE_S1.);
#5428 = LINE('',#5429,#5430);
#5429 = CARTESIAN_POINT('',(251.875,6.,-4.79422863406));
#5430 = VECTOR('',#5431,1.);
#5431 = DIRECTION('',(1.,0.,0.));
#5432 = PCURVE('',#2714,#5433);
#5433 = DEFINITIONAL_REPRESENTATION('',(#5434),#5438);
#5434 = LINE('',#5435,#5436);
#5435 = CARTESIAN_POINT('',(0.,3.));
#5436 = VECTOR('',#5437,1.);
#5437 = DIRECTION('',(1.,0.));
#5438 = ( GEOMETRIC_REPRESENTATION_CONTEXT(2) 
PARAMETRIC_REPRESENTATION_CONTEXT() REPRESENTATION_CONTEXT('2D SPACE',''
  ) );
#5439 = PCURVE('',#2199,#5440);
#5440 = DEFINITIONAL_REPRESENTATION('',(#5441),#5445);
#5441 = LINE('',#5442,#5443);
#5442 = CARTESIAN_POINT('',(6.,0.));
#5443 = VECTOR('',#5444,1.);
#5444 = DIRECTION('',(0.,1.));
#5445 = ( GEOMETRIC_REPRESENTATION_CONTEXT(2) 
PARAMETRIC_REPRESENTATION_CONTEXT() REPRESENTATION_CONTEXT('2D SPACE',''
  ) );
#5446 = ORIENTED_EDGE('',*,*,#5319,.F.);
#5447 = ORIENTED_EDGE('',*,*,#5177,.T.);
#5448 = ORIENTED_EDGE('',*,*,#2700,.F.);
#5449 = ADVANCED_FACE('',(#5450),#2228,.T.);
#5450 = FACE_BOUND('',#5451,.F.);
#5451 = EDGE_LOOP('',(#5452,#5453,#5454,#5477,#5503,#5504,#5505,#5506,
    #5507,#5508,#5509,#5510,#5511,#5512,#5513,#5514,#5515,#5516,#5517,
    #5518,#5519,#5540,#5541,#5542,#5543,#5544,#5545,#5546,#5547,#5548,
    #5549));
#5452 = ORIENTED_EDGE('',*,*,#2488,.F.);
#5453 = ORIENTED_EDGE('',*,*,#2839,.T.);
#5454 = ORIENTED_EDGE('',*,*,#5455,.T.);
#5455 = EDGE_CURVE('',#2812,#5456,#5458,.T.);
#5456 = VERTEX_POINT('',#5457);
#5457 = CARTESIAN_POINT('',(255.,3.,7.125));
#5458 = SEAM_CURVE('',#5459,(#5463,#5470),.PCURVE_S1.);
#5459 = LINE('',#5460,#5461);
#5460 = CARTESIAN_POINT('',(253.,3.,7.125));
#5461 = VECTOR('',#5462,1.);
#5462 = DIRECTION('',(1.,0.,0.));
#5463 = PCURVE('',#2228,#5464);
#5464 = DEFINITIONAL_REPRESENTATION('',(#5465),#5469);
#5465 = LINE('',#5466,#5467);
#5466 = CARTESIAN_POINT('',(-6.28318530718,0.));
#5467 = VECTOR('',#5468,1.);
#5468 = DIRECTION('',(-0.,-1.));
#5469 = ( GEOMETRIC_REPRESENTATION_CONTEXT(2) 
PARAMETRIC_REPRESENTATION_CONTEXT() REPRESENTATION_CONTEXT('2D SPACE',''
  ) );
#5470 = PCURVE('',#2228,#5471);
#5471 = DEFINITIONAL_REPRESENTATION('',(#5472),#5476);
#5472 = LINE('',#5473,#5474);
#5473 = CARTESIAN_POINT('',(-0.,0.));
#5474 = VECTOR('',#5475,1.);
#5475 = DIRECTION('',(-0.,-1.));
#5476 = ( GEOMETRIC_REPRESENTATION_CONTEXT(2) 
PARAMETRIC_REPRESENTATION_CONTEXT() REPRESENTATION_CONTEXT('2D SPACE',''
  ) );
#5477 = ORIENTED_EDGE('',*,*,#5478,.F.);
#5478 = EDGE_CURVE('',#5456,#5456,#5479,.T.);
#5479 = SURFACE_CURVE('',#5480,(#5485,#5492),.PCURVE_S1.);
#5480 = CIRCLE('',#5481,7.125);
#5481 = AXIS2_PLACEMENT_3D('',#5482,#5483,#5484);
#5482 = CARTESIAN_POINT('',(255.,3.,-3.330669073875E-16));
#5483 = DIRECTION('',(-1.,0.,0.));
#5484 = DIRECTION('',(0.,1.110223024625E-16,1.));
#5485 = PCURVE('',#2228,#5486);
#5486 = DEFINITIONAL_REPRESENTATION('',(#5487),#5491);
#5487 = LINE('',#5488,#5489);
#5488 = CARTESIAN_POINT('',(-6.28318530718,-2.));
#5489 = VECTOR('',#5490,1.);
#5490 = DIRECTION('',(1.,-0.));
#5491 = ( GEOMETRIC_REPRESENTATION_CONTEXT(2) 
PARAMETRIC_REPRESENTATION_CONTEXT() REPRESENTATION_CONTEXT('2D SPACE',''
  ) );
#5492 = PCURVE('',#96,#5493);
#5493 = DEFINITIONAL_REPRESENTATION('',(#5494),#5502);
#5494 = ( BOUNDED_CURVE() B_SPLINE_CURVE(2,(#5495,#5496,#5497,#5498,
#5499,#5500,#5501),.UNSPECIFIED.,.T.,.F.) B_SPLINE_CURVE_WITH_KNOTS((1,2
    ,2,2,2,1),(-2.094395102393,0.,2.094395102393,4.188790204786,
6.28318530718,8.377580409573),.UNSPECIFIED.) CURVE() 
GEOMETRIC_REPRESENTATION_ITEM() RATIONAL_B_SPLINE_CURVE((1.,0.5,1.,0.5,
1.,0.5,1.)) REPRESENTATION_ITEM('') );
#5495 = CARTESIAN_POINT('',(2.,-7.125));
#5496 = CARTESIAN_POINT('',(-10.34086200392,-7.125));
#5497 = CARTESIAN_POINT('',(-4.170431001964,3.5625));
#5498 = CARTESIAN_POINT('',(2.,14.25));
#5499 = CARTESIAN_POINT('',(8.170431001964,3.5625));
#5500 = CARTESIAN_POINT('',(14.340862003928,-7.125));
#5501 = CARTESIAN_POINT('',(2.,-7.125));
#5502 = ( GEOMETRIC_REPRESENTATION_CONTEXT(2) 
PARAMETRIC_REPRESENTATION_CONTEXT() REPRESENTATION_CONTEXT('2D SPACE',''
  ) );
#5503 = ORIENTED_EDGE('',*,*,#5455,.F.);
#5504 = ORIENTED_EDGE('',*,*,#2985,.T.);
#5505 = ORIENTED_EDGE('',*,*,#3430,.T.);
#5506 = ORIENTED_EDGE('',*,*,#2380,.F.);
#5507 = ORIENTED_EDGE('',*,*,#3591,.F.);
#5508 = ORIENTED_EDGE('',*,*,#4589,.T.);
#5509 = ORIENTED_EDGE('',*,*,#3926,.T.);
#5510 = ORIENTED_EDGE('',*,*,#4046,.F.);
#5511 = ORIENTED_EDGE('',*,*,#4126,.F.);
#5512 = ORIENTED_EDGE('',*,*,#4151,.T.);
#5513 = ORIENTED_EDGE('',*,*,#4307,.T.);
#5514 = ORIENTED_EDGE('',*,*,#4354,.F.);
#5515 = ORIENTED_EDGE('',*,*,#4434,.F.);
#5516 = ORIENTED_EDGE('',*,*,#4505,.T.);
#5517 = ORIENTED_EDGE('',*,*,#5402,.T.);
#5518 = ORIENTED_EDGE('',*,*,#2211,.F.);
#5519 = ORIENTED_EDGE('',*,*,#5520,.F.);
#5520 = EDGE_CURVE('',#5346,#2182,#5521,.T.);
#5521 = SURFACE_CURVE('',#5522,(#5526,#5533),.PCURVE_S1.);
#5522 = LINE('',#5523,#5524);
#5523 = CARTESIAN_POINT('',(253.,6.,-6.462632977355));
#5524 = VECTOR('',#5525,1.);
#5525 = DIRECTION('',(-1.,0.,-0.));
#5526 = PCURVE('',#2228,#5527);
#5527 = DEFINITIONAL_REPRESENTATION('',(#5528),#5532);
#5528 = LINE('',#5529,#5530);
#5529 = CARTESIAN_POINT('',(-3.576198179197,0.));
#5530 = VECTOR('',#5531,1.);
#5531 = DIRECTION('',(-0.,1.));
#5532 = ( GEOMETRIC_REPRESENTATION_CONTEXT(2) 
PARAMETRIC_REPRESENTATION_CONTEXT() REPRESENTATION_CONTEXT('2D SPACE',''
  ) );
#5533 = PCURVE('',#2199,#5534);
#5534 = DEFINITIONAL_REPRESENTATION('',(#5535),#5539);
#5535 = LINE('',#5536,#5537);
#5536 = CARTESIAN_POINT('',(4.331595656705,1.125));
#5537 = VECTOR('',#5538,1.);
#5538 = DIRECTION('',(0.,-1.));
#5539 = ( GEOMETRIC_REPRESENTATION_CONTEXT(2) 
PARAMETRIC_REPRESENTATION_CONTEXT() REPRESENTATION_CONTEXT('2D SPACE',''
  ) );
#5540 = ORIENTED_EDGE('',*,*,#5368,.T.);
#5541 = ORIENTED_EDGE('',*,*,#5199,.T.);
#5542 = ORIENTED_EDGE('',*,*,#2648,.F.);
#5543 = ORIENTED_EDGE('',*,*,#5013,.F.);
#5544 = ORIENTED_EDGE('',*,*,#4952,.T.);
#5545 = ORIENTED_EDGE('',*,*,#4727,.T.);
#5546 = ORIENTED_EDGE('',*,*,#2568,.F.);
#5547 = ORIENTED_EDGE('',*,*,#3459,.F.);
#5548 = ORIENTED_EDGE('',*,*,#3396,.T.);
#5549 = ORIENTED_EDGE('',*,*,#3172,.T.);
#5550 = ADVANCED_FACE('',(#5551),#2199,.T.);
#5551 = FACE_BOUND('',#5552,.T.);
#5552 = EDGE_LOOP('',(#5553,#5554,#5555,#5556,#5557,#5558));
#5553 = ORIENTED_EDGE('',*,*,#5345,.F.);
#5554 = ORIENTED_EDGE('',*,*,#5270,.F.);
#5555 = ORIENTED_EDGE('',*,*,#5296,.T.);
#5556 = ORIENTED_EDGE('',*,*,#5426,.T.);
#5557 = ORIENTED_EDGE('',*,*,#2181,.F.);
#5558 = ORIENTED_EDGE('',*,*,#5520,.F.);
#5559 = ADVANCED_FACE('',(#5560),#1835,.F.);
#5560 = FACE_BOUND('',#5561,.F.);
#5561 = EDGE_LOOP('',(#5562,#5563,#5564));
#5562 = ORIENTED_EDGE('',*,*,#1816,.F.);
#5563 = ORIENTED_EDGE('',*,*,#2152,.F.);
#5564 = ORIENTED_EDGE('',*,*,#2123,.F.);
#5565 = ADVANCED_FACE('',(#5566),#1637,.F.);
#5566 = FACE_BOUND('',#5567,.F.);
#5567 = EDGE_LOOP('',(#5568,#5569,#5570));
#5568 = ORIENTED_EDGE('',*,*,#1618,.F.);
#5569 = ORIENTED_EDGE('',*,*,#1960,.F.);
#5570 = ORIENTED_EDGE('',*,*,#1931,.F.);
#5571 = ADVANCED_FACE('',(#5572),#1501,.T.);
#5572 = FACE_BOUND('',#5573,.F.);
#5573 = EDGE_LOOP('',(#5574,#5575,#5598,#5626));
#5574 = ORIENTED_EDGE('',*,*,#1484,.T.);
#5575 = ORIENTED_EDGE('',*,*,#5576,.T.);
#5576 = EDGE_CURVE('',#1485,#5577,#5579,.T.);
#5577 = VERTEX_POINT('',#5578);
#5578 = CARTESIAN_POINT('',(265.,-4.,-7.141428428543));
#5579 = SURFACE_CURVE('',#5580,(#5584,#5591),.PCURVE_S1.);
#5580 = LINE('',#5581,#5582);
#5581 = CARTESIAN_POINT('',(260.,-4.,-7.141428428543));
#5582 = VECTOR('',#5583,1.);
#5583 = DIRECTION('',(-1.,0.,-0.));
#5584 = PCURVE('',#1501,#5585);
#5585 = DEFINITIONAL_REPRESENTATION('',(#5586),#5590);
#5586 = LINE('',#5587,#5588);
#5587 = CARTESIAN_POINT('',(-2.366195156979,0.));
#5588 = VECTOR('',#5589,1.);
#5589 = DIRECTION('',(-0.,1.));
#5590 = ( GEOMETRIC_REPRESENTATION_CONTEXT(2) 
PARAMETRIC_REPRESENTATION_CONTEXT() REPRESENTATION_CONTEXT('2D SPACE',''
  ) );
#5591 = PCURVE('',#444,#5592);
#5592 = DEFINITIONAL_REPRESENTATION('',(#5593),#5597);
#5593 = LINE('',#5594,#5595);
#5594 = CARTESIAN_POINT('',(12.858571571457,-2.));
#5595 = VECTOR('',#5596,1.);
#5596 = DIRECTION('',(0.,-1.));
#5597 = ( GEOMETRIC_REPRESENTATION_CONTEXT(2) 
PARAMETRIC_REPRESENTATION_CONTEXT() REPRESENTATION_CONTEXT('2D SPACE',''
  ) );
#5598 = ORIENTED_EDGE('',*,*,#5599,.T.);
#5599 = EDGE_CURVE('',#5577,#5600,#5602,.T.);
#5600 = VERTEX_POINT('',#5601);
#5601 = CARTESIAN_POINT('',(265.,-4.,7.141428428543));
#5602 = SURFACE_CURVE('',#5603,(#5608,#5615),.PCURVE_S1.);
#5603 = CIRCLE('',#5604,10.);
#5604 = AXIS2_PLACEMENT_3D('',#5605,#5606,#5607);
#5605 = CARTESIAN_POINT('',(265.,3.,-3.330669073875E-16));
#5606 = DIRECTION('',(-1.,0.,0.));
#5607 = DIRECTION('',(0.,1.110223024625E-16,1.));
#5608 = PCURVE('',#1501,#5609);
#5609 = DEFINITIONAL_REPRESENTATION('',(#5610),#5614);
#5610 = LINE('',#5611,#5612);
#5611 = CARTESIAN_POINT('',(-6.28318530718,-5.));
#5612 = VECTOR('',#5613,1.);
#5613 = DIRECTION('',(1.,-0.));
#5614 = ( GEOMETRIC_REPRESENTATION_CONTEXT(2) 
PARAMETRIC_REPRESENTATION_CONTEXT() REPRESENTATION_CONTEXT('2D SPACE',''
  ) );
#5615 = PCURVE('',#416,#5616);
#5616 = DEFINITIONAL_REPRESENTATION('',(#5617),#5625);
#5617 = ( BOUNDED_CURVE() B_SPLINE_CURVE(2,(#5618,#5619,#5620,#5621,
#5622,#5623,#5624),.UNSPECIFIED.,.T.,.F.) B_SPLINE_CURVE_WITH_KNOTS((1,2
    ,2,2,2,1),(-2.094395102393,0.,2.094395102393,4.188790204786,
6.28318530718,8.377580409573),.UNSPECIFIED.) CURVE() 
GEOMETRIC_REPRESENTATION_ITEM() RATIONAL_B_SPLINE_CURVE((1.,0.5,1.,0.5,
1.,0.5,1.)) REPRESENTATION_ITEM('') );
#5618 = CARTESIAN_POINT('',(2.,-10.));
#5619 = CARTESIAN_POINT('',(-15.32050807568,-10.));
#5620 = CARTESIAN_POINT('',(-6.660254037844,5.));
#5621 = CARTESIAN_POINT('',(2.,20.));
#5622 = CARTESIAN_POINT('',(10.660254037844,5.));
#5623 = CARTESIAN_POINT('',(19.320508075689,-10.));
#5624 = CARTESIAN_POINT('',(2.,-10.));
#5625 = ( GEOMETRIC_REPRESENTATION_CONTEXT(2) 
PARAMETRIC_REPRESENTATION_CONTEXT() REPRESENTATION_CONTEXT('2D SPACE',''
  ) );
#5626 = ORIENTED_EDGE('',*,*,#5627,.F.);
#5627 = EDGE_CURVE('',#1462,#5600,#5628,.T.);
#5628 = SURFACE_CURVE('',#5629,(#5633,#5640),.PCURVE_S1.);
#5629 = LINE('',#5630,#5631);
#5630 = CARTESIAN_POINT('',(260.,-4.,7.141428428543));
#5631 = VECTOR('',#5632,1.);
#5632 = DIRECTION('',(-1.,0.,-0.));
#5633 = PCURVE('',#1501,#5634);
#5634 = DEFINITIONAL_REPRESENTATION('',(#5635),#5639);
#5635 = LINE('',#5636,#5637);
#5636 = CARTESIAN_POINT('',(-0.775397496611,0.));
#5637 = VECTOR('',#5638,1.);
#5638 = DIRECTION('',(-0.,1.));
#5639 = ( GEOMETRIC_REPRESENTATION_CONTEXT(2) 
PARAMETRIC_REPRESENTATION_CONTEXT() REPRESENTATION_CONTEXT('2D SPACE',''
  ) );
#5640 = PCURVE('',#387,#5641);
#5641 = DEFINITIONAL_REPRESENTATION('',(#5642),#5646);
#5642 = LINE('',#5643,#5644);
#5643 = CARTESIAN_POINT('',(1.141428428543,-2.));
#5644 = VECTOR('',#5645,1.);
#5645 = DIRECTION('',(0.,-1.));
#5646 = ( GEOMETRIC_REPRESENTATION_CONTEXT(2) 
PARAMETRIC_REPRESENTATION_CONTEXT() REPRESENTATION_CONTEXT('2D SPACE',''
  ) );
#5647 = ADVANCED_FACE('',(#5648),#1449,.F.);
#5648 = FACE_BOUND('',#5649,.F.);
#5649 = EDGE_LOOP('',(#5650,#5651,#5674,#5702,#5730,#5758,#5786,#5814));
#5650 = ORIENTED_EDGE('',*,*,#1431,.T.);
#5651 = ORIENTED_EDGE('',*,*,#5652,.T.);
#5652 = EDGE_CURVE('',#1434,#5653,#5655,.T.);
#5653 = VERTEX_POINT('',#5654);
#5654 = CARTESIAN_POINT('',(292.,-4.,6.));
#5655 = SURFACE_CURVE('',#5656,(#5660,#5667),.PCURVE_S1.);
#5656 = LINE('',#5657,#5658);
#5657 = CARTESIAN_POINT('',(262.,-4.,6.));
#5658 = VECTOR('',#5659,1.);
#5659 = DIRECTION('',(1.,0.,0.));
#5660 = PCURVE('',#1449,#5661);
#5661 = DEFINITIONAL_REPRESENTATION('',(#5662),#5666);
#5662 = LINE('',#5663,#5664);
#5663 = CARTESIAN_POINT('',(0.,0.));
#5664 = VECTOR('',#5665,1.);
#5665 = DIRECTION('',(1.,0.));
#5666 = ( GEOMETRIC_REPRESENTATION_CONTEXT(2) 
PARAMETRIC_REPRESENTATION_CONTEXT() REPRESENTATION_CONTEXT('2D SPACE',''
  ) );
#5667 = PCURVE('',#387,#5668);
#5668 = DEFINITIONAL_REPRESENTATION('',(#5669),#5673);
#5669 = LINE('',#5670,#5671);
#5670 = CARTESIAN_POINT('',(0.,0.));
#5671 = VECTOR('',#5672,1.);
#5672 = DIRECTION('',(0.,1.));
#5673 = ( GEOMETRIC_REPRESENTATION_CONTEXT(2) 
PARAMETRIC_REPRESENTATION_CONTEXT() REPRESENTATION_CONTEXT('2D SPACE',''
  ) );
#5674 = ORIENTED_EDGE('',*,*,#5675,.T.);
#5675 = EDGE_CURVE('',#5653,#5676,#5678,.T.);
#5676 = VERTEX_POINT('',#5677);
#5677 = CARTESIAN_POINT('',(292.,-2.,6.));
#5678 = SURFACE_CURVE('',#5679,(#5683,#5690),.PCURVE_S1.);
#5679 = LINE('',#5680,#5681);
#5680 = CARTESIAN_POINT('',(292.,-4.,6.));
#5681 = VECTOR('',#5682,1.);
#5682 = DIRECTION('',(0.,1.,0.));
#5683 = PCURVE('',#1449,#5684);
#5684 = DEFINITIONAL_REPRESENTATION('',(#5685),#5689);
#5685 = LINE('',#5686,#5687);
#5686 = CARTESIAN_POINT('',(30.,0.));
#5687 = VECTOR('',#5688,1.);
#5688 = DIRECTION('',(0.,1.));
#5689 = ( GEOMETRIC_REPRESENTATION_CONTEXT(2) 
PARAMETRIC_REPRESENTATION_CONTEXT() REPRESENTATION_CONTEXT('2D SPACE',''
  ) );
#5690 = PCURVE('',#5691,#5696);
#5691 = PLANE('',#5692);
#5692 = AXIS2_PLACEMENT_3D('',#5693,#5694,#5695);
#5693 = CARTESIAN_POINT('',(292.,-4.,6.));
#5694 = DIRECTION('',(1.,0.,0.));
#5695 = DIRECTION('',(0.,0.,1.));
#5696 = DEFINITIONAL_REPRESENTATION('',(#5697),#5701);
#5697 = LINE('',#5698,#5699);
#5698 = CARTESIAN_POINT('',(0.,0.));
#5699 = VECTOR('',#5700,1.);
#5700 = DIRECTION('',(0.,-1.));
#5701 = ( GEOMETRIC_REPRESENTATION_CONTEXT(2) 
PARAMETRIC_REPRESENTATION_CONTEXT() REPRESENTATION_CONTEXT('2D SPACE',''
  ) );
#5702 = ORIENTED_EDGE('',*,*,#5703,.T.);
#5703 = EDGE_CURVE('',#5676,#5704,#5706,.T.);
#5704 = VERTEX_POINT('',#5705);
#5705 = CARTESIAN_POINT('',(287.,-2.,6.));
#5706 = SURFACE_CURVE('',#5707,(#5711,#5718),.PCURVE_S1.);
#5707 = LINE('',#5708,#5709);
#5708 = CARTESIAN_POINT('',(274.5,-2.,6.));
#5709 = VECTOR('',#5710,1.);
#5710 = DIRECTION('',(-1.,0.,0.));
#5711 = PCURVE('',#1449,#5712);
#5712 = DEFINITIONAL_REPRESENTATION('',(#5713),#5717);
#5713 = LINE('',#5714,#5715);
#5714 = CARTESIAN_POINT('',(12.5,2.));
#5715 = VECTOR('',#5716,1.);
#5716 = DIRECTION('',(-1.,0.));
#5717 = ( GEOMETRIC_REPRESENTATION_CONTEXT(2) 
PARAMETRIC_REPRESENTATION_CONTEXT() REPRESENTATION_CONTEXT('2D SPACE',''
  ) );
#5718 = PCURVE('',#5719,#5724);
#5719 = PLANE('',#5720);
#5720 = AXIS2_PLACEMENT_3D('',#5721,#5722,#5723);
#5721 = CARTESIAN_POINT('',(287.,-2.,5.));
#5722 = DIRECTION('',(0.,1.,0.));
#5723 = DIRECTION('',(0.,0.,1.));
#5724 = DEFINITIONAL_REPRESENTATION('',(#5725),#5729);
#5725 = LINE('',#5726,#5727);
#5726 = CARTESIAN_POINT('',(1.,-12.5));
#5727 = VECTOR('',#5728,1.);
#5728 = DIRECTION('',(0.,-1.));
#5729 = ( GEOMETRIC_REPRESENTATION_CONTEXT(2) 
PARAMETRIC_REPRESENTATION_CONTEXT() REPRESENTATION_CONTEXT('2D SPACE',''
  ) );
#5730 = ORIENTED_EDGE('',*,*,#5731,.T.);
#5731 = EDGE_CURVE('',#5704,#5732,#5734,.T.);
#5732 = VERTEX_POINT('',#5733);
#5733 = CARTESIAN_POINT('',(287.,2.,6.));
#5734 = SURFACE_CURVE('',#5735,(#5739,#5746),.PCURVE_S1.);
#5735 = LINE('',#5736,#5737);
#5736 = CARTESIAN_POINT('',(287.,-3.,6.));
#5737 = VECTOR('',#5738,1.);
#5738 = DIRECTION('',(0.,1.,0.));
#5739 = PCURVE('',#1449,#5740);
#5740 = DEFINITIONAL_REPRESENTATION('',(#5741),#5745);
#5741 = LINE('',#5742,#5743);
#5742 = CARTESIAN_POINT('',(25.,1.));
#5743 = VECTOR('',#5744,1.);
#5744 = DIRECTION('',(0.,1.));
#5745 = ( GEOMETRIC_REPRESENTATION_CONTEXT(2) 
PARAMETRIC_REPRESENTATION_CONTEXT() REPRESENTATION_CONTEXT('2D SPACE',''
  ) );
#5746 = PCURVE('',#5747,#5752);
#5747 = PLANE('',#5748);
#5748 = AXIS2_PLACEMENT_3D('',#5749,#5750,#5751);
#5749 = CARTESIAN_POINT('',(287.,-2.,5.));
#5750 = DIRECTION('',(1.,0.,0.));
#5751 = DIRECTION('',(0.,0.,1.));
#5752 = DEFINITIONAL_REPRESENTATION('',(#5753),#5757);
#5753 = LINE('',#5754,#5755);
#5754 = CARTESIAN_POINT('',(1.,1.));
#5755 = VECTOR('',#5756,1.);
#5756 = DIRECTION('',(0.,-1.));
#5757 = ( GEOMETRIC_REPRESENTATION_CONTEXT(2) 
PARAMETRIC_REPRESENTATION_CONTEXT() REPRESENTATION_CONTEXT('2D SPACE',''
  ) );
#5758 = ORIENTED_EDGE('',*,*,#5759,.F.);
#5759 = EDGE_CURVE('',#5760,#5732,#5762,.T.);
#5760 = VERTEX_POINT('',#5761);
#5761 = CARTESIAN_POINT('',(292.,2.,6.));
#5762 = SURFACE_CURVE('',#5763,(#5767,#5774),.PCURVE_S1.);
#5763 = LINE('',#5764,#5765);
#5764 = CARTESIAN_POINT('',(274.5,2.,6.));
#5765 = VECTOR('',#5766,1.);
#5766 = DIRECTION('',(-1.,0.,0.));
#5767 = PCURVE('',#1449,#5768);
#5768 = DEFINITIONAL_REPRESENTATION('',(#5769),#5773);
#5769 = LINE('',#5770,#5771);
#5770 = CARTESIAN_POINT('',(12.5,6.));
#5771 = VECTOR('',#5772,1.);
#5772 = DIRECTION('',(-1.,0.));
#5773 = ( GEOMETRIC_REPRESENTATION_CONTEXT(2) 
PARAMETRIC_REPRESENTATION_CONTEXT() REPRESENTATION_CONTEXT('2D SPACE',''
  ) );
#5774 = PCURVE('',#5775,#5780);
#5775 = PLANE('',#5776);
#5776 = AXIS2_PLACEMENT_3D('',#5777,#5778,#5779);
#5777 = CARTESIAN_POINT('',(287.,2.,5.));
#5778 = DIRECTION('',(0.,1.,0.));
#5779 = DIRECTION('',(0.,0.,1.));
#5780 = DEFINITIONAL_REPRESENTATION('',(#5781),#5785);
#5781 = LINE('',#5782,#5783);
#5782 = CARTESIAN_POINT('',(1.,-12.5));
#5783 = VECTOR('',#5784,1.);
#5784 = DIRECTION('',(0.,-1.));
#5785 = ( GEOMETRIC_REPRESENTATION_CONTEXT(2) 
PARAMETRIC_REPRESENTATION_CONTEXT() REPRESENTATION_CONTEXT('2D SPACE',''
  ) );
#5786 = ORIENTED_EDGE('',*,*,#5787,.T.);
#5787 = EDGE_CURVE('',#5760,#5788,#5790,.T.);
#5788 = VERTEX_POINT('',#5789);
#5789 = CARTESIAN_POINT('',(292.,4.,6.));
#5790 = SURFACE_CURVE('',#5791,(#5795,#5802),.PCURVE_S1.);
#5791 = LINE('',#5792,#5793);
#5792 = CARTESIAN_POINT('',(292.,-4.,6.));
#5793 = VECTOR('',#5794,1.);
#5794 = DIRECTION('',(0.,1.,0.));
#5795 = PCURVE('',#1449,#5796);
#5796 = DEFINITIONAL_REPRESENTATION('',(#5797),#5801);
#5797 = LINE('',#5798,#5799);
#5798 = CARTESIAN_POINT('',(30.,0.));
#5799 = VECTOR('',#5800,1.);
#5800 = DIRECTION('',(0.,1.));
#5801 = ( GEOMETRIC_REPRESENTATION_CONTEXT(2) 
PARAMETRIC_REPRESENTATION_CONTEXT() REPRESENTATION_CONTEXT('2D SPACE',''
  ) );
#5802 = PCURVE('',#5803,#5808);
#5803 = PLANE('',#5804);
#5804 = AXIS2_PLACEMENT_3D('',#5805,#5806,#5807);
#5805 = CARTESIAN_POINT('',(292.,-4.,6.));
#5806 = DIRECTION('',(1.,0.,0.));
#5807 = DIRECTION('',(0.,0.,1.));
#5808 = DEFINITIONAL_REPRESENTATION('',(#5809),#5813);
#5809 = LINE('',#5810,#5811);
#5810 = CARTESIAN_POINT('',(0.,0.));
#5811 = VECTOR('',#5812,1.);
#5812 = DIRECTION('',(0.,-1.));
#5813 = ( GEOMETRIC_REPRESENTATION_CONTEXT(2) 
PARAMETRIC_REPRESENTATION_CONTEXT() REPRESENTATION_CONTEXT('2D SPACE',''
  ) );
#5814 = ORIENTED_EDGE('',*,*,#5815,.F.);
#5815 = EDGE_CURVE('',#1432,#5788,#5816,.T.);
#5816 = SURFACE_CURVE('',#5817,(#5821,#5828),.PCURVE_S1.);
#5817 = LINE('',#5818,#5819);
#5818 = CARTESIAN_POINT('',(262.,4.,6.));
#5819 = VECTOR('',#5820,1.);
#5820 = DIRECTION('',(1.,0.,0.));
#5821 = PCURVE('',#1449,#5822);
#5822 = DEFINITIONAL_REPRESENTATION('',(#5823),#5827);
#5823 = LINE('',#5824,#5825);
#5824 = CARTESIAN_POINT('',(0.,8.));
#5825 = VECTOR('',#5826,1.);
#5826 = DIRECTION('',(1.,0.));
#5827 = ( GEOMETRIC_REPRESENTATION_CONTEXT(2) 
PARAMETRIC_REPRESENTATION_CONTEXT() REPRESENTATION_CONTEXT('2D SPACE',''
  ) );
#5828 = PCURVE('',#154,#5829);
#5829 = DEFINITIONAL_REPRESENTATION('',(#5830),#5834);
#5830 = LINE('',#5831,#5832);
#5831 = CARTESIAN_POINT('',(0.,0.));
#5832 = VECTOR('',#5833,1.);
#5833 = DIRECTION('',(0.,1.));
#5834 = ( GEOMETRIC_REPRESENTATION_CONTEXT(2) 
PARAMETRIC_REPRESENTATION_CONTEXT() REPRESENTATION_CONTEXT('2D SPACE',''
  ) );
#5835 = ADVANCED_FACE('',(#5836),#5691,.T.);
#5836 = FACE_BOUND('',#5837,.T.);
#5837 = EDGE_LOOP('',(#5838,#5868,#5889,#5890));
#5838 = ORIENTED_EDGE('',*,*,#5839,.F.);
#5839 = EDGE_CURVE('',#5840,#5842,#5844,.T.);
#5840 = VERTEX_POINT('',#5841);
#5841 = CARTESIAN_POINT('',(292.,-4.,20.));
#5842 = VERTEX_POINT('',#5843);
#5843 = CARTESIAN_POINT('',(292.,-2.,20.));
#5844 = SURFACE_CURVE('',#5845,(#5849,#5856),.PCURVE_S1.);
#5845 = LINE('',#5846,#5847);
#5846 = CARTESIAN_POINT('',(292.,-4.,20.));
#5847 = VECTOR('',#5848,1.);
#5848 = DIRECTION('',(0.,1.,0.));
#5849 = PCURVE('',#5691,#5850);
#5850 = DEFINITIONAL_REPRESENTATION('',(#5851),#5855);
#5851 = LINE('',#5852,#5853);
#5852 = CARTESIAN_POINT('',(14.,0.));
#5853 = VECTOR('',#5854,1.);
#5854 = DIRECTION('',(0.,-1.));
#5855 = ( GEOMETRIC_REPRESENTATION_CONTEXT(2) 
PARAMETRIC_REPRESENTATION_CONTEXT() REPRESENTATION_CONTEXT('2D SPACE',''
  ) );
#5856 = PCURVE('',#5857,#5862);
#5857 = PLANE('',#5858);
#5858 = AXIS2_PLACEMENT_3D('',#5859,#5860,#5861);
#5859 = CARTESIAN_POINT('',(262.,-4.,20.));
#5860 = DIRECTION('',(0.,0.,1.));
#5861 = DIRECTION('',(1.,0.,0.));
#5862 = DEFINITIONAL_REPRESENTATION('',(#5863),#5867);
#5863 = LINE('',#5864,#5865);
#5864 = CARTESIAN_POINT('',(30.,0.));
#5865 = VECTOR('',#5866,1.);
#5866 = DIRECTION('',(0.,1.));
#5867 = ( GEOMETRIC_REPRESENTATION_CONTEXT(2) 
PARAMETRIC_REPRESENTATION_CONTEXT() REPRESENTATION_CONTEXT('2D SPACE',''
  ) );
#5868 = ORIENTED_EDGE('',*,*,#5869,.F.);
#5869 = EDGE_CURVE('',#5653,#5840,#5870,.T.);
#5870 = SURFACE_CURVE('',#5871,(#5875,#5882),.PCURVE_S1.);
#5871 = LINE('',#5872,#5873);
#5872 = CARTESIAN_POINT('',(292.,-4.,6.));
#5873 = VECTOR('',#5874,1.);
#5874 = DIRECTION('',(0.,0.,1.));
#5875 = PCURVE('',#5691,#5876);
#5876 = DEFINITIONAL_REPRESENTATION('',(#5877),#5881);
#5877 = LINE('',#5878,#5879);
#5878 = CARTESIAN_POINT('',(0.,0.));
#5879 = VECTOR('',#5880,1.);
#5880 = DIRECTION('',(1.,0.));
#5881 = ( GEOMETRIC_REPRESENTATION_CONTEXT(2) 
PARAMETRIC_REPRESENTATION_CONTEXT() REPRESENTATION_CONTEXT('2D SPACE',''
  ) );
#5882 = PCURVE('',#387,#5883);
#5883 = DEFINITIONAL_REPRESENTATION('',(#5884),#5888);
#5884 = LINE('',#5885,#5886);
#5885 = CARTESIAN_POINT('',(0.,30.));
#5886 = VECTOR('',#5887,1.);
#5887 = DIRECTION('',(1.,0.));
#5888 = ( GEOMETRIC_REPRESENTATION_CONTEXT(2) 
PARAMETRIC_REPRESENTATION_CONTEXT() REPRESENTATION_CONTEXT('2D SPACE',''
  ) );
#5889 = ORIENTED_EDGE('',*,*,#5675,.T.);
#5890 = ORIENTED_EDGE('',*,*,#5891,.T.);
#5891 = EDGE_CURVE('',#5676,#5842,#5892,.T.);
#5892 = SURFACE_CURVE('',#5893,(#5897,#5904),.PCURVE_S1.);
#5893 = LINE('',#5894,#5895);
#5894 = CARTESIAN_POINT('',(292.,-2.,5.5));
#5895 = VECTOR('',#5896,1.);
#5896 = DIRECTION('',(0.,0.,1.));
#5897 = PCURVE('',#5691,#5898);
#5898 = DEFINITIONAL_REPRESENTATION('',(#5899),#5903);
#5899 = LINE('',#5900,#5901);
#5900 = CARTESIAN_POINT('',(-0.5,-2.));
#5901 = VECTOR('',#5902,1.);
#5902 = DIRECTION('',(1.,0.));
#5903 = ( GEOMETRIC_REPRESENTATION_CONTEXT(2) 
PARAMETRIC_REPRESENTATION_CONTEXT() REPRESENTATION_CONTEXT('2D SPACE',''
  ) );
#5904 = PCURVE('',#5719,#5905);
#5905 = DEFINITIONAL_REPRESENTATION('',(#5906),#5910);
#5906 = LINE('',#5907,#5908);
#5907 = CARTESIAN_POINT('',(0.5,5.));
#5908 = VECTOR('',#5909,1.);
#5909 = DIRECTION('',(1.,0.));
#5910 = ( GEOMETRIC_REPRESENTATION_CONTEXT(2) 
PARAMETRIC_REPRESENTATION_CONTEXT() REPRESENTATION_CONTEXT('2D SPACE',''
  ) );
#5911 = ADVANCED_FACE('',(#5912),#5857,.T.);
#5912 = FACE_BOUND('',#5913,.T.);
#5913 = EDGE_LOOP('',(#5914,#5939,#5960,#5961,#5984,#6007,#6030,#6053,
    #6076,#6099));
#5914 = ORIENTED_EDGE('',*,*,#5915,.F.);
#5915 = EDGE_CURVE('',#5916,#5918,#5920,.T.);
#5916 = VERTEX_POINT('',#5917);
#5917 = CARTESIAN_POINT('',(262.,-4.,20.));
#5918 = VERTEX_POINT('',#5919);
#5919 = CARTESIAN_POINT('',(262.,-2.,20.));
#5920 = SURFACE_CURVE('',#5921,(#5925,#5932),.PCURVE_S1.);
#5921 = LINE('',#5922,#5923);
#5922 = CARTESIAN_POINT('',(262.,-4.,20.));
#5923 = VECTOR('',#5924,1.);
#5924 = DIRECTION('',(0.,1.,0.));
#5925 = PCURVE('',#5857,#5926);
#5926 = DEFINITIONAL_REPRESENTATION('',(#5927),#5931);
#5927 = LINE('',#5928,#5929);
#5928 = CARTESIAN_POINT('',(0.,0.));
#5929 = VECTOR('',#5930,1.);
#5930 = DIRECTION('',(0.,1.));
#5931 = ( GEOMETRIC_REPRESENTATION_CONTEXT(2) 
PARAMETRIC_REPRESENTATION_CONTEXT() REPRESENTATION_CONTEXT('2D SPACE',''
  ) );
#5932 = PCURVE('',#355,#5933);
#5933 = DEFINITIONAL_REPRESENTATION('',(#5934),#5938);
#5934 = LINE('',#5935,#5936);
#5935 = CARTESIAN_POINT('',(14.,0.));
#5936 = VECTOR('',#5937,1.);
#5937 = DIRECTION('',(0.,-1.));
#5938 = ( GEOMETRIC_REPRESENTATION_CONTEXT(2) 
PARAMETRIC_REPRESENTATION_CONTEXT() REPRESENTATION_CONTEXT('2D SPACE',''
  ) );
#5939 = ORIENTED_EDGE('',*,*,#5940,.T.);
#5940 = EDGE_CURVE('',#5916,#5840,#5941,.T.);
#5941 = SURFACE_CURVE('',#5942,(#5946,#5953),.PCURVE_S1.);
#5942 = LINE('',#5943,#5944);
#5943 = CARTESIAN_POINT('',(262.,-4.,20.));
#5944 = VECTOR('',#5945,1.);
#5945 = DIRECTION('',(1.,0.,0.));
#5946 = PCURVE('',#5857,#5947);
#5947 = DEFINITIONAL_REPRESENTATION('',(#5948),#5952);
#5948 = LINE('',#5949,#5950);
#5949 = CARTESIAN_POINT('',(0.,0.));
#5950 = VECTOR('',#5951,1.);
#5951 = DIRECTION('',(1.,0.));
#5952 = ( GEOMETRIC_REPRESENTATION_CONTEXT(2) 
PARAMETRIC_REPRESENTATION_CONTEXT() REPRESENTATION_CONTEXT('2D SPACE',''
  ) );
#5953 = PCURVE('',#387,#5954);
#5954 = DEFINITIONAL_REPRESENTATION('',(#5955),#5959);
#5955 = LINE('',#5956,#5957);
#5956 = CARTESIAN_POINT('',(14.,0.));
#5957 = VECTOR('',#5958,1.);
#5958 = DIRECTION('',(0.,1.));
#5959 = ( GEOMETRIC_REPRESENTATION_CONTEXT(2) 
PARAMETRIC_REPRESENTATION_CONTEXT() REPRESENTATION_CONTEXT('2D SPACE',''
  ) );
#5960 = ORIENTED_EDGE('',*,*,#5839,.T.);
#5961 = ORIENTED_EDGE('',*,*,#5962,.T.);
#5962 = EDGE_CURVE('',#5842,#5963,#5965,.T.);
#5963 = VERTEX_POINT('',#5964);
#5964 = CARTESIAN_POINT('',(287.,-2.,20.));
#5965 = SURFACE_CURVE('',#5966,(#5970,#5977),.PCURVE_S1.);
#5966 = LINE('',#5967,#5968);
#5967 = CARTESIAN_POINT('',(274.5,-2.,20.));
#5968 = VECTOR('',#5969,1.);
#5969 = DIRECTION('',(-1.,0.,0.));
#5970 = PCURVE('',#5857,#5971);
#5971 = DEFINITIONAL_REPRESENTATION('',(#5972),#5976);
#5972 = LINE('',#5973,#5974);
#5973 = CARTESIAN_POINT('',(12.5,2.));
#5974 = VECTOR('',#5975,1.);
#5975 = DIRECTION('',(-1.,0.));
#5976 = ( GEOMETRIC_REPRESENTATION_CONTEXT(2) 
PARAMETRIC_REPRESENTATION_CONTEXT() REPRESENTATION_CONTEXT('2D SPACE',''
  ) );
#5977 = PCURVE('',#5719,#5978);
#5978 = DEFINITIONAL_REPRESENTATION('',(#5979),#5983);
#5979 = LINE('',#5980,#5981);
#5980 = CARTESIAN_POINT('',(15.,-12.5));
#5981 = VECTOR('',#5982,1.);
#5982 = DIRECTION('',(0.,-1.));
#5983 = ( GEOMETRIC_REPRESENTATION_CONTEXT(2) 
PARAMETRIC_REPRESENTATION_CONTEXT() REPRESENTATION_CONTEXT('2D SPACE',''
  ) );
#5984 = ORIENTED_EDGE('',*,*,#5985,.T.);
#5985 = EDGE_CURVE('',#5963,#5986,#5988,.T.);
#5986 = VERTEX_POINT('',#5987);
#5987 = CARTESIAN_POINT('',(287.,2.,20.));
#5988 = SURFACE_CURVE('',#5989,(#5993,#6000),.PCURVE_S1.);
#5989 = LINE('',#5990,#5991);
#5990 = CARTESIAN_POINT('',(287.,-3.,20.));
#5991 = VECTOR('',#5992,1.);
#5992 = DIRECTION('',(0.,1.,0.));
#5993 = PCURVE('',#5857,#5994);
#5994 = DEFINITIONAL_REPRESENTATION('',(#5995),#5999);
#5995 = LINE('',#5996,#5997);
#5996 = CARTESIAN_POINT('',(25.,1.));
#5997 = VECTOR('',#5998,1.);
#5998 = DIRECTION('',(0.,1.));
#5999 = ( GEOMETRIC_REPRESENTATION_CONTEXT(2) 
PARAMETRIC_REPRESENTATION_CONTEXT() REPRESENTATION_CONTEXT('2D SPACE',''
  ) );
#6000 = PCURVE('',#5747,#6001);
#6001 = DEFINITIONAL_REPRESENTATION('',(#6002),#6006);
#6002 = LINE('',#6003,#6004);
#6003 = CARTESIAN_POINT('',(15.,1.));
#6004 = VECTOR('',#6005,1.);
#6005 = DIRECTION('',(0.,-1.));
#6006 = ( GEOMETRIC_REPRESENTATION_CONTEXT(2) 
PARAMETRIC_REPRESENTATION_CONTEXT() REPRESENTATION_CONTEXT('2D SPACE',''
  ) );
#6007 = ORIENTED_EDGE('',*,*,#6008,.F.);
#6008 = EDGE_CURVE('',#6009,#5986,#6011,.T.);
#6009 = VERTEX_POINT('',#6010);
#6010 = CARTESIAN_POINT('',(292.,2.,20.));
#6011 = SURFACE_CURVE('',#6012,(#6016,#6023),.PCURVE_S1.);
#6012 = LINE('',#6013,#6014);
#6013 = CARTESIAN_POINT('',(274.5,2.,20.));
#6014 = VECTOR('',#6015,1.);
#6015 = DIRECTION('',(-1.,0.,0.));
#6016 = PCURVE('',#5857,#6017);
#6017 = DEFINITIONAL_REPRESENTATION('',(#6018),#6022);
#6018 = LINE('',#6019,#6020);
#6019 = CARTESIAN_POINT('',(12.5,6.));
#6020 = VECTOR('',#6021,1.);
#6021 = DIRECTION('',(-1.,0.));
#6022 = ( GEOMETRIC_REPRESENTATION_CONTEXT(2) 
PARAMETRIC_REPRESENTATION_CONTEXT() REPRESENTATION_CONTEXT('2D SPACE',''
  ) );
#6023 = PCURVE('',#5775,#6024);
#6024 = DEFINITIONAL_REPRESENTATION('',(#6025),#6029);
#6025 = LINE('',#6026,#6027);
#6026 = CARTESIAN_POINT('',(15.,-12.5));
#6027 = VECTOR('',#6028,1.);
#6028 = DIRECTION('',(0.,-1.));
#6029 = ( GEOMETRIC_REPRESENTATION_CONTEXT(2) 
PARAMETRIC_REPRESENTATION_CONTEXT() REPRESENTATION_CONTEXT('2D SPACE',''
  ) );
#6030 = ORIENTED_EDGE('',*,*,#6031,.T.);
#6031 = EDGE_CURVE('',#6009,#6032,#6034,.T.);
#6032 = VERTEX_POINT('',#6033);
#6033 = CARTESIAN_POINT('',(292.,4.,20.));
#6034 = SURFACE_CURVE('',#6035,(#6039,#6046),.PCURVE_S1.);
#6035 = LINE('',#6036,#6037);
#6036 = CARTESIAN_POINT('',(292.,-4.,20.));
#6037 = VECTOR('',#6038,1.);
#6038 = DIRECTION('',(0.,1.,0.));
#6039 = PCURVE('',#5857,#6040);
#6040 = DEFINITIONAL_REPRESENTATION('',(#6041),#6045);
#6041 = LINE('',#6042,#6043);
#6042 = CARTESIAN_POINT('',(30.,0.));
#6043 = VECTOR('',#6044,1.);
#6044 = DIRECTION('',(0.,1.));
#6045 = ( GEOMETRIC_REPRESENTATION_CONTEXT(2) 
PARAMETRIC_REPRESENTATION_CONTEXT() REPRESENTATION_CONTEXT('2D SPACE',''
  ) );
#6046 = PCURVE('',#5803,#6047);
#6047 = DEFINITIONAL_REPRESENTATION('',(#6048),#6052);
#6048 = LINE('',#6049,#6050);
#6049 = CARTESIAN_POINT('',(14.,0.));
#6050 = VECTOR('',#6051,1.);
#6051 = DIRECTION('',(0.,-1.));
#6052 = ( GEOMETRIC_REPRESENTATION_CONTEXT(2) 
PARAMETRIC_REPRESENTATION_CONTEXT() REPRESENTATION_CONTEXT('2D SPACE',''
  ) );
#6053 = ORIENTED_EDGE('',*,*,#6054,.F.);
#6054 = EDGE_CURVE('',#6055,#6032,#6057,.T.);
#6055 = VERTEX_POINT('',#6056);
#6056 = CARTESIAN_POINT('',(262.,4.,20.));
#6057 = SURFACE_CURVE('',#6058,(#6062,#6069),.PCURVE_S1.);
#6058 = LINE('',#6059,#6060);
#6059 = CARTESIAN_POINT('',(262.,4.,20.));
#6060 = VECTOR('',#6061,1.);
#6061 = DIRECTION('',(1.,0.,0.));
#6062 = PCURVE('',#5857,#6063);
#6063 = DEFINITIONAL_REPRESENTATION('',(#6064),#6068);
#6064 = LINE('',#6065,#6066);
#6065 = CARTESIAN_POINT('',(0.,8.));
#6066 = VECTOR('',#6067,1.);
#6067 = DIRECTION('',(1.,0.));
#6068 = ( GEOMETRIC_REPRESENTATION_CONTEXT(2) 
PARAMETRIC_REPRESENTATION_CONTEXT() REPRESENTATION_CONTEXT('2D SPACE',''
  ) );
#6069 = PCURVE('',#154,#6070);
#6070 = DEFINITIONAL_REPRESENTATION('',(#6071),#6075);
#6071 = LINE('',#6072,#6073);
#6072 = CARTESIAN_POINT('',(14.,0.));
#6073 = VECTOR('',#6074,1.);
#6074 = DIRECTION('',(0.,1.));
#6075 = ( GEOMETRIC_REPRESENTATION_CONTEXT(2) 
PARAMETRIC_REPRESENTATION_CONTEXT() REPRESENTATION_CONTEXT('2D SPACE',''
  ) );
#6076 = ORIENTED_EDGE('',*,*,#6077,.F.);
#6077 = EDGE_CURVE('',#6078,#6055,#6080,.T.);
#6078 = VERTEX_POINT('',#6079);
#6079 = CARTESIAN_POINT('',(262.,2.,20.));
#6080 = SURFACE_CURVE('',#6081,(#6085,#6092),.PCURVE_S1.);
#6081 = LINE('',#6082,#6083);
#6082 = CARTESIAN_POINT('',(262.,-4.,20.));
#6083 = VECTOR('',#6084,1.);
#6084 = DIRECTION('',(0.,1.,0.));
#6085 = PCURVE('',#5857,#6086);
#6086 = DEFINITIONAL_REPRESENTATION('',(#6087),#6091);
#6087 = LINE('',#6088,#6089);
#6088 = CARTESIAN_POINT('',(0.,0.));
#6089 = VECTOR('',#6090,1.);
#6090 = DIRECTION('',(0.,1.));
#6091 = ( GEOMETRIC_REPRESENTATION_CONTEXT(2) 
PARAMETRIC_REPRESENTATION_CONTEXT() REPRESENTATION_CONTEXT('2D SPACE',''
  ) );
#6092 = PCURVE('',#183,#6093);
#6093 = DEFINITIONAL_REPRESENTATION('',(#6094),#6098);
#6094 = LINE('',#6095,#6096);
#6095 = CARTESIAN_POINT('',(14.,0.));
#6096 = VECTOR('',#6097,1.);
#6097 = DIRECTION('',(0.,-1.));
#6098 = ( GEOMETRIC_REPRESENTATION_CONTEXT(2) 
PARAMETRIC_REPRESENTATION_CONTEXT() REPRESENTATION_CONTEXT('2D SPACE',''
  ) );
#6099 = ORIENTED_EDGE('',*,*,#6100,.T.);
#6100 = EDGE_CURVE('',#6078,#5918,#6101,.T.);
#6101 = SURFACE_CURVE('',#6102,(#6107,#6118),.PCURVE_S1.);
#6102 = CIRCLE('',#6103,2.);
#6103 = AXIS2_PLACEMENT_3D('',#6104,#6105,#6106);
#6104 = CARTESIAN_POINT('',(262.,0.,20.));
#6105 = DIRECTION('',(0.,0.,-1.));
#6106 = DIRECTION('',(0.,1.,0.));
#6107 = PCURVE('',#5857,#6108);
#6108 = DEFINITIONAL_REPRESENTATION('',(#6109),#6117);
#6109 = ( BOUNDED_CURVE() B_SPLINE_CURVE(2,(#6110,#6111,#6112,#6113,
#6114,#6115,#6116),.UNSPECIFIED.,.T.,.F.) B_SPLINE_CURVE_WITH_KNOTS((1,2
    ,2,2,2,1),(-2.094395102393,0.,2.094395102393,4.188790204786,
6.28318530718,8.377580409573),.UNSPECIFIED.) CURVE() 
GEOMETRIC_REPRESENTATION_ITEM() RATIONAL_B_SPLINE_CURVE((1.,0.5,1.,0.5,
1.,0.5,1.)) REPRESENTATION_ITEM('') );
#6110 = CARTESIAN_POINT('',(0.,6.));
#6111 = CARTESIAN_POINT('',(3.464101615138,6.));
#6112 = CARTESIAN_POINT('',(1.732050807569,3.));
#6113 = CARTESIAN_POINT('',(4.898587196589E-16,8.881784197001E-16));
#6114 = CARTESIAN_POINT('',(-1.732050807569,3.));
#6115 = CARTESIAN_POINT('',(-3.464101615138,6.));
#6116 = CARTESIAN_POINT('',(0.,6.));
#6117 = ( GEOMETRIC_REPRESENTATION_CONTEXT(2) 
PARAMETRIC_REPRESENTATION_CONTEXT() REPRESENTATION_CONTEXT('2D SPACE',''
  ) );
#6118 = PCURVE('',#282,#6119);
#6119 = DEFINITIONAL_REPRESENTATION('',(#6120),#6124);
#6120 = LINE('',#6121,#6122);
#6121 = CARTESIAN_POINT('',(-7.853981633974,-16.));
#6122 = VECTOR('',#6123,1.);
#6123 = DIRECTION('',(1.,-0.));
#6124 = ( GEOMETRIC_REPRESENTATION_CONTEXT(2) 
PARAMETRIC_REPRESENTATION_CONTEXT() REPRESENTATION_CONTEXT('2D SPACE',''
  ) );
#6125 = ADVANCED_FACE('',(#6126),#5719,.T.);
#6126 = FACE_BOUND('',#6127,.T.);
#6127 = EDGE_LOOP('',(#6128,#6129,#6150,#6151));
#6128 = ORIENTED_EDGE('',*,*,#5703,.T.);
#6129 = ORIENTED_EDGE('',*,*,#6130,.T.);
#6130 = EDGE_CURVE('',#5704,#5963,#6131,.T.);
#6131 = SURFACE_CURVE('',#6132,(#6136,#6143),.PCURVE_S1.);
#6132 = LINE('',#6133,#6134);
#6133 = CARTESIAN_POINT('',(287.,-2.,5.));
#6134 = VECTOR('',#6135,1.);
#6135 = DIRECTION('',(0.,0.,1.));
#6136 = PCURVE('',#5719,#6137);
#6137 = DEFINITIONAL_REPRESENTATION('',(#6138),#6142);
#6138 = LINE('',#6139,#6140);
#6139 = CARTESIAN_POINT('',(0.,0.));
#6140 = VECTOR('',#6141,1.);
#6141 = DIRECTION('',(1.,0.));
#6142 = ( GEOMETRIC_REPRESENTATION_CONTEXT(2) 
PARAMETRIC_REPRESENTATION_CONTEXT() REPRESENTATION_CONTEXT('2D SPACE',''
  ) );
#6143 = PCURVE('',#5747,#6144);
#6144 = DEFINITIONAL_REPRESENTATION('',(#6145),#6149);
#6145 = LINE('',#6146,#6147);
#6146 = CARTESIAN_POINT('',(0.,0.));
#6147 = VECTOR('',#6148,1.);
#6148 = DIRECTION('',(1.,0.));
#6149 = ( GEOMETRIC_REPRESENTATION_CONTEXT(2) 
PARAMETRIC_REPRESENTATION_CONTEXT() REPRESENTATION_CONTEXT('2D SPACE',''
  ) );
#6150 = ORIENTED_EDGE('',*,*,#5962,.F.);
#6151 = ORIENTED_EDGE('',*,*,#5891,.F.);
#6152 = ADVANCED_FACE('',(#6153),#5747,.T.);
#6153 = FACE_BOUND('',#6154,.T.);
#6154 = EDGE_LOOP('',(#6155,#6156,#6157,#6178));
#6155 = ORIENTED_EDGE('',*,*,#6130,.F.);
#6156 = ORIENTED_EDGE('',*,*,#5731,.T.);
#6157 = ORIENTED_EDGE('',*,*,#6158,.T.);
#6158 = EDGE_CURVE('',#5732,#5986,#6159,.T.);
#6159 = SURFACE_CURVE('',#6160,(#6164,#6171),.PCURVE_S1.);
#6160 = LINE('',#6161,#6162);
#6161 = CARTESIAN_POINT('',(287.,2.,5.));
#6162 = VECTOR('',#6163,1.);
#6163 = DIRECTION('',(0.,0.,1.));
#6164 = PCURVE('',#5747,#6165);
#6165 = DEFINITIONAL_REPRESENTATION('',(#6166),#6170);
#6166 = LINE('',#6167,#6168);
#6167 = CARTESIAN_POINT('',(0.,-4.));
#6168 = VECTOR('',#6169,1.);
#6169 = DIRECTION('',(1.,0.));
#6170 = ( GEOMETRIC_REPRESENTATION_CONTEXT(2) 
PARAMETRIC_REPRESENTATION_CONTEXT() REPRESENTATION_CONTEXT('2D SPACE',''
  ) );
#6171 = PCURVE('',#5775,#6172);
#6172 = DEFINITIONAL_REPRESENTATION('',(#6173),#6177);
#6173 = LINE('',#6174,#6175);
#6174 = CARTESIAN_POINT('',(0.,0.));
#6175 = VECTOR('',#6176,1.);
#6176 = DIRECTION('',(1.,0.));
#6177 = ( GEOMETRIC_REPRESENTATION_CONTEXT(2) 
PARAMETRIC_REPRESENTATION_CONTEXT() REPRESENTATION_CONTEXT('2D SPACE',''
  ) );
#6178 = ORIENTED_EDGE('',*,*,#5985,.F.);
#6179 = ADVANCED_FACE('',(#6180),#5775,.F.);
#6180 = FACE_BOUND('',#6181,.F.);
#6181 = EDGE_LOOP('',(#6182,#6183,#6184,#6185));
#6182 = ORIENTED_EDGE('',*,*,#5759,.T.);
#6183 = ORIENTED_EDGE('',*,*,#6158,.T.);
#6184 = ORIENTED_EDGE('',*,*,#6008,.F.);
#6185 = ORIENTED_EDGE('',*,*,#6186,.F.);
#6186 = EDGE_CURVE('',#5760,#6009,#6187,.T.);
#6187 = SURFACE_CURVE('',#6188,(#6192,#6199),.PCURVE_S1.);
#6188 = LINE('',#6189,#6190);
#6189 = CARTESIAN_POINT('',(292.,2.,5.5));
#6190 = VECTOR('',#6191,1.);
#6191 = DIRECTION('',(0.,0.,1.));
#6192 = PCURVE('',#5775,#6193);
#6193 = DEFINITIONAL_REPRESENTATION('',(#6194),#6198);
#6194 = LINE('',#6195,#6196);
#6195 = CARTESIAN_POINT('',(0.5,5.));
#6196 = VECTOR('',#6197,1.);
#6197 = DIRECTION('',(1.,0.));
#6198 = ( GEOMETRIC_REPRESENTATION_CONTEXT(2) 
PARAMETRIC_REPRESENTATION_CONTEXT() REPRESENTATION_CONTEXT('2D SPACE',''
  ) );
#6199 = PCURVE('',#5803,#6200);
#6200 = DEFINITIONAL_REPRESENTATION('',(#6201),#6205);
#6201 = LINE('',#6202,#6203);
#6202 = CARTESIAN_POINT('',(-0.5,-6.));
#6203 = VECTOR('',#6204,1.);
#6204 = DIRECTION('',(1.,0.));
#6205 = ( GEOMETRIC_REPRESENTATION_CONTEXT(2) 
PARAMETRIC_REPRESENTATION_CONTEXT() REPRESENTATION_CONTEXT('2D SPACE',''
  ) );
#6206 = ADVANCED_FACE('',(#6207),#5803,.T.);
#6207 = FACE_BOUND('',#6208,.T.);
#6208 = EDGE_LOOP('',(#6209,#6210,#6211,#6212));
#6209 = ORIENTED_EDGE('',*,*,#6031,.F.);
#6210 = ORIENTED_EDGE('',*,*,#6186,.F.);
#6211 = ORIENTED_EDGE('',*,*,#5787,.T.);
#6212 = ORIENTED_EDGE('',*,*,#6213,.T.);
#6213 = EDGE_CURVE('',#5788,#6032,#6214,.T.);
#6214 = SURFACE_CURVE('',#6215,(#6219,#6226),.PCURVE_S1.);
#6215 = LINE('',#6216,#6217);
#6216 = CARTESIAN_POINT('',(292.,4.,6.));
#6217 = VECTOR('',#6218,1.);
#6218 = DIRECTION('',(0.,0.,1.));
#6219 = PCURVE('',#5803,#6220);
#6220 = DEFINITIONAL_REPRESENTATION('',(#6221),#6225);
#6221 = LINE('',#6222,#6223);
#6222 = CARTESIAN_POINT('',(0.,-8.));
#6223 = VECTOR('',#6224,1.);
#6224 = DIRECTION('',(1.,0.));
#6225 = ( GEOMETRIC_REPRESENTATION_CONTEXT(2) 
PARAMETRIC_REPRESENTATION_CONTEXT() REPRESENTATION_CONTEXT('2D SPACE',''
  ) );
#6226 = PCURVE('',#154,#6227);
#6227 = DEFINITIONAL_REPRESENTATION('',(#6228),#6232);
#6228 = LINE('',#6229,#6230);
#6229 = CARTESIAN_POINT('',(0.,30.));
#6230 = VECTOR('',#6231,1.);
#6231 = DIRECTION('',(1.,0.));
#6232 = ( GEOMETRIC_REPRESENTATION_CONTEXT(2) 
PARAMETRIC_REPRESENTATION_CONTEXT() REPRESENTATION_CONTEXT('2D SPACE',''
  ) );
#6233 = ADVANCED_FACE('',(#6234),#887,.T.);
#6234 = FACE_BOUND('',#6235,.T.);
#6235 = EDGE_LOOP('',(#6236,#6237,#6258,#6259,#6260,#6261,#6262,#6283));
#6236 = ORIENTED_EDGE('',*,*,#1536,.T.);
#6237 = ORIENTED_EDGE('',*,*,#6238,.T.);
#6238 = EDGE_CURVE('',#1514,#1137,#6239,.T.);
#6239 = SURFACE_CURVE('',#6240,(#6244,#6251),.PCURVE_S1.);
#6240 = LINE('',#6241,#6242);
#6241 = CARTESIAN_POINT('',(262.,-4.,-6.));
#6242 = VECTOR('',#6243,1.);
#6243 = DIRECTION('',(1.,0.,0.));
#6244 = PCURVE('',#887,#6245);
#6245 = DEFINITIONAL_REPRESENTATION('',(#6246),#6250);
#6246 = LINE('',#6247,#6248);
#6247 = CARTESIAN_POINT('',(0.,0.));
#6248 = VECTOR('',#6249,1.);
#6249 = DIRECTION('',(1.,0.));
#6250 = ( GEOMETRIC_REPRESENTATION_CONTEXT(2) 
PARAMETRIC_REPRESENTATION_CONTEXT() REPRESENTATION_CONTEXT('2D SPACE',''
  ) );
#6251 = PCURVE('',#444,#6252);
#6252 = DEFINITIONAL_REPRESENTATION('',(#6253),#6257);
#6253 = LINE('',#6254,#6255);
#6254 = CARTESIAN_POINT('',(14.,0.));
#6255 = VECTOR('',#6256,1.);
#6256 = DIRECTION('',(0.,1.));
#6257 = ( GEOMETRIC_REPRESENTATION_CONTEXT(2) 
PARAMETRIC_REPRESENTATION_CONTEXT() REPRESENTATION_CONTEXT('2D SPACE',''
  ) );
#6258 = ORIENTED_EDGE('',*,*,#1136,.T.);
#6259 = ORIENTED_EDGE('',*,*,#1231,.T.);
#6260 = ORIENTED_EDGE('',*,*,#1281,.T.);
#6261 = ORIENTED_EDGE('',*,*,#1307,.F.);
#6262 = ORIENTED_EDGE('',*,*,#6263,.T.);
#6263 = EDGE_CURVE('',#1308,#717,#6264,.T.);
#6264 = SURFACE_CURVE('',#6265,(#6269,#6276),.PCURVE_S1.);
#6265 = LINE('',#6266,#6267);
#6266 = CARTESIAN_POINT('',(292.,-4.,-6.));
#6267 = VECTOR('',#6268,1.);
#6268 = DIRECTION('',(0.,1.,0.));
#6269 = PCURVE('',#887,#6270);
#6270 = DEFINITIONAL_REPRESENTATION('',(#6271),#6275);
#6271 = LINE('',#6272,#6273);
#6272 = CARTESIAN_POINT('',(30.,0.));
#6273 = VECTOR('',#6274,1.);
#6274 = DIRECTION('',(0.,1.));
#6275 = ( GEOMETRIC_REPRESENTATION_CONTEXT(2) 
PARAMETRIC_REPRESENTATION_CONTEXT() REPRESENTATION_CONTEXT('2D SPACE',''
  ) );
#6276 = PCURVE('',#732,#6277);
#6277 = DEFINITIONAL_REPRESENTATION('',(#6278),#6282);
#6278 = LINE('',#6279,#6280);
#6279 = CARTESIAN_POINT('',(14.,0.));
#6280 = VECTOR('',#6281,1.);
#6281 = DIRECTION('',(0.,-1.));
#6282 = ( GEOMETRIC_REPRESENTATION_CONTEXT(2) 
PARAMETRIC_REPRESENTATION_CONTEXT() REPRESENTATION_CONTEXT('2D SPACE',''
  ) );
#6283 = ORIENTED_EDGE('',*,*,#873,.F.);
#6284 = ADVANCED_FACE('',(#6285),#732,.T.);
#6285 = FACE_BOUND('',#6286,.T.);
#6286 = EDGE_LOOP('',(#6287,#6288,#6289,#6290));
#6287 = ORIENTED_EDGE('',*,*,#6263,.F.);
#6288 = ORIENTED_EDGE('',*,*,#1330,.F.);
#6289 = ORIENTED_EDGE('',*,*,#1062,.T.);
#6290 = ORIENTED_EDGE('',*,*,#714,.T.);
#6291 = ADVANCED_FACE('',(#6292),#645,.F.);
#6292 = FACE_BOUND('',#6293,.F.);
#6293 = EDGE_LOOP('',(#6294,#6295,#6316,#6317));
#6294 = ORIENTED_EDGE('',*,*,#628,.T.);
#6295 = ORIENTED_EDGE('',*,*,#6296,.T.);
#6296 = EDGE_CURVE('',#490,#1085,#6297,.T.);
#6297 = SURFACE_CURVE('',#6298,(#6302,#6309),.PCURVE_S1.);
#6298 = LINE('',#6299,#6300);
#6299 = CARTESIAN_POINT('',(262.,2.,-22.));
#6300 = VECTOR('',#6301,1.);
#6301 = DIRECTION('',(-0.,-0.,-1.));
#6302 = PCURVE('',#645,#6303);
#6303 = DEFINITIONAL_REPRESENTATION('',(#6304),#6308);
#6304 = LINE('',#6305,#6306);
#6305 = CARTESIAN_POINT('',(-2.,-6.));
#6306 = VECTOR('',#6307,1.);
#6307 = DIRECTION('',(-1.,0.));
#6308 = ( GEOMETRIC_REPRESENTATION_CONTEXT(2) 
PARAMETRIC_REPRESENTATION_CONTEXT() REPRESENTATION_CONTEXT('2D SPACE',''
  ) );
#6309 = PCURVE('',#572,#6310);
#6310 = DEFINITIONAL_REPRESENTATION('',(#6311),#6315);
#6311 = LINE('',#6312,#6313);
#6312 = CARTESIAN_POINT('',(-7.853981633974,0.));
#6313 = VECTOR('',#6314,1.);
#6314 = DIRECTION('',(-0.,1.));
#6315 = ( GEOMETRIC_REPRESENTATION_CONTEXT(2) 
PARAMETRIC_REPRESENTATION_CONTEXT() REPRESENTATION_CONTEXT('2D SPACE',''
  ) );
#6316 = ORIENTED_EDGE('',*,*,#1084,.T.);
#6317 = ORIENTED_EDGE('',*,*,#772,.T.);
#6318 = ADVANCED_FACE('',(#6319),#572,.F.);
#6319 = FACE_BOUND('',#6320,.T.);
#6320 = EDGE_LOOP('',(#6321,#6322,#6323,#6324));
#6321 = ORIENTED_EDGE('',*,*,#489,.F.);
#6322 = ORIENTED_EDGE('',*,*,#6296,.T.);
#6323 = ORIENTED_EDGE('',*,*,#1107,.T.);
#6324 = ORIENTED_EDGE('',*,*,#6325,.F.);
#6325 = EDGE_CURVE('',#457,#905,#6326,.T.);
#6326 = SURFACE_CURVE('',#6327,(#6331,#6338),.PCURVE_S1.);
#6327 = LINE('',#6328,#6329);
#6328 = CARTESIAN_POINT('',(262.,-2.,-22.));
#6329 = VECTOR('',#6330,1.);
#6330 = DIRECTION('',(-0.,-0.,-1.));
#6331 = PCURVE('',#572,#6332);
#6332 = DEFINITIONAL_REPRESENTATION('',(#6333),#6337);
#6333 = LINE('',#6334,#6335);
#6334 = CARTESIAN_POINT('',(-4.712388980385,0.));
#6335 = VECTOR('',#6336,1.);
#6336 = DIRECTION('',(-0.,1.));
#6337 = ( GEOMETRIC_REPRESENTATION_CONTEXT(2) 
PARAMETRIC_REPRESENTATION_CONTEXT() REPRESENTATION_CONTEXT('2D SPACE',''
  ) );
#6338 = PCURVE('',#473,#6339);
#6339 = DEFINITIONAL_REPRESENTATION('',(#6340),#6344);
#6340 = LINE('',#6341,#6342);
#6341 = CARTESIAN_POINT('',(-2.,-2.));
#6342 = VECTOR('',#6343,1.);
#6343 = DIRECTION('',(-1.,0.));
#6344 = ( GEOMETRIC_REPRESENTATION_CONTEXT(2) 
PARAMETRIC_REPRESENTATION_CONTEXT() REPRESENTATION_CONTEXT('2D SPACE',''
  ) );
#6345 = ADVANCED_FACE('',(#6346),#473,.F.);
#6346 = FACE_BOUND('',#6347,.F.);
#6347 = EDGE_LOOP('',(#6348,#6349,#6370,#6371));
#6348 = ORIENTED_EDGE('',*,*,#456,.T.);
#6349 = ORIENTED_EDGE('',*,*,#6350,.F.);
#6350 = EDGE_CURVE('',#903,#429,#6351,.T.);
#6351 = SURFACE_CURVE('',#6352,(#6356,#6363),.PCURVE_S1.);
#6352 = LINE('',#6353,#6354);
#6353 = CARTESIAN_POINT('',(262.,-4.,-20.));
#6354 = VECTOR('',#6355,1.);
#6355 = DIRECTION('',(0.,0.,1.));
#6356 = PCURVE('',#473,#6357);
#6357 = DEFINITIONAL_REPRESENTATION('',(#6358),#6362);
#6358 = LINE('',#6359,#6360);
#6359 = CARTESIAN_POINT('',(0.,0.));
#6360 = VECTOR('',#6361,1.);
#6361 = DIRECTION('',(1.,0.));
#6362 = ( GEOMETRIC_REPRESENTATION_CONTEXT(2) 
PARAMETRIC_REPRESENTATION_CONTEXT() REPRESENTATION_CONTEXT('2D SPACE',''
  ) );
#6363 = PCURVE('',#444,#6364);
#6364 = DEFINITIONAL_REPRESENTATION('',(#6365),#6369);
#6365 = LINE('',#6366,#6367);
#6366 = CARTESIAN_POINT('',(0.,0.));
#6367 = VECTOR('',#6368,1.);
#6368 = DIRECTION('',(1.,0.));
#6369 = ( GEOMETRIC_REPRESENTATION_CONTEXT(2) 
PARAMETRIC_REPRESENTATION_CONTEXT() REPRESENTATION_CONTEXT('2D SPACE',''
  ) );
#6370 = ORIENTED_EDGE('',*,*,#902,.T.);
#6371 = ORIENTED_EDGE('',*,*,#6325,.F.);
#6372 = ADVANCED_FACE('',(#6373),#444,.F.);
#6373 = FACE_BOUND('',#6374,.F.);
#6374 = EDGE_LOOP('',(#6375,#6376,#6377,#6378,#6379,#6400,#6401,#6402));
#6375 = ORIENTED_EDGE('',*,*,#1161,.F.);
#6376 = ORIENTED_EDGE('',*,*,#927,.F.);
#6377 = ORIENTED_EDGE('',*,*,#6350,.T.);
#6378 = ORIENTED_EDGE('',*,*,#428,.F.);
#6379 = ORIENTED_EDGE('',*,*,#6380,.T.);
#6380 = EDGE_CURVE('',#400,#5577,#6381,.T.);
#6381 = SURFACE_CURVE('',#6382,(#6386,#6393),.PCURVE_S1.);
#6382 = LINE('',#6383,#6384);
#6383 = CARTESIAN_POINT('',(265.,-4.,-10.));
#6384 = VECTOR('',#6385,1.);
#6385 = DIRECTION('',(0.,0.,1.));
#6386 = PCURVE('',#444,#6387);
#6387 = DEFINITIONAL_REPRESENTATION('',(#6388),#6392);
#6388 = LINE('',#6389,#6390);
#6389 = CARTESIAN_POINT('',(10.,3.));
#6390 = VECTOR('',#6391,1.);
#6391 = DIRECTION('',(1.,0.));
#6392 = ( GEOMETRIC_REPRESENTATION_CONTEXT(2) 
PARAMETRIC_REPRESENTATION_CONTEXT() REPRESENTATION_CONTEXT('2D SPACE',''
  ) );
#6393 = PCURVE('',#416,#6394);
#6394 = DEFINITIONAL_REPRESENTATION('',(#6395),#6399);
#6395 = LINE('',#6396,#6397);
#6396 = CARTESIAN_POINT('',(9.,10.));
#6397 = VECTOR('',#6398,1.);
#6398 = DIRECTION('',(1.110223024625E-16,-1.));
#6399 = ( GEOMETRIC_REPRESENTATION_CONTEXT(2) 
PARAMETRIC_REPRESENTATION_CONTEXT() REPRESENTATION_CONTEXT('2D SPACE',''
  ) );
#6400 = ORIENTED_EDGE('',*,*,#5576,.F.);
#6401 = ORIENTED_EDGE('',*,*,#1513,.T.);
#6402 = ORIENTED_EDGE('',*,*,#6238,.T.);
#6403 = ADVANCED_FACE('',(#6404),#416,.T.);
#6404 = FACE_BOUND('',#6405,.T.);
#6405 = EDGE_LOOP('',(#6406,#6427,#6428,#6429));
#6406 = ORIENTED_EDGE('',*,*,#6407,.T.);
#6407 = EDGE_CURVE('',#5600,#372,#6408,.T.);
#6408 = SURFACE_CURVE('',#6409,(#6413,#6420),.PCURVE_S1.);
#6409 = LINE('',#6410,#6411);
#6410 = CARTESIAN_POINT('',(265.,-4.,3.));
#6411 = VECTOR('',#6412,1.);
#6412 = DIRECTION('',(0.,0.,1.));
#6413 = PCURVE('',#416,#6414);
#6414 = DEFINITIONAL_REPRESENTATION('',(#6415),#6419);
#6415 = LINE('',#6416,#6417);
#6416 = CARTESIAN_POINT('',(9.,-3.));
#6417 = VECTOR('',#6418,1.);
#6418 = DIRECTION('',(1.110223024625E-16,-1.));
#6419 = ( GEOMETRIC_REPRESENTATION_CONTEXT(2) 
PARAMETRIC_REPRESENTATION_CONTEXT() REPRESENTATION_CONTEXT('2D SPACE',''
  ) );
#6420 = PCURVE('',#387,#6421);
#6421 = DEFINITIONAL_REPRESENTATION('',(#6422),#6426);
#6422 = LINE('',#6423,#6424);
#6423 = CARTESIAN_POINT('',(-3.,3.));
#6424 = VECTOR('',#6425,1.);
#6425 = DIRECTION('',(1.,0.));
#6426 = ( GEOMETRIC_REPRESENTATION_CONTEXT(2) 
PARAMETRIC_REPRESENTATION_CONTEXT() REPRESENTATION_CONTEXT('2D SPACE',''
  ) );
#6427 = ORIENTED_EDGE('',*,*,#399,.T.);
#6428 = ORIENTED_EDGE('',*,*,#6380,.T.);
#6429 = ORIENTED_EDGE('',*,*,#5599,.T.);
#6430 = ADVANCED_FACE('',(#6431),#387,.F.);
#6431 = FACE_BOUND('',#6432,.F.);
#6432 = EDGE_LOOP('',(#6433,#6434,#6435,#6436,#6437,#6438,#6459,#6460));
#6433 = ORIENTED_EDGE('',*,*,#5652,.F.);
#6434 = ORIENTED_EDGE('',*,*,#1461,.T.);
#6435 = ORIENTED_EDGE('',*,*,#5627,.T.);
#6436 = ORIENTED_EDGE('',*,*,#6407,.T.);
#6437 = ORIENTED_EDGE('',*,*,#371,.T.);
#6438 = ORIENTED_EDGE('',*,*,#6439,.T.);
#6439 = EDGE_CURVE('',#339,#5916,#6440,.T.);
#6440 = SURFACE_CURVE('',#6441,(#6445,#6452),.PCURVE_S1.);
#6441 = LINE('',#6442,#6443);
#6442 = CARTESIAN_POINT('',(262.,-4.,6.));
#6443 = VECTOR('',#6444,1.);
#6444 = DIRECTION('',(0.,0.,1.));
#6445 = PCURVE('',#387,#6446);
#6446 = DEFINITIONAL_REPRESENTATION('',(#6447),#6451);
#6447 = LINE('',#6448,#6449);
#6448 = CARTESIAN_POINT('',(0.,0.));
#6449 = VECTOR('',#6450,1.);
#6450 = DIRECTION('',(1.,0.));
#6451 = ( GEOMETRIC_REPRESENTATION_CONTEXT(2) 
PARAMETRIC_REPRESENTATION_CONTEXT() REPRESENTATION_CONTEXT('2D SPACE',''
  ) );
#6452 = PCURVE('',#355,#6453);
#6453 = DEFINITIONAL_REPRESENTATION('',(#6454),#6458);
#6454 = LINE('',#6455,#6456);
#6455 = CARTESIAN_POINT('',(0.,0.));
#6456 = VECTOR('',#6457,1.);
#6457 = DIRECTION('',(1.,0.));
#6458 = ( GEOMETRIC_REPRESENTATION_CONTEXT(2) 
PARAMETRIC_REPRESENTATION_CONTEXT() REPRESENTATION_CONTEXT('2D SPACE',''
  ) );
#6459 = ORIENTED_EDGE('',*,*,#5940,.T.);
#6460 = ORIENTED_EDGE('',*,*,#5869,.F.);
#6461 = ADVANCED_FACE('',(#6462),#355,.F.);
#6462 = FACE_BOUND('',#6463,.F.);
#6463 = EDGE_LOOP('',(#6464,#6465,#6466,#6467));
#6464 = ORIENTED_EDGE('',*,*,#5915,.F.);
#6465 = ORIENTED_EDGE('',*,*,#6439,.F.);
#6466 = ORIENTED_EDGE('',*,*,#338,.T.);
#6467 = ORIENTED_EDGE('',*,*,#6468,.F.);
#6468 = EDGE_CURVE('',#5918,#200,#6469,.T.);
#6469 = SURFACE_CURVE('',#6470,(#6474,#6481),.PCURVE_S1.);
#6470 = LINE('',#6471,#6472);
#6471 = CARTESIAN_POINT('',(262.,-2.,4.));
#6472 = VECTOR('',#6473,1.);
#6473 = DIRECTION('',(-0.,-0.,-1.));
#6474 = PCURVE('',#355,#6475);
#6475 = DEFINITIONAL_REPRESENTATION('',(#6476),#6480);
#6476 = LINE('',#6477,#6478);
#6477 = CARTESIAN_POINT('',(-2.,-2.));
#6478 = VECTOR('',#6479,1.);
#6479 = DIRECTION('',(-1.,0.));
#6480 = ( GEOMETRIC_REPRESENTATION_CONTEXT(2) 
PARAMETRIC_REPRESENTATION_CONTEXT() REPRESENTATION_CONTEXT('2D SPACE',''
  ) );
#6481 = PCURVE('',#282,#6482);
#6482 = DEFINITIONAL_REPRESENTATION('',(#6483),#6487);
#6483 = LINE('',#6484,#6485);
#6484 = CARTESIAN_POINT('',(-4.712388980385,0.));
#6485 = VECTOR('',#6486,1.);
#6486 = DIRECTION('',(-0.,1.));
#6487 = ( GEOMETRIC_REPRESENTATION_CONTEXT(2) 
PARAMETRIC_REPRESENTATION_CONTEXT() REPRESENTATION_CONTEXT('2D SPACE',''
  ) );
#6488 = ADVANCED_FACE('',(#6489),#282,.F.);
#6489 = FACE_BOUND('',#6490,.T.);
#6490 = EDGE_LOOP('',(#6491,#6492,#6513,#6514));
#6491 = ORIENTED_EDGE('',*,*,#6100,.F.);
#6492 = ORIENTED_EDGE('',*,*,#6493,.T.);
#6493 = EDGE_CURVE('',#6078,#167,#6494,.T.);
#6494 = SURFACE_CURVE('',#6495,(#6499,#6506),.PCURVE_S1.);
#6495 = LINE('',#6496,#6497);
#6496 = CARTESIAN_POINT('',(262.,2.,4.));
#6497 = VECTOR('',#6498,1.);
#6498 = DIRECTION('',(-0.,-0.,-1.));
#6499 = PCURVE('',#282,#6500);
#6500 = DEFINITIONAL_REPRESENTATION('',(#6501),#6505);
#6501 = LINE('',#6502,#6503);
#6502 = CARTESIAN_POINT('',(-7.853981633974,0.));
#6503 = VECTOR('',#6504,1.);
#6504 = DIRECTION('',(-0.,1.));
#6505 = ( GEOMETRIC_REPRESENTATION_CONTEXT(2) 
PARAMETRIC_REPRESENTATION_CONTEXT() REPRESENTATION_CONTEXT('2D SPACE',''
  ) );
#6506 = PCURVE('',#183,#6507);
#6507 = DEFINITIONAL_REPRESENTATION('',(#6508),#6512);
#6508 = LINE('',#6509,#6510);
#6509 = CARTESIAN_POINT('',(-2.,-6.));
#6510 = VECTOR('',#6511,1.);
#6511 = DIRECTION('',(-1.,0.));
#6512 = ( GEOMETRIC_REPRESENTATION_CONTEXT(2) 
PARAMETRIC_REPRESENTATION_CONTEXT() REPRESENTATION_CONTEXT('2D SPACE',''
  ) );
#6513 = ORIENTED_EDGE('',*,*,#199,.F.);
#6514 = ORIENTED_EDGE('',*,*,#6468,.F.);
#6515 = ADVANCED_FACE('',(#6516),#183,.F.);
#6516 = FACE_BOUND('',#6517,.F.);
#6517 = EDGE_LOOP('',(#6518,#6519,#6520,#6521));
#6518 = ORIENTED_EDGE('',*,*,#6077,.F.);
#6519 = ORIENTED_EDGE('',*,*,#6493,.T.);
#6520 = ORIENTED_EDGE('',*,*,#166,.T.);
#6521 = ORIENTED_EDGE('',*,*,#6522,.T.);
#6522 = EDGE_CURVE('',#139,#6055,#6523,.T.);
#6523 = SURFACE_CURVE('',#6524,(#6528,#6535),.PCURVE_S1.);
#6524 = LINE('',#6525,#6526);
#6525 = CARTESIAN_POINT('',(262.,4.,6.));
#6526 = VECTOR('',#6527,1.);
#6527 = DIRECTION('',(0.,0.,1.));
#6528 = PCURVE('',#183,#6529);
#6529 = DEFINITIONAL_REPRESENTATION('',(#6530),#6534);
#6530 = LINE('',#6531,#6532);
#6531 = CARTESIAN_POINT('',(0.,-8.));
#6532 = VECTOR('',#6533,1.);
#6533 = DIRECTION('',(1.,0.));
#6534 = ( GEOMETRIC_REPRESENTATION_CONTEXT(2) 
PARAMETRIC_REPRESENTATION_CONTEXT() REPRESENTATION_CONTEXT('2D SPACE',''
  ) );
#6535 = PCURVE('',#154,#6536);
#6536 = DEFINITIONAL_REPRESENTATION('',(#6537),#6541);
#6537 = LINE('',#6538,#6539);
#6538 = CARTESIAN_POINT('',(0.,0.));
#6539 = VECTOR('',#6540,1.);
#6540 = DIRECTION('',(1.,0.));
#6541 = ( GEOMETRIC_REPRESENTATION_CONTEXT(2) 
PARAMETRIC_REPRESENTATION_CONTEXT() REPRESENTATION_CONTEXT('2D SPACE',''
  ) );
#6542 = ADVANCED_FACE('',(#6543),#154,.T.);
#6543 = FACE_BOUND('',#6544,.T.);
#6544 = EDGE_LOOP('',(#6545,#6546,#6547,#6548,#6569,#6570,#6571,#6572));
#6545 = ORIENTED_EDGE('',*,*,#5815,.F.);
#6546 = ORIENTED_EDGE('',*,*,#1559,.T.);
#6547 = ORIENTED_EDGE('',*,*,#1378,.T.);
#6548 = ORIENTED_EDGE('',*,*,#6549,.T.);
#6549 = EDGE_CURVE('',#1379,#110,#6550,.T.);
#6550 = SURFACE_CURVE('',#6551,(#6555,#6562),.PCURVE_S1.);
#6551 = LINE('',#6552,#6553);
#6552 = CARTESIAN_POINT('',(265.,4.,3.));
#6553 = VECTOR('',#6554,1.);
#6554 = DIRECTION('',(0.,0.,1.));
#6555 = PCURVE('',#154,#6556);
#6556 = DEFINITIONAL_REPRESENTATION('',(#6557),#6561);
#6557 = LINE('',#6558,#6559);
#6558 = CARTESIAN_POINT('',(-3.,3.));
#6559 = VECTOR('',#6560,1.);
#6560 = DIRECTION('',(1.,0.));
#6561 = ( GEOMETRIC_REPRESENTATION_CONTEXT(2) 
PARAMETRIC_REPRESENTATION_CONTEXT() REPRESENTATION_CONTEXT('2D SPACE',''
  ) );
#6562 = PCURVE('',#126,#6563);
#6563 = DEFINITIONAL_REPRESENTATION('',(#6564),#6568);
#6564 = LINE('',#6565,#6566);
#6565 = CARTESIAN_POINT('',(1.,-3.));
#6566 = VECTOR('',#6567,1.);
#6567 = DIRECTION('',(1.110223024625E-16,-1.));
#6568 = ( GEOMETRIC_REPRESENTATION_CONTEXT(2) 
PARAMETRIC_REPRESENTATION_CONTEXT() REPRESENTATION_CONTEXT('2D SPACE',''
  ) );
#6569 = ORIENTED_EDGE('',*,*,#138,.T.);
#6570 = ORIENTED_EDGE('',*,*,#6522,.T.);
#6571 = ORIENTED_EDGE('',*,*,#6054,.T.);
#6572 = ORIENTED_EDGE('',*,*,#6213,.F.);
#6573 = ADVANCED_FACE('',(#6574),#126,.T.);
#6574 = FACE_BOUND('',#6575,.T.);
#6575 = EDGE_LOOP('',(#6576,#6577,#6578,#6579,#6580));
#6576 = ORIENTED_EDGE('',*,*,#794,.F.);
#6577 = ORIENTED_EDGE('',*,*,#689,.T.);
#6578 = ORIENTED_EDGE('',*,*,#109,.T.);
#6579 = ORIENTED_EDGE('',*,*,#6549,.F.);
#6580 = ORIENTED_EDGE('',*,*,#1401,.T.);
#6581 = ADVANCED_FACE('',(#6582,#6585,#6616,#6619),#96,.F.);
#6582 = FACE_BOUND('',#6583,.F.);
#6583 = EDGE_LOOP('',(#6584));
#6584 = ORIENTED_EDGE('',*,*,#81,.T.);
#6585 = FACE_BOUND('',#6586,.F.);
#6586 = EDGE_LOOP('',(#6587));
#6587 = ORIENTED_EDGE('',*,*,#6588,.F.);
#6588 = EDGE_CURVE('',#6589,#6589,#6591,.T.);
#6589 = VERTEX_POINT('',#6590);
#6590 = CARTESIAN_POINT('',(255.,2.6645352591E-15,11.992304845413));
#6591 = SURFACE_CURVE('',#6592,(#6597,#6604),.PCURVE_S1.);
#6592 = CIRCLE('',#6593,1.6);
#6593 = AXIS2_PLACEMENT_3D('',#6594,#6595,#6596);
#6594 = CARTESIAN_POINT('',(255.,2.6645352591E-15,10.392304845413));
#6595 = DIRECTION('',(1.,0.,-0.));
#6596 = DIRECTION('',(0.,1.110223024625E-16,1.));
#6597 = PCURVE('',#96,#6598);
#6598 = DEFINITIONAL_REPRESENTATION('',(#6599),#6603);
#6599 = CIRCLE('',#6600,1.6);
#6600 = AXIS2_PLACEMENT_2D('',#6601,#6602);
#6601 = CARTESIAN_POINT('',(5.,-10.39230484541));
#6602 = DIRECTION('',(0.,-1.));
#6603 = ( GEOMETRIC_REPRESENTATION_CONTEXT(2) 
PARAMETRIC_REPRESENTATION_CONTEXT() REPRESENTATION_CONTEXT('2D SPACE',''
  ) );
#6604 = PCURVE('',#6605,#6610);
#6605 = CYLINDRICAL_SURFACE('',#6606,1.6);
#6606 = AXIS2_PLACEMENT_3D('',#6607,#6608,#6609);
#6607 = CARTESIAN_POINT('',(255.,2.6645352591E-15,10.392304845413));
#6608 = DIRECTION('',(-1.,0.,-0.));
#6609 = DIRECTION('',(0.,1.110223024625E-16,1.));
#6610 = DEFINITIONAL_REPRESENTATION('',(#6611),#6615);
#6611 = LINE('',#6612,#6613);
#6612 = CARTESIAN_POINT('',(-0.,0.));
#6613 = VECTOR('',#6614,1.);
#6614 = DIRECTION('',(-1.,0.));
#6615 = ( GEOMETRIC_REPRESENTATION_CONTEXT(2) 
PARAMETRIC_REPRESENTATION_CONTEXT() REPRESENTATION_CONTEXT('2D SPACE',''
  ) );
#6616 = FACE_BOUND('',#6617,.F.);
#6617 = EDGE_LOOP('',(#6618));
#6618 = ORIENTED_EDGE('',*,*,#5478,.T.);
#6619 = FACE_BOUND('',#6620,.F.);
#6620 = EDGE_LOOP('',(#6621));
#6621 = ORIENTED_EDGE('',*,*,#6622,.F.);
#6622 = EDGE_CURVE('',#6623,#6623,#6625,.T.);
#6623 = VERTEX_POINT('',#6624);
#6624 = CARTESIAN_POINT('',(255.,-5.329070518201E-15,-8.792304845413));
#6625 = SURFACE_CURVE('',#6626,(#6631,#6638),.PCURVE_S1.);
#6626 = CIRCLE('',#6627,1.6);
#6627 = AXIS2_PLACEMENT_3D('',#6628,#6629,#6630);
#6628 = CARTESIAN_POINT('',(255.,-5.329070518201E-15,-10.39230484541));
#6629 = DIRECTION('',(1.,0.,-0.));
#6630 = DIRECTION('',(0.,1.110223024625E-16,1.));
#6631 = PCURVE('',#96,#6632);
#6632 = DEFINITIONAL_REPRESENTATION('',(#6633),#6637);
#6633 = CIRCLE('',#6634,1.6);
#6634 = AXIS2_PLACEMENT_2D('',#6635,#6636);
#6635 = CARTESIAN_POINT('',(5.,10.392304845413));
#6636 = DIRECTION('',(0.,-1.));
#6637 = ( GEOMETRIC_REPRESENTATION_CONTEXT(2) 
PARAMETRIC_REPRESENTATION_CONTEXT() REPRESENTATION_CONTEXT('2D SPACE',''
  ) );
#6638 = PCURVE('',#6639,#6644);
#6639 = CYLINDRICAL_SURFACE('',#6640,1.6);
#6640 = AXIS2_PLACEMENT_3D('',#6641,#6642,#6643);
#6641 = CARTESIAN_POINT('',(255.,-5.329070518201E-15,-10.39230484541));
#6642 = DIRECTION('',(-1.,0.,-0.));
#6643 = DIRECTION('',(0.,1.110223024625E-16,1.));
#6644 = DEFINITIONAL_REPRESENTATION('',(#6645),#6649);
#6645 = LINE('',#6646,#6647);
#6646 = CARTESIAN_POINT('',(-0.,0.));
#6647 = VECTOR('',#6648,1.);
#6648 = DIRECTION('',(-1.,0.));
#6649 = ( GEOMETRIC_REPRESENTATION_CONTEXT(2) 
PARAMETRIC_REPRESENTATION_CONTEXT() REPRESENTATION_CONTEXT('2D SPACE',''
  ) );
#6650 = ADVANCED_FACE('',(#6651),#6639,.F.);
#6651 = FACE_BOUND('',#6652,.T.);
#6652 = EDGE_LOOP('',(#6653,#6654,#6677,#6710,#6738,#7114,#7137,#7163));
#6653 = ORIENTED_EDGE('',*,*,#6622,.F.);
#6654 = ORIENTED_EDGE('',*,*,#6655,.T.);
#6655 = EDGE_CURVE('',#6623,#6656,#6658,.T.);
#6656 = VERTEX_POINT('',#6657);
#6657 = CARTESIAN_POINT('',(260.,-5.329070518201E-15,-8.792304845413));
#6658 = SEAM_CURVE('',#6659,(#6663,#6670),.PCURVE_S1.);
#6659 = LINE('',#6660,#6661);
#6660 = CARTESIAN_POINT('',(255.,-5.329070518201E-15,-8.792304845413));
#6661 = VECTOR('',#6662,1.);
#6662 = DIRECTION('',(1.,0.,0.));
#6663 = PCURVE('',#6639,#6664);
#6664 = DEFINITIONAL_REPRESENTATION('',(#6665),#6669);
#6665 = LINE('',#6666,#6667);
#6666 = CARTESIAN_POINT('',(-0.,0.));
#6667 = VECTOR('',#6668,1.);
#6668 = DIRECTION('',(-0.,-1.));
#6669 = ( GEOMETRIC_REPRESENTATION_CONTEXT(2) 
PARAMETRIC_REPRESENTATION_CONTEXT() REPRESENTATION_CONTEXT('2D SPACE',''
  ) );
#6670 = PCURVE('',#6639,#6671);
#6671 = DEFINITIONAL_REPRESENTATION('',(#6672),#6676);
#6672 = LINE('',#6673,#6674);
#6673 = CARTESIAN_POINT('',(-6.28318530718,0.));
#6674 = VECTOR('',#6675,1.);
#6675 = DIRECTION('',(-0.,-1.));
#6676 = ( GEOMETRIC_REPRESENTATION_CONTEXT(2) 
PARAMETRIC_REPRESENTATION_CONTEXT() REPRESENTATION_CONTEXT('2D SPACE',''
  ) );
#6677 = ORIENTED_EDGE('',*,*,#6678,.F.);
#6678 = EDGE_CURVE('',#6679,#6656,#6681,.T.);
#6679 = VERTEX_POINT('',#6680);
#6680 = CARTESIAN_POINT('',(260.,-1.017479340241,-9.157502921143));
#6681 = SURFACE_CURVE('',#6682,(#6687,#6694),.PCURVE_S1.);
#6682 = CIRCLE('',#6683,1.6);
#6683 = AXIS2_PLACEMENT_3D('',#6684,#6685,#6686);
#6684 = CARTESIAN_POINT('',(260.,-5.329070518201E-15,-10.39230484541));
#6685 = DIRECTION('',(-1.,0.,0.));
#6686 = DIRECTION('',(0.,1.110223024625E-16,1.));
#6687 = PCURVE('',#6639,#6688);
#6688 = DEFINITIONAL_REPRESENTATION('',(#6689),#6693);
#6689 = LINE('',#6690,#6691);
#6690 = CARTESIAN_POINT('',(-6.28318530718,-5.));
#6691 = VECTOR('',#6692,1.);
#6692 = DIRECTION('',(1.,-0.));
#6693 = ( GEOMETRIC_REPRESENTATION_CONTEXT(2) 
PARAMETRIC_REPRESENTATION_CONTEXT() REPRESENTATION_CONTEXT('2D SPACE',''
  ) );
#6694 = PCURVE('',#6695,#6700);
#6695 = PLANE('',#6696);
#6696 = AXIS2_PLACEMENT_3D('',#6697,#6698,#6699);
#6697 = CARTESIAN_POINT('',(260.,3.,-8.800429604033E-16));
#6698 = DIRECTION('',(1.,0.,0.));
#6699 = DIRECTION('',(0.,-1.,1.110223024625E-16));
#6700 = DEFINITIONAL_REPRESENTATION('',(#6701),#6709);
#6701 = ( BOUNDED_CURVE() B_SPLINE_CURVE(2,(#6702,#6703,#6704,#6705,
#6706,#6707,#6708),.UNSPECIFIED.,.T.,.F.) B_SPLINE_CURVE_WITH_KNOTS((1,2
    ,2,2,2,1),(-2.094395102393,0.,2.094395102393,4.188790204786,
6.28318530718,8.377580409573),.UNSPECIFIED.) CURVE() 
GEOMETRIC_REPRESENTATION_ITEM() RATIONAL_B_SPLINE_CURVE((1.,0.5,1.,0.5,
1.,0.5,1.)) REPRESENTATION_ITEM('') );
#6702 = CARTESIAN_POINT('',(3.,8.792304845413));
#6703 = CARTESIAN_POINT('',(0.22871870789,8.792304845413));
#6704 = CARTESIAN_POINT('',(1.614359353945,11.192304845413));
#6705 = CARTESIAN_POINT('',(3.,13.592304845413));
#6706 = CARTESIAN_POINT('',(4.385640646055,11.192304845413));
#6707 = CARTESIAN_POINT('',(5.77128129211,8.792304845413));
#6708 = CARTESIAN_POINT('',(3.,8.792304845413));
#6709 = ( GEOMETRIC_REPRESENTATION_CONTEXT(2) 
PARAMETRIC_REPRESENTATION_CONTEXT() REPRESENTATION_CONTEXT('2D SPACE',''
  ) );
#6710 = ORIENTED_EDGE('',*,*,#6711,.F.);
#6711 = EDGE_CURVE('',#6712,#6679,#6714,.T.);
#6712 = VERTEX_POINT('',#6713);
#6713 = CARTESIAN_POINT('',(263.72184081499,-1.017479340241,
    -9.157502921143));
#6714 = SURFACE_CURVE('',#6715,(#6719,#6726),.PCURVE_S1.);
#6715 = LINE('',#6716,#6717);
#6716 = CARTESIAN_POINT('',(255.,-1.017479340241,-9.157502921143));
#6717 = VECTOR('',#6718,1.);
#6718 = DIRECTION('',(-1.,0.,-0.));
#6719 = PCURVE('',#6639,#6720);
#6720 = DEFINITIONAL_REPRESENTATION('',(#6721),#6725);
#6721 = LINE('',#6722,#6723);
#6722 = CARTESIAN_POINT('',(-0.689205968057,0.));
#6723 = VECTOR('',#6724,1.);
#6724 = DIRECTION('',(-0.,1.));
#6725 = ( GEOMETRIC_REPRESENTATION_CONTEXT(2) 
PARAMETRIC_REPRESENTATION_CONTEXT() REPRESENTATION_CONTEXT('2D SPACE',''
  ) );
#6726 = PCURVE('',#6727,#6732);
#6727 = CYLINDRICAL_SURFACE('',#6728,10.);
#6728 = AXIS2_PLACEMENT_3D('',#6729,#6730,#6731);
#6729 = CARTESIAN_POINT('',(260.,3.,-3.330669073875E-16));
#6730 = DIRECTION('',(-1.,0.,-0.));
#6731 = DIRECTION('',(0.,1.110223024625E-16,1.));
#6732 = DEFINITIONAL_REPRESENTATION('',(#6733),#6737);
#6733 = LINE('',#6734,#6735);
#6734 = CARTESIAN_POINT('',(-2.728167859619,5.));
#6735 = VECTOR('',#6736,1.);
#6736 = DIRECTION('',(-0.,1.));
#6737 = ( GEOMETRIC_REPRESENTATION_CONTEXT(2) 
PARAMETRIC_REPRESENTATION_CONTEXT() REPRESENTATION_CONTEXT('2D SPACE',''
  ) );
#6738 = ORIENTED_EDGE('',*,*,#6739,.T.);
#6739 = EDGE_CURVE('',#6712,#6740,#6742,.T.);
#6740 = VERTEX_POINT('',#6741);
#6741 = CARTESIAN_POINT('',(263.3009938193,1.51901780178,-9.889726575015
    ));
#6742 = SURFACE_CURVE('',#6743,(#6831,#6970),.PCURVE_S1.);
#6743 = B_SPLINE_CURVE_WITH_KNOTS('',6,(#6744,#6745,#6746,#6747,#6748,
    #6749,#6750,#6751,#6752,#6753,#6754,#6755,#6756,#6757,#6758,#6759,
    #6760,#6761,#6762,#6763,#6764,#6765,#6766,#6767,#6768,#6769,#6770,
    #6771,#6772,#6773,#6774,#6775,#6776,#6777,#6778,#6779,#6780,#6781,
    #6782,#6783,#6784,#6785,#6786,#6787,#6788,#6789,#6790,#6791,#6792,
    #6793,#6794,#6795,#6796,#6797,#6798,#6799,#6800,#6801,#6802,#6803,
    #6804,#6805,#6806,#6807,#6808,#6809,#6810,#6811,#6812,#6813,#6814,
    #6815,#6816,#6817,#6818,#6819,#6820,#6821,#6822,#6823,#6824,#6825,
    #6826,#6827,#6828,#6829,#6830),.UNSPECIFIED.,.F.,.F.,(7,5,5,5,5,5,5,
    5,5,5,5,5,5,5,5,5,5,7),(0.201709970274,0.28693554767,0.412828854903,
    0.500860017971,0.55673324448,0.589243859456,0.714021330201,
    0.831088973609,0.880767787049,1.,1.117155975691,1.169320018627,
    1.285742466438,1.411112307885,1.498777436387,1.554418341393,
    1.586793776866,1.604194706584),.UNSPECIFIED.);
#6744 = CARTESIAN_POINT('',(263.72184081503,-1.017479340147,
    -9.157502921286));
#6745 = CARTESIAN_POINT('',(263.6902853737,-1.07087939328,-9.20150466667
    ));
#6746 = CARTESIAN_POINT('',(263.6579054421,-1.121137236062,
    -9.247570009003));
#6747 = CARTESIAN_POINT('',(263.62501223948,-1.168353224334,
    -9.295501093972));
#6748 = CARTESIAN_POINT('',(263.59189279684,-1.212625956543,
    -9.34516271229));
#6749 = CARTESIAN_POINT('',(263.55882961678,-1.254037417718,
    -9.396472745523));
#6750 = CARTESIAN_POINT('',(263.4778280552,-1.349670131972,
    -9.527576775829));
#6751 = CARTESIAN_POINT('',(263.43032195431,-1.400571706013,
    -9.609274848597));
#6752 = CARTESIAN_POINT('',(263.38456327948,-1.44557809735,
    -9.694459179853));
#6753 = CARTESIAN_POINT('',(263.3417637479,-1.484580367405,
    -9.783091244013));
#6754 = CARTESIAN_POINT('',(263.30356338249,-1.517369170317,
    -9.8751777634));
#6755 = CARTESIAN_POINT('',(263.24970559949,-1.561749220658,
    -10.03769858732));
#6756 = CARTESIAN_POINT('',(263.23061939721,-1.576835619885,
    -10.10662917708));
#6757 = CARTESIAN_POINT('',(263.21555434999,-1.58833453563,
    -10.17695147874));
#6758 = CARTESIAN_POINT('',(263.2052156647,-1.596088168688,
    -10.24820941946));
#6759 = CARTESIAN_POINT('',(263.2,-1.6,-10.32008424725));
#6760 = CARTESIAN_POINT('',(263.2,-1.6,-10.43814313379));
#6761 = CARTESIAN_POINT('',(263.20210076682,-1.598424105574,
    -10.48393294535));
#6762 = CARTESIAN_POINT('',(263.20629582088,-1.595278720645,
    -10.52956705009));
#6763 = CARTESIAN_POINT('',(263.21251277738,-1.590582735305,
    -10.57492003345));
#6764 = CARTESIAN_POINT('',(263.22061698954,-1.584376417593,
    -10.61984828935));
#6765 = CARTESIAN_POINT('',(263.23611641238,-1.572281308327,
    -10.68999086271));
#6766 = CARTESIAN_POINT('',(263.24239423544,-1.567342731693,
    -10.71560622202));
#6767 = CARTESIAN_POINT('',(263.24921722184,-1.561922974889,
    -10.7410282654));
#6768 = CARTESIAN_POINT('',(263.25655178075,-1.556031380257,
    -10.76624698222));
#6769 = CARTESIAN_POINT('',(263.26436216978,-1.549678232962,
    -10.79125017689));
#6770 = CARTESIAN_POINT('',(263.30426800605,-1.516762673428,
    -10.91110468229));
#6771 = CARTESIAN_POINT('',(263.3423344105,-1.484055035478,
    -11.00266680264));
#6772 = CARTESIAN_POINT('',(263.38493521268,-1.445200345293,
    -11.09080860404));
#6773 = CARTESIAN_POINT('',(263.43045896981,-1.400404370048,
    -11.17553741487));
#6774 = CARTESIAN_POINT('',(263.47771329693,-1.349772659949,
    -11.25681655943));
#6775 = CARTESIAN_POINT('',(263.57084050675,-1.239887702184,
    -11.40760551236));
#6776 = CARTESIAN_POINT('',(263.61661603849,-1.181363685723,
    -11.47752727353));
#6777 = CARTESIAN_POINT('',(263.66228120421,-1.117361626997,
    -11.54429283558));
#6778 = CARTESIAN_POINT('',(263.70712058854,-1.047640398269,
    -11.60763937591));
#6779 = CARTESIAN_POINT('',(263.75036166894,-0.971912911616,
    -11.66710578431));
#6780 = CARTESIAN_POINT('',(263.8083826051,-0.855138326521,
    -11.7452612451));
#6781 = CARTESIAN_POINT('',(263.8252181743,-0.819219596167,
    -11.76771948925));
#6782 = CARTESIAN_POINT('',(263.84152693093,-0.782166900857,
    -11.78928722389));
#6783 = CARTESIAN_POINT('',(263.85722989485,-0.743977894875,
    -11.80989520671));
#6784 = CARTESIAN_POINT('',(263.8722452955,-0.704653802626,
    -11.82946883089));
#6785 = CARTESIAN_POINT('',(263.92067331309,-0.567106404682,
    -11.89223156836));
#6786 = CARTESIAN_POINT('',(263.95074434333,-0.462555432746,
    -11.93054853393));
#6787 = CARTESIAN_POINT('',(263.97483314024,-0.35189267135,
    -11.96084515169));
#6788 = CARTESIAN_POINT('',(263.99152917517,-0.236723166069,
    -11.98171661033));
#6789 = CARTESIAN_POINT('',(264.,-0.118817370419,-11.99230484541));
#6790 = CARTESIAN_POINT('',(264.,0.116748356974,-11.99230484541));
#6791 = CARTESIAN_POINT('',(263.99182163225,0.232634170908,
    -11.9820821564));
#6792 = CARTESIAN_POINT('',(263.97569321133,0.345914332661,
    -11.96192035248));
#6793 = CARTESIAN_POINT('',(263.95239608084,0.454895063807,
    -11.93262576209));
#6794 = CARTESIAN_POINT('',(263.92325654322,0.55803546757,
    -11.89552173235));
#6795 = CARTESIAN_POINT('',(263.87524565188,0.696777978274,
    -11.83337875275));
#6796 = CARTESIAN_POINT('',(263.85958647873,0.738276427743,
    -11.81298886536));
#6797 = CARTESIAN_POINT('',(263.84315778831,0.778523034989,
    -11.79144760949));
#6798 = CARTESIAN_POINT('',(263.82605472183,0.817515647714,
    -11.76884207198));
#6799 = CARTESIAN_POINT('',(263.80836908188,0.855256516364,
    -11.74525289171));
#6800 = CARTESIAN_POINT('',(263.74961481378,0.973205485692,
    -11.66607692696));
#6801 = CARTESIAN_POINT('',(263.70657303065,1.048468315227,
    -11.60686126293));
#6802 = CARTESIAN_POINT('',(263.66195664194,1.11778834811,
    -11.54380919205));
#6803 = CARTESIAN_POINT('',(263.61652586913,1.181448391118,
    -11.47737327512));
#6804 = CARTESIAN_POINT('',(263.57098566174,1.23968565028,
    -11.40781195471));
#6805 = CARTESIAN_POINT('',(263.4778280552,1.349670131972,
    -11.25703291499));
#6806 = CARTESIAN_POINT('',(263.43032195431,1.400571706013,
    -11.17533484223));
#6807 = CARTESIAN_POINT('',(263.38456327948,1.44557809735,
    -11.09015051097));
#6808 = CARTESIAN_POINT('',(263.3417637479,1.484580367405,
    -11.00151844681));
#6809 = CARTESIAN_POINT('',(263.30356338249,1.517369170317,
    -10.90943192742));
#6810 = CARTESIAN_POINT('',(263.24970559949,1.561749220658,
    -10.7469111035));
#6811 = CARTESIAN_POINT('',(263.23061939721,1.576835619885,
    -10.67798051373));
#6812 = CARTESIAN_POINT('',(263.21555434999,1.58833453563,
    -10.60765821207));
#6813 = CARTESIAN_POINT('',(263.2052156647,1.596088168688,
    -10.53640027135));
#6814 = CARTESIAN_POINT('',(263.2,1.6,-10.46452544356));
#6815 = CARTESIAN_POINT('',(263.2,1.6,-10.34646655703));
#6816 = CARTESIAN_POINT('',(263.20210076682,1.598424105574,
    -10.30067674546));
#6817 = CARTESIAN_POINT('',(263.20629582088,1.595278720645,
    -10.25504264073));
#6818 = CARTESIAN_POINT('',(263.21251277738,1.590582735305,
    -10.20968965737));
#6819 = CARTESIAN_POINT('',(263.22061698954,1.584376417593,
    -10.16476140147));
#6820 = CARTESIAN_POINT('',(263.23611641238,1.572281308327,
    -10.09461882811));
#6821 = CARTESIAN_POINT('',(263.24239423544,1.567342731693,
    -10.06900346879));
#6822 = CARTESIAN_POINT('',(263.24921722184,1.561922974889,
    -10.04358142541));
#6823 = CARTESIAN_POINT('',(263.25655178075,1.556031380257,
    -10.0183627086));
#6824 = CARTESIAN_POINT('',(263.26436216978,1.549678232962,
    -9.993359513929));
#6825 = CARTESIAN_POINT('',(263.2770437489,1.539218076967,
    -9.955271240758));
#6826 = CARTESIAN_POINT('',(263.28160268531,1.535432050006,
    -9.942025271255));
#6827 = CARTESIAN_POINT('',(263.2862821564,1.531517911787,
    -9.928848042148));
#6828 = CARTESIAN_POINT('',(263.29107711552,1.527476800641,
    -9.915739317348));
#6829 = CARTESIAN_POINT('',(263.29598262559,1.523309769229,
    -9.90269889338));
#6830 = CARTESIAN_POINT('',(263.30099386511,1.519017789385,
    -9.889726596812));
#6831 = PCURVE('',#6639,#6832);
#6832 = DEFINITIONAL_REPRESENTATION('',(#6833),#6969);
#6833 = B_SPLINE_CURVE_WITH_KNOTS('',3,(#6834,#6835,#6836,#6837,#6838,
    #6839,#6840,#6841,#6842,#6843,#6844,#6845,#6846,#6847,#6848,#6849,
    #6850,#6851,#6852,#6853,#6854,#6855,#6856,#6857,#6858,#6859,#6860,
    #6861,#6862,#6863,#6864,#6865,#6866,#6867,#6868,#6869,#6870,#6871,
    #6872,#6873,#6874,#6875,#6876,#6877,#6878,#6879,#6880,#6881,#6882,
    #6883,#6884,#6885,#6886,#6887,#6888,#6889,#6890,#6891,#6892,#6893,
    #6894,#6895,#6896,#6897,#6898,#6899,#6900,#6901,#6902,#6903,#6904,
    #6905,#6906,#6907,#6908,#6909,#6910,#6911,#6912,#6913,#6914,#6915,
    #6916,#6917,#6918,#6919,#6920,#6921,#6922,#6923,#6924,#6925,#6926,
    #6927,#6928,#6929,#6930,#6931,#6932,#6933,#6934,#6935,#6936,#6937,
    #6938,#6939,#6940,#6941,#6942,#6943,#6944,#6945,#6946,#6947,#6948,
    #6949,#6950,#6951,#6952,#6953,#6954,#6955,#6956,#6957,#6958,#6959,
    #6960,#6961,#6962,#6963,#6964,#6965,#6966,#6967,#6968),
  .UNSPECIFIED.,.F.,.F.,(4,1,1,1,1,1,1,1,1,1,1,1,1,1,1,1,1,1,1,1,1,1,1,1
    ,1,1,1,1,1,1,1,1,1,1,1,1,1,1,1,1,1,1,1,1,1,1,1,1,1,1,1,1,1,1,1,1,1,1
    ,1,1,1,1,1,1,1,1,1,1,1,1,1,1,1,1,1,1,1,1,1,1,1,1,1,1,1,1,1,1,1,1,1,1
    ,1,1,1,1,1,1,1,1,1,1,1,1,1,1,1,1,1,1,1,1,1,1,1,1,1,1,1,1,1,1,1,1,1,1
    ,1,1,1,1,1,1,4),(0.201709970274,0.21233485464,0.222959739006,
    0.233584623372,0.244209507738,0.254834392104,0.265459276469,
    0.276084160835,0.286709045201,0.297333929567,0.307958813933,
    0.318583698299,0.329208582665,0.339833467031,0.350458351397,
    0.361083235763,0.371708120129,0.382333004495,0.392957888861,
    0.403582773227,0.414207657593,0.424832541959,0.435457426325,
    0.446082310691,0.456707195057,0.467332079423,0.477956963789,
    0.488581848155,0.499206732521,0.509831616887,0.520456501253,
    0.531081385619,0.541706269985,0.552331154351,0.562956038717,
    0.573580923083,0.584205807449,0.594830691815,0.605455576181,
    0.616080460547,0.626705344913,0.637330229279,0.647955113645,
    0.658579998011,0.669204882377,0.679829766743,0.690454651109,
    0.701079535475,0.711704419841,0.722329304207,0.732954188573,
    0.743579072939,0.754203957305,0.764828841671,0.775453726037,
    0.786078610403,0.796703494769,0.807328379135,0.817953263501,
    0.828578147867,0.839203032233,0.849827916599,0.860452800965,
    0.871077685331,0.881702569697,0.892327454063,0.902952338429,
    0.913577222795,0.924202107161,0.934826991527,0.945451875893,
    0.956076760259,0.966701644625,0.977326528991,0.987951413357,
    0.998576297723,1.009201182089,1.019826066455,1.030450950821,
    1.041075835187,1.051700719553,1.062325603919,1.072950488285,
    1.083575372651,1.094200257017,1.104825141383,1.115450025749,
    1.126074910115,1.136699794481,1.147324678847,1.157949563213,
    1.168574447579,1.179199331945,1.189824216311,1.200449100677,
    1.211073985043,1.221698869409,1.232323753775,1.242948638141,
    1.253573522507,1.264198406873,1.274823291239,1.285448175605,
    1.296073059971,1.306697944337,1.317322828703,1.327947713069,
    1.338572597435,1.349197481801,1.359822366167,1.370447250533,
    1.381072134899,1.391697019265,1.402321903631,1.412946787997,
    1.423571672363,1.434196556729,1.444821441095,1.455446325461,
    1.466071209827,1.476696094193,1.487320978559,1.497945862925,
    1.508570747291,1.519195631657,1.529820516023,1.540445400389,
    1.551070284755,1.561695169121,1.572320053487,1.582944937853,
    1.593569822219,1.604194706584),.QUASI_UNIFORM_KNOTS.);
#6834 = CARTESIAN_POINT('',(-0.689205968069,-8.721840815036));
#6835 = CARTESIAN_POINT('',(-0.699988705684,-8.713972790031));
#6836 = CARTESIAN_POINT('',(-0.721446055794,-8.698109105928));
#6837 = CARTESIAN_POINT('',(-0.753334699327,-8.674000310767));
#6838 = CARTESIAN_POINT('',(-0.784952891073,-8.649648387899));
#6839 = CARTESIAN_POINT('',(-0.816327784479,-8.625121700535));
#6840 = CARTESIAN_POINT('',(-0.847486758962,-8.600488067615));
#6841 = CARTESIAN_POINT('',(-0.878457517375,-8.575815083753));
#6842 = CARTESIAN_POINT('',(-0.909268127547,-8.551170739332));
#6843 = CARTESIAN_POINT('',(-0.939947241354,-8.526623918482));
#6844 = CARTESIAN_POINT('',(-0.970523715952,-8.502245249972));
#6845 = CARTESIAN_POINT('',(-1.001029509922,-8.478105846847));
#6846 = CARTESIAN_POINT('',(-1.031494713327,-8.454281807055));
#6847 = CARTESIAN_POINT('',(-1.061947507331,-8.430854907608));
#6848 = CARTESIAN_POINT('',(-1.092414799887,-8.407912826296));
#6849 = CARTESIAN_POINT('',(-1.122922606023,-8.385549386806));
#6850 = CARTESIAN_POINT('',(-1.153496485425,-8.363864667211));
#6851 = CARTESIAN_POINT('',(-1.184161749916,-8.342965116728));
#6852 = CARTESIAN_POINT('',(-1.214944316358,-8.32296326119));
#6853 = CARTESIAN_POINT('',(-1.245869034084,-8.303978530547));
#6854 = CARTESIAN_POINT('',(-1.276967343184,-8.28613349469));
#6855 = CARTESIAN_POINT('',(-1.308250061523,-8.269566829102));
#6856 = CARTESIAN_POINT('',(-1.339814582783,-8.254381269997));
#6857 = CARTESIAN_POINT('',(-1.371628414497,-8.240752541855));
#6858 = CARTESIAN_POINT('',(-1.403638247816,-8.228851771334));
#6859 = CARTESIAN_POINT('',(-1.435810380027,-8.218825425362));
#6860 = CARTESIAN_POINT('',(-1.468117601136,-8.21079958819));
#6861 = CARTESIAN_POINT('',(-1.500542045088,-8.204877848867));
#6862 = CARTESIAN_POINT('',(-1.533068524352,-8.201141392535));
#6863 = CARTESIAN_POINT('',(-1.565700637099,-8.199647650499));
#6864 = CARTESIAN_POINT('',(-1.598395826597,-8.200433495877));
#6865 = CARTESIAN_POINT('',(-1.631017091098,-8.203485970294));
#6866 = CARTESIAN_POINT('',(-1.66356474425,-8.208757844158));
#6867 = CARTESIAN_POINT('',(-1.695996362074,-8.216172752219));
#6868 = CARTESIAN_POINT('',(-1.728275135665,-8.22562614725));
#6869 = CARTESIAN_POINT('',(-1.760344493606,-8.236980330654));
#6870 = CARTESIAN_POINT('',(-1.79221816556,-8.250103563667));
#6871 = CARTESIAN_POINT('',(-1.823899224003,-8.26485558593));
#6872 = CARTESIAN_POINT('',(-1.855378804119,-8.281084721206));
#6873 = CARTESIAN_POINT('',(-1.886645004235,-8.298632763059));
#6874 = CARTESIAN_POINT('',(-1.917733086034,-8.317369202409));
#6875 = CARTESIAN_POINT('',(-1.948668720336,-8.337165333038));
#6876 = CARTESIAN_POINT('',(-1.979478971528,-8.357899446617));
#6877 = CARTESIAN_POINT('',(-2.010189724498,-8.379455765239));
#6878 = CARTESIAN_POINT('',(-2.040826754553,-8.401724940947));
#6879 = CARTESIAN_POINT('',(-2.071415842099,-8.424604023535));
#6880 = CARTESIAN_POINT('',(-2.101983179148,-8.447996462067));
#6881 = CARTESIAN_POINT('',(-2.132555728383,-8.471811977016));
#6882 = CARTESIAN_POINT('',(-2.16316169096,-8.495966389996));
#6883 = CARTESIAN_POINT('',(-2.193830838797,-8.520381226293));
#6884 = CARTESIAN_POINT('',(-2.224595567557,-8.544983742375));
#6885 = CARTESIAN_POINT('',(-2.255485516502,-8.569702252622));
#6886 = CARTESIAN_POINT('',(-2.286529726086,-8.594466712452));
#6887 = CARTESIAN_POINT('',(-2.317756726521,-8.619208215511));
#6888 = CARTESIAN_POINT('',(-2.349194613674,-8.643858354087));
#6889 = CARTESIAN_POINT('',(-2.380871140119,-8.668348666362));
#6890 = CARTESIAN_POINT('',(-2.412813787364,-8.692610093962));
#6891 = CARTESIAN_POINT('',(-2.445049845592,-8.716572480437));
#6892 = CARTESIAN_POINT('',(-2.477606438821,-8.740164064729));
#6893 = CARTESIAN_POINT('',(-2.510510729045,-8.763311122736));
#6894 = CARTESIAN_POINT('',(-2.543789441059,-8.785937190503));
#6895 = CARTESIAN_POINT('',(-2.577470923825,-8.807963981791));
#6896 = CARTESIAN_POINT('',(-2.6115750478,-8.829304400447));
#6897 = CARTESIAN_POINT('',(-2.646114151922,-8.849864605874));
#6898 = CARTESIAN_POINT('',(-2.681112736008,-8.869554746771));
#6899 = CARTESIAN_POINT('',(-2.716555967778,-8.888262876583));
#6900 = CARTESIAN_POINT('',(-2.75258137278,-8.905950637231));
#6901 = CARTESIAN_POINT('',(-2.789193385914,-8.92249800623));
#6902 = CARTESIAN_POINT('',(-2.826317615069,-8.937754701322));
#6903 = CARTESIAN_POINT('',(-2.863906219511,-8.951592792564));
#6904 = CARTESIAN_POINT('',(-2.901909074083,-8.963893100423));
#6905 = CARTESIAN_POINT('',(-2.940280856893,-8.974549283036));
#6906 = CARTESIAN_POINT('',(-2.978978795682,-8.98346713996));
#6907 = CARTESIAN_POINT('',(-3.01796198904,-8.990565119988));
#6908 = CARTESIAN_POINT('',(-3.057193894386,-8.995774555376));
#6909 = CARTESIAN_POINT('',(-3.096630687851,-8.999039545563));
#6910 = CARTESIAN_POINT('',(-3.136263069778,-9.00031827567));
#6911 = CARTESIAN_POINT('',(-3.175958499491,-8.999578705558));
#6912 = CARTESIAN_POINT('',(-3.215443118376,-8.996841945453));
#6913 = CARTESIAN_POINT('',(-3.254741089731,-8.992147894853));
#6914 = CARTESIAN_POINT('',(-3.293799213006,-8.98554837162));
#6915 = CARTESIAN_POINT('',(-3.332583161411,-8.977108773498));
#6916 = CARTESIAN_POINT('',(-3.37105123844,-8.966907415784));
#6917 = CARTESIAN_POINT('',(-3.409160829396,-8.955035488451));
#6918 = CARTESIAN_POINT('',(-3.446866456704,-8.941596616656));
#6919 = CARTESIAN_POINT('',(-3.484118613162,-8.926707145589));
#6920 = CARTESIAN_POINT('',(-3.520867755982,-8.910493681906));
#6921 = CARTESIAN_POINT('',(-3.557046747125,-8.893100641847));
#6922 = CARTESIAN_POINT('',(-3.592634208998,-8.874660273344));
#6923 = CARTESIAN_POINT('',(-3.627772095027,-8.855211237999));
#6924 = CARTESIAN_POINT('',(-3.662446362787,-8.834865379233));
#6925 = CARTESIAN_POINT('',(-3.696680980925,-8.813713739954));
#6926 = CARTESIAN_POINT('',(-3.730488939637,-8.791850422977));
#6927 = CARTESIAN_POINT('',(-3.763886587482,-8.769365680219));
#6928 = CARTESIAN_POINT('',(-3.796902107388,-8.746338913901));
#6929 = CARTESIAN_POINT('',(-3.829562384013,-8.72284733104));
#6930 = CARTESIAN_POINT('',(-3.8618946182,-8.69896536068));
#6931 = CARTESIAN_POINT('',(-3.893925979373,-8.67476532991));
#6932 = CARTESIAN_POINT('',(-3.925683774243,-8.650317843555));
#6933 = CARTESIAN_POINT('',(-3.957195480109,-8.625692278524));
#6934 = CARTESIAN_POINT('',(-3.988488816799,-8.600957284624));
#6935 = CARTESIAN_POINT('',(-4.019591827338,-8.576181313606));
#6936 = CARTESIAN_POINT('',(-4.050532925097,-8.551433197593));
#6937 = CARTESIAN_POINT('',(-4.081341116276,-8.526782670503));
#6938 = CARTESIAN_POINT('',(-4.112045612206,-8.502301236891));
#6939 = CARTESIAN_POINT('',(-4.142678759447,-8.47806089904));
#6940 = CARTESIAN_POINT('',(-4.173271033461,-8.454138706177));
#6941 = CARTESIAN_POINT('',(-4.203850961816,-8.430617488119));
#6942 = CARTESIAN_POINT('',(-4.23444578231,-8.407586074816));
#6943 = CARTESIAN_POINT('',(-4.265081828705,-8.38513954746));
#6944 = CARTESIAN_POINT('',(-4.295784976515,-8.363379348513));
#6945 = CARTESIAN_POINT('',(-4.326580858492,-8.34241339661));
#6946 = CARTESIAN_POINT('',(-4.357495718732,-8.322355795176));
#6947 = CARTESIAN_POINT('',(-4.388554765193,-8.303327633412));
#6948 = CARTESIAN_POINT('',(-4.419789762326,-8.285453296233));
#6949 = CARTESIAN_POINT('',(-4.451212091184,-8.268873118141));
#6950 = CARTESIAN_POINT('',(-4.482922186859,-8.253690833227));
#6951 = CARTESIAN_POINT('',(-4.514879436787,-8.240087891236));
#6952 = CARTESIAN_POINT('',(-4.547032662836,-8.228235374021));
#6953 = CARTESIAN_POINT('',(-4.579347705345,-8.218280753079));
#6954 = CARTESIAN_POINT('',(-4.611797568593,-8.210350321294));
#6955 = CARTESIAN_POINT('',(-4.644364929275,-8.204547589874));
#6956 = CARTESIAN_POINT('',(-4.677033450427,-8.200953159702));
#6957 = CARTESIAN_POINT('',(-4.709812189483,-8.19962373925));
#6958 = CARTESIAN_POINT('',(-4.742639353742,-8.20059411123));
#6959 = CARTESIAN_POINT('',(-4.775391721972,-8.203847119535));
#6960 = CARTESIAN_POINT('',(-4.808066630729,-8.209332785114));
#6961 = CARTESIAN_POINT('',(-4.840621440277,-8.216971141047));
#6962 = CARTESIAN_POINT('',(-4.873017163057,-8.226653393328));
#6963 = CARTESIAN_POINT('',(-4.905199178225,-8.238238444157));
#6964 = CARTESIAN_POINT('',(-4.937185933518,-8.251593701625));
#6965 = CARTESIAN_POINT('',(-4.968978770087,-8.266576168111));
#6966 = CARTESIAN_POINT('',(-5.000563430262,-8.283028605243));
#6967 = CARTESIAN_POINT('',(-5.021483671748,-8.294875944629));
#6968 = CARTESIAN_POINT('',(-5.031909525616,-8.300993865118));
#6969 = ( GEOMETRIC_REPRESENTATION_CONTEXT(2) 
PARAMETRIC_REPRESENTATION_CONTEXT() REPRESENTATION_CONTEXT('2D SPACE',''
  ) );
#6970 = PCURVE('',#6971,#6976);
#6971 = CYLINDRICAL_SURFACE('',#6972,2.);
#6972 = AXIS2_PLACEMENT_3D('',#6973,#6974,#6975);
#6973 = CARTESIAN_POINT('',(262.,0.,-22.));
#6974 = DIRECTION('',(-0.,-0.,-1.));
#6975 = DIRECTION('',(1.,0.,0.));
#6976 = DEFINITIONAL_REPRESENTATION('',(#6977),#7113);
#6977 = B_SPLINE_CURVE_WITH_KNOTS('',3,(#6978,#6979,#6980,#6981,#6982,
    #6983,#6984,#6985,#6986,#6987,#6988,#6989,#6990,#6991,#6992,#6993,
    #6994,#6995,#6996,#6997,#6998,#6999,#7000,#7001,#7002,#7003,#7004,
    #7005,#7006,#7007,#7008,#7009,#7010,#7011,#7012,#7013,#7014,#7015,
    #7016,#7017,#7018,#7019,#7020,#7021,#7022,#7023,#7024,#7025,#7026,
    #7027,#7028,#7029,#7030,#7031,#7032,#7033,#7034,#7035,#7036,#7037,
    #7038,#7039,#7040,#7041,#7042,#7043,#7044,#7045,#7046,#7047,#7048,
    #7049,#7050,#7051,#7052,#7053,#7054,#7055,#7056,#7057,#7058,#7059,
    #7060,#7061,#7062,#7063,#7064,#7065,#7066,#7067,#7068,#7069,#7070,
    #7071,#7072,#7073,#7074,#7075,#7076,#7077,#7078,#7079,#7080,#7081,
    #7082,#7083,#7084,#7085,#7086,#7087,#7088,#7089,#7090,#7091,#7092,
    #7093,#7094,#7095,#7096,#7097,#7098,#7099,#7100,#7101,#7102,#7103,
    #7104,#7105,#7106,#7107,#7108,#7109,#7110,#7111,#7112),
  .UNSPECIFIED.,.F.,.F.,(4,1,1,1,1,1,1,1,1,1,1,1,1,1,1,1,1,1,1,1,1,1,1,1
    ,1,1,1,1,1,1,1,1,1,1,1,1,1,1,1,1,1,1,1,1,1,1,1,1,1,1,1,1,1,1,1,1,1,1
    ,1,1,1,1,1,1,1,1,1,1,1,1,1,1,1,1,1,1,1,1,1,1,1,1,1,1,1,1,1,1,1,1,1,1
    ,1,1,1,1,1,1,1,1,1,1,1,1,1,1,1,1,1,1,1,1,1,1,1,1,1,1,1,1,1,1,1,1,1,1
    ,1,1,1,1,1,1,4),(0.201709970274,0.21233485464,0.222959739006,
    0.233584623372,0.244209507738,0.254834392104,0.265459276469,
    0.276084160835,0.286709045201,0.297333929567,0.307958813933,
    0.318583698299,0.329208582665,0.339833467031,0.350458351397,
    0.361083235763,0.371708120129,0.382333004495,0.392957888861,
    0.403582773227,0.414207657593,0.424832541959,0.435457426325,
    0.446082310691,0.456707195057,0.467332079423,0.477956963789,
    0.488581848155,0.499206732521,0.509831616887,0.520456501253,
    0.531081385619,0.541706269985,0.552331154351,0.562956038717,
    0.573580923083,0.584205807449,0.594830691815,0.605455576181,
    0.616080460547,0.626705344913,0.637330229279,0.647955113645,
    0.658579998011,0.669204882377,0.679829766743,0.690454651109,
    0.701079535475,0.711704419841,0.722329304207,0.732954188573,
    0.743579072939,0.754203957305,0.764828841671,0.775453726037,
    0.786078610403,0.796703494769,0.807328379135,0.817953263501,
    0.828578147867,0.839203032233,0.849827916599,0.860452800965,
    0.871077685331,0.881702569697,0.892327454063,0.902952338429,
    0.913577222795,0.924202107161,0.934826991527,0.945451875893,
    0.956076760259,0.966701644625,0.977326528991,0.987951413357,
    0.998576297723,1.009201182089,1.019826066455,1.030450950821,
    1.041075835187,1.051700719553,1.062325603919,1.072950488285,
    1.083575372651,1.094200257017,1.104825141383,1.115450025749,
    1.126074910115,1.136699794481,1.147324678847,1.157949563213,
    1.168574447579,1.179199331945,1.189824216311,1.200449100677,
    1.211073985043,1.221698869409,1.232323753775,1.242948638141,
    1.253573522507,1.264198406873,1.274823291239,1.285448175605,
    1.296073059971,1.306697944337,1.317322828703,1.327947713069,
    1.338572597435,1.349197481801,1.359822366167,1.370447250533,
    1.381072134899,1.391697019265,1.402321903631,1.412946787997,
    1.423571672363,1.434196556729,1.444821441095,1.455446325461,
    1.466071209827,1.476696094193,1.487320978559,1.497945862925,
    1.508570747291,1.519195631657,1.529820516023,1.540445400389,
    1.551070284755,1.561695169121,1.572320053487,1.582944937853,
    1.593569822219,1.604194706584),.QUASI_UNIFORM_KNOTS.);
#6978 = CARTESIAN_POINT('',(-5.749465084331,-12.84249707871));
#6979 = CARTESIAN_POINT('',(-5.741732471271,-12.83152544385));
#6980 = CARTESIAN_POINT('',(-5.726444424491,-12.80926310271));
#6981 = CARTESIAN_POINT('',(-5.704041972875,-12.77494995748));
#6982 = CARTESIAN_POINT('',(-5.682166626642,-12.73975676024));
#6983 = CARTESIAN_POINT('',(-5.660817950561,-12.70371608999));
#6984 = CARTESIAN_POINT('',(-5.63999708332,-12.66685616318));
#6985 = CARTESIAN_POINT('',(-5.61970709807,-12.62920032157));
#6986 = CARTESIAN_POINT('',(-5.599953167754,-12.5907674059));
#6987 = CARTESIAN_POINT('',(-5.580742734021,-12.551571659));
#6988 = CARTESIAN_POINT('',(-5.562085944309,-12.51162354593));
#6989 = CARTESIAN_POINT('',(-5.543994438285,-12.47092597183));
#6990 = CARTESIAN_POINT('',(-5.526484601386,-12.42948114178));
#6991 = CARTESIAN_POINT('',(-5.509577694859,-12.38729123434));
#6992 = CARTESIAN_POINT('',(-5.49329968579,-12.3443580185));
#6993 = CARTESIAN_POINT('',(-5.47768118475,-12.3006827725));
#6994 = CARTESIAN_POINT('',(-5.462757356038,-12.25626605286));
#6995 = CARTESIAN_POINT('',(-5.448567894645,-12.2111077631));
#6996 = CARTESIAN_POINT('',(-5.435156793159,-12.16520617614));
#6997 = CARTESIAN_POINT('',(-5.422572880428,-12.11856084468));
#6998 = CARTESIAN_POINT('',(-5.410867454702,-12.07116100867));
#6999 = CARTESIAN_POINT('',(-5.400102716565,-12.02302812876));
#7000 = CARTESIAN_POINT('',(-5.390318438797,-11.97404981746));
#7001 = CARTESIAN_POINT('',(-5.381602617694,-11.92431494623));
#7002 = CARTESIAN_POINT('',(-5.374040819168,-11.87395002407));
#7003 = CARTESIAN_POINT('',(-5.367704505858,-11.82305469663));
#7004 = CARTESIAN_POINT('',(-5.362654650538,-11.77172124272));
#7005 = CARTESIAN_POINT('',(-5.358941126832,-11.72002931549));
#7006 = CARTESIAN_POINT('',(-5.356603359089,-11.66805600773));
#7007 = CARTESIAN_POINT('',(-5.355669919656,-11.61584967565));
#7008 = CARTESIAN_POINT('',(-5.356160930197,-11.56353370504));
#7009 = CARTESIAN_POINT('',(-5.358069789285,-11.51138310537));
#7010 = CARTESIAN_POINT('',(-5.361373064285,-11.45945239391));
#7011 = CARTESIAN_POINT('',(-5.366033274905,-11.40786312706));
#7012 = CARTESIAN_POINT('',(-5.371998929122,-11.35672589217));
#7013 = CARTESIAN_POINT('',(-5.379200843376,-11.30617949662));
#7014 = CARTESIAN_POINT('',(-5.387576218485,-11.25624884081));
#7015 = CARTESIAN_POINT('',(-5.39705877631,-11.20697381225));
#7016 = CARTESIAN_POINT('',(-5.4075764823,-11.15841065684));
#7017 = CARTESIAN_POINT('',(-5.419053923906,-11.11061741135));
#7018 = CARTESIAN_POINT('',(-5.431434241978,-11.06357807454));
#7019 = CARTESIAN_POINT('',(-5.444662358178,-11.01729130907));
#7020 = CARTESIAN_POINT('',(-5.458688165546,-10.97175359238));
#7021 = CARTESIAN_POINT('',(-5.473465786043,-10.9269635359));
#7022 = CARTESIAN_POINT('',(-5.488953869077,-10.88292053129));
#7023 = CARTESIAN_POINT('',(-5.505115601809,-10.83962491719));
#7024 = CARTESIAN_POINT('',(-5.521918795249,-10.79707773397));
#7025 = CARTESIAN_POINT('',(-5.539335945329,-10.75528060315));
#7026 = CARTESIAN_POINT('',(-5.557344339016,-10.71423551733));
#7027 = CARTESIAN_POINT('',(-5.575926061086,-10.67394486044));
#7028 = CARTESIAN_POINT('',(-5.595068447951,-10.63441059321));
#7029 = CARTESIAN_POINT('',(-5.614760723426,-10.59564181802));
#7030 = CARTESIAN_POINT('',(-5.63499470496,-10.55765193566));
#7031 = CARTESIAN_POINT('',(-5.655764627118,-10.52045882944));
#7032 = CARTESIAN_POINT('',(-5.677066892946,-10.48408501021));
#7033 = CARTESIAN_POINT('',(-5.698899876516,-10.4485577562));
#7034 = CARTESIAN_POINT('',(-5.721263728266,-10.41390927438));
#7035 = CARTESIAN_POINT('',(-5.744160207559,-10.38017686258));
#7036 = CARTESIAN_POINT('',(-5.767592493141,-10.34740312849));
#7037 = CARTESIAN_POINT('',(-5.791565144431,-10.31563606233));
#7038 = CARTESIAN_POINT('',(-5.816083571318,-10.28492971957));
#7039 = CARTESIAN_POINT('',(-5.841155408969,-10.2553426914));
#7040 = CARTESIAN_POINT('',(-5.866782804307,-10.22694713244));
#7041 = CARTESIAN_POINT('',(-5.892962605072,-10.19982542385));
#7042 = CARTESIAN_POINT('',(-5.919701326461,-10.17405607716));
#7043 = CARTESIAN_POINT('',(-5.946975275589,-10.14974747105));
#7044 = CARTESIAN_POINT('',(-5.974878762591,-10.12691429045));
#7045 = CARTESIAN_POINT('',(-6.003404599581,-10.10567905931));
#7046 = CARTESIAN_POINT('',(-6.032482855348,-10.08620339717));
#7047 = CARTESIAN_POINT('',(-6.062062825561,-10.06862105989));
#7048 = CARTESIAN_POINT('',(-6.092090939317,-10.05305620683));
#7049 = CARTESIAN_POINT('',(-6.122516458255,-10.03961879347));
#7050 = CARTESIAN_POINT('',(-6.15328990024,-10.02840604386));
#7051 = CARTESIAN_POINT('',(-6.184362618624,-10.01950228678));
#7052 = CARTESIAN_POINT('',(-6.215688899215,-10.01297906564));
#7053 = CARTESIAN_POINT('',(-6.247216716565,-10.00889559785));
#7054 = CARTESIAN_POINT('',(-6.278921244805,-10.00729737094));
#7055 = CARTESIAN_POINT('',(-6.310678626563,-10.00822165056));
#7056 = CARTESIAN_POINT('',(-6.342251847994,-10.01164368193));
#7057 = CARTESIAN_POINT('',(-6.373642737026,-10.01751932058));
#7058 = CARTESIAN_POINT('',(-6.404791638126,-10.02579343729));
#7059 = CARTESIAN_POINT('',(-6.435654466534,-10.03639763922));
#7060 = CARTESIAN_POINT('',(-6.466181779192,-10.04925079611));
#7061 = CARTESIAN_POINT('',(-6.496324035958,-10.06425871232));
#7062 = CARTESIAN_POINT('',(-6.526030166983,-10.08131421624));
#7063 = CARTESIAN_POINT('',(-6.555246833704,-10.10029623975));
#7064 = CARTESIAN_POINT('',(-6.583921739767,-10.1210723262));
#7065 = CARTESIAN_POINT('',(-6.611990198303,-10.14348823974));
#7066 = CARTESIAN_POINT('',(-6.639424789713,-10.16740554641));
#7067 = CARTESIAN_POINT('',(-6.666323461602,-10.19280869126));
#7068 = CARTESIAN_POINT('',(-6.692663091147,-10.21958917753));
#7069 = CARTESIAN_POINT('',(-6.718449854015,-10.24766662852));
#7070 = CARTESIAN_POINT('',(-6.743681141946,-10.27695805812));
#7071 = CARTESIAN_POINT('',(-6.768356605848,-10.30738676894));
#7072 = CARTESIAN_POINT('',(-6.792483990325,-10.33889222231));
#7073 = CARTESIAN_POINT('',(-6.816069090599,-10.37141884536));
#7074 = CARTESIAN_POINT('',(-6.839116804072,-10.40491710136));
#7075 = CARTESIAN_POINT('',(-6.86163069651,-10.43934292892));
#7076 = CARTESIAN_POINT('',(-6.883612941467,-10.47465762814));
#7077 = CARTESIAN_POINT('',(-6.905064141062,-10.51082764529));
#7078 = CARTESIAN_POINT('',(-6.925983158253,-10.54782439766));
#7079 = CARTESIAN_POINT('',(-6.946366932084,-10.58562412068));
#7080 = CARTESIAN_POINT('',(-6.966210259991,-10.6242076671));
#7081 = CARTESIAN_POINT('',(-6.985505639347,-10.66356055728));
#7082 = CARTESIAN_POINT('',(-7.004242815518,-10.70367215409));
#7083 = CARTESIAN_POINT('',(-7.022410010751,-10.7445394816));
#7084 = CARTESIAN_POINT('',(-7.039990638266,-10.78616031586));
#7085 = CARTESIAN_POINT('',(-7.056963149338,-10.82853244959));
#7086 = CARTESIAN_POINT('',(-7.073301212027,-10.87165409568));
#7087 = CARTESIAN_POINT('',(-7.088973773457,-10.91552396721));
#7088 = CARTESIAN_POINT('',(-7.103945151215,-10.96014151237));
#7089 = CARTESIAN_POINT('',(-7.118175058729,-11.00550685068));
#7090 = CARTESIAN_POINT('',(-7.131618835926,-11.05162174672));
#7091 = CARTESIAN_POINT('',(-7.144226927147,-11.09848672952));
#7092 = CARTESIAN_POINT('',(-7.155947194568,-11.14611258964));
#7093 = CARTESIAN_POINT('',(-7.166716694681,-11.19447821711));
#7094 = CARTESIAN_POINT('',(-7.17649528708,-11.24370029266));
#7095 = CARTESIAN_POINT('',(-7.185191580394,-11.29367669671));
#7096 = CARTESIAN_POINT('',(-7.192720289982,-11.34428343514));
#7097 = CARTESIAN_POINT('',(-7.19900946963,-11.39541939635));
#7098 = CARTESIAN_POINT('',(-7.20399808665,-11.4469918656));
#7099 = CARTESIAN_POINT('',(-7.207636294466,-11.4989212944));
#7100 = CARTESIAN_POINT('',(-7.209884919448,-11.55112798484));
#7101 = CARTESIAN_POINT('',(-7.210715631841,-11.60357155168));
#7102 = CARTESIAN_POINT('',(-7.21010931159,-11.65609705073));
#7103 = CARTESIAN_POINT('',(-7.208074807773,-11.70845084885));
#7104 = CARTESIAN_POINT('',(-7.204636814825,-11.76057306342));
#7105 = CARTESIAN_POINT('',(-7.199834598124,-11.81234126532));
#7106 = CARTESIAN_POINT('',(-7.193721819669,-11.86364098098));
#7107 = CARTESIAN_POINT('',(-7.186369311963,-11.91433621404));
#7108 = CARTESIAN_POINT('',(-7.177839917577,-11.96440910898));
#7109 = CARTESIAN_POINT('',(-7.168201194403,-12.01381671119));
#7110 = CARTESIAN_POINT('',(-7.157528335077,-12.06249408582));
#7111 = CARTESIAN_POINT('',(-7.149770619929,-12.09443653714));
#7112 = CARTESIAN_POINT('',(-7.145743107718,-12.11027340318));
#7113 = ( GEOMETRIC_REPRESENTATION_CONTEXT(2) 
PARAMETRIC_REPRESENTATION_CONTEXT() REPRESENTATION_CONTEXT('2D SPACE',''
  ) );
#7114 = ORIENTED_EDGE('',*,*,#7115,.T.);
#7115 = EDGE_CURVE('',#6740,#7116,#7118,.T.);
#7116 = VERTEX_POINT('',#7117);
#7117 = CARTESIAN_POINT('',(260.,1.51901780178,-9.889726575015));
#7118 = SURFACE_CURVE('',#7119,(#7123,#7130),.PCURVE_S1.);
#7119 = LINE('',#7120,#7121);
#7120 = CARTESIAN_POINT('',(255.,1.51901780178,-9.889726575015));
#7121 = VECTOR('',#7122,1.);
#7122 = DIRECTION('',(-1.,0.,-0.));
#7123 = PCURVE('',#6639,#7124);
#7124 = DEFINITIONAL_REPRESENTATION('',(#7125),#7129);
#7125 = LINE('',#7126,#7127);
#7126 = CARTESIAN_POINT('',(-5.031909536117,0.));
#7127 = VECTOR('',#7128,1.);
#7128 = DIRECTION('',(-0.,1.));
#7129 = ( GEOMETRIC_REPRESENTATION_CONTEXT(2) 
PARAMETRIC_REPRESENTATION_CONTEXT() REPRESENTATION_CONTEXT('2D SPACE',''
  ) );
#7130 = PCURVE('',#6727,#7131);
#7131 = DEFINITIONAL_REPRESENTATION('',(#7132),#7136);
#7132 = LINE('',#7133,#7134);
#7133 = CARTESIAN_POINT('',(-2.992947644555,5.));
#7134 = VECTOR('',#7135,1.);
#7135 = DIRECTION('',(-0.,1.));
#7136 = ( GEOMETRIC_REPRESENTATION_CONTEXT(2) 
PARAMETRIC_REPRESENTATION_CONTEXT() REPRESENTATION_CONTEXT('2D SPACE',''
  ) );
#7137 = ORIENTED_EDGE('',*,*,#7138,.F.);
#7138 = EDGE_CURVE('',#6656,#7116,#7139,.T.);
#7139 = SURFACE_CURVE('',#7140,(#7145,#7152),.PCURVE_S1.);
#7140 = CIRCLE('',#7141,1.6);
#7141 = AXIS2_PLACEMENT_3D('',#7142,#7143,#7144);
#7142 = CARTESIAN_POINT('',(260.,-5.329070518201E-15,-10.39230484541));
#7143 = DIRECTION('',(-1.,0.,0.));
#7144 = DIRECTION('',(0.,1.110223024625E-16,1.));
#7145 = PCURVE('',#6639,#7146);
#7146 = DEFINITIONAL_REPRESENTATION('',(#7147),#7151);
#7147 = LINE('',#7148,#7149);
#7148 = CARTESIAN_POINT('',(-6.28318530718,-5.));
#7149 = VECTOR('',#7150,1.);
#7150 = DIRECTION('',(1.,-0.));
#7151 = ( GEOMETRIC_REPRESENTATION_CONTEXT(2) 
PARAMETRIC_REPRESENTATION_CONTEXT() REPRESENTATION_CONTEXT('2D SPACE',''
  ) );
#7152 = PCURVE('',#6695,#7153);
#7153 = DEFINITIONAL_REPRESENTATION('',(#7154),#7162);
#7154 = ( BOUNDED_CURVE() B_SPLINE_CURVE(2,(#7155,#7156,#7157,#7158,
#7159,#7160,#7161),.UNSPECIFIED.,.T.,.F.) B_SPLINE_CURVE_WITH_KNOTS((1,2
    ,2,2,2,1),(-2.094395102393,0.,2.094395102393,4.188790204786,
6.28318530718,8.377580409573),.UNSPECIFIED.) CURVE() 
GEOMETRIC_REPRESENTATION_ITEM() RATIONAL_B_SPLINE_CURVE((1.,0.5,1.,0.5,
1.,0.5,1.)) REPRESENTATION_ITEM('') );
#7155 = CARTESIAN_POINT('',(3.,8.792304845413));
#7156 = CARTESIAN_POINT('',(0.22871870789,8.792304845413));
#7157 = CARTESIAN_POINT('',(1.614359353945,11.192304845413));
#7158 = CARTESIAN_POINT('',(3.,13.592304845413));
#7159 = CARTESIAN_POINT('',(4.385640646055,11.192304845413));
#7160 = CARTESIAN_POINT('',(5.77128129211,8.792304845413));
#7161 = CARTESIAN_POINT('',(3.,8.792304845413));
#7162 = ( GEOMETRIC_REPRESENTATION_CONTEXT(2) 
PARAMETRIC_REPRESENTATION_CONTEXT() REPRESENTATION_CONTEXT('2D SPACE',''
  ) );
#7163 = ORIENTED_EDGE('',*,*,#6655,.F.);
#7164 = ADVANCED_FACE('',(#7165),#6971,.F.);
#7165 = FACE_BOUND('',#7166,.T.);
#7166 = EDGE_LOOP('',(#7167,#7168));
#7167 = ORIENTED_EDGE('',*,*,#6739,.F.);
#7168 = ORIENTED_EDGE('',*,*,#7169,.F.);
#7169 = EDGE_CURVE('',#6740,#6712,#7170,.T.);
#7170 = SURFACE_CURVE('',#7171,(#7192,#7243),.PCURVE_S1.);
#7171 = B_SPLINE_CURVE_WITH_KNOTS('',7,(#7172,#7173,#7174,#7175,#7176,
    #7177,#7178,#7179,#7180,#7181,#7182,#7183,#7184,#7185,#7186,#7187,
    #7188,#7189,#7190,#7191),.UNSPECIFIED.,.F.,.F.,(8,6,6,8),(0.,
    8.927648892509E-02,0.509740975562,0.830022491),.UNSPECIFIED.);
#7172 = CARTESIAN_POINT('',(263.3009938196,1.519017802911,
    -9.889726569794));
#7173 = CARTESIAN_POINT('',(263.3308249506,1.493468324785,
    -9.885900544071));
#7174 = CARTESIAN_POINT('',(263.36024084629,1.467089649516,
    -9.881871613861));
#7175 = CARTESIAN_POINT('',(263.38921782762,1.439877728802,
    -9.877629846858));
#7176 = CARTESIAN_POINT('',(263.4177310964,1.411828683999,
    -9.873164771829));
#7177 = CARTESIAN_POINT('',(263.44575465635,1.382938860037,
    -9.868465369861));
#7178 = CARTESIAN_POINT('',(263.47326122574,1.353204884169,
    -9.86352006781));
#7179 = CARTESIAN_POINT('',(263.62719965371,1.17859601214,
    -9.833810657347));
#7180 = CARTESIAN_POINT('',(263.7437942446,1.013825509566,
    -9.803249062915));
#7181 = CARTESIAN_POINT('',(263.84340985771,0.830491882833,
    -9.765668126843));
#7182 = CARTESIAN_POINT('',(263.92115137729,0.632388125396,
    -9.720280195588));
#7183 = CARTESIAN_POINT('',(263.97383763353,0.424369866801,
    -9.66682239468));
#7184 = CARTESIAN_POINT('',(264.,0.211777043879,-9.605992813329));
#7185 = CARTESIAN_POINT('',(264.,-0.161317482698,-9.488660012866));
#7186 = CARTESIAN_POINT('',(263.98481987093,-0.31936760054,
    -9.435458065025));
#7187 = CARTESIAN_POINT('',(263.95556572355,-0.472716313809,
    -9.380414368576));
#7188 = CARTESIAN_POINT('',(263.91339640191,-0.620142098929,
    -9.32427141272));
#7189 = CARTESIAN_POINT('',(263.85952799472,-0.76061290623,
    -9.267849055677));
#7190 = CARTESIAN_POINT('',(263.79523385957,-0.893279139096,
    -9.211990670945));
#7191 = CARTESIAN_POINT('',(263.72184080776,-1.01747933841,
    -9.157502926702));
#7192 = PCURVE('',#6971,#7193);
#7193 = DEFINITIONAL_REPRESENTATION('',(#7194),#7242);
#7194 = B_SPLINE_CURVE_WITH_KNOTS('',3,(#7195,#7196,#7197,#7198,#7199,
    #7200,#7201,#7202,#7203,#7204,#7205,#7206,#7207,#7208,#7209,#7210,
    #7211,#7212,#7213,#7214,#7215,#7216,#7217,#7218,#7219,#7220,#7221,
    #7222,#7223,#7224,#7225,#7226,#7227,#7228,#7229,#7230,#7231,#7232,
    #7233,#7234,#7235,#7236,#7237,#7238,#7239,#7240,#7241),
  .UNSPECIFIED.,.F.,.F.,(4,1,1,1,1,1,1,1,1,1,1,1,1,1,1,1,1,1,1,1,1,1,1,1
    ,1,1,1,1,1,1,1,1,1,1,1,1,1,1,1,1,1,1,1,1,4),(0.,1.886414752272E-02,
    3.772829504544E-02,5.659244256816E-02,7.545659009088E-02,
    9.43207376136E-02,0.113184885136,0.132049032659,0.150913180182,
    0.169777327704,0.188641475227,0.20750562275,0.226369770273,
    0.245233917795,0.264098065318,0.282962212841,0.301826360364,
    0.320690507886,0.339554655409,0.358418802932,0.377282950454,
    0.396147097977,0.4150112455,0.433875393023,0.452739540545,
    0.471603688068,0.490467835591,0.509331983113,0.528196130636,
    0.547060278159,0.565924425682,0.584788573204,0.603652720727,
    0.62251686825,0.641381015772,0.660245163295,0.679109310818,
    0.697973458341,0.716837605863,0.735701753386,0.754565900909,
    0.773430048432,0.792294195954,0.811158343477,0.830022491),
  .QUASI_UNIFORM_KNOTS.);
#7195 = CARTESIAN_POINT('',(-7.1457431294,-12.1102734302));
#7196 = CARTESIAN_POINT('',(-7.1360606898,-12.11215986702));
#7197 = CARTESIAN_POINT('',(-7.11662595173,-12.11605926496));
#7198 = CARTESIAN_POINT('',(-7.087253957437,-12.12230921486));
#7199 = CARTESIAN_POINT('',(-7.05765410285,-12.12898034545));
#7200 = CARTESIAN_POINT('',(-7.027810233712,-12.13609631754));
#7201 = CARTESIAN_POINT('',(-6.997734671984,-12.14367392393));
#7202 = CARTESIAN_POINT('',(-6.967309082559,-12.15176555735));
#7203 = CARTESIAN_POINT('',(-6.936549526149,-12.16039258253));
#7204 = CARTESIAN_POINT('',(-6.905485593098,-12.16957101175));
#7205 = CARTESIAN_POINT('',(-6.874141235038,-12.17931710712));
#7206 = CARTESIAN_POINT('',(-6.842540060488,-12.18964566985));
#7207 = CARTESIAN_POINT('',(-6.810704069216,-12.20057028879));
#7208 = CARTESIAN_POINT('',(-6.778654138366,-12.2121030648));
#7209 = CARTESIAN_POINT('',(-6.746410032821,-12.22425447796));
#7210 = CARTESIAN_POINT('',(-6.71399053674,-12.2370332202));
#7211 = CARTESIAN_POINT('',(-6.681413546508,-12.25044604222));
#7212 = CARTESIAN_POINT('',(-6.648696168263,-12.26449760293));
#7213 = CARTESIAN_POINT('',(-6.615854808741,-12.27919032613));
#7214 = CARTESIAN_POINT('',(-6.582905263578,-12.29452426403));
#7215 = CARTESIAN_POINT('',(-6.5498628006,-12.31049697049));
#7216 = CARTESIAN_POINT('',(-6.516742247176,-12.3271033797));
#7217 = CARTESIAN_POINT('',(-6.483558051597,-12.34433571073));
#7218 = CARTESIAN_POINT('',(-6.450324433786,-12.36218332701));
#7219 = CARTESIAN_POINT('',(-6.417055198647,-12.38063282063));
#7220 = CARTESIAN_POINT('',(-6.383764808279,-12.39966731919));
#7221 = CARTESIAN_POINT('',(-6.350464759725,-12.41926876068));
#7222 = CARTESIAN_POINT('',(-6.317177490243,-12.43940916347));
#7223 = CARTESIAN_POINT('',(-6.283884880352,-12.46008304393));
#7224 = CARTESIAN_POINT('',(-6.250720856312,-12.48118635083));
#7225 = CARTESIAN_POINT('',(-6.217818449113,-12.50260430095));
#7226 = CARTESIAN_POINT('',(-6.185135247271,-12.52433164124));
#7227 = CARTESIAN_POINT('',(-6.152676347744,-12.54633250859));
#7228 = CARTESIAN_POINT('',(-6.120434664292,-12.56857802534));
#7229 = CARTESIAN_POINT('',(-6.088406896824,-12.59103632305));
#7230 = CARTESIAN_POINT('',(-6.056589231216,-12.613675317));
#7231 = CARTESIAN_POINT('',(-6.024978473763,-12.63646206784));
#7232 = CARTESIAN_POINT('',(-5.993571732553,-12.65936306131));
#7233 = CARTESIAN_POINT('',(-5.962366490995,-12.68234424529));
#7234 = CARTESIAN_POINT('',(-5.93136057888,-12.70537113521));
#7235 = CARTESIAN_POINT('',(-5.900552172937,-12.72840890398));
#7236 = CARTESIAN_POINT('',(-5.869939792521,-12.75142247967));
#7237 = CARTESIAN_POINT('',(-5.839522294798,-12.77437664125));
#7238 = CARTESIAN_POINT('',(-5.809298885461,-12.79723612706));
#7239 = CARTESIAN_POINT('',(-5.779269075628,-12.81996570635));
#7240 = CARTESIAN_POINT('',(-5.759378255586,-12.83500883341));
#7241 = CARTESIAN_POINT('',(-5.749465083231,-12.84249707329));
#7242 = ( GEOMETRIC_REPRESENTATION_CONTEXT(2) 
PARAMETRIC_REPRESENTATION_CONTEXT() REPRESENTATION_CONTEXT('2D SPACE',''
  ) );
#7243 = PCURVE('',#6727,#7244);
#7244 = DEFINITIONAL_REPRESENTATION('',(#7245),#7293);
#7245 = B_SPLINE_CURVE_WITH_KNOTS('',3,(#7246,#7247,#7248,#7249,#7250,
    #7251,#7252,#7253,#7254,#7255,#7256,#7257,#7258,#7259,#7260,#7261,
    #7262,#7263,#7264,#7265,#7266,#7267,#7268,#7269,#7270,#7271,#7272,
    #7273,#7274,#7275,#7276,#7277,#7278,#7279,#7280,#7281,#7282,#7283,
    #7284,#7285,#7286,#7287,#7288,#7289,#7290,#7291,#7292),
  .UNSPECIFIED.,.F.,.F.,(4,1,1,1,1,1,1,1,1,1,1,1,1,1,1,1,1,1,1,1,1,1,1,1
    ,1,1,1,1,1,1,1,1,1,1,1,1,1,1,1,1,1,1,1,1,4),(0.,1.886414752272E-02,
    3.772829504544E-02,5.659244256816E-02,7.545659009088E-02,
    9.43207376136E-02,0.113184885136,0.132049032659,0.150913180182,
    0.169777327704,0.188641475227,0.20750562275,0.226369770273,
    0.245233917795,0.264098065318,0.282962212841,0.301826360364,
    0.320690507886,0.339554655409,0.358418802932,0.377282950454,
    0.396147097977,0.4150112455,0.433875393023,0.452739540545,
    0.471603688068,0.490467835591,0.509331983113,0.528196130636,
    0.547060278159,0.565924425682,0.584788573204,0.603652720727,
    0.62251686825,0.641381015772,0.660245163295,0.679109310818,
    0.697973458341,0.716837605863,0.735701753386,0.754565900909,
    0.773430048432,0.792294195954,0.811158343477,0.830022491),
  .QUASI_UNIFORM_KNOTS.);
#7246 = CARTESIAN_POINT('',(-2.99294764459,-3.300993819607));
#7247 = CARTESIAN_POINT('',(-2.991673923132,-3.31570141656));
#7248 = CARTESIAN_POINT('',(-2.989073350818,-3.344857604192));
#7249 = CARTESIAN_POINT('',(-2.985011884331,-3.387765547475));
#7250 = CARTESIAN_POINT('',(-2.980788932182,-3.429795788191));
#7251 = CARTESIAN_POINT('',(-2.976402419113,-3.470904119626));
#7252 = CARTESIAN_POINT('',(-2.971854771274,-3.511007448603));
#7253 = CARTESIAN_POINT('',(-2.967128187477,-3.550188107845));
#7254 = CARTESIAN_POINT('',(-2.962224748406,-3.588339609091));
#7255 = CARTESIAN_POINT('',(-2.957149557511,-3.625343307126));
#7256 = CARTESIAN_POINT('',(-2.95190751728,-3.661091168653));
#7257 = CARTESIAN_POINT('',(-2.946504163921,-3.695479678086));
#7258 = CARTESIAN_POINT('',(-2.940945415069,-3.728411477378));
#7259 = CARTESIAN_POINT('',(-2.935237609276,-3.759794934049));
#7260 = CARTESIAN_POINT('',(-2.929387467881,-3.789544265163));
#7261 = CARTESIAN_POINT('',(-2.923402078297,-3.817579513484));
#7262 = CARTESIAN_POINT('',(-2.917288872184,-3.843826564694));
#7263 = CARTESIAN_POINT('',(-2.91105560567,-3.868217155362));
#7264 = CARTESIAN_POINT('',(-2.904710339675,-3.89068888547));
#7265 = CARTESIAN_POINT('',(-2.89826142098,-3.911185232109));
#7266 = CARTESIAN_POINT('',(-2.89171746345,-3.929655565551));
#7267 = CARTESIAN_POINT('',(-2.885087331153,-3.946055167694));
#7268 = CARTESIAN_POINT('',(-2.878380116912,-3.960345253225));
#7269 = CARTESIAN_POINT('',(-2.871605140304,-3.972492993547));
#7270 = CARTESIAN_POINT('',(-2.86477187539,-3.982471544466));
#7271 = CARTESIAN_POINT('',(-2.857890142802,-3.990260075026));
#7272 = CARTESIAN_POINT('',(-2.8509693172,-3.995843808488));
#7273 = CARTESIAN_POINT('',(-2.844021211103,-3.999214035488));
#7274 = CARTESIAN_POINT('',(-2.837049239749,-4.000368249773));
#7275 = CARTESIAN_POINT('',(-2.830088786973,-3.999309846322));
#7276 = CARTESIAN_POINT('',(-2.823175229605,-3.99608628513));
#7277 = CARTESIAN_POINT('',(-2.816306890321,-3.990745891495));
#7278 = CARTESIAN_POINT('',(-2.809491810887,-3.98333745096));
#7279 = CARTESIAN_POINT('',(-2.802735239841,-3.973910325278));
#7280 = CARTESIAN_POINT('',(-2.796042988745,-3.962514427705));
#7281 = CARTESIAN_POINT('',(-2.789420535665,-3.949200234822));
#7282 = CARTESIAN_POINT('',(-2.782873267378,-3.934018787422));
#7283 = CARTESIAN_POINT('',(-2.776406415648,-3.91702169319));
#7284 = CARTESIAN_POINT('',(-2.770025074697,-3.898261127755));
#7285 = CARTESIAN_POINT('',(-2.763734196092,-3.877789835163));
#7286 = CARTESIAN_POINT('',(-2.757538589031,-3.855661126981));
#7287 = CARTESIAN_POINT('',(-2.751442917954,-3.831928882243));
#7288 = CARTESIAN_POINT('',(-2.745451701833,-3.806647540211));
#7289 = CARTESIAN_POINT('',(-2.739569305863,-3.779872115889));
#7290 = CARTESIAN_POINT('',(-2.733799958381,-3.751658126628));
#7291 = CARTESIAN_POINT('',(-2.73003176683,-3.731927273262));
#7292 = CARTESIAN_POINT('',(-2.72816786001,-3.721840807768));
#7293 = ( GEOMETRIC_REPRESENTATION_CONTEXT(2) 
PARAMETRIC_REPRESENTATION_CONTEXT() REPRESENTATION_CONTEXT('2D SPACE',''
  ) );
#7294 = ADVANCED_FACE('',(#7295),#6727,.T.);
#7295 = FACE_BOUND('',#7296,.F.);
#7296 = EDGE_LOOP('',(#7297,#7298,#7299,#7321));
#7297 = ORIENTED_EDGE('',*,*,#7169,.F.);
#7298 = ORIENTED_EDGE('',*,*,#7115,.T.);
#7299 = ORIENTED_EDGE('',*,*,#7300,.F.);
#7300 = EDGE_CURVE('',#6679,#7116,#7301,.T.);
#7301 = SURFACE_CURVE('',#7302,(#7307,#7314),.PCURVE_S1.);
#7302 = CIRCLE('',#7303,10.);
#7303 = AXIS2_PLACEMENT_3D('',#7304,#7305,#7306);
#7304 = CARTESIAN_POINT('',(260.,3.,-3.330669073875E-16));
#7305 = DIRECTION('',(1.,0.,-0.));
#7306 = DIRECTION('',(0.,1.110223024625E-16,1.));
#7307 = PCURVE('',#6727,#7308);
#7308 = DEFINITIONAL_REPRESENTATION('',(#7309),#7313);
#7309 = LINE('',#7310,#7311);
#7310 = CARTESIAN_POINT('',(-0.,0.));
#7311 = VECTOR('',#7312,1.);
#7312 = DIRECTION('',(-1.,0.));
#7313 = ( GEOMETRIC_REPRESENTATION_CONTEXT(2) 
PARAMETRIC_REPRESENTATION_CONTEXT() REPRESENTATION_CONTEXT('2D SPACE',''
  ) );
#7314 = PCURVE('',#6695,#7315);
#7315 = DEFINITIONAL_REPRESENTATION('',(#7316),#7320);
#7316 = CIRCLE('',#7317,10.);
#7317 = AXIS2_PLACEMENT_2D('',#7318,#7319);
#7318 = CARTESIAN_POINT('',(6.072654079767E-32,-5.469760530158E-16));
#7319 = DIRECTION('',(0.,-1.));
#7320 = ( GEOMETRIC_REPRESENTATION_CONTEXT(2) 
PARAMETRIC_REPRESENTATION_CONTEXT() REPRESENTATION_CONTEXT('2D SPACE',''
  ) );
#7321 = ORIENTED_EDGE('',*,*,#6711,.F.);
#7322 = ADVANCED_FACE('',(#7323),#6695,.F.);
#7323 = FACE_BOUND('',#7324,.F.);
#7324 = EDGE_LOOP('',(#7325,#7326,#7327));
#7325 = ORIENTED_EDGE('',*,*,#7300,.T.);
#7326 = ORIENTED_EDGE('',*,*,#7138,.F.);
#7327 = ORIENTED_EDGE('',*,*,#6678,.F.);
#7328 = ADVANCED_FACE('',(#7329),#6605,.F.);
#7329 = FACE_BOUND('',#7330,.T.);
#7330 = EDGE_LOOP('',(#7331,#7332,#7355,#7545,#7573,#7606,#7629,#7812));
#7331 = ORIENTED_EDGE('',*,*,#6588,.F.);
#7332 = ORIENTED_EDGE('',*,*,#7333,.T.);
#7333 = EDGE_CURVE('',#6589,#7334,#7336,.T.);
#7334 = VERTEX_POINT('',#7335);
#7335 = CARTESIAN_POINT('',(264.,2.6645352591E-15,11.992304845413));
#7336 = SEAM_CURVE('',#7337,(#7341,#7348),.PCURVE_S1.);
#7337 = LINE('',#7338,#7339);
#7338 = CARTESIAN_POINT('',(255.,2.6645352591E-15,11.992304845413));
#7339 = VECTOR('',#7340,1.);
#7340 = DIRECTION('',(1.,0.,0.));
#7341 = PCURVE('',#6605,#7342);
#7342 = DEFINITIONAL_REPRESENTATION('',(#7343),#7347);
#7343 = LINE('',#7344,#7345);
#7344 = CARTESIAN_POINT('',(-6.28318530718,0.));
#7345 = VECTOR('',#7346,1.);
#7346 = DIRECTION('',(-0.,-1.));
#7347 = ( GEOMETRIC_REPRESENTATION_CONTEXT(2) 
PARAMETRIC_REPRESENTATION_CONTEXT() REPRESENTATION_CONTEXT('2D SPACE',''
  ) );
#7348 = PCURVE('',#6605,#7349);
#7349 = DEFINITIONAL_REPRESENTATION('',(#7350),#7354);
#7350 = LINE('',#7351,#7352);
#7351 = CARTESIAN_POINT('',(-0.,0.));
#7352 = VECTOR('',#7353,1.);
#7353 = DIRECTION('',(-0.,-1.));
#7354 = ( GEOMETRIC_REPRESENTATION_CONTEXT(2) 
PARAMETRIC_REPRESENTATION_CONTEXT() REPRESENTATION_CONTEXT('2D SPACE',''
  ) );
#7355 = ORIENTED_EDGE('',*,*,#7356,.T.);
#7356 = EDGE_CURVE('',#7334,#7357,#7359,.T.);
#7357 = VERTEX_POINT('',#7358);
#7358 = CARTESIAN_POINT('',(263.72184081499,-1.017479340241,
    9.157502921143));
#7359 = SURFACE_CURVE('',#7360,(#7418,#7479),.PCURVE_S1.);
#7360 = B_SPLINE_CURVE_WITH_KNOTS('',6,(#7361,#7362,#7363,#7364,#7365,
    #7366,#7367,#7368,#7369,#7370,#7371,#7372,#7373,#7374,#7375,#7376,
    #7377,#7378,#7379,#7380,#7381,#7382,#7383,#7384,#7385,#7386,#7387,
    #7388,#7389,#7390,#7391,#7392,#7393,#7394,#7395,#7396,#7397,#7398,
    #7399,#7400,#7401,#7402,#7403,#7404,#7405,#7406,#7407,#7408,#7409,
    #7410,#7411,#7412,#7413,#7414,#7415,#7416,#7417),.UNSPECIFIED.,.F.,
  .F.,(7,5,5,5,5,5,5,5,5,5,5,7),(0.,0.117645099095,0.170026934906,
    0.286935482706,0.412828782299,0.500859940024,0.556733163142,
    0.589243782623,0.714021295224,0.831088977902,0.880767797698,1.),
  .UNSPECIFIED.);
#7361 = CARTESIAN_POINT('',(264.,1.33226762955E-15,11.992304845413));
#7362 = CARTESIAN_POINT('',(264.,-0.116748356974,11.992304845413));
#7363 = CARTESIAN_POINT('',(263.99182163225,-0.232634170908,
    11.982082156403));
#7364 = CARTESIAN_POINT('',(263.97569321133,-0.345914332661,
    11.96192035248));
#7365 = CARTESIAN_POINT('',(263.95239608084,-0.454895063807,
    11.932625762095));
#7366 = CARTESIAN_POINT('',(263.92325654322,-0.55803546757,
    11.895521732351));
#7367 = CARTESIAN_POINT('',(263.87524564927,-0.696777985813,
    11.833378749381));
#7368 = CARTESIAN_POINT('',(263.85958647962,-0.738276426606,
    11.812988866597));
#7369 = CARTESIAN_POINT('',(263.84315779112,-0.778523028225,
    11.791447613214));
#7370 = CARTESIAN_POINT('',(263.82605472251,-0.817515645148,
    11.768842072826));
#7371 = CARTESIAN_POINT('',(263.80836907901,-0.855256522116,
    11.745252887853));
#7372 = CARTESIAN_POINT('',(263.74961481378,-0.973205485692,
    11.666076926962));
#7373 = CARTESIAN_POINT('',(263.70657303065,-1.048468315227,
    11.606861262937));
#7374 = CARTESIAN_POINT('',(263.66195664194,-1.11778834811,
    11.543809192053));
#7375 = CARTESIAN_POINT('',(263.61652586913,-1.181448391118,
    11.477373275122));
#7376 = CARTESIAN_POINT('',(263.57098566174,-1.23968565028,
    11.407811954716));
#7377 = CARTESIAN_POINT('',(263.4778280552,-1.349670131972,
    11.257032914998));
#7378 = CARTESIAN_POINT('',(263.43032195431,-1.400571706013,
    11.17533484223));
#7379 = CARTESIAN_POINT('',(263.38456327948,-1.44557809735,
    11.090150510973));
#7380 = CARTESIAN_POINT('',(263.3417637479,-1.484580367405,
    11.001518446814));
#7381 = CARTESIAN_POINT('',(263.30356338249,-1.517369170317,
    10.909431927426));
#7382 = CARTESIAN_POINT('',(263.24970559949,-1.561749220658,
    10.746911103505));
#7383 = CARTESIAN_POINT('',(263.23061939721,-1.576835619885,
    10.677980513739));
#7384 = CARTESIAN_POINT('',(263.21555434999,-1.58833453563,
    10.607658212077));
#7385 = CARTESIAN_POINT('',(263.2052156647,-1.596088168688,
    10.536400271357));
#7386 = CARTESIAN_POINT('',(263.2,-1.6,10.464525443568));
#7387 = CARTESIAN_POINT('',(263.2,-1.6,10.346466557031));
#7388 = CARTESIAN_POINT('',(263.20210076682,-1.598424105574,
    10.300676745469));
#7389 = CARTESIAN_POINT('',(263.20629582088,-1.595278720645,
    10.255042640734));
#7390 = CARTESIAN_POINT('',(263.21251277738,-1.590582735305,
    10.209689657375));
#7391 = CARTESIAN_POINT('',(263.22061698954,-1.584376417594,
    10.164761401476));
#7392 = CARTESIAN_POINT('',(263.23611641352,-1.57228130744,
    10.094618822967));
#7393 = CARTESIAN_POINT('',(263.24239423488,-1.567342732172,
    10.069003470032));
#7394 = CARTESIAN_POINT('',(263.24921722045,-1.561922976003,
    10.043581430433));
#7395 = CARTESIAN_POINT('',(263.25655178057,-1.556031380374,
    10.018362710049));
#7396 = CARTESIAN_POINT('',(263.2643621714,-1.549678231623,
    9.993359509054));
#7397 = CARTESIAN_POINT('',(263.30426800605,-1.516762673428,
    9.87350500853));
#7398 = CARTESIAN_POINT('',(263.3423344105,-1.484055035478,9.78194288818
    ));
#7399 = CARTESIAN_POINT('',(263.38493521268,-1.445200345293,
    9.693801086783));
#7400 = CARTESIAN_POINT('',(263.43045896981,-1.400404370048,
    9.609072275952));
#7401 = CARTESIAN_POINT('',(263.47771329693,-1.349772659949,
    9.52779313139));
#7402 = CARTESIAN_POINT('',(263.57084050675,-1.239887702184,
    9.377004178465));
#7403 = CARTESIAN_POINT('',(263.61661603849,-1.181363685723,
    9.307082417294));
#7404 = CARTESIAN_POINT('',(263.66228120421,-1.117361626997,
    9.240316855243));
#7405 = CARTESIAN_POINT('',(263.70712058854,-1.047640398269,
    9.17697031491));
#7406 = CARTESIAN_POINT('',(263.75036166894,-0.971912911616,
    9.117503906517));
#7407 = CARTESIAN_POINT('',(263.80838260151,-0.855138333739,
    9.039348450554));
#7408 = CARTESIAN_POINT('',(263.82521817497,-0.819219593522,
    9.01689020075));
#7409 = CARTESIAN_POINT('',(263.84152693424,-0.78216689303,8.99532246256
    ));
#7410 = CARTESIAN_POINT('',(263.85722989591,-0.743977893487,
    8.974714482635));
#7411 = CARTESIAN_POINT('',(263.87224529241,-0.704653811416,
    8.955140863941));
#7412 = CARTESIAN_POINT('',(263.92067331309,-0.567106404682,
    8.892378122465));
#7413 = CARTESIAN_POINT('',(263.95074434333,-0.462555432746,
    8.854061156887));
#7414 = CARTESIAN_POINT('',(263.97483314024,-0.351892671349,
    8.823764539132));
#7415 = CARTESIAN_POINT('',(263.99152917517,-0.236723166069,
    8.802893080488));
#7416 = CARTESIAN_POINT('',(264.,-0.118817370419,8.792304845413));
#7417 = CARTESIAN_POINT('',(264.,-2.22044604925E-16,8.792304845413));
#7418 = PCURVE('',#6605,#7419);
#7419 = DEFINITIONAL_REPRESENTATION('',(#7420),#7478);
#7420 = B_SPLINE_CURVE_WITH_KNOTS('',6,(#7421,#7422,#7423,#7424,#7425,
    #7426,#7427,#7428,#7429,#7430,#7431,#7432,#7433,#7434,#7435,#7436,
    #7437,#7438,#7439,#7440,#7441,#7442,#7443,#7444,#7445,#7446,#7447,
    #7448,#7449,#7450,#7451,#7452,#7453,#7454,#7455,#7456,#7457,#7458,
    #7459,#7460,#7461,#7462,#7463,#7464,#7465,#7466,#7467,#7468,#7469,
    #7470,#7471,#7472,#7473,#7474,#7475,#7476,#7477),.UNSPECIFIED.,.F.,
  .F.,(7,5,5,5,5,5,5,5,5,5,5,7),(0.,0.117645099095,0.170026934906,
    0.286935482706,0.412828782299,0.500859940024,0.556733163142,
    0.589243782623,0.714021295224,0.831088977902,0.880767797698,1.),
  .UNSPECIFIED.);
#7421 = CARTESIAN_POINT('',(0.,-9.));
#7422 = CARTESIAN_POINT('',(-7.296772310885E-02,-9.));
#7423 = CARTESIAN_POINT('',(-0.145396304947,-8.991821632255));
#7424 = CARTESIAN_POINT('',(-0.216895992482,-8.97569321133));
#7425 = CARTESIAN_POINT('',(-0.287054265242,-8.952396080843));
#7426 = CARTESIAN_POINT('',(-0.355364719209,-8.923256543221));
#7427 = CARTESIAN_POINT('',(-0.45037959613,-8.875245649273));
#7428 = CARTESIAN_POINT('',(-0.479259675948,-8.859586479623));
#7429 = CARTESIAN_POINT('',(-0.507764602047,-8.843157791129));
#7430 = CARTESIAN_POINT('',(-0.5359104398,-8.82605472251));
#7431 = CARTESIAN_POINT('',(-0.563712405026,-8.808369079015));
#7432 = CARTESIAN_POINT('',(-0.652499348902,-8.74961481378));
#7433 = CARTESIAN_POINT('',(-0.712182441941,-8.706573030655));
#7434 = CARTESIAN_POINT('',(-0.770532624683,-8.661956641941));
#7435 = CARTESIAN_POINT('',(-0.827844844174,-8.616525869139));
#7436 = CARTESIAN_POINT('',(-0.884419214988,-8.570985661745));
#7437 = CARTESIAN_POINT('',(-1.001063213024,-8.477828055202));
#7438 = CARTESIAN_POINT('',(-1.061064249031,-8.430321954311));
#7439 = CARTESIAN_POINT('',(-1.121050749475,-8.384563279484));
#7440 = CARTESIAN_POINT('',(-1.181337261781,-8.341763747906));
#7441 = CARTESIAN_POINT('',(-1.242257236939,-8.303563382491));
#7442 = CARTESIAN_POINT('',(-1.34755185166,-8.249705599494));
#7443 = CARTESIAN_POINT('',(-1.391595572769,-8.230619397214));
#7444 = CARTESIAN_POINT('',(-1.436034617826,-8.215554349999));
#7445 = CARTESIAN_POINT('',(-1.480736766874,-8.205215664705));
#7446 = CARTESIAN_POINT('',(-1.525658452948,-8.2));
#7447 = CARTESIAN_POINT('',(-1.599445257034,-8.2));
#7448 = CARTESIAN_POINT('',(-1.62806393241,-8.202100766826));
#7449 = CARTESIAN_POINT('',(-1.656627453369,-8.206295820885));
#7450 = CARTESIAN_POINT('',(-1.685099709898,-8.21251277738));
#7451 = CARTESIAN_POINT('',(-1.713430586325,-8.220616989549));
#7452 = CARTESIAN_POINT('',(-1.75791668409,-8.236116413525));
#7453 = CARTESIAN_POINT('',(-1.774217940737,-8.242394234883));
#7454 = CARTESIAN_POINT('',(-1.790459130193,-8.249217220457));
#7455 = CARTESIAN_POINT('',(-1.806640689007,-8.256551780576));
#7456 = CARTESIAN_POINT('',(-1.822761296141,-8.264362171409));
#7457 = CARTESIAN_POINT('',(-1.900443881632,-8.304268006055));
#7458 = CARTESIAN_POINT('',(-1.961040969706,-8.3423344105));
#7459 = CARTESIAN_POINT('',(-2.021013501104,-8.384935212685));
#7460 = CARTESIAN_POINT('',(-2.080690315627,-8.43045896981));
#7461 = CARTESIAN_POINT('',(-2.140382424406,-8.477713296936));
#7462 = CARTESIAN_POINT('',(-2.256994783494,-8.570840506757));
#7463 = CARTESIAN_POINT('',(-2.313855015371,-8.616616038498));
#7464 = CARTESIAN_POINT('',(-2.371460923637,-8.662281204218));
#7465 = CARTESIAN_POINT('',(-2.430117031781,-8.707120588545));
#7466 = CARTESIAN_POINT('',(-2.490122389744,-8.750361668945));
#7467 = CARTESIAN_POINT('',(-2.577944514072,-8.808382601519));
#7468 = CARTESIAN_POINT('',(-2.604408086769,-8.825218174971));
#7469 = CARTESIAN_POINT('',(-2.631183028455,-8.841526934241));
#7470 = CARTESIAN_POINT('',(-2.658282678329,-8.857229895914));
#7471 = CARTESIAN_POINT('',(-2.685721054923,-8.872245292414));
#7472 = CARTESIAN_POINT('',(-2.780214876681,-8.920673313099));
#7473 = CARTESIAN_POINT('',(-2.849604254446,-8.950744343335));
#7474 = CARTESIAN_POINT('',(-2.920922336267,-8.974833140243));
#7475 = CARTESIAN_POINT('',(-2.993640730531,-8.991529175179));
#7476 = CARTESIAN_POINT('',(-3.067331797078,-9.));
#7477 = CARTESIAN_POINT('',(-3.14159265359,-9.));
#7478 = ( GEOMETRIC_REPRESENTATION_CONTEXT(2) 
PARAMETRIC_REPRESENTATION_CONTEXT() REPRESENTATION_CONTEXT('2D SPACE',''
  ) );
#7479 = PCURVE('',#7480,#7485);
#7480 = CYLINDRICAL_SURFACE('',#7481,2.);
#7481 = AXIS2_PLACEMENT_3D('',#7482,#7483,#7484);
#7482 = CARTESIAN_POINT('',(262.,0.,4.));
#7483 = DIRECTION('',(-0.,-0.,-1.));
#7484 = DIRECTION('',(1.,0.,0.));
#7485 = DEFINITIONAL_REPRESENTATION('',(#7486),#7544);
#7486 = B_SPLINE_CURVE_WITH_KNOTS('',6,(#7487,#7488,#7489,#7490,#7491,
    #7492,#7493,#7494,#7495,#7496,#7497,#7498,#7499,#7500,#7501,#7502,
    #7503,#7504,#7505,#7506,#7507,#7508,#7509,#7510,#7511,#7512,#7513,
    #7514,#7515,#7516,#7517,#7518,#7519,#7520,#7521,#7522,#7523,#7524,
    #7525,#7526,#7527,#7528,#7529,#7530,#7531,#7532,#7533,#7534,#7535,
    #7536,#7537,#7538,#7539,#7540,#7541,#7542,#7543),.UNSPECIFIED.,.F.,
  .F.,(7,5,5,5,5,5,5,5,5,5,5,7),(0.,0.117645099095,0.170026934906,
    0.286935482706,0.412828782299,0.500859940024,0.556733163142,
    0.589243782623,0.714021295224,0.831088977902,0.880767797698,1.),
  .UNSPECIFIED.);
#7487 = CARTESIAN_POINT('',(-6.28318530718,-7.992304845413));
#7488 = CARTESIAN_POINT('',(-6.224811128693,-7.992304845413));
#7489 = CARTESIAN_POINT('',(-6.166868121421,-7.982082156402));
#7490 = CARTESIAN_POINT('',(-6.10987045861,-7.96192035248));
#7491 = CARTESIAN_POINT('',(-6.054331332633,-7.932625762095));
#7492 = CARTESIAN_POINT('',(-6.000831899819,-7.895521732351));
#7493 = CARTESIAN_POINT('',(-5.927424590397,-7.833378749381));
#7494 = CARTESIAN_POINT('',(-5.905255698695,-7.812988866597));
#7495 = CARTESIAN_POINT('',(-5.883531847693,-7.791447613214));
#7496 = CARTESIAN_POINT('',(-5.862252710132,-7.768842072826));
#7497 = CARTESIAN_POINT('',(-5.841418996088,-7.745252887853));
#7498 = CARTESIAN_POINT('',(-5.775532689294,-7.666076926962));
#7499 = CARTESIAN_POINT('',(-5.732253357572,-7.606861262937));
#7500 = CARTESIAN_POINT('',(-5.691113120465,-7.543809192053));
#7501 = CARTESIAN_POINT('',(-5.652068088843,-7.477373275122));
#7502 = CARTESIAN_POINT('',(-5.615131867967,-7.407811954716));
#7503 = CARTESIAN_POINT('',(-5.543064320017,-7.257032914998));
#7504 = CARTESIAN_POINT('',(-5.508291376687,-7.17533484223));
#7505 = CARTESIAN_POINT('',(-5.476239747749,-7.090150510973));
#7506 = CARTESIAN_POINT('',(-5.447308444196,-7.001518446814));
#7507 = CARTESIAN_POINT('',(-5.422142070566,-6.909431927426));
#7508 = CARTESIAN_POINT('',(-5.387248483557,-6.746911103505));
#7509 = CARTESIAN_POINT('',(-5.375086740885,-6.677980513739));
#7510 = CARTESIAN_POINT('',(-5.36561166223,-6.607658212077));
#7511 = CARTESIAN_POINT('',(-5.359149852709,-6.536400271357));
#7512 = CARTESIAN_POINT('',(-5.355890089178,-6.464525443568));
#7513 = CARTESIAN_POINT('',(-5.355890089178,-6.346466557031));
#7514 = CARTESIAN_POINT('',(-5.357203153444,-6.300676745469));
#7515 = CARTESIAN_POINT('',(-5.359824824474,-6.255042640734));
#7516 = CARTESIAN_POINT('',(-5.363720355531,-6.209689657375));
#7517 = CARTESIAN_POINT('',(-5.368823990617,-6.164761401476));
#7518 = CARTESIAN_POINT('',(-5.378654095311,-6.094618822967));
#7519 = CARTESIAN_POINT('',(-5.382647835226,-6.069003470032));
#7520 = CARTESIAN_POINT('',(-5.387004551649,-6.043581430433));
#7521 = CARTESIAN_POINT('',(-5.391708322424,-6.018362710049));
#7522 = CARTESIAN_POINT('',(-5.396742215791,-5.993359509054));
#7523 = CARTESIAN_POINT('',(-5.422606813265,-5.87350500853));
#7524 = CARTESIAN_POINT('',(-5.447695927435,-5.78194288818));
#7525 = CARTESIAN_POINT('',(-5.476504304639,-5.693801086783));
#7526 = CARTESIAN_POINT('',(-5.5083990308,-5.609072275952));
#7527 = CARTESIAN_POINT('',(-5.542988115365,-5.52779313139));
#7528 = CARTESIAN_POINT('',(-5.615007871599,-5.377004178465));
#7529 = CARTESIAN_POINT('',(-5.6521291323,-5.307082417294));
#7530 = CARTESIAN_POINT('',(-5.691380523815,-5.240316855242));
#7531 = CARTESIAN_POINT('',(-5.732748475227,-5.17697031491));
#7532 = CARTESIAN_POINT('',(-5.776277656274,-5.117503906517));
#7533 = CARTESIAN_POINT('',(-5.841474915908,-5.039348450554));
#7534 = CARTESIAN_POINT('',(-5.861304078168,-5.01689020075));
#7535 = CARTESIAN_POINT('',(-5.881536855234,-4.99532246256));
#7536 = CARTESIAN_POINT('',(-5.902172787359,-4.974714482635));
#7537 = CARTESIAN_POINT('',(-5.923212269525,-4.955140863941));
#7538 = CARTESIAN_POINT('',(-5.996124138049,-4.892378122465));
#7539 = CARTESIAN_POINT('',(-6.050426073853,-4.854061156887));
#7540 = CARTESIAN_POINT('',(-6.10686194803,-4.823764539132));
#7541 = CARTESIAN_POINT('',(-6.164823615991,-4.802893080488));
#7542 = CARTESIAN_POINT('',(-6.22377662197,-4.792304845413));
#7543 = CARTESIAN_POINT('',(-6.28318530718,-4.792304845413));
#7544 = ( GEOMETRIC_REPRESENTATION_CONTEXT(2) 
PARAMETRIC_REPRESENTATION_CONTEXT() REPRESENTATION_CONTEXT('2D SPACE',''
  ) );
#7545 = ORIENTED_EDGE('',*,*,#7546,.T.);
#7546 = EDGE_CURVE('',#7357,#7547,#7549,.T.);
#7547 = VERTEX_POINT('',#7548);
#7548 = CARTESIAN_POINT('',(260.,-1.017479340241,9.157502921143));
#7549 = SURFACE_CURVE('',#7550,(#7554,#7561),.PCURVE_S1.);
#7550 = LINE('',#7551,#7552);
#7551 = CARTESIAN_POINT('',(255.,-1.017479340241,9.157502921143));
#7552 = VECTOR('',#7553,1.);
#7553 = DIRECTION('',(-1.,0.,-0.));
#7554 = PCURVE('',#6605,#7555);
#7555 = DEFINITIONAL_REPRESENTATION('',(#7556),#7560);
#7556 = LINE('',#7557,#7558);
#7557 = CARTESIAN_POINT('',(-2.452386685532,0.));
#7558 = VECTOR('',#7559,1.);
#7559 = DIRECTION('',(-0.,1.));
#7560 = ( GEOMETRIC_REPRESENTATION_CONTEXT(2) 
PARAMETRIC_REPRESENTATION_CONTEXT() REPRESENTATION_CONTEXT('2D SPACE',''
  ) );
#7561 = PCURVE('',#7562,#7567);
#7562 = CYLINDRICAL_SURFACE('',#7563,10.);
#7563 = AXIS2_PLACEMENT_3D('',#7564,#7565,#7566);
#7564 = CARTESIAN_POINT('',(260.,3.,-3.330669073875E-16));
#7565 = DIRECTION('',(-1.,0.,-0.));
#7566 = DIRECTION('',(0.,1.110223024625E-16,1.));
#7567 = DEFINITIONAL_REPRESENTATION('',(#7568),#7572);
#7568 = LINE('',#7569,#7570);
#7569 = CARTESIAN_POINT('',(-0.413424793971,5.));
#7570 = VECTOR('',#7571,1.);
#7571 = DIRECTION('',(-0.,1.));
#7572 = ( GEOMETRIC_REPRESENTATION_CONTEXT(2) 
PARAMETRIC_REPRESENTATION_CONTEXT() REPRESENTATION_CONTEXT('2D SPACE',''
  ) );
#7573 = ORIENTED_EDGE('',*,*,#7574,.F.);
#7574 = EDGE_CURVE('',#7575,#7547,#7577,.T.);
#7575 = VERTEX_POINT('',#7576);
#7576 = CARTESIAN_POINT('',(260.,1.51901780178,9.889726575015));
#7577 = SURFACE_CURVE('',#7578,(#7583,#7590),.PCURVE_S1.);
#7578 = CIRCLE('',#7579,1.6);
#7579 = AXIS2_PLACEMENT_3D('',#7580,#7581,#7582);
#7580 = CARTESIAN_POINT('',(260.,2.6645352591E-15,10.392304845413));
#7581 = DIRECTION('',(-1.,0.,0.));
#7582 = DIRECTION('',(0.,1.110223024625E-16,1.));
#7583 = PCURVE('',#6605,#7584);
#7584 = DEFINITIONAL_REPRESENTATION('',(#7585),#7589);
#7585 = LINE('',#7586,#7587);
#7586 = CARTESIAN_POINT('',(-6.28318530718,-5.));
#7587 = VECTOR('',#7588,1.);
#7588 = DIRECTION('',(1.,-0.));
#7589 = ( GEOMETRIC_REPRESENTATION_CONTEXT(2) 
PARAMETRIC_REPRESENTATION_CONTEXT() REPRESENTATION_CONTEXT('2D SPACE',''
  ) );
#7590 = PCURVE('',#7591,#7596);
#7591 = PLANE('',#7592);
#7592 = AXIS2_PLACEMENT_3D('',#7593,#7594,#7595);
#7593 = CARTESIAN_POINT('',(260.,3.,-8.800429604033E-16));
#7594 = DIRECTION('',(1.,0.,0.));
#7595 = DIRECTION('',(0.,-1.,1.110223024625E-16));
#7596 = DEFINITIONAL_REPRESENTATION('',(#7597),#7605);
#7597 = ( BOUNDED_CURVE() B_SPLINE_CURVE(2,(#7598,#7599,#7600,#7601,
#7602,#7603,#7604),.UNSPECIFIED.,.T.,.F.) B_SPLINE_CURVE_WITH_KNOTS((1,2
    ,2,2,2,1),(-2.094395102393,0.,2.094395102393,4.188790204786,
6.28318530718,8.377580409573),.UNSPECIFIED.) CURVE() 
GEOMETRIC_REPRESENTATION_ITEM() RATIONAL_B_SPLINE_CURVE((1.,0.5,1.,0.5,
1.,0.5,1.)) REPRESENTATION_ITEM('') );
#7598 = CARTESIAN_POINT('',(3.,-11.99230484541));
#7599 = CARTESIAN_POINT('',(0.22871870789,-11.99230484541));
#7600 = CARTESIAN_POINT('',(1.614359353945,-9.592304845413));
#7601 = CARTESIAN_POINT('',(3.,-7.192304845413));
#7602 = CARTESIAN_POINT('',(4.385640646055,-9.592304845413));
#7603 = CARTESIAN_POINT('',(5.77128129211,-11.99230484541));
#7604 = CARTESIAN_POINT('',(3.,-11.99230484541));
#7605 = ( GEOMETRIC_REPRESENTATION_CONTEXT(2) 
PARAMETRIC_REPRESENTATION_CONTEXT() REPRESENTATION_CONTEXT('2D SPACE',''
  ) );
#7606 = ORIENTED_EDGE('',*,*,#7607,.F.);
#7607 = EDGE_CURVE('',#7608,#7575,#7610,.T.);
#7608 = VERTEX_POINT('',#7609);
#7609 = CARTESIAN_POINT('',(263.3009938193,1.51901780178,9.889726575015)
  );
#7610 = SURFACE_CURVE('',#7611,(#7615,#7622),.PCURVE_S1.);
#7611 = LINE('',#7612,#7613);
#7612 = CARTESIAN_POINT('',(255.,1.51901780178,9.889726575015));
#7613 = VECTOR('',#7614,1.);
#7614 = DIRECTION('',(-1.,0.,-0.));
#7615 = PCURVE('',#6605,#7616);
#7616 = DEFINITIONAL_REPRESENTATION('',(#7617),#7621);
#7617 = LINE('',#7618,#7619);
#7618 = CARTESIAN_POINT('',(-4.392868424653,0.));
#7619 = VECTOR('',#7620,1.);
#7620 = DIRECTION('',(-0.,1.));
#7621 = ( GEOMETRIC_REPRESENTATION_CONTEXT(2) 
PARAMETRIC_REPRESENTATION_CONTEXT() REPRESENTATION_CONTEXT('2D SPACE',''
  ) );
#7622 = PCURVE('',#7562,#7623);
#7623 = DEFINITIONAL_REPRESENTATION('',(#7624),#7628);
#7624 = LINE('',#7625,#7626);
#7625 = CARTESIAN_POINT('',(-0.148645009035,5.));
#7626 = VECTOR('',#7627,1.);
#7627 = DIRECTION('',(-0.,1.));
#7628 = ( GEOMETRIC_REPRESENTATION_CONTEXT(2) 
PARAMETRIC_REPRESENTATION_CONTEXT() REPRESENTATION_CONTEXT('2D SPACE',''
  ) );
#7629 = ORIENTED_EDGE('',*,*,#7630,.T.);
#7630 = EDGE_CURVE('',#7608,#7334,#7631,.T.);
#7631 = SURFACE_CURVE('',#7632,(#7690,#7751),.PCURVE_S1.);
#7632 = B_SPLINE_CURVE_WITH_KNOTS('',6,(#7633,#7634,#7635,#7636,#7637,
    #7638,#7639,#7640,#7641,#7642,#7643,#7644,#7645,#7646,#7647,#7648,
    #7649,#7650,#7651,#7652,#7653,#7654,#7655,#7656,#7657,#7658,#7659,
    #7660,#7661,#7662,#7663,#7664,#7665,#7666,#7667,#7668,#7669,#7670,
    #7671,#7672,#7673,#7674,#7675,#7676,#7677,#7678,#7679,#7680,#7681,
    #7682,#7683,#7684,#7685,#7686,#7687,#7688,#7689),.UNSPECIFIED.,.F.,
  .F.,(7,5,5,5,5,5,5,5,5,5,5,7),(0.,0.117645132782,0.170026974367,
    0.286935516629,0.412828810259,0.500859963814,0.556733184286,
    0.589243802223,0.71402130887,0.831088985961,0.880767803387,1.),
  .UNSPECIFIED.);
#7633 = CARTESIAN_POINT('',(264.,-1.652654198212E-16,8.792304845413));
#7634 = CARTESIAN_POINT('',(264.,0.116748357004,8.792304845413));
#7635 = CARTESIAN_POINT('',(263.99182163225,0.232634170901,
    8.802527534429));
#7636 = CARTESIAN_POINT('',(263.97569321133,0.345914332631,
    8.822689338341));
#7637 = CARTESIAN_POINT('',(263.95239608085,0.454895063799,
    8.851983928723));
#7638 = CARTESIAN_POINT('',(263.92325654321,0.558035467597,
    8.889087958488));
#7639 = CARTESIAN_POINT('',(263.87524565188,0.696777978274,
    8.951230938069));
#7640 = CARTESIAN_POINT('',(263.85958647873,0.738276427743,
    8.971620825458));
#7641 = CARTESIAN_POINT('',(263.84315778831,0.778523034989,
    8.993162081336));
#7642 = CARTESIAN_POINT('',(263.82605472183,0.817515647714,
    9.015767618842));
#7643 = CARTESIAN_POINT('',(263.80836908188,0.855256516364,
    9.039356799112));
#7644 = CARTESIAN_POINT('',(263.74961481378,0.973205485692,
    9.118532763864));
#7645 = CARTESIAN_POINT('',(263.70657303065,1.048468315227,
    9.177748427889));
#7646 = CARTESIAN_POINT('',(263.66195664194,1.11778834811,9.240800498774
    ));
#7647 = CARTESIAN_POINT('',(263.61652586913,1.181448391118,
    9.307236415705));
#7648 = CARTESIAN_POINT('',(263.57098566174,1.23968565028,9.376797736111
    ));
#7649 = CARTESIAN_POINT('',(263.4778280552,1.349670131972,9.527576775829
    ));
#7650 = CARTESIAN_POINT('',(263.43032195431,1.400571706013,
    9.609274848597));
#7651 = CARTESIAN_POINT('',(263.38456327948,1.44557809735,9.694459179853
    ));
#7652 = CARTESIAN_POINT('',(263.3417637479,1.484580367405,9.783091244013
    ));
#7653 = CARTESIAN_POINT('',(263.30356338249,1.517369170317,9.8751777634)
  );
#7654 = CARTESIAN_POINT('',(263.24970559949,1.561749220658,
    10.037698587321));
#7655 = CARTESIAN_POINT('',(263.23061939721,1.576835619885,
    10.106629177088));
#7656 = CARTESIAN_POINT('',(263.21555434999,1.58833453563,
    10.176951478749));
#7657 = CARTESIAN_POINT('',(263.2052156647,1.596088168688,10.24820941947
    ));
#7658 = CARTESIAN_POINT('',(263.2,1.6,10.320084247258));
#7659 = CARTESIAN_POINT('',(263.2,1.6,10.438143133797));
#7660 = CARTESIAN_POINT('',(263.20210076682,1.598424105574,
    10.483932945357));
#7661 = CARTESIAN_POINT('',(263.20629582088,1.595278720645,
    10.529567050091));
#7662 = CARTESIAN_POINT('',(263.21251277738,1.590582735305,
    10.574920033451));
#7663 = CARTESIAN_POINT('',(263.22061698954,1.584376417593,
    10.619848289351));
#7664 = CARTESIAN_POINT('',(263.23611641352,1.572281307441,
    10.689990867854));
#7665 = CARTESIAN_POINT('',(263.24239423488,1.567342732171,
    10.715606220795));
#7666 = CARTESIAN_POINT('',(263.24921722045,1.561922976002,
    10.741028260399));
#7667 = CARTESIAN_POINT('',(263.25655178057,1.556031380374,
    10.766246980779));
#7668 = CARTESIAN_POINT('',(263.2643621714,1.549678231624,
    10.791250181768));
#7669 = CARTESIAN_POINT('',(263.30426800605,1.516762673428,
    10.911104682296));
#7670 = CARTESIAN_POINT('',(263.3423344105,1.484055035478,
    11.002666802646));
#7671 = CARTESIAN_POINT('',(263.38493521268,1.445200345292,
    11.090808604044));
#7672 = CARTESIAN_POINT('',(263.43045896981,1.400404370048,
    11.175537414874));
#7673 = CARTESIAN_POINT('',(263.47771329693,1.349772659949,
    11.256816559437));
#7674 = CARTESIAN_POINT('',(263.57084050675,1.239887702184,
    11.407605512362));
#7675 = CARTESIAN_POINT('',(263.61661603849,1.181363685723,
    11.477527273532));
#7676 = CARTESIAN_POINT('',(263.66228120421,1.117361626997,
    11.544292835584));
#7677 = CARTESIAN_POINT('',(263.70712058854,1.047640398269,
    11.607639375917));
#7678 = CARTESIAN_POINT('',(263.75036166894,0.971912911616,
    11.66710578431));
#7679 = CARTESIAN_POINT('',(263.80838260151,0.855138333739,
    11.745261240272));
#7680 = CARTESIAN_POINT('',(263.82521817497,0.819219593522,
    11.767719490076));
#7681 = CARTESIAN_POINT('',(263.84152693424,0.78216689303,
    11.789287228266));
#7682 = CARTESIAN_POINT('',(263.85722989591,0.743977893487,
    11.809895208191));
#7683 = CARTESIAN_POINT('',(263.87224529241,0.704653811416,
    11.829468826886));
#7684 = CARTESIAN_POINT('',(263.92067331309,0.567106404681,
    11.892231568362));
#7685 = CARTESIAN_POINT('',(263.95074434333,0.462555432746,
    11.930548533939));
#7686 = CARTESIAN_POINT('',(263.97483314024,0.35189267135,
    11.960845151694));
#7687 = CARTESIAN_POINT('',(263.99152917517,0.236723166069,
    11.981716610338));
#7688 = CARTESIAN_POINT('',(264.,0.118817370418,11.992304845413));
#7689 = CARTESIAN_POINT('',(264.,1.372099599554E-15,11.992304845413));
#7690 = PCURVE('',#6605,#7691);
#7691 = DEFINITIONAL_REPRESENTATION('',(#7692),#7750);
#7692 = B_SPLINE_CURVE_WITH_KNOTS('',6,(#7693,#7694,#7695,#7696,#7697,
    #7698,#7699,#7700,#7701,#7702,#7703,#7704,#7705,#7706,#7707,#7708,
    #7709,#7710,#7711,#7712,#7713,#7714,#7715,#7716,#7717,#7718,#7719,
    #7720,#7721,#7722,#7723,#7724,#7725,#7726,#7727,#7728,#7729,#7730,
    #7731,#7732,#7733,#7734,#7735,#7736,#7737,#7738,#7739,#7740,#7741,
    #7742,#7743,#7744,#7745,#7746,#7747,#7748,#7749),.UNSPECIFIED.,.F.,
  .F.,(7,5,5,5,5,5,5,5,5,5,5,7),(0.,0.117645132782,0.170026974367,
    0.286935516629,0.412828810259,0.500859963814,0.556733184286,
    0.589243802223,0.71402130887,0.831088985961,0.880767803387,1.),
  .UNSPECIFIED.);
#7693 = CARTESIAN_POINT('',(-3.14159265359,-9.));
#7694 = CARTESIAN_POINT('',(-3.214560376718,-9.));
#7695 = CARTESIAN_POINT('',(-3.286988958533,-8.991821632251));
#7696 = CARTESIAN_POINT('',(-3.358488646053,-8.975693211335));
#7697 = CARTESIAN_POINT('',(-3.428646918825,-8.95239608085));
#7698 = CARTESIAN_POINT('',(-3.496957372817,-8.923256543211));
#7699 = CARTESIAN_POINT('',(-3.591972244557,-8.875245651882));
#7700 = CARTESIAN_POINT('',(-3.620852330533,-8.859586478738));
#7701 = CARTESIAN_POINT('',(-3.649357260477,-8.843157788314));
#7702 = CARTESIAN_POINT('',(-3.677503095051,-8.826054721831));
#7703 = CARTESIAN_POINT('',(-3.705305054286,-8.808369081881));
#7704 = CARTESIAN_POINT('',(-3.794092002492,-8.74961481378));
#7705 = CARTESIAN_POINT('',(-3.853775095531,-8.706573030655));
#7706 = CARTESIAN_POINT('',(-3.912125278273,-8.661956641941));
#7707 = CARTESIAN_POINT('',(-3.969437497764,-8.616525869139));
#7708 = CARTESIAN_POINT('',(-4.026011868578,-8.570985661745));
#7709 = CARTESIAN_POINT('',(-4.142655866614,-8.477828055202));
#7710 = CARTESIAN_POINT('',(-4.202656902621,-8.430321954311));
#7711 = CARTESIAN_POINT('',(-4.262643403065,-8.384563279484));
#7712 = CARTESIAN_POINT('',(-4.322929915371,-8.341763747906));
#7713 = CARTESIAN_POINT('',(-4.383849890529,-8.303563382491));
#7714 = CARTESIAN_POINT('',(-4.48914450525,-8.249705599494));
#7715 = CARTESIAN_POINT('',(-4.533188226359,-8.230619397214));
#7716 = CARTESIAN_POINT('',(-4.577627271416,-8.215554349999));
#7717 = CARTESIAN_POINT('',(-4.622329420464,-8.205215664705));
#7718 = CARTESIAN_POINT('',(-4.667251106538,-8.2));
#7719 = CARTESIAN_POINT('',(-4.741037910624,-8.2));
#7720 = CARTESIAN_POINT('',(-4.769656586,-8.202100766826));
#7721 = CARTESIAN_POINT('',(-4.798220106959,-8.206295820885));
#7722 = CARTESIAN_POINT('',(-4.826692363488,-8.21251277738));
#7723 = CARTESIAN_POINT('',(-4.855023239915,-8.220616989549));
#7724 = CARTESIAN_POINT('',(-4.899509337677,-8.236116413524));
#7725 = CARTESIAN_POINT('',(-4.915810594327,-8.242394234883));
#7726 = CARTESIAN_POINT('',(-4.932051783786,-8.249217220458));
#7727 = CARTESIAN_POINT('',(-4.948233342598,-8.256551780576));
#7728 = CARTESIAN_POINT('',(-4.964353949727,-8.264362171407));
#7729 = CARTESIAN_POINT('',(-5.042036535222,-8.304268006055));
#7730 = CARTESIAN_POINT('',(-5.102633623295,-8.3423344105));
#7731 = CARTESIAN_POINT('',(-5.162606154694,-8.384935212685));
#7732 = CARTESIAN_POINT('',(-5.222282969217,-8.43045896981));
#7733 = CARTESIAN_POINT('',(-5.281975077996,-8.477713296936));
#7734 = CARTESIAN_POINT('',(-5.398587437084,-8.570840506757));
#7735 = CARTESIAN_POINT('',(-5.455447668961,-8.616616038498));
#7736 = CARTESIAN_POINT('',(-5.513053577227,-8.662281204218));
#7737 = CARTESIAN_POINT('',(-5.571709685371,-8.707120588545));
#7738 = CARTESIAN_POINT('',(-5.631715043334,-8.750361668945));
#7739 = CARTESIAN_POINT('',(-5.719537167662,-8.808382601519));
#7740 = CARTESIAN_POINT('',(-5.746000740359,-8.825218174971));
#7741 = CARTESIAN_POINT('',(-5.772775682045,-8.841526934241));
#7742 = CARTESIAN_POINT('',(-5.799875331919,-8.857229895914));
#7743 = CARTESIAN_POINT('',(-5.827313708513,-8.872245292414));
#7744 = CARTESIAN_POINT('',(-5.921807530271,-8.920673313099));
#7745 = CARTESIAN_POINT('',(-5.991196908036,-8.950744343335));
#7746 = CARTESIAN_POINT('',(-6.062514989857,-8.974833140243));
#7747 = CARTESIAN_POINT('',(-6.135233384121,-8.991529175179));
#7748 = CARTESIAN_POINT('',(-6.208924450668,-9.));
#7749 = CARTESIAN_POINT('',(-6.28318530718,-9.));
#7750 = ( GEOMETRIC_REPRESENTATION_CONTEXT(2) 
PARAMETRIC_REPRESENTATION_CONTEXT() REPRESENTATION_CONTEXT('2D SPACE',''
  ) );
#7751 = PCURVE('',#7480,#7752);
#7752 = DEFINITIONAL_REPRESENTATION('',(#7753),#7811);
#7753 = B_SPLINE_CURVE_WITH_KNOTS('',6,(#7754,#7755,#7756,#7757,#7758,
    #7759,#7760,#7761,#7762,#7763,#7764,#7765,#7766,#7767,#7768,#7769,
    #7770,#7771,#7772,#7773,#7774,#7775,#7776,#7777,#7778,#7779,#7780,
    #7781,#7782,#7783,#7784,#7785,#7786,#7787,#7788,#7789,#7790,#7791,
    #7792,#7793,#7794,#7795,#7796,#7797,#7798,#7799,#7800,#7801,#7802,
    #7803,#7804,#7805,#7806,#7807,#7808,#7809,#7810),.UNSPECIFIED.,.F.,
  .F.,(7,5,5,5,5,5,5,5,5,5,5,7),(0.,0.117645132782,0.170026974367,
    0.286935516629,0.412828810259,0.500859963814,0.556733184286,
    0.589243802223,0.71402130887,0.831088985961,0.880767803387,1.),
  .UNSPECIFIED.);
#7754 = CARTESIAN_POINT('',(-6.28318530718,-4.792304845413));
#7755 = CARTESIAN_POINT('',(-6.341559485682,-4.792304845413));
#7756 = CARTESIAN_POINT('',(-6.399502492935,-4.802527534429));
#7757 = CARTESIAN_POINT('',(-6.456500155734,-4.822689338341));
#7758 = CARTESIAN_POINT('',(-6.512039281721,-4.851983928723));
#7759 = CARTESIAN_POINT('',(-6.565538714554,-4.889087958488));
#7760 = CARTESIAN_POINT('',(-6.638946019973,-4.951230938069));
#7761 = CARTESIAN_POINT('',(-6.66111491636,-4.971620825458));
#7762 = CARTESIAN_POINT('',(-6.682838770336,-4.993162081336));
#7763 = CARTESIAN_POINT('',(-6.704117905544,-5.015767618842));
#7764 = CARTESIAN_POINT('',(-6.724951615058,-5.039356799112));
#7765 = CARTESIAN_POINT('',(-6.790837925065,-5.118532763864));
#7766 = CARTESIAN_POINT('',(-6.834117256787,-5.177748427889));
#7767 = CARTESIAN_POINT('',(-6.875257493894,-5.240800498774));
#7768 = CARTESIAN_POINT('',(-6.914302525517,-5.307236415705));
#7769 = CARTESIAN_POINT('',(-6.951238746393,-5.376797736111));
#7770 = CARTESIAN_POINT('',(-7.023306294342,-5.527576775829));
#7771 = CARTESIAN_POINT('',(-7.058079237672,-5.609274848597));
#7772 = CARTESIAN_POINT('',(-7.09013086661,-5.694459179853));
#7773 = CARTESIAN_POINT('',(-7.119062170163,-5.783091244013));
#7774 = CARTESIAN_POINT('',(-7.144228543793,-5.8751777634));
#7775 = CARTESIAN_POINT('',(-7.179122130802,-6.037698587321));
#7776 = CARTESIAN_POINT('',(-7.191283873474,-6.106629177088));
#7777 = CARTESIAN_POINT('',(-7.200758952129,-6.176951478749));
#7778 = CARTESIAN_POINT('',(-7.20722076165,-6.24820941947));
#7779 = CARTESIAN_POINT('',(-7.210480525181,-6.320084247258));
#7780 = CARTESIAN_POINT('',(-7.210480525181,-6.438143133797));
#7781 = CARTESIAN_POINT('',(-7.209167460915,-6.483932945357));
#7782 = CARTESIAN_POINT('',(-7.206545789885,-6.529567050091));
#7783 = CARTESIAN_POINT('',(-7.202650258829,-6.574920033451));
#7784 = CARTESIAN_POINT('',(-7.197546623742,-6.619848289351));
#7785 = CARTESIAN_POINT('',(-7.187716519049,-6.689990867854));
#7786 = CARTESIAN_POINT('',(-7.183722779133,-6.715606220795));
#7787 = CARTESIAN_POINT('',(-7.17936606271,-6.741028260399));
#7788 = CARTESIAN_POINT('',(-7.174662291935,-6.766246980779));
#7789 = CARTESIAN_POINT('',(-7.16962839857,-6.791250181768));
#7790 = CARTESIAN_POINT('',(-7.143763801094,-6.911104682296));
#7791 = CARTESIAN_POINT('',(-7.118674686924,-7.002666802646));
#7792 = CARTESIAN_POINT('',(-7.08986630972,-7.090808604044));
#7793 = CARTESIAN_POINT('',(-7.057971583559,-7.175537414874));
#7794 = CARTESIAN_POINT('',(-7.023382498994,-7.256816559437));
#7795 = CARTESIAN_POINT('',(-6.95136274276,-7.407605512362));
#7796 = CARTESIAN_POINT('',(-6.914241482059,-7.477527273532));
#7797 = CARTESIAN_POINT('',(-6.874990090545,-7.544292835584));
#7798 = CARTESIAN_POINT('',(-6.833622139132,-7.607639375917));
#7799 = CARTESIAN_POINT('',(-6.790092958085,-7.66710578431));
#7800 = CARTESIAN_POINT('',(-6.724895698451,-7.745261240272));
#7801 = CARTESIAN_POINT('',(-6.705066536191,-7.767719490076));
#7802 = CARTESIAN_POINT('',(-6.684833759125,-7.789287228266));
#7803 = CARTESIAN_POINT('',(-6.664197827001,-7.809895208191));
#7804 = CARTESIAN_POINT('',(-6.643158344834,-7.829468826886));
#7805 = CARTESIAN_POINT('',(-6.57024647631,-7.892231568362));
#7806 = CARTESIAN_POINT('',(-6.515944540506,-7.930548533939));
#7807 = CARTESIAN_POINT('',(-6.459508666329,-7.960845151694));
#7808 = CARTESIAN_POINT('',(-6.401546998369,-7.981716610338));
#7809 = CARTESIAN_POINT('',(-6.342593992389,-7.992304845413));
#7810 = CARTESIAN_POINT('',(-6.28318530718,-7.992304845413));
#7811 = ( GEOMETRIC_REPRESENTATION_CONTEXT(2) 
PARAMETRIC_REPRESENTATION_CONTEXT() REPRESENTATION_CONTEXT('2D SPACE',''
  ) );
#7812 = ORIENTED_EDGE('',*,*,#7333,.F.);
#7813 = ADVANCED_FACE('',(#7814),#7591,.F.);
#7814 = FACE_BOUND('',#7815,.F.);
#7815 = EDGE_LOOP('',(#7816,#7817));
#7816 = ORIENTED_EDGE('',*,*,#7574,.F.);
#7817 = ORIENTED_EDGE('',*,*,#7818,.T.);
#7818 = EDGE_CURVE('',#7575,#7547,#7819,.T.);
#7819 = SURFACE_CURVE('',#7820,(#7825,#7832),.PCURVE_S1.);
#7820 = CIRCLE('',#7821,10.);
#7821 = AXIS2_PLACEMENT_3D('',#7822,#7823,#7824);
#7822 = CARTESIAN_POINT('',(260.,3.,-3.330669073875E-16));
#7823 = DIRECTION('',(1.,0.,-0.));
#7824 = DIRECTION('',(0.,1.110223024625E-16,1.));
#7825 = PCURVE('',#7591,#7826);
#7826 = DEFINITIONAL_REPRESENTATION('',(#7827),#7831);
#7827 = CIRCLE('',#7828,10.);
#7828 = AXIS2_PLACEMENT_2D('',#7829,#7830);
#7829 = CARTESIAN_POINT('',(6.072654079767E-32,-5.469760530158E-16));
#7830 = DIRECTION('',(0.,-1.));
#7831 = ( GEOMETRIC_REPRESENTATION_CONTEXT(2) 
PARAMETRIC_REPRESENTATION_CONTEXT() REPRESENTATION_CONTEXT('2D SPACE',''
  ) );
#7832 = PCURVE('',#7562,#7833);
#7833 = DEFINITIONAL_REPRESENTATION('',(#7834),#7838);
#7834 = LINE('',#7835,#7836);
#7835 = CARTESIAN_POINT('',(-0.,0.));
#7836 = VECTOR('',#7837,1.);
#7837 = DIRECTION('',(-1.,0.));
#7838 = ( GEOMETRIC_REPRESENTATION_CONTEXT(2) 
PARAMETRIC_REPRESENTATION_CONTEXT() REPRESENTATION_CONTEXT('2D SPACE',''
  ) );
#7839 = ADVANCED_FACE('',(#7840),#7562,.T.);
#7840 = FACE_BOUND('',#7841,.F.);
#7841 = EDGE_LOOP('',(#7842,#7843,#7969,#7970));
#7842 = ORIENTED_EDGE('',*,*,#7607,.F.);
#7843 = ORIENTED_EDGE('',*,*,#7844,.T.);
#7844 = EDGE_CURVE('',#7608,#7357,#7845,.T.);
#7845 = SURFACE_CURVE('',#7846,(#7867,#7918),.PCURVE_S1.);
#7846 = B_SPLINE_CURVE_WITH_KNOTS('',7,(#7847,#7848,#7849,#7850,#7851,
    #7852,#7853,#7854,#7855,#7856,#7857,#7858,#7859,#7860,#7861,#7862,
    #7863,#7864,#7865,#7866),.UNSPECIFIED.,.F.,.F.,(8,6,6,8),(0.,
    8.927648892512E-02,0.509740975562,0.830022490999),.UNSPECIFIED.);
#7847 = CARTESIAN_POINT('',(263.3009938196,1.519017802911,9.889726569794
    ));
#7848 = CARTESIAN_POINT('',(263.3308249506,1.493468324785,9.885900544071
    ));
#7849 = CARTESIAN_POINT('',(263.36024084629,1.467089649516,
    9.881871613861));
#7850 = CARTESIAN_POINT('',(263.38921782762,1.439877728802,
    9.877629846858));
#7851 = CARTESIAN_POINT('',(263.4177310964,1.411828683999,9.873164771829
    ));
#7852 = CARTESIAN_POINT('',(263.44575465635,1.382938860037,
    9.868465369861));
#7853 = CARTESIAN_POINT('',(263.47326122574,1.353204884169,9.86352006781
    ));
#7854 = CARTESIAN_POINT('',(263.62719965371,1.17859601214,9.833810657347
    ));
#7855 = CARTESIAN_POINT('',(263.7437942446,1.013825509566,9.803249062915
    ));
#7856 = CARTESIAN_POINT('',(263.84340985771,0.830491882833,
    9.765668126843));
#7857 = CARTESIAN_POINT('',(263.92115137729,0.632388125396,
    9.720280195588));
#7858 = CARTESIAN_POINT('',(263.97383763353,0.424369866801,9.66682239468
    ));
#7859 = CARTESIAN_POINT('',(264.,0.211777043879,9.605992813329));
#7860 = CARTESIAN_POINT('',(264.,-0.161317482698,9.488660012866));
#7861 = CARTESIAN_POINT('',(263.98481987093,-0.31936760054,
    9.435458065025));
#7862 = CARTESIAN_POINT('',(263.95556572355,-0.472716313809,
    9.380414368576));
#7863 = CARTESIAN_POINT('',(263.91339640191,-0.620142098929,
    9.32427141272));
#7864 = CARTESIAN_POINT('',(263.85952799472,-0.76061290623,
    9.267849055677));
#7865 = CARTESIAN_POINT('',(263.79523385957,-0.893279139096,
    9.211990670945));
#7866 = CARTESIAN_POINT('',(263.72184080776,-1.01747933841,
    9.157502926702));
#7867 = PCURVE('',#7562,#7868);
#7868 = DEFINITIONAL_REPRESENTATION('',(#7869),#7917);
#7869 = B_SPLINE_CURVE_WITH_KNOTS('',3,(#7870,#7871,#7872,#7873,#7874,
    #7875,#7876,#7877,#7878,#7879,#7880,#7881,#7882,#7883,#7884,#7885,
    #7886,#7887,#7888,#7889,#7890,#7891,#7892,#7893,#7894,#7895,#7896,
    #7897,#7898,#7899,#7900,#7901,#7902,#7903,#7904,#7905,#7906,#7907,
    #7908,#7909,#7910,#7911,#7912,#7913,#7914,#7915,#7916),
  .UNSPECIFIED.,.F.,.F.,(4,1,1,1,1,1,1,1,1,1,1,1,1,1,1,1,1,1,1,1,1,1,1,1
    ,1,1,1,1,1,1,1,1,1,1,1,1,1,1,1,1,1,1,1,1,4),(0.,1.886414752271E-02,
    3.772829504542E-02,5.659244256814E-02,7.545659009085E-02,
    9.432073761356E-02,0.113184885136,0.132049032659,0.150913180182,
    0.169777327704,0.188641475227,0.20750562275,0.226369770273,
    0.245233917795,0.264098065318,0.282962212841,0.301826360363,
    0.320690507886,0.339554655409,0.358418802932,0.377282950454,
    0.396147097977,0.4150112455,0.433875393022,0.452739540545,
    0.471603688068,0.490467835591,0.509331983113,0.528196130636,
    0.547060278159,0.565924425681,0.584788573204,0.603652720727,
    0.622516868249,0.641381015772,0.660245163295,0.679109310818,
    0.69797345834,0.716837605863,0.735701753386,0.754565900908,
    0.773430048431,0.792294195954,0.811158343477,0.830022490999),
  .QUASI_UNIFORM_KNOTS.);
#7870 = CARTESIAN_POINT('',(-0.148645009,-3.300993819607));
#7871 = CARTESIAN_POINT('',(-0.149918730458,-3.31570141656));
#7872 = CARTESIAN_POINT('',(-0.152519302772,-3.344857604192));
#7873 = CARTESIAN_POINT('',(-0.156580769259,-3.387765547475));
#7874 = CARTESIAN_POINT('',(-0.160803721408,-3.429795788191));
#7875 = CARTESIAN_POINT('',(-0.165190234477,-3.470904119626));
#7876 = CARTESIAN_POINT('',(-0.169737882316,-3.511007448603));
#7877 = CARTESIAN_POINT('',(-0.174464466113,-3.550188107845));
#7878 = CARTESIAN_POINT('',(-0.179367905184,-3.588339609091));
#7879 = CARTESIAN_POINT('',(-0.184443096079,-3.625343307126));
#7880 = CARTESIAN_POINT('',(-0.18968513631,-3.661091168653));
#7881 = CARTESIAN_POINT('',(-0.195088489669,-3.695479678085));
#7882 = CARTESIAN_POINT('',(-0.200647238521,-3.728411477378));
#7883 = CARTESIAN_POINT('',(-0.206355044314,-3.759794934049));
#7884 = CARTESIAN_POINT('',(-0.212205185709,-3.789544265163));
#7885 = CARTESIAN_POINT('',(-0.218190575293,-3.817579513484));
#7886 = CARTESIAN_POINT('',(-0.224303781406,-3.843826564694));
#7887 = CARTESIAN_POINT('',(-0.230537047919,-3.868217155362));
#7888 = CARTESIAN_POINT('',(-0.236882313915,-3.89068888547));
#7889 = CARTESIAN_POINT('',(-0.24333123261,-3.911185232109));
#7890 = CARTESIAN_POINT('',(-0.24987519014,-3.929655565551));
#7891 = CARTESIAN_POINT('',(-0.256505322437,-3.946055167694));
#7892 = CARTESIAN_POINT('',(-0.263212536678,-3.960345253225));
#7893 = CARTESIAN_POINT('',(-0.269987513286,-3.972492993547));
#7894 = CARTESIAN_POINT('',(-0.2768207782,-3.982471544466));
#7895 = CARTESIAN_POINT('',(-0.283702510788,-3.990260075026));
#7896 = CARTESIAN_POINT('',(-0.29062333639,-3.995843808488));
#7897 = CARTESIAN_POINT('',(-0.297571442487,-3.999214035488));
#7898 = CARTESIAN_POINT('',(-0.304543413841,-4.000368249773));
#7899 = CARTESIAN_POINT('',(-0.311503866617,-3.999309846322));
#7900 = CARTESIAN_POINT('',(-0.318417423985,-3.99608628513));
#7901 = CARTESIAN_POINT('',(-0.325285763269,-3.990745891495));
#7902 = CARTESIAN_POINT('',(-0.332100842703,-3.98333745096));
#7903 = CARTESIAN_POINT('',(-0.338857413749,-3.973910325278));
#7904 = CARTESIAN_POINT('',(-0.345549664845,-3.962514427705));
#7905 = CARTESIAN_POINT('',(-0.352172117925,-3.949200234822));
#7906 = CARTESIAN_POINT('',(-0.358719386212,-3.934018787422));
#7907 = CARTESIAN_POINT('',(-0.365186237941,-3.91702169319));
#7908 = CARTESIAN_POINT('',(-0.371567578892,-3.898261127755));
#7909 = CARTESIAN_POINT('',(-0.377858457498,-3.877789835163));
#7910 = CARTESIAN_POINT('',(-0.384054064559,-3.855661126981));
#7911 = CARTESIAN_POINT('',(-0.390149735636,-3.831928882243));
#7912 = CARTESIAN_POINT('',(-0.396140951757,-3.806647540211));
#7913 = CARTESIAN_POINT('',(-0.402023347727,-3.779872115889));
#7914 = CARTESIAN_POINT('',(-0.407792695209,-3.751658126628));
#7915 = CARTESIAN_POINT('',(-0.411560886759,-3.731927273262));
#7916 = CARTESIAN_POINT('',(-0.41342479358,-3.721840807768));
#7917 = ( GEOMETRIC_REPRESENTATION_CONTEXT(2) 
PARAMETRIC_REPRESENTATION_CONTEXT() REPRESENTATION_CONTEXT('2D SPACE',''
  ) );
#7918 = PCURVE('',#7480,#7919);
#7919 = DEFINITIONAL_REPRESENTATION('',(#7920),#7968);
#7920 = B_SPLINE_CURVE_WITH_KNOTS('',3,(#7921,#7922,#7923,#7924,#7925,
    #7926,#7927,#7928,#7929,#7930,#7931,#7932,#7933,#7934,#7935,#7936,
    #7937,#7938,#7939,#7940,#7941,#7942,#7943,#7944,#7945,#7946,#7947,
    #7948,#7949,#7950,#7951,#7952,#7953,#7954,#7955,#7956,#7957,#7958,
    #7959,#7960,#7961,#7962,#7963,#7964,#7965,#7966,#7967),
  .UNSPECIFIED.,.F.,.F.,(4,1,1,1,1,1,1,1,1,1,1,1,1,1,1,1,1,1,1,1,1,1,1,1
    ,1,1,1,1,1,1,1,1,1,1,1,1,1,1,1,1,1,1,1,1,4),(0.,1.886414752271E-02,
    3.772829504542E-02,5.659244256814E-02,7.545659009085E-02,
    9.432073761356E-02,0.113184885136,0.132049032659,0.150913180182,
    0.169777327704,0.188641475227,0.20750562275,0.226369770273,
    0.245233917795,0.264098065318,0.282962212841,0.301826360363,
    0.320690507886,0.339554655409,0.358418802932,0.377282950454,
    0.396147097977,0.4150112455,0.433875393022,0.452739540545,
    0.471603688068,0.490467835591,0.509331983113,0.528196130636,
    0.547060278159,0.565924425681,0.584788573204,0.603652720727,
    0.622516868249,0.641381015772,0.660245163295,0.679109310818,
    0.69797345834,0.716837605863,0.735701753386,0.754565900908,
    0.773430048431,0.792294195954,0.811158343477,0.830022490999),
  .QUASI_UNIFORM_KNOTS.);
#7921 = CARTESIAN_POINT('',(-7.1457431294,-5.889726569794));
#7922 = CARTESIAN_POINT('',(-7.1360606898,-5.887840132979));
#7923 = CARTESIAN_POINT('',(-7.116625951731,-5.883940735033));
#7924 = CARTESIAN_POINT('',(-7.087253957437,-5.877690785138));
#7925 = CARTESIAN_POINT('',(-7.05765410285,-5.871019654546));
#7926 = CARTESIAN_POINT('',(-7.027810233712,-5.86390368246));
#7927 = CARTESIAN_POINT('',(-6.997734671984,-5.856326076067));
#7928 = CARTESIAN_POINT('',(-6.967309082559,-5.848234442641));
#7929 = CARTESIAN_POINT('',(-6.93654952615,-5.839607417466));
#7930 = CARTESIAN_POINT('',(-6.905485593098,-5.830428988241));
#7931 = CARTESIAN_POINT('',(-6.874141235038,-5.820682892878));
#7932 = CARTESIAN_POINT('',(-6.842540060488,-5.810354330141));
#7933 = CARTESIAN_POINT('',(-6.810704069216,-5.799429711204));
#7934 = CARTESIAN_POINT('',(-6.778654138367,-5.7878969352));
#7935 = CARTESIAN_POINT('',(-6.746410032821,-5.775745522039));
#7936 = CARTESIAN_POINT('',(-6.71399053674,-5.762966779794));
#7937 = CARTESIAN_POINT('',(-6.681413546508,-5.749553957776));
#7938 = CARTESIAN_POINT('',(-6.648696168263,-5.735502397062));
#7939 = CARTESIAN_POINT('',(-6.615854808741,-5.720809673864));
#7940 = CARTESIAN_POINT('',(-6.582905263578,-5.705475735964));
#7941 = CARTESIAN_POINT('',(-6.5498628006,-5.689503029504));
#7942 = CARTESIAN_POINT('',(-6.516742247176,-5.672896620298));
#7943 = CARTESIAN_POINT('',(-6.483558051597,-5.65566428927));
#7944 = CARTESIAN_POINT('',(-6.450324433786,-5.637816672983));
#7945 = CARTESIAN_POINT('',(-6.417055198647,-5.619367179361));
#7946 = CARTESIAN_POINT('',(-6.383764808279,-5.600332680802));
#7947 = CARTESIAN_POINT('',(-6.350464759725,-5.580731239311));
#7948 = CARTESIAN_POINT('',(-6.317177490243,-5.560590836526));
#7949 = CARTESIAN_POINT('',(-6.283884880352,-5.539916956065));
#7950 = CARTESIAN_POINT('',(-6.250720856312,-5.518813649169));
#7951 = CARTESIAN_POINT('',(-6.217818449113,-5.497395699045));
#7952 = CARTESIAN_POINT('',(-6.185135247271,-5.475668358755));
#7953 = CARTESIAN_POINT('',(-6.152676347744,-5.453667491402));
#7954 = CARTESIAN_POINT('',(-6.120434664292,-5.431421974653));
#7955 = CARTESIAN_POINT('',(-6.088406896824,-5.408963676943));
#7956 = CARTESIAN_POINT('',(-6.056589231216,-5.386324682995));
#7957 = CARTESIAN_POINT('',(-6.024978473763,-5.363537932153));
#7958 = CARTESIAN_POINT('',(-5.993571732553,-5.340636938687));
#7959 = CARTESIAN_POINT('',(-5.962366490995,-5.317655754706));
#7960 = CARTESIAN_POINT('',(-5.93136057888,-5.294628864786));
#7961 = CARTESIAN_POINT('',(-5.900552172937,-5.271591096016));
#7962 = CARTESIAN_POINT('',(-5.869939792521,-5.248577520328));
#7963 = CARTESIAN_POINT('',(-5.839522294798,-5.225623358747));
#7964 = CARTESIAN_POINT('',(-5.809298885461,-5.202763872931));
#7965 = CARTESIAN_POINT('',(-5.779269075628,-5.180034293642));
#7966 = CARTESIAN_POINT('',(-5.759378255586,-5.164991166583));
#7967 = CARTESIAN_POINT('',(-5.749465083231,-5.157502926702));
#7968 = ( GEOMETRIC_REPRESENTATION_CONTEXT(2) 
PARAMETRIC_REPRESENTATION_CONTEXT() REPRESENTATION_CONTEXT('2D SPACE',''
  ) );
#7969 = ORIENTED_EDGE('',*,*,#7546,.T.);
#7970 = ORIENTED_EDGE('',*,*,#7818,.F.);
#7971 = ADVANCED_FACE('',(#7972),#7480,.F.);
#7972 = FACE_BOUND('',#7973,.T.);
#7973 = EDGE_LOOP('',(#7974,#7975,#7976));
#7974 = ORIENTED_EDGE('',*,*,#7356,.F.);
#7975 = ORIENTED_EDGE('',*,*,#7630,.F.);
#7976 = ORIENTED_EDGE('',*,*,#7844,.T.);
#7977 = ( GEOMETRIC_REPRESENTATION_CONTEXT(3) 
GLOBAL_UNCERTAINTY_ASSIGNED_CONTEXT((#7981)) 
GLOBAL_UNIT_ASSIGNED_CONTEXT((#7978,#7979,#7980)) REPRESENTATION_CONTEXT
('Context #1','3D Context with UNIT and UNCERTAINTY') );
#7978 = ( LENGTH_UNIT() NAMED_UNIT(*) SI_UNIT(.MILLI.,.METRE.) );
#7979 = ( NAMED_UNIT(*) PLANE_ANGLE_UNIT() SI_UNIT($,.RADIAN.) );
#7980 = ( NAMED_UNIT(*) SI_UNIT($,.STERADIAN.) SOLID_ANGLE_UNIT() );
#7981 = UNCERTAINTY_MEASURE_WITH_UNIT(LENGTH_MEASURE(1.E-07),#7978,
  'distance_accuracy_value','confusion accuracy');
#7982 = CONTEXT_DEPENDENT_SHAPE_REPRESENTATION(#7983,#7985);
#7983 = ( REPRESENTATION_RELATIONSHIP('','',#44,#10) 
REPRESENTATION_RELATIONSHIP_WITH_TRANSFORMATION(#7984) 
SHAPE_REPRESENTATION_RELATIONSHIP() );
#7984 = ITEM_DEFINED_TRANSFORMATION('','',#11,#15);
#7985 = PRODUCT_DEFINITION_SHAPE('Placement','Placement of an item',
  #7986);
#7986 = NEXT_ASSEMBLY_USAGE_OCCURRENCE('12','','',#5,#39,$);
#7987 = PRODUCT_RELATED_PRODUCT_CATEGORY('part',$,(#41));
#7988 = SHAPE_DEFINITION_REPRESENTATION(#7989,#7995);
#7989 = PRODUCT_DEFINITION_SHAPE('','',#7990);
#7990 = PRODUCT_DEFINITION('design','',#7991,#7994);
#7991 = PRODUCT_DEFINITION_FORMATION('','',#7992);
#7992 = PRODUCT('Open CASCADE STEP translator 7.9 19.2',
  'Open CASCADE STEP translator 7.9 19.2','',(#7993));
#7993 = PRODUCT_CONTEXT('',#2,'mechanical');
#7994 = PRODUCT_DEFINITION_CONTEXT('part definition',#2,'design');
#7995 = ADVANCED_BREP_SHAPE_REPRESENTATION('',(#11,#7996),#8950);
#7996 = MANIFOLD_SOLID_BREP('',#7997);
#7997 = CLOSED_SHELL('',(#7998,#8342,#8418,#8673,#8700,#8727,#8754,#8781
    ,#8808,#8835,#8862,#8889,#8916,#8943));
#7998 = ADVANCED_FACE('',(#7999),#8013,.F.);
#7999 = FACE_BOUND('',#8000,.F.);
#8000 = EDGE_LOOP('',(#8001,#8036,#8064,#8092,#8120,#8148,#8176,#8204,
    #8232,#8260,#8288,#8316));
#8001 = ORIENTED_EDGE('',*,*,#8002,.F.);
#8002 = EDGE_CURVE('',#8003,#8005,#8007,.T.);
#8003 = VERTEX_POINT('',#8004);
#8004 = CARTESIAN_POINT('',(251.875,-10.5,3.));
#8005 = VERTEX_POINT('',#8006);
#8006 = CARTESIAN_POINT('',(251.875,-9.29422863406,3.));
#8007 = SURFACE_CURVE('',#8008,(#8012,#8024),.PCURVE_S1.);
#8008 = LINE('',#8009,#8010);
#8009 = CARTESIAN_POINT('',(251.875,-10.5,3.));
#8010 = VECTOR('',#8011,1.);
#8011 = DIRECTION('',(0.,1.,0.));
#8012 = PCURVE('',#8013,#8018);
#8013 = PLANE('',#8014);
#8014 = AXIS2_PLACEMENT_3D('',#8015,#8016,#8017);
#8015 = CARTESIAN_POINT('',(251.875,-9.29422863406,1.5));
#8016 = DIRECTION('',(1.,0.,0.));
#8017 = DIRECTION('',(0.,0.,1.));
#8018 = DEFINITIONAL_REPRESENTATION('',(#8019),#8023);
#8019 = LINE('',#8020,#8021);
#8020 = CARTESIAN_POINT('',(1.5,1.20577136594));
#8021 = VECTOR('',#8022,1.);
#8022 = DIRECTION('',(0.,-1.));
#8023 = ( GEOMETRIC_REPRESENTATION_CONTEXT(2) 
PARAMETRIC_REPRESENTATION_CONTEXT() REPRESENTATION_CONTEXT('2D SPACE',''
  ) );
#8024 = PCURVE('',#8025,#8030);
#8025 = PLANE('',#8026);
#8026 = AXIS2_PLACEMENT_3D('',#8027,#8028,#8029);
#8027 = CARTESIAN_POINT('',(251.875,-10.5,3.));
#8028 = DIRECTION('',(0.,0.,1.));
#8029 = DIRECTION('',(1.,0.,0.));
#8030 = DEFINITIONAL_REPRESENTATION('',(#8031),#8035);
#8031 = LINE('',#8032,#8033);
#8032 = CARTESIAN_POINT('',(0.,0.));
#8033 = VECTOR('',#8034,1.);
#8034 = DIRECTION('',(0.,1.));
#8035 = ( GEOMETRIC_REPRESENTATION_CONTEXT(2) 
PARAMETRIC_REPRESENTATION_CONTEXT() REPRESENTATION_CONTEXT('2D SPACE',''
  ) );
#8036 = ORIENTED_EDGE('',*,*,#8037,.F.);
#8037 = EDGE_CURVE('',#8038,#8003,#8040,.T.);
#8038 = VERTEX_POINT('',#8039);
#8039 = CARTESIAN_POINT('',(251.875,-10.5,-3.));
#8040 = SURFACE_CURVE('',#8041,(#8045,#8052),.PCURVE_S1.);
#8041 = LINE('',#8042,#8043);
#8042 = CARTESIAN_POINT('',(251.875,-10.5,-3.));
#8043 = VECTOR('',#8044,1.);
#8044 = DIRECTION('',(0.,0.,1.));
#8045 = PCURVE('',#8013,#8046);
#8046 = DEFINITIONAL_REPRESENTATION('',(#8047),#8051);
#8047 = LINE('',#8048,#8049);
#8048 = CARTESIAN_POINT('',(-4.5,1.20577136594));
#8049 = VECTOR('',#8050,1.);
#8050 = DIRECTION('',(1.,0.));
#8051 = ( GEOMETRIC_REPRESENTATION_CONTEXT(2) 
PARAMETRIC_REPRESENTATION_CONTEXT() REPRESENTATION_CONTEXT('2D SPACE',''
  ) );
#8052 = PCURVE('',#8053,#8058);
#8053 = PLANE('',#8054);
#8054 = AXIS2_PLACEMENT_3D('',#8055,#8056,#8057);
#8055 = CARTESIAN_POINT('',(251.875,-10.5,-3.));
#8056 = DIRECTION('',(0.,1.,0.));
#8057 = DIRECTION('',(0.,0.,1.));
#8058 = DEFINITIONAL_REPRESENTATION('',(#8059),#8063);
#8059 = LINE('',#8060,#8061);
#8060 = CARTESIAN_POINT('',(0.,0.));
#8061 = VECTOR('',#8062,1.);
#8062 = DIRECTION('',(1.,0.));
#8063 = ( GEOMETRIC_REPRESENTATION_CONTEXT(2) 
PARAMETRIC_REPRESENTATION_CONTEXT() REPRESENTATION_CONTEXT('2D SPACE',''
  ) );
#8064 = ORIENTED_EDGE('',*,*,#8065,.T.);
#8065 = EDGE_CURVE('',#8038,#8066,#8068,.T.);
#8066 = VERTEX_POINT('',#8067);
#8067 = CARTESIAN_POINT('',(251.875,-9.29422863406,-3.));
#8068 = SURFACE_CURVE('',#8069,(#8073,#8080),.PCURVE_S1.);
#8069 = LINE('',#8070,#8071);
#8070 = CARTESIAN_POINT('',(251.875,-10.5,-3.));
#8071 = VECTOR('',#8072,1.);
#8072 = DIRECTION('',(0.,1.,0.));
#8073 = PCURVE('',#8013,#8074);
#8074 = DEFINITIONAL_REPRESENTATION('',(#8075),#8079);
#8075 = LINE('',#8076,#8077);
#8076 = CARTESIAN_POINT('',(-4.5,1.20577136594));
#8077 = VECTOR('',#8078,1.);
#8078 = DIRECTION('',(0.,-1.));
#8079 = ( GEOMETRIC_REPRESENTATION_CONTEXT(2) 
PARAMETRIC_REPRESENTATION_CONTEXT() REPRESENTATION_CONTEXT('2D SPACE',''
  ) );
#8080 = PCURVE('',#8081,#8086);
#8081 = PLANE('',#8082);
#8082 = AXIS2_PLACEMENT_3D('',#8083,#8084,#8085);
#8083 = CARTESIAN_POINT('',(251.875,-10.5,-3.));
#8084 = DIRECTION('',(0.,0.,1.));
#8085 = DIRECTION('',(1.,0.,0.));
#8086 = DEFINITIONAL_REPRESENTATION('',(#8087),#8091);
#8087 = LINE('',#8088,#8089);
#8088 = CARTESIAN_POINT('',(0.,0.));
#8089 = VECTOR('',#8090,1.);
#8090 = DIRECTION('',(0.,1.));
#8091 = ( GEOMETRIC_REPRESENTATION_CONTEXT(2) 
PARAMETRIC_REPRESENTATION_CONTEXT() REPRESENTATION_CONTEXT('2D SPACE',''
  ) );
#8092 = ORIENTED_EDGE('',*,*,#8093,.F.);
#8093 = EDGE_CURVE('',#8094,#8066,#8096,.T.);
#8094 = VERTEX_POINT('',#8095);
#8095 = CARTESIAN_POINT('',(251.875,-9.29422863406,-7.5));
#8096 = SURFACE_CURVE('',#8097,(#8101,#8108),.PCURVE_S1.);
#8097 = LINE('',#8098,#8099);
#8098 = CARTESIAN_POINT('',(251.875,-9.29422863406,-7.5));
#8099 = VECTOR('',#8100,1.);
#8100 = DIRECTION('',(0.,0.,1.));
#8101 = PCURVE('',#8013,#8102);
#8102 = DEFINITIONAL_REPRESENTATION('',(#8103),#8107);
#8103 = LINE('',#8104,#8105);
#8104 = CARTESIAN_POINT('',(-9.,1.7763568394E-15));
#8105 = VECTOR('',#8106,1.);
#8106 = DIRECTION('',(1.,0.));
#8107 = ( GEOMETRIC_REPRESENTATION_CONTEXT(2) 
PARAMETRIC_REPRESENTATION_CONTEXT() REPRESENTATION_CONTEXT('2D SPACE',''
  ) );
#8108 = PCURVE('',#8109,#8114);
#8109 = PLANE('',#8110);
#8110 = AXIS2_PLACEMENT_3D('',#8111,#8112,#8113);
#8111 = CARTESIAN_POINT('',(251.875,-9.29422863406,-7.5));
#8112 = DIRECTION('',(0.,1.,0.));
#8113 = DIRECTION('',(0.,0.,1.));
#8114 = DEFINITIONAL_REPRESENTATION('',(#8115),#8119);
#8115 = LINE('',#8116,#8117);
#8116 = CARTESIAN_POINT('',(0.,0.));
#8117 = VECTOR('',#8118,1.);
#8118 = DIRECTION('',(1.,0.));
#8119 = ( GEOMETRIC_REPRESENTATION_CONTEXT(2) 
PARAMETRIC_REPRESENTATION_CONTEXT() REPRESENTATION_CONTEXT('2D SPACE',''
  ) );
#8120 = ORIENTED_EDGE('',*,*,#8121,.T.);
#8121 = EDGE_CURVE('',#8094,#8122,#8124,.T.);
#8122 = VERTEX_POINT('',#8123);
#8123 = CARTESIAN_POINT('',(251.875,-6.29422863406,-7.5));
#8124 = SURFACE_CURVE('',#8125,(#8129,#8136),.PCURVE_S1.);
#8125 = LINE('',#8126,#8127);
#8126 = CARTESIAN_POINT('',(251.875,-9.29422863406,-7.5));
#8127 = VECTOR('',#8128,1.);
#8128 = DIRECTION('',(0.,1.,0.));
#8129 = PCURVE('',#8013,#8130);
#8130 = DEFINITIONAL_REPRESENTATION('',(#8131),#8135);
#8131 = LINE('',#8132,#8133);
#8132 = CARTESIAN_POINT('',(-9.,1.7763568394E-15));
#8133 = VECTOR('',#8134,1.);
#8134 = DIRECTION('',(0.,-1.));
#8135 = ( GEOMETRIC_REPRESENTATION_CONTEXT(2) 
PARAMETRIC_REPRESENTATION_CONTEXT() REPRESENTATION_CONTEXT('2D SPACE',''
  ) );
#8136 = PCURVE('',#8137,#8142);
#8137 = PLANE('',#8138);
#8138 = AXIS2_PLACEMENT_3D('',#8139,#8140,#8141);
#8139 = CARTESIAN_POINT('',(251.875,-9.29422863406,-7.5));
#8140 = DIRECTION('',(0.,0.,1.));
#8141 = DIRECTION('',(1.,0.,0.));
#8142 = DEFINITIONAL_REPRESENTATION('',(#8143),#8147);
#8143 = LINE('',#8144,#8145);
#8144 = CARTESIAN_POINT('',(0.,0.));
#8145 = VECTOR('',#8146,1.);
#8146 = DIRECTION('',(0.,1.));
#8147 = ( GEOMETRIC_REPRESENTATION_CONTEXT(2) 
PARAMETRIC_REPRESENTATION_CONTEXT() REPRESENTATION_CONTEXT('2D SPACE',''
  ) );
#8148 = ORIENTED_EDGE('',*,*,#8149,.T.);
#8149 = EDGE_CURVE('',#8122,#8150,#8152,.T.);
#8150 = VERTEX_POINT('',#8151);
#8151 = CARTESIAN_POINT('',(251.875,-6.29422863406,-1.5));
#8152 = SURFACE_CURVE('',#8153,(#8157,#8164),.PCURVE_S1.);
#8153 = LINE('',#8154,#8155);
#8154 = CARTESIAN_POINT('',(251.875,-6.29422863406,-7.5));
#8155 = VECTOR('',#8156,1.);
#8156 = DIRECTION('',(0.,0.,1.));
#8157 = PCURVE('',#8013,#8158);
#8158 = DEFINITIONAL_REPRESENTATION('',(#8159),#8163);
#8159 = LINE('',#8160,#8161);
#8160 = CARTESIAN_POINT('',(-9.,-3.));
#8161 = VECTOR('',#8162,1.);
#8162 = DIRECTION('',(1.,0.));
#8163 = ( GEOMETRIC_REPRESENTATION_CONTEXT(2) 
PARAMETRIC_REPRESENTATION_CONTEXT() REPRESENTATION_CONTEXT('2D SPACE',''
  ) );
#8164 = PCURVE('',#8165,#8170);
#8165 = PLANE('',#8166);
#8166 = AXIS2_PLACEMENT_3D('',#8167,#8168,#8169);
#8167 = CARTESIAN_POINT('',(251.875,-6.29422863406,-7.5));
#8168 = DIRECTION('',(0.,1.,0.));
#8169 = DIRECTION('',(0.,0.,1.));
#8170 = DEFINITIONAL_REPRESENTATION('',(#8171),#8175);
#8171 = LINE('',#8172,#8173);
#8172 = CARTESIAN_POINT('',(0.,0.));
#8173 = VECTOR('',#8174,1.);
#8174 = DIRECTION('',(1.,0.));
#8175 = ( GEOMETRIC_REPRESENTATION_CONTEXT(2) 
PARAMETRIC_REPRESENTATION_CONTEXT() REPRESENTATION_CONTEXT('2D SPACE',''
  ) );
#8176 = ORIENTED_EDGE('',*,*,#8177,.F.);
#8177 = EDGE_CURVE('',#8178,#8150,#8180,.T.);
#8178 = VERTEX_POINT('',#8179);
#8179 = CARTESIAN_POINT('',(251.875,-7.5,-1.5));
#8180 = SURFACE_CURVE('',#8181,(#8185,#8192),.PCURVE_S1.);
#8181 = LINE('',#8182,#8183);
#8182 = CARTESIAN_POINT('',(251.875,-9.29422863406,-1.5));
#8183 = VECTOR('',#8184,1.);
#8184 = DIRECTION('',(0.,1.,0.));
#8185 = PCURVE('',#8013,#8186);
#8186 = DEFINITIONAL_REPRESENTATION('',(#8187),#8191);
#8187 = LINE('',#8188,#8189);
#8188 = CARTESIAN_POINT('',(-3.,1.7763568394E-15));
#8189 = VECTOR('',#8190,1.);
#8190 = DIRECTION('',(0.,-1.));
#8191 = ( GEOMETRIC_REPRESENTATION_CONTEXT(2) 
PARAMETRIC_REPRESENTATION_CONTEXT() REPRESENTATION_CONTEXT('2D SPACE',''
  ) );
#8192 = PCURVE('',#8193,#8198);
#8193 = PLANE('',#8194);
#8194 = AXIS2_PLACEMENT_3D('',#8195,#8196,#8197);
#8195 = CARTESIAN_POINT('',(251.875,-9.29422863406,-1.5));
#8196 = DIRECTION('',(0.,0.,1.));
#8197 = DIRECTION('',(1.,0.,0.));
#8198 = DEFINITIONAL_REPRESENTATION('',(#8199),#8203);
#8199 = LINE('',#8200,#8201);
#8200 = CARTESIAN_POINT('',(0.,0.));
#8201 = VECTOR('',#8202,1.);
#8202 = DIRECTION('',(0.,1.));
#8203 = ( GEOMETRIC_REPRESENTATION_CONTEXT(2) 
PARAMETRIC_REPRESENTATION_CONTEXT() REPRESENTATION_CONTEXT('2D SPACE',''
  ) );
#8204 = ORIENTED_EDGE('',*,*,#8205,.T.);
#8205 = EDGE_CURVE('',#8178,#8206,#8208,.T.);
#8206 = VERTEX_POINT('',#8207);
#8207 = CARTESIAN_POINT('',(251.875,-7.5,1.5));
#8208 = SURFACE_CURVE('',#8209,(#8213,#8220),.PCURVE_S1.);
#8209 = LINE('',#8210,#8211);
#8210 = CARTESIAN_POINT('',(251.875,-7.5,-3.));
#8211 = VECTOR('',#8212,1.);
#8212 = DIRECTION('',(0.,0.,1.));
#8213 = PCURVE('',#8013,#8214);
#8214 = DEFINITIONAL_REPRESENTATION('',(#8215),#8219);
#8215 = LINE('',#8216,#8217);
#8216 = CARTESIAN_POINT('',(-4.5,-1.79422863406));
#8217 = VECTOR('',#8218,1.);
#8218 = DIRECTION('',(1.,0.));
#8219 = ( GEOMETRIC_REPRESENTATION_CONTEXT(2) 
PARAMETRIC_REPRESENTATION_CONTEXT() REPRESENTATION_CONTEXT('2D SPACE',''
  ) );
#8220 = PCURVE('',#8221,#8226);
#8221 = PLANE('',#8222);
#8222 = AXIS2_PLACEMENT_3D('',#8223,#8224,#8225);
#8223 = CARTESIAN_POINT('',(251.875,-7.5,-3.));
#8224 = DIRECTION('',(0.,1.,0.));
#8225 = DIRECTION('',(0.,0.,1.));
#8226 = DEFINITIONAL_REPRESENTATION('',(#8227),#8231);
#8227 = LINE('',#8228,#8229);
#8228 = CARTESIAN_POINT('',(0.,0.));
#8229 = VECTOR('',#8230,1.);
#8230 = DIRECTION('',(1.,0.));
#8231 = ( GEOMETRIC_REPRESENTATION_CONTEXT(2) 
PARAMETRIC_REPRESENTATION_CONTEXT() REPRESENTATION_CONTEXT('2D SPACE',''
  ) );
#8232 = ORIENTED_EDGE('',*,*,#8233,.T.);
#8233 = EDGE_CURVE('',#8206,#8234,#8236,.T.);
#8234 = VERTEX_POINT('',#8235);
#8235 = CARTESIAN_POINT('',(251.875,-6.29422863406,1.5));
#8236 = SURFACE_CURVE('',#8237,(#8241,#8248),.PCURVE_S1.);
#8237 = LINE('',#8238,#8239);
#8238 = CARTESIAN_POINT('',(251.875,-9.29422863406,1.5));
#8239 = VECTOR('',#8240,1.);
#8240 = DIRECTION('',(0.,1.,0.));
#8241 = PCURVE('',#8013,#8242);
#8242 = DEFINITIONAL_REPRESENTATION('',(#8243),#8247);
#8243 = LINE('',#8244,#8245);
#8244 = CARTESIAN_POINT('',(0.,0.));
#8245 = VECTOR('',#8246,1.);
#8246 = DIRECTION('',(0.,-1.));
#8247 = ( GEOMETRIC_REPRESENTATION_CONTEXT(2) 
PARAMETRIC_REPRESENTATION_CONTEXT() REPRESENTATION_CONTEXT('2D SPACE',''
  ) );
#8248 = PCURVE('',#8249,#8254);
#8249 = PLANE('',#8250);
#8250 = AXIS2_PLACEMENT_3D('',#8251,#8252,#8253);
#8251 = CARTESIAN_POINT('',(251.875,-9.29422863406,1.5));
#8252 = DIRECTION('',(0.,0.,1.));
#8253 = DIRECTION('',(1.,0.,0.));
#8254 = DEFINITIONAL_REPRESENTATION('',(#8255),#8259);
#8255 = LINE('',#8256,#8257);
#8256 = CARTESIAN_POINT('',(0.,0.));
#8257 = VECTOR('',#8258,1.);
#8258 = DIRECTION('',(0.,1.));
#8259 = ( GEOMETRIC_REPRESENTATION_CONTEXT(2) 
PARAMETRIC_REPRESENTATION_CONTEXT() REPRESENTATION_CONTEXT('2D SPACE',''
  ) );
#8260 = ORIENTED_EDGE('',*,*,#8261,.T.);
#8261 = EDGE_CURVE('',#8234,#8262,#8264,.T.);
#8262 = VERTEX_POINT('',#8263);
#8263 = CARTESIAN_POINT('',(251.875,-6.29422863406,7.5));
#8264 = SURFACE_CURVE('',#8265,(#8269,#8276),.PCURVE_S1.);
#8265 = LINE('',#8266,#8267);
#8266 = CARTESIAN_POINT('',(251.875,-6.29422863406,1.5));
#8267 = VECTOR('',#8268,1.);
#8268 = DIRECTION('',(0.,0.,1.));
#8269 = PCURVE('',#8013,#8270);
#8270 = DEFINITIONAL_REPRESENTATION('',(#8271),#8275);
#8271 = LINE('',#8272,#8273);
#8272 = CARTESIAN_POINT('',(0.,-3.));
#8273 = VECTOR('',#8274,1.);
#8274 = DIRECTION('',(1.,0.));
#8275 = ( GEOMETRIC_REPRESENTATION_CONTEXT(2) 
PARAMETRIC_REPRESENTATION_CONTEXT() REPRESENTATION_CONTEXT('2D SPACE',''
  ) );
#8276 = PCURVE('',#8277,#8282);
#8277 = PLANE('',#8278);
#8278 = AXIS2_PLACEMENT_3D('',#8279,#8280,#8281);
#8279 = CARTESIAN_POINT('',(251.875,-6.29422863406,1.5));
#8280 = DIRECTION('',(0.,1.,0.));
#8281 = DIRECTION('',(0.,0.,1.));
#8282 = DEFINITIONAL_REPRESENTATION('',(#8283),#8287);
#8283 = LINE('',#8284,#8285);
#8284 = CARTESIAN_POINT('',(0.,0.));
#8285 = VECTOR('',#8286,1.);
#8286 = DIRECTION('',(1.,0.));
#8287 = ( GEOMETRIC_REPRESENTATION_CONTEXT(2) 
PARAMETRIC_REPRESENTATION_CONTEXT() REPRESENTATION_CONTEXT('2D SPACE',''
  ) );
#8288 = ORIENTED_EDGE('',*,*,#8289,.F.);
#8289 = EDGE_CURVE('',#8290,#8262,#8292,.T.);
#8290 = VERTEX_POINT('',#8291);
#8291 = CARTESIAN_POINT('',(251.875,-9.29422863406,7.5));
#8292 = SURFACE_CURVE('',#8293,(#8297,#8304),.PCURVE_S1.);
#8293 = LINE('',#8294,#8295);
#8294 = CARTESIAN_POINT('',(251.875,-9.29422863406,7.5));
#8295 = VECTOR('',#8296,1.);
#8296 = DIRECTION('',(0.,1.,0.));
#8297 = PCURVE('',#8013,#8298);
#8298 = DEFINITIONAL_REPRESENTATION('',(#8299),#8303);
#8299 = LINE('',#8300,#8301);
#8300 = CARTESIAN_POINT('',(6.,0.));
#8301 = VECTOR('',#8302,1.);
#8302 = DIRECTION('',(0.,-1.));
#8303 = ( GEOMETRIC_REPRESENTATION_CONTEXT(2) 
PARAMETRIC_REPRESENTATION_CONTEXT() REPRESENTATION_CONTEXT('2D SPACE',''
  ) );
#8304 = PCURVE('',#8305,#8310);
#8305 = PLANE('',#8306);
#8306 = AXIS2_PLACEMENT_3D('',#8307,#8308,#8309);
#8307 = CARTESIAN_POINT('',(251.875,-9.29422863406,7.5));
#8308 = DIRECTION('',(0.,0.,1.));
#8309 = DIRECTION('',(1.,0.,0.));
#8310 = DEFINITIONAL_REPRESENTATION('',(#8311),#8315);
#8311 = LINE('',#8312,#8313);
#8312 = CARTESIAN_POINT('',(0.,0.));
#8313 = VECTOR('',#8314,1.);
#8314 = DIRECTION('',(0.,1.));
#8315 = ( GEOMETRIC_REPRESENTATION_CONTEXT(2) 
PARAMETRIC_REPRESENTATION_CONTEXT() REPRESENTATION_CONTEXT('2D SPACE',''
  ) );
#8316 = ORIENTED_EDGE('',*,*,#8317,.F.);
#8317 = EDGE_CURVE('',#8005,#8290,#8318,.T.);
#8318 = SURFACE_CURVE('',#8319,(#8323,#8330),.PCURVE_S1.);
#8319 = LINE('',#8320,#8321);
#8320 = CARTESIAN_POINT('',(251.875,-9.29422863406,1.5));
#8321 = VECTOR('',#8322,1.);
#8322 = DIRECTION('',(0.,0.,1.));
#8323 = PCURVE('',#8013,#8324);
#8324 = DEFINITIONAL_REPRESENTATION('',(#8325),#8329);
#8325 = LINE('',#8326,#8327);
#8326 = CARTESIAN_POINT('',(0.,0.));
#8327 = VECTOR('',#8328,1.);
#8328 = DIRECTION('',(1.,0.));
#8329 = ( GEOMETRIC_REPRESENTATION_CONTEXT(2) 
PARAMETRIC_REPRESENTATION_CONTEXT() REPRESENTATION_CONTEXT('2D SPACE',''
  ) );
#8330 = PCURVE('',#8331,#8336);
#8331 = PLANE('',#8332);
#8332 = AXIS2_PLACEMENT_3D('',#8333,#8334,#8335);
#8333 = CARTESIAN_POINT('',(251.875,-9.29422863406,1.5));
#8334 = DIRECTION('',(0.,1.,0.));
#8335 = DIRECTION('',(0.,0.,1.));
#8336 = DEFINITIONAL_REPRESENTATION('',(#8337),#8341);
#8337 = LINE('',#8338,#8339);
#8338 = CARTESIAN_POINT('',(0.,0.));
#8339 = VECTOR('',#8340,1.);
#8340 = DIRECTION('',(1.,0.));
#8341 = ( GEOMETRIC_REPRESENTATION_CONTEXT(2) 
PARAMETRIC_REPRESENTATION_CONTEXT() REPRESENTATION_CONTEXT('2D SPACE',''
  ) );
#8342 = ADVANCED_FACE('',(#8343),#8331,.F.);
#8343 = FACE_BOUND('',#8344,.F.);
#8344 = EDGE_LOOP('',(#8345,#8375,#8396,#8397));
#8345 = ORIENTED_EDGE('',*,*,#8346,.F.);
#8346 = EDGE_CURVE('',#8347,#8349,#8351,.T.);
#8347 = VERTEX_POINT('',#8348);
#8348 = CARTESIAN_POINT('',(254.125,-9.29422863406,3.));
#8349 = VERTEX_POINT('',#8350);
#8350 = CARTESIAN_POINT('',(254.125,-9.29422863406,7.5));
#8351 = SURFACE_CURVE('',#8352,(#8356,#8363),.PCURVE_S1.);
#8352 = LINE('',#8353,#8354);
#8353 = CARTESIAN_POINT('',(254.125,-9.29422863406,1.5));
#8354 = VECTOR('',#8355,1.);
#8355 = DIRECTION('',(0.,0.,1.));
#8356 = PCURVE('',#8331,#8357);
#8357 = DEFINITIONAL_REPRESENTATION('',(#8358),#8362);
#8358 = LINE('',#8359,#8360);
#8359 = CARTESIAN_POINT('',(0.,2.25));
#8360 = VECTOR('',#8361,1.);
#8361 = DIRECTION('',(1.,0.));
#8362 = ( GEOMETRIC_REPRESENTATION_CONTEXT(2) 
PARAMETRIC_REPRESENTATION_CONTEXT() REPRESENTATION_CONTEXT('2D SPACE',''
  ) );
#8363 = PCURVE('',#8364,#8369);
#8364 = PLANE('',#8365);
#8365 = AXIS2_PLACEMENT_3D('',#8366,#8367,#8368);
#8366 = CARTESIAN_POINT('',(254.125,-10.5,-3.));
#8367 = DIRECTION('',(1.,0.,0.));
#8368 = DIRECTION('',(0.,0.,1.));
#8369 = DEFINITIONAL_REPRESENTATION('',(#8370),#8374);
#8370 = LINE('',#8371,#8372);
#8371 = CARTESIAN_POINT('',(4.5,-1.20577136594));
#8372 = VECTOR('',#8373,1.);
#8373 = DIRECTION('',(1.,0.));
#8374 = ( GEOMETRIC_REPRESENTATION_CONTEXT(2) 
PARAMETRIC_REPRESENTATION_CONTEXT() REPRESENTATION_CONTEXT('2D SPACE',''
  ) );
#8375 = ORIENTED_EDGE('',*,*,#8376,.F.);
#8376 = EDGE_CURVE('',#8005,#8347,#8377,.T.);
#8377 = SURFACE_CURVE('',#8378,(#8382,#8389),.PCURVE_S1.);
#8378 = LINE('',#8379,#8380);
#8379 = CARTESIAN_POINT('',(251.875,-9.29422863406,3.));
#8380 = VECTOR('',#8381,1.);
#8381 = DIRECTION('',(1.,0.,0.));
#8382 = PCURVE('',#8331,#8383);
#8383 = DEFINITIONAL_REPRESENTATION('',(#8384),#8388);
#8384 = LINE('',#8385,#8386);
#8385 = CARTESIAN_POINT('',(1.5,0.));
#8386 = VECTOR('',#8387,1.);
#8387 = DIRECTION('',(0.,1.));
#8388 = ( GEOMETRIC_REPRESENTATION_CONTEXT(2) 
PARAMETRIC_REPRESENTATION_CONTEXT() REPRESENTATION_CONTEXT('2D SPACE',''
  ) );
#8389 = PCURVE('',#8025,#8390);
#8390 = DEFINITIONAL_REPRESENTATION('',(#8391),#8395);
#8391 = LINE('',#8392,#8393);
#8392 = CARTESIAN_POINT('',(0.,1.20577136594));
#8393 = VECTOR('',#8394,1.);
#8394 = DIRECTION('',(1.,0.));
#8395 = ( GEOMETRIC_REPRESENTATION_CONTEXT(2) 
PARAMETRIC_REPRESENTATION_CONTEXT() REPRESENTATION_CONTEXT('2D SPACE',''
  ) );
#8396 = ORIENTED_EDGE('',*,*,#8317,.T.);
#8397 = ORIENTED_EDGE('',*,*,#8398,.T.);
#8398 = EDGE_CURVE('',#8290,#8349,#8399,.T.);
#8399 = SURFACE_CURVE('',#8400,(#8404,#8411),.PCURVE_S1.);
#8400 = LINE('',#8401,#8402);
#8401 = CARTESIAN_POINT('',(251.875,-9.29422863406,7.5));
#8402 = VECTOR('',#8403,1.);
#8403 = DIRECTION('',(1.,0.,0.));
#8404 = PCURVE('',#8331,#8405);
#8405 = DEFINITIONAL_REPRESENTATION('',(#8406),#8410);
#8406 = LINE('',#8407,#8408);
#8407 = CARTESIAN_POINT('',(6.,0.));
#8408 = VECTOR('',#8409,1.);
#8409 = DIRECTION('',(0.,1.));
#8410 = ( GEOMETRIC_REPRESENTATION_CONTEXT(2) 
PARAMETRIC_REPRESENTATION_CONTEXT() REPRESENTATION_CONTEXT('2D SPACE',''
  ) );
#8411 = PCURVE('',#8305,#8412);
#8412 = DEFINITIONAL_REPRESENTATION('',(#8413),#8417);
#8413 = LINE('',#8414,#8415);
#8414 = CARTESIAN_POINT('',(0.,0.));
#8415 = VECTOR('',#8416,1.);
#8416 = DIRECTION('',(1.,0.));
#8417 = ( GEOMETRIC_REPRESENTATION_CONTEXT(2) 
PARAMETRIC_REPRESENTATION_CONTEXT() REPRESENTATION_CONTEXT('2D SPACE',''
  ) );
#8418 = ADVANCED_FACE('',(#8419),#8364,.T.);
#8419 = FACE_BOUND('',#8420,.T.);
#8420 = EDGE_LOOP('',(#8421,#8444,#8467,#8490,#8513,#8536,#8559,#8582,
    #8605,#8628,#8651,#8672));
#8421 = ORIENTED_EDGE('',*,*,#8422,.F.);
#8422 = EDGE_CURVE('',#8423,#8347,#8425,.T.);
#8423 = VERTEX_POINT('',#8424);
#8424 = CARTESIAN_POINT('',(254.125,-10.5,3.));
#8425 = SURFACE_CURVE('',#8426,(#8430,#8437),.PCURVE_S1.);
#8426 = LINE('',#8427,#8428);
#8427 = CARTESIAN_POINT('',(254.125,-10.5,3.));
#8428 = VECTOR('',#8429,1.);
#8429 = DIRECTION('',(0.,1.,0.));
#8430 = PCURVE('',#8364,#8431);
#8431 = DEFINITIONAL_REPRESENTATION('',(#8432),#8436);
#8432 = LINE('',#8433,#8434);
#8433 = CARTESIAN_POINT('',(6.,0.));
#8434 = VECTOR('',#8435,1.);
#8435 = DIRECTION('',(0.,-1.));
#8436 = ( GEOMETRIC_REPRESENTATION_CONTEXT(2) 
PARAMETRIC_REPRESENTATION_CONTEXT() REPRESENTATION_CONTEXT('2D SPACE',''
  ) );
#8437 = PCURVE('',#8025,#8438);
#8438 = DEFINITIONAL_REPRESENTATION('',(#8439),#8443);
#8439 = LINE('',#8440,#8441);
#8440 = CARTESIAN_POINT('',(2.25,0.));
#8441 = VECTOR('',#8442,1.);
#8442 = DIRECTION('',(0.,1.));
#8443 = ( GEOMETRIC_REPRESENTATION_CONTEXT(2) 
PARAMETRIC_REPRESENTATION_CONTEXT() REPRESENTATION_CONTEXT('2D SPACE',''
  ) );
#8444 = ORIENTED_EDGE('',*,*,#8445,.F.);
#8445 = EDGE_CURVE('',#8446,#8423,#8448,.T.);
#8446 = VERTEX_POINT('',#8447);
#8447 = CARTESIAN_POINT('',(254.125,-10.5,-3.));
#8448 = SURFACE_CURVE('',#8449,(#8453,#8460),.PCURVE_S1.);
#8449 = LINE('',#8450,#8451);
#8450 = CARTESIAN_POINT('',(254.125,-10.5,-3.));
#8451 = VECTOR('',#8452,1.);
#8452 = DIRECTION('',(0.,0.,1.));
#8453 = PCURVE('',#8364,#8454);
#8454 = DEFINITIONAL_REPRESENTATION('',(#8455),#8459);
#8455 = LINE('',#8456,#8457);
#8456 = CARTESIAN_POINT('',(0.,0.));
#8457 = VECTOR('',#8458,1.);
#8458 = DIRECTION('',(1.,0.));
#8459 = ( GEOMETRIC_REPRESENTATION_CONTEXT(2) 
PARAMETRIC_REPRESENTATION_CONTEXT() REPRESENTATION_CONTEXT('2D SPACE',''
  ) );
#8460 = PCURVE('',#8053,#8461);
#8461 = DEFINITIONAL_REPRESENTATION('',(#8462),#8466);
#8462 = LINE('',#8463,#8464);
#8463 = CARTESIAN_POINT('',(0.,2.25));
#8464 = VECTOR('',#8465,1.);
#8465 = DIRECTION('',(1.,0.));
#8466 = ( GEOMETRIC_REPRESENTATION_CONTEXT(2) 
PARAMETRIC_REPRESENTATION_CONTEXT() REPRESENTATION_CONTEXT('2D SPACE',''
  ) );
#8467 = ORIENTED_EDGE('',*,*,#8468,.T.);
#8468 = EDGE_CURVE('',#8446,#8469,#8471,.T.);
#8469 = VERTEX_POINT('',#8470);
#8470 = CARTESIAN_POINT('',(254.125,-9.29422863406,-3.));
#8471 = SURFACE_CURVE('',#8472,(#8476,#8483),.PCURVE_S1.);
#8472 = LINE('',#8473,#8474);
#8473 = CARTESIAN_POINT('',(254.125,-10.5,-3.));
#8474 = VECTOR('',#8475,1.);
#8475 = DIRECTION('',(0.,1.,0.));
#8476 = PCURVE('',#8364,#8477);
#8477 = DEFINITIONAL_REPRESENTATION('',(#8478),#8482);
#8478 = LINE('',#8479,#8480);
#8479 = CARTESIAN_POINT('',(0.,0.));
#8480 = VECTOR('',#8481,1.);
#8481 = DIRECTION('',(0.,-1.));
#8482 = ( GEOMETRIC_REPRESENTATION_CONTEXT(2) 
PARAMETRIC_REPRESENTATION_CONTEXT() REPRESENTATION_CONTEXT('2D SPACE',''
  ) );
#8483 = PCURVE('',#8081,#8484);
#8484 = DEFINITIONAL_REPRESENTATION('',(#8485),#8489);
#8485 = LINE('',#8486,#8487);
#8486 = CARTESIAN_POINT('',(2.25,0.));
#8487 = VECTOR('',#8488,1.);
#8488 = DIRECTION('',(0.,1.));
#8489 = ( GEOMETRIC_REPRESENTATION_CONTEXT(2) 
PARAMETRIC_REPRESENTATION_CONTEXT() REPRESENTATION_CONTEXT('2D SPACE',''
  ) );
#8490 = ORIENTED_EDGE('',*,*,#8491,.F.);
#8491 = EDGE_CURVE('',#8492,#8469,#8494,.T.);
#8492 = VERTEX_POINT('',#8493);
#8493 = CARTESIAN_POINT('',(254.125,-9.29422863406,-7.5));
#8494 = SURFACE_CURVE('',#8495,(#8499,#8506),.PCURVE_S1.);
#8495 = LINE('',#8496,#8497);
#8496 = CARTESIAN_POINT('',(254.125,-9.29422863406,-7.5));
#8497 = VECTOR('',#8498,1.);
#8498 = DIRECTION('',(0.,0.,1.));
#8499 = PCURVE('',#8364,#8500);
#8500 = DEFINITIONAL_REPRESENTATION('',(#8501),#8505);
#8501 = LINE('',#8502,#8503);
#8502 = CARTESIAN_POINT('',(-4.5,-1.20577136594));
#8503 = VECTOR('',#8504,1.);
#8504 = DIRECTION('',(1.,0.));
#8505 = ( GEOMETRIC_REPRESENTATION_CONTEXT(2) 
PARAMETRIC_REPRESENTATION_CONTEXT() REPRESENTATION_CONTEXT('2D SPACE',''
  ) );
#8506 = PCURVE('',#8109,#8507);
#8507 = DEFINITIONAL_REPRESENTATION('',(#8508),#8512);
#8508 = LINE('',#8509,#8510);
#8509 = CARTESIAN_POINT('',(0.,2.25));
#8510 = VECTOR('',#8511,1.);
#8511 = DIRECTION('',(1.,0.));
#8512 = ( GEOMETRIC_REPRESENTATION_CONTEXT(2) 
PARAMETRIC_REPRESENTATION_CONTEXT() REPRESENTATION_CONTEXT('2D SPACE',''
  ) );
#8513 = ORIENTED_EDGE('',*,*,#8514,.T.);
#8514 = EDGE_CURVE('',#8492,#8515,#8517,.T.);
#8515 = VERTEX_POINT('',#8516);
#8516 = CARTESIAN_POINT('',(254.125,-6.29422863406,-7.5));
#8517 = SURFACE_CURVE('',#8518,(#8522,#8529),.PCURVE_S1.);
#8518 = LINE('',#8519,#8520);
#8519 = CARTESIAN_POINT('',(254.125,-9.29422863406,-7.5));
#8520 = VECTOR('',#8521,1.);
#8521 = DIRECTION('',(0.,1.,0.));
#8522 = PCURVE('',#8364,#8523);
#8523 = DEFINITIONAL_REPRESENTATION('',(#8524),#8528);
#8524 = LINE('',#8525,#8526);
#8525 = CARTESIAN_POINT('',(-4.5,-1.20577136594));
#8526 = VECTOR('',#8527,1.);
#8527 = DIRECTION('',(0.,-1.));
#8528 = ( GEOMETRIC_REPRESENTATION_CONTEXT(2) 
PARAMETRIC_REPRESENTATION_CONTEXT() REPRESENTATION_CONTEXT('2D SPACE',''
  ) );
#8529 = PCURVE('',#8137,#8530);
#8530 = DEFINITIONAL_REPRESENTATION('',(#8531),#8535);
#8531 = LINE('',#8532,#8533);
#8532 = CARTESIAN_POINT('',(2.25,0.));
#8533 = VECTOR('',#8534,1.);
#8534 = DIRECTION('',(0.,1.));
#8535 = ( GEOMETRIC_REPRESENTATION_CONTEXT(2) 
PARAMETRIC_REPRESENTATION_CONTEXT() REPRESENTATION_CONTEXT('2D SPACE',''
  ) );
#8536 = ORIENTED_EDGE('',*,*,#8537,.T.);
#8537 = EDGE_CURVE('',#8515,#8538,#8540,.T.);
#8538 = VERTEX_POINT('',#8539);
#8539 = CARTESIAN_POINT('',(254.125,-6.29422863406,-1.5));
#8540 = SURFACE_CURVE('',#8541,(#8545,#8552),.PCURVE_S1.);
#8541 = LINE('',#8542,#8543);
#8542 = CARTESIAN_POINT('',(254.125,-6.29422863406,-7.5));
#8543 = VECTOR('',#8544,1.);
#8544 = DIRECTION('',(0.,0.,1.));
#8545 = PCURVE('',#8364,#8546);
#8546 = DEFINITIONAL_REPRESENTATION('',(#8547),#8551);
#8547 = LINE('',#8548,#8549);
#8548 = CARTESIAN_POINT('',(-4.5,-4.20577136594));
#8549 = VECTOR('',#8550,1.);
#8550 = DIRECTION('',(1.,0.));
#8551 = ( GEOMETRIC_REPRESENTATION_CONTEXT(2) 
PARAMETRIC_REPRESENTATION_CONTEXT() REPRESENTATION_CONTEXT('2D SPACE',''
  ) );
#8552 = PCURVE('',#8165,#8553);
#8553 = DEFINITIONAL_REPRESENTATION('',(#8554),#8558);
#8554 = LINE('',#8555,#8556);
#8555 = CARTESIAN_POINT('',(0.,2.25));
#8556 = VECTOR('',#8557,1.);
#8557 = DIRECTION('',(1.,0.));
#8558 = ( GEOMETRIC_REPRESENTATION_CONTEXT(2) 
PARAMETRIC_REPRESENTATION_CONTEXT() REPRESENTATION_CONTEXT('2D SPACE',''
  ) );
#8559 = ORIENTED_EDGE('',*,*,#8560,.F.);
#8560 = EDGE_CURVE('',#8561,#8538,#8563,.T.);
#8561 = VERTEX_POINT('',#8562);
#8562 = CARTESIAN_POINT('',(254.125,-7.5,-1.5));
#8563 = SURFACE_CURVE('',#8564,(#8568,#8575),.PCURVE_S1.);
#8564 = LINE('',#8565,#8566);
#8565 = CARTESIAN_POINT('',(254.125,-9.29422863406,-1.5));
#8566 = VECTOR('',#8567,1.);
#8567 = DIRECTION('',(0.,1.,0.));
#8568 = PCURVE('',#8364,#8569);
#8569 = DEFINITIONAL_REPRESENTATION('',(#8570),#8574);
#8570 = LINE('',#8571,#8572);
#8571 = CARTESIAN_POINT('',(1.5,-1.20577136594));
#8572 = VECTOR('',#8573,1.);
#8573 = DIRECTION('',(0.,-1.));
#8574 = ( GEOMETRIC_REPRESENTATION_CONTEXT(2) 
PARAMETRIC_REPRESENTATION_CONTEXT() REPRESENTATION_CONTEXT('2D SPACE',''
  ) );
#8575 = PCURVE('',#8193,#8576);
#8576 = DEFINITIONAL_REPRESENTATION('',(#8577),#8581);
#8577 = LINE('',#8578,#8579);
#8578 = CARTESIAN_POINT('',(2.25,0.));
#8579 = VECTOR('',#8580,1.);
#8580 = DIRECTION('',(0.,1.));
#8581 = ( GEOMETRIC_REPRESENTATION_CONTEXT(2) 
PARAMETRIC_REPRESENTATION_CONTEXT() REPRESENTATION_CONTEXT('2D SPACE',''
  ) );
#8582 = ORIENTED_EDGE('',*,*,#8583,.T.);
#8583 = EDGE_CURVE('',#8561,#8584,#8586,.T.);
#8584 = VERTEX_POINT('',#8585);
#8585 = CARTESIAN_POINT('',(254.125,-7.5,1.5));
#8586 = SURFACE_CURVE('',#8587,(#8591,#8598),.PCURVE_S1.);
#8587 = LINE('',#8588,#8589);
#8588 = CARTESIAN_POINT('',(254.125,-7.5,-3.));
#8589 = VECTOR('',#8590,1.);
#8590 = DIRECTION('',(0.,0.,1.));
#8591 = PCURVE('',#8364,#8592);
#8592 = DEFINITIONAL_REPRESENTATION('',(#8593),#8597);
#8593 = LINE('',#8594,#8595);
#8594 = CARTESIAN_POINT('',(0.,-3.));
#8595 = VECTOR('',#8596,1.);
#8596 = DIRECTION('',(1.,0.));
#8597 = ( GEOMETRIC_REPRESENTATION_CONTEXT(2) 
PARAMETRIC_REPRESENTATION_CONTEXT() REPRESENTATION_CONTEXT('2D SPACE',''
  ) );
#8598 = PCURVE('',#8221,#8599);
#8599 = DEFINITIONAL_REPRESENTATION('',(#8600),#8604);
#8600 = LINE('',#8601,#8602);
#8601 = CARTESIAN_POINT('',(0.,2.25));
#8602 = VECTOR('',#8603,1.);
#8603 = DIRECTION('',(1.,0.));
#8604 = ( GEOMETRIC_REPRESENTATION_CONTEXT(2) 
PARAMETRIC_REPRESENTATION_CONTEXT() REPRESENTATION_CONTEXT('2D SPACE',''
  ) );
#8605 = ORIENTED_EDGE('',*,*,#8606,.T.);
#8606 = EDGE_CURVE('',#8584,#8607,#8609,.T.);
#8607 = VERTEX_POINT('',#8608);
#8608 = CARTESIAN_POINT('',(254.125,-6.29422863406,1.5));
#8609 = SURFACE_CURVE('',#8610,(#8614,#8621),.PCURVE_S1.);
#8610 = LINE('',#8611,#8612);
#8611 = CARTESIAN_POINT('',(254.125,-9.29422863406,1.5));
#8612 = VECTOR('',#8613,1.);
#8613 = DIRECTION('',(0.,1.,0.));
#8614 = PCURVE('',#8364,#8615);
#8615 = DEFINITIONAL_REPRESENTATION('',(#8616),#8620);
#8616 = LINE('',#8617,#8618);
#8617 = CARTESIAN_POINT('',(4.5,-1.20577136594));
#8618 = VECTOR('',#8619,1.);
#8619 = DIRECTION('',(0.,-1.));
#8620 = ( GEOMETRIC_REPRESENTATION_CONTEXT(2) 
PARAMETRIC_REPRESENTATION_CONTEXT() REPRESENTATION_CONTEXT('2D SPACE',''
  ) );
#8621 = PCURVE('',#8249,#8622);
#8622 = DEFINITIONAL_REPRESENTATION('',(#8623),#8627);
#8623 = LINE('',#8624,#8625);
#8624 = CARTESIAN_POINT('',(2.25,0.));
#8625 = VECTOR('',#8626,1.);
#8626 = DIRECTION('',(0.,1.));
#8627 = ( GEOMETRIC_REPRESENTATION_CONTEXT(2) 
PARAMETRIC_REPRESENTATION_CONTEXT() REPRESENTATION_CONTEXT('2D SPACE',''
  ) );
#8628 = ORIENTED_EDGE('',*,*,#8629,.T.);
#8629 = EDGE_CURVE('',#8607,#8630,#8632,.T.);
#8630 = VERTEX_POINT('',#8631);
#8631 = CARTESIAN_POINT('',(254.125,-6.29422863406,7.5));
#8632 = SURFACE_CURVE('',#8633,(#8637,#8644),.PCURVE_S1.);
#8633 = LINE('',#8634,#8635);
#8634 = CARTESIAN_POINT('',(254.125,-6.29422863406,1.5));
#8635 = VECTOR('',#8636,1.);
#8636 = DIRECTION('',(0.,0.,1.));
#8637 = PCURVE('',#8364,#8638);
#8638 = DEFINITIONAL_REPRESENTATION('',(#8639),#8643);
#8639 = LINE('',#8640,#8641);
#8640 = CARTESIAN_POINT('',(4.5,-4.20577136594));
#8641 = VECTOR('',#8642,1.);
#8642 = DIRECTION('',(1.,0.));
#8643 = ( GEOMETRIC_REPRESENTATION_CONTEXT(2) 
PARAMETRIC_REPRESENTATION_CONTEXT() REPRESENTATION_CONTEXT('2D SPACE',''
  ) );
#8644 = PCURVE('',#8277,#8645);
#8645 = DEFINITIONAL_REPRESENTATION('',(#8646),#8650);
#8646 = LINE('',#8647,#8648);
#8647 = CARTESIAN_POINT('',(0.,2.25));
#8648 = VECTOR('',#8649,1.);
#8649 = DIRECTION('',(1.,0.));
#8650 = ( GEOMETRIC_REPRESENTATION_CONTEXT(2) 
PARAMETRIC_REPRESENTATION_CONTEXT() REPRESENTATION_CONTEXT('2D SPACE',''
  ) );
#8651 = ORIENTED_EDGE('',*,*,#8652,.F.);
#8652 = EDGE_CURVE('',#8349,#8630,#8653,.T.);
#8653 = SURFACE_CURVE('',#8654,(#8658,#8665),.PCURVE_S1.);
#8654 = LINE('',#8655,#8656);
#8655 = CARTESIAN_POINT('',(254.125,-9.29422863406,7.5));
#8656 = VECTOR('',#8657,1.);
#8657 = DIRECTION('',(0.,1.,0.));
#8658 = PCURVE('',#8364,#8659);
#8659 = DEFINITIONAL_REPRESENTATION('',(#8660),#8664);
#8660 = LINE('',#8661,#8662);
#8661 = CARTESIAN_POINT('',(10.5,-1.20577136594));
#8662 = VECTOR('',#8663,1.);
#8663 = DIRECTION('',(0.,-1.));
#8664 = ( GEOMETRIC_REPRESENTATION_CONTEXT(2) 
PARAMETRIC_REPRESENTATION_CONTEXT() REPRESENTATION_CONTEXT('2D SPACE',''
  ) );
#8665 = PCURVE('',#8305,#8666);
#8666 = DEFINITIONAL_REPRESENTATION('',(#8667),#8671);
#8667 = LINE('',#8668,#8669);
#8668 = CARTESIAN_POINT('',(2.25,0.));
#8669 = VECTOR('',#8670,1.);
#8670 = DIRECTION('',(0.,1.));
#8671 = ( GEOMETRIC_REPRESENTATION_CONTEXT(2) 
PARAMETRIC_REPRESENTATION_CONTEXT() REPRESENTATION_CONTEXT('2D SPACE',''
  ) );
#8672 = ORIENTED_EDGE('',*,*,#8346,.F.);
#8673 = ADVANCED_FACE('',(#8674),#8305,.T.);
#8674 = FACE_BOUND('',#8675,.T.);
#8675 = EDGE_LOOP('',(#8676,#8677,#8678,#8679));
#8676 = ORIENTED_EDGE('',*,*,#8289,.F.);
#8677 = ORIENTED_EDGE('',*,*,#8398,.T.);
#8678 = ORIENTED_EDGE('',*,*,#8652,.T.);
#8679 = ORIENTED_EDGE('',*,*,#8680,.F.);
#8680 = EDGE_CURVE('',#8262,#8630,#8681,.T.);
#8681 = SURFACE_CURVE('',#8682,(#8686,#8693),.PCURVE_S1.);
#8682 = LINE('',#8683,#8684);
#8683 = CARTESIAN_POINT('',(251.875,-6.29422863406,7.5));
#8684 = VECTOR('',#8685,1.);
#8685 = DIRECTION('',(1.,0.,0.));
#8686 = PCURVE('',#8305,#8687);
#8687 = DEFINITIONAL_REPRESENTATION('',(#8688),#8692);
#8688 = LINE('',#8689,#8690);
#8689 = CARTESIAN_POINT('',(0.,3.));
#8690 = VECTOR('',#8691,1.);
#8691 = DIRECTION('',(1.,0.));
#8692 = ( GEOMETRIC_REPRESENTATION_CONTEXT(2) 
PARAMETRIC_REPRESENTATION_CONTEXT() REPRESENTATION_CONTEXT('2D SPACE',''
  ) );
#8693 = PCURVE('',#8277,#8694);
#8694 = DEFINITIONAL_REPRESENTATION('',(#8695),#8699);
#8695 = LINE('',#8696,#8697);
#8696 = CARTESIAN_POINT('',(6.,0.));
#8697 = VECTOR('',#8698,1.);
#8698 = DIRECTION('',(0.,1.));
#8699 = ( GEOMETRIC_REPRESENTATION_CONTEXT(2) 
PARAMETRIC_REPRESENTATION_CONTEXT() REPRESENTATION_CONTEXT('2D SPACE',''
  ) );
#8700 = ADVANCED_FACE('',(#8701),#8277,.T.);
#8701 = FACE_BOUND('',#8702,.T.);
#8702 = EDGE_LOOP('',(#8703,#8724,#8725,#8726));
#8703 = ORIENTED_EDGE('',*,*,#8704,.F.);
#8704 = EDGE_CURVE('',#8234,#8607,#8705,.T.);
#8705 = SURFACE_CURVE('',#8706,(#8710,#8717),.PCURVE_S1.);
#8706 = LINE('',#8707,#8708);
#8707 = CARTESIAN_POINT('',(251.875,-6.29422863406,1.5));
#8708 = VECTOR('',#8709,1.);
#8709 = DIRECTION('',(1.,0.,0.));
#8710 = PCURVE('',#8277,#8711);
#8711 = DEFINITIONAL_REPRESENTATION('',(#8712),#8716);
#8712 = LINE('',#8713,#8714);
#8713 = CARTESIAN_POINT('',(0.,0.));
#8714 = VECTOR('',#8715,1.);
#8715 = DIRECTION('',(0.,1.));
#8716 = ( GEOMETRIC_REPRESENTATION_CONTEXT(2) 
PARAMETRIC_REPRESENTATION_CONTEXT() REPRESENTATION_CONTEXT('2D SPACE',''
  ) );
#8717 = PCURVE('',#8249,#8718);
#8718 = DEFINITIONAL_REPRESENTATION('',(#8719),#8723);
#8719 = LINE('',#8720,#8721);
#8720 = CARTESIAN_POINT('',(0.,3.));
#8721 = VECTOR('',#8722,1.);
#8722 = DIRECTION('',(1.,0.));
#8723 = ( GEOMETRIC_REPRESENTATION_CONTEXT(2) 
PARAMETRIC_REPRESENTATION_CONTEXT() REPRESENTATION_CONTEXT('2D SPACE',''
  ) );
#8724 = ORIENTED_EDGE('',*,*,#8261,.T.);
#8725 = ORIENTED_EDGE('',*,*,#8680,.T.);
#8726 = ORIENTED_EDGE('',*,*,#8629,.F.);
#8727 = ADVANCED_FACE('',(#8728),#8249,.F.);
#8728 = FACE_BOUND('',#8729,.F.);
#8729 = EDGE_LOOP('',(#8730,#8731,#8752,#8753));
#8730 = ORIENTED_EDGE('',*,*,#8233,.F.);
#8731 = ORIENTED_EDGE('',*,*,#8732,.F.);
#8732 = EDGE_CURVE('',#8584,#8206,#8733,.T.);
#8733 = SURFACE_CURVE('',#8734,(#8738,#8745),.PCURVE_S1.);
#8734 = LINE('',#8735,#8736);
#8735 = CARTESIAN_POINT('',(251.875,-7.5,1.5));
#8736 = VECTOR('',#8737,1.);
#8737 = DIRECTION('',(-1.,0.,0.));
#8738 = PCURVE('',#8249,#8739);
#8739 = DEFINITIONAL_REPRESENTATION('',(#8740),#8744);
#8740 = LINE('',#8741,#8742);
#8741 = CARTESIAN_POINT('',(0.,1.79422863406));
#8742 = VECTOR('',#8743,1.);
#8743 = DIRECTION('',(-1.,0.));
#8744 = ( GEOMETRIC_REPRESENTATION_CONTEXT(2) 
PARAMETRIC_REPRESENTATION_CONTEXT() REPRESENTATION_CONTEXT('2D SPACE',''
  ) );
#8745 = PCURVE('',#8221,#8746);
#8746 = DEFINITIONAL_REPRESENTATION('',(#8747),#8751);
#8747 = LINE('',#8748,#8749);
#8748 = CARTESIAN_POINT('',(4.5,0.));
#8749 = VECTOR('',#8750,1.);
#8750 = DIRECTION('',(0.,-1.));
#8751 = ( GEOMETRIC_REPRESENTATION_CONTEXT(2) 
PARAMETRIC_REPRESENTATION_CONTEXT() REPRESENTATION_CONTEXT('2D SPACE',''
  ) );
#8752 = ORIENTED_EDGE('',*,*,#8606,.T.);
#8753 = ORIENTED_EDGE('',*,*,#8704,.F.);
#8754 = ADVANCED_FACE('',(#8755),#8221,.T.);
#8755 = FACE_BOUND('',#8756,.T.);
#8756 = EDGE_LOOP('',(#8757,#8758,#8779,#8780));
#8757 = ORIENTED_EDGE('',*,*,#8583,.F.);
#8758 = ORIENTED_EDGE('',*,*,#8759,.F.);
#8759 = EDGE_CURVE('',#8178,#8561,#8760,.T.);
#8760 = SURFACE_CURVE('',#8761,(#8765,#8772),.PCURVE_S1.);
#8761 = LINE('',#8762,#8763);
#8762 = CARTESIAN_POINT('',(251.875,-7.5,-1.5));
#8763 = VECTOR('',#8764,1.);
#8764 = DIRECTION('',(1.,0.,0.));
#8765 = PCURVE('',#8221,#8766);
#8766 = DEFINITIONAL_REPRESENTATION('',(#8767),#8771);
#8767 = LINE('',#8768,#8769);
#8768 = CARTESIAN_POINT('',(1.5,0.));
#8769 = VECTOR('',#8770,1.);
#8770 = DIRECTION('',(0.,1.));
#8771 = ( GEOMETRIC_REPRESENTATION_CONTEXT(2) 
PARAMETRIC_REPRESENTATION_CONTEXT() REPRESENTATION_CONTEXT('2D SPACE',''
  ) );
#8772 = PCURVE('',#8193,#8773);
#8773 = DEFINITIONAL_REPRESENTATION('',(#8774),#8778);
#8774 = LINE('',#8775,#8776);
#8775 = CARTESIAN_POINT('',(0.,1.79422863406));
#8776 = VECTOR('',#8777,1.);
#8777 = DIRECTION('',(1.,0.));
#8778 = ( GEOMETRIC_REPRESENTATION_CONTEXT(2) 
PARAMETRIC_REPRESENTATION_CONTEXT() REPRESENTATION_CONTEXT('2D SPACE',''
  ) );
#8779 = ORIENTED_EDGE('',*,*,#8205,.T.);
#8780 = ORIENTED_EDGE('',*,*,#8732,.F.);
#8781 = ADVANCED_FACE('',(#8782),#8193,.T.);
#8782 = FACE_BOUND('',#8783,.T.);
#8783 = EDGE_LOOP('',(#8784,#8785,#8786,#8787));
#8784 = ORIENTED_EDGE('',*,*,#8177,.F.);
#8785 = ORIENTED_EDGE('',*,*,#8759,.T.);
#8786 = ORIENTED_EDGE('',*,*,#8560,.T.);
#8787 = ORIENTED_EDGE('',*,*,#8788,.F.);
#8788 = EDGE_CURVE('',#8150,#8538,#8789,.T.);
#8789 = SURFACE_CURVE('',#8790,(#8794,#8801),.PCURVE_S1.);
#8790 = LINE('',#8791,#8792);
#8791 = CARTESIAN_POINT('',(251.875,-6.29422863406,-1.5));
#8792 = VECTOR('',#8793,1.);
#8793 = DIRECTION('',(1.,0.,0.));
#8794 = PCURVE('',#8193,#8795);
#8795 = DEFINITIONAL_REPRESENTATION('',(#8796),#8800);
#8796 = LINE('',#8797,#8798);
#8797 = CARTESIAN_POINT('',(0.,3.));
#8798 = VECTOR('',#8799,1.);
#8799 = DIRECTION('',(1.,0.));
#8800 = ( GEOMETRIC_REPRESENTATION_CONTEXT(2) 
PARAMETRIC_REPRESENTATION_CONTEXT() REPRESENTATION_CONTEXT('2D SPACE',''
  ) );
#8801 = PCURVE('',#8165,#8802);
#8802 = DEFINITIONAL_REPRESENTATION('',(#8803),#8807);
#8803 = LINE('',#8804,#8805);
#8804 = CARTESIAN_POINT('',(6.,0.));
#8805 = VECTOR('',#8806,1.);
#8806 = DIRECTION('',(0.,1.));
#8807 = ( GEOMETRIC_REPRESENTATION_CONTEXT(2) 
PARAMETRIC_REPRESENTATION_CONTEXT() REPRESENTATION_CONTEXT('2D SPACE',''
  ) );
#8808 = ADVANCED_FACE('',(#8809),#8165,.T.);
#8809 = FACE_BOUND('',#8810,.T.);
#8810 = EDGE_LOOP('',(#8811,#8832,#8833,#8834));
#8811 = ORIENTED_EDGE('',*,*,#8812,.F.);
#8812 = EDGE_CURVE('',#8122,#8515,#8813,.T.);
#8813 = SURFACE_CURVE('',#8814,(#8818,#8825),.PCURVE_S1.);
#8814 = LINE('',#8815,#8816);
#8815 = CARTESIAN_POINT('',(251.875,-6.29422863406,-7.5));
#8816 = VECTOR('',#8817,1.);
#8817 = DIRECTION('',(1.,0.,0.));
#8818 = PCURVE('',#8165,#8819);
#8819 = DEFINITIONAL_REPRESENTATION('',(#8820),#8824);
#8820 = LINE('',#8821,#8822);
#8821 = CARTESIAN_POINT('',(0.,0.));
#8822 = VECTOR('',#8823,1.);
#8823 = DIRECTION('',(0.,1.));
#8824 = ( GEOMETRIC_REPRESENTATION_CONTEXT(2) 
PARAMETRIC_REPRESENTATION_CONTEXT() REPRESENTATION_CONTEXT('2D SPACE',''
  ) );
#8825 = PCURVE('',#8137,#8826);
#8826 = DEFINITIONAL_REPRESENTATION('',(#8827),#8831);
#8827 = LINE('',#8828,#8829);
#8828 = CARTESIAN_POINT('',(0.,3.));
#8829 = VECTOR('',#8830,1.);
#8830 = DIRECTION('',(1.,0.));
#8831 = ( GEOMETRIC_REPRESENTATION_CONTEXT(2) 
PARAMETRIC_REPRESENTATION_CONTEXT() REPRESENTATION_CONTEXT('2D SPACE',''
  ) );
#8832 = ORIENTED_EDGE('',*,*,#8149,.T.);
#8833 = ORIENTED_EDGE('',*,*,#8788,.T.);
#8834 = ORIENTED_EDGE('',*,*,#8537,.F.);
#8835 = ADVANCED_FACE('',(#8836),#8137,.F.);
#8836 = FACE_BOUND('',#8837,.F.);
#8837 = EDGE_LOOP('',(#8838,#8839,#8860,#8861));
#8838 = ORIENTED_EDGE('',*,*,#8121,.F.);
#8839 = ORIENTED_EDGE('',*,*,#8840,.T.);
#8840 = EDGE_CURVE('',#8094,#8492,#8841,.T.);
#8841 = SURFACE_CURVE('',#8842,(#8846,#8853),.PCURVE_S1.);
#8842 = LINE('',#8843,#8844);
#8843 = CARTESIAN_POINT('',(251.875,-9.29422863406,-7.5));
#8844 = VECTOR('',#8845,1.);
#8845 = DIRECTION('',(1.,0.,0.));
#8846 = PCURVE('',#8137,#8847);
#8847 = DEFINITIONAL_REPRESENTATION('',(#8848),#8852);
#8848 = LINE('',#8849,#8850);
#8849 = CARTESIAN_POINT('',(0.,0.));
#8850 = VECTOR('',#8851,1.);
#8851 = DIRECTION('',(1.,0.));
#8852 = ( GEOMETRIC_REPRESENTATION_CONTEXT(2) 
PARAMETRIC_REPRESENTATION_CONTEXT() REPRESENTATION_CONTEXT('2D SPACE',''
  ) );
#8853 = PCURVE('',#8109,#8854);
#8854 = DEFINITIONAL_REPRESENTATION('',(#8855),#8859);
#8855 = LINE('',#8856,#8857);
#8856 = CARTESIAN_POINT('',(0.,0.));
#8857 = VECTOR('',#8858,1.);
#8858 = DIRECTION('',(0.,1.));
#8859 = ( GEOMETRIC_REPRESENTATION_CONTEXT(2) 
PARAMETRIC_REPRESENTATION_CONTEXT() REPRESENTATION_CONTEXT('2D SPACE',''
  ) );
#8860 = ORIENTED_EDGE('',*,*,#8514,.T.);
#8861 = ORIENTED_EDGE('',*,*,#8812,.F.);
#8862 = ADVANCED_FACE('',(#8863),#8109,.F.);
#8863 = FACE_BOUND('',#8864,.F.);
#8864 = EDGE_LOOP('',(#8865,#8866,#8867,#8868));
#8865 = ORIENTED_EDGE('',*,*,#8491,.F.);
#8866 = ORIENTED_EDGE('',*,*,#8840,.F.);
#8867 = ORIENTED_EDGE('',*,*,#8093,.T.);
#8868 = ORIENTED_EDGE('',*,*,#8869,.F.);
#8869 = EDGE_CURVE('',#8469,#8066,#8870,.T.);
#8870 = SURFACE_CURVE('',#8871,(#8875,#8882),.PCURVE_S1.);
#8871 = LINE('',#8872,#8873);
#8872 = CARTESIAN_POINT('',(251.875,-9.29422863406,-3.));
#8873 = VECTOR('',#8874,1.);
#8874 = DIRECTION('',(-1.,0.,0.));
#8875 = PCURVE('',#8109,#8876);
#8876 = DEFINITIONAL_REPRESENTATION('',(#8877),#8881);
#8877 = LINE('',#8878,#8879);
#8878 = CARTESIAN_POINT('',(4.5,0.));
#8879 = VECTOR('',#8880,1.);
#8880 = DIRECTION('',(0.,-1.));
#8881 = ( GEOMETRIC_REPRESENTATION_CONTEXT(2) 
PARAMETRIC_REPRESENTATION_CONTEXT() REPRESENTATION_CONTEXT('2D SPACE',''
  ) );
#8882 = PCURVE('',#8081,#8883);
#8883 = DEFINITIONAL_REPRESENTATION('',(#8884),#8888);
#8884 = LINE('',#8885,#8886);
#8885 = CARTESIAN_POINT('',(0.,1.20577136594));
#8886 = VECTOR('',#8887,1.);
#8887 = DIRECTION('',(-1.,0.));
#8888 = ( GEOMETRIC_REPRESENTATION_CONTEXT(2) 
PARAMETRIC_REPRESENTATION_CONTEXT() REPRESENTATION_CONTEXT('2D SPACE',''
  ) );
#8889 = ADVANCED_FACE('',(#8890),#8081,.F.);
#8890 = FACE_BOUND('',#8891,.F.);
#8891 = EDGE_LOOP('',(#8892,#8893,#8914,#8915));
#8892 = ORIENTED_EDGE('',*,*,#8065,.F.);
#8893 = ORIENTED_EDGE('',*,*,#8894,.T.);
#8894 = EDGE_CURVE('',#8038,#8446,#8895,.T.);
#8895 = SURFACE_CURVE('',#8896,(#8900,#8907),.PCURVE_S1.);
#8896 = LINE('',#8897,#8898);
#8897 = CARTESIAN_POINT('',(251.875,-10.5,-3.));
#8898 = VECTOR('',#8899,1.);
#8899 = DIRECTION('',(1.,0.,0.));
#8900 = PCURVE('',#8081,#8901);
#8901 = DEFINITIONAL_REPRESENTATION('',(#8902),#8906);
#8902 = LINE('',#8903,#8904);
#8903 = CARTESIAN_POINT('',(0.,0.));
#8904 = VECTOR('',#8905,1.);
#8905 = DIRECTION('',(1.,0.));
#8906 = ( GEOMETRIC_REPRESENTATION_CONTEXT(2) 
PARAMETRIC_REPRESENTATION_CONTEXT() REPRESENTATION_CONTEXT('2D SPACE',''
  ) );
#8907 = PCURVE('',#8053,#8908);
#8908 = DEFINITIONAL_REPRESENTATION('',(#8909),#8913);
#8909 = LINE('',#8910,#8911);
#8910 = CARTESIAN_POINT('',(0.,0.));
#8911 = VECTOR('',#8912,1.);
#8912 = DIRECTION('',(0.,1.));
#8913 = ( GEOMETRIC_REPRESENTATION_CONTEXT(2) 
PARAMETRIC_REPRESENTATION_CONTEXT() REPRESENTATION_CONTEXT('2D SPACE',''
  ) );
#8914 = ORIENTED_EDGE('',*,*,#8468,.T.);
#8915 = ORIENTED_EDGE('',*,*,#8869,.T.);
#8916 = ADVANCED_FACE('',(#8917),#8053,.F.);
#8917 = FACE_BOUND('',#8918,.F.);
#8918 = EDGE_LOOP('',(#8919,#8920,#8921,#8942));
#8919 = ORIENTED_EDGE('',*,*,#8894,.F.);
#8920 = ORIENTED_EDGE('',*,*,#8037,.T.);
#8921 = ORIENTED_EDGE('',*,*,#8922,.T.);
#8922 = EDGE_CURVE('',#8003,#8423,#8923,.T.);
#8923 = SURFACE_CURVE('',#8924,(#8928,#8935),.PCURVE_S1.);
#8924 = LINE('',#8925,#8926);
#8925 = CARTESIAN_POINT('',(251.875,-10.5,3.));
#8926 = VECTOR('',#8927,1.);
#8927 = DIRECTION('',(1.,0.,0.));
#8928 = PCURVE('',#8053,#8929);
#8929 = DEFINITIONAL_REPRESENTATION('',(#8930),#8934);
#8930 = LINE('',#8931,#8932);
#8931 = CARTESIAN_POINT('',(6.,0.));
#8932 = VECTOR('',#8933,1.);
#8933 = DIRECTION('',(0.,1.));
#8934 = ( GEOMETRIC_REPRESENTATION_CONTEXT(2) 
PARAMETRIC_REPRESENTATION_CONTEXT() REPRESENTATION_CONTEXT('2D SPACE',''
  ) );
#8935 = PCURVE('',#8025,#8936);
#8936 = DEFINITIONAL_REPRESENTATION('',(#8937),#8941);
#8937 = LINE('',#8938,#8939);
#8938 = CARTESIAN_POINT('',(0.,0.));
#8939 = VECTOR('',#8940,1.);
#8940 = DIRECTION('',(1.,0.));
#8941 = ( GEOMETRIC_REPRESENTATION_CONTEXT(2) 
PARAMETRIC_REPRESENTATION_CONTEXT() REPRESENTATION_CONTEXT('2D SPACE',''
  ) );
#8942 = ORIENTED_EDGE('',*,*,#8445,.F.);
#8943 = ADVANCED_FACE('',(#8944),#8025,.T.);
#8944 = FACE_BOUND('',#8945,.T.);
#8945 = EDGE_LOOP('',(#8946,#8947,#8948,#8949));
#8946 = ORIENTED_EDGE('',*,*,#8002,.F.);
#8947 = ORIENTED_EDGE('',*,*,#8922,.T.);
#8948 = ORIENTED_EDGE('',*,*,#8422,.T.);
#8949 = ORIENTED_EDGE('',*,*,#8376,.F.);
#8950 = ( GEOMETRIC_REPRESENTATION_CONTEXT(3) 
GLOBAL_UNCERTAINTY_ASSIGNED_CONTEXT((#8954)) 
GLOBAL_UNIT_ASSIGNED_CONTEXT((#8951,#8952,#8953)) REPRESENTATION_CONTEXT
('Context #1','3D Context with UNIT and UNCERTAINTY') );
#8951 = ( LENGTH_UNIT() NAMED_UNIT(*) SI_UNIT(.MILLI.,.METRE.) );
#8952 = ( NAMED_UNIT(*) PLANE_ANGLE_UNIT() SI_UNIT($,.RADIAN.) );
#8953 = ( NAMED_UNIT(*) SI_UNIT($,.STERADIAN.) SOLID_ANGLE_UNIT() );
#8954 = UNCERTAINTY_MEASURE_WITH_UNIT(LENGTH_MEASURE(1.E-07),#8951,
  'distance_accuracy_value','confusion accuracy');
#8955 = CONTEXT_DEPENDENT_SHAPE_REPRESENTATION(#8956,#8958);
#8956 = ( REPRESENTATION_RELATIONSHIP('','',#7995,#10) 
REPRESENTATION_RELATIONSHIP_WITH_TRANSFORMATION(#8957) 
SHAPE_REPRESENTATION_RELATIONSHIP() );
#8957 = ITEM_DEFINED_TRANSFORMATION('','',#11,#19);
#8958 = PRODUCT_DEFINITION_SHAPE('Placement','Placement of an item',
  #8959);
#8959 = NEXT_ASSEMBLY_USAGE_OCCURRENCE('13','','',#5,#7990,$);
#8960 = PRODUCT_RELATED_PRODUCT_CATEGORY('part',$,(#7992));
#8961 = SHAPE_DEFINITION_REPRESENTATION(#8962,#8968);
#8962 = PRODUCT_DEFINITION_SHAPE('','',#8963);
#8963 = PRODUCT_DEFINITION('design','',#8964,#8967);
#8964 = PRODUCT_DEFINITION_FORMATION('','',#8965);
#8965 = PRODUCT('Open CASCADE STEP translator 7.9 19.3',
  'Open CASCADE STEP translator 7.9 19.3','',(#8966));
#8966 = PRODUCT_CONTEXT('',#2,'mechanical');
#8967 = PRODUCT_DEFINITION_CONTEXT('part definition',#2,'design');
#8968 = ADVANCED_BREP_SHAPE_REPRESENTATION('',(#11,#8969),#9299);
#8969 = MANIFOLD_SOLID_BREP('',#8970);
#8970 = CLOSED_SHELL('',(#8971,#9091,#9167,#9238,#9265,#9292));
#8971 = ADVANCED_FACE('',(#8972),#8986,.F.);
#8972 = FACE_BOUND('',#8973,.F.);
#8973 = EDGE_LOOP('',(#8974,#9009,#9037,#9065));
#8974 = ORIENTED_EDGE('',*,*,#8975,.F.);
#8975 = EDGE_CURVE('',#8976,#8978,#8980,.T.);
#8976 = VERTEX_POINT('',#8977);
#8977 = CARTESIAN_POINT('',(251.875,-6.,4.79422863406));
#8978 = VERTEX_POINT('',#8979);
#8979 = CARTESIAN_POINT('',(251.875,-6.,10.79422863406));
#8980 = SURFACE_CURVE('',#8981,(#8985,#8997),.PCURVE_S1.);
#8981 = LINE('',#8982,#8983);
#8982 = CARTESIAN_POINT('',(251.875,-6.,4.79422863406));
#8983 = VECTOR('',#8984,1.);
#8984 = DIRECTION('',(0.,0.,1.));
#8985 = PCURVE('',#8986,#8991);
#8986 = PLANE('',#8987);
#8987 = AXIS2_PLACEMENT_3D('',#8988,#8989,#8990);
#8988 = CARTESIAN_POINT('',(251.875,-6.,4.79422863406));
#8989 = DIRECTION('',(1.,0.,0.));
#8990 = DIRECTION('',(0.,0.,1.));
#8991 = DEFINITIONAL_REPRESENTATION('',(#8992),#8996);
#8992 = LINE('',#8993,#8994);
#8993 = CARTESIAN_POINT('',(0.,0.));
#8994 = VECTOR('',#8995,1.);
#8995 = DIRECTION('',(1.,0.));
#8996 = ( GEOMETRIC_REPRESENTATION_CONTEXT(2) 
PARAMETRIC_REPRESENTATION_CONTEXT() REPRESENTATION_CONTEXT('2D SPACE',''
  ) );
#8997 = PCURVE('',#8998,#9003);
#8998 = PLANE('',#8999);
#8999 = AXIS2_PLACEMENT_3D('',#9000,#9001,#9002);
#9000 = CARTESIAN_POINT('',(251.875,-6.,4.79422863406));
#9001 = DIRECTION('',(0.,1.,0.));
#9002 = DIRECTION('',(0.,0.,1.));
#9003 = DEFINITIONAL_REPRESENTATION('',(#9004),#9008);
#9004 = LINE('',#9005,#9006);
#9005 = CARTESIAN_POINT('',(0.,0.));
#9006 = VECTOR('',#9007,1.);
#9007 = DIRECTION('',(1.,0.));
#9008 = ( GEOMETRIC_REPRESENTATION_CONTEXT(2) 
PARAMETRIC_REPRESENTATION_CONTEXT() REPRESENTATION_CONTEXT('2D SPACE',''
  ) );
#9009 = ORIENTED_EDGE('',*,*,#9010,.T.);
#9010 = EDGE_CURVE('',#8976,#9011,#9013,.T.);
#9011 = VERTEX_POINT('',#9012);
#9012 = CARTESIAN_POINT('',(251.875,-3.,4.79422863406));
#9013 = SURFACE_CURVE('',#9014,(#9018,#9025),.PCURVE_S1.);
#9014 = LINE('',#9015,#9016);
#9015 = CARTESIAN_POINT('',(251.875,-6.,4.79422863406));
#9016 = VECTOR('',#9017,1.);
#9017 = DIRECTION('',(0.,1.,0.));
#9018 = PCURVE('',#8986,#9019);
#9019 = DEFINITIONAL_REPRESENTATION('',(#9020),#9024);
#9020 = LINE('',#9021,#9022);
#9021 = CARTESIAN_POINT('',(0.,0.));
#9022 = VECTOR('',#9023,1.);
#9023 = DIRECTION('',(0.,-1.));
#9024 = ( GEOMETRIC_REPRESENTATION_CONTEXT(2) 
PARAMETRIC_REPRESENTATION_CONTEXT() REPRESENTATION_CONTEXT('2D SPACE',''
  ) );
#9025 = PCURVE('',#9026,#9031);
#9026 = PLANE('',#9027);
#9027 = AXIS2_PLACEMENT_3D('',#9028,#9029,#9030);
#9028 = CARTESIAN_POINT('',(251.875,-6.,4.79422863406));
#9029 = DIRECTION('',(0.,0.,1.));
#9030 = DIRECTION('',(1.,0.,0.));
#9031 = DEFINITIONAL_REPRESENTATION('',(#9032),#9036);
#9032 = LINE('',#9033,#9034);
#9033 = CARTESIAN_POINT('',(0.,0.));
#9034 = VECTOR('',#9035,1.);
#9035 = DIRECTION('',(0.,1.));
#9036 = ( GEOMETRIC_REPRESENTATION_CONTEXT(2) 
PARAMETRIC_REPRESENTATION_CONTEXT() REPRESENTATION_CONTEXT('2D SPACE',''
  ) );
#9037 = ORIENTED_EDGE('',*,*,#9038,.T.);
#9038 = EDGE_CURVE('',#9011,#9039,#9041,.T.);
#9039 = VERTEX_POINT('',#9040);
#9040 = CARTESIAN_POINT('',(251.875,-3.,10.79422863406));
#9041 = SURFACE_CURVE('',#9042,(#9046,#9053),.PCURVE_S1.);
#9042 = LINE('',#9043,#9044);
#9043 = CARTESIAN_POINT('',(251.875,-3.,4.79422863406));
#9044 = VECTOR('',#9045,1.);
#9045 = DIRECTION('',(0.,0.,1.));
#9046 = PCURVE('',#8986,#9047);
#9047 = DEFINITIONAL_REPRESENTATION('',(#9048),#9052);
#9048 = LINE('',#9049,#9050);
#9049 = CARTESIAN_POINT('',(0.,-3.));
#9050 = VECTOR('',#9051,1.);
#9051 = DIRECTION('',(1.,0.));
#9052 = ( GEOMETRIC_REPRESENTATION_CONTEXT(2) 
PARAMETRIC_REPRESENTATION_CONTEXT() REPRESENTATION_CONTEXT('2D SPACE',''
  ) );
#9053 = PCURVE('',#9054,#9059);
#9054 = PLANE('',#9055);
#9055 = AXIS2_PLACEMENT_3D('',#9056,#9057,#9058);
#9056 = CARTESIAN_POINT('',(251.875,-3.,4.79422863406));
#9057 = DIRECTION('',(0.,1.,0.));
#9058 = DIRECTION('',(0.,0.,1.));
#9059 = DEFINITIONAL_REPRESENTATION('',(#9060),#9064);
#9060 = LINE('',#9061,#9062);
#9061 = CARTESIAN_POINT('',(0.,0.));
#9062 = VECTOR('',#9063,1.);
#9063 = DIRECTION('',(1.,0.));
#9064 = ( GEOMETRIC_REPRESENTATION_CONTEXT(2) 
PARAMETRIC_REPRESENTATION_CONTEXT() REPRESENTATION_CONTEXT('2D SPACE',''
  ) );
#9065 = ORIENTED_EDGE('',*,*,#9066,.F.);
#9066 = EDGE_CURVE('',#8978,#9039,#9067,.T.);
#9067 = SURFACE_CURVE('',#9068,(#9072,#9079),.PCURVE_S1.);
#9068 = LINE('',#9069,#9070);
#9069 = CARTESIAN_POINT('',(251.875,-6.,10.79422863406));
#9070 = VECTOR('',#9071,1.);
#9071 = DIRECTION('',(0.,1.,0.));
#9072 = PCURVE('',#8986,#9073);
#9073 = DEFINITIONAL_REPRESENTATION('',(#9074),#9078);
#9074 = LINE('',#9075,#9076);
#9075 = CARTESIAN_POINT('',(6.,0.));
#9076 = VECTOR('',#9077,1.);
#9077 = DIRECTION('',(0.,-1.));
#9078 = ( GEOMETRIC_REPRESENTATION_CONTEXT(2) 
PARAMETRIC_REPRESENTATION_CONTEXT() REPRESENTATION_CONTEXT('2D SPACE',''
  ) );
#9079 = PCURVE('',#9080,#9085);
#9080 = PLANE('',#9081);
#9081 = AXIS2_PLACEMENT_3D('',#9082,#9083,#9084);
#9082 = CARTESIAN_POINT('',(251.875,-6.,10.79422863406));
#9083 = DIRECTION('',(0.,0.,1.));
#9084 = DIRECTION('',(1.,0.,0.));
#9085 = DEFINITIONAL_REPRESENTATION('',(#9086),#9090);
#9086 = LINE('',#9087,#9088);
#9087 = CARTESIAN_POINT('',(0.,0.));
#9088 = VECTOR('',#9089,1.);
#9089 = DIRECTION('',(0.,1.));
#9090 = ( GEOMETRIC_REPRESENTATION_CONTEXT(2) 
PARAMETRIC_REPRESENTATION_CONTEXT() REPRESENTATION_CONTEXT('2D SPACE',''
  ) );
#9091 = ADVANCED_FACE('',(#9092),#9026,.F.);
#9092 = FACE_BOUND('',#9093,.F.);
#9093 = EDGE_LOOP('',(#9094,#9095,#9118,#9146));
#9094 = ORIENTED_EDGE('',*,*,#9010,.F.);
#9095 = ORIENTED_EDGE('',*,*,#9096,.T.);
#9096 = EDGE_CURVE('',#8976,#9097,#9099,.T.);
#9097 = VERTEX_POINT('',#9098);
#9098 = CARTESIAN_POINT('',(254.125,-6.,4.79422863406));
#9099 = SURFACE_CURVE('',#9100,(#9104,#9111),.PCURVE_S1.);
#9100 = LINE('',#9101,#9102);
#9101 = CARTESIAN_POINT('',(251.875,-6.,4.79422863406));
#9102 = VECTOR('',#9103,1.);
#9103 = DIRECTION('',(1.,0.,0.));
#9104 = PCURVE('',#9026,#9105);
#9105 = DEFINITIONAL_REPRESENTATION('',(#9106),#9110);
#9106 = LINE('',#9107,#9108);
#9107 = CARTESIAN_POINT('',(0.,0.));
#9108 = VECTOR('',#9109,1.);
#9109 = DIRECTION('',(1.,0.));
#9110 = ( GEOMETRIC_REPRESENTATION_CONTEXT(2) 
PARAMETRIC_REPRESENTATION_CONTEXT() REPRESENTATION_CONTEXT('2D SPACE',''
  ) );
#9111 = PCURVE('',#8998,#9112);
#9112 = DEFINITIONAL_REPRESENTATION('',(#9113),#9117);
#9113 = LINE('',#9114,#9115);
#9114 = CARTESIAN_POINT('',(0.,0.));
#9115 = VECTOR('',#9116,1.);
#9116 = DIRECTION('',(0.,1.));
#9117 = ( GEOMETRIC_REPRESENTATION_CONTEXT(2) 
PARAMETRIC_REPRESENTATION_CONTEXT() REPRESENTATION_CONTEXT('2D SPACE',''
  ) );
#9118 = ORIENTED_EDGE('',*,*,#9119,.T.);
#9119 = EDGE_CURVE('',#9097,#9120,#9122,.T.);
#9120 = VERTEX_POINT('',#9121);
#9121 = CARTESIAN_POINT('',(254.125,-3.,4.79422863406));
#9122 = SURFACE_CURVE('',#9123,(#9127,#9134),.PCURVE_S1.);
#9123 = LINE('',#9124,#9125);
#9124 = CARTESIAN_POINT('',(254.125,-6.,4.79422863406));
#9125 = VECTOR('',#9126,1.);
#9126 = DIRECTION('',(0.,1.,0.));
#9127 = PCURVE('',#9026,#9128);
#9128 = DEFINITIONAL_REPRESENTATION('',(#9129),#9133);
#9129 = LINE('',#9130,#9131);
#9130 = CARTESIAN_POINT('',(2.25,0.));
#9131 = VECTOR('',#9132,1.);
#9132 = DIRECTION('',(0.,1.));
#9133 = ( GEOMETRIC_REPRESENTATION_CONTEXT(2) 
PARAMETRIC_REPRESENTATION_CONTEXT() REPRESENTATION_CONTEXT('2D SPACE',''
  ) );
#9134 = PCURVE('',#9135,#9140);
#9135 = PLANE('',#9136);
#9136 = AXIS2_PLACEMENT_3D('',#9137,#9138,#9139);
#9137 = CARTESIAN_POINT('',(254.125,-6.,4.79422863406));
#9138 = DIRECTION('',(1.,0.,0.));
#9139 = DIRECTION('',(0.,0.,1.));
#9140 = DEFINITIONAL_REPRESENTATION('',(#9141),#9145);
#9141 = LINE('',#9142,#9143);
#9142 = CARTESIAN_POINT('',(0.,0.));
#9143 = VECTOR('',#9144,1.);
#9144 = DIRECTION('',(0.,-1.));
#9145 = ( GEOMETRIC_REPRESENTATION_CONTEXT(2) 
PARAMETRIC_REPRESENTATION_CONTEXT() REPRESENTATION_CONTEXT('2D SPACE',''
  ) );
#9146 = ORIENTED_EDGE('',*,*,#9147,.F.);
#9147 = EDGE_CURVE('',#9011,#9120,#9148,.T.);
#9148 = SURFACE_CURVE('',#9149,(#9153,#9160),.PCURVE_S1.);
#9149 = LINE('',#9150,#9151);
#9150 = CARTESIAN_POINT('',(251.875,-3.,4.79422863406));
#9151 = VECTOR('',#9152,1.);
#9152 = DIRECTION('',(1.,0.,0.));
#9153 = PCURVE('',#9026,#9154);
#9154 = DEFINITIONAL_REPRESENTATION('',(#9155),#9159);
#9155 = LINE('',#9156,#9157);
#9156 = CARTESIAN_POINT('',(0.,3.));
#9157 = VECTOR('',#9158,1.);
#9158 = DIRECTION('',(1.,0.));
#9159 = ( GEOMETRIC_REPRESENTATION_CONTEXT(2) 
PARAMETRIC_REPRESENTATION_CONTEXT() REPRESENTATION_CONTEXT('2D SPACE',''
  ) );
#9160 = PCURVE('',#9054,#9161);
#9161 = DEFINITIONAL_REPRESENTATION('',(#9162),#9166);
#9162 = LINE('',#9163,#9164);
#9163 = CARTESIAN_POINT('',(0.,0.));
#9164 = VECTOR('',#9165,1.);
#9165 = DIRECTION('',(0.,1.));
#9166 = ( GEOMETRIC_REPRESENTATION_CONTEXT(2) 
PARAMETRIC_REPRESENTATION_CONTEXT() REPRESENTATION_CONTEXT('2D SPACE',''
  ) );
#9167 = ADVANCED_FACE('',(#9168),#9135,.T.);
#9168 = FACE_BOUND('',#9169,.T.);
#9169 = EDGE_LOOP('',(#9170,#9193,#9194,#9217));
#9170 = ORIENTED_EDGE('',*,*,#9171,.F.);
#9171 = EDGE_CURVE('',#9097,#9172,#9174,.T.);
#9172 = VERTEX_POINT('',#9173);
#9173 = CARTESIAN_POINT('',(254.125,-6.,10.79422863406));
#9174 = SURFACE_CURVE('',#9175,(#9179,#9186),.PCURVE_S1.);
#9175 = LINE('',#9176,#9177);
#9176 = CARTESIAN_POINT('',(254.125,-6.,4.79422863406));
#9177 = VECTOR('',#9178,1.);
#9178 = DIRECTION('',(0.,0.,1.));
#9179 = PCURVE('',#9135,#9180);
#9180 = DEFINITIONAL_REPRESENTATION('',(#9181),#9185);
#9181 = LINE('',#9182,#9183);
#9182 = CARTESIAN_POINT('',(0.,0.));
#9183 = VECTOR('',#9184,1.);
#9184 = DIRECTION('',(1.,0.));
#9185 = ( GEOMETRIC_REPRESENTATION_CONTEXT(2) 
PARAMETRIC_REPRESENTATION_CONTEXT() REPRESENTATION_CONTEXT('2D SPACE',''
  ) );
#9186 = PCURVE('',#8998,#9187);
#9187 = DEFINITIONAL_REPRESENTATION('',(#9188),#9192);
#9188 = LINE('',#9189,#9190);
#9189 = CARTESIAN_POINT('',(0.,2.25));
#9190 = VECTOR('',#9191,1.);
#9191 = DIRECTION('',(1.,0.));
#9192 = ( GEOMETRIC_REPRESENTATION_CONTEXT(2) 
PARAMETRIC_REPRESENTATION_CONTEXT() REPRESENTATION_CONTEXT('2D SPACE',''
  ) );
#9193 = ORIENTED_EDGE('',*,*,#9119,.T.);
#9194 = ORIENTED_EDGE('',*,*,#9195,.T.);
#9195 = EDGE_CURVE('',#9120,#9196,#9198,.T.);
#9196 = VERTEX_POINT('',#9197);
#9197 = CARTESIAN_POINT('',(254.125,-3.,10.79422863406));
#9198 = SURFACE_CURVE('',#9199,(#9203,#9210),.PCURVE_S1.);
#9199 = LINE('',#9200,#9201);
#9200 = CARTESIAN_POINT('',(254.125,-3.,4.79422863406));
#9201 = VECTOR('',#9202,1.);
#9202 = DIRECTION('',(0.,0.,1.));
#9203 = PCURVE('',#9135,#9204);
#9204 = DEFINITIONAL_REPRESENTATION('',(#9205),#9209);
#9205 = LINE('',#9206,#9207);
#9206 = CARTESIAN_POINT('',(0.,-3.));
#9207 = VECTOR('',#9208,1.);
#9208 = DIRECTION('',(1.,0.));
#9209 = ( GEOMETRIC_REPRESENTATION_CONTEXT(2) 
PARAMETRIC_REPRESENTATION_CONTEXT() REPRESENTATION_CONTEXT('2D SPACE',''
  ) );
#9210 = PCURVE('',#9054,#9211);
#9211 = DEFINITIONAL_REPRESENTATION('',(#9212),#9216);
#9212 = LINE('',#9213,#9214);
#9213 = CARTESIAN_POINT('',(0.,2.25));
#9214 = VECTOR('',#9215,1.);
#9215 = DIRECTION('',(1.,0.));
#9216 = ( GEOMETRIC_REPRESENTATION_CONTEXT(2) 
PARAMETRIC_REPRESENTATION_CONTEXT() REPRESENTATION_CONTEXT('2D SPACE',''
  ) );
#9217 = ORIENTED_EDGE('',*,*,#9218,.F.);
#9218 = EDGE_CURVE('',#9172,#9196,#9219,.T.);
#9219 = SURFACE_CURVE('',#9220,(#9224,#9231),.PCURVE_S1.);
#9220 = LINE('',#9221,#9222);
#9221 = CARTESIAN_POINT('',(254.125,-6.,10.79422863406));
#9222 = VECTOR('',#9223,1.);
#9223 = DIRECTION('',(0.,1.,0.));
#9224 = PCURVE('',#9135,#9225);
#9225 = DEFINITIONAL_REPRESENTATION('',(#9226),#9230);
#9226 = LINE('',#9227,#9228);
#9227 = CARTESIAN_POINT('',(6.,0.));
#9228 = VECTOR('',#9229,1.);
#9229 = DIRECTION('',(0.,-1.));
#9230 = ( GEOMETRIC_REPRESENTATION_CONTEXT(2) 
PARAMETRIC_REPRESENTATION_CONTEXT() REPRESENTATION_CONTEXT('2D SPACE',''
  ) );
#9231 = PCURVE('',#9080,#9232);
#9232 = DEFINITIONAL_REPRESENTATION('',(#9233),#9237);
#9233 = LINE('',#9234,#9235);
#9234 = CARTESIAN_POINT('',(2.25,0.));
#9235 = VECTOR('',#9236,1.);
#9236 = DIRECTION('',(0.,1.));
#9237 = ( GEOMETRIC_REPRESENTATION_CONTEXT(2) 
PARAMETRIC_REPRESENTATION_CONTEXT() REPRESENTATION_CONTEXT('2D SPACE',''
  ) );
#9238 = ADVANCED_FACE('',(#9239),#9054,.T.);
#9239 = FACE_BOUND('',#9240,.T.);
#9240 = EDGE_LOOP('',(#9241,#9242,#9243,#9264));
#9241 = ORIENTED_EDGE('',*,*,#9147,.F.);
#9242 = ORIENTED_EDGE('',*,*,#9038,.T.);
#9243 = ORIENTED_EDGE('',*,*,#9244,.T.);
#9244 = EDGE_CURVE('',#9039,#9196,#9245,.T.);
#9245 = SURFACE_CURVE('',#9246,(#9250,#9257),.PCURVE_S1.);
#9246 = LINE('',#9247,#9248);
#9247 = CARTESIAN_POINT('',(251.875,-3.,10.79422863406));
#9248 = VECTOR('',#9249,1.);
#9249 = DIRECTION('',(1.,0.,0.));
#9250 = PCURVE('',#9054,#9251);
#9251 = DEFINITIONAL_REPRESENTATION('',(#9252),#9256);
#9252 = LINE('',#9253,#9254);
#9253 = CARTESIAN_POINT('',(6.,0.));
#9254 = VECTOR('',#9255,1.);
#9255 = DIRECTION('',(0.,1.));
#9256 = ( GEOMETRIC_REPRESENTATION_CONTEXT(2) 
PARAMETRIC_REPRESENTATION_CONTEXT() REPRESENTATION_CONTEXT('2D SPACE',''
  ) );
#9257 = PCURVE('',#9080,#9258);
#9258 = DEFINITIONAL_REPRESENTATION('',(#9259),#9263);
#9259 = LINE('',#9260,#9261);
#9260 = CARTESIAN_POINT('',(0.,3.));
#9261 = VECTOR('',#9262,1.);
#9262 = DIRECTION('',(1.,0.));
#9263 = ( GEOMETRIC_REPRESENTATION_CONTEXT(2) 
PARAMETRIC_REPRESENTATION_CONTEXT() REPRESENTATION_CONTEXT('2D SPACE',''
  ) );
#9264 = ORIENTED_EDGE('',*,*,#9195,.F.);
#9265 = ADVANCED_FACE('',(#9266),#9080,.T.);
#9266 = FACE_BOUND('',#9267,.T.);
#9267 = EDGE_LOOP('',(#9268,#9269,#9290,#9291));
#9268 = ORIENTED_EDGE('',*,*,#9066,.F.);
#9269 = ORIENTED_EDGE('',*,*,#9270,.T.);
#9270 = EDGE_CURVE('',#8978,#9172,#9271,.T.);
#9271 = SURFACE_CURVE('',#9272,(#9276,#9283),.PCURVE_S1.);
#9272 = LINE('',#9273,#9274);
#9273 = CARTESIAN_POINT('',(251.875,-6.,10.79422863406));
#9274 = VECTOR('',#9275,1.);
#9275 = DIRECTION('',(1.,0.,0.));
#9276 = PCURVE('',#9080,#9277);
#9277 = DEFINITIONAL_REPRESENTATION('',(#9278),#9282);
#9278 = LINE('',#9279,#9280);
#9279 = CARTESIAN_POINT('',(0.,0.));
#9280 = VECTOR('',#9281,1.);
#9281 = DIRECTION('',(1.,0.));
#9282 = ( GEOMETRIC_REPRESENTATION_CONTEXT(2) 
PARAMETRIC_REPRESENTATION_CONTEXT() REPRESENTATION_CONTEXT('2D SPACE',''
  ) );
#9283 = PCURVE('',#8998,#9284);
#9284 = DEFINITIONAL_REPRESENTATION('',(#9285),#9289);
#9285 = LINE('',#9286,#9287);
#9286 = CARTESIAN_POINT('',(6.,0.));
#9287 = VECTOR('',#9288,1.);
#9288 = DIRECTION('',(0.,1.));
#9289 = ( GEOMETRIC_REPRESENTATION_CONTEXT(2) 
PARAMETRIC_REPRESENTATION_CONTEXT() REPRESENTATION_CONTEXT('2D SPACE',''
  ) );
#9290 = ORIENTED_EDGE('',*,*,#9218,.T.);
#9291 = ORIENTED_EDGE('',*,*,#9244,.F.);
#9292 = ADVANCED_FACE('',(#9293),#8998,.F.);
#9293 = FACE_BOUND('',#9294,.F.);
#9294 = EDGE_LOOP('',(#9295,#9296,#9297,#9298));
#9295 = ORIENTED_EDGE('',*,*,#9096,.F.);
#9296 = ORIENTED_EDGE('',*,*,#8975,.T.);
#9297 = ORIENTED_EDGE('',*,*,#9270,.T.);
#9298 = ORIENTED_EDGE('',*,*,#9171,.F.);
#9299 = ( GEOMETRIC_REPRESENTATION_CONTEXT(3) 
GLOBAL_UNCERTAINTY_ASSIGNED_CONTEXT((#9303)) 
GLOBAL_UNIT_ASSIGNED_CONTEXT((#9300,#9301,#9302)) REPRESENTATION_CONTEXT
('Context #1','3D Context with UNIT and UNCERTAINTY') );
#9300 = ( LENGTH_UNIT() NAMED_UNIT(*) SI_UNIT(.MILLI.,.METRE.) );
#9301 = ( NAMED_UNIT(*) PLANE_ANGLE_UNIT() SI_UNIT($,.RADIAN.) );
#9302 = ( NAMED_UNIT(*) SI_UNIT($,.STERADIAN.) SOLID_ANGLE_UNIT() );
#9303 = UNCERTAINTY_MEASURE_WITH_UNIT(LENGTH_MEASURE(1.E-07),#9300,
  'distance_accuracy_value','confusion accuracy');
#9304 = CONTEXT_DEPENDENT_SHAPE_REPRESENTATION(#9305,#9307);
#9305 = ( REPRESENTATION_RELATIONSHIP('','',#8968,#10) 
REPRESENTATION_RELATIONSHIP_WITH_TRANSFORMATION(#9306) 
SHAPE_REPRESENTATION_RELATIONSHIP() );
#9306 = ITEM_DEFINED_TRANSFORMATION('','',#11,#23);
#9307 = PRODUCT_DEFINITION_SHAPE('Placement','Placement of an item',
  #9308);
#9308 = NEXT_ASSEMBLY_USAGE_OCCURRENCE('14','','',#5,#8963,$);
#9309 = PRODUCT_RELATED_PRODUCT_CATEGORY('part',$,(#8965));
#9310 = SHAPE_DEFINITION_REPRESENTATION(#9311,#9317);
#9311 = PRODUCT_DEFINITION_SHAPE('','',#9312);
#9312 = PRODUCT_DEFINITION('design','',#9313,#9316);
#9313 = PRODUCT_DEFINITION_FORMATION('','',#9314);
#9314 = PRODUCT('Open CASCADE STEP translator 7.9 19.4',
  'Open CASCADE STEP translator 7.9 19.4','',(#9315));
#9315 = PRODUCT_CONTEXT('',#2,'mechanical');
#9316 = PRODUCT_DEFINITION_CONTEXT('part definition',#2,'design');
#9317 = ADVANCED_BREP_SHAPE_REPRESENTATION('',(#11,#9318),#9648);
#9318 = MANIFOLD_SOLID_BREP('',#9319);
#9319 = CLOSED_SHELL('',(#9320,#9440,#9516,#9587,#9614,#9641));
#9320 = ADVANCED_FACE('',(#9321),#9335,.F.);
#9321 = FACE_BOUND('',#9322,.F.);
#9322 = EDGE_LOOP('',(#9323,#9358,#9386,#9414));
#9323 = ORIENTED_EDGE('',*,*,#9324,.F.);
#9324 = EDGE_CURVE('',#9325,#9327,#9329,.T.);
#9325 = VERTEX_POINT('',#9326);
#9326 = CARTESIAN_POINT('',(251.875,-6.,-10.79422863406));
#9327 = VERTEX_POINT('',#9328);
#9328 = CARTESIAN_POINT('',(251.875,-6.,-4.79422863406));
#9329 = SURFACE_CURVE('',#9330,(#9334,#9346),.PCURVE_S1.);
#9330 = LINE('',#9331,#9332);
#9331 = CARTESIAN_POINT('',(251.875,-6.,-10.79422863406));
#9332 = VECTOR('',#9333,1.);
#9333 = DIRECTION('',(0.,0.,1.));
#9334 = PCURVE('',#9335,#9340);
#9335 = PLANE('',#9336);
#9336 = AXIS2_PLACEMENT_3D('',#9337,#9338,#9339);
#9337 = CARTESIAN_POINT('',(251.875,-6.,-10.79422863406));
#9338 = DIRECTION('',(1.,0.,0.));
#9339 = DIRECTION('',(0.,0.,1.));
#9340 = DEFINITIONAL_REPRESENTATION('',(#9341),#9345);
#9341 = LINE('',#9342,#9343);
#9342 = CARTESIAN_POINT('',(0.,0.));
#9343 = VECTOR('',#9344,1.);
#9344 = DIRECTION('',(1.,0.));
#9345 = ( GEOMETRIC_REPRESENTATION_CONTEXT(2) 
PARAMETRIC_REPRESENTATION_CONTEXT() REPRESENTATION_CONTEXT('2D SPACE',''
  ) );
#9346 = PCURVE('',#9347,#9352);
#9347 = PLANE('',#9348);
#9348 = AXIS2_PLACEMENT_3D('',#9349,#9350,#9351);
#9349 = CARTESIAN_POINT('',(251.875,-6.,-10.79422863406));
#9350 = DIRECTION('',(0.,1.,0.));
#9351 = DIRECTION('',(0.,0.,1.));
#9352 = DEFINITIONAL_REPRESENTATION('',(#9353),#9357);
#9353 = LINE('',#9354,#9355);
#9354 = CARTESIAN_POINT('',(0.,0.));
#9355 = VECTOR('',#9356,1.);
#9356 = DIRECTION('',(1.,0.));
#9357 = ( GEOMETRIC_REPRESENTATION_CONTEXT(2) 
PARAMETRIC_REPRESENTATION_CONTEXT() REPRESENTATION_CONTEXT('2D SPACE',''
  ) );
#9358 = ORIENTED_EDGE('',*,*,#9359,.T.);
#9359 = EDGE_CURVE('',#9325,#9360,#9362,.T.);
#9360 = VERTEX_POINT('',#9361);
#9361 = CARTESIAN_POINT('',(251.875,-3.,-10.79422863406));
#9362 = SURFACE_CURVE('',#9363,(#9367,#9374),.PCURVE_S1.);
#9363 = LINE('',#9364,#9365);
#9364 = CARTESIAN_POINT('',(251.875,-6.,-10.79422863406));
#9365 = VECTOR('',#9366,1.);
#9366 = DIRECTION('',(0.,1.,0.));
#9367 = PCURVE('',#9335,#9368);
#9368 = DEFINITIONAL_REPRESENTATION('',(#9369),#9373);
#9369 = LINE('',#9370,#9371);
#9370 = CARTESIAN_POINT('',(0.,0.));
#9371 = VECTOR('',#9372,1.);
#9372 = DIRECTION('',(0.,-1.));
#9373 = ( GEOMETRIC_REPRESENTATION_CONTEXT(2) 
PARAMETRIC_REPRESENTATION_CONTEXT() REPRESENTATION_CONTEXT('2D SPACE',''
  ) );
#9374 = PCURVE('',#9375,#9380);
#9375 = PLANE('',#9376);
#9376 = AXIS2_PLACEMENT_3D('',#9377,#9378,#9379);
#9377 = CARTESIAN_POINT('',(251.875,-6.,-10.79422863406));
#9378 = DIRECTION('',(0.,0.,1.));
#9379 = DIRECTION('',(1.,0.,0.));
#9380 = DEFINITIONAL_REPRESENTATION('',(#9381),#9385);
#9381 = LINE('',#9382,#9383);
#9382 = CARTESIAN_POINT('',(0.,0.));
#9383 = VECTOR('',#9384,1.);
#9384 = DIRECTION('',(0.,1.));
#9385 = ( GEOMETRIC_REPRESENTATION_CONTEXT(2) 
PARAMETRIC_REPRESENTATION_CONTEXT() REPRESENTATION_CONTEXT('2D SPACE',''
  ) );
#9386 = ORIENTED_EDGE('',*,*,#9387,.T.);
#9387 = EDGE_CURVE('',#9360,#9388,#9390,.T.);
#9388 = VERTEX_POINT('',#9389);
#9389 = CARTESIAN_POINT('',(251.875,-3.,-4.79422863406));
#9390 = SURFACE_CURVE('',#9391,(#9395,#9402),.PCURVE_S1.);
#9391 = LINE('',#9392,#9393);
#9392 = CARTESIAN_POINT('',(251.875,-3.,-10.79422863406));
#9393 = VECTOR('',#9394,1.);
#9394 = DIRECTION('',(0.,0.,1.));
#9395 = PCURVE('',#9335,#9396);
#9396 = DEFINITIONAL_REPRESENTATION('',(#9397),#9401);
#9397 = LINE('',#9398,#9399);
#9398 = CARTESIAN_POINT('',(0.,-3.));
#9399 = VECTOR('',#9400,1.);
#9400 = DIRECTION('',(1.,0.));
#9401 = ( GEOMETRIC_REPRESENTATION_CONTEXT(2) 
PARAMETRIC_REPRESENTATION_CONTEXT() REPRESENTATION_CONTEXT('2D SPACE',''
  ) );
#9402 = PCURVE('',#9403,#9408);
#9403 = PLANE('',#9404);
#9404 = AXIS2_PLACEMENT_3D('',#9405,#9406,#9407);
#9405 = CARTESIAN_POINT('',(251.875,-3.,-10.79422863406));
#9406 = DIRECTION('',(0.,1.,0.));
#9407 = DIRECTION('',(0.,0.,1.));
#9408 = DEFINITIONAL_REPRESENTATION('',(#9409),#9413);
#9409 = LINE('',#9410,#9411);
#9410 = CARTESIAN_POINT('',(0.,0.));
#9411 = VECTOR('',#9412,1.);
#9412 = DIRECTION('',(1.,0.));
#9413 = ( GEOMETRIC_REPRESENTATION_CONTEXT(2) 
PARAMETRIC_REPRESENTATION_CONTEXT() REPRESENTATION_CONTEXT('2D SPACE',''
  ) );
#9414 = ORIENTED_EDGE('',*,*,#9415,.F.);
#9415 = EDGE_CURVE('',#9327,#9388,#9416,.T.);
#9416 = SURFACE_CURVE('',#9417,(#9421,#9428),.PCURVE_S1.);
#9417 = LINE('',#9418,#9419);
#9418 = CARTESIAN_POINT('',(251.875,-6.,-4.79422863406));
#9419 = VECTOR('',#9420,1.);
#9420 = DIRECTION('',(0.,1.,0.));
#9421 = PCURVE('',#9335,#9422);
#9422 = DEFINITIONAL_REPRESENTATION('',(#9423),#9427);
#9423 = LINE('',#9424,#9425);
#9424 = CARTESIAN_POINT('',(6.,0.));
#9425 = VECTOR('',#9426,1.);
#9426 = DIRECTION('',(0.,-1.));
#9427 = ( GEOMETRIC_REPRESENTATION_CONTEXT(2) 
PARAMETRIC_REPRESENTATION_CONTEXT() REPRESENTATION_CONTEXT('2D SPACE',''
  ) );
#9428 = PCURVE('',#9429,#9434);
#9429 = PLANE('',#9430);
#9430 = AXIS2_PLACEMENT_3D('',#9431,#9432,#9433);
#9431 = CARTESIAN_POINT('',(251.875,-6.,-4.79422863406));
#9432 = DIRECTION('',(0.,0.,1.));
#9433 = DIRECTION('',(1.,0.,0.));
#9434 = DEFINITIONAL_REPRESENTATION('',(#9435),#9439);
#9435 = LINE('',#9436,#9437);
#9436 = CARTESIAN_POINT('',(0.,0.));
#9437 = VECTOR('',#9438,1.);
#9438 = DIRECTION('',(0.,1.));
#9439 = ( GEOMETRIC_REPRESENTATION_CONTEXT(2) 
PARAMETRIC_REPRESENTATION_CONTEXT() REPRESENTATION_CONTEXT('2D SPACE',''
  ) );
#9440 = ADVANCED_FACE('',(#9441),#9375,.F.);
#9441 = FACE_BOUND('',#9442,.F.);
#9442 = EDGE_LOOP('',(#9443,#9444,#9467,#9495));
#9443 = ORIENTED_EDGE('',*,*,#9359,.F.);
#9444 = ORIENTED_EDGE('',*,*,#9445,.T.);
#9445 = EDGE_CURVE('',#9325,#9446,#9448,.T.);
#9446 = VERTEX_POINT('',#9447);
#9447 = CARTESIAN_POINT('',(254.125,-6.,-10.79422863406));
#9448 = SURFACE_CURVE('',#9449,(#9453,#9460),.PCURVE_S1.);
#9449 = LINE('',#9450,#9451);
#9450 = CARTESIAN_POINT('',(251.875,-6.,-10.79422863406));
#9451 = VECTOR('',#9452,1.);
#9452 = DIRECTION('',(1.,0.,0.));
#9453 = PCURVE('',#9375,#9454);
#9454 = DEFINITIONAL_REPRESENTATION('',(#9455),#9459);
#9455 = LINE('',#9456,#9457);
#9456 = CARTESIAN_POINT('',(0.,0.));
#9457 = VECTOR('',#9458,1.);
#9458 = DIRECTION('',(1.,0.));
#9459 = ( GEOMETRIC_REPRESENTATION_CONTEXT(2) 
PARAMETRIC_REPRESENTATION_CONTEXT() REPRESENTATION_CONTEXT('2D SPACE',''
  ) );
#9460 = PCURVE('',#9347,#9461);
#9461 = DEFINITIONAL_REPRESENTATION('',(#9462),#9466);
#9462 = LINE('',#9463,#9464);
#9463 = CARTESIAN_POINT('',(0.,0.));
#9464 = VECTOR('',#9465,1.);
#9465 = DIRECTION('',(0.,1.));
#9466 = ( GEOMETRIC_REPRESENTATION_CONTEXT(2) 
PARAMETRIC_REPRESENTATION_CONTEXT() REPRESENTATION_CONTEXT('2D SPACE',''
  ) );
#9467 = ORIENTED_EDGE('',*,*,#9468,.T.);
#9468 = EDGE_CURVE('',#9446,#9469,#9471,.T.);
#9469 = VERTEX_POINT('',#9470);
#9470 = CARTESIAN_POINT('',(254.125,-3.,-10.79422863406));
#9471 = SURFACE_CURVE('',#9472,(#9476,#9483),.PCURVE_S1.);
#9472 = LINE('',#9473,#9474);
#9473 = CARTESIAN_POINT('',(254.125,-6.,-10.79422863406));
#9474 = VECTOR('',#9475,1.);
#9475 = DIRECTION('',(0.,1.,0.));
#9476 = PCURVE('',#9375,#9477);
#9477 = DEFINITIONAL_REPRESENTATION('',(#9478),#9482);
#9478 = LINE('',#9479,#9480);
#9479 = CARTESIAN_POINT('',(2.25,0.));
#9480 = VECTOR('',#9481,1.);
#9481 = DIRECTION('',(0.,1.));
#9482 = ( GEOMETRIC_REPRESENTATION_CONTEXT(2) 
PARAMETRIC_REPRESENTATION_CONTEXT() REPRESENTATION_CONTEXT('2D SPACE',''
  ) );
#9483 = PCURVE('',#9484,#9489);
#9484 = PLANE('',#9485);
#9485 = AXIS2_PLACEMENT_3D('',#9486,#9487,#9488);
#9486 = CARTESIAN_POINT('',(254.125,-6.,-10.79422863406));
#9487 = DIRECTION('',(1.,0.,0.));
#9488 = DIRECTION('',(0.,0.,1.));
#9489 = DEFINITIONAL_REPRESENTATION('',(#9490),#9494);
#9490 = LINE('',#9491,#9492);
#9491 = CARTESIAN_POINT('',(0.,0.));
#9492 = VECTOR('',#9493,1.);
#9493 = DIRECTION('',(0.,-1.));
#9494 = ( GEOMETRIC_REPRESENTATION_CONTEXT(2) 
PARAMETRIC_REPRESENTATION_CONTEXT() REPRESENTATION_CONTEXT('2D SPACE',''
  ) );
#9495 = ORIENTED_EDGE('',*,*,#9496,.F.);
#9496 = EDGE_CURVE('',#9360,#9469,#9497,.T.);
#9497 = SURFACE_CURVE('',#9498,(#9502,#9509),.PCURVE_S1.);
#9498 = LINE('',#9499,#9500);
#9499 = CARTESIAN_POINT('',(251.875,-3.,-10.79422863406));
#9500 = VECTOR('',#9501,1.);
#9501 = DIRECTION('',(1.,0.,0.));
#9502 = PCURVE('',#9375,#9503);
#9503 = DEFINITIONAL_REPRESENTATION('',(#9504),#9508);
#9504 = LINE('',#9505,#9506);
#9505 = CARTESIAN_POINT('',(0.,3.));
#9506 = VECTOR('',#9507,1.);
#9507 = DIRECTION('',(1.,0.));
#9508 = ( GEOMETRIC_REPRESENTATION_CONTEXT(2) 
PARAMETRIC_REPRESENTATION_CONTEXT() REPRESENTATION_CONTEXT('2D SPACE',''
  ) );
#9509 = PCURVE('',#9403,#9510);
#9510 = DEFINITIONAL_REPRESENTATION('',(#9511),#9515);
#9511 = LINE('',#9512,#9513);
#9512 = CARTESIAN_POINT('',(0.,0.));
#9513 = VECTOR('',#9514,1.);
#9514 = DIRECTION('',(0.,1.));
#9515 = ( GEOMETRIC_REPRESENTATION_CONTEXT(2) 
PARAMETRIC_REPRESENTATION_CONTEXT() REPRESENTATION_CONTEXT('2D SPACE',''
  ) );
#9516 = ADVANCED_FACE('',(#9517),#9484,.T.);
#9517 = FACE_BOUND('',#9518,.T.);
#9518 = EDGE_LOOP('',(#9519,#9542,#9543,#9566));
#9519 = ORIENTED_EDGE('',*,*,#9520,.F.);
#9520 = EDGE_CURVE('',#9446,#9521,#9523,.T.);
#9521 = VERTEX_POINT('',#9522);
#9522 = CARTESIAN_POINT('',(254.125,-6.,-4.79422863406));
#9523 = SURFACE_CURVE('',#9524,(#9528,#9535),.PCURVE_S1.);
#9524 = LINE('',#9525,#9526);
#9525 = CARTESIAN_POINT('',(254.125,-6.,-10.79422863406));
#9526 = VECTOR('',#9527,1.);
#9527 = DIRECTION('',(0.,0.,1.));
#9528 = PCURVE('',#9484,#9529);
#9529 = DEFINITIONAL_REPRESENTATION('',(#9530),#9534);
#9530 = LINE('',#9531,#9532);
#9531 = CARTESIAN_POINT('',(0.,0.));
#9532 = VECTOR('',#9533,1.);
#9533 = DIRECTION('',(1.,0.));
#9534 = ( GEOMETRIC_REPRESENTATION_CONTEXT(2) 
PARAMETRIC_REPRESENTATION_CONTEXT() REPRESENTATION_CONTEXT('2D SPACE',''
  ) );
#9535 = PCURVE('',#9347,#9536);
#9536 = DEFINITIONAL_REPRESENTATION('',(#9537),#9541);
#9537 = LINE('',#9538,#9539);
#9538 = CARTESIAN_POINT('',(0.,2.25));
#9539 = VECTOR('',#9540,1.);
#9540 = DIRECTION('',(1.,0.));
#9541 = ( GEOMETRIC_REPRESENTATION_CONTEXT(2) 
PARAMETRIC_REPRESENTATION_CONTEXT() REPRESENTATION_CONTEXT('2D SPACE',''
  ) );
#9542 = ORIENTED_EDGE('',*,*,#9468,.T.);
#9543 = ORIENTED_EDGE('',*,*,#9544,.T.);
#9544 = EDGE_CURVE('',#9469,#9545,#9547,.T.);
#9545 = VERTEX_POINT('',#9546);
#9546 = CARTESIAN_POINT('',(254.125,-3.,-4.79422863406));
#9547 = SURFACE_CURVE('',#9548,(#9552,#9559),.PCURVE_S1.);
#9548 = LINE('',#9549,#9550);
#9549 = CARTESIAN_POINT('',(254.125,-3.,-10.79422863406));
#9550 = VECTOR('',#9551,1.);
#9551 = DIRECTION('',(0.,0.,1.));
#9552 = PCURVE('',#9484,#9553);
#9553 = DEFINITIONAL_REPRESENTATION('',(#9554),#9558);
#9554 = LINE('',#9555,#9556);
#9555 = CARTESIAN_POINT('',(0.,-3.));
#9556 = VECTOR('',#9557,1.);
#9557 = DIRECTION('',(1.,0.));
#9558 = ( GEOMETRIC_REPRESENTATION_CONTEXT(2) 
PARAMETRIC_REPRESENTATION_CONTEXT() REPRESENTATION_CONTEXT('2D SPACE',''
  ) );
#9559 = PCURVE('',#9403,#9560);
#9560 = DEFINITIONAL_REPRESENTATION('',(#9561),#9565);
#9561 = LINE('',#9562,#9563);
#9562 = CARTESIAN_POINT('',(0.,2.25));
#9563 = VECTOR('',#9564,1.);
#9564 = DIRECTION('',(1.,0.));
#9565 = ( GEOMETRIC_REPRESENTATION_CONTEXT(2) 
PARAMETRIC_REPRESENTATION_CONTEXT() REPRESENTATION_CONTEXT('2D SPACE',''
  ) );
#9566 = ORIENTED_EDGE('',*,*,#9567,.F.);
#9567 = EDGE_CURVE('',#9521,#9545,#9568,.T.);
#9568 = SURFACE_CURVE('',#9569,(#9573,#9580),.PCURVE_S1.);
#9569 = LINE('',#9570,#9571);
#9570 = CARTESIAN_POINT('',(254.125,-6.,-4.79422863406));
#9571 = VECTOR('',#9572,1.);
#9572 = DIRECTION('',(0.,1.,0.));
#9573 = PCURVE('',#9484,#9574);
#9574 = DEFINITIONAL_REPRESENTATION('',(#9575),#9579);
#9575 = LINE('',#9576,#9577);
#9576 = CARTESIAN_POINT('',(6.,0.));
#9577 = VECTOR('',#9578,1.);
#9578 = DIRECTION('',(0.,-1.));
#9579 = ( GEOMETRIC_REPRESENTATION_CONTEXT(2) 
PARAMETRIC_REPRESENTATION_CONTEXT() REPRESENTATION_CONTEXT('2D SPACE',''
  ) );
#9580 = PCURVE('',#9429,#9581);
#9581 = DEFINITIONAL_REPRESENTATION('',(#9582),#9586);
#9582 = LINE('',#9583,#9584);
#9583 = CARTESIAN_POINT('',(2.25,0.));
#9584 = VECTOR('',#9585,1.);
#9585 = DIRECTION('',(0.,1.));
#9586 = ( GEOMETRIC_REPRESENTATION_CONTEXT(2) 
PARAMETRIC_REPRESENTATION_CONTEXT() REPRESENTATION_CONTEXT('2D SPACE',''
  ) );
#9587 = ADVANCED_FACE('',(#9588),#9403,.T.);
#9588 = FACE_BOUND('',#9589,.T.);
#9589 = EDGE_LOOP('',(#9590,#9591,#9592,#9613));
#9590 = ORIENTED_EDGE('',*,*,#9496,.F.);
#9591 = ORIENTED_EDGE('',*,*,#9387,.T.);
#9592 = ORIENTED_EDGE('',*,*,#9593,.T.);
#9593 = EDGE_CURVE('',#9388,#9545,#9594,.T.);
#9594 = SURFACE_CURVE('',#9595,(#9599,#9606),.PCURVE_S1.);
#9595 = LINE('',#9596,#9597);
#9596 = CARTESIAN_POINT('',(251.875,-3.,-4.79422863406));
#9597 = VECTOR('',#9598,1.);
#9598 = DIRECTION('',(1.,0.,0.));
#9599 = PCURVE('',#9403,#9600);
#9600 = DEFINITIONAL_REPRESENTATION('',(#9601),#9605);
#9601 = LINE('',#9602,#9603);
#9602 = CARTESIAN_POINT('',(6.,0.));
#9603 = VECTOR('',#9604,1.);
#9604 = DIRECTION('',(0.,1.));
#9605 = ( GEOMETRIC_REPRESENTATION_CONTEXT(2) 
PARAMETRIC_REPRESENTATION_CONTEXT() REPRESENTATION_CONTEXT('2D SPACE',''
  ) );
#9606 = PCURVE('',#9429,#9607);
#9607 = DEFINITIONAL_REPRESENTATION('',(#9608),#9612);
#9608 = LINE('',#9609,#9610);
#9609 = CARTESIAN_POINT('',(0.,3.));
#9610 = VECTOR('',#9611,1.);
#9611 = DIRECTION('',(1.,0.));
#9612 = ( GEOMETRIC_REPRESENTATION_CONTEXT(2) 
PARAMETRIC_REPRESENTATION_CONTEXT() REPRESENTATION_CONTEXT('2D SPACE',''
  ) );
#9613 = ORIENTED_EDGE('',*,*,#9544,.F.);
#9614 = ADVANCED_FACE('',(#9615),#9429,.T.);
#9615 = FACE_BOUND('',#9616,.T.);
#9616 = EDGE_LOOP('',(#9617,#9618,#9639,#9640));
#9617 = ORIENTED_EDGE('',*,*,#9415,.F.);
#9618 = ORIENTED_EDGE('',*,*,#9619,.T.);
#9619 = EDGE_CURVE('',#9327,#9521,#9620,.T.);
#9620 = SURFACE_CURVE('',#9621,(#9625,#9632),.PCURVE_S1.);
#9621 = LINE('',#9622,#9623);
#9622 = CARTESIAN_POINT('',(251.875,-6.,-4.79422863406));
#9623 = VECTOR('',#9624,1.);
#9624 = DIRECTION('',(1.,0.,0.));
#9625 = PCURVE('',#9429,#9626);
#9626 = DEFINITIONAL_REPRESENTATION('',(#9627),#9631);
#9627 = LINE('',#9628,#9629);
#9628 = CARTESIAN_POINT('',(0.,0.));
#9629 = VECTOR('',#9630,1.);
#9630 = DIRECTION('',(1.,0.));
#9631 = ( GEOMETRIC_REPRESENTATION_CONTEXT(2) 
PARAMETRIC_REPRESENTATION_CONTEXT() REPRESENTATION_CONTEXT('2D SPACE',''
  ) );
#9632 = PCURVE('',#9347,#9633);
#9633 = DEFINITIONAL_REPRESENTATION('',(#9634),#9638);
#9634 = LINE('',#9635,#9636);
#9635 = CARTESIAN_POINT('',(6.,0.));
#9636 = VECTOR('',#9637,1.);
#9637 = DIRECTION('',(0.,1.));
#9638 = ( GEOMETRIC_REPRESENTATION_CONTEXT(2) 
PARAMETRIC_REPRESENTATION_CONTEXT() REPRESENTATION_CONTEXT('2D SPACE',''
  ) );
#9639 = ORIENTED_EDGE('',*,*,#9567,.T.);
#9640 = ORIENTED_EDGE('',*,*,#9593,.F.);
#9641 = ADVANCED_FACE('',(#9642),#9347,.F.);
#9642 = FACE_BOUND('',#9643,.F.);
#9643 = EDGE_LOOP('',(#9644,#9645,#9646,#9647));
#9644 = ORIENTED_EDGE('',*,*,#9445,.F.);
#9645 = ORIENTED_EDGE('',*,*,#9324,.T.);
#9646 = ORIENTED_EDGE('',*,*,#9619,.T.);
#9647 = ORIENTED_EDGE('',*,*,#9520,.F.);
#9648 = ( GEOMETRIC_REPRESENTATION_CONTEXT(3) 
GLOBAL_UNCERTAINTY_ASSIGNED_CONTEXT((#9652)) 
GLOBAL_UNIT_ASSIGNED_CONTEXT((#9649,#9650,#9651)) REPRESENTATION_CONTEXT
('Context #1','3D Context with UNIT and UNCERTAINTY') );
#9649 = ( LENGTH_UNIT() NAMED_UNIT(*) SI_UNIT(.MILLI.,.METRE.) );
#9650 = ( NAMED_UNIT(*) PLANE_ANGLE_UNIT() SI_UNIT($,.RADIAN.) );
#9651 = ( NAMED_UNIT(*) SI_UNIT($,.STERADIAN.) SOLID_ANGLE_UNIT() );
#9652 = UNCERTAINTY_MEASURE_WITH_UNIT(LENGTH_MEASURE(1.E-07),#9649,
  'distance_accuracy_value','confusion accuracy');
#9653 = CONTEXT_DEPENDENT_SHAPE_REPRESENTATION(#9654,#9656);
#9654 = ( REPRESENTATION_RELATIONSHIP('','',#9317,#10) 
REPRESENTATION_RELATIONSHIP_WITH_TRANSFORMATION(#9655) 
SHAPE_REPRESENTATION_RELATIONSHIP() );
#9655 = ITEM_DEFINED_TRANSFORMATION('','',#11,#27);
#9656 = PRODUCT_DEFINITION_SHAPE('Placement','Placement of an item',
  #9657);
#9657 = NEXT_ASSEMBLY_USAGE_OCCURRENCE('15','','',#5,#9312,$);
#9658 = PRODUCT_RELATED_PRODUCT_CATEGORY('part',$,(#9314));
ENDSEC;
END-ISO-10303-21;
