ISO-10303-21;
HEADER;
FILE_DESCRIPTION(('Open CASCADE Model'),'2;1');
FILE_NAME('Open CASCADE Shape Model','2026-08-25T14:01:14',('Author'),(
    'Open CASCADE'),'Open CASCADE STEP processor 7.9','Open CASCADE 7.9'
  ,'Unknown');
FILE_SCHEMA(('AUTOMOTIVE_DESIGN { 1 0 10303 214 1 1 1 1 }'));
ENDSEC;
DATA;
#1 = APPLICATION_PROTOCOL_DEFINITION('international standard',
  'automotive_design',2000,#2);
#2 = APPLICATION_CONTEXT(
  'core data for automotive mechanical design processes');
#3 = SHAPE_DEFINITION_REPRESENTATION(#4,#10);
#4 = PRODUCT_DEFINITION_SHAPE('','',#5);
#5 = PRODUCT_DEFINITION('design','',#6,#9);
#6 = PRODUCT_DEFINITION_FORMATION('','',#7);
#7 = PRODUCT('Open CASCADE STEP translator 7.9 18',
  'Open CASCADE STEP translator 7.9 18','',(#8));
#8 = PRODUCT_CONTEXT('',#2,'mechanical');
#9 = PRODUCT_DEFINITION_CONTEXT('part definition',#2,'design');
#10 = ADVANCED_BREP_SHAPE_REPRESENTATION('',(#11,#15),#15585);
#11 = AXIS2_PLACEMENT_3D('',#12,#13,#14);
#12 = CARTESIAN_POINT('',(0.,0.,0.));
#13 = DIRECTION('',(0.,0.,1.));
#14 = DIRECTION('',(1.,0.,-0.));
#15 = BREP_WITH_VOIDS('',#16,(#13471,#13655,#13948,#14241,#14425,#14921,
    #15487));
#16 = CLOSED_SHELL('',(#17,#239,#485,#648,#1016,#1044,#1049,#1241,#1485,
    #1540,#1618,#1751,#1800,#1919,#1969,#2001,#2094,#2177,#2270,#2346,
    #2500,#2622,#2654,#2754,#2782,#2921,#3074,#3106,#3162,#3217,#3668,
    #3804,#4018,#4045,#4072,#4305,#4384,#4416,#4810,#4891,#4918,#5106,
    #5276,#5304,#5309,#5341,#5373,#5378,#5383,#5416,#5471,#5526,#5604,
    #5680,#5729,#5778,#5827,#5854,#5911,#5987,#6036,#6085,#6134,#6161,
    #6296,#6367,#6443,#6492,#6541,#6568,#6768,#6891,#7014,#7064,#7114,
    #7260,#7410,#7550,#7606,#7639,#7722,#7810,#7870,#7953,#8008,#8084,
    #8133,#8182,#8209,#8285,#8334,#8383,#8410,#8486,#8514,#8590,#8673,
    #8728,#8806,#8879,#8985,#9013,#9092,#9098,#9130,#9157,#9211,#9219,
    #9223,#9231,#9258,#9357,#9364,#9418,#9651,#9812,#10040,#10072,#10325
    ,#10578,#10605,#10632,#10769,#10915,#11030,#11112,#11118,#11185,
    #11212,#11259,#11291,#11318,#11350,#11428,#11652,#11659,#11666,
    #11672,#11699,#11726,#11753,#11813,#11861,#11868,#11875,#11905,
    #11966,#12027,#12105,#12154,#12205,#12244,#12249,#12254,#12293,
    #12320,#12327,#12382,#12389,#12396,#12451,#12545,#12573,#12578,
    #12585,#12644,#12703,#12707,#12932,#12987,#13042,#13046,#13050,
    #13105,#13160,#13215,#13270,#13325,#13380,#13435,#13439,#13443,
    #13447,#13451,#13455,#13459,#13463,#13467));
#17 = ADVANCED_FACE('',(#18),#32,.F.);
#18 = FACE_BOUND('',#19,.F.);
#19 = EDGE_LOOP('',(#20,#55,#83,#111,#139,#167,#190,#213));
#20 = ORIENTED_EDGE('',*,*,#21,.F.);
#21 = EDGE_CURVE('',#22,#24,#26,.T.);
#22 = VERTEX_POINT('',#23);
#23 = CARTESIAN_POINT('',(160.,2.,-8.));
#24 = VERTEX_POINT('',#25);
#25 = CARTESIAN_POINT('',(160.,2.,8.));
#26 = SURFACE_CURVE('',#27,(#31,#43),.PCURVE_S1.);
#27 = LINE('',#28,#29);
#28 = CARTESIAN_POINT('',(160.,2.,-10.035));
#29 = VECTOR('',#30,1.);
#30 = DIRECTION('',(0.,0.,1.));
#31 = PCURVE('',#32,#37);
#32 = PLANE('',#33);
#33 = AXIS2_PLACEMENT_3D('',#34,#35,#36);
#34 = CARTESIAN_POINT('',(160.,-30.,-10.));
#35 = DIRECTION('',(1.,0.,0.));
#36 = DIRECTION('',(0.,0.,1.));
#37 = DEFINITIONAL_REPRESENTATION('',(#38),#42);
#38 = LINE('',#39,#40);
#39 = CARTESIAN_POINT('',(-3.5E-02,-32.));
#40 = VECTOR('',#41,1.);
#41 = DIRECTION('',(1.,0.));
#42 = ( GEOMETRIC_REPRESENTATION_CONTEXT(2) 
PARAMETRIC_REPRESENTATION_CONTEXT() REPRESENTATION_CONTEXT('2D SPACE',''
  ) );
#43 = PCURVE('',#44,#49);
#44 = PLANE('',#45);
#45 = AXIS2_PLACEMENT_3D('',#46,#47,#48);
#46 = CARTESIAN_POINT('',(149.45,2.,-10.07));
#47 = DIRECTION('',(0.,1.,0.));
#48 = DIRECTION('',(0.,0.,1.));
#49 = DEFINITIONAL_REPRESENTATION('',(#50),#54);
#50 = LINE('',#51,#52);
#51 = CARTESIAN_POINT('',(3.5E-02,10.55));
#52 = VECTOR('',#53,1.);
#53 = DIRECTION('',(1.,0.));
#54 = ( GEOMETRIC_REPRESENTATION_CONTEXT(2) 
PARAMETRIC_REPRESENTATION_CONTEXT() REPRESENTATION_CONTEXT('2D SPACE',''
  ) );
#55 = ORIENTED_EDGE('',*,*,#56,.T.);
#56 = EDGE_CURVE('',#22,#57,#59,.T.);
#57 = VERTEX_POINT('',#58);
#58 = CARTESIAN_POINT('',(160.,14.93,-8.));
#59 = SURFACE_CURVE('',#60,(#64,#71),.PCURVE_S1.);
#60 = LINE('',#61,#62);
#61 = CARTESIAN_POINT('',(160.,-30.,-8.));
#62 = VECTOR('',#63,1.);
#63 = DIRECTION('',(0.,1.,0.));
#64 = PCURVE('',#32,#65);
#65 = DEFINITIONAL_REPRESENTATION('',(#66),#70);
#66 = LINE('',#67,#68);
#67 = CARTESIAN_POINT('',(2.,0.));
#68 = VECTOR('',#69,1.);
#69 = DIRECTION('',(0.,-1.));
#70 = ( GEOMETRIC_REPRESENTATION_CONTEXT(2) 
PARAMETRIC_REPRESENTATION_CONTEXT() REPRESENTATION_CONTEXT('2D SPACE',''
  ) );
#71 = PCURVE('',#72,#77);
#72 = CYLINDRICAL_SURFACE('',#73,2.);
#73 = AXIS2_PLACEMENT_3D('',#74,#75,#76);
#74 = CARTESIAN_POINT('',(162.,-30.,-8.));
#75 = DIRECTION('',(0.,1.,0.));
#76 = DIRECTION('',(-1.,0.,0.));
#77 = DEFINITIONAL_REPRESENTATION('',(#78),#82);
#78 = LINE('',#79,#80);
#79 = CARTESIAN_POINT('',(-0.,0.));
#80 = VECTOR('',#81,1.);
#81 = DIRECTION('',(-0.,1.));
#82 = ( GEOMETRIC_REPRESENTATION_CONTEXT(2) 
PARAMETRIC_REPRESENTATION_CONTEXT() REPRESENTATION_CONTEXT('2D SPACE',''
  ) );
#83 = ORIENTED_EDGE('',*,*,#84,.F.);
#84 = EDGE_CURVE('',#85,#57,#87,.T.);
#85 = VERTEX_POINT('',#86);
#86 = CARTESIAN_POINT('',(160.,14.93,-6.873863542434));
#87 = SURFACE_CURVE('',#88,(#92,#99),.PCURVE_S1.);
#88 = LINE('',#89,#90);
#89 = CARTESIAN_POINT('',(160.,14.93,-15.));
#90 = VECTOR('',#91,1.);
#91 = DIRECTION('',(0.,-1.110223024625E-16,-1.));
#92 = PCURVE('',#32,#93);
#93 = DEFINITIONAL_REPRESENTATION('',(#94),#98);
#94 = LINE('',#95,#96);
#95 = CARTESIAN_POINT('',(-5.,-44.93));
#96 = VECTOR('',#97,1.);
#97 = DIRECTION('',(-1.,1.110223024625E-16));
#98 = ( GEOMETRIC_REPRESENTATION_CONTEXT(2) 
PARAMETRIC_REPRESENTATION_CONTEXT() REPRESENTATION_CONTEXT('2D SPACE',''
  ) );
#99 = PCURVE('',#100,#105);
#100 = PLANE('',#101);
#101 = AXIS2_PLACEMENT_3D('',#102,#103,#104);
#102 = CARTESIAN_POINT('',(149.45,14.93,-20.));
#103 = DIRECTION('',(0.,-1.,1.110223024625E-16));
#104 = DIRECTION('',(1.,0.,0.));
#105 = DEFINITIONAL_REPRESENTATION('',(#106),#110);
#106 = LINE('',#107,#108);
#107 = CARTESIAN_POINT('',(10.55,5.));
#108 = VECTOR('',#109,1.);
#109 = DIRECTION('',(0.,-1.));
#110 = ( GEOMETRIC_REPRESENTATION_CONTEXT(2) 
PARAMETRIC_REPRESENTATION_CONTEXT() REPRESENTATION_CONTEXT('2D SPACE',''
  ) );
#111 = ORIENTED_EDGE('',*,*,#112,.F.);
#112 = EDGE_CURVE('',#113,#85,#115,.T.);
#113 = VERTEX_POINT('',#114);
#114 = CARTESIAN_POINT('',(160.,13.43,-6.873863542434));
#115 = SURFACE_CURVE('',#116,(#120,#127),.PCURVE_S1.);
#116 = LINE('',#117,#118);
#117 = CARTESIAN_POINT('',(160.,14.93,-6.873863542434));
#118 = VECTOR('',#119,1.);
#119 = DIRECTION('',(-0.,1.,-1.110223024625E-16));
#120 = PCURVE('',#32,#121);
#121 = DEFINITIONAL_REPRESENTATION('',(#122),#126);
#122 = LINE('',#123,#124);
#123 = CARTESIAN_POINT('',(3.126136457566,-44.93));
#124 = VECTOR('',#125,1.);
#125 = DIRECTION('',(-1.110223024625E-16,-1.));
#126 = ( GEOMETRIC_REPRESENTATION_CONTEXT(2) 
PARAMETRIC_REPRESENTATION_CONTEXT() REPRESENTATION_CONTEXT('2D SPACE',''
  ) );
#127 = PCURVE('',#128,#133);
#128 = CYLINDRICAL_SURFACE('',#129,16.5);
#129 = AXIS2_PLACEMENT_3D('',#130,#131,#132);
#130 = CARTESIAN_POINT('',(175.,14.93,1.117994585798E-15));
#131 = DIRECTION('',(-0.,1.,-1.110223024625E-16));
#132 = DIRECTION('',(1.,0.,0.));
#133 = DEFINITIONAL_REPRESENTATION('',(#134),#138);
#134 = LINE('',#135,#136);
#135 = CARTESIAN_POINT('',(-3.571292319741,7.631521572941E-16));
#136 = VECTOR('',#137,1.);
#137 = DIRECTION('',(-0.,1.));
#138 = ( GEOMETRIC_REPRESENTATION_CONTEXT(2) 
PARAMETRIC_REPRESENTATION_CONTEXT() REPRESENTATION_CONTEXT('2D SPACE',''
  ) );
#139 = ORIENTED_EDGE('',*,*,#140,.F.);
#140 = EDGE_CURVE('',#141,#113,#143,.T.);
#141 = VERTEX_POINT('',#142);
#142 = CARTESIAN_POINT('',(160.,13.43,6.873863542434));
#143 = SURFACE_CURVE('',#144,(#148,#155),.PCURVE_S1.);
#144 = LINE('',#145,#146);
#145 = CARTESIAN_POINT('',(160.,13.43,-5.));
#146 = VECTOR('',#147,1.);
#147 = DIRECTION('',(0.,-1.110223024625E-16,-1.));
#148 = PCURVE('',#32,#149);
#149 = DEFINITIONAL_REPRESENTATION('',(#150),#154);
#150 = LINE('',#151,#152);
#151 = CARTESIAN_POINT('',(5.,-43.43));
#152 = VECTOR('',#153,1.);
#153 = DIRECTION('',(-1.,1.110223024625E-16));
#154 = ( GEOMETRIC_REPRESENTATION_CONTEXT(2) 
PARAMETRIC_REPRESENTATION_CONTEXT() REPRESENTATION_CONTEXT('2D SPACE',''
  ) );
#155 = PCURVE('',#156,#161);
#156 = PLANE('',#157);
#157 = AXIS2_PLACEMENT_3D('',#158,#159,#160);
#158 = CARTESIAN_POINT('',(175.,13.43,1.273973576343E-15));
#159 = DIRECTION('',(0.,-1.,1.110223024625E-16));
#160 = DIRECTION('',(1.,0.,0.));
#161 = DEFINITIONAL_REPRESENTATION('',(#162),#166);
#162 = LINE('',#163,#164);
#163 = CARTESIAN_POINT('',(-15.,-5.));
#164 = VECTOR('',#165,1.);
#165 = DIRECTION('',(0.,-1.));
#166 = ( GEOMETRIC_REPRESENTATION_CONTEXT(2) 
PARAMETRIC_REPRESENTATION_CONTEXT() REPRESENTATION_CONTEXT('2D SPACE',''
  ) );
#167 = ORIENTED_EDGE('',*,*,#168,.T.);
#168 = EDGE_CURVE('',#141,#169,#171,.T.);
#169 = VERTEX_POINT('',#170);
#170 = CARTESIAN_POINT('',(160.,14.93,6.873863542434));
#171 = SURFACE_CURVE('',#172,(#176,#183),.PCURVE_S1.);
#172 = LINE('',#173,#174);
#173 = CARTESIAN_POINT('',(160.,14.93,6.873863542434));
#174 = VECTOR('',#175,1.);
#175 = DIRECTION('',(-0.,1.,-1.110223024625E-16));
#176 = PCURVE('',#32,#177);
#177 = DEFINITIONAL_REPRESENTATION('',(#178),#182);
#178 = LINE('',#179,#180);
#179 = CARTESIAN_POINT('',(16.873863542434,-44.93));
#180 = VECTOR('',#181,1.);
#181 = DIRECTION('',(-1.110223024625E-16,-1.));
#182 = ( GEOMETRIC_REPRESENTATION_CONTEXT(2) 
PARAMETRIC_REPRESENTATION_CONTEXT() REPRESENTATION_CONTEXT('2D SPACE',''
  ) );
#183 = PCURVE('',#128,#184);
#184 = DEFINITIONAL_REPRESENTATION('',(#185),#189);
#185 = LINE('',#186,#187);
#186 = CARTESIAN_POINT('',(-2.711892987438,-7.631521572941E-16));
#187 = VECTOR('',#188,1.);
#188 = DIRECTION('',(-0.,1.));
#189 = ( GEOMETRIC_REPRESENTATION_CONTEXT(2) 
PARAMETRIC_REPRESENTATION_CONTEXT() REPRESENTATION_CONTEXT('2D SPACE',''
  ) );
#190 = ORIENTED_EDGE('',*,*,#191,.F.);
#191 = EDGE_CURVE('',#192,#169,#194,.T.);
#192 = VERTEX_POINT('',#193);
#193 = CARTESIAN_POINT('',(160.,14.93,8.));
#194 = SURFACE_CURVE('',#195,(#199,#206),.PCURVE_S1.);
#195 = LINE('',#196,#197);
#196 = CARTESIAN_POINT('',(160.,14.93,-15.));
#197 = VECTOR('',#198,1.);
#198 = DIRECTION('',(0.,-1.110223024625E-16,-1.));
#199 = PCURVE('',#32,#200);
#200 = DEFINITIONAL_REPRESENTATION('',(#201),#205);
#201 = LINE('',#202,#203);
#202 = CARTESIAN_POINT('',(-5.,-44.93));
#203 = VECTOR('',#204,1.);
#204 = DIRECTION('',(-1.,1.110223024625E-16));
#205 = ( GEOMETRIC_REPRESENTATION_CONTEXT(2) 
PARAMETRIC_REPRESENTATION_CONTEXT() REPRESENTATION_CONTEXT('2D SPACE',''
  ) );
#206 = PCURVE('',#100,#207);
#207 = DEFINITIONAL_REPRESENTATION('',(#208),#212);
#208 = LINE('',#209,#210);
#209 = CARTESIAN_POINT('',(10.55,5.));
#210 = VECTOR('',#211,1.);
#211 = DIRECTION('',(0.,-1.));
#212 = ( GEOMETRIC_REPRESENTATION_CONTEXT(2) 
PARAMETRIC_REPRESENTATION_CONTEXT() REPRESENTATION_CONTEXT('2D SPACE',''
  ) );
#213 = ORIENTED_EDGE('',*,*,#214,.F.);
#214 = EDGE_CURVE('',#24,#192,#215,.T.);
#215 = SURFACE_CURVE('',#216,(#220,#227),.PCURVE_S1.);
#216 = LINE('',#217,#218);
#217 = CARTESIAN_POINT('',(160.,-30.,8.));
#218 = VECTOR('',#219,1.);
#219 = DIRECTION('',(0.,1.,0.));
#220 = PCURVE('',#32,#221);
#221 = DEFINITIONAL_REPRESENTATION('',(#222),#226);
#222 = LINE('',#223,#224);
#223 = CARTESIAN_POINT('',(18.,0.));
#224 = VECTOR('',#225,1.);
#225 = DIRECTION('',(0.,-1.));
#226 = ( GEOMETRIC_REPRESENTATION_CONTEXT(2) 
PARAMETRIC_REPRESENTATION_CONTEXT() REPRESENTATION_CONTEXT('2D SPACE',''
  ) );
#227 = PCURVE('',#228,#233);
#228 = CYLINDRICAL_SURFACE('',#229,2.);
#229 = AXIS2_PLACEMENT_3D('',#230,#231,#232);
#230 = CARTESIAN_POINT('',(162.,-30.,8.));
#231 = DIRECTION('',(0.,1.,0.));
#232 = DIRECTION('',(-1.,0.,0.));
#233 = DEFINITIONAL_REPRESENTATION('',(#234),#238);
#234 = LINE('',#235,#236);
#235 = CARTESIAN_POINT('',(0.,0.));
#236 = VECTOR('',#237,1.);
#237 = DIRECTION('',(0.,1.));
#238 = ( GEOMETRIC_REPRESENTATION_CONTEXT(2) 
PARAMETRIC_REPRESENTATION_CONTEXT() REPRESENTATION_CONTEXT('2D SPACE',''
  ) );
#239 = ADVANCED_FACE('',(#240),#44,.T.);
#240 = FACE_BOUND('',#241,.T.);
#241 = EDGE_LOOP('',(#242,#272,#300,#328,#356,#384,#412,#440,#462,#463)
  );
#242 = ORIENTED_EDGE('',*,*,#243,.F.);
#243 = EDGE_CURVE('',#244,#246,#248,.T.);
#244 = VERTEX_POINT('',#245);
#245 = CARTESIAN_POINT('',(150.95,2.,-8.57));
#246 = VERTEX_POINT('',#247);
#247 = CARTESIAN_POINT('',(160.08294496688,2.,-8.57));
#248 = SURFACE_CURVE('',#249,(#253,#260),.PCURVE_S1.);
#249 = LINE('',#250,#251);
#250 = CARTESIAN_POINT('',(149.45,2.,-8.57));
#251 = VECTOR('',#252,1.);
#252 = DIRECTION('',(1.,0.,0.));
#253 = PCURVE('',#44,#254);
#254 = DEFINITIONAL_REPRESENTATION('',(#255),#259);
#255 = LINE('',#256,#257);
#256 = CARTESIAN_POINT('',(1.5,0.));
#257 = VECTOR('',#258,1.);
#258 = DIRECTION('',(0.,1.));
#259 = ( GEOMETRIC_REPRESENTATION_CONTEXT(2) 
PARAMETRIC_REPRESENTATION_CONTEXT() REPRESENTATION_CONTEXT('2D SPACE',''
  ) );
#260 = PCURVE('',#261,#266);
#261 = CYLINDRICAL_SURFACE('',#262,1.5);
#262 = AXIS2_PLACEMENT_3D('',#263,#264,#265);
#263 = CARTESIAN_POINT('',(149.45,0.5,-8.57));
#264 = DIRECTION('',(1.,0.,0.));
#265 = DIRECTION('',(-0.,1.,0.));
#266 = DEFINITIONAL_REPRESENTATION('',(#267),#271);
#267 = LINE('',#268,#269);
#268 = CARTESIAN_POINT('',(-0.,0.));
#269 = VECTOR('',#270,1.);
#270 = DIRECTION('',(-0.,1.));
#271 = ( GEOMETRIC_REPRESENTATION_CONTEXT(2) 
PARAMETRIC_REPRESENTATION_CONTEXT() REPRESENTATION_CONTEXT('2D SPACE',''
  ) );
#272 = ORIENTED_EDGE('',*,*,#273,.T.);
#273 = EDGE_CURVE('',#244,#274,#276,.T.);
#274 = VERTEX_POINT('',#275);
#275 = CARTESIAN_POINT('',(150.95,2.,-8.));
#276 = SURFACE_CURVE('',#277,(#281,#288),.PCURVE_S1.);
#277 = LINE('',#278,#279);
#278 = CARTESIAN_POINT('',(150.95,2.,-10.07));
#279 = VECTOR('',#280,1.);
#280 = DIRECTION('',(0.,0.,1.));
#281 = PCURVE('',#44,#282);
#282 = DEFINITIONAL_REPRESENTATION('',(#283),#287);
#283 = LINE('',#284,#285);
#284 = CARTESIAN_POINT('',(0.,1.5));
#285 = VECTOR('',#286,1.);
#286 = DIRECTION('',(1.,0.));
#287 = ( GEOMETRIC_REPRESENTATION_CONTEXT(2) 
PARAMETRIC_REPRESENTATION_CONTEXT() REPRESENTATION_CONTEXT('2D SPACE',''
  ) );
#288 = PCURVE('',#289,#294);
#289 = CYLINDRICAL_SURFACE('',#290,1.5);
#290 = AXIS2_PLACEMENT_3D('',#291,#292,#293);
#291 = CARTESIAN_POINT('',(150.95,0.5,-10.07));
#292 = DIRECTION('',(0.,0.,1.));
#293 = DIRECTION('',(-1.,-0.,0.));
#294 = DEFINITIONAL_REPRESENTATION('',(#295),#299);
#295 = LINE('',#296,#297);
#296 = CARTESIAN_POINT('',(-1.570796326795,0.));
#297 = VECTOR('',#298,1.);
#298 = DIRECTION('',(-0.,1.));
#299 = ( GEOMETRIC_REPRESENTATION_CONTEXT(2) 
PARAMETRIC_REPRESENTATION_CONTEXT() REPRESENTATION_CONTEXT('2D SPACE',''
  ) );
#300 = ORIENTED_EDGE('',*,*,#301,.F.);
#301 = EDGE_CURVE('',#302,#274,#304,.T.);
#302 = VERTEX_POINT('',#303);
#303 = CARTESIAN_POINT('',(158.,2.,-8.));
#304 = SURFACE_CURVE('',#305,(#309,#316),.PCURVE_S1.);
#305 = LINE('',#306,#307);
#306 = CARTESIAN_POINT('',(123.725,2.,-8.));
#307 = VECTOR('',#308,1.);
#308 = DIRECTION('',(-1.,0.,0.));
#309 = PCURVE('',#44,#310);
#310 = DEFINITIONAL_REPRESENTATION('',(#311),#315);
#311 = LINE('',#312,#313);
#312 = CARTESIAN_POINT('',(2.07,-25.725));
#313 = VECTOR('',#314,1.);
#314 = DIRECTION('',(0.,-1.));
#315 = ( GEOMETRIC_REPRESENTATION_CONTEXT(2) 
PARAMETRIC_REPRESENTATION_CONTEXT() REPRESENTATION_CONTEXT('2D SPACE',''
  ) );
#316 = PCURVE('',#317,#322);
#317 = PLANE('',#318);
#318 = AXIS2_PLACEMENT_3D('',#319,#320,#321);
#319 = CARTESIAN_POINT('',(98.,-11.,-8.));
#320 = DIRECTION('',(0.,0.,1.));
#321 = DIRECTION('',(1.,0.,0.));
#322 = DEFINITIONAL_REPRESENTATION('',(#323),#327);
#323 = LINE('',#324,#325);
#324 = CARTESIAN_POINT('',(25.725,13.));
#325 = VECTOR('',#326,1.);
#326 = DIRECTION('',(-1.,0.));
#327 = ( GEOMETRIC_REPRESENTATION_CONTEXT(2) 
PARAMETRIC_REPRESENTATION_CONTEXT() REPRESENTATION_CONTEXT('2D SPACE',''
  ) );
#328 = ORIENTED_EDGE('',*,*,#329,.T.);
#329 = EDGE_CURVE('',#302,#330,#332,.T.);
#330 = VERTEX_POINT('',#331);
#331 = CARTESIAN_POINT('',(158.,2.,8.));
#332 = SURFACE_CURVE('',#333,(#337,#344),.PCURVE_S1.);
#333 = LINE('',#334,#335);
#334 = CARTESIAN_POINT('',(158.,2.,-9.035));
#335 = VECTOR('',#336,1.);
#336 = DIRECTION('',(0.,0.,1.));
#337 = PCURVE('',#44,#338);
#338 = DEFINITIONAL_REPRESENTATION('',(#339),#343);
#339 = LINE('',#340,#341);
#340 = CARTESIAN_POINT('',(1.035,8.55));
#341 = VECTOR('',#342,1.);
#342 = DIRECTION('',(1.,0.));
#343 = ( GEOMETRIC_REPRESENTATION_CONTEXT(2) 
PARAMETRIC_REPRESENTATION_CONTEXT() REPRESENTATION_CONTEXT('2D SPACE',''
  ) );
#344 = PCURVE('',#345,#350);
#345 = PLANE('',#346);
#346 = AXIS2_PLACEMENT_3D('',#347,#348,#349);
#347 = CARTESIAN_POINT('',(158.,-11.,-8.));
#348 = DIRECTION('',(1.,0.,0.));
#349 = DIRECTION('',(0.,0.,1.));
#350 = DEFINITIONAL_REPRESENTATION('',(#351),#355);
#351 = LINE('',#352,#353);
#352 = CARTESIAN_POINT('',(-1.035,-13.));
#353 = VECTOR('',#354,1.);
#354 = DIRECTION('',(1.,0.));
#355 = ( GEOMETRIC_REPRESENTATION_CONTEXT(2) 
PARAMETRIC_REPRESENTATION_CONTEXT() REPRESENTATION_CONTEXT('2D SPACE',''
  ) );
#356 = ORIENTED_EDGE('',*,*,#357,.T.);
#357 = EDGE_CURVE('',#330,#358,#360,.T.);
#358 = VERTEX_POINT('',#359);
#359 = CARTESIAN_POINT('',(150.95,2.,8.));
#360 = SURFACE_CURVE('',#361,(#365,#372),.PCURVE_S1.);
#361 = LINE('',#362,#363);
#362 = CARTESIAN_POINT('',(123.725,2.,8.));
#363 = VECTOR('',#364,1.);
#364 = DIRECTION('',(-1.,0.,0.));
#365 = PCURVE('',#44,#366);
#366 = DEFINITIONAL_REPRESENTATION('',(#367),#371);
#367 = LINE('',#368,#369);
#368 = CARTESIAN_POINT('',(18.07,-25.725));
#369 = VECTOR('',#370,1.);
#370 = DIRECTION('',(0.,-1.));
#371 = ( GEOMETRIC_REPRESENTATION_CONTEXT(2) 
PARAMETRIC_REPRESENTATION_CONTEXT() REPRESENTATION_CONTEXT('2D SPACE',''
  ) );
#372 = PCURVE('',#373,#378);
#373 = PLANE('',#374);
#374 = AXIS2_PLACEMENT_3D('',#375,#376,#377);
#375 = CARTESIAN_POINT('',(98.,-11.,8.));
#376 = DIRECTION('',(0.,0.,1.));
#377 = DIRECTION('',(1.,0.,0.));
#378 = DEFINITIONAL_REPRESENTATION('',(#379),#383);
#379 = LINE('',#380,#381);
#380 = CARTESIAN_POINT('',(25.725,13.));
#381 = VECTOR('',#382,1.);
#382 = DIRECTION('',(-1.,0.));
#383 = ( GEOMETRIC_REPRESENTATION_CONTEXT(2) 
PARAMETRIC_REPRESENTATION_CONTEXT() REPRESENTATION_CONTEXT('2D SPACE',''
  ) );
#384 = ORIENTED_EDGE('',*,*,#385,.T.);
#385 = EDGE_CURVE('',#358,#386,#388,.T.);
#386 = VERTEX_POINT('',#387);
#387 = CARTESIAN_POINT('',(150.95,2.,8.57));
#388 = SURFACE_CURVE('',#389,(#393,#400),.PCURVE_S1.);
#389 = LINE('',#390,#391);
#390 = CARTESIAN_POINT('',(150.95,2.,-10.07));
#391 = VECTOR('',#392,1.);
#392 = DIRECTION('',(0.,0.,1.));
#393 = PCURVE('',#44,#394);
#394 = DEFINITIONAL_REPRESENTATION('',(#395),#399);
#395 = LINE('',#396,#397);
#396 = CARTESIAN_POINT('',(0.,1.5));
#397 = VECTOR('',#398,1.);
#398 = DIRECTION('',(1.,0.));
#399 = ( GEOMETRIC_REPRESENTATION_CONTEXT(2) 
PARAMETRIC_REPRESENTATION_CONTEXT() REPRESENTATION_CONTEXT('2D SPACE',''
  ) );
#400 = PCURVE('',#401,#406);
#401 = CYLINDRICAL_SURFACE('',#402,1.5);
#402 = AXIS2_PLACEMENT_3D('',#403,#404,#405);
#403 = CARTESIAN_POINT('',(150.95,0.5,-10.07));
#404 = DIRECTION('',(0.,0.,1.));
#405 = DIRECTION('',(-1.,-0.,0.));
#406 = DEFINITIONAL_REPRESENTATION('',(#407),#411);
#407 = LINE('',#408,#409);
#408 = CARTESIAN_POINT('',(-1.570796326795,0.));
#409 = VECTOR('',#410,1.);
#410 = DIRECTION('',(-0.,1.));
#411 = ( GEOMETRIC_REPRESENTATION_CONTEXT(2) 
PARAMETRIC_REPRESENTATION_CONTEXT() REPRESENTATION_CONTEXT('2D SPACE',''
  ) );
#412 = ORIENTED_EDGE('',*,*,#413,.T.);
#413 = EDGE_CURVE('',#386,#414,#416,.T.);
#414 = VERTEX_POINT('',#415);
#415 = CARTESIAN_POINT('',(160.08294496688,2.,8.57));
#416 = SURFACE_CURVE('',#417,(#421,#428),.PCURVE_S1.);
#417 = LINE('',#418,#419);
#418 = CARTESIAN_POINT('',(149.45,2.,8.57));
#419 = VECTOR('',#420,1.);
#420 = DIRECTION('',(1.,0.,0.));
#421 = PCURVE('',#44,#422);
#422 = DEFINITIONAL_REPRESENTATION('',(#423),#427);
#423 = LINE('',#424,#425);
#424 = CARTESIAN_POINT('',(18.64,0.));
#425 = VECTOR('',#426,1.);
#426 = DIRECTION('',(0.,1.));
#427 = ( GEOMETRIC_REPRESENTATION_CONTEXT(2) 
PARAMETRIC_REPRESENTATION_CONTEXT() REPRESENTATION_CONTEXT('2D SPACE',''
  ) );
#428 = PCURVE('',#429,#434);
#429 = CYLINDRICAL_SURFACE('',#430,1.5);
#430 = AXIS2_PLACEMENT_3D('',#431,#432,#433);
#431 = CARTESIAN_POINT('',(149.45,0.5,8.57));
#432 = DIRECTION('',(1.,0.,0.));
#433 = DIRECTION('',(-0.,1.,0.));
#434 = DEFINITIONAL_REPRESENTATION('',(#435),#439);
#435 = LINE('',#436,#437);
#436 = CARTESIAN_POINT('',(0.,0.));
#437 = VECTOR('',#438,1.);
#438 = DIRECTION('',(0.,1.));
#439 = ( GEOMETRIC_REPRESENTATION_CONTEXT(2) 
PARAMETRIC_REPRESENTATION_CONTEXT() REPRESENTATION_CONTEXT('2D SPACE',''
  ) );
#440 = ORIENTED_EDGE('',*,*,#441,.F.);
#441 = EDGE_CURVE('',#24,#414,#442,.T.);
#442 = SURFACE_CURVE('',#443,(#448,#455),.PCURVE_S1.);
#443 = CIRCLE('',#444,2.);
#444 = AXIS2_PLACEMENT_3D('',#445,#446,#447);
#445 = CARTESIAN_POINT('',(162.,2.,8.));
#446 = DIRECTION('',(0.,1.,0.));
#447 = DIRECTION('',(-1.,0.,0.));
#448 = PCURVE('',#44,#449);
#449 = DEFINITIONAL_REPRESENTATION('',(#450),#454);
#450 = CIRCLE('',#451,2.);
#451 = AXIS2_PLACEMENT_2D('',#452,#453);
#452 = CARTESIAN_POINT('',(18.07,12.55));
#453 = DIRECTION('',(0.,-1.));
#454 = ( GEOMETRIC_REPRESENTATION_CONTEXT(2) 
PARAMETRIC_REPRESENTATION_CONTEXT() REPRESENTATION_CONTEXT('2D SPACE',''
  ) );
#455 = PCURVE('',#228,#456);
#456 = DEFINITIONAL_REPRESENTATION('',(#457),#461);
#457 = LINE('',#458,#459);
#458 = CARTESIAN_POINT('',(0.,32.));
#459 = VECTOR('',#460,1.);
#460 = DIRECTION('',(1.,0.));
#461 = ( GEOMETRIC_REPRESENTATION_CONTEXT(2) 
PARAMETRIC_REPRESENTATION_CONTEXT() REPRESENTATION_CONTEXT('2D SPACE',''
  ) );
#462 = ORIENTED_EDGE('',*,*,#21,.F.);
#463 = ORIENTED_EDGE('',*,*,#464,.F.);
#464 = EDGE_CURVE('',#246,#22,#465,.T.);
#465 = SURFACE_CURVE('',#466,(#471,#478),.PCURVE_S1.);
#466 = CIRCLE('',#467,2.);
#467 = AXIS2_PLACEMENT_3D('',#468,#469,#470);
#468 = CARTESIAN_POINT('',(162.,2.,-8.));
#469 = DIRECTION('',(0.,1.,0.));
#470 = DIRECTION('',(-1.,0.,0.));
#471 = PCURVE('',#44,#472);
#472 = DEFINITIONAL_REPRESENTATION('',(#473),#477);
#473 = CIRCLE('',#474,2.);
#474 = AXIS2_PLACEMENT_2D('',#475,#476);
#475 = CARTESIAN_POINT('',(2.07,12.55));
#476 = DIRECTION('',(0.,-1.));
#477 = ( GEOMETRIC_REPRESENTATION_CONTEXT(2) 
PARAMETRIC_REPRESENTATION_CONTEXT() REPRESENTATION_CONTEXT('2D SPACE',''
  ) );
#478 = PCURVE('',#72,#479);
#479 = DEFINITIONAL_REPRESENTATION('',(#480),#484);
#480 = LINE('',#481,#482);
#481 = CARTESIAN_POINT('',(-6.28318530718,32.));
#482 = VECTOR('',#483,1.);
#483 = DIRECTION('',(1.,-0.));
#484 = ( GEOMETRIC_REPRESENTATION_CONTEXT(2) 
PARAMETRIC_REPRESENTATION_CONTEXT() REPRESENTATION_CONTEXT('2D SPACE',''
  ) );
#485 = ADVANCED_FACE('',(#486),#228,.T.);
#486 = FACE_BOUND('',#487,.T.);
#487 = EDGE_LOOP('',(#488,#489,#490,#594,#622));
#488 = ORIENTED_EDGE('',*,*,#214,.F.);
#489 = ORIENTED_EDGE('',*,*,#441,.T.);
#490 = ORIENTED_EDGE('',*,*,#491,.T.);
#491 = EDGE_CURVE('',#414,#492,#494,.T.);
#492 = VERTEX_POINT('',#493);
#493 = CARTESIAN_POINT('',(161.47550023832,1.132771680782,9.93));
#494 = SURFACE_CURVE('',#495,(#526,#560),.PCURVE_S1.);
#495 = B_SPLINE_CURVE_WITH_KNOTS('',8,(#496,#497,#498,#499,#500,#501,
    #502,#503,#504,#505,#506,#507,#508,#509,#510,#511,#512,#513,#514,
    #515,#516,#517,#518,#519,#520,#521,#522,#523,#524,#525),
  .UNSPECIFIED.,.F.,.F.,(9,7,7,7,9),(0.,0.198063401399,0.631466336124,
    0.877558400687,1.),.UNSPECIFIED.);
#496 = CARTESIAN_POINT('',(160.08294496688,2.,8.57));
#497 = CARTESIAN_POINT('',(160.10482803838,2.,8.643598337472));
#498 = CARTESIAN_POINT('',(160.1297664591,1.99587297161,8.71565175699));
#499 = CARTESIAN_POINT('',(160.15758056838,1.987922150768,8.785885266766
    ));
#500 = CARTESIAN_POINT('',(160.18805246862,1.976464585198,8.854050068775
    ));
#501 = CARTESIAN_POINT('',(160.22092890972,1.961833690115,8.919923019582
    ));
#502 = CARTESIAN_POINT('',(160.25592316336,1.944380900137,8.983306622108
    ));
#503 = CARTESIAN_POINT('',(160.29271588719,1.924476417409,9.04402954833)
  );
#504 = CARTESIAN_POINT('',(160.41462987556,1.854440009037,9.22868435235)
  );
#505 = CARTESIAN_POINT('',(160.50594091851,1.796085893394,9.343066399029
    ));
#506 = CARTESIAN_POINT('',(160.6029165023,1.730353620465,9.445477131663)
  );
#507 = CARTESIAN_POINT('',(160.70407506357,1.659428962892,9.536620660773
    ));
#508 = CARTESIAN_POINT('',(160.80839377711,1.584937582719,9.617334689635
    ));
#509 = CARTESIAN_POINT('',(160.91542975116,1.50814262433,9.68848821086)
  );
#510 = CARTESIAN_POINT('',(161.02517751173,1.429874212695,9.75085131719)
  );
#511 = CARTESIAN_POINT('',(161.2027973988,1.306907035362,9.835633127187)
  );
#512 = CARTESIAN_POINT('',(161.26678825868,1.263345294947,9.862960396801
    ));
#513 = CARTESIAN_POINT('',(161.33158008278,1.220250369211,9.887729467233
    ));
#514 = CARTESIAN_POINT('',(161.3981044881,1.177399137701,9.910282432993)
  );
#515 = CARTESIAN_POINT('',(161.46677781887,1.135132640418,9.930525363123
    ));
#516 = CARTESIAN_POINT('',(161.53750165119,1.094523596532,9.948181472916
    ));
#517 = CARTESIAN_POINT('',(161.60993347347,1.057333660989,9.963026420478
    ));
#518 = CARTESIAN_POINT('',(161.72083465743,1.009906306093,9.980772345909
    ));
#519 = CARTESIAN_POINT('',(161.75892707473,0.995154323155,9.986062072155
    ));
#520 = CARTESIAN_POINT('',(161.79786259829,0.981955777965,9.990594713699
    ));
#521 = CARTESIAN_POINT('',(161.83738111215,0.97078054584,9.994289597041)
  );
#522 = CARTESIAN_POINT('',(161.87734711037,0.962017805756,9.997106224544
    ));
#523 = CARTESIAN_POINT('',(161.91772914039,0.955975215627,9.999019466244
    ));
#524 = CARTESIAN_POINT('',(161.95857747319,0.952879674969,10.));
#525 = CARTESIAN_POINT('',(162.,0.952879674969,10.));
#526 = PCURVE('',#228,#527);
#527 = DEFINITIONAL_REPRESENTATION('',(#528),#559);
#528 = B_SPLINE_CURVE_WITH_KNOTS('',8,(#529,#530,#531,#532,#533,#534,
    #535,#536,#537,#538,#539,#540,#541,#542,#543,#544,#545,#546,#547,
    #548,#549,#550,#551,#552,#553,#554,#555,#556,#557,#558),
  .UNSPECIFIED.,.F.,.F.,(9,7,7,7,9),(0.,0.198063401399,0.631466336124,
    0.877558400687,1.),.UNSPECIFIED.);
#529 = CARTESIAN_POINT('',(0.289006428174,32.));
#530 = CARTESIAN_POINT('',(0.327397781682,32.));
#531 = CARTESIAN_POINT('',(0.365484093446,31.99587297161));
#532 = CARTESIAN_POINT('',(0.403194222054,31.987922150768));
#533 = CARTESIAN_POINT('',(0.44045828728,31.976464585198));
#534 = CARTESIAN_POINT('',(0.477204467478,31.961833690115));
#535 = CARTESIAN_POINT('',(0.513356141047,31.944380900137));
#536 = CARTESIAN_POINT('',(0.548829371973,31.924476417409));
#537 = CARTESIAN_POINT('',(0.65946437684,31.854440009037));
#538 = CARTESIAN_POINT('',(0.732346658743,31.796085893394));
#539 = CARTESIAN_POINT('',(0.802460875122,31.730353620465));
#540 = CARTESIAN_POINT('',(0.870136973392,31.659428962892));
#541 = CARTESIAN_POINT('',(0.935734039551,31.584937582719));
#542 = CARTESIAN_POINT('',(0.999733946159,31.50814262433));
#543 = CARTESIAN_POINT('',(1.062687609112,31.429874212695));
#544 = CARTESIAN_POINT('',(1.161095916166,31.306907035362));
#545 = CARTESIAN_POINT('',(1.195856320548,31.263345294947));
#546 = CARTESIAN_POINT('',(1.230496822347,31.220250369211));
#547 = CARTESIAN_POINT('',(1.265564092806,31.177399137701));
#548 = CARTESIAN_POINT('',(1.301300841744,31.135132640418));
#549 = CARTESIAN_POINT('',(1.337693151825,31.094523596532));
#550 = CARTESIAN_POINT('',(1.37462705981,31.057333660989));
#551 = CARTESIAN_POINT('',(1.43078307123,31.009906306093));
#552 = CARTESIAN_POINT('',(1.450007915259,30.995154323155));
#553 = CARTESIAN_POINT('',(1.46959914494,30.981955777965));
#554 = CARTESIAN_POINT('',(1.489434314708,30.97078054584));
#555 = CARTESIAN_POINT('',(1.509456322028,30.962017805756));
#556 = CARTESIAN_POINT('',(1.529660908634,30.955975215627));
#557 = CARTESIAN_POINT('',(1.550085063394,30.952879674969));
#558 = CARTESIAN_POINT('',(1.570796326795,30.952879674969));
#559 = ( GEOMETRIC_REPRESENTATION_CONTEXT(2) 
PARAMETRIC_REPRESENTATION_CONTEXT() REPRESENTATION_CONTEXT('2D SPACE',''
  ) );
#560 = PCURVE('',#429,#561);
#561 = DEFINITIONAL_REPRESENTATION('',(#562),#593);
#562 = B_SPLINE_CURVE_WITH_KNOTS('',8,(#563,#564,#565,#566,#567,#568,
    #569,#570,#571,#572,#573,#574,#575,#576,#577,#578,#579,#580,#581,
    #582,#583,#584,#585,#586,#587,#588,#589,#590,#591,#592),
  .UNSPECIFIED.,.F.,.F.,(9,7,7,7,9),(0.,0.198063401399,0.631466336124,
    0.877558400687,1.),.UNSPECIFIED.);
#563 = CARTESIAN_POINT('',(0.,10.632944966883));
#564 = CARTESIAN_POINT('',(4.906555831437E-02,10.654828038383));
#565 = CARTESIAN_POINT('',(9.710119816039E-02,10.679766459106));
#566 = CARTESIAN_POINT('',(0.144103463108,10.707580568384));
#567 = CARTESIAN_POINT('',(0.190054956813,10.738052468628));
#568 = CARTESIAN_POINT('',(0.234924583914,10.770928909728));
#569 = CARTESIAN_POINT('',(0.278667410686,10.80592316336));
#570 = CARTESIAN_POINT('',(0.32122414542,10.842715887196));
#571 = CARTESIAN_POINT('',(0.452884474627,10.964629875568));
#572 = CARTESIAN_POINT('',(0.537979112383,11.055940918512));
#573 = CARTESIAN_POINT('',(0.618481072484,11.152916502301));
#574 = CARTESIAN_POINT('',(0.694883205427,11.25407506357));
#575 = CARTESIAN_POINT('',(0.76763958896,11.358393777117));
#576 = CARTESIAN_POINT('',(0.837105419099,11.465429751167));
#577 = CARTESIAN_POINT('',(0.903662904541,11.575177511731));
#578 = CARTESIAN_POINT('',(1.003237292162,11.752797398801));
#579 = CARTESIAN_POINT('',(1.037487306785,11.816788258682));
#580 = CARTESIAN_POINT('',(1.070585944691,11.881580082783));
#581 = CARTESIAN_POINT('',(1.102822044458,11.948104488108));
#582 = CARTESIAN_POINT('',(1.134023198333,12.016777818878));
#583 = CARTESIAN_POINT('',(1.16352053047,12.087501651196));
#584 = CARTESIAN_POINT('',(1.190209958998,12.159933473471));
#585 = CARTESIAN_POINT('',(1.223969052336,12.270834657438));
#586 = CARTESIAN_POINT('',(1.23441580093,12.308927074739));
#587 = CARTESIAN_POINT('',(1.24371809715,12.347862598298));
#588 = CARTESIAN_POINT('',(1.251564166491,12.387381112157));
#589 = CARTESIAN_POINT('',(1.257700205816,12.42734711037));
#590 = CARTESIAN_POINT('',(1.26192586614,12.467729140398));
#591 = CARTESIAN_POINT('',(1.264090554435,12.508577473198));
#592 = CARTESIAN_POINT('',(1.264090554435,12.55));
#593 = ( GEOMETRIC_REPRESENTATION_CONTEXT(2) 
PARAMETRIC_REPRESENTATION_CONTEXT() REPRESENTATION_CONTEXT('2D SPACE',''
  ) );
#594 = ORIENTED_EDGE('',*,*,#595,.T.);
#595 = EDGE_CURVE('',#492,#596,#598,.T.);
#596 = VERTEX_POINT('',#597);
#597 = CARTESIAN_POINT('',(161.47550023832,14.93,9.93));
#598 = SURFACE_CURVE('',#599,(#603,#610),.PCURVE_S1.);
#599 = LINE('',#600,#601);
#600 = CARTESIAN_POINT('',(161.47550023832,-30.,9.93));
#601 = VECTOR('',#602,1.);
#602 = DIRECTION('',(0.,1.,0.));
#603 = PCURVE('',#228,#604);
#604 = DEFINITIONAL_REPRESENTATION('',(#605),#609);
#605 = LINE('',#606,#607);
#606 = CARTESIAN_POINT('',(1.305443377197,0.));
#607 = VECTOR('',#608,1.);
#608 = DIRECTION('',(0.,1.));
#609 = ( GEOMETRIC_REPRESENTATION_CONTEXT(2) 
PARAMETRIC_REPRESENTATION_CONTEXT() REPRESENTATION_CONTEXT('2D SPACE',''
  ) );
#610 = PCURVE('',#611,#616);
#611 = PLANE('',#612);
#612 = AXIS2_PLACEMENT_3D('',#613,#614,#615);
#613 = CARTESIAN_POINT('',(149.45,-20.,9.93));
#614 = DIRECTION('',(0.,0.,1.));
#615 = DIRECTION('',(1.,0.,0.));
#616 = DEFINITIONAL_REPRESENTATION('',(#617),#621);
#617 = LINE('',#618,#619);
#618 = CARTESIAN_POINT('',(12.025500238322,-10.));
#619 = VECTOR('',#620,1.);
#620 = DIRECTION('',(0.,1.));
#621 = ( GEOMETRIC_REPRESENTATION_CONTEXT(2) 
PARAMETRIC_REPRESENTATION_CONTEXT() REPRESENTATION_CONTEXT('2D SPACE',''
  ) );
#622 = ORIENTED_EDGE('',*,*,#623,.F.);
#623 = EDGE_CURVE('',#192,#596,#624,.T.);
#624 = SURFACE_CURVE('',#625,(#630,#637),.PCURVE_S1.);
#625 = CIRCLE('',#626,2.);
#626 = AXIS2_PLACEMENT_3D('',#627,#628,#629);
#627 = CARTESIAN_POINT('',(162.,14.93,8.));
#628 = DIRECTION('',(0.,1.,0.));
#629 = DIRECTION('',(-1.,0.,0.));
#630 = PCURVE('',#228,#631);
#631 = DEFINITIONAL_REPRESENTATION('',(#632),#636);
#632 = LINE('',#633,#634);
#633 = CARTESIAN_POINT('',(0.,44.93));
#634 = VECTOR('',#635,1.);
#635 = DIRECTION('',(1.,0.));
#636 = ( GEOMETRIC_REPRESENTATION_CONTEXT(2) 
PARAMETRIC_REPRESENTATION_CONTEXT() REPRESENTATION_CONTEXT('2D SPACE',''
  ) );
#637 = PCURVE('',#100,#638);
#638 = DEFINITIONAL_REPRESENTATION('',(#639),#647);
#639 = ( BOUNDED_CURVE() B_SPLINE_CURVE(2,(#640,#641,#642,#643,#644,#645
,#646),.UNSPECIFIED.,.T.,.F.) B_SPLINE_CURVE_WITH_KNOTS((1,2,2,2,2,1),(
    -2.094395102393,0.,2.094395102393,4.188790204786,6.28318530718,
8.377580409573),.UNSPECIFIED.) CURVE() GEOMETRIC_REPRESENTATION_ITEM() 
RATIONAL_B_SPLINE_CURVE((1.,0.5,1.,0.5,1.,0.5,1.)) REPRESENTATION_ITEM(
  '') );
#640 = CARTESIAN_POINT('',(10.55,28.));
#641 = CARTESIAN_POINT('',(10.55,31.464101615138));
#642 = CARTESIAN_POINT('',(13.55,29.732050807569));
#643 = CARTESIAN_POINT('',(16.55,28.));
#644 = CARTESIAN_POINT('',(13.55,26.267949192431));
#645 = CARTESIAN_POINT('',(10.55,24.535898384862));
#646 = CARTESIAN_POINT('',(10.55,28.));
#647 = ( GEOMETRIC_REPRESENTATION_CONTEXT(2) 
PARAMETRIC_REPRESENTATION_CONTEXT() REPRESENTATION_CONTEXT('2D SPACE',''
  ) );
#648 = ADVANCED_FACE('',(#649),#100,.T.);
#649 = FACE_BOUND('',#650,.T.);
#650 = EDGE_LOOP('',(#651,#681,#709,#737,#765,#798,#826,#859,#882,#915,
    #944,#970,#971,#993,#994,#995));
#651 = ORIENTED_EDGE('',*,*,#652,.F.);
#652 = EDGE_CURVE('',#653,#655,#657,.T.);
#653 = VERTEX_POINT('',#654);
#654 = CARTESIAN_POINT('',(150.95,14.93,-18.5));
#655 = VERTEX_POINT('',#656);
#656 = CARTESIAN_POINT('',(150.95,14.93,9.93));
#657 = SURFACE_CURVE('',#658,(#662,#669),.PCURVE_S1.);
#658 = LINE('',#659,#660);
#659 = CARTESIAN_POINT('',(150.95,14.93,-20.));
#660 = VECTOR('',#661,1.);
#661 = DIRECTION('',(0.,1.110223024625E-16,1.));
#662 = PCURVE('',#100,#663);
#663 = DEFINITIONAL_REPRESENTATION('',(#664),#668);
#664 = LINE('',#665,#666);
#665 = CARTESIAN_POINT('',(1.5,0.));
#666 = VECTOR('',#667,1.);
#667 = DIRECTION('',(0.,1.));
#668 = ( GEOMETRIC_REPRESENTATION_CONTEXT(2) 
PARAMETRIC_REPRESENTATION_CONTEXT() REPRESENTATION_CONTEXT('2D SPACE',''
  ) );
#669 = PCURVE('',#670,#675);
#670 = CYLINDRICAL_SURFACE('',#671,1.5);
#671 = AXIS2_PLACEMENT_3D('',#672,#673,#674);
#672 = CARTESIAN_POINT('',(150.95,16.43,-20.));
#673 = DIRECTION('',(0.,1.110223024625E-16,1.));
#674 = DIRECTION('',(-1.,0.,0.));
#675 = DEFINITIONAL_REPRESENTATION('',(#676),#680);
#676 = LINE('',#677,#678);
#677 = CARTESIAN_POINT('',(1.570796326795,0.));
#678 = VECTOR('',#679,1.);
#679 = DIRECTION('',(0.,1.));
#680 = ( GEOMETRIC_REPRESENTATION_CONTEXT(2) 
PARAMETRIC_REPRESENTATION_CONTEXT() REPRESENTATION_CONTEXT('2D SPACE',''
  ) );
#681 = ORIENTED_EDGE('',*,*,#682,.T.);
#682 = EDGE_CURVE('',#653,#683,#685,.T.);
#683 = VERTEX_POINT('',#684);
#684 = CARTESIAN_POINT('',(199.05,14.93,-18.5));
#685 = SURFACE_CURVE('',#686,(#690,#697),.PCURVE_S1.);
#686 = LINE('',#687,#688);
#687 = CARTESIAN_POINT('',(149.45,14.93,-18.5));
#688 = VECTOR('',#689,1.);
#689 = DIRECTION('',(1.,0.,0.));
#690 = PCURVE('',#100,#691);
#691 = DEFINITIONAL_REPRESENTATION('',(#692),#696);
#692 = LINE('',#693,#694);
#693 = CARTESIAN_POINT('',(0.,1.5));
#694 = VECTOR('',#695,1.);
#695 = DIRECTION('',(1.,0.));
#696 = ( GEOMETRIC_REPRESENTATION_CONTEXT(2) 
PARAMETRIC_REPRESENTATION_CONTEXT() REPRESENTATION_CONTEXT('2D SPACE',''
  ) );
#697 = PCURVE('',#698,#703);
#698 = CYLINDRICAL_SURFACE('',#699,1.5);
#699 = AXIS2_PLACEMENT_3D('',#700,#701,#702);
#700 = CARTESIAN_POINT('',(149.45,16.43,-18.5));
#701 = DIRECTION('',(1.,0.,0.));
#702 = DIRECTION('',(0.,-1.110223024625E-16,-1.));
#703 = DEFINITIONAL_REPRESENTATION('',(#704),#708);
#704 = LINE('',#705,#706);
#705 = CARTESIAN_POINT('',(-1.570796326795,0.));
#706 = VECTOR('',#707,1.);
#707 = DIRECTION('',(-0.,1.));
#708 = ( GEOMETRIC_REPRESENTATION_CONTEXT(2) 
PARAMETRIC_REPRESENTATION_CONTEXT() REPRESENTATION_CONTEXT('2D SPACE',''
  ) );
#709 = ORIENTED_EDGE('',*,*,#710,.T.);
#710 = EDGE_CURVE('',#683,#711,#713,.T.);
#711 = VERTEX_POINT('',#712);
#712 = CARTESIAN_POINT('',(199.05,14.93,9.93));
#713 = SURFACE_CURVE('',#714,(#718,#725),.PCURVE_S1.);
#714 = LINE('',#715,#716);
#715 = CARTESIAN_POINT('',(199.05,14.93,-20.));
#716 = VECTOR('',#717,1.);
#717 = DIRECTION('',(0.,1.110223024625E-16,1.));
#718 = PCURVE('',#100,#719);
#719 = DEFINITIONAL_REPRESENTATION('',(#720),#724);
#720 = LINE('',#721,#722);
#721 = CARTESIAN_POINT('',(49.6,0.));
#722 = VECTOR('',#723,1.);
#723 = DIRECTION('',(0.,1.));
#724 = ( GEOMETRIC_REPRESENTATION_CONTEXT(2) 
PARAMETRIC_REPRESENTATION_CONTEXT() REPRESENTATION_CONTEXT('2D SPACE',''
  ) );
#725 = PCURVE('',#726,#731);
#726 = CYLINDRICAL_SURFACE('',#727,1.5);
#727 = AXIS2_PLACEMENT_3D('',#728,#729,#730);
#728 = CARTESIAN_POINT('',(199.05,16.43,-20.));
#729 = DIRECTION('',(0.,1.110223024625E-16,1.));
#730 = DIRECTION('',(1.,0.,0.));
#731 = DEFINITIONAL_REPRESENTATION('',(#732),#736);
#732 = LINE('',#733,#734);
#733 = CARTESIAN_POINT('',(-1.570796326795,0.));
#734 = VECTOR('',#735,1.);
#735 = DIRECTION('',(-0.,1.));
#736 = ( GEOMETRIC_REPRESENTATION_CONTEXT(2) 
PARAMETRIC_REPRESENTATION_CONTEXT() REPRESENTATION_CONTEXT('2D SPACE',''
  ) );
#737 = ORIENTED_EDGE('',*,*,#738,.F.);
#738 = EDGE_CURVE('',#739,#711,#741,.T.);
#739 = VERTEX_POINT('',#740);
#740 = CARTESIAN_POINT('',(188.52449976167,14.93,9.93));
#741 = SURFACE_CURVE('',#742,(#746,#753),.PCURVE_S1.);
#742 = LINE('',#743,#744);
#743 = CARTESIAN_POINT('',(149.45,14.93,9.93));
#744 = VECTOR('',#745,1.);
#745 = DIRECTION('',(1.,0.,-0.));
#746 = PCURVE('',#100,#747);
#747 = DEFINITIONAL_REPRESENTATION('',(#748),#752);
#748 = LINE('',#749,#750);
#749 = CARTESIAN_POINT('',(0.,29.93));
#750 = VECTOR('',#751,1.);
#751 = DIRECTION('',(1.,0.));
#752 = ( GEOMETRIC_REPRESENTATION_CONTEXT(2) 
PARAMETRIC_REPRESENTATION_CONTEXT() REPRESENTATION_CONTEXT('2D SPACE',''
  ) );
#753 = PCURVE('',#754,#759);
#754 = PLANE('',#755);
#755 = AXIS2_PLACEMENT_3D('',#756,#757,#758);
#756 = CARTESIAN_POINT('',(149.45,-20.,9.93));
#757 = DIRECTION('',(0.,0.,1.));
#758 = DIRECTION('',(1.,0.,0.));
#759 = DEFINITIONAL_REPRESENTATION('',(#760),#764);
#760 = LINE('',#761,#762);
#761 = CARTESIAN_POINT('',(0.,34.93));
#762 = VECTOR('',#763,1.);
#763 = DIRECTION('',(1.,0.));
#764 = ( GEOMETRIC_REPRESENTATION_CONTEXT(2) 
PARAMETRIC_REPRESENTATION_CONTEXT() REPRESENTATION_CONTEXT('2D SPACE',''
  ) );
#765 = ORIENTED_EDGE('',*,*,#766,.T.);
#766 = EDGE_CURVE('',#739,#767,#769,.T.);
#767 = VERTEX_POINT('',#768);
#768 = CARTESIAN_POINT('',(190.,14.93,8.));
#769 = SURFACE_CURVE('',#770,(#775,#786),.PCURVE_S1.);
#770 = CIRCLE('',#771,2.);
#771 = AXIS2_PLACEMENT_3D('',#772,#773,#774);
#772 = CARTESIAN_POINT('',(188.,14.93,8.));
#773 = DIRECTION('',(0.,1.,0.));
#774 = DIRECTION('',(1.,0.,-0.));
#775 = PCURVE('',#100,#776);
#776 = DEFINITIONAL_REPRESENTATION('',(#777),#785);
#777 = ( BOUNDED_CURVE() B_SPLINE_CURVE(2,(#778,#779,#780,#781,#782,#783
,#784),.UNSPECIFIED.,.T.,.F.) B_SPLINE_CURVE_WITH_KNOTS((1,2,2,2,2,1),(
    -2.094395102393,0.,2.094395102393,4.188790204786,6.28318530718,
8.377580409573),.UNSPECIFIED.) CURVE() GEOMETRIC_REPRESENTATION_ITEM() 
RATIONAL_B_SPLINE_CURVE((1.,0.5,1.,0.5,1.,0.5,1.)) REPRESENTATION_ITEM(
  '') );
#778 = CARTESIAN_POINT('',(40.55,28.));
#779 = CARTESIAN_POINT('',(40.55,24.535898384862));
#780 = CARTESIAN_POINT('',(37.55,26.267949192431));
#781 = CARTESIAN_POINT('',(34.55,28.));
#782 = CARTESIAN_POINT('',(37.55,29.732050807569));
#783 = CARTESIAN_POINT('',(40.55,31.464101615138));
#784 = CARTESIAN_POINT('',(40.55,28.));
#785 = ( GEOMETRIC_REPRESENTATION_CONTEXT(2) 
PARAMETRIC_REPRESENTATION_CONTEXT() REPRESENTATION_CONTEXT('2D SPACE',''
  ) );
#786 = PCURVE('',#787,#792);
#787 = CYLINDRICAL_SURFACE('',#788,2.);
#788 = AXIS2_PLACEMENT_3D('',#789,#790,#791);
#789 = CARTESIAN_POINT('',(188.,-30.,8.));
#790 = DIRECTION('',(0.,1.,0.));
#791 = DIRECTION('',(1.,0.,-0.));
#792 = DEFINITIONAL_REPRESENTATION('',(#793),#797);
#793 = LINE('',#794,#795);
#794 = CARTESIAN_POINT('',(-6.28318530718,44.93));
#795 = VECTOR('',#796,1.);
#796 = DIRECTION('',(1.,-0.));
#797 = ( GEOMETRIC_REPRESENTATION_CONTEXT(2) 
PARAMETRIC_REPRESENTATION_CONTEXT() REPRESENTATION_CONTEXT('2D SPACE',''
  ) );
#798 = ORIENTED_EDGE('',*,*,#799,.T.);
#799 = EDGE_CURVE('',#767,#800,#802,.T.);
#800 = VERTEX_POINT('',#801);
#801 = CARTESIAN_POINT('',(190.,14.93,6.873863542434));
#802 = SURFACE_CURVE('',#803,(#807,#814),.PCURVE_S1.);
#803 = LINE('',#804,#805);
#804 = CARTESIAN_POINT('',(190.,14.93,-15.));
#805 = VECTOR('',#806,1.);
#806 = DIRECTION('',(0.,-1.110223024625E-16,-1.));
#807 = PCURVE('',#100,#808);
#808 = DEFINITIONAL_REPRESENTATION('',(#809),#813);
#809 = LINE('',#810,#811);
#810 = CARTESIAN_POINT('',(40.55,5.));
#811 = VECTOR('',#812,1.);
#812 = DIRECTION('',(0.,-1.));
#813 = ( GEOMETRIC_REPRESENTATION_CONTEXT(2) 
PARAMETRIC_REPRESENTATION_CONTEXT() REPRESENTATION_CONTEXT('2D SPACE',''
  ) );
#814 = PCURVE('',#815,#820);
#815 = PLANE('',#816);
#816 = AXIS2_PLACEMENT_3D('',#817,#818,#819);
#817 = CARTESIAN_POINT('',(190.,-30.,-10.));
#818 = DIRECTION('',(1.,0.,0.));
#819 = DIRECTION('',(0.,0.,1.));
#820 = DEFINITIONAL_REPRESENTATION('',(#821),#825);
#821 = LINE('',#822,#823);
#822 = CARTESIAN_POINT('',(-5.,-44.93));
#823 = VECTOR('',#824,1.);
#824 = DIRECTION('',(-1.,1.110223024625E-16));
#825 = ( GEOMETRIC_REPRESENTATION_CONTEXT(2) 
PARAMETRIC_REPRESENTATION_CONTEXT() REPRESENTATION_CONTEXT('2D SPACE',''
  ) );
#826 = ORIENTED_EDGE('',*,*,#827,.T.);
#827 = EDGE_CURVE('',#800,#828,#830,.T.);
#828 = VERTEX_POINT('',#829);
#829 = CARTESIAN_POINT('',(190.,14.93,-6.873863542434));
#830 = SURFACE_CURVE('',#831,(#836,#847),.PCURVE_S1.);
#831 = CIRCLE('',#832,16.5);
#832 = AXIS2_PLACEMENT_3D('',#833,#834,#835);
#833 = CARTESIAN_POINT('',(175.,14.93,1.117994585798E-15));
#834 = DIRECTION('',(0.,1.,0.));
#835 = DIRECTION('',(0.909090909091,-0.,0.416597790451));
#836 = PCURVE('',#100,#837);
#837 = DEFINITIONAL_REPRESENTATION('',(#838),#846);
#838 = ( BOUNDED_CURVE() B_SPLINE_CURVE(2,(#839,#840,#841,#842,#843,#844
,#845),.UNSPECIFIED.,.T.,.F.) B_SPLINE_CURVE_WITH_KNOTS((1,2,2,2,2,1),(
    -2.094395102393,0.,2.094395102393,4.188790204786,6.28318530718,
8.377580409573),.UNSPECIFIED.) CURVE() GEOMETRIC_REPRESENTATION_ITEM() 
RATIONAL_B_SPLINE_CURVE((1.,0.5,1.,0.5,1.,0.5,1.)) REPRESENTATION_ITEM(
  '') );
#839 = CARTESIAN_POINT('',(40.55,26.873863542434));
#840 = CARTESIAN_POINT('',(52.455880899791,0.893101428901));
#841 = CARTESIAN_POINT('',(24.002940449895,3.572687172017));
#842 = CARTESIAN_POINT('',(-4.45,6.252272915132));
#843 = CARTESIAN_POINT('',(12.097059550105,29.55344928555));
#844 = CARTESIAN_POINT('',(28.644119100209,52.854625655967));
#845 = CARTESIAN_POINT('',(40.55,26.873863542434));
#846 = ( GEOMETRIC_REPRESENTATION_CONTEXT(2) 
PARAMETRIC_REPRESENTATION_CONTEXT() REPRESENTATION_CONTEXT('2D SPACE',''
  ) );
#847 = PCURVE('',#848,#853);
#848 = CYLINDRICAL_SURFACE('',#849,16.5);
#849 = AXIS2_PLACEMENT_3D('',#850,#851,#852);
#850 = CARTESIAN_POINT('',(175.,14.93,1.117994585798E-15));
#851 = DIRECTION('',(-0.,1.,-1.110223024625E-16));
#852 = DIRECTION('',(1.,0.,0.));
#853 = DEFINITIONAL_REPRESENTATION('',(#854),#858);
#854 = LINE('',#855,#856);
#855 = CARTESIAN_POINT('',(-6.712884973331,0.));
#856 = VECTOR('',#857,1.);
#857 = DIRECTION('',(1.,-0.));
#858 = ( GEOMETRIC_REPRESENTATION_CONTEXT(2) 
PARAMETRIC_REPRESENTATION_CONTEXT() REPRESENTATION_CONTEXT('2D SPACE',''
  ) );
#859 = ORIENTED_EDGE('',*,*,#860,.T.);
#860 = EDGE_CURVE('',#828,#861,#863,.T.);
#861 = VERTEX_POINT('',#862);
#862 = CARTESIAN_POINT('',(190.,14.93,-8.));
#863 = SURFACE_CURVE('',#864,(#868,#875),.PCURVE_S1.);
#864 = LINE('',#865,#866);
#865 = CARTESIAN_POINT('',(190.,14.93,-15.));
#866 = VECTOR('',#867,1.);
#867 = DIRECTION('',(0.,-1.110223024625E-16,-1.));
#868 = PCURVE('',#100,#869);
#869 = DEFINITIONAL_REPRESENTATION('',(#870),#874);
#870 = LINE('',#871,#872);
#871 = CARTESIAN_POINT('',(40.55,5.));
#872 = VECTOR('',#873,1.);
#873 = DIRECTION('',(0.,-1.));
#874 = ( GEOMETRIC_REPRESENTATION_CONTEXT(2) 
PARAMETRIC_REPRESENTATION_CONTEXT() REPRESENTATION_CONTEXT('2D SPACE',''
  ) );
#875 = PCURVE('',#815,#876);
#876 = DEFINITIONAL_REPRESENTATION('',(#877),#881);
#877 = LINE('',#878,#879);
#878 = CARTESIAN_POINT('',(-5.,-44.93));
#879 = VECTOR('',#880,1.);
#880 = DIRECTION('',(-1.,1.110223024625E-16));
#881 = ( GEOMETRIC_REPRESENTATION_CONTEXT(2) 
PARAMETRIC_REPRESENTATION_CONTEXT() REPRESENTATION_CONTEXT('2D SPACE',''
  ) );
#882 = ORIENTED_EDGE('',*,*,#883,.T.);
#883 = EDGE_CURVE('',#861,#884,#886,.T.);
#884 = VERTEX_POINT('',#885);
#885 = CARTESIAN_POINT('',(188.12750365126,14.93,-9.995931566691));
#886 = SURFACE_CURVE('',#887,(#892,#903),.PCURVE_S1.);
#887 = CIRCLE('',#888,2.);
#888 = AXIS2_PLACEMENT_3D('',#889,#890,#891);
#889 = CARTESIAN_POINT('',(188.,14.93,-8.));
#890 = DIRECTION('',(0.,1.,0.));
#891 = DIRECTION('',(1.,0.,-0.));
#892 = PCURVE('',#100,#893);
#893 = DEFINITIONAL_REPRESENTATION('',(#894),#902);
#894 = ( BOUNDED_CURVE() B_SPLINE_CURVE(2,(#895,#896,#897,#898,#899,#900
,#901),.UNSPECIFIED.,.T.,.F.) B_SPLINE_CURVE_WITH_KNOTS((1,2,2,2,2,1),(
    -2.094395102393,0.,2.094395102393,4.188790204786,6.28318530718,
8.377580409573),.UNSPECIFIED.) CURVE() GEOMETRIC_REPRESENTATION_ITEM() 
RATIONAL_B_SPLINE_CURVE((1.,0.5,1.,0.5,1.,0.5,1.)) REPRESENTATION_ITEM(
  '') );
#895 = CARTESIAN_POINT('',(40.55,12.));
#896 = CARTESIAN_POINT('',(40.55,8.535898384862));
#897 = CARTESIAN_POINT('',(37.55,10.267949192431));
#898 = CARTESIAN_POINT('',(34.55,12.));
#899 = CARTESIAN_POINT('',(37.55,13.732050807569));
#900 = CARTESIAN_POINT('',(40.55,15.464101615138));
#901 = CARTESIAN_POINT('',(40.55,12.));
#902 = ( GEOMETRIC_REPRESENTATION_CONTEXT(2) 
PARAMETRIC_REPRESENTATION_CONTEXT() REPRESENTATION_CONTEXT('2D SPACE',''
  ) );
#903 = PCURVE('',#904,#909);
#904 = CYLINDRICAL_SURFACE('',#905,2.);
#905 = AXIS2_PLACEMENT_3D('',#906,#907,#908);
#906 = CARTESIAN_POINT('',(188.,-30.,-8.));
#907 = DIRECTION('',(0.,1.,0.));
#908 = DIRECTION('',(1.,0.,-0.));
#909 = DEFINITIONAL_REPRESENTATION('',(#910),#914);
#910 = LINE('',#911,#912);
#911 = CARTESIAN_POINT('',(0.,44.93));
#912 = VECTOR('',#913,1.);
#913 = DIRECTION('',(1.,0.));
#914 = ( GEOMETRIC_REPRESENTATION_CONTEXT(2) 
PARAMETRIC_REPRESENTATION_CONTEXT() REPRESENTATION_CONTEXT('2D SPACE',''
  ) );
#915 = ORIENTED_EDGE('',*,*,#916,.F.);
#916 = EDGE_CURVE('',#917,#884,#919,.T.);
#917 = VERTEX_POINT('',#918);
#918 = CARTESIAN_POINT('',(161.87249634873,14.93,-9.995931566691));
#919 = SURFACE_CURVE('',#920,(#925,#932),.PCURVE_S1.);
#920 = CIRCLE('',#921,16.5);
#921 = AXIS2_PLACEMENT_3D('',#922,#923,#924);
#922 = CARTESIAN_POINT('',(175.,14.93,1.117994585798E-15));
#923 = DIRECTION('',(0.,-1.,1.110223024625E-16));
#924 = DIRECTION('',(1.,0.,0.));
#925 = PCURVE('',#100,#926);
#926 = DEFINITIONAL_REPRESENTATION('',(#927),#931);
#927 = CIRCLE('',#928,16.5);
#928 = AXIS2_PLACEMENT_2D('',#929,#930);
#929 = CARTESIAN_POINT('',(25.55,20.));
#930 = DIRECTION('',(1.,0.));
#931 = ( GEOMETRIC_REPRESENTATION_CONTEXT(2) 
PARAMETRIC_REPRESENTATION_CONTEXT() REPRESENTATION_CONTEXT('2D SPACE',''
  ) );
#932 = PCURVE('',#933,#938);
#933 = CYLINDRICAL_SURFACE('',#934,16.5);
#934 = AXIS2_PLACEMENT_3D('',#935,#936,#937);
#935 = CARTESIAN_POINT('',(175.,14.93,1.117994585798E-15));
#936 = DIRECTION('',(-0.,1.,-1.110223024625E-16));
#937 = DIRECTION('',(1.,0.,0.));
#938 = DEFINITIONAL_REPRESENTATION('',(#939),#943);
#939 = LINE('',#940,#941);
#940 = CARTESIAN_POINT('',(-0.,0.));
#941 = VECTOR('',#942,1.);
#942 = DIRECTION('',(-1.,0.));
#943 = ( GEOMETRIC_REPRESENTATION_CONTEXT(2) 
PARAMETRIC_REPRESENTATION_CONTEXT() REPRESENTATION_CONTEXT('2D SPACE',''
  ) );
#944 = ORIENTED_EDGE('',*,*,#945,.T.);
#945 = EDGE_CURVE('',#917,#57,#946,.T.);
#946 = SURFACE_CURVE('',#947,(#952,#963),.PCURVE_S1.);
#947 = CIRCLE('',#948,2.);
#948 = AXIS2_PLACEMENT_3D('',#949,#950,#951);
#949 = CARTESIAN_POINT('',(162.,14.93,-8.));
#950 = DIRECTION('',(0.,1.,0.));
#951 = DIRECTION('',(-1.,0.,0.));
#952 = PCURVE('',#100,#953);
#953 = DEFINITIONAL_REPRESENTATION('',(#954),#962);
#954 = ( BOUNDED_CURVE() B_SPLINE_CURVE(2,(#955,#956,#957,#958,#959,#960
,#961),.UNSPECIFIED.,.T.,.F.) B_SPLINE_CURVE_WITH_KNOTS((1,2,2,2,2,1),(
    -2.094395102393,0.,2.094395102393,4.188790204786,6.28318530718,
8.377580409573),.UNSPECIFIED.) CURVE() GEOMETRIC_REPRESENTATION_ITEM() 
RATIONAL_B_SPLINE_CURVE((1.,0.5,1.,0.5,1.,0.5,1.)) REPRESENTATION_ITEM(
  '') );
#955 = CARTESIAN_POINT('',(10.55,12.));
#956 = CARTESIAN_POINT('',(10.55,15.464101615138));
#957 = CARTESIAN_POINT('',(13.55,13.732050807569));
#958 = CARTESIAN_POINT('',(16.55,12.));
#959 = CARTESIAN_POINT('',(13.55,10.267949192431));
#960 = CARTESIAN_POINT('',(10.55,8.535898384862));
#961 = CARTESIAN_POINT('',(10.55,12.));
#962 = ( GEOMETRIC_REPRESENTATION_CONTEXT(2) 
PARAMETRIC_REPRESENTATION_CONTEXT() REPRESENTATION_CONTEXT('2D SPACE',''
  ) );
#963 = PCURVE('',#72,#964);
#964 = DEFINITIONAL_REPRESENTATION('',(#965),#969);
#965 = LINE('',#966,#967);
#966 = CARTESIAN_POINT('',(-6.28318530718,44.93));
#967 = VECTOR('',#968,1.);
#968 = DIRECTION('',(1.,-0.));
#969 = ( GEOMETRIC_REPRESENTATION_CONTEXT(2) 
PARAMETRIC_REPRESENTATION_CONTEXT() REPRESENTATION_CONTEXT('2D SPACE',''
  ) );
#970 = ORIENTED_EDGE('',*,*,#84,.F.);
#971 = ORIENTED_EDGE('',*,*,#972,.F.);
#972 = EDGE_CURVE('',#169,#85,#973,.T.);
#973 = SURFACE_CURVE('',#974,(#979,#986),.PCURVE_S1.);
#974 = CIRCLE('',#975,16.5);
#975 = AXIS2_PLACEMENT_3D('',#976,#977,#978);
#976 = CARTESIAN_POINT('',(175.,14.93,1.117994585798E-15));
#977 = DIRECTION('',(0.,-1.,1.110223024625E-16));
#978 = DIRECTION('',(1.,0.,0.));
#979 = PCURVE('',#100,#980);
#980 = DEFINITIONAL_REPRESENTATION('',(#981),#985);
#981 = CIRCLE('',#982,16.5);
#982 = AXIS2_PLACEMENT_2D('',#983,#984);
#983 = CARTESIAN_POINT('',(25.55,20.));
#984 = DIRECTION('',(1.,0.));
#985 = ( GEOMETRIC_REPRESENTATION_CONTEXT(2) 
PARAMETRIC_REPRESENTATION_CONTEXT() REPRESENTATION_CONTEXT('2D SPACE',''
  ) );
#986 = PCURVE('',#128,#987);
#987 = DEFINITIONAL_REPRESENTATION('',(#988),#992);
#988 = LINE('',#989,#990);
#989 = CARTESIAN_POINT('',(-0.,0.));
#990 = VECTOR('',#991,1.);
#991 = DIRECTION('',(-1.,0.));
#992 = ( GEOMETRIC_REPRESENTATION_CONTEXT(2) 
PARAMETRIC_REPRESENTATION_CONTEXT() REPRESENTATION_CONTEXT('2D SPACE',''
  ) );
#993 = ORIENTED_EDGE('',*,*,#191,.F.);
#994 = ORIENTED_EDGE('',*,*,#623,.T.);
#995 = ORIENTED_EDGE('',*,*,#996,.F.);
#996 = EDGE_CURVE('',#655,#596,#997,.T.);
#997 = SURFACE_CURVE('',#998,(#1002,#1009),.PCURVE_S1.);
#998 = LINE('',#999,#1000);
#999 = CARTESIAN_POINT('',(149.45,14.93,9.93));
#1000 = VECTOR('',#1001,1.);
#1001 = DIRECTION('',(1.,0.,-0.));
#1002 = PCURVE('',#100,#1003);
#1003 = DEFINITIONAL_REPRESENTATION('',(#1004),#1008);
#1004 = LINE('',#1005,#1006);
#1005 = CARTESIAN_POINT('',(0.,29.93));
#1006 = VECTOR('',#1007,1.);
#1007 = DIRECTION('',(1.,0.));
#1008 = ( GEOMETRIC_REPRESENTATION_CONTEXT(2) 
PARAMETRIC_REPRESENTATION_CONTEXT() REPRESENTATION_CONTEXT('2D SPACE',''
  ) );
#1009 = PCURVE('',#611,#1010);
#1010 = DEFINITIONAL_REPRESENTATION('',(#1011),#1015);
#1011 = LINE('',#1012,#1013);
#1012 = CARTESIAN_POINT('',(0.,34.93));
#1013 = VECTOR('',#1014,1.);
#1014 = DIRECTION('',(1.,0.));
#1015 = ( GEOMETRIC_REPRESENTATION_CONTEXT(2) 
PARAMETRIC_REPRESENTATION_CONTEXT() REPRESENTATION_CONTEXT('2D SPACE',''
  ) );
#1016 = ADVANCED_FACE('',(#1017),#128,.T.);
#1017 = FACE_BOUND('',#1018,.F.);
#1018 = EDGE_LOOP('',(#1019,#1020,#1021,#1043));
#1019 = ORIENTED_EDGE('',*,*,#972,.F.);
#1020 = ORIENTED_EDGE('',*,*,#168,.F.);
#1021 = ORIENTED_EDGE('',*,*,#1022,.T.);
#1022 = EDGE_CURVE('',#141,#113,#1023,.T.);
#1023 = SURFACE_CURVE('',#1024,(#1029,#1036),.PCURVE_S1.);
#1024 = CIRCLE('',#1025,16.5);
#1025 = AXIS2_PLACEMENT_3D('',#1026,#1027,#1028);
#1026 = CARTESIAN_POINT('',(175.,13.43,1.284528039491E-15));
#1027 = DIRECTION('',(0.,-1.,1.110223024625E-16));
#1028 = DIRECTION('',(1.,0.,0.));
#1029 = PCURVE('',#128,#1030);
#1030 = DEFINITIONAL_REPRESENTATION('',(#1031),#1035);
#1031 = LINE('',#1032,#1033);
#1032 = CARTESIAN_POINT('',(-0.,-1.5));
#1033 = VECTOR('',#1034,1.);
#1034 = DIRECTION('',(-1.,0.));
#1035 = ( GEOMETRIC_REPRESENTATION_CONTEXT(2) 
PARAMETRIC_REPRESENTATION_CONTEXT() REPRESENTATION_CONTEXT('2D SPACE',''
  ) );
#1036 = PCURVE('',#156,#1037);
#1037 = DEFINITIONAL_REPRESENTATION('',(#1038),#1042);
#1038 = CIRCLE('',#1039,16.5);
#1039 = AXIS2_PLACEMENT_2D('',#1040,#1041);
#1040 = CARTESIAN_POINT('',(0.,1.055446314829E-17));
#1041 = DIRECTION('',(1.,0.));
#1042 = ( GEOMETRIC_REPRESENTATION_CONTEXT(2) 
PARAMETRIC_REPRESENTATION_CONTEXT() REPRESENTATION_CONTEXT('2D SPACE',''
  ) );
#1043 = ORIENTED_EDGE('',*,*,#112,.T.);
#1044 = ADVANCED_FACE('',(#1045),#156,.T.);
#1045 = FACE_BOUND('',#1046,.T.);
#1046 = EDGE_LOOP('',(#1047,#1048));
#1047 = ORIENTED_EDGE('',*,*,#140,.F.);
#1048 = ORIENTED_EDGE('',*,*,#1022,.T.);
#1049 = ADVANCED_FACE('',(#1050),#72,.T.);
#1050 = FACE_BOUND('',#1051,.F.);
#1051 = EDGE_LOOP('',(#1052,#1053,#1054,#1158,#1186,#1219,#1240));
#1052 = ORIENTED_EDGE('',*,*,#56,.F.);
#1053 = ORIENTED_EDGE('',*,*,#464,.F.);
#1054 = ORIENTED_EDGE('',*,*,#1055,.T.);
#1055 = EDGE_CURVE('',#246,#1056,#1058,.T.);
#1056 = VERTEX_POINT('',#1057);
#1057 = CARTESIAN_POINT('',(162.,0.952879674969,-10.));
#1058 = SURFACE_CURVE('',#1059,(#1090,#1124),.PCURVE_S1.);
#1059 = B_SPLINE_CURVE_WITH_KNOTS('',8,(#1060,#1061,#1062,#1063,#1064,
    #1065,#1066,#1067,#1068,#1069,#1070,#1071,#1072,#1073,#1074,#1075,
    #1076,#1077,#1078,#1079,#1080,#1081,#1082,#1083,#1084,#1085,#1086,
    #1087,#1088,#1089),.UNSPECIFIED.,.F.,.F.,(9,7,7,7,9),(0.,
    0.198063401399,0.631466336123,0.877558400686,1.),.UNSPECIFIED.);
#1060 = CARTESIAN_POINT('',(160.08294496688,2.,-8.57));
#1061 = CARTESIAN_POINT('',(160.10482803838,2.,-8.643598337472));
#1062 = CARTESIAN_POINT('',(160.1297664591,1.99587297161,-8.71565175699)
  );
#1063 = CARTESIAN_POINT('',(160.15758056838,1.987922150768,
    -8.785885266766));
#1064 = CARTESIAN_POINT('',(160.18805246862,1.976464585198,
    -8.854050068775));
#1065 = CARTESIAN_POINT('',(160.22092890972,1.961833690115,
    -8.919923019582));
#1066 = CARTESIAN_POINT('',(160.25592316336,1.944380900137,
    -8.983306622107));
#1067 = CARTESIAN_POINT('',(160.29271588719,1.924476417409,
    -9.04402954833));
#1068 = CARTESIAN_POINT('',(160.41462987556,1.854440009037,
    -9.228684352349));
#1069 = CARTESIAN_POINT('',(160.50594091851,1.796085893395,
    -9.343066399029));
#1070 = CARTESIAN_POINT('',(160.6029165023,1.730353620464,
    -9.445477131664));
#1071 = CARTESIAN_POINT('',(160.70407506357,1.659428962893,
    -9.536620660772));
#1072 = CARTESIAN_POINT('',(160.80839377711,1.584937582719,
    -9.617334689635));
#1073 = CARTESIAN_POINT('',(160.91542975116,1.508142624331,
    -9.68848821086));
#1074 = CARTESIAN_POINT('',(161.02517751173,1.429874212695,
    -9.750851317191));
#1075 = CARTESIAN_POINT('',(161.2027973988,1.306907035363,
    -9.835633127187));
#1076 = CARTESIAN_POINT('',(161.26678825868,1.263345294947,
    -9.862960396801));
#1077 = CARTESIAN_POINT('',(161.33158008278,1.220250369211,
    -9.887729467233));
#1078 = CARTESIAN_POINT('',(161.3981044881,1.177399137701,
    -9.910282432992));
#1079 = CARTESIAN_POINT('',(161.46677781887,1.135132640418,
    -9.930525363123));
#1080 = CARTESIAN_POINT('',(161.53750165119,1.094523596533,
    -9.948181472916));
#1081 = CARTESIAN_POINT('',(161.60993347347,1.057333660988,
    -9.963026420478));
#1082 = CARTESIAN_POINT('',(161.72083465743,1.009906306093,
    -9.980772345909));
#1083 = CARTESIAN_POINT('',(161.75892707473,0.995154323155,
    -9.986062072155));
#1084 = CARTESIAN_POINT('',(161.79786259829,0.981955777966,
    -9.990594713699));
#1085 = CARTESIAN_POINT('',(161.83738111215,0.97078054584,
    -9.994289597041));
#1086 = CARTESIAN_POINT('',(161.87734711037,0.962017805756,
    -9.997106224544));
#1087 = CARTESIAN_POINT('',(161.91772914039,0.955975215627,
    -9.999019466244));
#1088 = CARTESIAN_POINT('',(161.95857747319,0.952879674969,-10.));
#1089 = CARTESIAN_POINT('',(162.,0.952879674969,-10.));
#1090 = PCURVE('',#72,#1091);
#1091 = DEFINITIONAL_REPRESENTATION('',(#1092),#1123);
#1092 = B_SPLINE_CURVE_WITH_KNOTS('',8,(#1093,#1094,#1095,#1096,#1097,
    #1098,#1099,#1100,#1101,#1102,#1103,#1104,#1105,#1106,#1107,#1108,
    #1109,#1110,#1111,#1112,#1113,#1114,#1115,#1116,#1117,#1118,#1119,
    #1120,#1121,#1122),.UNSPECIFIED.,.F.,.F.,(9,7,7,7,9),(0.,
    0.198063401399,0.631466336123,0.877558400686,1.),.UNSPECIFIED.);
#1093 = CARTESIAN_POINT('',(-0.289006428174,32.));
#1094 = CARTESIAN_POINT('',(-0.327397781682,32.));
#1095 = CARTESIAN_POINT('',(-0.365484093446,31.99587297161));
#1096 = CARTESIAN_POINT('',(-0.403194222054,31.987922150768));
#1097 = CARTESIAN_POINT('',(-0.44045828728,31.976464585198));
#1098 = CARTESIAN_POINT('',(-0.477204467478,31.961833690115));
#1099 = CARTESIAN_POINT('',(-0.513356141047,31.944380900137));
#1100 = CARTESIAN_POINT('',(-0.548829371973,31.924476417409));
#1101 = CARTESIAN_POINT('',(-0.65946437684,31.854440009037));
#1102 = CARTESIAN_POINT('',(-0.732346658743,31.796085893395));
#1103 = CARTESIAN_POINT('',(-0.802460875122,31.730353620464));
#1104 = CARTESIAN_POINT('',(-0.870136973393,31.659428962893));
#1105 = CARTESIAN_POINT('',(-0.93573403955,31.584937582719));
#1106 = CARTESIAN_POINT('',(-0.999733946158,31.508142624331));
#1107 = CARTESIAN_POINT('',(-1.062687609113,31.429874212695));
#1108 = CARTESIAN_POINT('',(-1.161095916166,31.306907035363));
#1109 = CARTESIAN_POINT('',(-1.195856320549,31.263345294947));
#1110 = CARTESIAN_POINT('',(-1.230496822347,31.220250369211));
#1111 = CARTESIAN_POINT('',(-1.265564092806,31.177399137701));
#1112 = CARTESIAN_POINT('',(-1.301300841744,31.135132640418));
#1113 = CARTESIAN_POINT('',(-1.337693151825,31.094523596533));
#1114 = CARTESIAN_POINT('',(-1.37462705981,31.057333660988));
#1115 = CARTESIAN_POINT('',(-1.43078307123,31.009906306093));
#1116 = CARTESIAN_POINT('',(-1.450007915259,30.995154323155));
#1117 = CARTESIAN_POINT('',(-1.46959914494,30.981955777966));
#1118 = CARTESIAN_POINT('',(-1.489434314708,30.97078054584));
#1119 = CARTESIAN_POINT('',(-1.509456322028,30.962017805756));
#1120 = CARTESIAN_POINT('',(-1.529660908634,30.955975215627));
#1121 = CARTESIAN_POINT('',(-1.550085063394,30.952879674969));
#1122 = CARTESIAN_POINT('',(-1.570796326795,30.952879674969));
#1123 = ( GEOMETRIC_REPRESENTATION_CONTEXT(2) 
PARAMETRIC_REPRESENTATION_CONTEXT() REPRESENTATION_CONTEXT('2D SPACE',''
  ) );
#1124 = PCURVE('',#261,#1125);
#1125 = DEFINITIONAL_REPRESENTATION('',(#1126),#1157);
#1126 = B_SPLINE_CURVE_WITH_KNOTS('',8,(#1127,#1128,#1129,#1130,#1131,
    #1132,#1133,#1134,#1135,#1136,#1137,#1138,#1139,#1140,#1141,#1142,
    #1143,#1144,#1145,#1146,#1147,#1148,#1149,#1150,#1151,#1152,#1153,
    #1154,#1155,#1156),.UNSPECIFIED.,.F.,.F.,(9,7,7,7,9),(0.,
    0.198063401399,0.631466336123,0.877558400686,1.),.UNSPECIFIED.);
#1127 = CARTESIAN_POINT('',(0.,10.632944966883));
#1128 = CARTESIAN_POINT('',(-4.906555831438E-02,10.654828038383));
#1129 = CARTESIAN_POINT('',(-9.710119816038E-02,10.679766459106));
#1130 = CARTESIAN_POINT('',(-0.144103463108,10.707580568384));
#1131 = CARTESIAN_POINT('',(-0.190054956813,10.738052468628));
#1132 = CARTESIAN_POINT('',(-0.234924583914,10.770928909728));
#1133 = CARTESIAN_POINT('',(-0.278667410686,10.80592316336));
#1134 = CARTESIAN_POINT('',(-0.32122414542,10.842715887196));
#1135 = CARTESIAN_POINT('',(-0.452884474626,10.964629875568));
#1136 = CARTESIAN_POINT('',(-0.537979112382,11.055940918512));
#1137 = CARTESIAN_POINT('',(-0.618481072486,11.152916502302));
#1138 = CARTESIAN_POINT('',(-0.694883205425,11.25407506357));
#1139 = CARTESIAN_POINT('',(-0.767639588961,11.358393777117));
#1140 = CARTESIAN_POINT('',(-0.837105419098,11.465429751165));
#1141 = CARTESIAN_POINT('',(-0.903662904542,11.575177511732));
#1142 = CARTESIAN_POINT('',(-1.003237292161,11.7527973988));
#1143 = CARTESIAN_POINT('',(-1.037487306785,11.816788258682));
#1144 = CARTESIAN_POINT('',(-1.070585944691,11.881580082784));
#1145 = CARTESIAN_POINT('',(-1.102822044458,11.948104488108));
#1146 = CARTESIAN_POINT('',(-1.134023198333,12.016777818878));
#1147 = CARTESIAN_POINT('',(-1.16352053047,12.087501651196));
#1148 = CARTESIAN_POINT('',(-1.190209958998,12.159933473472));
#1149 = CARTESIAN_POINT('',(-1.223969052336,12.270834657438));
#1150 = CARTESIAN_POINT('',(-1.23441580093,12.308927074739));
#1151 = CARTESIAN_POINT('',(-1.24371809715,12.347862598298));
#1152 = CARTESIAN_POINT('',(-1.251564166491,12.387381112157));
#1153 = CARTESIAN_POINT('',(-1.257700205816,12.42734711037));
#1154 = CARTESIAN_POINT('',(-1.26192586614,12.467729140398));
#1155 = CARTESIAN_POINT('',(-1.264090554435,12.508577473198));
#1156 = CARTESIAN_POINT('',(-1.264090554435,12.55));
#1157 = ( GEOMETRIC_REPRESENTATION_CONTEXT(2) 
PARAMETRIC_REPRESENTATION_CONTEXT() REPRESENTATION_CONTEXT('2D SPACE',''
  ) );
#1158 = ORIENTED_EDGE('',*,*,#1159,.T.);
#1159 = EDGE_CURVE('',#1056,#1160,#1162,.T.);
#1160 = VERTEX_POINT('',#1161);
#1161 = CARTESIAN_POINT('',(162.,13.43,-10.));
#1162 = SURFACE_CURVE('',#1163,(#1167,#1174),.PCURVE_S1.);
#1163 = LINE('',#1164,#1165);
#1164 = CARTESIAN_POINT('',(162.,-30.,-10.));
#1165 = VECTOR('',#1166,1.);
#1166 = DIRECTION('',(0.,1.,0.));
#1167 = PCURVE('',#72,#1168);
#1168 = DEFINITIONAL_REPRESENTATION('',(#1169),#1173);
#1169 = LINE('',#1170,#1171);
#1170 = CARTESIAN_POINT('',(-1.570796326795,0.));
#1171 = VECTOR('',#1172,1.);
#1172 = DIRECTION('',(-0.,1.));
#1173 = ( GEOMETRIC_REPRESENTATION_CONTEXT(2) 
PARAMETRIC_REPRESENTATION_CONTEXT() REPRESENTATION_CONTEXT('2D SPACE',''
  ) );
#1174 = PCURVE('',#1175,#1180);
#1175 = PLANE('',#1176);
#1176 = AXIS2_PLACEMENT_3D('',#1177,#1178,#1179);
#1177 = CARTESIAN_POINT('',(160.,-30.,-10.));
#1178 = DIRECTION('',(0.,0.,1.));
#1179 = DIRECTION('',(1.,0.,0.));
#1180 = DEFINITIONAL_REPRESENTATION('',(#1181),#1185);
#1181 = LINE('',#1182,#1183);
#1182 = CARTESIAN_POINT('',(2.,0.));
#1183 = VECTOR('',#1184,1.);
#1184 = DIRECTION('',(0.,1.));
#1185 = ( GEOMETRIC_REPRESENTATION_CONTEXT(2) 
PARAMETRIC_REPRESENTATION_CONTEXT() REPRESENTATION_CONTEXT('2D SPACE',''
  ) );
#1186 = ORIENTED_EDGE('',*,*,#1187,.T.);
#1187 = EDGE_CURVE('',#1160,#1188,#1190,.T.);
#1188 = VERTEX_POINT('',#1189);
#1189 = CARTESIAN_POINT('',(161.87249634873,13.43,-9.995931566691));
#1190 = SURFACE_CURVE('',#1191,(#1196,#1203),.PCURVE_S1.);
#1191 = CIRCLE('',#1192,2.);
#1192 = AXIS2_PLACEMENT_3D('',#1193,#1194,#1195);
#1193 = CARTESIAN_POINT('',(162.,13.43,-8.));
#1194 = DIRECTION('',(0.,1.,0.));
#1195 = DIRECTION('',(-1.,0.,0.));
#1196 = PCURVE('',#72,#1197);
#1197 = DEFINITIONAL_REPRESENTATION('',(#1198),#1202);
#1198 = LINE('',#1199,#1200);
#1199 = CARTESIAN_POINT('',(-6.28318530718,43.43));
#1200 = VECTOR('',#1201,1.);
#1201 = DIRECTION('',(1.,-0.));
#1202 = ( GEOMETRIC_REPRESENTATION_CONTEXT(2) 
PARAMETRIC_REPRESENTATION_CONTEXT() REPRESENTATION_CONTEXT('2D SPACE',''
  ) );
#1203 = PCURVE('',#1204,#1209);
#1204 = PLANE('',#1205);
#1205 = AXIS2_PLACEMENT_3D('',#1206,#1207,#1208);
#1206 = CARTESIAN_POINT('',(175.,13.43,1.273973576343E-15));
#1207 = DIRECTION('',(0.,-1.,1.110223024625E-16));
#1208 = DIRECTION('',(1.,0.,0.));
#1209 = DEFINITIONAL_REPRESENTATION('',(#1210),#1218);
#1210 = ( BOUNDED_CURVE() B_SPLINE_CURVE(2,(#1211,#1212,#1213,#1214,
#1215,#1216,#1217),.UNSPECIFIED.,.T.,.F.) B_SPLINE_CURVE_WITH_KNOTS((1,2
    ,2,2,2,1),(-2.094395102393,0.,2.094395102393,4.188790204786,
6.28318530718,8.377580409573),.UNSPECIFIED.) CURVE() 
GEOMETRIC_REPRESENTATION_ITEM() RATIONAL_B_SPLINE_CURVE((1.,0.5,1.,0.5,
1.,0.5,1.)) REPRESENTATION_ITEM('') );
#1211 = CARTESIAN_POINT('',(-15.,-8.));
#1212 = CARTESIAN_POINT('',(-15.,-4.535898384862));
#1213 = CARTESIAN_POINT('',(-12.,-6.267949192431));
#1214 = CARTESIAN_POINT('',(-9.,-8.));
#1215 = CARTESIAN_POINT('',(-12.,-9.732050807569));
#1216 = CARTESIAN_POINT('',(-15.,-11.46410161513));
#1217 = CARTESIAN_POINT('',(-15.,-8.));
#1218 = ( GEOMETRIC_REPRESENTATION_CONTEXT(2) 
PARAMETRIC_REPRESENTATION_CONTEXT() REPRESENTATION_CONTEXT('2D SPACE',''
  ) );
#1219 = ORIENTED_EDGE('',*,*,#1220,.T.);
#1220 = EDGE_CURVE('',#1188,#917,#1221,.T.);
#1221 = SURFACE_CURVE('',#1222,(#1226,#1233),.PCURVE_S1.);
#1222 = LINE('',#1223,#1224);
#1223 = CARTESIAN_POINT('',(161.87249634873,-30.,-9.995931566691));
#1224 = VECTOR('',#1225,1.);
#1225 = DIRECTION('',(0.,1.,0.));
#1226 = PCURVE('',#72,#1227);
#1227 = DEFINITIONAL_REPRESENTATION('',(#1228),#1232);
#1228 = LINE('',#1229,#1230);
#1229 = CARTESIAN_POINT('',(-1.507001237615,0.));
#1230 = VECTOR('',#1231,1.);
#1231 = DIRECTION('',(-0.,1.));
#1232 = ( GEOMETRIC_REPRESENTATION_CONTEXT(2) 
PARAMETRIC_REPRESENTATION_CONTEXT() REPRESENTATION_CONTEXT('2D SPACE',''
  ) );
#1233 = PCURVE('',#933,#1234);
#1234 = DEFINITIONAL_REPRESENTATION('',(#1235),#1239);
#1235 = LINE('',#1236,#1237);
#1236 = CARTESIAN_POINT('',(-3.792381285226,-44.93));
#1237 = VECTOR('',#1238,1.);
#1238 = DIRECTION('',(-0.,1.));
#1239 = ( GEOMETRIC_REPRESENTATION_CONTEXT(2) 
PARAMETRIC_REPRESENTATION_CONTEXT() REPRESENTATION_CONTEXT('2D SPACE',''
  ) );
#1240 = ORIENTED_EDGE('',*,*,#945,.T.);
#1241 = ADVANCED_FACE('',(#1242),#261,.T.);
#1242 = FACE_BOUND('',#1243,.F.);
#1243 = EDGE_LOOP('',(#1244,#1273,#1301,#1330,#1358,#1462,#1483,#1484));
#1244 = ORIENTED_EDGE('',*,*,#1245,.F.);
#1245 = EDGE_CURVE('',#1246,#244,#1248,.T.);
#1246 = VERTEX_POINT('',#1247);
#1247 = CARTESIAN_POINT('',(150.95,0.5,-10.07));
#1248 = SURFACE_CURVE('',#1249,(#1254,#1261),.PCURVE_S1.);
#1249 = CIRCLE('',#1250,1.5);
#1250 = AXIS2_PLACEMENT_3D('',#1251,#1252,#1253);
#1251 = CARTESIAN_POINT('',(150.95,0.5,-8.57));
#1252 = DIRECTION('',(1.,6.123233995737E-17,-0.));
#1253 = DIRECTION('',(-6.123233995737E-17,1.,0.));
#1254 = PCURVE('',#261,#1255);
#1255 = DEFINITIONAL_REPRESENTATION('',(#1256),#1260);
#1256 = LINE('',#1257,#1258);
#1257 = CARTESIAN_POINT('',(-6.28318530718,1.5));
#1258 = VECTOR('',#1259,1.);
#1259 = DIRECTION('',(1.,-0.));
#1260 = ( GEOMETRIC_REPRESENTATION_CONTEXT(2) 
PARAMETRIC_REPRESENTATION_CONTEXT() REPRESENTATION_CONTEXT('2D SPACE',''
  ) );
#1261 = PCURVE('',#1262,#1267);
#1262 = SPHERICAL_SURFACE('',#1263,1.5);
#1263 = AXIS2_PLACEMENT_3D('',#1264,#1265,#1266);
#1264 = CARTESIAN_POINT('',(150.95,0.5,-8.57));
#1265 = DIRECTION('',(0.,0.,1.));
#1266 = DIRECTION('',(-1.,0.,0.));
#1267 = DEFINITIONAL_REPRESENTATION('',(#1268),#1272);
#1268 = LINE('',#1269,#1270);
#1269 = CARTESIAN_POINT('',(-1.570796326795,-6.28318530718));
#1270 = VECTOR('',#1271,1.);
#1271 = DIRECTION('',(-0.,1.));
#1272 = ( GEOMETRIC_REPRESENTATION_CONTEXT(2) 
PARAMETRIC_REPRESENTATION_CONTEXT() REPRESENTATION_CONTEXT('2D SPACE',''
  ) );
#1273 = ORIENTED_EDGE('',*,*,#1274,.T.);
#1274 = EDGE_CURVE('',#1246,#1275,#1277,.T.);
#1275 = VERTEX_POINT('',#1276);
#1276 = CARTESIAN_POINT('',(199.05,0.5,-10.07));
#1277 = SURFACE_CURVE('',#1278,(#1282,#1289),.PCURVE_S1.);
#1278 = LINE('',#1279,#1280);
#1279 = CARTESIAN_POINT('',(149.45,0.5,-10.07));
#1280 = VECTOR('',#1281,1.);
#1281 = DIRECTION('',(1.,0.,0.));
#1282 = PCURVE('',#261,#1283);
#1283 = DEFINITIONAL_REPRESENTATION('',(#1284),#1288);
#1284 = LINE('',#1285,#1286);
#1285 = CARTESIAN_POINT('',(-1.570796326795,0.));
#1286 = VECTOR('',#1287,1.);
#1287 = DIRECTION('',(-0.,1.));
#1288 = ( GEOMETRIC_REPRESENTATION_CONTEXT(2) 
PARAMETRIC_REPRESENTATION_CONTEXT() REPRESENTATION_CONTEXT('2D SPACE',''
  ) );
#1289 = PCURVE('',#1290,#1295);
#1290 = PLANE('',#1291);
#1291 = AXIS2_PLACEMENT_3D('',#1292,#1293,#1294);
#1292 = CARTESIAN_POINT('',(149.45,-38.,-10.07));
#1293 = DIRECTION('',(0.,0.,1.));
#1294 = DIRECTION('',(1.,0.,0.));
#1295 = DEFINITIONAL_REPRESENTATION('',(#1296),#1300);
#1296 = LINE('',#1297,#1298);
#1297 = CARTESIAN_POINT('',(0.,38.5));
#1298 = VECTOR('',#1299,1.);
#1299 = DIRECTION('',(1.,0.));
#1300 = ( GEOMETRIC_REPRESENTATION_CONTEXT(2) 
PARAMETRIC_REPRESENTATION_CONTEXT() REPRESENTATION_CONTEXT('2D SPACE',''
  ) );
#1301 = ORIENTED_EDGE('',*,*,#1302,.T.);
#1302 = EDGE_CURVE('',#1275,#1303,#1305,.T.);
#1303 = VERTEX_POINT('',#1304);
#1304 = CARTESIAN_POINT('',(199.05,2.,-8.57));
#1305 = SURFACE_CURVE('',#1306,(#1311,#1318),.PCURVE_S1.);
#1306 = CIRCLE('',#1307,1.5);
#1307 = AXIS2_PLACEMENT_3D('',#1308,#1309,#1310);
#1308 = CARTESIAN_POINT('',(199.05,0.5,-8.57));
#1309 = DIRECTION('',(1.,-6.123233995737E-17,0.));
#1310 = DIRECTION('',(6.123233995737E-17,1.,0.));
#1311 = PCURVE('',#261,#1312);
#1312 = DEFINITIONAL_REPRESENTATION('',(#1313),#1317);
#1313 = LINE('',#1314,#1315);
#1314 = CARTESIAN_POINT('',(-6.28318530718,49.6));
#1315 = VECTOR('',#1316,1.);
#1316 = DIRECTION('',(1.,-0.));
#1317 = ( GEOMETRIC_REPRESENTATION_CONTEXT(2) 
PARAMETRIC_REPRESENTATION_CONTEXT() REPRESENTATION_CONTEXT('2D SPACE',''
  ) );
#1318 = PCURVE('',#1319,#1324);
#1319 = SPHERICAL_SURFACE('',#1320,1.5);
#1320 = AXIS2_PLACEMENT_3D('',#1321,#1322,#1323);
#1321 = CARTESIAN_POINT('',(199.05,0.5,-8.57));
#1322 = DIRECTION('',(0.,0.,1.));
#1323 = DIRECTION('',(1.,0.,-0.));
#1324 = DEFINITIONAL_REPRESENTATION('',(#1325),#1329);
#1325 = LINE('',#1326,#1327);
#1326 = CARTESIAN_POINT('',(1.570796326795,-6.28318530718));
#1327 = VECTOR('',#1328,1.);
#1328 = DIRECTION('',(0.,1.));
#1329 = ( GEOMETRIC_REPRESENTATION_CONTEXT(2) 
PARAMETRIC_REPRESENTATION_CONTEXT() REPRESENTATION_CONTEXT('2D SPACE',''
  ) );
#1330 = ORIENTED_EDGE('',*,*,#1331,.F.);
#1331 = EDGE_CURVE('',#1332,#1303,#1334,.T.);
#1332 = VERTEX_POINT('',#1333);
#1333 = CARTESIAN_POINT('',(189.91705503311,2.,-8.57));
#1334 = SURFACE_CURVE('',#1335,(#1339,#1346),.PCURVE_S1.);
#1335 = LINE('',#1336,#1337);
#1336 = CARTESIAN_POINT('',(149.45,2.,-8.57));
#1337 = VECTOR('',#1338,1.);
#1338 = DIRECTION('',(1.,0.,0.));
#1339 = PCURVE('',#261,#1340);
#1340 = DEFINITIONAL_REPRESENTATION('',(#1341),#1345);
#1341 = LINE('',#1342,#1343);
#1342 = CARTESIAN_POINT('',(-0.,0.));
#1343 = VECTOR('',#1344,1.);
#1344 = DIRECTION('',(-0.,1.));
#1345 = ( GEOMETRIC_REPRESENTATION_CONTEXT(2) 
PARAMETRIC_REPRESENTATION_CONTEXT() REPRESENTATION_CONTEXT('2D SPACE',''
  ) );
#1346 = PCURVE('',#1347,#1352);
#1347 = PLANE('',#1348);
#1348 = AXIS2_PLACEMENT_3D('',#1349,#1350,#1351);
#1349 = CARTESIAN_POINT('',(149.45,2.,-10.07));
#1350 = DIRECTION('',(0.,1.,0.));
#1351 = DIRECTION('',(0.,0.,1.));
#1352 = DEFINITIONAL_REPRESENTATION('',(#1353),#1357);
#1353 = LINE('',#1354,#1355);
#1354 = CARTESIAN_POINT('',(1.5,0.));
#1355 = VECTOR('',#1356,1.);
#1356 = DIRECTION('',(0.,1.));
#1357 = ( GEOMETRIC_REPRESENTATION_CONTEXT(2) 
PARAMETRIC_REPRESENTATION_CONTEXT() REPRESENTATION_CONTEXT('2D SPACE',''
  ) );
#1358 = ORIENTED_EDGE('',*,*,#1359,.T.);
#1359 = EDGE_CURVE('',#1332,#1360,#1362,.T.);
#1360 = VERTEX_POINT('',#1361);
#1361 = CARTESIAN_POINT('',(188.,0.952879674969,-10.));
#1362 = SURFACE_CURVE('',#1363,(#1394,#1428),.PCURVE_S1.);
#1363 = B_SPLINE_CURVE_WITH_KNOTS('',8,(#1364,#1365,#1366,#1367,#1368,
    #1369,#1370,#1371,#1372,#1373,#1374,#1375,#1376,#1377,#1378,#1379,
    #1380,#1381,#1382,#1383,#1384,#1385,#1386,#1387,#1388,#1389,#1390,
    #1391,#1392,#1393),.UNSPECIFIED.,.F.,.F.,(9,7,7,7,9),(0.,
    0.198063401386,0.631466336112,0.877558400683,1.),.UNSPECIFIED.);
#1364 = CARTESIAN_POINT('',(189.91705503311,2.,-8.57));
#1365 = CARTESIAN_POINT('',(189.89517196161,2.,-8.643598337477));
#1366 = CARTESIAN_POINT('',(189.87023354089,1.995872971609,
    -8.715651756992));
#1367 = CARTESIAN_POINT('',(189.84241943161,1.987922150768,
    -8.785885266763));
#1368 = CARTESIAN_POINT('',(189.81194753137,1.976464585199,
    -8.85405006877));
#1369 = CARTESIAN_POINT('',(189.77907109027,1.961833690116,
    -8.91992301958));
#1370 = CARTESIAN_POINT('',(189.74407683663,1.944380900137,
    -8.983306622109));
#1371 = CARTESIAN_POINT('',(189.7072841128,1.924476417407,
    -9.044029548335));
#1372 = CARTESIAN_POINT('',(189.58537012443,1.854440009037,
    -9.228684352348));
#1373 = CARTESIAN_POINT('',(189.49405908148,1.796085893395,
    -9.343066399028));
#1374 = CARTESIAN_POINT('',(189.39708349769,1.730353620462,
    -9.445477131668));
#1375 = CARTESIAN_POINT('',(189.29592493643,1.659428962893,
    -9.536620660771));
#1376 = CARTESIAN_POINT('',(189.19160622288,1.58493758272,
    -9.617334689634));
#1377 = CARTESIAN_POINT('',(189.08457024883,1.508142624333,
    -9.688488210859));
#1378 = CARTESIAN_POINT('',(188.97482248826,1.429874212693,
    -9.750851317192));
#1379 = CARTESIAN_POINT('',(188.7972026012,1.306907035363,
    -9.835633127187));
#1380 = CARTESIAN_POINT('',(188.73321174131,1.263345294947,
    -9.862960396801));
#1381 = CARTESIAN_POINT('',(188.66841991721,1.220250369211,
    -9.887729467233));
#1382 = CARTESIAN_POINT('',(188.60189551189,1.177399137701,
    -9.910282432993));
#1383 = CARTESIAN_POINT('',(188.53322218112,1.135132640418,
    -9.930525363123));
#1384 = CARTESIAN_POINT('',(188.4624983488,1.094523596532,
    -9.948181472916));
#1385 = CARTESIAN_POINT('',(188.39006652652,1.057333660989,
    -9.963026420478));
#1386 = CARTESIAN_POINT('',(188.27916534256,1.009906306094,
    -9.980772345909));
#1387 = CARTESIAN_POINT('',(188.24107292526,0.995154323155,
    -9.986062072155));
#1388 = CARTESIAN_POINT('',(188.2021374017,0.981955777965,
    -9.990594713699));
#1389 = CARTESIAN_POINT('',(188.16261888784,0.97078054584,
    -9.994289597041));
#1390 = CARTESIAN_POINT('',(188.12265288963,0.962017805756,
    -9.997106224544));
#1391 = CARTESIAN_POINT('',(188.0822708596,0.955975215627,
    -9.999019466244));
#1392 = CARTESIAN_POINT('',(188.0414225268,0.952879674969,-10.));
#1393 = CARTESIAN_POINT('',(188.,0.952879674969,-10.));
#1394 = PCURVE('',#261,#1395);
#1395 = DEFINITIONAL_REPRESENTATION('',(#1396),#1427);
#1396 = B_SPLINE_CURVE_WITH_KNOTS('',8,(#1397,#1398,#1399,#1400,#1401,
    #1402,#1403,#1404,#1405,#1406,#1407,#1408,#1409,#1410,#1411,#1412,
    #1413,#1414,#1415,#1416,#1417,#1418,#1419,#1420,#1421,#1422,#1423,
    #1424,#1425,#1426),.UNSPECIFIED.,.F.,.F.,(9,7,7,7,9),(0.,
    0.198063401386,0.631466336112,0.877558400683,1.),.UNSPECIFIED.);
#1397 = CARTESIAN_POINT('',(0.,40.467055033117));
#1398 = CARTESIAN_POINT('',(-4.906555831773E-02,40.445171961616));
#1399 = CARTESIAN_POINT('',(-9.710119816175E-02,40.420233540893));
#1400 = CARTESIAN_POINT('',(-0.144103463107,40.392419431616));
#1401 = CARTESIAN_POINT('',(-0.19005495681,40.361947531374));
#1402 = CARTESIAN_POINT('',(-0.234924583913,40.329071090274));
#1403 = CARTESIAN_POINT('',(-0.278667410687,40.294076836639));
#1404 = CARTESIAN_POINT('',(-0.321224145423,40.257284112801));
#1405 = CARTESIAN_POINT('',(-0.452884474626,40.135370124433));
#1406 = CARTESIAN_POINT('',(-0.537979112381,40.044059081489));
#1407 = CARTESIAN_POINT('',(-0.618481072489,39.947083497695));
#1408 = CARTESIAN_POINT('',(-0.694883205424,39.845924936431));
#1409 = CARTESIAN_POINT('',(-0.767639588961,39.741606222883));
#1410 = CARTESIAN_POINT('',(-0.837105419096,39.634570248837));
#1411 = CARTESIAN_POINT('',(-0.903662904543,39.524822488265));
#1412 = CARTESIAN_POINT('',(-1.003237292161,39.3472026012));
#1413 = CARTESIAN_POINT('',(-1.037487306785,39.283211741318));
#1414 = CARTESIAN_POINT('',(-1.070585944691,39.218419917217));
#1415 = CARTESIAN_POINT('',(-1.102822044458,39.151895511892));
#1416 = CARTESIAN_POINT('',(-1.134023198333,39.083222181122));
#1417 = CARTESIAN_POINT('',(-1.16352053047,39.012498348804));
#1418 = CARTESIAN_POINT('',(-1.190209958998,38.940066526529));
#1419 = CARTESIAN_POINT('',(-1.223969052336,38.829165342562));
#1420 = CARTESIAN_POINT('',(-1.23441580093,38.791072925261));
#1421 = CARTESIAN_POINT('',(-1.24371809715,38.752137401702));
#1422 = CARTESIAN_POINT('',(-1.251564166491,38.712618887843));
#1423 = CARTESIAN_POINT('',(-1.257700205816,38.67265288963));
#1424 = CARTESIAN_POINT('',(-1.26192586614,38.632270859602));
#1425 = CARTESIAN_POINT('',(-1.264090554435,38.591422526802));
#1426 = CARTESIAN_POINT('',(-1.264090554435,38.55));
#1427 = ( GEOMETRIC_REPRESENTATION_CONTEXT(2) 
PARAMETRIC_REPRESENTATION_CONTEXT() REPRESENTATION_CONTEXT('2D SPACE',''
  ) );
#1428 = PCURVE('',#904,#1429);
#1429 = DEFINITIONAL_REPRESENTATION('',(#1430),#1461);
#1430 = B_SPLINE_CURVE_WITH_KNOTS('',8,(#1431,#1432,#1433,#1434,#1435,
    #1436,#1437,#1438,#1439,#1440,#1441,#1442,#1443,#1444,#1445,#1446,
    #1447,#1448,#1449,#1450,#1451,#1452,#1453,#1454,#1455,#1456,#1457,
    #1458,#1459,#1460),.UNSPECIFIED.,.F.,.F.,(9,7,7,7,9),(0.,
    0.198063401386,0.631466336112,0.877558400683,1.),.UNSPECIFIED.);
#1431 = CARTESIAN_POINT('',(0.289006428174,32.));
#1432 = CARTESIAN_POINT('',(0.327397781685,32.));
#1433 = CARTESIAN_POINT('',(0.365484093448,31.995872971609));
#1434 = CARTESIAN_POINT('',(0.403194222053,31.987922150768));
#1435 = CARTESIAN_POINT('',(0.440458287278,31.976464585199));
#1436 = CARTESIAN_POINT('',(0.477204467477,31.961833690116));
#1437 = CARTESIAN_POINT('',(0.513356141048,31.944380900137));
#1438 = CARTESIAN_POINT('',(0.548829371975,31.924476417407));
#1439 = CARTESIAN_POINT('',(0.65946437684,31.854440009037));
#1440 = CARTESIAN_POINT('',(0.732346658742,31.796085893395));
#1441 = CARTESIAN_POINT('',(0.802460875125,31.730353620462));
#1442 = CARTESIAN_POINT('',(0.870136973391,31.659428962892));
#1443 = CARTESIAN_POINT('',(0.935734039551,31.58493758272));
#1444 = CARTESIAN_POINT('',(0.999733946157,31.508142624333));
#1445 = CARTESIAN_POINT('',(1.062687609114,31.429874212693));
#1446 = CARTESIAN_POINT('',(1.161095916166,31.306907035363));
#1447 = CARTESIAN_POINT('',(1.195856320548,31.263345294947));
#1448 = CARTESIAN_POINT('',(1.230496822347,31.220250369211));
#1449 = CARTESIAN_POINT('',(1.265564092806,31.177399137701));
#1450 = CARTESIAN_POINT('',(1.301300841744,31.135132640418));
#1451 = CARTESIAN_POINT('',(1.337693151825,31.094523596532));
#1452 = CARTESIAN_POINT('',(1.37462705981,31.057333660989));
#1453 = CARTESIAN_POINT('',(1.43078307123,31.009906306094));
#1454 = CARTESIAN_POINT('',(1.450007915259,30.995154323155));
#1455 = CARTESIAN_POINT('',(1.46959914494,30.981955777965));
#1456 = CARTESIAN_POINT('',(1.489434314708,30.97078054584));
#1457 = CARTESIAN_POINT('',(1.509456322028,30.962017805756));
#1458 = CARTESIAN_POINT('',(1.529660908634,30.955975215627));
#1459 = CARTESIAN_POINT('',(1.550085063394,30.952879674969));
#1460 = CARTESIAN_POINT('',(1.570796326795,30.952879674969));
#1461 = ( GEOMETRIC_REPRESENTATION_CONTEXT(2) 
PARAMETRIC_REPRESENTATION_CONTEXT() REPRESENTATION_CONTEXT('2D SPACE',''
  ) );
#1462 = ORIENTED_EDGE('',*,*,#1463,.F.);
#1463 = EDGE_CURVE('',#1056,#1360,#1464,.T.);
#1464 = SURFACE_CURVE('',#1465,(#1469,#1476),.PCURVE_S1.);
#1465 = LINE('',#1466,#1467);
#1466 = CARTESIAN_POINT('',(149.45,0.952879674969,-10.));
#1467 = VECTOR('',#1468,1.);
#1468 = DIRECTION('',(1.,0.,0.));
#1469 = PCURVE('',#261,#1470);
#1470 = DEFINITIONAL_REPRESENTATION('',(#1471),#1475);
#1471 = LINE('',#1472,#1473);
#1472 = CARTESIAN_POINT('',(-1.264090554435,0.));
#1473 = VECTOR('',#1474,1.);
#1474 = DIRECTION('',(-0.,1.));
#1475 = ( GEOMETRIC_REPRESENTATION_CONTEXT(2) 
PARAMETRIC_REPRESENTATION_CONTEXT() REPRESENTATION_CONTEXT('2D SPACE',''
  ) );
#1476 = PCURVE('',#1175,#1477);
#1477 = DEFINITIONAL_REPRESENTATION('',(#1478),#1482);
#1478 = LINE('',#1479,#1480);
#1479 = CARTESIAN_POINT('',(-10.55,30.952879674969));
#1480 = VECTOR('',#1481,1.);
#1481 = DIRECTION('',(1.,0.));
#1482 = ( GEOMETRIC_REPRESENTATION_CONTEXT(2) 
PARAMETRIC_REPRESENTATION_CONTEXT() REPRESENTATION_CONTEXT('2D SPACE',''
  ) );
#1483 = ORIENTED_EDGE('',*,*,#1055,.F.);
#1484 = ORIENTED_EDGE('',*,*,#243,.F.);
#1485 = ADVANCED_FACE('',(#1486),#429,.T.);
#1486 = FACE_BOUND('',#1487,.T.);
#1487 = EDGE_LOOP('',(#1488,#1489,#1518,#1539));
#1488 = ORIENTED_EDGE('',*,*,#413,.F.);
#1489 = ORIENTED_EDGE('',*,*,#1490,.T.);
#1490 = EDGE_CURVE('',#386,#1491,#1493,.T.);
#1491 = VERTEX_POINT('',#1492);
#1492 = CARTESIAN_POINT('',(150.95,1.132771680782,9.93));
#1493 = SURFACE_CURVE('',#1494,(#1499,#1506),.PCURVE_S1.);
#1494 = CIRCLE('',#1495,1.5);
#1495 = AXIS2_PLACEMENT_3D('',#1496,#1497,#1498);
#1496 = CARTESIAN_POINT('',(150.95,0.5,8.57));
#1497 = DIRECTION('',(1.,0.,6.123233995737E-17));
#1498 = DIRECTION('',(-6.123233995737E-17,0.,1.));
#1499 = PCURVE('',#429,#1500);
#1500 = DEFINITIONAL_REPRESENTATION('',(#1501),#1505);
#1501 = LINE('',#1502,#1503);
#1502 = CARTESIAN_POINT('',(-4.712388980385,1.5));
#1503 = VECTOR('',#1504,1.);
#1504 = DIRECTION('',(1.,0.));
#1505 = ( GEOMETRIC_REPRESENTATION_CONTEXT(2) 
PARAMETRIC_REPRESENTATION_CONTEXT() REPRESENTATION_CONTEXT('2D SPACE',''
  ) );
#1506 = PCURVE('',#1507,#1512);
#1507 = SPHERICAL_SURFACE('',#1508,1.5);
#1508 = AXIS2_PLACEMENT_3D('',#1509,#1510,#1511);
#1509 = CARTESIAN_POINT('',(150.95,0.5,8.57));
#1510 = DIRECTION('',(-0.,-1.,-0.));
#1511 = DIRECTION('',(-1.,0.,0.));
#1512 = DEFINITIONAL_REPRESENTATION('',(#1513),#1517);
#1513 = LINE('',#1514,#1515);
#1514 = CARTESIAN_POINT('',(-1.570796326795,-6.28318530718));
#1515 = VECTOR('',#1516,1.);
#1516 = DIRECTION('',(-0.,1.));
#1517 = ( GEOMETRIC_REPRESENTATION_CONTEXT(2) 
PARAMETRIC_REPRESENTATION_CONTEXT() REPRESENTATION_CONTEXT('2D SPACE',''
  ) );
#1518 = ORIENTED_EDGE('',*,*,#1519,.T.);
#1519 = EDGE_CURVE('',#1491,#492,#1520,.T.);
#1520 = SURFACE_CURVE('',#1521,(#1525,#1532),.PCURVE_S1.);
#1521 = LINE('',#1522,#1523);
#1522 = CARTESIAN_POINT('',(149.45,1.132771680782,9.93));
#1523 = VECTOR('',#1524,1.);
#1524 = DIRECTION('',(1.,0.,0.));
#1525 = PCURVE('',#429,#1526);
#1526 = DEFINITIONAL_REPRESENTATION('',(#1527),#1531);
#1527 = LINE('',#1528,#1529);
#1528 = CARTESIAN_POINT('',(1.135313970071,0.));
#1529 = VECTOR('',#1530,1.);
#1530 = DIRECTION('',(0.,1.));
#1531 = ( GEOMETRIC_REPRESENTATION_CONTEXT(2) 
PARAMETRIC_REPRESENTATION_CONTEXT() REPRESENTATION_CONTEXT('2D SPACE',''
  ) );
#1532 = PCURVE('',#611,#1533);
#1533 = DEFINITIONAL_REPRESENTATION('',(#1534),#1538);
#1534 = LINE('',#1535,#1536);
#1535 = CARTESIAN_POINT('',(0.,21.132771680782));
#1536 = VECTOR('',#1537,1.);
#1537 = DIRECTION('',(1.,0.));
#1538 = ( GEOMETRIC_REPRESENTATION_CONTEXT(2) 
PARAMETRIC_REPRESENTATION_CONTEXT() REPRESENTATION_CONTEXT('2D SPACE',''
  ) );
#1539 = ORIENTED_EDGE('',*,*,#491,.F.);
#1540 = ADVANCED_FACE('',(#1541),#401,.T.);
#1541 = FACE_BOUND('',#1542,.F.);
#1542 = EDGE_LOOP('',(#1543,#1573,#1595,#1596));
#1543 = ORIENTED_EDGE('',*,*,#1544,.F.);
#1544 = EDGE_CURVE('',#1545,#1547,#1549,.T.);
#1545 = VERTEX_POINT('',#1546);
#1546 = CARTESIAN_POINT('',(149.45,0.5,8.));
#1547 = VERTEX_POINT('',#1548);
#1548 = CARTESIAN_POINT('',(149.45,0.5,8.57));
#1549 = SURFACE_CURVE('',#1550,(#1554,#1561),.PCURVE_S1.);
#1550 = LINE('',#1551,#1552);
#1551 = CARTESIAN_POINT('',(149.45,0.5,-10.07));
#1552 = VECTOR('',#1553,1.);
#1553 = DIRECTION('',(0.,0.,1.));
#1554 = PCURVE('',#401,#1555);
#1555 = DEFINITIONAL_REPRESENTATION('',(#1556),#1560);
#1556 = LINE('',#1557,#1558);
#1557 = CARTESIAN_POINT('',(-0.,0.));
#1558 = VECTOR('',#1559,1.);
#1559 = DIRECTION('',(-0.,1.));
#1560 = ( GEOMETRIC_REPRESENTATION_CONTEXT(2) 
PARAMETRIC_REPRESENTATION_CONTEXT() REPRESENTATION_CONTEXT('2D SPACE',''
  ) );
#1561 = PCURVE('',#1562,#1567);
#1562 = PLANE('',#1563);
#1563 = AXIS2_PLACEMENT_3D('',#1564,#1565,#1566);
#1564 = CARTESIAN_POINT('',(149.45,-38.,-10.07));
#1565 = DIRECTION('',(1.,0.,0.));
#1566 = DIRECTION('',(0.,0.,1.));
#1567 = DEFINITIONAL_REPRESENTATION('',(#1568),#1572);
#1568 = LINE('',#1569,#1570);
#1569 = CARTESIAN_POINT('',(0.,-38.5));
#1570 = VECTOR('',#1571,1.);
#1571 = DIRECTION('',(1.,0.));
#1572 = ( GEOMETRIC_REPRESENTATION_CONTEXT(2) 
PARAMETRIC_REPRESENTATION_CONTEXT() REPRESENTATION_CONTEXT('2D SPACE',''
  ) );
#1573 = ORIENTED_EDGE('',*,*,#1574,.F.);
#1574 = EDGE_CURVE('',#358,#1545,#1575,.T.);
#1575 = SURFACE_CURVE('',#1576,(#1581,#1588),.PCURVE_S1.);
#1576 = CIRCLE('',#1577,1.5);
#1577 = AXIS2_PLACEMENT_3D('',#1578,#1579,#1580);
#1578 = CARTESIAN_POINT('',(150.95,0.5,8.));
#1579 = DIRECTION('',(0.,0.,1.));
#1580 = DIRECTION('',(-1.,-0.,0.));
#1581 = PCURVE('',#401,#1582);
#1582 = DEFINITIONAL_REPRESENTATION('',(#1583),#1587);
#1583 = LINE('',#1584,#1585);
#1584 = CARTESIAN_POINT('',(-6.28318530718,18.07));
#1585 = VECTOR('',#1586,1.);
#1586 = DIRECTION('',(1.,-0.));
#1587 = ( GEOMETRIC_REPRESENTATION_CONTEXT(2) 
PARAMETRIC_REPRESENTATION_CONTEXT() REPRESENTATION_CONTEXT('2D SPACE',''
  ) );
#1588 = PCURVE('',#373,#1589);
#1589 = DEFINITIONAL_REPRESENTATION('',(#1590),#1594);
#1590 = CIRCLE('',#1591,1.5);
#1591 = AXIS2_PLACEMENT_2D('',#1592,#1593);
#1592 = CARTESIAN_POINT('',(52.95,11.5));
#1593 = DIRECTION('',(-1.,0.));
#1594 = ( GEOMETRIC_REPRESENTATION_CONTEXT(2) 
PARAMETRIC_REPRESENTATION_CONTEXT() REPRESENTATION_CONTEXT('2D SPACE',''
  ) );
#1595 = ORIENTED_EDGE('',*,*,#385,.T.);
#1596 = ORIENTED_EDGE('',*,*,#1597,.T.);
#1597 = EDGE_CURVE('',#386,#1547,#1598,.T.);
#1598 = SURFACE_CURVE('',#1599,(#1604,#1611),.PCURVE_S1.);
#1599 = CIRCLE('',#1600,1.5);
#1600 = AXIS2_PLACEMENT_3D('',#1601,#1602,#1603);
#1601 = CARTESIAN_POINT('',(150.95,0.5,8.57));
#1602 = DIRECTION('',(0.,0.,1.));
#1603 = DIRECTION('',(-1.,0.,0.));
#1604 = PCURVE('',#401,#1605);
#1605 = DEFINITIONAL_REPRESENTATION('',(#1606),#1610);
#1606 = LINE('',#1607,#1608);
#1607 = CARTESIAN_POINT('',(-6.28318530718,18.64));
#1608 = VECTOR('',#1609,1.);
#1609 = DIRECTION('',(1.,-0.));
#1610 = ( GEOMETRIC_REPRESENTATION_CONTEXT(2) 
PARAMETRIC_REPRESENTATION_CONTEXT() REPRESENTATION_CONTEXT('2D SPACE',''
  ) );
#1611 = PCURVE('',#1507,#1612);
#1612 = DEFINITIONAL_REPRESENTATION('',(#1613),#1617);
#1613 = LINE('',#1614,#1615);
#1614 = CARTESIAN_POINT('',(-0.,-6.28318530718));
#1615 = VECTOR('',#1616,1.);
#1616 = DIRECTION('',(-0.,1.));
#1617 = ( GEOMETRIC_REPRESENTATION_CONTEXT(2) 
PARAMETRIC_REPRESENTATION_CONTEXT() REPRESENTATION_CONTEXT('2D SPACE',''
  ) );
#1618 = ADVANCED_FACE('',(#1619),#373,.T.);
#1619 = FACE_BOUND('',#1620,.T.);
#1620 = EDGE_LOOP('',(#1621,#1651,#1679,#1707,#1728,#1729,#1730));
#1621 = ORIENTED_EDGE('',*,*,#1622,.F.);
#1622 = EDGE_CURVE('',#1623,#1625,#1627,.T.);
#1623 = VERTEX_POINT('',#1624);
#1624 = CARTESIAN_POINT('',(146.,11.,8.));
#1625 = VERTEX_POINT('',#1626);
#1626 = CARTESIAN_POINT('',(158.,11.,8.));
#1627 = SURFACE_CURVE('',#1628,(#1632,#1639),.PCURVE_S1.);
#1628 = LINE('',#1629,#1630);
#1629 = CARTESIAN_POINT('',(98.,11.,8.));
#1630 = VECTOR('',#1631,1.);
#1631 = DIRECTION('',(1.,0.,0.));
#1632 = PCURVE('',#373,#1633);
#1633 = DEFINITIONAL_REPRESENTATION('',(#1634),#1638);
#1634 = LINE('',#1635,#1636);
#1635 = CARTESIAN_POINT('',(0.,22.));
#1636 = VECTOR('',#1637,1.);
#1637 = DIRECTION('',(1.,0.));
#1638 = ( GEOMETRIC_REPRESENTATION_CONTEXT(2) 
PARAMETRIC_REPRESENTATION_CONTEXT() REPRESENTATION_CONTEXT('2D SPACE',''
  ) );
#1639 = PCURVE('',#1640,#1645);
#1640 = PLANE('',#1641);
#1641 = AXIS2_PLACEMENT_3D('',#1642,#1643,#1644);
#1642 = CARTESIAN_POINT('',(98.,11.,-8.));
#1643 = DIRECTION('',(0.,1.,0.));
#1644 = DIRECTION('',(0.,0.,1.));
#1645 = DEFINITIONAL_REPRESENTATION('',(#1646),#1650);
#1646 = LINE('',#1647,#1648);
#1647 = CARTESIAN_POINT('',(16.,0.));
#1648 = VECTOR('',#1649,1.);
#1649 = DIRECTION('',(0.,1.));
#1650 = ( GEOMETRIC_REPRESENTATION_CONTEXT(2) 
PARAMETRIC_REPRESENTATION_CONTEXT() REPRESENTATION_CONTEXT('2D SPACE',''
  ) );
#1651 = ORIENTED_EDGE('',*,*,#1652,.F.);
#1652 = EDGE_CURVE('',#1653,#1623,#1655,.T.);
#1653 = VERTEX_POINT('',#1654);
#1654 = CARTESIAN_POINT('',(146.,-11.,8.));
#1655 = SURFACE_CURVE('',#1656,(#1660,#1667),.PCURVE_S1.);
#1656 = LINE('',#1657,#1658);
#1657 = CARTESIAN_POINT('',(146.,-13.5,8.));
#1658 = VECTOR('',#1659,1.);
#1659 = DIRECTION('',(0.,1.,0.));
#1660 = PCURVE('',#373,#1661);
#1661 = DEFINITIONAL_REPRESENTATION('',(#1662),#1666);
#1662 = LINE('',#1663,#1664);
#1663 = CARTESIAN_POINT('',(48.,-2.5));
#1664 = VECTOR('',#1665,1.);
#1665 = DIRECTION('',(0.,1.));
#1666 = ( GEOMETRIC_REPRESENTATION_CONTEXT(2) 
PARAMETRIC_REPRESENTATION_CONTEXT() REPRESENTATION_CONTEXT('2D SPACE',''
  ) );
#1667 = PCURVE('',#1668,#1673);
#1668 = PLANE('',#1669);
#1669 = AXIS2_PLACEMENT_3D('',#1670,#1671,#1672);
#1670 = CARTESIAN_POINT('',(146.,-16.,-11.));
#1671 = DIRECTION('',(1.,0.,0.));
#1672 = DIRECTION('',(0.,0.,1.));
#1673 = DEFINITIONAL_REPRESENTATION('',(#1674),#1678);
#1674 = LINE('',#1675,#1676);
#1675 = CARTESIAN_POINT('',(19.,-2.5));
#1676 = VECTOR('',#1677,1.);
#1677 = DIRECTION('',(0.,-1.));
#1678 = ( GEOMETRIC_REPRESENTATION_CONTEXT(2) 
PARAMETRIC_REPRESENTATION_CONTEXT() REPRESENTATION_CONTEXT('2D SPACE',''
  ) );
#1679 = ORIENTED_EDGE('',*,*,#1680,.T.);
#1680 = EDGE_CURVE('',#1653,#1681,#1683,.T.);
#1681 = VERTEX_POINT('',#1682);
#1682 = CARTESIAN_POINT('',(149.45,-11.,8.));
#1683 = SURFACE_CURVE('',#1684,(#1688,#1695),.PCURVE_S1.);
#1684 = LINE('',#1685,#1686);
#1685 = CARTESIAN_POINT('',(98.,-11.,8.));
#1686 = VECTOR('',#1687,1.);
#1687 = DIRECTION('',(1.,0.,0.));
#1688 = PCURVE('',#373,#1689);
#1689 = DEFINITIONAL_REPRESENTATION('',(#1690),#1694);
#1690 = LINE('',#1691,#1692);
#1691 = CARTESIAN_POINT('',(0.,0.));
#1692 = VECTOR('',#1693,1.);
#1693 = DIRECTION('',(1.,0.));
#1694 = ( GEOMETRIC_REPRESENTATION_CONTEXT(2) 
PARAMETRIC_REPRESENTATION_CONTEXT() REPRESENTATION_CONTEXT('2D SPACE',''
  ) );
#1695 = PCURVE('',#1696,#1701);
#1696 = PLANE('',#1697);
#1697 = AXIS2_PLACEMENT_3D('',#1698,#1699,#1700);
#1698 = CARTESIAN_POINT('',(98.,-11.,-8.));
#1699 = DIRECTION('',(0.,1.,0.));
#1700 = DIRECTION('',(0.,0.,1.));
#1701 = DEFINITIONAL_REPRESENTATION('',(#1702),#1706);
#1702 = LINE('',#1703,#1704);
#1703 = CARTESIAN_POINT('',(16.,0.));
#1704 = VECTOR('',#1705,1.);
#1705 = DIRECTION('',(0.,1.));
#1706 = ( GEOMETRIC_REPRESENTATION_CONTEXT(2) 
PARAMETRIC_REPRESENTATION_CONTEXT() REPRESENTATION_CONTEXT('2D SPACE',''
  ) );
#1707 = ORIENTED_EDGE('',*,*,#1708,.T.);
#1708 = EDGE_CURVE('',#1681,#1545,#1709,.T.);
#1709 = SURFACE_CURVE('',#1710,(#1714,#1721),.PCURVE_S1.);
#1710 = LINE('',#1711,#1712);
#1711 = CARTESIAN_POINT('',(149.45,-24.5,8.));
#1712 = VECTOR('',#1713,1.);
#1713 = DIRECTION('',(0.,1.,0.));
#1714 = PCURVE('',#373,#1715);
#1715 = DEFINITIONAL_REPRESENTATION('',(#1716),#1720);
#1716 = LINE('',#1717,#1718);
#1717 = CARTESIAN_POINT('',(51.45,-13.5));
#1718 = VECTOR('',#1719,1.);
#1719 = DIRECTION('',(0.,1.));
#1720 = ( GEOMETRIC_REPRESENTATION_CONTEXT(2) 
PARAMETRIC_REPRESENTATION_CONTEXT() REPRESENTATION_CONTEXT('2D SPACE',''
  ) );
#1721 = PCURVE('',#1562,#1722);
#1722 = DEFINITIONAL_REPRESENTATION('',(#1723),#1727);
#1723 = LINE('',#1724,#1725);
#1724 = CARTESIAN_POINT('',(18.07,-13.5));
#1725 = VECTOR('',#1726,1.);
#1726 = DIRECTION('',(0.,-1.));
#1727 = ( GEOMETRIC_REPRESENTATION_CONTEXT(2) 
PARAMETRIC_REPRESENTATION_CONTEXT() REPRESENTATION_CONTEXT('2D SPACE',''
  ) );
#1728 = ORIENTED_EDGE('',*,*,#1574,.F.);
#1729 = ORIENTED_EDGE('',*,*,#357,.F.);
#1730 = ORIENTED_EDGE('',*,*,#1731,.T.);
#1731 = EDGE_CURVE('',#330,#1625,#1732,.T.);
#1732 = SURFACE_CURVE('',#1733,(#1737,#1744),.PCURVE_S1.);
#1733 = LINE('',#1734,#1735);
#1734 = CARTESIAN_POINT('',(158.,-11.,8.));
#1735 = VECTOR('',#1736,1.);
#1736 = DIRECTION('',(0.,1.,0.));
#1737 = PCURVE('',#373,#1738);
#1738 = DEFINITIONAL_REPRESENTATION('',(#1739),#1743);
#1739 = LINE('',#1740,#1741);
#1740 = CARTESIAN_POINT('',(60.,0.));
#1741 = VECTOR('',#1742,1.);
#1742 = DIRECTION('',(0.,1.));
#1743 = ( GEOMETRIC_REPRESENTATION_CONTEXT(2) 
PARAMETRIC_REPRESENTATION_CONTEXT() REPRESENTATION_CONTEXT('2D SPACE',''
  ) );
#1744 = PCURVE('',#345,#1745);
#1745 = DEFINITIONAL_REPRESENTATION('',(#1746),#1750);
#1746 = LINE('',#1747,#1748);
#1747 = CARTESIAN_POINT('',(16.,0.));
#1748 = VECTOR('',#1749,1.);
#1749 = DIRECTION('',(0.,-1.));
#1750 = ( GEOMETRIC_REPRESENTATION_CONTEXT(2) 
PARAMETRIC_REPRESENTATION_CONTEXT() REPRESENTATION_CONTEXT('2D SPACE',''
  ) );
#1751 = ADVANCED_FACE('',(#1752),#345,.T.);
#1752 = FACE_BOUND('',#1753,.T.);
#1753 = EDGE_LOOP('',(#1754,#1755,#1756,#1779));
#1754 = ORIENTED_EDGE('',*,*,#1731,.F.);
#1755 = ORIENTED_EDGE('',*,*,#329,.F.);
#1756 = ORIENTED_EDGE('',*,*,#1757,.T.);
#1757 = EDGE_CURVE('',#302,#1758,#1760,.T.);
#1758 = VERTEX_POINT('',#1759);
#1759 = CARTESIAN_POINT('',(158.,11.,-8.));
#1760 = SURFACE_CURVE('',#1761,(#1765,#1772),.PCURVE_S1.);
#1761 = LINE('',#1762,#1763);
#1762 = CARTESIAN_POINT('',(158.,-11.,-8.));
#1763 = VECTOR('',#1764,1.);
#1764 = DIRECTION('',(0.,1.,0.));
#1765 = PCURVE('',#345,#1766);
#1766 = DEFINITIONAL_REPRESENTATION('',(#1767),#1771);
#1767 = LINE('',#1768,#1769);
#1768 = CARTESIAN_POINT('',(0.,0.));
#1769 = VECTOR('',#1770,1.);
#1770 = DIRECTION('',(0.,-1.));
#1771 = ( GEOMETRIC_REPRESENTATION_CONTEXT(2) 
PARAMETRIC_REPRESENTATION_CONTEXT() REPRESENTATION_CONTEXT('2D SPACE',''
  ) );
#1772 = PCURVE('',#317,#1773);
#1773 = DEFINITIONAL_REPRESENTATION('',(#1774),#1778);
#1774 = LINE('',#1775,#1776);
#1775 = CARTESIAN_POINT('',(60.,0.));
#1776 = VECTOR('',#1777,1.);
#1777 = DIRECTION('',(0.,1.));
#1778 = ( GEOMETRIC_REPRESENTATION_CONTEXT(2) 
PARAMETRIC_REPRESENTATION_CONTEXT() REPRESENTATION_CONTEXT('2D SPACE',''
  ) );
#1779 = ORIENTED_EDGE('',*,*,#1780,.T.);
#1780 = EDGE_CURVE('',#1758,#1625,#1781,.T.);
#1781 = SURFACE_CURVE('',#1782,(#1786,#1793),.PCURVE_S1.);
#1782 = LINE('',#1783,#1784);
#1783 = CARTESIAN_POINT('',(158.,11.,-8.));
#1784 = VECTOR('',#1785,1.);
#1785 = DIRECTION('',(0.,0.,1.));
#1786 = PCURVE('',#345,#1787);
#1787 = DEFINITIONAL_REPRESENTATION('',(#1788),#1792);
#1788 = LINE('',#1789,#1790);
#1789 = CARTESIAN_POINT('',(0.,-22.));
#1790 = VECTOR('',#1791,1.);
#1791 = DIRECTION('',(1.,0.));
#1792 = ( GEOMETRIC_REPRESENTATION_CONTEXT(2) 
PARAMETRIC_REPRESENTATION_CONTEXT() REPRESENTATION_CONTEXT('2D SPACE',''
  ) );
#1793 = PCURVE('',#1640,#1794);
#1794 = DEFINITIONAL_REPRESENTATION('',(#1795),#1799);
#1795 = LINE('',#1796,#1797);
#1796 = CARTESIAN_POINT('',(0.,60.));
#1797 = VECTOR('',#1798,1.);
#1798 = DIRECTION('',(1.,0.));
#1799 = ( GEOMETRIC_REPRESENTATION_CONTEXT(2) 
PARAMETRIC_REPRESENTATION_CONTEXT() REPRESENTATION_CONTEXT('2D SPACE',''
  ) );
#1800 = ADVANCED_FACE('',(#1801),#317,.F.);
#1801 = FACE_BOUND('',#1802,.F.);
#1802 = EDGE_LOOP('',(#1803,#1826,#1849,#1872,#1895,#1917,#1918));
#1803 = ORIENTED_EDGE('',*,*,#1804,.F.);
#1804 = EDGE_CURVE('',#1805,#1758,#1807,.T.);
#1805 = VERTEX_POINT('',#1806);
#1806 = CARTESIAN_POINT('',(146.,11.,-8.));
#1807 = SURFACE_CURVE('',#1808,(#1812,#1819),.PCURVE_S1.);
#1808 = LINE('',#1809,#1810);
#1809 = CARTESIAN_POINT('',(98.,11.,-8.));
#1810 = VECTOR('',#1811,1.);
#1811 = DIRECTION('',(1.,0.,0.));
#1812 = PCURVE('',#317,#1813);
#1813 = DEFINITIONAL_REPRESENTATION('',(#1814),#1818);
#1814 = LINE('',#1815,#1816);
#1815 = CARTESIAN_POINT('',(0.,22.));
#1816 = VECTOR('',#1817,1.);
#1817 = DIRECTION('',(1.,0.));
#1818 = ( GEOMETRIC_REPRESENTATION_CONTEXT(2) 
PARAMETRIC_REPRESENTATION_CONTEXT() REPRESENTATION_CONTEXT('2D SPACE',''
  ) );
#1819 = PCURVE('',#1640,#1820);
#1820 = DEFINITIONAL_REPRESENTATION('',(#1821),#1825);
#1821 = LINE('',#1822,#1823);
#1822 = CARTESIAN_POINT('',(0.,0.));
#1823 = VECTOR('',#1824,1.);
#1824 = DIRECTION('',(0.,1.));
#1825 = ( GEOMETRIC_REPRESENTATION_CONTEXT(2) 
PARAMETRIC_REPRESENTATION_CONTEXT() REPRESENTATION_CONTEXT('2D SPACE',''
  ) );
#1826 = ORIENTED_EDGE('',*,*,#1827,.F.);
#1827 = EDGE_CURVE('',#1828,#1805,#1830,.T.);
#1828 = VERTEX_POINT('',#1829);
#1829 = CARTESIAN_POINT('',(146.,-11.,-8.));
#1830 = SURFACE_CURVE('',#1831,(#1835,#1842),.PCURVE_S1.);
#1831 = LINE('',#1832,#1833);
#1832 = CARTESIAN_POINT('',(146.,-13.5,-8.));
#1833 = VECTOR('',#1834,1.);
#1834 = DIRECTION('',(0.,1.,0.));
#1835 = PCURVE('',#317,#1836);
#1836 = DEFINITIONAL_REPRESENTATION('',(#1837),#1841);
#1837 = LINE('',#1838,#1839);
#1838 = CARTESIAN_POINT('',(48.,-2.5));
#1839 = VECTOR('',#1840,1.);
#1840 = DIRECTION('',(0.,1.));
#1841 = ( GEOMETRIC_REPRESENTATION_CONTEXT(2) 
PARAMETRIC_REPRESENTATION_CONTEXT() REPRESENTATION_CONTEXT('2D SPACE',''
  ) );
#1842 = PCURVE('',#1668,#1843);
#1843 = DEFINITIONAL_REPRESENTATION('',(#1844),#1848);
#1844 = LINE('',#1845,#1846);
#1845 = CARTESIAN_POINT('',(3.,-2.5));
#1846 = VECTOR('',#1847,1.);
#1847 = DIRECTION('',(0.,-1.));
#1848 = ( GEOMETRIC_REPRESENTATION_CONTEXT(2) 
PARAMETRIC_REPRESENTATION_CONTEXT() REPRESENTATION_CONTEXT('2D SPACE',''
  ) );
#1849 = ORIENTED_EDGE('',*,*,#1850,.T.);
#1850 = EDGE_CURVE('',#1828,#1851,#1853,.T.);
#1851 = VERTEX_POINT('',#1852);
#1852 = CARTESIAN_POINT('',(149.45,-11.,-8.));
#1853 = SURFACE_CURVE('',#1854,(#1858,#1865),.PCURVE_S1.);
#1854 = LINE('',#1855,#1856);
#1855 = CARTESIAN_POINT('',(98.,-11.,-8.));
#1856 = VECTOR('',#1857,1.);
#1857 = DIRECTION('',(1.,0.,0.));
#1858 = PCURVE('',#317,#1859);
#1859 = DEFINITIONAL_REPRESENTATION('',(#1860),#1864);
#1860 = LINE('',#1861,#1862);
#1861 = CARTESIAN_POINT('',(0.,0.));
#1862 = VECTOR('',#1863,1.);
#1863 = DIRECTION('',(1.,0.));
#1864 = ( GEOMETRIC_REPRESENTATION_CONTEXT(2) 
PARAMETRIC_REPRESENTATION_CONTEXT() REPRESENTATION_CONTEXT('2D SPACE',''
  ) );
#1865 = PCURVE('',#1696,#1866);
#1866 = DEFINITIONAL_REPRESENTATION('',(#1867),#1871);
#1867 = LINE('',#1868,#1869);
#1868 = CARTESIAN_POINT('',(0.,0.));
#1869 = VECTOR('',#1870,1.);
#1870 = DIRECTION('',(0.,1.));
#1871 = ( GEOMETRIC_REPRESENTATION_CONTEXT(2) 
PARAMETRIC_REPRESENTATION_CONTEXT() REPRESENTATION_CONTEXT('2D SPACE',''
  ) );
#1872 = ORIENTED_EDGE('',*,*,#1873,.T.);
#1873 = EDGE_CURVE('',#1851,#1874,#1876,.T.);
#1874 = VERTEX_POINT('',#1875);
#1875 = CARTESIAN_POINT('',(149.45,0.5,-8.));
#1876 = SURFACE_CURVE('',#1877,(#1881,#1888),.PCURVE_S1.);
#1877 = LINE('',#1878,#1879);
#1878 = CARTESIAN_POINT('',(149.45,-24.5,-8.));
#1879 = VECTOR('',#1880,1.);
#1880 = DIRECTION('',(0.,1.,0.));
#1881 = PCURVE('',#317,#1882);
#1882 = DEFINITIONAL_REPRESENTATION('',(#1883),#1887);
#1883 = LINE('',#1884,#1885);
#1884 = CARTESIAN_POINT('',(51.45,-13.5));
#1885 = VECTOR('',#1886,1.);
#1886 = DIRECTION('',(0.,1.));
#1887 = ( GEOMETRIC_REPRESENTATION_CONTEXT(2) 
PARAMETRIC_REPRESENTATION_CONTEXT() REPRESENTATION_CONTEXT('2D SPACE',''
  ) );
#1888 = PCURVE('',#1562,#1889);
#1889 = DEFINITIONAL_REPRESENTATION('',(#1890),#1894);
#1890 = LINE('',#1891,#1892);
#1891 = CARTESIAN_POINT('',(2.07,-13.5));
#1892 = VECTOR('',#1893,1.);
#1893 = DIRECTION('',(0.,-1.));
#1894 = ( GEOMETRIC_REPRESENTATION_CONTEXT(2) 
PARAMETRIC_REPRESENTATION_CONTEXT() REPRESENTATION_CONTEXT('2D SPACE',''
  ) );
#1895 = ORIENTED_EDGE('',*,*,#1896,.F.);
#1896 = EDGE_CURVE('',#274,#1874,#1897,.T.);
#1897 = SURFACE_CURVE('',#1898,(#1903,#1910),.PCURVE_S1.);
#1898 = CIRCLE('',#1899,1.5);
#1899 = AXIS2_PLACEMENT_3D('',#1900,#1901,#1902);
#1900 = CARTESIAN_POINT('',(150.95,0.5,-8.));
#1901 = DIRECTION('',(0.,0.,1.));
#1902 = DIRECTION('',(-1.,-0.,0.));
#1903 = PCURVE('',#317,#1904);
#1904 = DEFINITIONAL_REPRESENTATION('',(#1905),#1909);
#1905 = CIRCLE('',#1906,1.5);
#1906 = AXIS2_PLACEMENT_2D('',#1907,#1908);
#1907 = CARTESIAN_POINT('',(52.95,11.5));
#1908 = DIRECTION('',(-1.,0.));
#1909 = ( GEOMETRIC_REPRESENTATION_CONTEXT(2) 
PARAMETRIC_REPRESENTATION_CONTEXT() REPRESENTATION_CONTEXT('2D SPACE',''
  ) );
#1910 = PCURVE('',#289,#1911);
#1911 = DEFINITIONAL_REPRESENTATION('',(#1912),#1916);
#1912 = LINE('',#1913,#1914);
#1913 = CARTESIAN_POINT('',(-6.28318530718,2.07));
#1914 = VECTOR('',#1915,1.);
#1915 = DIRECTION('',(1.,-0.));
#1916 = ( GEOMETRIC_REPRESENTATION_CONTEXT(2) 
PARAMETRIC_REPRESENTATION_CONTEXT() REPRESENTATION_CONTEXT('2D SPACE',''
  ) );
#1917 = ORIENTED_EDGE('',*,*,#301,.F.);
#1918 = ORIENTED_EDGE('',*,*,#1757,.T.);
#1919 = ADVANCED_FACE('',(#1920),#289,.T.);
#1920 = FACE_BOUND('',#1921,.F.);
#1921 = EDGE_LOOP('',(#1922,#1945,#1967,#1968));
#1922 = ORIENTED_EDGE('',*,*,#1923,.F.);
#1923 = EDGE_CURVE('',#1924,#1874,#1926,.T.);
#1924 = VERTEX_POINT('',#1925);
#1925 = CARTESIAN_POINT('',(149.45,0.5,-8.57));
#1926 = SURFACE_CURVE('',#1927,(#1931,#1938),.PCURVE_S1.);
#1927 = LINE('',#1928,#1929);
#1928 = CARTESIAN_POINT('',(149.45,0.5,-10.07));
#1929 = VECTOR('',#1930,1.);
#1930 = DIRECTION('',(0.,0.,1.));
#1931 = PCURVE('',#289,#1932);
#1932 = DEFINITIONAL_REPRESENTATION('',(#1933),#1937);
#1933 = LINE('',#1934,#1935);
#1934 = CARTESIAN_POINT('',(-0.,0.));
#1935 = VECTOR('',#1936,1.);
#1936 = DIRECTION('',(-0.,1.));
#1937 = ( GEOMETRIC_REPRESENTATION_CONTEXT(2) 
PARAMETRIC_REPRESENTATION_CONTEXT() REPRESENTATION_CONTEXT('2D SPACE',''
  ) );
#1938 = PCURVE('',#1562,#1939);
#1939 = DEFINITIONAL_REPRESENTATION('',(#1940),#1944);
#1940 = LINE('',#1941,#1942);
#1941 = CARTESIAN_POINT('',(0.,-38.5));
#1942 = VECTOR('',#1943,1.);
#1943 = DIRECTION('',(1.,0.));
#1944 = ( GEOMETRIC_REPRESENTATION_CONTEXT(2) 
PARAMETRIC_REPRESENTATION_CONTEXT() REPRESENTATION_CONTEXT('2D SPACE',''
  ) );
#1945 = ORIENTED_EDGE('',*,*,#1946,.T.);
#1946 = EDGE_CURVE('',#1924,#244,#1947,.T.);
#1947 = SURFACE_CURVE('',#1948,(#1953,#1960),.PCURVE_S1.);
#1948 = CIRCLE('',#1949,1.5);
#1949 = AXIS2_PLACEMENT_3D('',#1950,#1951,#1952);
#1950 = CARTESIAN_POINT('',(150.95,0.5,-8.57));
#1951 = DIRECTION('',(-0.,0.,-1.));
#1952 = DIRECTION('',(-1.,0.,0.));
#1953 = PCURVE('',#289,#1954);
#1954 = DEFINITIONAL_REPRESENTATION('',(#1955),#1959);
#1955 = LINE('',#1956,#1957);
#1956 = CARTESIAN_POINT('',(-0.,1.5));
#1957 = VECTOR('',#1958,1.);
#1958 = DIRECTION('',(-1.,0.));
#1959 = ( GEOMETRIC_REPRESENTATION_CONTEXT(2) 
PARAMETRIC_REPRESENTATION_CONTEXT() REPRESENTATION_CONTEXT('2D SPACE',''
  ) );
#1960 = PCURVE('',#1262,#1961);
#1961 = DEFINITIONAL_REPRESENTATION('',(#1962),#1966);
#1962 = LINE('',#1963,#1964);
#1963 = CARTESIAN_POINT('',(-0.,0.));
#1964 = VECTOR('',#1965,1.);
#1965 = DIRECTION('',(-1.,0.));
#1966 = ( GEOMETRIC_REPRESENTATION_CONTEXT(2) 
PARAMETRIC_REPRESENTATION_CONTEXT() REPRESENTATION_CONTEXT('2D SPACE',''
  ) );
#1967 = ORIENTED_EDGE('',*,*,#273,.T.);
#1968 = ORIENTED_EDGE('',*,*,#1896,.T.);
#1969 = ADVANCED_FACE('',(#1970),#611,.F.);
#1970 = FACE_BOUND('',#1971,.F.);
#1971 = EDGE_LOOP('',(#1972,#1998,#1999,#2000));
#1972 = ORIENTED_EDGE('',*,*,#1973,.F.);
#1973 = EDGE_CURVE('',#1491,#655,#1974,.T.);
#1974 = SURFACE_CURVE('',#1975,(#1979,#1986),.PCURVE_S1.);
#1975 = LINE('',#1976,#1977);
#1976 = CARTESIAN_POINT('',(150.95,-20.,9.93));
#1977 = VECTOR('',#1978,1.);
#1978 = DIRECTION('',(0.,1.,0.));
#1979 = PCURVE('',#611,#1980);
#1980 = DEFINITIONAL_REPRESENTATION('',(#1981),#1985);
#1981 = LINE('',#1982,#1983);
#1982 = CARTESIAN_POINT('',(1.5,0.));
#1983 = VECTOR('',#1984,1.);
#1984 = DIRECTION('',(0.,1.));
#1985 = ( GEOMETRIC_REPRESENTATION_CONTEXT(2) 
PARAMETRIC_REPRESENTATION_CONTEXT() REPRESENTATION_CONTEXT('2D SPACE',''
  ) );
#1986 = PCURVE('',#1987,#1992);
#1987 = CYLINDRICAL_SURFACE('',#1988,1.5);
#1988 = AXIS2_PLACEMENT_3D('',#1989,#1990,#1991);
#1989 = CARTESIAN_POINT('',(150.95,-20.,11.43));
#1990 = DIRECTION('',(0.,1.,0.));
#1991 = DIRECTION('',(-1.,0.,0.));
#1992 = DEFINITIONAL_REPRESENTATION('',(#1993),#1997);
#1993 = LINE('',#1994,#1995);
#1994 = CARTESIAN_POINT('',(-1.570796326795,0.));
#1995 = VECTOR('',#1996,1.);
#1996 = DIRECTION('',(-0.,1.));
#1997 = ( GEOMETRIC_REPRESENTATION_CONTEXT(2) 
PARAMETRIC_REPRESENTATION_CONTEXT() REPRESENTATION_CONTEXT('2D SPACE',''
  ) );
#1998 = ORIENTED_EDGE('',*,*,#1519,.T.);
#1999 = ORIENTED_EDGE('',*,*,#595,.T.);
#2000 = ORIENTED_EDGE('',*,*,#996,.F.);
#2001 = ADVANCED_FACE('',(#2002),#670,.T.);
#2002 = FACE_BOUND('',#2003,.T.);
#2003 = EDGE_LOOP('',(#2004,#2033,#2034,#2068));
#2004 = ORIENTED_EDGE('',*,*,#2005,.F.);
#2005 = EDGE_CURVE('',#653,#2006,#2008,.T.);
#2006 = VERTEX_POINT('',#2007);
#2007 = CARTESIAN_POINT('',(149.45,16.43,-18.5));
#2008 = SURFACE_CURVE('',#2009,(#2014,#2021),.PCURVE_S1.);
#2009 = CIRCLE('',#2010,1.5);
#2010 = AXIS2_PLACEMENT_3D('',#2011,#2012,#2013);
#2011 = CARTESIAN_POINT('',(150.95,16.43,-18.5));
#2012 = DIRECTION('',(-0.,-1.110223024625E-16,-1.));
#2013 = DIRECTION('',(-1.,0.,0.));
#2014 = PCURVE('',#670,#2015);
#2015 = DEFINITIONAL_REPRESENTATION('',(#2016),#2020);
#2016 = LINE('',#2017,#2018);
#2017 = CARTESIAN_POINT('',(6.28318530718,1.5));
#2018 = VECTOR('',#2019,1.);
#2019 = DIRECTION('',(-1.,-0.));
#2020 = ( GEOMETRIC_REPRESENTATION_CONTEXT(2) 
PARAMETRIC_REPRESENTATION_CONTEXT() REPRESENTATION_CONTEXT('2D SPACE',''
  ) );
#2021 = PCURVE('',#2022,#2027);
#2022 = SPHERICAL_SURFACE('',#2023,1.5);
#2023 = AXIS2_PLACEMENT_3D('',#2024,#2025,#2026);
#2024 = CARTESIAN_POINT('',(150.95,16.43,-18.5));
#2025 = DIRECTION('',(-0.,1.,-1.110223024625E-16));
#2026 = DIRECTION('',(-1.,0.,0.));
#2027 = DEFINITIONAL_REPRESENTATION('',(#2028),#2032);
#2028 = LINE('',#2029,#2030);
#2029 = CARTESIAN_POINT('',(-0.,-6.28318530718));
#2030 = VECTOR('',#2031,1.);
#2031 = DIRECTION('',(-0.,1.));
#2032 = ( GEOMETRIC_REPRESENTATION_CONTEXT(2) 
PARAMETRIC_REPRESENTATION_CONTEXT() REPRESENTATION_CONTEXT('2D SPACE',''
  ) );
#2033 = ORIENTED_EDGE('',*,*,#652,.T.);
#2034 = ORIENTED_EDGE('',*,*,#2035,.T.);
#2035 = EDGE_CURVE('',#655,#2036,#2038,.T.);
#2036 = VERTEX_POINT('',#2037);
#2037 = CARTESIAN_POINT('',(149.45,16.43,11.43));
#2038 = SURFACE_CURVE('',#2039,(#2044,#2056),.PCURVE_S1.);
#2039 = ELLIPSE('',#2040,2.12132034356,1.5);
#2040 = AXIS2_PLACEMENT_3D('',#2041,#2042,#2043);
#2041 = CARTESIAN_POINT('',(150.95,16.43,11.43));
#2042 = DIRECTION('',(0.,0.707106781187,-0.707106781187));
#2043 = DIRECTION('',(0.,0.707106781187,0.707106781187));
#2044 = PCURVE('',#670,#2045);
#2045 = DEFINITIONAL_REPRESENTATION('',(#2046),#2055);
#2046 = B_SPLINE_CURVE_WITH_KNOTS('',7,(#2047,#2048,#2049,#2050,#2051,
    #2052,#2053,#2054),.UNSPECIFIED.,.F.,.F.,(8,8),(3.14159265359,
    4.712388980385),.PIECEWISE_BEZIER_KNOTS.);
#2047 = CARTESIAN_POINT('',(1.570796326795,29.93));
#2048 = CARTESIAN_POINT('',(1.346396851538,29.93));
#2049 = CARTESIAN_POINT('',(1.121997376282,30.018123008918));
#2050 = CARTESIAN_POINT('',(0.897597901025,30.194356243061));
#2051 = CARTESIAN_POINT('',(0.673198425769,30.447879761352));
#2052 = CARTESIAN_POINT('',(0.448798950513,30.756802941018));
#2053 = CARTESIAN_POINT('',(0.224399475256,31.093400787115));
#2054 = CARTESIAN_POINT('',(2.368475785867E-15,31.43));
#2055 = ( GEOMETRIC_REPRESENTATION_CONTEXT(2) 
PARAMETRIC_REPRESENTATION_CONTEXT() REPRESENTATION_CONTEXT('2D SPACE',''
  ) );
#2056 = PCURVE('',#1987,#2057);
#2057 = DEFINITIONAL_REPRESENTATION('',(#2058),#2067);
#2058 = B_SPLINE_CURVE_WITH_KNOTS('',7,(#2059,#2060,#2061,#2062,#2063,
    #2064,#2065,#2066),.UNSPECIFIED.,.F.,.F.,(8,8),(3.14159265359,
    4.712388980385),.PIECEWISE_BEZIER_KNOTS.);
#2059 = CARTESIAN_POINT('',(-1.570796326795,34.93));
#2060 = CARTESIAN_POINT('',(-1.346396851538,34.93));
#2061 = CARTESIAN_POINT('',(-1.121997376282,35.018123008917));
#2062 = CARTESIAN_POINT('',(-0.897597901026,35.194356243057));
#2063 = CARTESIAN_POINT('',(-0.673198425769,35.447879761348));
#2064 = CARTESIAN_POINT('',(-0.448798950513,35.756802941021));
#2065 = CARTESIAN_POINT('',(-0.224399475256,36.093400787115));
#2066 = CARTESIAN_POINT('',(0.,36.43));
#2067 = ( GEOMETRIC_REPRESENTATION_CONTEXT(2) 
PARAMETRIC_REPRESENTATION_CONTEXT() REPRESENTATION_CONTEXT('2D SPACE',''
  ) );
#2068 = ORIENTED_EDGE('',*,*,#2069,.F.);
#2069 = EDGE_CURVE('',#2006,#2036,#2070,.T.);
#2070 = SURFACE_CURVE('',#2071,(#2075,#2082),.PCURVE_S1.);
#2071 = LINE('',#2072,#2073);
#2072 = CARTESIAN_POINT('',(149.45,16.43,-20.));
#2073 = VECTOR('',#2074,1.);
#2074 = DIRECTION('',(0.,1.110223024625E-16,1.));
#2075 = PCURVE('',#670,#2076);
#2076 = DEFINITIONAL_REPRESENTATION('',(#2077),#2081);
#2077 = LINE('',#2078,#2079);
#2078 = CARTESIAN_POINT('',(0.,0.));
#2079 = VECTOR('',#2080,1.);
#2080 = DIRECTION('',(0.,1.));
#2081 = ( GEOMETRIC_REPRESENTATION_CONTEXT(2) 
PARAMETRIC_REPRESENTATION_CONTEXT() REPRESENTATION_CONTEXT('2D SPACE',''
  ) );
#2082 = PCURVE('',#2083,#2088);
#2083 = PLANE('',#2084);
#2084 = AXIS2_PLACEMENT_3D('',#2085,#2086,#2087);
#2085 = CARTESIAN_POINT('',(149.45,35.07,-20.));
#2086 = DIRECTION('',(1.,0.,0.));
#2087 = DIRECTION('',(0.,-1.,1.110223024625E-16));
#2088 = DEFINITIONAL_REPRESENTATION('',(#2089),#2093);
#2089 = LINE('',#2090,#2091);
#2090 = CARTESIAN_POINT('',(18.64,2.069455717901E-15));
#2091 = VECTOR('',#2092,1.);
#2092 = DIRECTION('',(0.,-1.));
#2093 = ( GEOMETRIC_REPRESENTATION_CONTEXT(2) 
PARAMETRIC_REPRESENTATION_CONTEXT() REPRESENTATION_CONTEXT('2D SPACE',''
  ) );
#2094 = ADVANCED_FACE('',(#2095),#698,.T.);
#2095 = FACE_BOUND('',#2096,.F.);
#2096 = EDGE_LOOP('',(#2097,#2121,#2122,#2151));
#2097 = ORIENTED_EDGE('',*,*,#2098,.F.);
#2098 = EDGE_CURVE('',#653,#2099,#2101,.T.);
#2099 = VERTEX_POINT('',#2100);
#2100 = CARTESIAN_POINT('',(150.95,16.43,-20.));
#2101 = SURFACE_CURVE('',#2102,(#2107,#2114),.PCURVE_S1.);
#2102 = CIRCLE('',#2103,1.5);
#2103 = AXIS2_PLACEMENT_3D('',#2104,#2105,#2106);
#2104 = CARTESIAN_POINT('',(150.95,16.43,-18.5));
#2105 = DIRECTION('',(1.,-6.798155367234E-33,-6.123233995737E-17));
#2106 = DIRECTION('',(-6.123233995737E-17,-1.110223024625E-16,-1.));
#2107 = PCURVE('',#698,#2108);
#2108 = DEFINITIONAL_REPRESENTATION('',(#2109),#2113);
#2109 = LINE('',#2110,#2111);
#2110 = CARTESIAN_POINT('',(-6.28318530718,1.5));
#2111 = VECTOR('',#2112,1.);
#2112 = DIRECTION('',(1.,-0.));
#2113 = ( GEOMETRIC_REPRESENTATION_CONTEXT(2) 
PARAMETRIC_REPRESENTATION_CONTEXT() REPRESENTATION_CONTEXT('2D SPACE',''
  ) );
#2114 = PCURVE('',#2022,#2115);
#2115 = DEFINITIONAL_REPRESENTATION('',(#2116),#2120);
#2116 = LINE('',#2117,#2118);
#2117 = CARTESIAN_POINT('',(-1.570796326795,-6.28318530718));
#2118 = VECTOR('',#2119,1.);
#2119 = DIRECTION('',(-0.,1.));
#2120 = ( GEOMETRIC_REPRESENTATION_CONTEXT(2) 
PARAMETRIC_REPRESENTATION_CONTEXT() REPRESENTATION_CONTEXT('2D SPACE',''
  ) );
#2121 = ORIENTED_EDGE('',*,*,#682,.T.);
#2122 = ORIENTED_EDGE('',*,*,#2123,.T.);
#2123 = EDGE_CURVE('',#683,#2124,#2126,.T.);
#2124 = VERTEX_POINT('',#2125);
#2125 = CARTESIAN_POINT('',(199.05,16.43,-20.));
#2126 = SURFACE_CURVE('',#2127,(#2132,#2139),.PCURVE_S1.);
#2127 = CIRCLE('',#2128,1.5);
#2128 = AXIS2_PLACEMENT_3D('',#2129,#2130,#2131);
#2129 = CARTESIAN_POINT('',(199.05,16.43,-18.5));
#2130 = DIRECTION('',(1.,6.798155367234E-33,6.123233995737E-17));
#2131 = DIRECTION('',(6.123233995737E-17,-1.110223024625E-16,-1.));
#2132 = PCURVE('',#698,#2133);
#2133 = DEFINITIONAL_REPRESENTATION('',(#2134),#2138);
#2134 = LINE('',#2135,#2136);
#2135 = CARTESIAN_POINT('',(-6.28318530718,49.6));
#2136 = VECTOR('',#2137,1.);
#2137 = DIRECTION('',(1.,-0.));
#2138 = ( GEOMETRIC_REPRESENTATION_CONTEXT(2) 
PARAMETRIC_REPRESENTATION_CONTEXT() REPRESENTATION_CONTEXT('2D SPACE',''
  ) );
#2139 = PCURVE('',#2140,#2145);
#2140 = SPHERICAL_SURFACE('',#2141,1.5);
#2141 = AXIS2_PLACEMENT_3D('',#2142,#2143,#2144);
#2142 = CARTESIAN_POINT('',(199.05,16.43,-18.5));
#2143 = DIRECTION('',(-0.,1.,-1.110223024625E-16));
#2144 = DIRECTION('',(1.,0.,0.));
#2145 = DEFINITIONAL_REPRESENTATION('',(#2146),#2150);
#2146 = LINE('',#2147,#2148);
#2147 = CARTESIAN_POINT('',(1.570796326795,-6.28318530718));
#2148 = VECTOR('',#2149,1.);
#2149 = DIRECTION('',(0.,1.));
#2150 = ( GEOMETRIC_REPRESENTATION_CONTEXT(2) 
PARAMETRIC_REPRESENTATION_CONTEXT() REPRESENTATION_CONTEXT('2D SPACE',''
  ) );
#2151 = ORIENTED_EDGE('',*,*,#2152,.F.);
#2152 = EDGE_CURVE('',#2099,#2124,#2153,.T.);
#2153 = SURFACE_CURVE('',#2154,(#2158,#2165),.PCURVE_S1.);
#2154 = LINE('',#2155,#2156);
#2155 = CARTESIAN_POINT('',(149.45,16.43,-20.));
#2156 = VECTOR('',#2157,1.);
#2157 = DIRECTION('',(1.,0.,0.));
#2158 = PCURVE('',#698,#2159);
#2159 = DEFINITIONAL_REPRESENTATION('',(#2160),#2164);
#2160 = LINE('',#2161,#2162);
#2161 = CARTESIAN_POINT('',(-0.,0.));
#2162 = VECTOR('',#2163,1.);
#2163 = DIRECTION('',(-0.,1.));
#2164 = ( GEOMETRIC_REPRESENTATION_CONTEXT(2) 
PARAMETRIC_REPRESENTATION_CONTEXT() REPRESENTATION_CONTEXT('2D SPACE',''
  ) );
#2165 = PCURVE('',#2166,#2171);
#2166 = PLANE('',#2167);
#2167 = AXIS2_PLACEMENT_3D('',#2168,#2169,#2170);
#2168 = CARTESIAN_POINT('',(149.45,35.07,-20.));
#2169 = DIRECTION('',(0.,1.110223024625E-16,1.));
#2170 = DIRECTION('',(0.,-1.,1.110223024625E-16));
#2171 = DEFINITIONAL_REPRESENTATION('',(#2172),#2176);
#2172 = LINE('',#2173,#2174);
#2173 = CARTESIAN_POINT('',(18.64,0.));
#2174 = VECTOR('',#2175,1.);
#2175 = DIRECTION('',(0.,1.));
#2176 = ( GEOMETRIC_REPRESENTATION_CONTEXT(2) 
PARAMETRIC_REPRESENTATION_CONTEXT() REPRESENTATION_CONTEXT('2D SPACE',''
  ) );
#2177 = ADVANCED_FACE('',(#2178),#726,.T.);
#2178 = FACE_BOUND('',#2179,.F.);
#2179 = EDGE_LOOP('',(#2180,#2204,#2205,#2244));
#2180 = ORIENTED_EDGE('',*,*,#2181,.F.);
#2181 = EDGE_CURVE('',#683,#2182,#2184,.T.);
#2182 = VERTEX_POINT('',#2183);
#2183 = CARTESIAN_POINT('',(200.55,16.43,-18.5));
#2184 = SURFACE_CURVE('',#2185,(#2190,#2197),.PCURVE_S1.);
#2185 = CIRCLE('',#2186,1.5);
#2186 = AXIS2_PLACEMENT_3D('',#2187,#2188,#2189);
#2187 = CARTESIAN_POINT('',(199.05,16.43,-18.5));
#2188 = DIRECTION('',(-0.,1.110223024625E-16,1.));
#2189 = DIRECTION('',(1.,0.,0.));
#2190 = PCURVE('',#726,#2191);
#2191 = DEFINITIONAL_REPRESENTATION('',(#2192),#2196);
#2192 = LINE('',#2193,#2194);
#2193 = CARTESIAN_POINT('',(-6.28318530718,1.5));
#2194 = VECTOR('',#2195,1.);
#2195 = DIRECTION('',(1.,-0.));
#2196 = ( GEOMETRIC_REPRESENTATION_CONTEXT(2) 
PARAMETRIC_REPRESENTATION_CONTEXT() REPRESENTATION_CONTEXT('2D SPACE',''
  ) );
#2197 = PCURVE('',#2140,#2198);
#2198 = DEFINITIONAL_REPRESENTATION('',(#2199),#2203);
#2199 = LINE('',#2200,#2201);
#2200 = CARTESIAN_POINT('',(0.,-6.28318530718));
#2201 = VECTOR('',#2202,1.);
#2202 = DIRECTION('',(0.,1.));
#2203 = ( GEOMETRIC_REPRESENTATION_CONTEXT(2) 
PARAMETRIC_REPRESENTATION_CONTEXT() REPRESENTATION_CONTEXT('2D SPACE',''
  ) );
#2204 = ORIENTED_EDGE('',*,*,#710,.T.);
#2205 = ORIENTED_EDGE('',*,*,#2206,.F.);
#2206 = EDGE_CURVE('',#2207,#711,#2209,.T.);
#2207 = VERTEX_POINT('',#2208);
#2208 = CARTESIAN_POINT('',(200.55,16.43,11.43));
#2209 = SURFACE_CURVE('',#2210,(#2215,#2227),.PCURVE_S1.);
#2210 = ELLIPSE('',#2211,2.12132034356,1.5);
#2211 = AXIS2_PLACEMENT_3D('',#2212,#2213,#2214);
#2212 = CARTESIAN_POINT('',(199.05,16.43,11.43));
#2213 = DIRECTION('',(0.,0.707106781187,-0.707106781187));
#2214 = DIRECTION('',(0.,0.707106781187,0.707106781187));
#2215 = PCURVE('',#726,#2216);
#2216 = DEFINITIONAL_REPRESENTATION('',(#2217),#2226);
#2217 = B_SPLINE_CURVE_WITH_KNOTS('',7,(#2218,#2219,#2220,#2221,#2222,
    #2223,#2224,#2225),.UNSPECIFIED.,.F.,.F.,(8,8),(1.570796326795,
    3.14159265359),.PIECEWISE_BEZIER_KNOTS.);
#2218 = CARTESIAN_POINT('',(-2.368475785867E-15,31.43));
#2219 = CARTESIAN_POINT('',(-0.224399475256,31.093400787115));
#2220 = CARTESIAN_POINT('',(-0.448798950513,30.756802941021));
#2221 = CARTESIAN_POINT('',(-0.673198425769,30.447879761356));
#2222 = CARTESIAN_POINT('',(-0.897597901026,30.194356243064));
#2223 = CARTESIAN_POINT('',(-1.121997376282,30.018123008915));
#2224 = CARTESIAN_POINT('',(-1.346396851538,29.93));
#2225 = CARTESIAN_POINT('',(-1.570796326795,29.93));
#2226 = ( GEOMETRIC_REPRESENTATION_CONTEXT(2) 
PARAMETRIC_REPRESENTATION_CONTEXT() REPRESENTATION_CONTEXT('2D SPACE',''
  ) );
#2227 = PCURVE('',#2228,#2233);
#2228 = CYLINDRICAL_SURFACE('',#2229,1.5);
#2229 = AXIS2_PLACEMENT_3D('',#2230,#2231,#2232);
#2230 = CARTESIAN_POINT('',(199.05,-20.,11.43));
#2231 = DIRECTION('',(0.,1.,0.));
#2232 = DIRECTION('',(1.,0.,-0.));
#2233 = DEFINITIONAL_REPRESENTATION('',(#2234),#2243);
#2234 = B_SPLINE_CURVE_WITH_KNOTS('',7,(#2235,#2236,#2237,#2238,#2239,
    #2240,#2241,#2242),.UNSPECIFIED.,.F.,.F.,(8,8),(1.570796326795,
    3.14159265359),.PIECEWISE_BEZIER_KNOTS.);
#2235 = CARTESIAN_POINT('',(0.,36.43));
#2236 = CARTESIAN_POINT('',(0.224399475256,36.093400787115));
#2237 = CARTESIAN_POINT('',(0.448798950513,35.756802941021));
#2238 = CARTESIAN_POINT('',(0.673198425769,35.447879761359));
#2239 = CARTESIAN_POINT('',(0.897597901026,35.194356243053));
#2240 = CARTESIAN_POINT('',(1.121997376282,35.018123008917));
#2241 = CARTESIAN_POINT('',(1.346396851538,34.93));
#2242 = CARTESIAN_POINT('',(1.570796326795,34.93));
#2243 = ( GEOMETRIC_REPRESENTATION_CONTEXT(2) 
PARAMETRIC_REPRESENTATION_CONTEXT() REPRESENTATION_CONTEXT('2D SPACE',''
  ) );
#2244 = ORIENTED_EDGE('',*,*,#2245,.F.);
#2245 = EDGE_CURVE('',#2182,#2207,#2246,.T.);
#2246 = SURFACE_CURVE('',#2247,(#2251,#2258),.PCURVE_S1.);
#2247 = LINE('',#2248,#2249);
#2248 = CARTESIAN_POINT('',(200.55,16.43,-20.));
#2249 = VECTOR('',#2250,1.);
#2250 = DIRECTION('',(0.,1.110223024625E-16,1.));
#2251 = PCURVE('',#726,#2252);
#2252 = DEFINITIONAL_REPRESENTATION('',(#2253),#2257);
#2253 = LINE('',#2254,#2255);
#2254 = CARTESIAN_POINT('',(-0.,0.));
#2255 = VECTOR('',#2256,1.);
#2256 = DIRECTION('',(-0.,1.));
#2257 = ( GEOMETRIC_REPRESENTATION_CONTEXT(2) 
PARAMETRIC_REPRESENTATION_CONTEXT() REPRESENTATION_CONTEXT('2D SPACE',''
  ) );
#2258 = PCURVE('',#2259,#2264);
#2259 = PLANE('',#2260);
#2260 = AXIS2_PLACEMENT_3D('',#2261,#2262,#2263);
#2261 = CARTESIAN_POINT('',(200.55,35.07,-20.));
#2262 = DIRECTION('',(1.,0.,0.));
#2263 = DIRECTION('',(0.,-1.,1.110223024625E-16));
#2264 = DEFINITIONAL_REPRESENTATION('',(#2265),#2269);
#2265 = LINE('',#2266,#2267);
#2266 = CARTESIAN_POINT('',(18.64,2.069455717901E-15));
#2267 = VECTOR('',#2268,1.);
#2268 = DIRECTION('',(0.,-1.));
#2269 = ( GEOMETRIC_REPRESENTATION_CONTEXT(2) 
PARAMETRIC_REPRESENTATION_CONTEXT() REPRESENTATION_CONTEXT('2D SPACE',''
  ) );
#2270 = ADVANCED_FACE('',(#2271),#754,.F.);
#2271 = FACE_BOUND('',#2272,.F.);
#2272 = EDGE_LOOP('',(#2273,#2296,#2324,#2345));
#2273 = ORIENTED_EDGE('',*,*,#2274,.F.);
#2274 = EDGE_CURVE('',#2275,#739,#2277,.T.);
#2275 = VERTEX_POINT('',#2276);
#2276 = CARTESIAN_POINT('',(188.52449976167,1.132771680782,9.93));
#2277 = SURFACE_CURVE('',#2278,(#2282,#2289),.PCURVE_S1.);
#2278 = LINE('',#2279,#2280);
#2279 = CARTESIAN_POINT('',(188.52449976167,-30.,9.93));
#2280 = VECTOR('',#2281,1.);
#2281 = DIRECTION('',(0.,1.,0.));
#2282 = PCURVE('',#754,#2283);
#2283 = DEFINITIONAL_REPRESENTATION('',(#2284),#2288);
#2284 = LINE('',#2285,#2286);
#2285 = CARTESIAN_POINT('',(39.074499761678,-10.));
#2286 = VECTOR('',#2287,1.);
#2287 = DIRECTION('',(0.,1.));
#2288 = ( GEOMETRIC_REPRESENTATION_CONTEXT(2) 
PARAMETRIC_REPRESENTATION_CONTEXT() REPRESENTATION_CONTEXT('2D SPACE',''
  ) );
#2289 = PCURVE('',#787,#2290);
#2290 = DEFINITIONAL_REPRESENTATION('',(#2291),#2295);
#2291 = LINE('',#2292,#2293);
#2292 = CARTESIAN_POINT('',(-1.305443377197,0.));
#2293 = VECTOR('',#2294,1.);
#2294 = DIRECTION('',(-0.,1.));
#2295 = ( GEOMETRIC_REPRESENTATION_CONTEXT(2) 
PARAMETRIC_REPRESENTATION_CONTEXT() REPRESENTATION_CONTEXT('2D SPACE',''
  ) );
#2296 = ORIENTED_EDGE('',*,*,#2297,.T.);
#2297 = EDGE_CURVE('',#2275,#2298,#2300,.T.);
#2298 = VERTEX_POINT('',#2299);
#2299 = CARTESIAN_POINT('',(199.05,1.132771680782,9.93));
#2300 = SURFACE_CURVE('',#2301,(#2305,#2312),.PCURVE_S1.);
#2301 = LINE('',#2302,#2303);
#2302 = CARTESIAN_POINT('',(149.45,1.132771680782,9.93));
#2303 = VECTOR('',#2304,1.);
#2304 = DIRECTION('',(1.,0.,0.));
#2305 = PCURVE('',#754,#2306);
#2306 = DEFINITIONAL_REPRESENTATION('',(#2307),#2311);
#2307 = LINE('',#2308,#2309);
#2308 = CARTESIAN_POINT('',(0.,21.132771680782));
#2309 = VECTOR('',#2310,1.);
#2310 = DIRECTION('',(1.,0.));
#2311 = ( GEOMETRIC_REPRESENTATION_CONTEXT(2) 
PARAMETRIC_REPRESENTATION_CONTEXT() REPRESENTATION_CONTEXT('2D SPACE',''
  ) );
#2312 = PCURVE('',#2313,#2318);
#2313 = CYLINDRICAL_SURFACE('',#2314,1.5);
#2314 = AXIS2_PLACEMENT_3D('',#2315,#2316,#2317);
#2315 = CARTESIAN_POINT('',(149.45,0.5,8.57));
#2316 = DIRECTION('',(1.,0.,0.));
#2317 = DIRECTION('',(-0.,1.,0.));
#2318 = DEFINITIONAL_REPRESENTATION('',(#2319),#2323);
#2319 = LINE('',#2320,#2321);
#2320 = CARTESIAN_POINT('',(1.135313970071,0.));
#2321 = VECTOR('',#2322,1.);
#2322 = DIRECTION('',(0.,1.));
#2323 = ( GEOMETRIC_REPRESENTATION_CONTEXT(2) 
PARAMETRIC_REPRESENTATION_CONTEXT() REPRESENTATION_CONTEXT('2D SPACE',''
  ) );
#2324 = ORIENTED_EDGE('',*,*,#2325,.T.);
#2325 = EDGE_CURVE('',#2298,#711,#2326,.T.);
#2326 = SURFACE_CURVE('',#2327,(#2331,#2338),.PCURVE_S1.);
#2327 = LINE('',#2328,#2329);
#2328 = CARTESIAN_POINT('',(199.05,-20.,9.93));
#2329 = VECTOR('',#2330,1.);
#2330 = DIRECTION('',(0.,1.,0.));
#2331 = PCURVE('',#754,#2332);
#2332 = DEFINITIONAL_REPRESENTATION('',(#2333),#2337);
#2333 = LINE('',#2334,#2335);
#2334 = CARTESIAN_POINT('',(49.6,0.));
#2335 = VECTOR('',#2336,1.);
#2336 = DIRECTION('',(0.,1.));
#2337 = ( GEOMETRIC_REPRESENTATION_CONTEXT(2) 
PARAMETRIC_REPRESENTATION_CONTEXT() REPRESENTATION_CONTEXT('2D SPACE',''
  ) );
#2338 = PCURVE('',#2228,#2339);
#2339 = DEFINITIONAL_REPRESENTATION('',(#2340),#2344);
#2340 = LINE('',#2341,#2342);
#2341 = CARTESIAN_POINT('',(1.570796326795,0.));
#2342 = VECTOR('',#2343,1.);
#2343 = DIRECTION('',(0.,1.));
#2344 = ( GEOMETRIC_REPRESENTATION_CONTEXT(2) 
PARAMETRIC_REPRESENTATION_CONTEXT() REPRESENTATION_CONTEXT('2D SPACE',''
  ) );
#2345 = ORIENTED_EDGE('',*,*,#738,.F.);
#2346 = ADVANCED_FACE('',(#2347),#787,.T.);
#2347 = FACE_BOUND('',#2348,.F.);
#2348 = EDGE_LOOP('',(#2349,#2372,#2396,#2498,#2499));
#2349 = ORIENTED_EDGE('',*,*,#2350,.F.);
#2350 = EDGE_CURVE('',#2351,#767,#2353,.T.);
#2351 = VERTEX_POINT('',#2352);
#2352 = CARTESIAN_POINT('',(190.,2.,8.));
#2353 = SURFACE_CURVE('',#2354,(#2358,#2365),.PCURVE_S1.);
#2354 = LINE('',#2355,#2356);
#2355 = CARTESIAN_POINT('',(190.,-30.,8.));
#2356 = VECTOR('',#2357,1.);
#2357 = DIRECTION('',(0.,1.,0.));
#2358 = PCURVE('',#787,#2359);
#2359 = DEFINITIONAL_REPRESENTATION('',(#2360),#2364);
#2360 = LINE('',#2361,#2362);
#2361 = CARTESIAN_POINT('',(-0.,0.));
#2362 = VECTOR('',#2363,1.);
#2363 = DIRECTION('',(-0.,1.));
#2364 = ( GEOMETRIC_REPRESENTATION_CONTEXT(2) 
PARAMETRIC_REPRESENTATION_CONTEXT() REPRESENTATION_CONTEXT('2D SPACE',''
  ) );
#2365 = PCURVE('',#815,#2366);
#2366 = DEFINITIONAL_REPRESENTATION('',(#2367),#2371);
#2367 = LINE('',#2368,#2369);
#2368 = CARTESIAN_POINT('',(18.,0.));
#2369 = VECTOR('',#2370,1.);
#2370 = DIRECTION('',(0.,-1.));
#2371 = ( GEOMETRIC_REPRESENTATION_CONTEXT(2) 
PARAMETRIC_REPRESENTATION_CONTEXT() REPRESENTATION_CONTEXT('2D SPACE',''
  ) );
#2372 = ORIENTED_EDGE('',*,*,#2373,.F.);
#2373 = EDGE_CURVE('',#2374,#2351,#2376,.T.);
#2374 = VERTEX_POINT('',#2375);
#2375 = CARTESIAN_POINT('',(189.91705503311,2.,8.57));
#2376 = SURFACE_CURVE('',#2377,(#2382,#2389),.PCURVE_S1.);
#2377 = CIRCLE('',#2378,2.);
#2378 = AXIS2_PLACEMENT_3D('',#2379,#2380,#2381);
#2379 = CARTESIAN_POINT('',(188.,2.,8.));
#2380 = DIRECTION('',(0.,1.,0.));
#2381 = DIRECTION('',(1.,0.,-0.));
#2382 = PCURVE('',#787,#2383);
#2383 = DEFINITIONAL_REPRESENTATION('',(#2384),#2388);
#2384 = LINE('',#2385,#2386);
#2385 = CARTESIAN_POINT('',(-6.28318530718,32.));
#2386 = VECTOR('',#2387,1.);
#2387 = DIRECTION('',(1.,-0.));
#2388 = ( GEOMETRIC_REPRESENTATION_CONTEXT(2) 
PARAMETRIC_REPRESENTATION_CONTEXT() REPRESENTATION_CONTEXT('2D SPACE',''
  ) );
#2389 = PCURVE('',#1347,#2390);
#2390 = DEFINITIONAL_REPRESENTATION('',(#2391),#2395);
#2391 = CIRCLE('',#2392,2.);
#2392 = AXIS2_PLACEMENT_2D('',#2393,#2394);
#2393 = CARTESIAN_POINT('',(18.07,38.55));
#2394 = DIRECTION('',(0.,1.));
#2395 = ( GEOMETRIC_REPRESENTATION_CONTEXT(2) 
PARAMETRIC_REPRESENTATION_CONTEXT() REPRESENTATION_CONTEXT('2D SPACE',''
  ) );
#2396 = ORIENTED_EDGE('',*,*,#2397,.T.);
#2397 = EDGE_CURVE('',#2374,#2275,#2398,.T.);
#2398 = SURFACE_CURVE('',#2399,(#2430,#2464),.PCURVE_S1.);
#2399 = B_SPLINE_CURVE_WITH_KNOTS('',8,(#2400,#2401,#2402,#2403,#2404,
    #2405,#2406,#2407,#2408,#2409,#2410,#2411,#2412,#2413,#2414,#2415,
    #2416,#2417,#2418,#2419,#2420,#2421,#2422,#2423,#2424,#2425,#2426,
    #2427,#2428,#2429),.UNSPECIFIED.,.F.,.F.,(9,7,7,7,9),(0.,
    0.198063401399,0.631466336127,0.877558400688,1.),.UNSPECIFIED.);
#2400 = CARTESIAN_POINT('',(189.91705503311,2.,8.57));
#2401 = CARTESIAN_POINT('',(189.89517196161,2.,8.643598337472));
#2402 = CARTESIAN_POINT('',(189.87023354089,1.99587297161,8.71565175699)
  );
#2403 = CARTESIAN_POINT('',(189.84241943161,1.987922150768,
    8.785885266766));
#2404 = CARTESIAN_POINT('',(189.81194753137,1.976464585198,
    8.854050068775));
#2405 = CARTESIAN_POINT('',(189.77907109027,1.961833690115,
    8.919923019582));
#2406 = CARTESIAN_POINT('',(189.74407683664,1.944380900137,
    8.983306622108));
#2407 = CARTESIAN_POINT('',(189.7072841128,1.924476417409,9.04402954833)
  );
#2408 = CARTESIAN_POINT('',(189.58537012443,1.854440009036,9.22868435235
    ));
#2409 = CARTESIAN_POINT('',(189.49405908148,1.796085893394,
    9.343066399029));
#2410 = CARTESIAN_POINT('',(189.39708349769,1.730353620464,
    9.445477131662));
#2411 = CARTESIAN_POINT('',(189.29592493643,1.659428962894,
    9.536620660773));
#2412 = CARTESIAN_POINT('',(189.19160622288,1.584937582718,
    9.617334689636));
#2413 = CARTESIAN_POINT('',(189.08457024883,1.508142624329,
    9.688488210861));
#2414 = CARTESIAN_POINT('',(188.97482248827,1.429874212696,9.75085131719
    ));
#2415 = CARTESIAN_POINT('',(188.7972026012,1.306907035363,9.835633127187
    ));
#2416 = CARTESIAN_POINT('',(188.73321174131,1.263345294947,
    9.862960396801));
#2417 = CARTESIAN_POINT('',(188.66841991721,1.220250369211,
    9.887729467233));
#2418 = CARTESIAN_POINT('',(188.60189551189,1.177399137701,
    9.910282432993));
#2419 = CARTESIAN_POINT('',(188.53322218112,1.135132640418,
    9.930525363123));
#2420 = CARTESIAN_POINT('',(188.4624983488,1.094523596533,9.948181472916
    ));
#2421 = CARTESIAN_POINT('',(188.39006652652,1.057333660989,
    9.963026420478));
#2422 = CARTESIAN_POINT('',(188.27916534256,1.009906306093,
    9.980772345909));
#2423 = CARTESIAN_POINT('',(188.24107292526,0.995154323155,
    9.986062072155));
#2424 = CARTESIAN_POINT('',(188.2021374017,0.981955777965,9.990594713699
    ));
#2425 = CARTESIAN_POINT('',(188.16261888784,0.97078054584,9.994289597041
    ));
#2426 = CARTESIAN_POINT('',(188.12265288963,0.962017805756,
    9.997106224544));
#2427 = CARTESIAN_POINT('',(188.0822708596,0.955975215627,9.999019466244
    ));
#2428 = CARTESIAN_POINT('',(188.0414225268,0.952879674969,10.));
#2429 = CARTESIAN_POINT('',(188.,0.952879674969,10.));
#2430 = PCURVE('',#787,#2431);
#2431 = DEFINITIONAL_REPRESENTATION('',(#2432),#2463);
#2432 = B_SPLINE_CURVE_WITH_KNOTS('',8,(#2433,#2434,#2435,#2436,#2437,
    #2438,#2439,#2440,#2441,#2442,#2443,#2444,#2445,#2446,#2447,#2448,
    #2449,#2450,#2451,#2452,#2453,#2454,#2455,#2456,#2457,#2458,#2459,
    #2460,#2461,#2462),.UNSPECIFIED.,.F.,.F.,(9,7,7,7,9),(0.,
    0.198063401399,0.631466336127,0.877558400688,1.),.UNSPECIFIED.);
#2433 = CARTESIAN_POINT('',(-0.289006428174,32.));
#2434 = CARTESIAN_POINT('',(-0.327397781682,32.));
#2435 = CARTESIAN_POINT('',(-0.365484093446,31.99587297161));
#2436 = CARTESIAN_POINT('',(-0.403194222054,31.987922150768));
#2437 = CARTESIAN_POINT('',(-0.44045828728,31.976464585198));
#2438 = CARTESIAN_POINT('',(-0.477204467478,31.961833690115));
#2439 = CARTESIAN_POINT('',(-0.513356141047,31.944380900137));
#2440 = CARTESIAN_POINT('',(-0.548829371973,31.924476417409));
#2441 = CARTESIAN_POINT('',(-0.659464376841,31.854440009036));
#2442 = CARTESIAN_POINT('',(-0.732346658743,31.796085893394));
#2443 = CARTESIAN_POINT('',(-0.802460875122,31.730353620464));
#2444 = CARTESIAN_POINT('',(-0.870136973391,31.659428962895));
#2445 = CARTESIAN_POINT('',(-0.935734039552,31.584937582717));
#2446 = CARTESIAN_POINT('',(-0.99973394616,31.508142624329));
#2447 = CARTESIAN_POINT('',(-1.062687609112,31.429874212696));
#2448 = CARTESIAN_POINT('',(-1.161095916166,31.306907035363));
#2449 = CARTESIAN_POINT('',(-1.195856320549,31.263345294947));
#2450 = CARTESIAN_POINT('',(-1.230496822347,31.220250369211));
#2451 = CARTESIAN_POINT('',(-1.265564092806,31.177399137701));
#2452 = CARTESIAN_POINT('',(-1.301300841744,31.135132640418));
#2453 = CARTESIAN_POINT('',(-1.337693151825,31.094523596533));
#2454 = CARTESIAN_POINT('',(-1.37462705981,31.057333660989));
#2455 = CARTESIAN_POINT('',(-1.43078307123,31.009906306093));
#2456 = CARTESIAN_POINT('',(-1.450007915259,30.995154323155));
#2457 = CARTESIAN_POINT('',(-1.46959914494,30.981955777965));
#2458 = CARTESIAN_POINT('',(-1.489434314708,30.97078054584));
#2459 = CARTESIAN_POINT('',(-1.509456322028,30.962017805756));
#2460 = CARTESIAN_POINT('',(-1.529660908634,30.955975215627));
#2461 = CARTESIAN_POINT('',(-1.550085063394,30.952879674969));
#2462 = CARTESIAN_POINT('',(-1.570796326795,30.952879674969));
#2463 = ( GEOMETRIC_REPRESENTATION_CONTEXT(2) 
PARAMETRIC_REPRESENTATION_CONTEXT() REPRESENTATION_CONTEXT('2D SPACE',''
  ) );
#2464 = PCURVE('',#2313,#2465);
#2465 = DEFINITIONAL_REPRESENTATION('',(#2466),#2497);
#2466 = B_SPLINE_CURVE_WITH_KNOTS('',8,(#2467,#2468,#2469,#2470,#2471,
    #2472,#2473,#2474,#2475,#2476,#2477,#2478,#2479,#2480,#2481,#2482,
    #2483,#2484,#2485,#2486,#2487,#2488,#2489,#2490,#2491,#2492,#2493,
    #2494,#2495,#2496),.UNSPECIFIED.,.F.,.F.,(9,7,7,7,9),(0.,
    0.198063401399,0.631466336127,0.877558400688,1.),.UNSPECIFIED.);
#2467 = CARTESIAN_POINT('',(0.,40.467055033117));
#2468 = CARTESIAN_POINT('',(4.906555831438E-02,40.445171961617));
#2469 = CARTESIAN_POINT('',(9.710119816038E-02,40.420233540894));
#2470 = CARTESIAN_POINT('',(0.144103463108,40.392419431616));
#2471 = CARTESIAN_POINT('',(0.190054956813,40.361947531372));
#2472 = CARTESIAN_POINT('',(0.234924583914,40.329071090272));
#2473 = CARTESIAN_POINT('',(0.278667410686,40.29407683664));
#2474 = CARTESIAN_POINT('',(0.32122414542,40.257284112804));
#2475 = CARTESIAN_POINT('',(0.452884474627,40.135370124432));
#2476 = CARTESIAN_POINT('',(0.537979112382,40.044059081488));
#2477 = CARTESIAN_POINT('',(0.618481072485,39.947083497699));
#2478 = CARTESIAN_POINT('',(0.694883205424,39.845924936432));
#2479 = CARTESIAN_POINT('',(0.767639588962,39.741606222881));
#2480 = CARTESIAN_POINT('',(0.837105419099,39.634570248832));
#2481 = CARTESIAN_POINT('',(0.90366290454,39.52482248827));
#2482 = CARTESIAN_POINT('',(1.003237292161,39.3472026012));
#2483 = CARTESIAN_POINT('',(1.037487306785,39.283211741318));
#2484 = CARTESIAN_POINT('',(1.07058594469,39.218419917217));
#2485 = CARTESIAN_POINT('',(1.102822044458,39.151895511892));
#2486 = CARTESIAN_POINT('',(1.134023198333,39.083222181121));
#2487 = CARTESIAN_POINT('',(1.16352053047,39.012498348804));
#2488 = CARTESIAN_POINT('',(1.190209958998,38.940066526529));
#2489 = CARTESIAN_POINT('',(1.223969052336,38.829165342562));
#2490 = CARTESIAN_POINT('',(1.23441580093,38.791072925261));
#2491 = CARTESIAN_POINT('',(1.24371809715,38.752137401702));
#2492 = CARTESIAN_POINT('',(1.251564166491,38.712618887843));
#2493 = CARTESIAN_POINT('',(1.257700205816,38.67265288963));
#2494 = CARTESIAN_POINT('',(1.26192586614,38.632270859602));
#2495 = CARTESIAN_POINT('',(1.264090554435,38.591422526802));
#2496 = CARTESIAN_POINT('',(1.264090554435,38.55));
#2497 = ( GEOMETRIC_REPRESENTATION_CONTEXT(2) 
PARAMETRIC_REPRESENTATION_CONTEXT() REPRESENTATION_CONTEXT('2D SPACE',''
  ) );
#2498 = ORIENTED_EDGE('',*,*,#2274,.T.);
#2499 = ORIENTED_EDGE('',*,*,#766,.T.);
#2500 = ADVANCED_FACE('',(#2501),#815,.T.);
#2501 = FACE_BOUND('',#2502,.T.);
#2502 = EDGE_LOOP('',(#2503,#2526,#2547,#2548,#2571,#2599,#2620,#2621));
#2503 = ORIENTED_EDGE('',*,*,#2504,.F.);
#2504 = EDGE_CURVE('',#2505,#2351,#2507,.T.);
#2505 = VERTEX_POINT('',#2506);
#2506 = CARTESIAN_POINT('',(190.,2.,-8.));
#2507 = SURFACE_CURVE('',#2508,(#2512,#2519),.PCURVE_S1.);
#2508 = LINE('',#2509,#2510);
#2509 = CARTESIAN_POINT('',(190.,2.,-10.035));
#2510 = VECTOR('',#2511,1.);
#2511 = DIRECTION('',(0.,0.,1.));
#2512 = PCURVE('',#815,#2513);
#2513 = DEFINITIONAL_REPRESENTATION('',(#2514),#2518);
#2514 = LINE('',#2515,#2516);
#2515 = CARTESIAN_POINT('',(-3.5E-02,-32.));
#2516 = VECTOR('',#2517,1.);
#2517 = DIRECTION('',(1.,0.));
#2518 = ( GEOMETRIC_REPRESENTATION_CONTEXT(2) 
PARAMETRIC_REPRESENTATION_CONTEXT() REPRESENTATION_CONTEXT('2D SPACE',''
  ) );
#2519 = PCURVE('',#1347,#2520);
#2520 = DEFINITIONAL_REPRESENTATION('',(#2521),#2525);
#2521 = LINE('',#2522,#2523);
#2522 = CARTESIAN_POINT('',(3.5E-02,40.55));
#2523 = VECTOR('',#2524,1.);
#2524 = DIRECTION('',(1.,0.));
#2525 = ( GEOMETRIC_REPRESENTATION_CONTEXT(2) 
PARAMETRIC_REPRESENTATION_CONTEXT() REPRESENTATION_CONTEXT('2D SPACE',''
  ) );
#2526 = ORIENTED_EDGE('',*,*,#2527,.T.);
#2527 = EDGE_CURVE('',#2505,#861,#2528,.T.);
#2528 = SURFACE_CURVE('',#2529,(#2533,#2540),.PCURVE_S1.);
#2529 = LINE('',#2530,#2531);
#2530 = CARTESIAN_POINT('',(190.,-30.,-8.));
#2531 = VECTOR('',#2532,1.);
#2532 = DIRECTION('',(0.,1.,0.));
#2533 = PCURVE('',#815,#2534);
#2534 = DEFINITIONAL_REPRESENTATION('',(#2535),#2539);
#2535 = LINE('',#2536,#2537);
#2536 = CARTESIAN_POINT('',(2.,0.));
#2537 = VECTOR('',#2538,1.);
#2538 = DIRECTION('',(0.,-1.));
#2539 = ( GEOMETRIC_REPRESENTATION_CONTEXT(2) 
PARAMETRIC_REPRESENTATION_CONTEXT() REPRESENTATION_CONTEXT('2D SPACE',''
  ) );
#2540 = PCURVE('',#904,#2541);
#2541 = DEFINITIONAL_REPRESENTATION('',(#2542),#2546);
#2542 = LINE('',#2543,#2544);
#2543 = CARTESIAN_POINT('',(0.,0.));
#2544 = VECTOR('',#2545,1.);
#2545 = DIRECTION('',(0.,1.));
#2546 = ( GEOMETRIC_REPRESENTATION_CONTEXT(2) 
PARAMETRIC_REPRESENTATION_CONTEXT() REPRESENTATION_CONTEXT('2D SPACE',''
  ) );
#2547 = ORIENTED_EDGE('',*,*,#860,.F.);
#2548 = ORIENTED_EDGE('',*,*,#2549,.F.);
#2549 = EDGE_CURVE('',#2550,#828,#2552,.T.);
#2550 = VERTEX_POINT('',#2551);
#2551 = CARTESIAN_POINT('',(190.,13.43,-6.873863542434));
#2552 = SURFACE_CURVE('',#2553,(#2557,#2564),.PCURVE_S1.);
#2553 = LINE('',#2554,#2555);
#2554 = CARTESIAN_POINT('',(190.,14.93,-6.873863542434));
#2555 = VECTOR('',#2556,1.);
#2556 = DIRECTION('',(-0.,1.,-1.110223024625E-16));
#2557 = PCURVE('',#815,#2558);
#2558 = DEFINITIONAL_REPRESENTATION('',(#2559),#2563);
#2559 = LINE('',#2560,#2561);
#2560 = CARTESIAN_POINT('',(3.126136457566,-44.93));
#2561 = VECTOR('',#2562,1.);
#2562 = DIRECTION('',(-1.110223024625E-16,-1.));
#2563 = ( GEOMETRIC_REPRESENTATION_CONTEXT(2) 
PARAMETRIC_REPRESENTATION_CONTEXT() REPRESENTATION_CONTEXT('2D SPACE',''
  ) );
#2564 = PCURVE('',#848,#2565);
#2565 = DEFINITIONAL_REPRESENTATION('',(#2566),#2570);
#2566 = LINE('',#2567,#2568);
#2567 = CARTESIAN_POINT('',(-5.853485641028,7.631521572941E-16));
#2568 = VECTOR('',#2569,1.);
#2569 = DIRECTION('',(-0.,1.));
#2570 = ( GEOMETRIC_REPRESENTATION_CONTEXT(2) 
PARAMETRIC_REPRESENTATION_CONTEXT() REPRESENTATION_CONTEXT('2D SPACE',''
  ) );
#2571 = ORIENTED_EDGE('',*,*,#2572,.F.);
#2572 = EDGE_CURVE('',#2573,#2550,#2575,.T.);
#2573 = VERTEX_POINT('',#2574);
#2574 = CARTESIAN_POINT('',(190.,13.43,6.873863542434));
#2575 = SURFACE_CURVE('',#2576,(#2580,#2587),.PCURVE_S1.);
#2576 = LINE('',#2577,#2578);
#2577 = CARTESIAN_POINT('',(190.,13.43,-5.));
#2578 = VECTOR('',#2579,1.);
#2579 = DIRECTION('',(0.,-1.110223024625E-16,-1.));
#2580 = PCURVE('',#815,#2581);
#2581 = DEFINITIONAL_REPRESENTATION('',(#2582),#2586);
#2582 = LINE('',#2583,#2584);
#2583 = CARTESIAN_POINT('',(5.,-43.43));
#2584 = VECTOR('',#2585,1.);
#2585 = DIRECTION('',(-1.,1.110223024625E-16));
#2586 = ( GEOMETRIC_REPRESENTATION_CONTEXT(2) 
PARAMETRIC_REPRESENTATION_CONTEXT() REPRESENTATION_CONTEXT('2D SPACE',''
  ) );
#2587 = PCURVE('',#2588,#2593);
#2588 = PLANE('',#2589);
#2589 = AXIS2_PLACEMENT_3D('',#2590,#2591,#2592);
#2590 = CARTESIAN_POINT('',(175.,13.43,1.273973576343E-15));
#2591 = DIRECTION('',(0.,-1.,1.110223024625E-16));
#2592 = DIRECTION('',(1.,0.,0.));
#2593 = DEFINITIONAL_REPRESENTATION('',(#2594),#2598);
#2594 = LINE('',#2595,#2596);
#2595 = CARTESIAN_POINT('',(15.,-5.));
#2596 = VECTOR('',#2597,1.);
#2597 = DIRECTION('',(0.,-1.));
#2598 = ( GEOMETRIC_REPRESENTATION_CONTEXT(2) 
PARAMETRIC_REPRESENTATION_CONTEXT() REPRESENTATION_CONTEXT('2D SPACE',''
  ) );
#2599 = ORIENTED_EDGE('',*,*,#2600,.T.);
#2600 = EDGE_CURVE('',#2573,#800,#2601,.T.);
#2601 = SURFACE_CURVE('',#2602,(#2606,#2613),.PCURVE_S1.);
#2602 = LINE('',#2603,#2604);
#2603 = CARTESIAN_POINT('',(190.,14.93,6.873863542434));
#2604 = VECTOR('',#2605,1.);
#2605 = DIRECTION('',(-0.,1.,-1.110223024625E-16));
#2606 = PCURVE('',#815,#2607);
#2607 = DEFINITIONAL_REPRESENTATION('',(#2608),#2612);
#2608 = LINE('',#2609,#2610);
#2609 = CARTESIAN_POINT('',(16.873863542434,-44.93));
#2610 = VECTOR('',#2611,1.);
#2611 = DIRECTION('',(-1.110223024625E-16,-1.));
#2612 = ( GEOMETRIC_REPRESENTATION_CONTEXT(2) 
PARAMETRIC_REPRESENTATION_CONTEXT() REPRESENTATION_CONTEXT('2D SPACE',''
  ) );
#2613 = PCURVE('',#848,#2614);
#2614 = DEFINITIONAL_REPRESENTATION('',(#2615),#2619);
#2615 = LINE('',#2616,#2617);
#2616 = CARTESIAN_POINT('',(-6.712884973331,-7.631521572941E-16));
#2617 = VECTOR('',#2618,1.);
#2618 = DIRECTION('',(-0.,1.));
#2619 = ( GEOMETRIC_REPRESENTATION_CONTEXT(2) 
PARAMETRIC_REPRESENTATION_CONTEXT() REPRESENTATION_CONTEXT('2D SPACE',''
  ) );
#2620 = ORIENTED_EDGE('',*,*,#799,.F.);
#2621 = ORIENTED_EDGE('',*,*,#2350,.F.);
#2622 = ADVANCED_FACE('',(#2623),#848,.T.);
#2623 = FACE_BOUND('',#2624,.F.);
#2624 = EDGE_LOOP('',(#2625,#2651,#2652,#2653));
#2625 = ORIENTED_EDGE('',*,*,#2626,.F.);
#2626 = EDGE_CURVE('',#2573,#2550,#2627,.T.);
#2627 = SURFACE_CURVE('',#2628,(#2633,#2640),.PCURVE_S1.);
#2628 = CIRCLE('',#2629,16.5);
#2629 = AXIS2_PLACEMENT_3D('',#2630,#2631,#2632);
#2630 = CARTESIAN_POINT('',(175.,13.43,1.284528039491E-15));
#2631 = DIRECTION('',(0.,1.,0.));
#2632 = DIRECTION('',(0.909090909091,-0.,0.416597790451));
#2633 = PCURVE('',#848,#2634);
#2634 = DEFINITIONAL_REPRESENTATION('',(#2635),#2639);
#2635 = LINE('',#2636,#2637);
#2636 = CARTESIAN_POINT('',(-6.712884973331,-1.5));
#2637 = VECTOR('',#2638,1.);
#2638 = DIRECTION('',(1.,-0.));
#2639 = ( GEOMETRIC_REPRESENTATION_CONTEXT(2) 
PARAMETRIC_REPRESENTATION_CONTEXT() REPRESENTATION_CONTEXT('2D SPACE',''
  ) );
#2640 = PCURVE('',#2588,#2641);
#2641 = DEFINITIONAL_REPRESENTATION('',(#2642),#2650);
#2642 = ( BOUNDED_CURVE() B_SPLINE_CURVE(2,(#2643,#2644,#2645,#2646,
#2647,#2648,#2649),.UNSPECIFIED.,.T.,.F.) B_SPLINE_CURVE_WITH_KNOTS((1,2
    ,2,2,2,1),(-2.094395102393,0.,2.094395102393,4.188790204786,
6.28318530718,8.377580409573),.UNSPECIFIED.) CURVE() 
GEOMETRIC_REPRESENTATION_ITEM() RATIONAL_B_SPLINE_CURVE((1.,0.5,1.,0.5,
1.,0.5,1.)) REPRESENTATION_ITEM('') );
#2643 = CARTESIAN_POINT('',(15.,6.873863542434));
#2644 = CARTESIAN_POINT('',(26.905880899791,-19.10689857109));
#2645 = CARTESIAN_POINT('',(-1.547059550105,-16.42731282798));
#2646 = CARTESIAN_POINT('',(-30.,-13.74772708486));
#2647 = CARTESIAN_POINT('',(-13.45294044989,9.55344928555));
#2648 = CARTESIAN_POINT('',(3.094119100209,32.854625655967));
#2649 = CARTESIAN_POINT('',(15.,6.873863542434));
#2650 = ( GEOMETRIC_REPRESENTATION_CONTEXT(2) 
PARAMETRIC_REPRESENTATION_CONTEXT() REPRESENTATION_CONTEXT('2D SPACE',''
  ) );
#2651 = ORIENTED_EDGE('',*,*,#2600,.T.);
#2652 = ORIENTED_EDGE('',*,*,#827,.T.);
#2653 = ORIENTED_EDGE('',*,*,#2549,.F.);
#2654 = ADVANCED_FACE('',(#2655),#904,.T.);
#2655 = FACE_BOUND('',#2656,.T.);
#2656 = EDGE_LOOP('',(#2657,#2658,#2680,#2681,#2704,#2732,#2753));
#2657 = ORIENTED_EDGE('',*,*,#2527,.F.);
#2658 = ORIENTED_EDGE('',*,*,#2659,.T.);
#2659 = EDGE_CURVE('',#2505,#1332,#2660,.T.);
#2660 = SURFACE_CURVE('',#2661,(#2666,#2673),.PCURVE_S1.);
#2661 = CIRCLE('',#2662,2.);
#2662 = AXIS2_PLACEMENT_3D('',#2663,#2664,#2665);
#2663 = CARTESIAN_POINT('',(188.,2.,-8.));
#2664 = DIRECTION('',(0.,1.,0.));
#2665 = DIRECTION('',(1.,0.,-0.));
#2666 = PCURVE('',#904,#2667);
#2667 = DEFINITIONAL_REPRESENTATION('',(#2668),#2672);
#2668 = LINE('',#2669,#2670);
#2669 = CARTESIAN_POINT('',(0.,32.));
#2670 = VECTOR('',#2671,1.);
#2671 = DIRECTION('',(1.,0.));
#2672 = ( GEOMETRIC_REPRESENTATION_CONTEXT(2) 
PARAMETRIC_REPRESENTATION_CONTEXT() REPRESENTATION_CONTEXT('2D SPACE',''
  ) );
#2673 = PCURVE('',#1347,#2674);
#2674 = DEFINITIONAL_REPRESENTATION('',(#2675),#2679);
#2675 = CIRCLE('',#2676,2.);
#2676 = AXIS2_PLACEMENT_2D('',#2677,#2678);
#2677 = CARTESIAN_POINT('',(2.07,38.55));
#2678 = DIRECTION('',(0.,1.));
#2679 = ( GEOMETRIC_REPRESENTATION_CONTEXT(2) 
PARAMETRIC_REPRESENTATION_CONTEXT() REPRESENTATION_CONTEXT('2D SPACE',''
  ) );
#2680 = ORIENTED_EDGE('',*,*,#1359,.T.);
#2681 = ORIENTED_EDGE('',*,*,#2682,.T.);
#2682 = EDGE_CURVE('',#1360,#2683,#2685,.T.);
#2683 = VERTEX_POINT('',#2684);
#2684 = CARTESIAN_POINT('',(188.,13.43,-10.));
#2685 = SURFACE_CURVE('',#2686,(#2690,#2697),.PCURVE_S1.);
#2686 = LINE('',#2687,#2688);
#2687 = CARTESIAN_POINT('',(188.,-30.,-10.));
#2688 = VECTOR('',#2689,1.);
#2689 = DIRECTION('',(0.,1.,0.));
#2690 = PCURVE('',#904,#2691);
#2691 = DEFINITIONAL_REPRESENTATION('',(#2692),#2696);
#2692 = LINE('',#2693,#2694);
#2693 = CARTESIAN_POINT('',(1.570796326795,0.));
#2694 = VECTOR('',#2695,1.);
#2695 = DIRECTION('',(0.,1.));
#2696 = ( GEOMETRIC_REPRESENTATION_CONTEXT(2) 
PARAMETRIC_REPRESENTATION_CONTEXT() REPRESENTATION_CONTEXT('2D SPACE',''
  ) );
#2697 = PCURVE('',#1175,#2698);
#2698 = DEFINITIONAL_REPRESENTATION('',(#2699),#2703);
#2699 = LINE('',#2700,#2701);
#2700 = CARTESIAN_POINT('',(28.,0.));
#2701 = VECTOR('',#2702,1.);
#2702 = DIRECTION('',(0.,1.));
#2703 = ( GEOMETRIC_REPRESENTATION_CONTEXT(2) 
PARAMETRIC_REPRESENTATION_CONTEXT() REPRESENTATION_CONTEXT('2D SPACE',''
  ) );
#2704 = ORIENTED_EDGE('',*,*,#2705,.F.);
#2705 = EDGE_CURVE('',#2706,#2683,#2708,.T.);
#2706 = VERTEX_POINT('',#2707);
#2707 = CARTESIAN_POINT('',(188.12750365126,13.43,-9.995931566691));
#2708 = SURFACE_CURVE('',#2709,(#2714,#2721),.PCURVE_S1.);
#2709 = CIRCLE('',#2710,2.);
#2710 = AXIS2_PLACEMENT_3D('',#2711,#2712,#2713);
#2711 = CARTESIAN_POINT('',(188.,13.43,-8.));
#2712 = DIRECTION('',(0.,1.,0.));
#2713 = DIRECTION('',(1.,0.,-0.));
#2714 = PCURVE('',#904,#2715);
#2715 = DEFINITIONAL_REPRESENTATION('',(#2716),#2720);
#2716 = LINE('',#2717,#2718);
#2717 = CARTESIAN_POINT('',(0.,43.43));
#2718 = VECTOR('',#2719,1.);
#2719 = DIRECTION('',(1.,0.));
#2720 = ( GEOMETRIC_REPRESENTATION_CONTEXT(2) 
PARAMETRIC_REPRESENTATION_CONTEXT() REPRESENTATION_CONTEXT('2D SPACE',''
  ) );
#2721 = PCURVE('',#1204,#2722);
#2722 = DEFINITIONAL_REPRESENTATION('',(#2723),#2731);
#2723 = ( BOUNDED_CURVE() B_SPLINE_CURVE(2,(#2724,#2725,#2726,#2727,
#2728,#2729,#2730),.UNSPECIFIED.,.T.,.F.) B_SPLINE_CURVE_WITH_KNOTS((1,2
    ,2,2,2,1),(-2.094395102393,0.,2.094395102393,4.188790204786,
6.28318530718,8.377580409573),.UNSPECIFIED.) CURVE() 
GEOMETRIC_REPRESENTATION_ITEM() RATIONAL_B_SPLINE_CURVE((1.,0.5,1.,0.5,
1.,0.5,1.)) REPRESENTATION_ITEM('') );
#2724 = CARTESIAN_POINT('',(15.,-8.));
#2725 = CARTESIAN_POINT('',(15.,-11.46410161513));
#2726 = CARTESIAN_POINT('',(12.,-9.732050807569));
#2727 = CARTESIAN_POINT('',(9.,-8.));
#2728 = CARTESIAN_POINT('',(12.,-6.267949192431));
#2729 = CARTESIAN_POINT('',(15.,-4.535898384862));
#2730 = CARTESIAN_POINT('',(15.,-8.));
#2731 = ( GEOMETRIC_REPRESENTATION_CONTEXT(2) 
PARAMETRIC_REPRESENTATION_CONTEXT() REPRESENTATION_CONTEXT('2D SPACE',''
  ) );
#2732 = ORIENTED_EDGE('',*,*,#2733,.T.);
#2733 = EDGE_CURVE('',#2706,#884,#2734,.T.);
#2734 = SURFACE_CURVE('',#2735,(#2739,#2746),.PCURVE_S1.);
#2735 = LINE('',#2736,#2737);
#2736 = CARTESIAN_POINT('',(188.12750365126,-30.,-9.995931566691));
#2737 = VECTOR('',#2738,1.);
#2738 = DIRECTION('',(0.,1.,0.));
#2739 = PCURVE('',#904,#2740);
#2740 = DEFINITIONAL_REPRESENTATION('',(#2741),#2745);
#2741 = LINE('',#2742,#2743);
#2742 = CARTESIAN_POINT('',(1.507001237615,0.));
#2743 = VECTOR('',#2744,1.);
#2744 = DIRECTION('',(0.,1.));
#2745 = ( GEOMETRIC_REPRESENTATION_CONTEXT(2) 
PARAMETRIC_REPRESENTATION_CONTEXT() REPRESENTATION_CONTEXT('2D SPACE',''
  ) );
#2746 = PCURVE('',#933,#2747);
#2747 = DEFINITIONAL_REPRESENTATION('',(#2748),#2752);
#2748 = LINE('',#2749,#2750);
#2749 = CARTESIAN_POINT('',(-5.632396675543,-44.93));
#2750 = VECTOR('',#2751,1.);
#2751 = DIRECTION('',(-0.,1.));
#2752 = ( GEOMETRIC_REPRESENTATION_CONTEXT(2) 
PARAMETRIC_REPRESENTATION_CONTEXT() REPRESENTATION_CONTEXT('2D SPACE',''
  ) );
#2753 = ORIENTED_EDGE('',*,*,#883,.F.);
#2754 = ADVANCED_FACE('',(#2755),#933,.T.);
#2755 = FACE_BOUND('',#2756,.F.);
#2756 = EDGE_LOOP('',(#2757,#2758,#2759,#2760));
#2757 = ORIENTED_EDGE('',*,*,#2733,.T.);
#2758 = ORIENTED_EDGE('',*,*,#916,.F.);
#2759 = ORIENTED_EDGE('',*,*,#1220,.F.);
#2760 = ORIENTED_EDGE('',*,*,#2761,.T.);
#2761 = EDGE_CURVE('',#1188,#2706,#2762,.T.);
#2762 = SURFACE_CURVE('',#2763,(#2768,#2775),.PCURVE_S1.);
#2763 = CIRCLE('',#2764,16.5);
#2764 = AXIS2_PLACEMENT_3D('',#2765,#2766,#2767);
#2765 = CARTESIAN_POINT('',(175.,13.43,1.284528039491E-15));
#2766 = DIRECTION('',(0.,-1.,1.110223024625E-16));
#2767 = DIRECTION('',(1.,0.,0.));
#2768 = PCURVE('',#933,#2769);
#2769 = DEFINITIONAL_REPRESENTATION('',(#2770),#2774);
#2770 = LINE('',#2771,#2772);
#2771 = CARTESIAN_POINT('',(-0.,-1.5));
#2772 = VECTOR('',#2773,1.);
#2773 = DIRECTION('',(-1.,0.));
#2774 = ( GEOMETRIC_REPRESENTATION_CONTEXT(2) 
PARAMETRIC_REPRESENTATION_CONTEXT() REPRESENTATION_CONTEXT('2D SPACE',''
  ) );
#2775 = PCURVE('',#1204,#2776);
#2776 = DEFINITIONAL_REPRESENTATION('',(#2777),#2781);
#2777 = CIRCLE('',#2778,16.5);
#2778 = AXIS2_PLACEMENT_2D('',#2779,#2780);
#2779 = CARTESIAN_POINT('',(0.,1.055446314829E-17));
#2780 = DIRECTION('',(1.,0.));
#2781 = ( GEOMETRIC_REPRESENTATION_CONTEXT(2) 
PARAMETRIC_REPRESENTATION_CONTEXT() REPRESENTATION_CONTEXT('2D SPACE',''
  ) );
#2782 = ADVANCED_FACE('',(#2783),#1204,.T.);
#2783 = FACE_BOUND('',#2784,.T.);
#2784 = EDGE_LOOP('',(#2785,#2786,#2787,#2810,#2843,#2866,#2899,#2920));
#2785 = ORIENTED_EDGE('',*,*,#2761,.T.);
#2786 = ORIENTED_EDGE('',*,*,#2705,.T.);
#2787 = ORIENTED_EDGE('',*,*,#2788,.F.);
#2788 = EDGE_CURVE('',#2789,#2683,#2791,.T.);
#2789 = VERTEX_POINT('',#2790);
#2790 = CARTESIAN_POINT('',(181.81466888183,13.43,-10.));
#2791 = SURFACE_CURVE('',#2792,(#2796,#2803),.PCURVE_S1.);
#2792 = LINE('',#2793,#2794);
#2793 = CARTESIAN_POINT('',(167.5,13.43,-10.));
#2794 = VECTOR('',#2795,1.);
#2795 = DIRECTION('',(1.,0.,-0.));
#2796 = PCURVE('',#1204,#2797);
#2797 = DEFINITIONAL_REPRESENTATION('',(#2798),#2802);
#2798 = LINE('',#2799,#2800);
#2799 = CARTESIAN_POINT('',(-7.5,-10.));
#2800 = VECTOR('',#2801,1.);
#2801 = DIRECTION('',(1.,0.));
#2802 = ( GEOMETRIC_REPRESENTATION_CONTEXT(2) 
PARAMETRIC_REPRESENTATION_CONTEXT() REPRESENTATION_CONTEXT('2D SPACE',''
  ) );
#2803 = PCURVE('',#1175,#2804);
#2804 = DEFINITIONAL_REPRESENTATION('',(#2805),#2809);
#2805 = LINE('',#2806,#2807);
#2806 = CARTESIAN_POINT('',(7.5,43.43));
#2807 = VECTOR('',#2808,1.);
#2808 = DIRECTION('',(1.,0.));
#2809 = ( GEOMETRIC_REPRESENTATION_CONTEXT(2) 
PARAMETRIC_REPRESENTATION_CONTEXT() REPRESENTATION_CONTEXT('2D SPACE',''
  ) );
#2810 = ORIENTED_EDGE('',*,*,#2811,.T.);
#2811 = EDGE_CURVE('',#2789,#2812,#2814,.T.);
#2812 = VERTEX_POINT('',#2813);
#2813 = CARTESIAN_POINT('',(180.68533111816,13.43,-10.));
#2814 = SURFACE_CURVE('',#2815,(#2820,#2831),.PCURVE_S1.);
#2815 = CIRCLE('',#2816,1.);
#2816 = AXIS2_PLACEMENT_3D('',#2817,#2818,#2819);
#2817 = CARTESIAN_POINT('',(181.25,13.43,-10.8253175473));
#2818 = DIRECTION('',(0.,1.,0.));
#2819 = DIRECTION('',(0.564668881832,-0.,0.825317547305));
#2820 = PCURVE('',#1204,#2821);
#2821 = DEFINITIONAL_REPRESENTATION('',(#2822),#2830);
#2822 = ( BOUNDED_CURVE() B_SPLINE_CURVE(2,(#2823,#2824,#2825,#2826,
#2827,#2828,#2829),.UNSPECIFIED.,.T.,.F.) B_SPLINE_CURVE_WITH_KNOTS((1,2
    ,2,2,2,1),(-2.094395102393,0.,2.094395102393,4.188790204786,
6.28318530718,8.377580409573),.UNSPECIFIED.) CURVE() 
GEOMETRIC_REPRESENTATION_ITEM() RATIONAL_B_SPLINE_CURVE((1.,0.5,1.,0.5,
1.,0.5,1.)) REPRESENTATION_ITEM('') );
#2823 = CARTESIAN_POINT('',(6.814668881832,-10.));
#2824 = CARTESIAN_POINT('',(8.244160806143,-10.97803519278));
#2825 = CARTESIAN_POINT('',(6.682411521239,-11.72699391735));
#2826 = CARTESIAN_POINT('',(5.120662236336,-12.47595264191));
#2827 = CARTESIAN_POINT('',(5.252919596928,-10.74895872456));
#2828 = CARTESIAN_POINT('',(5.385176957521,-9.021964807213));
#2829 = CARTESIAN_POINT('',(6.814668881832,-10.));
#2830 = ( GEOMETRIC_REPRESENTATION_CONTEXT(2) 
PARAMETRIC_REPRESENTATION_CONTEXT() REPRESENTATION_CONTEXT('2D SPACE',''
  ) );
#2831 = PCURVE('',#2832,#2837);
#2832 = CYLINDRICAL_SURFACE('',#2833,1.);
#2833 = AXIS2_PLACEMENT_3D('',#2834,#2835,#2836);
#2834 = CARTESIAN_POINT('',(181.25,13.43,-10.8253175473));
#2835 = DIRECTION('',(0.,-1.,1.110223024625E-16));
#2836 = DIRECTION('',(1.,0.,0.));
#2837 = DEFINITIONAL_REPRESENTATION('',(#2838),#2842);
#2838 = LINE('',#2839,#2840);
#2839 = CARTESIAN_POINT('',(7.253949636414,0.));
#2840 = VECTOR('',#2841,1.);
#2841 = DIRECTION('',(-1.,-0.));
#2842 = ( GEOMETRIC_REPRESENTATION_CONTEXT(2) 
PARAMETRIC_REPRESENTATION_CONTEXT() REPRESENTATION_CONTEXT('2D SPACE',''
  ) );
#2843 = ORIENTED_EDGE('',*,*,#2844,.F.);
#2844 = EDGE_CURVE('',#2845,#2812,#2847,.T.);
#2845 = VERTEX_POINT('',#2846);
#2846 = CARTESIAN_POINT('',(169.31466888183,13.43,-10.));
#2847 = SURFACE_CURVE('',#2848,(#2852,#2859),.PCURVE_S1.);
#2848 = LINE('',#2849,#2850);
#2849 = CARTESIAN_POINT('',(167.5,13.43,-10.));
#2850 = VECTOR('',#2851,1.);
#2851 = DIRECTION('',(1.,0.,-0.));
#2852 = PCURVE('',#1204,#2853);
#2853 = DEFINITIONAL_REPRESENTATION('',(#2854),#2858);
#2854 = LINE('',#2855,#2856);
#2855 = CARTESIAN_POINT('',(-7.5,-10.));
#2856 = VECTOR('',#2857,1.);
#2857 = DIRECTION('',(1.,0.));
#2858 = ( GEOMETRIC_REPRESENTATION_CONTEXT(2) 
PARAMETRIC_REPRESENTATION_CONTEXT() REPRESENTATION_CONTEXT('2D SPACE',''
  ) );
#2859 = PCURVE('',#1175,#2860);
#2860 = DEFINITIONAL_REPRESENTATION('',(#2861),#2865);
#2861 = LINE('',#2862,#2863);
#2862 = CARTESIAN_POINT('',(7.5,43.43));
#2863 = VECTOR('',#2864,1.);
#2864 = DIRECTION('',(1.,0.));
#2865 = ( GEOMETRIC_REPRESENTATION_CONTEXT(2) 
PARAMETRIC_REPRESENTATION_CONTEXT() REPRESENTATION_CONTEXT('2D SPACE',''
  ) );
#2866 = ORIENTED_EDGE('',*,*,#2867,.T.);
#2867 = EDGE_CURVE('',#2845,#2868,#2870,.T.);
#2868 = VERTEX_POINT('',#2869);
#2869 = CARTESIAN_POINT('',(168.18533111816,13.43,-10.));
#2870 = SURFACE_CURVE('',#2871,(#2876,#2887),.PCURVE_S1.);
#2871 = CIRCLE('',#2872,1.);
#2872 = AXIS2_PLACEMENT_3D('',#2873,#2874,#2875);
#2873 = CARTESIAN_POINT('',(168.75,13.43,-10.8253175473));
#2874 = DIRECTION('',(0.,1.,0.));
#2875 = DIRECTION('',(0.564668881832,-0.,0.825317547305));
#2876 = PCURVE('',#1204,#2877);
#2877 = DEFINITIONAL_REPRESENTATION('',(#2878),#2886);
#2878 = ( BOUNDED_CURVE() B_SPLINE_CURVE(2,(#2879,#2880,#2881,#2882,
#2883,#2884,#2885),.UNSPECIFIED.,.T.,.F.) B_SPLINE_CURVE_WITH_KNOTS((1,2
    ,2,2,2,1),(-2.094395102393,0.,2.094395102393,4.188790204786,
6.28318530718,8.377580409573),.UNSPECIFIED.) CURVE() 
GEOMETRIC_REPRESENTATION_ITEM() RATIONAL_B_SPLINE_CURVE((1.,0.5,1.,0.5,
1.,0.5,1.)) REPRESENTATION_ITEM('') );
#2879 = CARTESIAN_POINT('',(-5.685331118168,-10.));
#2880 = CARTESIAN_POINT('',(-4.255839193857,-10.97803519278));
#2881 = CARTESIAN_POINT('',(-5.817588478761,-11.72699391735));
#2882 = CARTESIAN_POINT('',(-7.379337763664,-12.47595264191));
#2883 = CARTESIAN_POINT('',(-7.247080403072,-10.74895872456));
#2884 = CARTESIAN_POINT('',(-7.114823042479,-9.021964807213));
#2885 = CARTESIAN_POINT('',(-5.685331118168,-10.));
#2886 = ( GEOMETRIC_REPRESENTATION_CONTEXT(2) 
PARAMETRIC_REPRESENTATION_CONTEXT() REPRESENTATION_CONTEXT('2D SPACE',''
  ) );
#2887 = PCURVE('',#2888,#2893);
#2888 = CYLINDRICAL_SURFACE('',#2889,1.);
#2889 = AXIS2_PLACEMENT_3D('',#2890,#2891,#2892);
#2890 = CARTESIAN_POINT('',(168.75,13.43,-10.8253175473));
#2891 = DIRECTION('',(0.,-1.,1.110223024625E-16));
#2892 = DIRECTION('',(1.,0.,0.));
#2893 = DEFINITIONAL_REPRESENTATION('',(#2894),#2898);
#2894 = LINE('',#2895,#2896);
#2895 = CARTESIAN_POINT('',(7.253949636414,0.));
#2896 = VECTOR('',#2897,1.);
#2897 = DIRECTION('',(-1.,-0.));
#2898 = ( GEOMETRIC_REPRESENTATION_CONTEXT(2) 
PARAMETRIC_REPRESENTATION_CONTEXT() REPRESENTATION_CONTEXT('2D SPACE',''
  ) );
#2899 = ORIENTED_EDGE('',*,*,#2900,.F.);
#2900 = EDGE_CURVE('',#1160,#2868,#2901,.T.);
#2901 = SURFACE_CURVE('',#2902,(#2906,#2913),.PCURVE_S1.);
#2902 = LINE('',#2903,#2904);
#2903 = CARTESIAN_POINT('',(167.5,13.43,-10.));
#2904 = VECTOR('',#2905,1.);
#2905 = DIRECTION('',(1.,0.,-0.));
#2906 = PCURVE('',#1204,#2907);
#2907 = DEFINITIONAL_REPRESENTATION('',(#2908),#2912);
#2908 = LINE('',#2909,#2910);
#2909 = CARTESIAN_POINT('',(-7.5,-10.));
#2910 = VECTOR('',#2911,1.);
#2911 = DIRECTION('',(1.,0.));
#2912 = ( GEOMETRIC_REPRESENTATION_CONTEXT(2) 
PARAMETRIC_REPRESENTATION_CONTEXT() REPRESENTATION_CONTEXT('2D SPACE',''
  ) );
#2913 = PCURVE('',#1175,#2914);
#2914 = DEFINITIONAL_REPRESENTATION('',(#2915),#2919);
#2915 = LINE('',#2916,#2917);
#2916 = CARTESIAN_POINT('',(7.5,43.43));
#2917 = VECTOR('',#2918,1.);
#2918 = DIRECTION('',(1.,0.));
#2919 = ( GEOMETRIC_REPRESENTATION_CONTEXT(2) 
PARAMETRIC_REPRESENTATION_CONTEXT() REPRESENTATION_CONTEXT('2D SPACE',''
  ) );
#2920 = ORIENTED_EDGE('',*,*,#1187,.T.);
#2921 = ADVANCED_FACE('',(#2922),#1175,.F.);
#2922 = FACE_BOUND('',#2923,.F.);
#2923 = EDGE_LOOP('',(#2924,#2925,#2926,#2927,#2928,#2929,#2952,#2980,
    #3001,#3002,#3025,#3053));
#2924 = ORIENTED_EDGE('',*,*,#2900,.F.);
#2925 = ORIENTED_EDGE('',*,*,#1159,.F.);
#2926 = ORIENTED_EDGE('',*,*,#1463,.T.);
#2927 = ORIENTED_EDGE('',*,*,#2682,.T.);
#2928 = ORIENTED_EDGE('',*,*,#2788,.F.);
#2929 = ORIENTED_EDGE('',*,*,#2930,.F.);
#2930 = EDGE_CURVE('',#2931,#2789,#2933,.T.);
#2931 = VERTEX_POINT('',#2932);
#2932 = CARTESIAN_POINT('',(181.81466888183,16.93,-10.));
#2933 = SURFACE_CURVE('',#2934,(#2938,#2945),.PCURVE_S1.);
#2934 = LINE('',#2935,#2936);
#2935 = CARTESIAN_POINT('',(181.81466888183,13.43,-10.));
#2936 = VECTOR('',#2937,1.);
#2937 = DIRECTION('',(0.,-1.,1.110223024625E-16));
#2938 = PCURVE('',#1175,#2939);
#2939 = DEFINITIONAL_REPRESENTATION('',(#2940),#2944);
#2940 = LINE('',#2941,#2942);
#2941 = CARTESIAN_POINT('',(21.814668881832,43.43));
#2942 = VECTOR('',#2943,1.);
#2943 = DIRECTION('',(0.,-1.));
#2944 = ( GEOMETRIC_REPRESENTATION_CONTEXT(2) 
PARAMETRIC_REPRESENTATION_CONTEXT() REPRESENTATION_CONTEXT('2D SPACE',''
  ) );
#2945 = PCURVE('',#2832,#2946);
#2946 = DEFINITIONAL_REPRESENTATION('',(#2947),#2951);
#2947 = LINE('',#2948,#2949);
#2948 = CARTESIAN_POINT('',(7.253949636414,9.162865436457E-17));
#2949 = VECTOR('',#2950,1.);
#2950 = DIRECTION('',(0.,1.));
#2951 = ( GEOMETRIC_REPRESENTATION_CONTEXT(2) 
PARAMETRIC_REPRESENTATION_CONTEXT() REPRESENTATION_CONTEXT('2D SPACE',''
  ) );
#2952 = ORIENTED_EDGE('',*,*,#2953,.F.);
#2953 = EDGE_CURVE('',#2954,#2931,#2956,.T.);
#2954 = VERTEX_POINT('',#2955);
#2955 = CARTESIAN_POINT('',(180.68533111816,16.93,-10.));
#2956 = SURFACE_CURVE('',#2957,(#2961,#2968),.PCURVE_S1.);
#2957 = LINE('',#2958,#2959);
#2958 = CARTESIAN_POINT('',(170.625,16.93,-10.));
#2959 = VECTOR('',#2960,1.);
#2960 = DIRECTION('',(1.,0.,-0.));
#2961 = PCURVE('',#1175,#2962);
#2962 = DEFINITIONAL_REPRESENTATION('',(#2963),#2967);
#2963 = LINE('',#2964,#2965);
#2964 = CARTESIAN_POINT('',(10.625,46.93));
#2965 = VECTOR('',#2966,1.);
#2966 = DIRECTION('',(1.,0.));
#2967 = ( GEOMETRIC_REPRESENTATION_CONTEXT(2) 
PARAMETRIC_REPRESENTATION_CONTEXT() REPRESENTATION_CONTEXT('2D SPACE',''
  ) );
#2968 = PCURVE('',#2969,#2974);
#2969 = PLANE('',#2970);
#2970 = AXIS2_PLACEMENT_3D('',#2971,#2972,#2973);
#2971 = CARTESIAN_POINT('',(181.25,16.93,-10.8253175473));
#2972 = DIRECTION('',(0.,-1.,1.110223024625E-16));
#2973 = DIRECTION('',(1.,0.,0.));
#2974 = DEFINITIONAL_REPRESENTATION('',(#2975),#2979);
#2975 = LINE('',#2976,#2977);
#2976 = CARTESIAN_POINT('',(-10.625,0.825317547305));
#2977 = VECTOR('',#2978,1.);
#2978 = DIRECTION('',(1.,0.));
#2979 = ( GEOMETRIC_REPRESENTATION_CONTEXT(2) 
PARAMETRIC_REPRESENTATION_CONTEXT() REPRESENTATION_CONTEXT('2D SPACE',''
  ) );
#2980 = ORIENTED_EDGE('',*,*,#2981,.T.);
#2981 = EDGE_CURVE('',#2954,#2812,#2982,.T.);
#2982 = SURFACE_CURVE('',#2983,(#2987,#2994),.PCURVE_S1.);
#2983 = LINE('',#2984,#2985);
#2984 = CARTESIAN_POINT('',(180.68533111816,13.43,-10.));
#2985 = VECTOR('',#2986,1.);
#2986 = DIRECTION('',(0.,-1.,1.110223024625E-16));
#2987 = PCURVE('',#1175,#2988);
#2988 = DEFINITIONAL_REPRESENTATION('',(#2989),#2993);
#2989 = LINE('',#2990,#2991);
#2990 = CARTESIAN_POINT('',(20.685331118168,43.43));
#2991 = VECTOR('',#2992,1.);
#2992 = DIRECTION('',(0.,-1.));
#2993 = ( GEOMETRIC_REPRESENTATION_CONTEXT(2) 
PARAMETRIC_REPRESENTATION_CONTEXT() REPRESENTATION_CONTEXT('2D SPACE',''
  ) );
#2994 = PCURVE('',#2832,#2995);
#2995 = DEFINITIONAL_REPRESENTATION('',(#2996),#3000);
#2996 = LINE('',#2997,#2998);
#2997 = CARTESIAN_POINT('',(2.170828324355,9.162865436457E-17));
#2998 = VECTOR('',#2999,1.);
#2999 = DIRECTION('',(0.,1.));
#3000 = ( GEOMETRIC_REPRESENTATION_CONTEXT(2) 
PARAMETRIC_REPRESENTATION_CONTEXT() REPRESENTATION_CONTEXT('2D SPACE',''
  ) );
#3001 = ORIENTED_EDGE('',*,*,#2844,.F.);
#3002 = ORIENTED_EDGE('',*,*,#3003,.F.);
#3003 = EDGE_CURVE('',#3004,#2845,#3006,.T.);
#3004 = VERTEX_POINT('',#3005);
#3005 = CARTESIAN_POINT('',(169.31466888183,16.93,-10.));
#3006 = SURFACE_CURVE('',#3007,(#3011,#3018),.PCURVE_S1.);
#3007 = LINE('',#3008,#3009);
#3008 = CARTESIAN_POINT('',(169.31466888183,13.43,-10.));
#3009 = VECTOR('',#3010,1.);
#3010 = DIRECTION('',(0.,-1.,1.110223024625E-16));
#3011 = PCURVE('',#1175,#3012);
#3012 = DEFINITIONAL_REPRESENTATION('',(#3013),#3017);
#3013 = LINE('',#3014,#3015);
#3014 = CARTESIAN_POINT('',(9.314668881832,43.43));
#3015 = VECTOR('',#3016,1.);
#3016 = DIRECTION('',(0.,-1.));
#3017 = ( GEOMETRIC_REPRESENTATION_CONTEXT(2) 
PARAMETRIC_REPRESENTATION_CONTEXT() REPRESENTATION_CONTEXT('2D SPACE',''
  ) );
#3018 = PCURVE('',#2888,#3019);
#3019 = DEFINITIONAL_REPRESENTATION('',(#3020),#3024);
#3020 = LINE('',#3021,#3022);
#3021 = CARTESIAN_POINT('',(7.253949636414,9.162865436457E-17));
#3022 = VECTOR('',#3023,1.);
#3023 = DIRECTION('',(0.,1.));
#3024 = ( GEOMETRIC_REPRESENTATION_CONTEXT(2) 
PARAMETRIC_REPRESENTATION_CONTEXT() REPRESENTATION_CONTEXT('2D SPACE',''
  ) );
#3025 = ORIENTED_EDGE('',*,*,#3026,.F.);
#3026 = EDGE_CURVE('',#3027,#3004,#3029,.T.);
#3027 = VERTEX_POINT('',#3028);
#3028 = CARTESIAN_POINT('',(168.18533111816,16.93,-10.));
#3029 = SURFACE_CURVE('',#3030,(#3034,#3041),.PCURVE_S1.);
#3030 = LINE('',#3031,#3032);
#3031 = CARTESIAN_POINT('',(164.375,16.93,-10.));
#3032 = VECTOR('',#3033,1.);
#3033 = DIRECTION('',(1.,0.,-0.));
#3034 = PCURVE('',#1175,#3035);
#3035 = DEFINITIONAL_REPRESENTATION('',(#3036),#3040);
#3036 = LINE('',#3037,#3038);
#3037 = CARTESIAN_POINT('',(4.375,46.93));
#3038 = VECTOR('',#3039,1.);
#3039 = DIRECTION('',(1.,0.));
#3040 = ( GEOMETRIC_REPRESENTATION_CONTEXT(2) 
PARAMETRIC_REPRESENTATION_CONTEXT() REPRESENTATION_CONTEXT('2D SPACE',''
  ) );
#3041 = PCURVE('',#3042,#3047);
#3042 = PLANE('',#3043);
#3043 = AXIS2_PLACEMENT_3D('',#3044,#3045,#3046);
#3044 = CARTESIAN_POINT('',(168.75,16.93,-10.8253175473));
#3045 = DIRECTION('',(0.,-1.,1.110223024625E-16));
#3046 = DIRECTION('',(1.,0.,0.));
#3047 = DEFINITIONAL_REPRESENTATION('',(#3048),#3052);
#3048 = LINE('',#3049,#3050);
#3049 = CARTESIAN_POINT('',(-4.375,0.825317547305));
#3050 = VECTOR('',#3051,1.);
#3051 = DIRECTION('',(1.,0.));
#3052 = ( GEOMETRIC_REPRESENTATION_CONTEXT(2) 
PARAMETRIC_REPRESENTATION_CONTEXT() REPRESENTATION_CONTEXT('2D SPACE',''
  ) );
#3053 = ORIENTED_EDGE('',*,*,#3054,.T.);
#3054 = EDGE_CURVE('',#3027,#2868,#3055,.T.);
#3055 = SURFACE_CURVE('',#3056,(#3060,#3067),.PCURVE_S1.);
#3056 = LINE('',#3057,#3058);
#3057 = CARTESIAN_POINT('',(168.18533111816,13.43,-10.));
#3058 = VECTOR('',#3059,1.);
#3059 = DIRECTION('',(0.,-1.,1.110223024625E-16));
#3060 = PCURVE('',#1175,#3061);
#3061 = DEFINITIONAL_REPRESENTATION('',(#3062),#3066);
#3062 = LINE('',#3063,#3064);
#3063 = CARTESIAN_POINT('',(8.185331118168,43.43));
#3064 = VECTOR('',#3065,1.);
#3065 = DIRECTION('',(0.,-1.));
#3066 = ( GEOMETRIC_REPRESENTATION_CONTEXT(2) 
PARAMETRIC_REPRESENTATION_CONTEXT() REPRESENTATION_CONTEXT('2D SPACE',''
  ) );
#3067 = PCURVE('',#2888,#3068);
#3068 = DEFINITIONAL_REPRESENTATION('',(#3069),#3073);
#3069 = LINE('',#3070,#3071);
#3070 = CARTESIAN_POINT('',(2.170828324355,9.162865436457E-17));
#3071 = VECTOR('',#3072,1.);
#3072 = DIRECTION('',(0.,1.));
#3073 = ( GEOMETRIC_REPRESENTATION_CONTEXT(2) 
PARAMETRIC_REPRESENTATION_CONTEXT() REPRESENTATION_CONTEXT('2D SPACE',''
  ) );
#3074 = ADVANCED_FACE('',(#3075),#1262,.T.);
#3075 = FACE_BOUND('',#3076,.F.);
#3076 = EDGE_LOOP('',(#3077,#3104,#3105));
#3077 = ORIENTED_EDGE('',*,*,#3078,.F.);
#3078 = EDGE_CURVE('',#1246,#1924,#3079,.T.);
#3079 = SURFACE_CURVE('',#3080,(#3085,#3092),.PCURVE_S1.);
#3080 = CIRCLE('',#3081,1.5);
#3081 = AXIS2_PLACEMENT_3D('',#3082,#3083,#3084);
#3082 = CARTESIAN_POINT('',(150.95,0.5,-8.57));
#3083 = DIRECTION('',(0.,1.,-0.));
#3084 = DIRECTION('',(-1.,0.,0.));
#3085 = PCURVE('',#1262,#3086);
#3086 = DEFINITIONAL_REPRESENTATION('',(#3087),#3091);
#3087 = LINE('',#3088,#3089);
#3088 = CARTESIAN_POINT('',(-0.,-6.28318530718));
#3089 = VECTOR('',#3090,1.);
#3090 = DIRECTION('',(-0.,1.));
#3091 = ( GEOMETRIC_REPRESENTATION_CONTEXT(2) 
PARAMETRIC_REPRESENTATION_CONTEXT() REPRESENTATION_CONTEXT('2D SPACE',''
  ) );
#3092 = PCURVE('',#3093,#3098);
#3093 = CYLINDRICAL_SURFACE('',#3094,1.5);
#3094 = AXIS2_PLACEMENT_3D('',#3095,#3096,#3097);
#3095 = CARTESIAN_POINT('',(150.95,-38.,-8.57));
#3096 = DIRECTION('',(0.,1.,0.));
#3097 = DIRECTION('',(-1.,0.,0.));
#3098 = DEFINITIONAL_REPRESENTATION('',(#3099),#3103);
#3099 = LINE('',#3100,#3101);
#3100 = CARTESIAN_POINT('',(-6.28318530718,38.5));
#3101 = VECTOR('',#3102,1.);
#3102 = DIRECTION('',(1.,-0.));
#3103 = ( GEOMETRIC_REPRESENTATION_CONTEXT(2) 
PARAMETRIC_REPRESENTATION_CONTEXT() REPRESENTATION_CONTEXT('2D SPACE',''
  ) );
#3104 = ORIENTED_EDGE('',*,*,#1245,.T.);
#3105 = ORIENTED_EDGE('',*,*,#1946,.F.);
#3106 = ADVANCED_FACE('',(#3107),#1347,.T.);
#3107 = FACE_BOUND('',#3108,.T.);
#3108 = EDGE_LOOP('',(#3109,#3110,#3111,#3112,#3113,#3136));
#3109 = ORIENTED_EDGE('',*,*,#1331,.F.);
#3110 = ORIENTED_EDGE('',*,*,#2659,.F.);
#3111 = ORIENTED_EDGE('',*,*,#2504,.T.);
#3112 = ORIENTED_EDGE('',*,*,#2373,.F.);
#3113 = ORIENTED_EDGE('',*,*,#3114,.T.);
#3114 = EDGE_CURVE('',#2374,#3115,#3117,.T.);
#3115 = VERTEX_POINT('',#3116);
#3116 = CARTESIAN_POINT('',(199.05,2.,8.57));
#3117 = SURFACE_CURVE('',#3118,(#3122,#3129),.PCURVE_S1.);
#3118 = LINE('',#3119,#3120);
#3119 = CARTESIAN_POINT('',(149.45,2.,8.57));
#3120 = VECTOR('',#3121,1.);
#3121 = DIRECTION('',(1.,0.,0.));
#3122 = PCURVE('',#1347,#3123);
#3123 = DEFINITIONAL_REPRESENTATION('',(#3124),#3128);
#3124 = LINE('',#3125,#3126);
#3125 = CARTESIAN_POINT('',(18.64,0.));
#3126 = VECTOR('',#3127,1.);
#3127 = DIRECTION('',(0.,1.));
#3128 = ( GEOMETRIC_REPRESENTATION_CONTEXT(2) 
PARAMETRIC_REPRESENTATION_CONTEXT() REPRESENTATION_CONTEXT('2D SPACE',''
  ) );
#3129 = PCURVE('',#2313,#3130);
#3130 = DEFINITIONAL_REPRESENTATION('',(#3131),#3135);
#3131 = LINE('',#3132,#3133);
#3132 = CARTESIAN_POINT('',(0.,0.));
#3133 = VECTOR('',#3134,1.);
#3134 = DIRECTION('',(0.,1.));
#3135 = ( GEOMETRIC_REPRESENTATION_CONTEXT(2) 
PARAMETRIC_REPRESENTATION_CONTEXT() REPRESENTATION_CONTEXT('2D SPACE',''
  ) );
#3136 = ORIENTED_EDGE('',*,*,#3137,.F.);
#3137 = EDGE_CURVE('',#1303,#3115,#3138,.T.);
#3138 = SURFACE_CURVE('',#3139,(#3143,#3150),.PCURVE_S1.);
#3139 = LINE('',#3140,#3141);
#3140 = CARTESIAN_POINT('',(199.05,2.,-10.07));
#3141 = VECTOR('',#3142,1.);
#3142 = DIRECTION('',(0.,0.,1.));
#3143 = PCURVE('',#1347,#3144);
#3144 = DEFINITIONAL_REPRESENTATION('',(#3145),#3149);
#3145 = LINE('',#3146,#3147);
#3146 = CARTESIAN_POINT('',(0.,49.6));
#3147 = VECTOR('',#3148,1.);
#3148 = DIRECTION('',(1.,0.));
#3149 = ( GEOMETRIC_REPRESENTATION_CONTEXT(2) 
PARAMETRIC_REPRESENTATION_CONTEXT() REPRESENTATION_CONTEXT('2D SPACE',''
  ) );
#3150 = PCURVE('',#3151,#3156);
#3151 = CYLINDRICAL_SURFACE('',#3152,1.5);
#3152 = AXIS2_PLACEMENT_3D('',#3153,#3154,#3155);
#3153 = CARTESIAN_POINT('',(199.05,0.5,-10.07));
#3154 = DIRECTION('',(0.,0.,1.));
#3155 = DIRECTION('',(1.,0.,-0.));
#3156 = DEFINITIONAL_REPRESENTATION('',(#3157),#3161);
#3157 = LINE('',#3158,#3159);
#3158 = CARTESIAN_POINT('',(1.570796326795,0.));
#3159 = VECTOR('',#3160,1.);
#3160 = DIRECTION('',(0.,1.));
#3161 = ( GEOMETRIC_REPRESENTATION_CONTEXT(2) 
PARAMETRIC_REPRESENTATION_CONTEXT() REPRESENTATION_CONTEXT('2D SPACE',''
  ) );
#3162 = ADVANCED_FACE('',(#3163),#1319,.T.);
#3163 = FACE_BOUND('',#3164,.T.);
#3164 = EDGE_LOOP('',(#3165,#3194,#3195));
#3165 = ORIENTED_EDGE('',*,*,#3166,.F.);
#3166 = EDGE_CURVE('',#1275,#3167,#3169,.T.);
#3167 = VERTEX_POINT('',#3168);
#3168 = CARTESIAN_POINT('',(200.55,0.5,-8.57));
#3169 = SURFACE_CURVE('',#3170,(#3175,#3182),.PCURVE_S1.);
#3170 = CIRCLE('',#3171,1.5);
#3171 = AXIS2_PLACEMENT_3D('',#3172,#3173,#3174);
#3172 = CARTESIAN_POINT('',(199.05,0.5,-8.57));
#3173 = DIRECTION('',(0.,-1.,0.));
#3174 = DIRECTION('',(1.,0.,0.));
#3175 = PCURVE('',#1319,#3176);
#3176 = DEFINITIONAL_REPRESENTATION('',(#3177),#3181);
#3177 = LINE('',#3178,#3179);
#3178 = CARTESIAN_POINT('',(0.,-6.28318530718));
#3179 = VECTOR('',#3180,1.);
#3180 = DIRECTION('',(0.,1.));
#3181 = ( GEOMETRIC_REPRESENTATION_CONTEXT(2) 
PARAMETRIC_REPRESENTATION_CONTEXT() REPRESENTATION_CONTEXT('2D SPACE',''
  ) );
#3182 = PCURVE('',#3183,#3188);
#3183 = CYLINDRICAL_SURFACE('',#3184,1.5);
#3184 = AXIS2_PLACEMENT_3D('',#3185,#3186,#3187);
#3185 = CARTESIAN_POINT('',(199.05,-38.,-8.57));
#3186 = DIRECTION('',(0.,1.,0.));
#3187 = DIRECTION('',(1.,0.,-0.));
#3188 = DEFINITIONAL_REPRESENTATION('',(#3189),#3193);
#3189 = LINE('',#3190,#3191);
#3190 = CARTESIAN_POINT('',(6.28318530718,38.5));
#3191 = VECTOR('',#3192,1.);
#3192 = DIRECTION('',(-1.,-0.));
#3193 = ( GEOMETRIC_REPRESENTATION_CONTEXT(2) 
PARAMETRIC_REPRESENTATION_CONTEXT() REPRESENTATION_CONTEXT('2D SPACE',''
  ) );
#3194 = ORIENTED_EDGE('',*,*,#1302,.T.);
#3195 = ORIENTED_EDGE('',*,*,#3196,.F.);
#3196 = EDGE_CURVE('',#3167,#1303,#3197,.T.);
#3197 = SURFACE_CURVE('',#3198,(#3203,#3210),.PCURVE_S1.);
#3198 = CIRCLE('',#3199,1.5);
#3199 = AXIS2_PLACEMENT_3D('',#3200,#3201,#3202);
#3200 = CARTESIAN_POINT('',(199.05,0.5,-8.57));
#3201 = DIRECTION('',(0.,0.,1.));
#3202 = DIRECTION('',(1.,0.,-0.));
#3203 = PCURVE('',#1319,#3204);
#3204 = DEFINITIONAL_REPRESENTATION('',(#3205),#3209);
#3205 = LINE('',#3206,#3207);
#3206 = CARTESIAN_POINT('',(0.,0.));
#3207 = VECTOR('',#3208,1.);
#3208 = DIRECTION('',(1.,0.));
#3209 = ( GEOMETRIC_REPRESENTATION_CONTEXT(2) 
PARAMETRIC_REPRESENTATION_CONTEXT() REPRESENTATION_CONTEXT('2D SPACE',''
  ) );
#3210 = PCURVE('',#3151,#3211);
#3211 = DEFINITIONAL_REPRESENTATION('',(#3212),#3216);
#3212 = LINE('',#3213,#3214);
#3213 = CARTESIAN_POINT('',(0.,1.5));
#3214 = VECTOR('',#3215,1.);
#3215 = DIRECTION('',(1.,0.));
#3216 = ( GEOMETRIC_REPRESENTATION_CONTEXT(2) 
PARAMETRIC_REPRESENTATION_CONTEXT() REPRESENTATION_CONTEXT('2D SPACE',''
  ) );
#3217 = ADVANCED_FACE('',(#3218,#3293,#3435,#3526),#1290,.F.);
#3218 = FACE_BOUND('',#3219,.F.);
#3219 = EDGE_LOOP('',(#3220,#3243,#3271,#3292));
#3220 = ORIENTED_EDGE('',*,*,#3221,.F.);
#3221 = EDGE_CURVE('',#3222,#1246,#3224,.T.);
#3222 = VERTEX_POINT('',#3223);
#3223 = CARTESIAN_POINT('',(150.95,-36.5,-10.07));
#3224 = SURFACE_CURVE('',#3225,(#3229,#3236),.PCURVE_S1.);
#3225 = LINE('',#3226,#3227);
#3226 = CARTESIAN_POINT('',(150.95,-38.,-10.07));
#3227 = VECTOR('',#3228,1.);
#3228 = DIRECTION('',(0.,1.,0.));
#3229 = PCURVE('',#1290,#3230);
#3230 = DEFINITIONAL_REPRESENTATION('',(#3231),#3235);
#3231 = LINE('',#3232,#3233);
#3232 = CARTESIAN_POINT('',(1.5,0.));
#3233 = VECTOR('',#3234,1.);
#3234 = DIRECTION('',(0.,1.));
#3235 = ( GEOMETRIC_REPRESENTATION_CONTEXT(2) 
PARAMETRIC_REPRESENTATION_CONTEXT() REPRESENTATION_CONTEXT('2D SPACE',''
  ) );
#3236 = PCURVE('',#3093,#3237);
#3237 = DEFINITIONAL_REPRESENTATION('',(#3238),#3242);
#3238 = LINE('',#3239,#3240);
#3239 = CARTESIAN_POINT('',(-1.570796326795,0.));
#3240 = VECTOR('',#3241,1.);
#3241 = DIRECTION('',(-0.,1.));
#3242 = ( GEOMETRIC_REPRESENTATION_CONTEXT(2) 
PARAMETRIC_REPRESENTATION_CONTEXT() REPRESENTATION_CONTEXT('2D SPACE',''
  ) );
#3243 = ORIENTED_EDGE('',*,*,#3244,.T.);
#3244 = EDGE_CURVE('',#3222,#3245,#3247,.T.);
#3245 = VERTEX_POINT('',#3246);
#3246 = CARTESIAN_POINT('',(199.05,-36.5,-10.07));
#3247 = SURFACE_CURVE('',#3248,(#3252,#3259),.PCURVE_S1.);
#3248 = LINE('',#3249,#3250);
#3249 = CARTESIAN_POINT('',(149.45,-36.5,-10.07));
#3250 = VECTOR('',#3251,1.);
#3251 = DIRECTION('',(1.,0.,0.));
#3252 = PCURVE('',#1290,#3253);
#3253 = DEFINITIONAL_REPRESENTATION('',(#3254),#3258);
#3254 = LINE('',#3255,#3256);
#3255 = CARTESIAN_POINT('',(0.,1.5));
#3256 = VECTOR('',#3257,1.);
#3257 = DIRECTION('',(1.,0.));
#3258 = ( GEOMETRIC_REPRESENTATION_CONTEXT(2) 
PARAMETRIC_REPRESENTATION_CONTEXT() REPRESENTATION_CONTEXT('2D SPACE',''
  ) );
#3259 = PCURVE('',#3260,#3265);
#3260 = CYLINDRICAL_SURFACE('',#3261,1.5);
#3261 = AXIS2_PLACEMENT_3D('',#3262,#3263,#3264);
#3262 = CARTESIAN_POINT('',(149.45,-36.5,-8.57));
#3263 = DIRECTION('',(1.,0.,0.));
#3264 = DIRECTION('',(0.,-1.,0.));
#3265 = DEFINITIONAL_REPRESENTATION('',(#3266),#3270);
#3266 = LINE('',#3267,#3268);
#3267 = CARTESIAN_POINT('',(1.570796326795,0.));
#3268 = VECTOR('',#3269,1.);
#3269 = DIRECTION('',(0.,1.));
#3270 = ( GEOMETRIC_REPRESENTATION_CONTEXT(2) 
PARAMETRIC_REPRESENTATION_CONTEXT() REPRESENTATION_CONTEXT('2D SPACE',''
  ) );
#3271 = ORIENTED_EDGE('',*,*,#3272,.T.);
#3272 = EDGE_CURVE('',#3245,#1275,#3273,.T.);
#3273 = SURFACE_CURVE('',#3274,(#3278,#3285),.PCURVE_S1.);
#3274 = LINE('',#3275,#3276);
#3275 = CARTESIAN_POINT('',(199.05,-38.,-10.07));
#3276 = VECTOR('',#3277,1.);
#3277 = DIRECTION('',(0.,1.,0.));
#3278 = PCURVE('',#1290,#3279);
#3279 = DEFINITIONAL_REPRESENTATION('',(#3280),#3284);
#3280 = LINE('',#3281,#3282);
#3281 = CARTESIAN_POINT('',(49.6,0.));
#3282 = VECTOR('',#3283,1.);
#3283 = DIRECTION('',(0.,1.));
#3284 = ( GEOMETRIC_REPRESENTATION_CONTEXT(2) 
PARAMETRIC_REPRESENTATION_CONTEXT() REPRESENTATION_CONTEXT('2D SPACE',''
  ) );
#3285 = PCURVE('',#3183,#3286);
#3286 = DEFINITIONAL_REPRESENTATION('',(#3287),#3291);
#3287 = LINE('',#3288,#3289);
#3288 = CARTESIAN_POINT('',(1.570796326795,0.));
#3289 = VECTOR('',#3290,1.);
#3290 = DIRECTION('',(0.,1.));
#3291 = ( GEOMETRIC_REPRESENTATION_CONTEXT(2) 
PARAMETRIC_REPRESENTATION_CONTEXT() REPRESENTATION_CONTEXT('2D SPACE',''
  ) );
#3292 = ORIENTED_EDGE('',*,*,#1274,.F.);
#3293 = FACE_BOUND('',#3294,.F.);
#3294 = EDGE_LOOP('',(#3295,#3325,#3353,#3381,#3409));
#3295 = ORIENTED_EDGE('',*,*,#3296,.F.);
#3296 = EDGE_CURVE('',#3297,#3299,#3301,.T.);
#3297 = VERTEX_POINT('',#3298);
#3298 = CARTESIAN_POINT('',(175.,-21.,-10.07));
#3299 = VERTEX_POINT('',#3300);
#3300 = CARTESIAN_POINT('',(173.875,-21.,-10.07));
#3301 = SURFACE_CURVE('',#3302,(#3306,#3313),.PCURVE_S1.);
#3302 = LINE('',#3303,#3304);
#3303 = CARTESIAN_POINT('',(161.6625,-21.,-10.07));
#3304 = VECTOR('',#3305,1.);
#3305 = DIRECTION('',(-1.,0.,0.));
#3306 = PCURVE('',#1290,#3307);
#3307 = DEFINITIONAL_REPRESENTATION('',(#3308),#3312);
#3308 = LINE('',#3309,#3310);
#3309 = CARTESIAN_POINT('',(12.2125,17.));
#3310 = VECTOR('',#3311,1.);
#3311 = DIRECTION('',(-1.,0.));
#3312 = ( GEOMETRIC_REPRESENTATION_CONTEXT(2) 
PARAMETRIC_REPRESENTATION_CONTEXT() REPRESENTATION_CONTEXT('2D SPACE',''
  ) );
#3313 = PCURVE('',#3314,#3319);
#3314 = PLANE('',#3315);
#3315 = AXIS2_PLACEMENT_3D('',#3316,#3317,#3318);
#3316 = CARTESIAN_POINT('',(173.875,-21.,-10.79422863406));
#3317 = DIRECTION('',(0.,1.,0.));
#3318 = DIRECTION('',(0.,0.,1.));
#3319 = DEFINITIONAL_REPRESENTATION('',(#3320),#3324);
#3320 = LINE('',#3321,#3322);
#3321 = CARTESIAN_POINT('',(0.72422863406,-12.2125));
#3322 = VECTOR('',#3323,1.);
#3323 = DIRECTION('',(0.,-1.));
#3324 = ( GEOMETRIC_REPRESENTATION_CONTEXT(2) 
PARAMETRIC_REPRESENTATION_CONTEXT() REPRESENTATION_CONTEXT('2D SPACE',''
  ) );
#3325 = ORIENTED_EDGE('',*,*,#3326,.F.);
#3326 = EDGE_CURVE('',#3327,#3297,#3329,.T.);
#3327 = VERTEX_POINT('',#3328);
#3328 = CARTESIAN_POINT('',(176.125,-21.,-10.07));
#3329 = SURFACE_CURVE('',#3330,(#3334,#3341),.PCURVE_S1.);
#3330 = LINE('',#3331,#3332);
#3331 = CARTESIAN_POINT('',(161.6625,-21.,-10.07));
#3332 = VECTOR('',#3333,1.);
#3333 = DIRECTION('',(-1.,0.,0.));
#3334 = PCURVE('',#1290,#3335);
#3335 = DEFINITIONAL_REPRESENTATION('',(#3336),#3340);
#3336 = LINE('',#3337,#3338);
#3337 = CARTESIAN_POINT('',(12.2125,17.));
#3338 = VECTOR('',#3339,1.);
#3339 = DIRECTION('',(-1.,0.));
#3340 = ( GEOMETRIC_REPRESENTATION_CONTEXT(2) 
PARAMETRIC_REPRESENTATION_CONTEXT() REPRESENTATION_CONTEXT('2D SPACE',''
  ) );
#3341 = PCURVE('',#3342,#3347);
#3342 = PLANE('',#3343);
#3343 = AXIS2_PLACEMENT_3D('',#3344,#3345,#3346);
#3344 = CARTESIAN_POINT('',(173.875,-21.,-10.79422863406));
#3345 = DIRECTION('',(0.,1.,0.));
#3346 = DIRECTION('',(0.,0.,1.));
#3347 = DEFINITIONAL_REPRESENTATION('',(#3348),#3352);
#3348 = LINE('',#3349,#3350);
#3349 = CARTESIAN_POINT('',(0.72422863406,-12.2125));
#3350 = VECTOR('',#3351,1.);
#3351 = DIRECTION('',(0.,-1.));
#3352 = ( GEOMETRIC_REPRESENTATION_CONTEXT(2) 
PARAMETRIC_REPRESENTATION_CONTEXT() REPRESENTATION_CONTEXT('2D SPACE',''
  ) );
#3353 = ORIENTED_EDGE('',*,*,#3354,.F.);
#3354 = EDGE_CURVE('',#3355,#3327,#3357,.T.);
#3355 = VERTEX_POINT('',#3356);
#3356 = CARTESIAN_POINT('',(176.125,-24.,-10.07));
#3357 = SURFACE_CURVE('',#3358,(#3362,#3369),.PCURVE_S1.);
#3358 = LINE('',#3359,#3360);
#3359 = CARTESIAN_POINT('',(176.125,-31.,-10.07));
#3360 = VECTOR('',#3361,1.);
#3361 = DIRECTION('',(0.,1.,0.));
#3362 = PCURVE('',#1290,#3363);
#3363 = DEFINITIONAL_REPRESENTATION('',(#3364),#3368);
#3364 = LINE('',#3365,#3366);
#3365 = CARTESIAN_POINT('',(26.675,7.));
#3366 = VECTOR('',#3367,1.);
#3367 = DIRECTION('',(0.,1.));
#3368 = ( GEOMETRIC_REPRESENTATION_CONTEXT(2) 
PARAMETRIC_REPRESENTATION_CONTEXT() REPRESENTATION_CONTEXT('2D SPACE',''
  ) );
#3369 = PCURVE('',#3370,#3375);
#3370 = PLANE('',#3371);
#3371 = AXIS2_PLACEMENT_3D('',#3372,#3373,#3374);
#3372 = CARTESIAN_POINT('',(176.125,-24.,-10.79422863406));
#3373 = DIRECTION('',(1.,0.,0.));
#3374 = DIRECTION('',(0.,0.,1.));
#3375 = DEFINITIONAL_REPRESENTATION('',(#3376),#3380);
#3376 = LINE('',#3377,#3378);
#3377 = CARTESIAN_POINT('',(0.72422863406,7.));
#3378 = VECTOR('',#3379,1.);
#3379 = DIRECTION('',(0.,-1.));
#3380 = ( GEOMETRIC_REPRESENTATION_CONTEXT(2) 
PARAMETRIC_REPRESENTATION_CONTEXT() REPRESENTATION_CONTEXT('2D SPACE',''
  ) );
#3381 = ORIENTED_EDGE('',*,*,#3382,.T.);
#3382 = EDGE_CURVE('',#3355,#3383,#3385,.T.);
#3383 = VERTEX_POINT('',#3384);
#3384 = CARTESIAN_POINT('',(173.875,-24.,-10.07));
#3385 = SURFACE_CURVE('',#3386,(#3390,#3397),.PCURVE_S1.);
#3386 = LINE('',#3387,#3388);
#3387 = CARTESIAN_POINT('',(161.6625,-24.,-10.07));
#3388 = VECTOR('',#3389,1.);
#3389 = DIRECTION('',(-1.,0.,0.));
#3390 = PCURVE('',#1290,#3391);
#3391 = DEFINITIONAL_REPRESENTATION('',(#3392),#3396);
#3392 = LINE('',#3393,#3394);
#3393 = CARTESIAN_POINT('',(12.2125,14.));
#3394 = VECTOR('',#3395,1.);
#3395 = DIRECTION('',(-1.,0.));
#3396 = ( GEOMETRIC_REPRESENTATION_CONTEXT(2) 
PARAMETRIC_REPRESENTATION_CONTEXT() REPRESENTATION_CONTEXT('2D SPACE',''
  ) );
#3397 = PCURVE('',#3398,#3403);
#3398 = PLANE('',#3399);
#3399 = AXIS2_PLACEMENT_3D('',#3400,#3401,#3402);
#3400 = CARTESIAN_POINT('',(173.875,-24.,-10.79422863406));
#3401 = DIRECTION('',(0.,1.,0.));
#3402 = DIRECTION('',(0.,0.,1.));
#3403 = DEFINITIONAL_REPRESENTATION('',(#3404),#3408);
#3404 = LINE('',#3405,#3406);
#3405 = CARTESIAN_POINT('',(0.72422863406,-12.2125));
#3406 = VECTOR('',#3407,1.);
#3407 = DIRECTION('',(0.,-1.));
#3408 = ( GEOMETRIC_REPRESENTATION_CONTEXT(2) 
PARAMETRIC_REPRESENTATION_CONTEXT() REPRESENTATION_CONTEXT('2D SPACE',''
  ) );
#3409 = ORIENTED_EDGE('',*,*,#3410,.T.);
#3410 = EDGE_CURVE('',#3383,#3299,#3411,.T.);
#3411 = SURFACE_CURVE('',#3412,(#3416,#3423),.PCURVE_S1.);
#3412 = LINE('',#3413,#3414);
#3413 = CARTESIAN_POINT('',(173.875,-31.,-10.07));
#3414 = VECTOR('',#3415,1.);
#3415 = DIRECTION('',(0.,1.,0.));
#3416 = PCURVE('',#1290,#3417);
#3417 = DEFINITIONAL_REPRESENTATION('',(#3418),#3422);
#3418 = LINE('',#3419,#3420);
#3419 = CARTESIAN_POINT('',(24.425,7.));
#3420 = VECTOR('',#3421,1.);
#3421 = DIRECTION('',(0.,1.));
#3422 = ( GEOMETRIC_REPRESENTATION_CONTEXT(2) 
PARAMETRIC_REPRESENTATION_CONTEXT() REPRESENTATION_CONTEXT('2D SPACE',''
  ) );
#3423 = PCURVE('',#3424,#3429);
#3424 = PLANE('',#3425);
#3425 = AXIS2_PLACEMENT_3D('',#3426,#3427,#3428);
#3426 = CARTESIAN_POINT('',(173.875,-24.,-10.79422863406));
#3427 = DIRECTION('',(1.,0.,0.));
#3428 = DIRECTION('',(0.,0.,1.));
#3429 = DEFINITIONAL_REPRESENTATION('',(#3430),#3434);
#3430 = LINE('',#3431,#3432);
#3431 = CARTESIAN_POINT('',(0.72422863406,7.));
#3432 = VECTOR('',#3433,1.);
#3433 = DIRECTION('',(0.,-1.));
#3434 = ( GEOMETRIC_REPRESENTATION_CONTEXT(2) 
PARAMETRIC_REPRESENTATION_CONTEXT() REPRESENTATION_CONTEXT('2D SPACE',''
  ) );
#3435 = FACE_BOUND('',#3436,.F.);
#3436 = EDGE_LOOP('',(#3437,#3472,#3500));
#3437 = ORIENTED_EDGE('',*,*,#3438,.T.);
#3438 = EDGE_CURVE('',#3439,#3441,#3443,.T.);
#3439 = VERTEX_POINT('',#3440);
#3440 = CARTESIAN_POINT('',(175.,-15.,-10.07));
#3441 = VERTEX_POINT('',#3442);
#3442 = CARTESIAN_POINT('',(178.,-18.,-10.07));
#3443 = SURFACE_CURVE('',#3444,(#3449,#3460),.PCURVE_S1.);
#3444 = CIRCLE('',#3445,3.);
#3445 = AXIS2_PLACEMENT_3D('',#3446,#3447,#3448);
#3446 = CARTESIAN_POINT('',(175.,-18.,-10.07));
#3447 = DIRECTION('',(0.,0.,-1.));
#3448 = DIRECTION('',(1.,0.,0.));
#3449 = PCURVE('',#1290,#3450);
#3450 = DEFINITIONAL_REPRESENTATION('',(#3451),#3459);
#3451 = ( BOUNDED_CURVE() B_SPLINE_CURVE(2,(#3452,#3453,#3454,#3455,
#3456,#3457,#3458),.UNSPECIFIED.,.T.,.F.) B_SPLINE_CURVE_WITH_KNOTS((1,2
    ,2,2,2,1),(-2.094395102393,0.,2.094395102393,4.188790204786,
6.28318530718,8.377580409573),.UNSPECIFIED.) CURVE() 
GEOMETRIC_REPRESENTATION_ITEM() RATIONAL_B_SPLINE_CURVE((1.,0.5,1.,0.5,
1.,0.5,1.)) REPRESENTATION_ITEM('') );
#3452 = CARTESIAN_POINT('',(28.55,20.));
#3453 = CARTESIAN_POINT('',(28.55,14.803847577293));
#3454 = CARTESIAN_POINT('',(24.05,17.401923788647));
#3455 = CARTESIAN_POINT('',(19.55,20.));
#3456 = CARTESIAN_POINT('',(24.05,22.598076211353));
#3457 = CARTESIAN_POINT('',(28.55,25.196152422707));
#3458 = CARTESIAN_POINT('',(28.55,20.));
#3459 = ( GEOMETRIC_REPRESENTATION_CONTEXT(2) 
PARAMETRIC_REPRESENTATION_CONTEXT() REPRESENTATION_CONTEXT('2D SPACE',''
  ) );
#3460 = PCURVE('',#3461,#3466);
#3461 = CYLINDRICAL_SURFACE('',#3462,3.);
#3462 = AXIS2_PLACEMENT_3D('',#3463,#3464,#3465);
#3463 = CARTESIAN_POINT('',(175.,-18.,-18.07));
#3464 = DIRECTION('',(-0.,-0.,-1.));
#3465 = DIRECTION('',(1.,0.,0.));
#3466 = DEFINITIONAL_REPRESENTATION('',(#3467),#3471);
#3467 = LINE('',#3468,#3469);
#3468 = CARTESIAN_POINT('',(-6.28318530718,-8.));
#3469 = VECTOR('',#3470,1.);
#3470 = DIRECTION('',(1.,-0.));
#3471 = ( GEOMETRIC_REPRESENTATION_CONTEXT(2) 
PARAMETRIC_REPRESENTATION_CONTEXT() REPRESENTATION_CONTEXT('2D SPACE',''
  ) );
#3472 = ORIENTED_EDGE('',*,*,#3473,.T.);
#3473 = EDGE_CURVE('',#3441,#3474,#3476,.T.);
#3474 = VERTEX_POINT('',#3475);
#3475 = CARTESIAN_POINT('',(175.,-21.,-10.07));
#3476 = SURFACE_CURVE('',#3477,(#3482,#3493),.PCURVE_S1.);
#3477 = CIRCLE('',#3478,3.);
#3478 = AXIS2_PLACEMENT_3D('',#3479,#3480,#3481);
#3479 = CARTESIAN_POINT('',(175.,-18.,-10.07));
#3480 = DIRECTION('',(0.,0.,-1.));
#3481 = DIRECTION('',(1.,0.,0.));
#3482 = PCURVE('',#1290,#3483);
#3483 = DEFINITIONAL_REPRESENTATION('',(#3484),#3492);
#3484 = ( BOUNDED_CURVE() B_SPLINE_CURVE(2,(#3485,#3486,#3487,#3488,
#3489,#3490,#3491),.UNSPECIFIED.,.T.,.F.) B_SPLINE_CURVE_WITH_KNOTS((1,2
    ,2,2,2,1),(-2.094395102393,0.,2.094395102393,4.188790204786,
6.28318530718,8.377580409573),.UNSPECIFIED.) CURVE() 
GEOMETRIC_REPRESENTATION_ITEM() RATIONAL_B_SPLINE_CURVE((1.,0.5,1.,0.5,
1.,0.5,1.)) REPRESENTATION_ITEM('') );
#3485 = CARTESIAN_POINT('',(28.55,20.));
#3486 = CARTESIAN_POINT('',(28.55,14.803847577293));
#3487 = CARTESIAN_POINT('',(24.05,17.401923788647));
#3488 = CARTESIAN_POINT('',(19.55,20.));
#3489 = CARTESIAN_POINT('',(24.05,22.598076211353));
#3490 = CARTESIAN_POINT('',(28.55,25.196152422707));
#3491 = CARTESIAN_POINT('',(28.55,20.));
#3492 = ( GEOMETRIC_REPRESENTATION_CONTEXT(2) 
PARAMETRIC_REPRESENTATION_CONTEXT() REPRESENTATION_CONTEXT('2D SPACE',''
  ) );
#3493 = PCURVE('',#3461,#3494);
#3494 = DEFINITIONAL_REPRESENTATION('',(#3495),#3499);
#3495 = LINE('',#3496,#3497);
#3496 = CARTESIAN_POINT('',(-6.28318530718,-8.));
#3497 = VECTOR('',#3498,1.);
#3498 = DIRECTION('',(1.,-0.));
#3499 = ( GEOMETRIC_REPRESENTATION_CONTEXT(2) 
PARAMETRIC_REPRESENTATION_CONTEXT() REPRESENTATION_CONTEXT('2D SPACE',''
  ) );
#3500 = ORIENTED_EDGE('',*,*,#3501,.T.);
#3501 = EDGE_CURVE('',#3474,#3439,#3502,.T.);
#3502 = SURFACE_CURVE('',#3503,(#3508,#3519),.PCURVE_S1.);
#3503 = CIRCLE('',#3504,3.);
#3504 = AXIS2_PLACEMENT_3D('',#3505,#3506,#3507);
#3505 = CARTESIAN_POINT('',(175.,-18.,-10.07));
#3506 = DIRECTION('',(0.,0.,-1.));
#3507 = DIRECTION('',(1.,0.,0.));
#3508 = PCURVE('',#1290,#3509);
#3509 = DEFINITIONAL_REPRESENTATION('',(#3510),#3518);
#3510 = ( BOUNDED_CURVE() B_SPLINE_CURVE(2,(#3511,#3512,#3513,#3514,
#3515,#3516,#3517),.UNSPECIFIED.,.T.,.F.) B_SPLINE_CURVE_WITH_KNOTS((1,2
    ,2,2,2,1),(-2.094395102393,0.,2.094395102393,4.188790204786,
6.28318530718,8.377580409573),.UNSPECIFIED.) CURVE() 
GEOMETRIC_REPRESENTATION_ITEM() RATIONAL_B_SPLINE_CURVE((1.,0.5,1.,0.5,
1.,0.5,1.)) REPRESENTATION_ITEM('') );
#3511 = CARTESIAN_POINT('',(28.55,20.));
#3512 = CARTESIAN_POINT('',(28.55,14.803847577293));
#3513 = CARTESIAN_POINT('',(24.05,17.401923788647));
#3514 = CARTESIAN_POINT('',(19.55,20.));
#3515 = CARTESIAN_POINT('',(24.05,22.598076211353));
#3516 = CARTESIAN_POINT('',(28.55,25.196152422707));
#3517 = CARTESIAN_POINT('',(28.55,20.));
#3518 = ( GEOMETRIC_REPRESENTATION_CONTEXT(2) 
PARAMETRIC_REPRESENTATION_CONTEXT() REPRESENTATION_CONTEXT('2D SPACE',''
  ) );
#3519 = PCURVE('',#3461,#3520);
#3520 = DEFINITIONAL_REPRESENTATION('',(#3521),#3525);
#3521 = LINE('',#3522,#3523);
#3522 = CARTESIAN_POINT('',(-6.28318530718,-8.));
#3523 = VECTOR('',#3524,1.);
#3524 = DIRECTION('',(1.,-0.));
#3525 = ( GEOMETRIC_REPRESENTATION_CONTEXT(2) 
PARAMETRIC_REPRESENTATION_CONTEXT() REPRESENTATION_CONTEXT('2D SPACE',''
  ) );
#3526 = FACE_BOUND('',#3527,.F.);
#3527 = EDGE_LOOP('',(#3528,#3558,#3586,#3614,#3642));
#3528 = ORIENTED_EDGE('',*,*,#3529,.T.);
#3529 = EDGE_CURVE('',#3530,#3532,#3534,.T.);
#3530 = VERTEX_POINT('',#3531);
#3531 = CARTESIAN_POINT('',(176.125,-15.,-10.07));
#3532 = VERTEX_POINT('',#3533);
#3533 = CARTESIAN_POINT('',(175.,-15.,-10.07));
#3534 = SURFACE_CURVE('',#3535,(#3539,#3546),.PCURVE_S1.);
#3535 = LINE('',#3536,#3537);
#3536 = CARTESIAN_POINT('',(161.6625,-15.,-10.07));
#3537 = VECTOR('',#3538,1.);
#3538 = DIRECTION('',(-1.,0.,0.));
#3539 = PCURVE('',#1290,#3540);
#3540 = DEFINITIONAL_REPRESENTATION('',(#3541),#3545);
#3541 = LINE('',#3542,#3543);
#3542 = CARTESIAN_POINT('',(12.2125,23.));
#3543 = VECTOR('',#3544,1.);
#3544 = DIRECTION('',(-1.,0.));
#3545 = ( GEOMETRIC_REPRESENTATION_CONTEXT(2) 
PARAMETRIC_REPRESENTATION_CONTEXT() REPRESENTATION_CONTEXT('2D SPACE',''
  ) );
#3546 = PCURVE('',#3547,#3552);
#3547 = PLANE('',#3548);
#3548 = AXIS2_PLACEMENT_3D('',#3549,#3550,#3551);
#3549 = CARTESIAN_POINT('',(173.875,-15.,-10.79422863406));
#3550 = DIRECTION('',(0.,1.,0.));
#3551 = DIRECTION('',(0.,0.,1.));
#3552 = DEFINITIONAL_REPRESENTATION('',(#3553),#3557);
#3553 = LINE('',#3554,#3555);
#3554 = CARTESIAN_POINT('',(0.72422863406,-12.2125));
#3555 = VECTOR('',#3556,1.);
#3556 = DIRECTION('',(0.,-1.));
#3557 = ( GEOMETRIC_REPRESENTATION_CONTEXT(2) 
PARAMETRIC_REPRESENTATION_CONTEXT() REPRESENTATION_CONTEXT('2D SPACE',''
  ) );
#3558 = ORIENTED_EDGE('',*,*,#3559,.T.);
#3559 = EDGE_CURVE('',#3532,#3560,#3562,.T.);
#3560 = VERTEX_POINT('',#3561);
#3561 = CARTESIAN_POINT('',(173.875,-15.,-10.07));
#3562 = SURFACE_CURVE('',#3563,(#3567,#3574),.PCURVE_S1.);
#3563 = LINE('',#3564,#3565);
#3564 = CARTESIAN_POINT('',(161.6625,-15.,-10.07));
#3565 = VECTOR('',#3566,1.);
#3566 = DIRECTION('',(-1.,0.,0.));
#3567 = PCURVE('',#1290,#3568);
#3568 = DEFINITIONAL_REPRESENTATION('',(#3569),#3573);
#3569 = LINE('',#3570,#3571);
#3570 = CARTESIAN_POINT('',(12.2125,23.));
#3571 = VECTOR('',#3572,1.);
#3572 = DIRECTION('',(-1.,0.));
#3573 = ( GEOMETRIC_REPRESENTATION_CONTEXT(2) 
PARAMETRIC_REPRESENTATION_CONTEXT() REPRESENTATION_CONTEXT('2D SPACE',''
  ) );
#3574 = PCURVE('',#3575,#3580);
#3575 = PLANE('',#3576);
#3576 = AXIS2_PLACEMENT_3D('',#3577,#3578,#3579);
#3577 = CARTESIAN_POINT('',(173.875,-15.,-10.79422863406));
#3578 = DIRECTION('',(0.,1.,0.));
#3579 = DIRECTION('',(0.,0.,1.));
#3580 = DEFINITIONAL_REPRESENTATION('',(#3581),#3585);
#3581 = LINE('',#3582,#3583);
#3582 = CARTESIAN_POINT('',(0.72422863406,-12.2125));
#3583 = VECTOR('',#3584,1.);
#3584 = DIRECTION('',(0.,-1.));
#3585 = ( GEOMETRIC_REPRESENTATION_CONTEXT(2) 
PARAMETRIC_REPRESENTATION_CONTEXT() REPRESENTATION_CONTEXT('2D SPACE',''
  ) );
#3586 = ORIENTED_EDGE('',*,*,#3587,.T.);
#3587 = EDGE_CURVE('',#3560,#3588,#3590,.T.);
#3588 = VERTEX_POINT('',#3589);
#3589 = CARTESIAN_POINT('',(173.875,-12.,-10.07));
#3590 = SURFACE_CURVE('',#3591,(#3595,#3602),.PCURVE_S1.);
#3591 = LINE('',#3592,#3593);
#3592 = CARTESIAN_POINT('',(173.875,-26.5,-10.07));
#3593 = VECTOR('',#3594,1.);
#3594 = DIRECTION('',(0.,1.,0.));
#3595 = PCURVE('',#1290,#3596);
#3596 = DEFINITIONAL_REPRESENTATION('',(#3597),#3601);
#3597 = LINE('',#3598,#3599);
#3598 = CARTESIAN_POINT('',(24.425,11.5));
#3599 = VECTOR('',#3600,1.);
#3600 = DIRECTION('',(0.,1.));
#3601 = ( GEOMETRIC_REPRESENTATION_CONTEXT(2) 
PARAMETRIC_REPRESENTATION_CONTEXT() REPRESENTATION_CONTEXT('2D SPACE',''
  ) );
#3602 = PCURVE('',#3603,#3608);
#3603 = PLANE('',#3604);
#3604 = AXIS2_PLACEMENT_3D('',#3605,#3606,#3607);
#3605 = CARTESIAN_POINT('',(173.875,-15.,-10.79422863406));
#3606 = DIRECTION('',(1.,0.,0.));
#3607 = DIRECTION('',(0.,0.,1.));
#3608 = DEFINITIONAL_REPRESENTATION('',(#3609),#3613);
#3609 = LINE('',#3610,#3611);
#3610 = CARTESIAN_POINT('',(0.72422863406,11.5));
#3611 = VECTOR('',#3612,1.);
#3612 = DIRECTION('',(0.,-1.));
#3613 = ( GEOMETRIC_REPRESENTATION_CONTEXT(2) 
PARAMETRIC_REPRESENTATION_CONTEXT() REPRESENTATION_CONTEXT('2D SPACE',''
  ) );
#3614 = ORIENTED_EDGE('',*,*,#3615,.F.);
#3615 = EDGE_CURVE('',#3616,#3588,#3618,.T.);
#3616 = VERTEX_POINT('',#3617);
#3617 = CARTESIAN_POINT('',(176.125,-12.,-10.07));
#3618 = SURFACE_CURVE('',#3619,(#3623,#3630),.PCURVE_S1.);
#3619 = LINE('',#3620,#3621);
#3620 = CARTESIAN_POINT('',(161.6625,-12.,-10.07));
#3621 = VECTOR('',#3622,1.);
#3622 = DIRECTION('',(-1.,0.,0.));
#3623 = PCURVE('',#1290,#3624);
#3624 = DEFINITIONAL_REPRESENTATION('',(#3625),#3629);
#3625 = LINE('',#3626,#3627);
#3626 = CARTESIAN_POINT('',(12.2125,26.));
#3627 = VECTOR('',#3628,1.);
#3628 = DIRECTION('',(-1.,0.));
#3629 = ( GEOMETRIC_REPRESENTATION_CONTEXT(2) 
PARAMETRIC_REPRESENTATION_CONTEXT() REPRESENTATION_CONTEXT('2D SPACE',''
  ) );
#3630 = PCURVE('',#3631,#3636);
#3631 = PLANE('',#3632);
#3632 = AXIS2_PLACEMENT_3D('',#3633,#3634,#3635);
#3633 = CARTESIAN_POINT('',(173.875,-12.,-10.79422863406));
#3634 = DIRECTION('',(0.,1.,0.));
#3635 = DIRECTION('',(0.,0.,1.));
#3636 = DEFINITIONAL_REPRESENTATION('',(#3637),#3641);
#3637 = LINE('',#3638,#3639);
#3638 = CARTESIAN_POINT('',(0.72422863406,-12.2125));
#3639 = VECTOR('',#3640,1.);
#3640 = DIRECTION('',(0.,-1.));
#3641 = ( GEOMETRIC_REPRESENTATION_CONTEXT(2) 
PARAMETRIC_REPRESENTATION_CONTEXT() REPRESENTATION_CONTEXT('2D SPACE',''
  ) );
#3642 = ORIENTED_EDGE('',*,*,#3643,.F.);
#3643 = EDGE_CURVE('',#3530,#3616,#3644,.T.);
#3644 = SURFACE_CURVE('',#3645,(#3649,#3656),.PCURVE_S1.);
#3645 = LINE('',#3646,#3647);
#3646 = CARTESIAN_POINT('',(176.125,-26.5,-10.07));
#3647 = VECTOR('',#3648,1.);
#3648 = DIRECTION('',(0.,1.,0.));
#3649 = PCURVE('',#1290,#3650);
#3650 = DEFINITIONAL_REPRESENTATION('',(#3651),#3655);
#3651 = LINE('',#3652,#3653);
#3652 = CARTESIAN_POINT('',(26.675,11.5));
#3653 = VECTOR('',#3654,1.);
#3654 = DIRECTION('',(0.,1.));
#3655 = ( GEOMETRIC_REPRESENTATION_CONTEXT(2) 
PARAMETRIC_REPRESENTATION_CONTEXT() REPRESENTATION_CONTEXT('2D SPACE',''
  ) );
#3656 = PCURVE('',#3657,#3662);
#3657 = PLANE('',#3658);
#3658 = AXIS2_PLACEMENT_3D('',#3659,#3660,#3661);
#3659 = CARTESIAN_POINT('',(176.125,-15.,-10.79422863406));
#3660 = DIRECTION('',(1.,0.,0.));
#3661 = DIRECTION('',(0.,0.,1.));
#3662 = DEFINITIONAL_REPRESENTATION('',(#3663),#3667);
#3663 = LINE('',#3664,#3665);
#3664 = CARTESIAN_POINT('',(0.72422863406,11.5));
#3665 = VECTOR('',#3666,1.);
#3666 = DIRECTION('',(0.,-1.));
#3667 = ( GEOMETRIC_REPRESENTATION_CONTEXT(2) 
PARAMETRIC_REPRESENTATION_CONTEXT() REPRESENTATION_CONTEXT('2D SPACE',''
  ) );
#3668 = ADVANCED_FACE('',(#3669),#1507,.T.);
#3669 = FACE_BOUND('',#3670,.F.);
#3670 = EDGE_LOOP('',(#3671,#3672,#3673,#3777));
#3671 = ORIENTED_EDGE('',*,*,#1597,.F.);
#3672 = ORIENTED_EDGE('',*,*,#1490,.T.);
#3673 = ORIENTED_EDGE('',*,*,#3674,.T.);
#3674 = EDGE_CURVE('',#1491,#3675,#3677,.T.);
#3675 = VERTEX_POINT('',#3676);
#3676 = CARTESIAN_POINT('',(150.49712032503,0.5,10.));
#3677 = SURFACE_CURVE('',#3678,(#3709,#3743),.PCURVE_S1.);
#3678 = B_SPLINE_CURVE_WITH_KNOTS('',8,(#3679,#3680,#3681,#3682,#3683,
    #3684,#3685,#3686,#3687,#3688,#3689,#3690,#3691,#3692,#3693,#3694,
    #3695,#3696,#3697,#3698,#3699,#3700,#3701,#3702,#3703,#3704,#3705,
    #3706,#3707,#3708),.UNSPECIFIED.,.F.,.F.,(9,7,7,7,9),(0.,
    0.174238521606,0.288741826598,0.446389515798,1.),.UNSPECIFIED.);
#3679 = CARTESIAN_POINT('',(150.95,1.132771680782,9.93));
#3680 = CARTESIAN_POINT('',(150.92994422863,1.132771680782,9.93));
#3681 = CARTESIAN_POINT('',(150.90987920853,1.131386419114,
    9.930306464988));
#3682 = CARTESIAN_POINT('',(150.88996357018,1.128614155437,
    9.930919886865));
#3683 = CARTESIAN_POINT('',(150.87032973531,1.124494586893,
    9.931827532002));
#3684 = CARTESIAN_POINT('',(150.85108857253,1.119095660047,9.93300696328
    ));
#3685 = CARTESIAN_POINT('',(150.83233272684,1.112504022912,
    9.934429127667));
#3686 = CARTESIAN_POINT('',(150.81413862278,1.104819117066,
    9.936061009344));
#3687 = CARTESIAN_POINT('',(150.78501979442,1.090454475085,
    9.939055238151));
#3688 = CARTESIAN_POINT('',(150.77373516363,1.084330260178,
    9.940318839343));
#3689 = CARTESIAN_POINT('',(150.7627254252,1.077805887935,9.941649454799
    ));
#3690 = CARTESIAN_POINT('',(150.75199923511,1.070908770427,
    9.943037979492));
#3691 = CARTESIAN_POINT('',(150.74156212674,1.063665577995,
    9.944475562138));
#3692 = CARTESIAN_POINT('',(150.73141690838,1.05610170824,9.945953766811
    ));
#3693 = CARTESIAN_POINT('',(150.72156406076,1.048240755014,
    9.947464734561));
#3694 = CARTESIAN_POINT('',(150.69883731293,1.028901294784,
    9.951116944139));
#3695 = CARTESIAN_POINT('',(150.68622605551,1.01717765726,9.953280799993
    ));
#3696 = CARTESIAN_POINT('',(150.67416250415,1.004987515973,
    9.955474383567));
#3697 = CARTESIAN_POINT('',(150.66263814158,0.992380619691,
    9.957681040437));
#3698 = CARTESIAN_POINT('',(150.65164219378,0.979401636915,
    9.959885968908));
#3699 = CARTESIAN_POINT('',(150.64116203238,0.96608977797,9.962076198144
    ));
#3700 = CARTESIAN_POINT('',(150.63118357711,0.952478417093,
    9.964240566305));
#3701 = CARTESIAN_POINT('',(150.5883591216,0.889839396029,9.973846560557
    ));
#3702 = CARTESIAN_POINT('',(150.56114138018,0.8378934011,9.980862816898)
  );
#3703 = CARTESIAN_POINT('',(150.53918076366,0.783767789054,
    9.987046078881));
#3704 = CARTESIAN_POINT('',(150.52211851789,0.72817068053,9.992159652527
    ));
#3705 = CARTESIAN_POINT('',(150.50956085705,0.671687030938,
    9.996059208967));
#3706 = CARTESIAN_POINT('',(150.501286052,0.614700719398,9.998680944423)
  );
#3707 = CARTESIAN_POINT('',(150.49712032503,0.557455156296,10.));
#3708 = CARTESIAN_POINT('',(150.49712032503,0.5,10.));
#3709 = PCURVE('',#1507,#3710);
#3710 = DEFINITIONAL_REPRESENTATION('',(#3711),#3742);
#3711 = B_SPLINE_CURVE_WITH_KNOTS('',8,(#3712,#3713,#3714,#3715,#3716,
    #3717,#3718,#3719,#3720,#3721,#3722,#3723,#3724,#3725,#3726,#3727,
    #3728,#3729,#3730,#3731,#3732,#3733,#3734,#3735,#3736,#3737,#3738,
    #3739,#3740,#3741),.UNSPECIFIED.,.F.,.F.,(9,7,7,7,9),(0.,
    0.174238521606,0.288741826598,0.446389515798,1.),.UNSPECIFIED.);
#3712 = CARTESIAN_POINT('',(-1.570796326795,-0.435482356724));
#3713 = CARTESIAN_POINT('',(-1.556049436085,-0.435482356724));
#3714 = CARTESIAN_POINT('',(-1.541295736918,-0.434463806436));
#3715 = CARTESIAN_POINT('',(-1.526674965957,-0.43242531156));
#3716 = CARTESIAN_POINT('',(-1.512307621637,-0.429398965838));
#3717 = CARTESIAN_POINT('',(-1.498294262425,-0.425440031849));
#3718 = CARTESIAN_POINT('',(-1.484715663712,-0.420619035895));
#3719 = CARTESIAN_POINT('',(-1.471633833357,-0.415016276971));
#3720 = CARTESIAN_POINT('',(-1.450853082295,-0.404580240919));
#3721 = CARTESIAN_POINT('',(-1.442841886629,-0.400139415156));
#3722 = CARTESIAN_POINT('',(-1.43506952626,-0.395418427761));
#3723 = CARTESIAN_POINT('',(-1.427541697919,-0.39043913302));
#3724 = CARTESIAN_POINT('',(-1.420261045079,-0.38522266929));
#3725 = CARTESIAN_POINT('',(-1.413227635339,-0.379789044032));
#3726 = CARTESIAN_POINT('',(-1.406439437825,-0.37415671883));
#3727 = CARTESIAN_POINT('',(-1.390879416775,-0.36033678062));
#3728 = CARTESIAN_POINT('',(-1.382325399778,-0.351987348612));
#3729 = CARTESIAN_POINT('',(-1.374219616241,-0.343336323608));
#3730 = CARTESIAN_POINT('',(-1.366548253427,-0.334421815034));
#3731 = CARTESIAN_POINT('',(-1.359295494949,-0.325277470019));
#3732 = CARTESIAN_POINT('',(-1.352444196518,-0.315932326885));
#3733 = CARTESIAN_POINT('',(-1.345976561682,-0.306410668633));
#3734 = CARTESIAN_POINT('',(-1.318447357873,-0.262742917483));
#3735 = CARTESIAN_POINT('',(-1.301605076299,-0.226933324916));
#3736 = CARTESIAN_POINT('',(-1.28843563316,-0.190023754839));
#3737 = CARTESIAN_POINT('',(-1.278445120757,-0.152453686852));
#3738 = CARTESIAN_POINT('',(-1.271203880702,-0.114543670365));
#3739 = CARTESIAN_POINT('',(-1.266472639365,-7.64671409869E-02));
#3740 = CARTESIAN_POINT('',(-1.264090554434,-3.830343753073E-02));
#3741 = CARTESIAN_POINT('',(-1.264090554434,0.));
#3742 = ( GEOMETRIC_REPRESENTATION_CONTEXT(2) 
PARAMETRIC_REPRESENTATION_CONTEXT() REPRESENTATION_CONTEXT('2D SPACE',''
  ) );
#3743 = PCURVE('',#1987,#3744);
#3744 = DEFINITIONAL_REPRESENTATION('',(#3745),#3776);
#3745 = B_SPLINE_CURVE_WITH_KNOTS('',8,(#3746,#3747,#3748,#3749,#3750,
    #3751,#3752,#3753,#3754,#3755,#3756,#3757,#3758,#3759,#3760,#3761,
    #3762,#3763,#3764,#3765,#3766,#3767,#3768,#3769,#3770,#3771,#3772,
    #3773,#3774,#3775),.UNSPECIFIED.,.F.,.F.,(9,7,7,7,9),(0.,
    0.174238521606,0.288741826598,0.446389515798,1.),.UNSPECIFIED.);
#3746 = CARTESIAN_POINT('',(-1.570796326795,21.132771680782));
#3747 = CARTESIAN_POINT('',(-1.557425812551,21.132771680782));
#3748 = CARTESIAN_POINT('',(-1.544049133927,21.131386419114));
#3749 = CARTESIAN_POINT('',(-1.530768395963,21.128614155437));
#3750 = CARTESIAN_POINT('',(-1.517668232649,21.124494586893));
#3751 = CARTESIAN_POINT('',(-1.504819472083,21.119095660047));
#3752 = CARTESIAN_POINT('',(-1.492281686211,21.112504022912));
#3753 = CARTESIAN_POINT('',(-1.480104625125,21.104819117066));
#3754 = CARTESIAN_POINT('',(-1.460589712638,21.090454475085));
#3755 = CARTESIAN_POINT('',(-1.453019919526,21.084330260178));
#3756 = CARTESIAN_POINT('',(-1.445627146565,21.077805887935));
#3757 = CARTESIAN_POINT('',(-1.438417183748,21.070908770427));
#3758 = CARTESIAN_POINT('',(-1.431393861594,21.063665577995));
#3759 = CARTESIAN_POINT('',(-1.424559291639,21.05610170824));
#3760 = CARTESIAN_POINT('',(-1.417914106929,21.048240755014));
#3761 = CARTESIAN_POINT('',(-1.40256855091,21.028901294784));
#3762 = CARTESIAN_POINT('',(-1.394038660985,21.01717765726));
#3763 = CARTESIAN_POINT('',(-1.385865071876,21.004987515973));
#3764 = CARTESIAN_POINT('',(-1.378043228663,20.992380619691));
#3765 = CARTESIAN_POINT('',(-1.370567186032,20.979401636915));
#3766 = CARTESIAN_POINT('',(-1.36342981196,20.96608977797));
#3767 = CARTESIAN_POINT('',(-1.356622991382,20.952478417093));
#3768 = CARTESIAN_POINT('',(-1.327363925436,20.889839396029));
#3769 = CARTESIAN_POINT('',(-1.308634928758,20.8378934011));
#3770 = CARTESIAN_POINT('',(-1.293429382086,20.783767789054));
#3771 = CARTESIAN_POINT('',(-1.281556602421,20.72817068053));
#3772 = CARTESIAN_POINT('',(-1.272790305715,20.671687030938));
#3773 = CARTESIAN_POINT('',(-1.267003630186,20.614700719398));
#3774 = CARTESIAN_POINT('',(-1.264090554434,20.557455156296));
#3775 = CARTESIAN_POINT('',(-1.264090554434,20.5));
#3776 = ( GEOMETRIC_REPRESENTATION_CONTEXT(2) 
PARAMETRIC_REPRESENTATION_CONTEXT() REPRESENTATION_CONTEXT('2D SPACE',''
  ) );
#3777 = ORIENTED_EDGE('',*,*,#3778,.F.);
#3778 = EDGE_CURVE('',#1547,#3675,#3779,.T.);
#3779 = SURFACE_CURVE('',#3780,(#3785,#3792),.PCURVE_S1.);
#3780 = CIRCLE('',#3781,1.5);
#3781 = AXIS2_PLACEMENT_3D('',#3782,#3783,#3784);
#3782 = CARTESIAN_POINT('',(150.95,0.5,8.57));
#3783 = DIRECTION('',(0.,1.,0.));
#3784 = DIRECTION('',(-1.,0.,0.));
#3785 = PCURVE('',#1507,#3786);
#3786 = DEFINITIONAL_REPRESENTATION('',(#3787),#3791);
#3787 = LINE('',#3788,#3789);
#3788 = CARTESIAN_POINT('',(-0.,0.));
#3789 = VECTOR('',#3790,1.);
#3790 = DIRECTION('',(-1.,0.));
#3791 = ( GEOMETRIC_REPRESENTATION_CONTEXT(2) 
PARAMETRIC_REPRESENTATION_CONTEXT() REPRESENTATION_CONTEXT('2D SPACE',''
  ) );
#3792 = PCURVE('',#3793,#3798);
#3793 = CYLINDRICAL_SURFACE('',#3794,1.5);
#3794 = AXIS2_PLACEMENT_3D('',#3795,#3796,#3797);
#3795 = CARTESIAN_POINT('',(150.95,-38.,8.57));
#3796 = DIRECTION('',(0.,1.,0.));
#3797 = DIRECTION('',(-1.,0.,0.));
#3798 = DEFINITIONAL_REPRESENTATION('',(#3799),#3803);
#3799 = LINE('',#3800,#3801);
#3800 = CARTESIAN_POINT('',(0.,38.5));
#3801 = VECTOR('',#3802,1.);
#3802 = DIRECTION('',(1.,0.));
#3803 = ( GEOMETRIC_REPRESENTATION_CONTEXT(2) 
PARAMETRIC_REPRESENTATION_CONTEXT() REPRESENTATION_CONTEXT('2D SPACE',''
  ) );
#3804 = ADVANCED_FACE('',(#3805,#3904),#1562,.F.);
#3805 = FACE_BOUND('',#3806,.F.);
#3806 = EDGE_LOOP('',(#3807,#3837,#3858,#3859,#3860,#3881,#3882,#3883));
#3807 = ORIENTED_EDGE('',*,*,#3808,.F.);
#3808 = EDGE_CURVE('',#3809,#3811,#3813,.T.);
#3809 = VERTEX_POINT('',#3810);
#3810 = CARTESIAN_POINT('',(149.45,-36.5,-8.57));
#3811 = VERTEX_POINT('',#3812);
#3812 = CARTESIAN_POINT('',(149.45,-36.5,8.57));
#3813 = SURFACE_CURVE('',#3814,(#3818,#3825),.PCURVE_S1.);
#3814 = LINE('',#3815,#3816);
#3815 = CARTESIAN_POINT('',(149.45,-36.5,-10.07));
#3816 = VECTOR('',#3817,1.);
#3817 = DIRECTION('',(0.,0.,1.));
#3818 = PCURVE('',#1562,#3819);
#3819 = DEFINITIONAL_REPRESENTATION('',(#3820),#3824);
#3820 = LINE('',#3821,#3822);
#3821 = CARTESIAN_POINT('',(0.,-1.5));
#3822 = VECTOR('',#3823,1.);
#3823 = DIRECTION('',(1.,0.));
#3824 = ( GEOMETRIC_REPRESENTATION_CONTEXT(2) 
PARAMETRIC_REPRESENTATION_CONTEXT() REPRESENTATION_CONTEXT('2D SPACE',''
  ) );
#3825 = PCURVE('',#3826,#3831);
#3826 = CYLINDRICAL_SURFACE('',#3827,1.5);
#3827 = AXIS2_PLACEMENT_3D('',#3828,#3829,#3830);
#3828 = CARTESIAN_POINT('',(150.95,-36.5,-10.07));
#3829 = DIRECTION('',(0.,0.,1.));
#3830 = DIRECTION('',(-1.,-0.,0.));
#3831 = DEFINITIONAL_REPRESENTATION('',(#3832),#3836);
#3832 = LINE('',#3833,#3834);
#3833 = CARTESIAN_POINT('',(0.,0.));
#3834 = VECTOR('',#3835,1.);
#3835 = DIRECTION('',(0.,1.));
#3836 = ( GEOMETRIC_REPRESENTATION_CONTEXT(2) 
PARAMETRIC_REPRESENTATION_CONTEXT() REPRESENTATION_CONTEXT('2D SPACE',''
  ) );
#3837 = ORIENTED_EDGE('',*,*,#3838,.T.);
#3838 = EDGE_CURVE('',#3809,#1924,#3839,.T.);
#3839 = SURFACE_CURVE('',#3840,(#3844,#3851),.PCURVE_S1.);
#3840 = LINE('',#3841,#3842);
#3841 = CARTESIAN_POINT('',(149.45,-38.,-8.57));
#3842 = VECTOR('',#3843,1.);
#3843 = DIRECTION('',(0.,1.,0.));
#3844 = PCURVE('',#1562,#3845);
#3845 = DEFINITIONAL_REPRESENTATION('',(#3846),#3850);
#3846 = LINE('',#3847,#3848);
#3847 = CARTESIAN_POINT('',(1.5,0.));
#3848 = VECTOR('',#3849,1.);
#3849 = DIRECTION('',(0.,-1.));
#3850 = ( GEOMETRIC_REPRESENTATION_CONTEXT(2) 
PARAMETRIC_REPRESENTATION_CONTEXT() REPRESENTATION_CONTEXT('2D SPACE',''
  ) );
#3851 = PCURVE('',#3093,#3852);
#3852 = DEFINITIONAL_REPRESENTATION('',(#3853),#3857);
#3853 = LINE('',#3854,#3855);
#3854 = CARTESIAN_POINT('',(-0.,0.));
#3855 = VECTOR('',#3856,1.);
#3856 = DIRECTION('',(-0.,1.));
#3857 = ( GEOMETRIC_REPRESENTATION_CONTEXT(2) 
PARAMETRIC_REPRESENTATION_CONTEXT() REPRESENTATION_CONTEXT('2D SPACE',''
  ) );
#3858 = ORIENTED_EDGE('',*,*,#1923,.T.);
#3859 = ORIENTED_EDGE('',*,*,#1873,.F.);
#3860 = ORIENTED_EDGE('',*,*,#3861,.F.);
#3861 = EDGE_CURVE('',#1681,#1851,#3862,.T.);
#3862 = SURFACE_CURVE('',#3863,(#3867,#3874),.PCURVE_S1.);
#3863 = LINE('',#3864,#3865);
#3864 = CARTESIAN_POINT('',(149.45,-11.,-9.035));
#3865 = VECTOR('',#3866,1.);
#3866 = DIRECTION('',(0.,0.,-1.));
#3867 = PCURVE('',#1562,#3868);
#3868 = DEFINITIONAL_REPRESENTATION('',(#3869),#3873);
#3869 = LINE('',#3870,#3871);
#3870 = CARTESIAN_POINT('',(1.035,-27.));
#3871 = VECTOR('',#3872,1.);
#3872 = DIRECTION('',(-1.,0.));
#3873 = ( GEOMETRIC_REPRESENTATION_CONTEXT(2) 
PARAMETRIC_REPRESENTATION_CONTEXT() REPRESENTATION_CONTEXT('2D SPACE',''
  ) );
#3874 = PCURVE('',#1696,#3875);
#3875 = DEFINITIONAL_REPRESENTATION('',(#3876),#3880);
#3876 = LINE('',#3877,#3878);
#3877 = CARTESIAN_POINT('',(-1.035,51.45));
#3878 = VECTOR('',#3879,1.);
#3879 = DIRECTION('',(-1.,0.));
#3880 = ( GEOMETRIC_REPRESENTATION_CONTEXT(2) 
PARAMETRIC_REPRESENTATION_CONTEXT() REPRESENTATION_CONTEXT('2D SPACE',''
  ) );
#3881 = ORIENTED_EDGE('',*,*,#1708,.T.);
#3882 = ORIENTED_EDGE('',*,*,#1544,.T.);
#3883 = ORIENTED_EDGE('',*,*,#3884,.F.);
#3884 = EDGE_CURVE('',#3811,#1547,#3885,.T.);
#3885 = SURFACE_CURVE('',#3886,(#3890,#3897),.PCURVE_S1.);
#3886 = LINE('',#3887,#3888);
#3887 = CARTESIAN_POINT('',(149.45,-38.,8.57));
#3888 = VECTOR('',#3889,1.);
#3889 = DIRECTION('',(0.,1.,0.));
#3890 = PCURVE('',#1562,#3891);
#3891 = DEFINITIONAL_REPRESENTATION('',(#3892),#3896);
#3892 = LINE('',#3893,#3894);
#3893 = CARTESIAN_POINT('',(18.64,0.));
#3894 = VECTOR('',#3895,1.);
#3895 = DIRECTION('',(0.,-1.));
#3896 = ( GEOMETRIC_REPRESENTATION_CONTEXT(2) 
PARAMETRIC_REPRESENTATION_CONTEXT() REPRESENTATION_CONTEXT('2D SPACE',''
  ) );
#3897 = PCURVE('',#3793,#3898);
#3898 = DEFINITIONAL_REPRESENTATION('',(#3899),#3903);
#3899 = LINE('',#3900,#3901);
#3900 = CARTESIAN_POINT('',(0.,0.));
#3901 = VECTOR('',#3902,1.);
#3902 = DIRECTION('',(0.,1.));
#3903 = ( GEOMETRIC_REPRESENTATION_CONTEXT(2) 
PARAMETRIC_REPRESENTATION_CONTEXT() REPRESENTATION_CONTEXT('2D SPACE',''
  ) );
#3904 = FACE_BOUND('',#3905,.F.);
#3905 = EDGE_LOOP('',(#3906,#3936,#3964,#3992));
#3906 = ORIENTED_EDGE('',*,*,#3907,.F.);
#3907 = EDGE_CURVE('',#3908,#3910,#3912,.T.);
#3908 = VERTEX_POINT('',#3909);
#3909 = CARTESIAN_POINT('',(149.45,-19.5,-3.));
#3910 = VERTEX_POINT('',#3911);
#3911 = CARTESIAN_POINT('',(149.45,-16.5,-3.));
#3912 = SURFACE_CURVE('',#3913,(#3917,#3924),.PCURVE_S1.);
#3913 = LINE('',#3914,#3915);
#3914 = CARTESIAN_POINT('',(149.45,-19.5,-3.));
#3915 = VECTOR('',#3916,1.);
#3916 = DIRECTION('',(0.,1.,0.));
#3917 = PCURVE('',#1562,#3918);
#3918 = DEFINITIONAL_REPRESENTATION('',(#3919),#3923);
#3919 = LINE('',#3920,#3921);
#3920 = CARTESIAN_POINT('',(7.07,-18.5));
#3921 = VECTOR('',#3922,1.);
#3922 = DIRECTION('',(0.,-1.));
#3923 = ( GEOMETRIC_REPRESENTATION_CONTEXT(2) 
PARAMETRIC_REPRESENTATION_CONTEXT() REPRESENTATION_CONTEXT('2D SPACE',''
  ) );
#3924 = PCURVE('',#3925,#3930);
#3925 = PLANE('',#3926);
#3926 = AXIS2_PLACEMENT_3D('',#3927,#3928,#3929);
#3927 = CARTESIAN_POINT('',(149.45,-19.5,-3.));
#3928 = DIRECTION('',(0.,0.,1.));
#3929 = DIRECTION('',(0.,1.,0.));
#3930 = DEFINITIONAL_REPRESENTATION('',(#3931),#3935);
#3931 = LINE('',#3932,#3933);
#3932 = CARTESIAN_POINT('',(0.,0.));
#3933 = VECTOR('',#3934,1.);
#3934 = DIRECTION('',(1.,0.));
#3935 = ( GEOMETRIC_REPRESENTATION_CONTEXT(2) 
PARAMETRIC_REPRESENTATION_CONTEXT() REPRESENTATION_CONTEXT('2D SPACE',''
  ) );
#3936 = ORIENTED_EDGE('',*,*,#3937,.F.);
#3937 = EDGE_CURVE('',#3938,#3908,#3940,.T.);
#3938 = VERTEX_POINT('',#3939);
#3939 = CARTESIAN_POINT('',(149.45,-19.5,3.));
#3940 = SURFACE_CURVE('',#3941,(#3945,#3952),.PCURVE_S1.);
#3941 = LINE('',#3942,#3943);
#3942 = CARTESIAN_POINT('',(149.45,-19.5,3.));
#3943 = VECTOR('',#3944,1.);
#3944 = DIRECTION('',(0.,0.,-1.));
#3945 = PCURVE('',#1562,#3946);
#3946 = DEFINITIONAL_REPRESENTATION('',(#3947),#3951);
#3947 = LINE('',#3948,#3949);
#3948 = CARTESIAN_POINT('',(13.07,-18.5));
#3949 = VECTOR('',#3950,1.);
#3950 = DIRECTION('',(-1.,0.));
#3951 = ( GEOMETRIC_REPRESENTATION_CONTEXT(2) 
PARAMETRIC_REPRESENTATION_CONTEXT() REPRESENTATION_CONTEXT('2D SPACE',''
  ) );
#3952 = PCURVE('',#3953,#3958);
#3953 = PLANE('',#3954);
#3954 = AXIS2_PLACEMENT_3D('',#3955,#3956,#3957);
#3955 = CARTESIAN_POINT('',(149.45,-19.5,3.));
#3956 = DIRECTION('',(-0.,1.,0.));
#3957 = DIRECTION('',(0.,0.,-1.));
#3958 = DEFINITIONAL_REPRESENTATION('',(#3959),#3963);
#3959 = LINE('',#3960,#3961);
#3960 = CARTESIAN_POINT('',(0.,0.));
#3961 = VECTOR('',#3962,1.);
#3962 = DIRECTION('',(1.,0.));
#3963 = ( GEOMETRIC_REPRESENTATION_CONTEXT(2) 
PARAMETRIC_REPRESENTATION_CONTEXT() REPRESENTATION_CONTEXT('2D SPACE',''
  ) );
#3964 = ORIENTED_EDGE('',*,*,#3965,.F.);
#3965 = EDGE_CURVE('',#3966,#3938,#3968,.T.);
#3966 = VERTEX_POINT('',#3967);
#3967 = CARTESIAN_POINT('',(149.45,-16.5,3.));
#3968 = SURFACE_CURVE('',#3969,(#3973,#3980),.PCURVE_S1.);
#3969 = LINE('',#3970,#3971);
#3970 = CARTESIAN_POINT('',(149.45,-16.5,3.));
#3971 = VECTOR('',#3972,1.);
#3972 = DIRECTION('',(0.,-1.,0.));
#3973 = PCURVE('',#1562,#3974);
#3974 = DEFINITIONAL_REPRESENTATION('',(#3975),#3979);
#3975 = LINE('',#3976,#3977);
#3976 = CARTESIAN_POINT('',(13.07,-21.5));
#3977 = VECTOR('',#3978,1.);
#3978 = DIRECTION('',(0.,1.));
#3979 = ( GEOMETRIC_REPRESENTATION_CONTEXT(2) 
PARAMETRIC_REPRESENTATION_CONTEXT() REPRESENTATION_CONTEXT('2D SPACE',''
  ) );
#3980 = PCURVE('',#3981,#3986);
#3981 = PLANE('',#3982);
#3982 = AXIS2_PLACEMENT_3D('',#3983,#3984,#3985);
#3983 = CARTESIAN_POINT('',(149.45,-16.5,3.));
#3984 = DIRECTION('',(0.,0.,-1.));
#3985 = DIRECTION('',(0.,-1.,0.));
#3986 = DEFINITIONAL_REPRESENTATION('',(#3987),#3991);
#3987 = LINE('',#3988,#3989);
#3988 = CARTESIAN_POINT('',(0.,-0.));
#3989 = VECTOR('',#3990,1.);
#3990 = DIRECTION('',(1.,0.));
#3991 = ( GEOMETRIC_REPRESENTATION_CONTEXT(2) 
PARAMETRIC_REPRESENTATION_CONTEXT() REPRESENTATION_CONTEXT('2D SPACE',''
  ) );
#3992 = ORIENTED_EDGE('',*,*,#3993,.F.);
#3993 = EDGE_CURVE('',#3910,#3966,#3994,.T.);
#3994 = SURFACE_CURVE('',#3995,(#3999,#4006),.PCURVE_S1.);
#3995 = LINE('',#3996,#3997);
#3996 = CARTESIAN_POINT('',(149.45,-16.5,-3.));
#3997 = VECTOR('',#3998,1.);
#3998 = DIRECTION('',(0.,0.,1.));
#3999 = PCURVE('',#1562,#4000);
#4000 = DEFINITIONAL_REPRESENTATION('',(#4001),#4005);
#4001 = LINE('',#4002,#4003);
#4002 = CARTESIAN_POINT('',(7.07,-21.5));
#4003 = VECTOR('',#4004,1.);
#4004 = DIRECTION('',(1.,0.));
#4005 = ( GEOMETRIC_REPRESENTATION_CONTEXT(2) 
PARAMETRIC_REPRESENTATION_CONTEXT() REPRESENTATION_CONTEXT('2D SPACE',''
  ) );
#4006 = PCURVE('',#4007,#4012);
#4007 = PLANE('',#4008);
#4008 = AXIS2_PLACEMENT_3D('',#4009,#4010,#4011);
#4009 = CARTESIAN_POINT('',(149.45,-16.5,-3.));
#4010 = DIRECTION('',(0.,-1.,0.));
#4011 = DIRECTION('',(0.,0.,1.));
#4012 = DEFINITIONAL_REPRESENTATION('',(#4013),#4017);
#4013 = LINE('',#4014,#4015);
#4014 = CARTESIAN_POINT('',(0.,0.));
#4015 = VECTOR('',#4016,1.);
#4016 = DIRECTION('',(1.,0.));
#4017 = ( GEOMETRIC_REPRESENTATION_CONTEXT(2) 
PARAMETRIC_REPRESENTATION_CONTEXT() REPRESENTATION_CONTEXT('2D SPACE',''
  ) );
#4018 = ADVANCED_FACE('',(#4019),#1640,.T.);
#4019 = FACE_BOUND('',#4020,.T.);
#4020 = EDGE_LOOP('',(#4021,#4022,#4043,#4044));
#4021 = ORIENTED_EDGE('',*,*,#1804,.F.);
#4022 = ORIENTED_EDGE('',*,*,#4023,.F.);
#4023 = EDGE_CURVE('',#1623,#1805,#4024,.T.);
#4024 = SURFACE_CURVE('',#4025,(#4029,#4036),.PCURVE_S1.);
#4025 = LINE('',#4026,#4027);
#4026 = CARTESIAN_POINT('',(146.,11.,-9.5));
#4027 = VECTOR('',#4028,1.);
#4028 = DIRECTION('',(0.,0.,-1.));
#4029 = PCURVE('',#1640,#4030);
#4030 = DEFINITIONAL_REPRESENTATION('',(#4031),#4035);
#4031 = LINE('',#4032,#4033);
#4032 = CARTESIAN_POINT('',(-1.5,48.));
#4033 = VECTOR('',#4034,1.);
#4034 = DIRECTION('',(-1.,0.));
#4035 = ( GEOMETRIC_REPRESENTATION_CONTEXT(2) 
PARAMETRIC_REPRESENTATION_CONTEXT() REPRESENTATION_CONTEXT('2D SPACE',''
  ) );
#4036 = PCURVE('',#1668,#4037);
#4037 = DEFINITIONAL_REPRESENTATION('',(#4038),#4042);
#4038 = LINE('',#4039,#4040);
#4039 = CARTESIAN_POINT('',(1.5,-27.));
#4040 = VECTOR('',#4041,1.);
#4041 = DIRECTION('',(-1.,0.));
#4042 = ( GEOMETRIC_REPRESENTATION_CONTEXT(2) 
PARAMETRIC_REPRESENTATION_CONTEXT() REPRESENTATION_CONTEXT('2D SPACE',''
  ) );
#4043 = ORIENTED_EDGE('',*,*,#1622,.T.);
#4044 = ORIENTED_EDGE('',*,*,#1780,.F.);
#4045 = ADVANCED_FACE('',(#4046),#1696,.F.);
#4046 = FACE_BOUND('',#4047,.F.);
#4047 = EDGE_LOOP('',(#4048,#4049,#4070,#4071));
#4048 = ORIENTED_EDGE('',*,*,#1850,.F.);
#4049 = ORIENTED_EDGE('',*,*,#4050,.F.);
#4050 = EDGE_CURVE('',#1653,#1828,#4051,.T.);
#4051 = SURFACE_CURVE('',#4052,(#4056,#4063),.PCURVE_S1.);
#4052 = LINE('',#4053,#4054);
#4053 = CARTESIAN_POINT('',(146.,-11.,-9.5));
#4054 = VECTOR('',#4055,1.);
#4055 = DIRECTION('',(0.,0.,-1.));
#4056 = PCURVE('',#1696,#4057);
#4057 = DEFINITIONAL_REPRESENTATION('',(#4058),#4062);
#4058 = LINE('',#4059,#4060);
#4059 = CARTESIAN_POINT('',(-1.5,48.));
#4060 = VECTOR('',#4061,1.);
#4061 = DIRECTION('',(-1.,0.));
#4062 = ( GEOMETRIC_REPRESENTATION_CONTEXT(2) 
PARAMETRIC_REPRESENTATION_CONTEXT() REPRESENTATION_CONTEXT('2D SPACE',''
  ) );
#4063 = PCURVE('',#1668,#4064);
#4064 = DEFINITIONAL_REPRESENTATION('',(#4065),#4069);
#4065 = LINE('',#4066,#4067);
#4066 = CARTESIAN_POINT('',(1.5,-5.));
#4067 = VECTOR('',#4068,1.);
#4068 = DIRECTION('',(-1.,0.));
#4069 = ( GEOMETRIC_REPRESENTATION_CONTEXT(2) 
PARAMETRIC_REPRESENTATION_CONTEXT() REPRESENTATION_CONTEXT('2D SPACE',''
  ) );
#4070 = ORIENTED_EDGE('',*,*,#1680,.T.);
#4071 = ORIENTED_EDGE('',*,*,#3861,.T.);
#4072 = ADVANCED_FACE('',(#4073,#4299),#1668,.T.);
#4073 = FACE_BOUND('',#4074,.T.);
#4074 = EDGE_LOOP('',(#4075,#4105,#4133,#4161,#4189,#4217,#4245,#4273));
#4075 = ORIENTED_EDGE('',*,*,#4076,.F.);
#4076 = EDGE_CURVE('',#4077,#4079,#4081,.T.);
#4077 = VERTEX_POINT('',#4078);
#4078 = CARTESIAN_POINT('',(146.,-16.,-9.));
#4079 = VERTEX_POINT('',#4080);
#4080 = CARTESIAN_POINT('',(146.,-16.,9.));
#4081 = SURFACE_CURVE('',#4082,(#4086,#4093),.PCURVE_S1.);
#4082 = LINE('',#4083,#4084);
#4083 = CARTESIAN_POINT('',(146.,-16.,-11.));
#4084 = VECTOR('',#4085,1.);
#4085 = DIRECTION('',(0.,0.,1.));
#4086 = PCURVE('',#1668,#4087);
#4087 = DEFINITIONAL_REPRESENTATION('',(#4088),#4092);
#4088 = LINE('',#4089,#4090);
#4089 = CARTESIAN_POINT('',(0.,0.));
#4090 = VECTOR('',#4091,1.);
#4091 = DIRECTION('',(1.,0.));
#4092 = ( GEOMETRIC_REPRESENTATION_CONTEXT(2) 
PARAMETRIC_REPRESENTATION_CONTEXT() REPRESENTATION_CONTEXT('2D SPACE',''
  ) );
#4093 = PCURVE('',#4094,#4099);
#4094 = PLANE('',#4095);
#4095 = AXIS2_PLACEMENT_3D('',#4096,#4097,#4098);
#4096 = CARTESIAN_POINT('',(128.,-16.,-11.));
#4097 = DIRECTION('',(0.,1.,0.));
#4098 = DIRECTION('',(0.,0.,1.));
#4099 = DEFINITIONAL_REPRESENTATION('',(#4100),#4104);
#4100 = LINE('',#4101,#4102);
#4101 = CARTESIAN_POINT('',(0.,18.));
#4102 = VECTOR('',#4103,1.);
#4103 = DIRECTION('',(1.,0.));
#4104 = ( GEOMETRIC_REPRESENTATION_CONTEXT(2) 
PARAMETRIC_REPRESENTATION_CONTEXT() REPRESENTATION_CONTEXT('2D SPACE',''
  ) );
#4105 = ORIENTED_EDGE('',*,*,#4106,.T.);
#4106 = EDGE_CURVE('',#4077,#4107,#4109,.T.);
#4107 = VERTEX_POINT('',#4108);
#4108 = CARTESIAN_POINT('',(146.,-3.04138126515,-9.));
#4109 = SURFACE_CURVE('',#4110,(#4114,#4121),.PCURVE_S1.);
#4110 = LINE('',#4111,#4112);
#4111 = CARTESIAN_POINT('',(146.,-16.,-9.));
#4112 = VECTOR('',#4113,1.);
#4113 = DIRECTION('',(0.,1.,0.));
#4114 = PCURVE('',#1668,#4115);
#4115 = DEFINITIONAL_REPRESENTATION('',(#4116),#4120);
#4116 = LINE('',#4117,#4118);
#4117 = CARTESIAN_POINT('',(2.,0.));
#4118 = VECTOR('',#4119,1.);
#4119 = DIRECTION('',(0.,-1.));
#4120 = ( GEOMETRIC_REPRESENTATION_CONTEXT(2) 
PARAMETRIC_REPRESENTATION_CONTEXT() REPRESENTATION_CONTEXT('2D SPACE',''
  ) );
#4121 = PCURVE('',#4122,#4127);
#4122 = CYLINDRICAL_SURFACE('',#4123,2.);
#4123 = AXIS2_PLACEMENT_3D('',#4124,#4125,#4126);
#4124 = CARTESIAN_POINT('',(144.,-16.,-9.));
#4125 = DIRECTION('',(0.,1.,0.));
#4126 = DIRECTION('',(1.,0.,-0.));
#4127 = DEFINITIONAL_REPRESENTATION('',(#4128),#4132);
#4128 = LINE('',#4129,#4130);
#4129 = CARTESIAN_POINT('',(0.,0.));
#4130 = VECTOR('',#4131,1.);
#4131 = DIRECTION('',(0.,1.));
#4132 = ( GEOMETRIC_REPRESENTATION_CONTEXT(2) 
PARAMETRIC_REPRESENTATION_CONTEXT() REPRESENTATION_CONTEXT('2D SPACE',''
  ) );
#4133 = ORIENTED_EDGE('',*,*,#4134,.T.);
#4134 = EDGE_CURVE('',#4107,#4135,#4137,.T.);
#4135 = VERTEX_POINT('',#4136);
#4136 = CARTESIAN_POINT('',(146.,3.04138126515,-9.));
#4137 = SURFACE_CURVE('',#4138,(#4142,#4149),.PCURVE_S1.);
#4138 = LINE('',#4139,#4140);
#4139 = CARTESIAN_POINT('',(146.,-16.,-9.));
#4140 = VECTOR('',#4141,1.);
#4141 = DIRECTION('',(0.,1.,0.));
#4142 = PCURVE('',#1668,#4143);
#4143 = DEFINITIONAL_REPRESENTATION('',(#4144),#4148);
#4144 = LINE('',#4145,#4146);
#4145 = CARTESIAN_POINT('',(2.,0.));
#4146 = VECTOR('',#4147,1.);
#4147 = DIRECTION('',(0.,-1.));
#4148 = ( GEOMETRIC_REPRESENTATION_CONTEXT(2) 
PARAMETRIC_REPRESENTATION_CONTEXT() REPRESENTATION_CONTEXT('2D SPACE',''
  ) );
#4149 = PCURVE('',#4150,#4155);
#4150 = PLANE('',#4151);
#4151 = AXIS2_PLACEMENT_3D('',#4152,#4153,#4154);
#4152 = CARTESIAN_POINT('',(137.,1.879594466024E-16,-9.));
#4153 = DIRECTION('',(0.,0.,1.));
#4154 = DIRECTION('',(1.,0.,-0.));
#4155 = DEFINITIONAL_REPRESENTATION('',(#4156),#4160);
#4156 = LINE('',#4157,#4158);
#4157 = CARTESIAN_POINT('',(9.,-16.));
#4158 = VECTOR('',#4159,1.);
#4159 = DIRECTION('',(0.,1.));
#4160 = ( GEOMETRIC_REPRESENTATION_CONTEXT(2) 
PARAMETRIC_REPRESENTATION_CONTEXT() REPRESENTATION_CONTEXT('2D SPACE',''
  ) );
#4161 = ORIENTED_EDGE('',*,*,#4162,.T.);
#4162 = EDGE_CURVE('',#4135,#4163,#4165,.T.);
#4163 = VERTEX_POINT('',#4164);
#4164 = CARTESIAN_POINT('',(146.,16.,-9.));
#4165 = SURFACE_CURVE('',#4166,(#4170,#4177),.PCURVE_S1.);
#4166 = LINE('',#4167,#4168);
#4167 = CARTESIAN_POINT('',(146.,-16.,-9.));
#4168 = VECTOR('',#4169,1.);
#4169 = DIRECTION('',(0.,1.,0.));
#4170 = PCURVE('',#1668,#4171);
#4171 = DEFINITIONAL_REPRESENTATION('',(#4172),#4176);
#4172 = LINE('',#4173,#4174);
#4173 = CARTESIAN_POINT('',(2.,0.));
#4174 = VECTOR('',#4175,1.);
#4175 = DIRECTION('',(0.,-1.));
#4176 = ( GEOMETRIC_REPRESENTATION_CONTEXT(2) 
PARAMETRIC_REPRESENTATION_CONTEXT() REPRESENTATION_CONTEXT('2D SPACE',''
  ) );
#4177 = PCURVE('',#4178,#4183);
#4178 = CYLINDRICAL_SURFACE('',#4179,2.);
#4179 = AXIS2_PLACEMENT_3D('',#4180,#4181,#4182);
#4180 = CARTESIAN_POINT('',(144.,-16.,-9.));
#4181 = DIRECTION('',(0.,1.,0.));
#4182 = DIRECTION('',(1.,0.,-0.));
#4183 = DEFINITIONAL_REPRESENTATION('',(#4184),#4188);
#4184 = LINE('',#4185,#4186);
#4185 = CARTESIAN_POINT('',(0.,0.));
#4186 = VECTOR('',#4187,1.);
#4187 = DIRECTION('',(0.,1.));
#4188 = ( GEOMETRIC_REPRESENTATION_CONTEXT(2) 
PARAMETRIC_REPRESENTATION_CONTEXT() REPRESENTATION_CONTEXT('2D SPACE',''
  ) );
#4189 = ORIENTED_EDGE('',*,*,#4190,.T.);
#4190 = EDGE_CURVE('',#4163,#4191,#4193,.T.);
#4191 = VERTEX_POINT('',#4192);
#4192 = CARTESIAN_POINT('',(146.,16.,9.));
#4193 = SURFACE_CURVE('',#4194,(#4198,#4205),.PCURVE_S1.);
#4194 = LINE('',#4195,#4196);
#4195 = CARTESIAN_POINT('',(146.,16.,-11.));
#4196 = VECTOR('',#4197,1.);
#4197 = DIRECTION('',(0.,0.,1.));
#4198 = PCURVE('',#1668,#4199);
#4199 = DEFINITIONAL_REPRESENTATION('',(#4200),#4204);
#4200 = LINE('',#4201,#4202);
#4201 = CARTESIAN_POINT('',(0.,-32.));
#4202 = VECTOR('',#4203,1.);
#4203 = DIRECTION('',(1.,0.));
#4204 = ( GEOMETRIC_REPRESENTATION_CONTEXT(2) 
PARAMETRIC_REPRESENTATION_CONTEXT() REPRESENTATION_CONTEXT('2D SPACE',''
  ) );
#4205 = PCURVE('',#4206,#4211);
#4206 = PLANE('',#4207);
#4207 = AXIS2_PLACEMENT_3D('',#4208,#4209,#4210);
#4208 = CARTESIAN_POINT('',(128.,16.,-11.));
#4209 = DIRECTION('',(0.,1.,0.));
#4210 = DIRECTION('',(0.,0.,1.));
#4211 = DEFINITIONAL_REPRESENTATION('',(#4212),#4216);
#4212 = LINE('',#4213,#4214);
#4213 = CARTESIAN_POINT('',(0.,18.));
#4214 = VECTOR('',#4215,1.);
#4215 = DIRECTION('',(1.,0.));
#4216 = ( GEOMETRIC_REPRESENTATION_CONTEXT(2) 
PARAMETRIC_REPRESENTATION_CONTEXT() REPRESENTATION_CONTEXT('2D SPACE',''
  ) );
#4217 = ORIENTED_EDGE('',*,*,#4218,.F.);
#4218 = EDGE_CURVE('',#4219,#4191,#4221,.T.);
#4219 = VERTEX_POINT('',#4220);
#4220 = CARTESIAN_POINT('',(146.,3.04138126515,9.));
#4221 = SURFACE_CURVE('',#4222,(#4226,#4233),.PCURVE_S1.);
#4222 = LINE('',#4223,#4224);
#4223 = CARTESIAN_POINT('',(146.,-16.,9.));
#4224 = VECTOR('',#4225,1.);
#4225 = DIRECTION('',(0.,1.,0.));
#4226 = PCURVE('',#1668,#4227);
#4227 = DEFINITIONAL_REPRESENTATION('',(#4228),#4232);
#4228 = LINE('',#4229,#4230);
#4229 = CARTESIAN_POINT('',(20.,0.));
#4230 = VECTOR('',#4231,1.);
#4231 = DIRECTION('',(0.,-1.));
#4232 = ( GEOMETRIC_REPRESENTATION_CONTEXT(2) 
PARAMETRIC_REPRESENTATION_CONTEXT() REPRESENTATION_CONTEXT('2D SPACE',''
  ) );
#4233 = PCURVE('',#4234,#4239);
#4234 = CYLINDRICAL_SURFACE('',#4235,2.);
#4235 = AXIS2_PLACEMENT_3D('',#4236,#4237,#4238);
#4236 = CARTESIAN_POINT('',(144.,-16.,9.));
#4237 = DIRECTION('',(0.,1.,0.));
#4238 = DIRECTION('',(1.,0.,-0.));
#4239 = DEFINITIONAL_REPRESENTATION('',(#4240),#4244);
#4240 = LINE('',#4241,#4242);
#4241 = CARTESIAN_POINT('',(-0.,0.));
#4242 = VECTOR('',#4243,1.);
#4243 = DIRECTION('',(-0.,1.));
#4244 = ( GEOMETRIC_REPRESENTATION_CONTEXT(2) 
PARAMETRIC_REPRESENTATION_CONTEXT() REPRESENTATION_CONTEXT('2D SPACE',''
  ) );
#4245 = ORIENTED_EDGE('',*,*,#4246,.F.);
#4246 = EDGE_CURVE('',#4247,#4219,#4249,.T.);
#4247 = VERTEX_POINT('',#4248);
#4248 = CARTESIAN_POINT('',(146.,-3.04138126515,9.));
#4249 = SURFACE_CURVE('',#4250,(#4254,#4261),.PCURVE_S1.);
#4250 = LINE('',#4251,#4252);
#4251 = CARTESIAN_POINT('',(146.,-16.,9.));
#4252 = VECTOR('',#4253,1.);
#4253 = DIRECTION('',(0.,1.,0.));
#4254 = PCURVE('',#1668,#4255);
#4255 = DEFINITIONAL_REPRESENTATION('',(#4256),#4260);
#4256 = LINE('',#4257,#4258);
#4257 = CARTESIAN_POINT('',(20.,0.));
#4258 = VECTOR('',#4259,1.);
#4259 = DIRECTION('',(0.,-1.));
#4260 = ( GEOMETRIC_REPRESENTATION_CONTEXT(2) 
PARAMETRIC_REPRESENTATION_CONTEXT() REPRESENTATION_CONTEXT('2D SPACE',''
  ) );
#4261 = PCURVE('',#4262,#4267);
#4262 = PLANE('',#4263);
#4263 = AXIS2_PLACEMENT_3D('',#4264,#4265,#4266);
#4264 = CARTESIAN_POINT('',(137.,1.879594466024E-16,9.));
#4265 = DIRECTION('',(0.,0.,1.));
#4266 = DIRECTION('',(1.,0.,-0.));
#4267 = DEFINITIONAL_REPRESENTATION('',(#4268),#4272);
#4268 = LINE('',#4269,#4270);
#4269 = CARTESIAN_POINT('',(9.,-16.));
#4270 = VECTOR('',#4271,1.);
#4271 = DIRECTION('',(0.,1.));
#4272 = ( GEOMETRIC_REPRESENTATION_CONTEXT(2) 
PARAMETRIC_REPRESENTATION_CONTEXT() REPRESENTATION_CONTEXT('2D SPACE',''
  ) );
#4273 = ORIENTED_EDGE('',*,*,#4274,.F.);
#4274 = EDGE_CURVE('',#4079,#4247,#4275,.T.);
#4275 = SURFACE_CURVE('',#4276,(#4280,#4287),.PCURVE_S1.);
#4276 = LINE('',#4277,#4278);
#4277 = CARTESIAN_POINT('',(146.,-16.,9.));
#4278 = VECTOR('',#4279,1.);
#4279 = DIRECTION('',(0.,1.,0.));
#4280 = PCURVE('',#1668,#4281);
#4281 = DEFINITIONAL_REPRESENTATION('',(#4282),#4286);
#4282 = LINE('',#4283,#4284);
#4283 = CARTESIAN_POINT('',(20.,0.));
#4284 = VECTOR('',#4285,1.);
#4285 = DIRECTION('',(0.,-1.));
#4286 = ( GEOMETRIC_REPRESENTATION_CONTEXT(2) 
PARAMETRIC_REPRESENTATION_CONTEXT() REPRESENTATION_CONTEXT('2D SPACE',''
  ) );
#4287 = PCURVE('',#4288,#4293);
#4288 = CYLINDRICAL_SURFACE('',#4289,2.);
#4289 = AXIS2_PLACEMENT_3D('',#4290,#4291,#4292);
#4290 = CARTESIAN_POINT('',(144.,-16.,9.));
#4291 = DIRECTION('',(0.,1.,0.));
#4292 = DIRECTION('',(1.,0.,-0.));
#4293 = DEFINITIONAL_REPRESENTATION('',(#4294),#4298);
#4294 = LINE('',#4295,#4296);
#4295 = CARTESIAN_POINT('',(-0.,0.));
#4296 = VECTOR('',#4297,1.);
#4297 = DIRECTION('',(-0.,1.));
#4298 = ( GEOMETRIC_REPRESENTATION_CONTEXT(2) 
PARAMETRIC_REPRESENTATION_CONTEXT() REPRESENTATION_CONTEXT('2D SPACE',''
  ) );
#4299 = FACE_BOUND('',#4300,.T.);
#4300 = EDGE_LOOP('',(#4301,#4302,#4303,#4304));
#4301 = ORIENTED_EDGE('',*,*,#4050,.F.);
#4302 = ORIENTED_EDGE('',*,*,#1652,.T.);
#4303 = ORIENTED_EDGE('',*,*,#4023,.T.);
#4304 = ORIENTED_EDGE('',*,*,#1827,.F.);
#4305 = ADVANCED_FACE('',(#4306),#1987,.T.);
#4306 = FACE_BOUND('',#4307,.F.);
#4307 = EDGE_LOOP('',(#4308,#4339,#4360,#4361,#4362,#4363));
#4308 = ORIENTED_EDGE('',*,*,#4309,.F.);
#4309 = EDGE_CURVE('',#4310,#4312,#4314,.T.);
#4310 = VERTEX_POINT('',#4311);
#4311 = CARTESIAN_POINT('',(150.49712032503,-18.5,10.));
#4312 = VERTEX_POINT('',#4313);
#4313 = CARTESIAN_POINT('',(149.45,-18.5,11.43));
#4314 = SURFACE_CURVE('',#4315,(#4320,#4327),.PCURVE_S1.);
#4315 = CIRCLE('',#4316,1.5);
#4316 = AXIS2_PLACEMENT_3D('',#4317,#4318,#4319);
#4317 = CARTESIAN_POINT('',(150.95,-18.5,11.43));
#4318 = DIRECTION('',(0.,1.,-0.));
#4319 = DIRECTION('',(-1.,0.,0.));
#4320 = PCURVE('',#1987,#4321);
#4321 = DEFINITIONAL_REPRESENTATION('',(#4322),#4326);
#4322 = LINE('',#4323,#4324);
#4323 = CARTESIAN_POINT('',(-6.28318530718,1.5));
#4324 = VECTOR('',#4325,1.);
#4325 = DIRECTION('',(1.,-0.));
#4326 = ( GEOMETRIC_REPRESENTATION_CONTEXT(2) 
PARAMETRIC_REPRESENTATION_CONTEXT() REPRESENTATION_CONTEXT('2D SPACE',''
  ) );
#4327 = PCURVE('',#4328,#4333);
#4328 = SPHERICAL_SURFACE('',#4329,1.5);
#4329 = AXIS2_PLACEMENT_3D('',#4330,#4331,#4332);
#4330 = CARTESIAN_POINT('',(150.95,-18.5,11.43));
#4331 = DIRECTION('',(0.,0.,1.));
#4332 = DIRECTION('',(-1.,0.,0.));
#4333 = DEFINITIONAL_REPRESENTATION('',(#4334),#4338);
#4334 = LINE('',#4335,#4336);
#4335 = CARTESIAN_POINT('',(0.,-6.28318530718));
#4336 = VECTOR('',#4337,1.);
#4337 = DIRECTION('',(0.,1.));
#4338 = ( GEOMETRIC_REPRESENTATION_CONTEXT(2) 
PARAMETRIC_REPRESENTATION_CONTEXT() REPRESENTATION_CONTEXT('2D SPACE',''
  ) );
#4339 = ORIENTED_EDGE('',*,*,#4340,.T.);
#4340 = EDGE_CURVE('',#4310,#3675,#4341,.T.);
#4341 = SURFACE_CURVE('',#4342,(#4346,#4353),.PCURVE_S1.);
#4342 = LINE('',#4343,#4344);
#4343 = CARTESIAN_POINT('',(150.49712032503,-20.,10.));
#4344 = VECTOR('',#4345,1.);
#4345 = DIRECTION('',(0.,1.,0.));
#4346 = PCURVE('',#1987,#4347);
#4347 = DEFINITIONAL_REPRESENTATION('',(#4348),#4352);
#4348 = LINE('',#4349,#4350);
#4349 = CARTESIAN_POINT('',(-1.264090554435,0.));
#4350 = VECTOR('',#4351,1.);
#4351 = DIRECTION('',(-0.,1.));
#4352 = ( GEOMETRIC_REPRESENTATION_CONTEXT(2) 
PARAMETRIC_REPRESENTATION_CONTEXT() REPRESENTATION_CONTEXT('2D SPACE',''
  ) );
#4353 = PCURVE('',#3793,#4354);
#4354 = DEFINITIONAL_REPRESENTATION('',(#4355),#4359);
#4355 = LINE('',#4356,#4357);
#4356 = CARTESIAN_POINT('',(1.264090554435,18.));
#4357 = VECTOR('',#4358,1.);
#4358 = DIRECTION('',(0.,1.));
#4359 = ( GEOMETRIC_REPRESENTATION_CONTEXT(2) 
PARAMETRIC_REPRESENTATION_CONTEXT() REPRESENTATION_CONTEXT('2D SPACE',''
  ) );
#4360 = ORIENTED_EDGE('',*,*,#3674,.F.);
#4361 = ORIENTED_EDGE('',*,*,#1973,.T.);
#4362 = ORIENTED_EDGE('',*,*,#2035,.T.);
#4363 = ORIENTED_EDGE('',*,*,#4364,.F.);
#4364 = EDGE_CURVE('',#4312,#2036,#4365,.T.);
#4365 = SURFACE_CURVE('',#4366,(#4370,#4377),.PCURVE_S1.);
#4366 = LINE('',#4367,#4368);
#4367 = CARTESIAN_POINT('',(149.45,-20.,11.43));
#4368 = VECTOR('',#4369,1.);
#4369 = DIRECTION('',(0.,1.,0.));
#4370 = PCURVE('',#1987,#4371);
#4371 = DEFINITIONAL_REPRESENTATION('',(#4372),#4376);
#4372 = LINE('',#4373,#4374);
#4373 = CARTESIAN_POINT('',(-0.,0.));
#4374 = VECTOR('',#4375,1.);
#4375 = DIRECTION('',(-0.,1.));
#4376 = ( GEOMETRIC_REPRESENTATION_CONTEXT(2) 
PARAMETRIC_REPRESENTATION_CONTEXT() REPRESENTATION_CONTEXT('2D SPACE',''
  ) );
#4377 = PCURVE('',#2083,#4378);
#4378 = DEFINITIONAL_REPRESENTATION('',(#4379),#4383);
#4379 = LINE('',#4380,#4381);
#4380 = CARTESIAN_POINT('',(55.07,-31.43));
#4381 = VECTOR('',#4382,1.);
#4382 = DIRECTION('',(-1.,-1.110223024625E-16));
#4383 = ( GEOMETRIC_REPRESENTATION_CONTEXT(2) 
PARAMETRIC_REPRESENTATION_CONTEXT() REPRESENTATION_CONTEXT('2D SPACE',''
  ) );
#4384 = ADVANCED_FACE('',(#4385),#2022,.T.);
#4385 = FACE_BOUND('',#4386,.F.);
#4386 = EDGE_LOOP('',(#4387,#4388,#4389));
#4387 = ORIENTED_EDGE('',*,*,#2005,.F.);
#4388 = ORIENTED_EDGE('',*,*,#2098,.T.);
#4389 = ORIENTED_EDGE('',*,*,#4390,.F.);
#4390 = EDGE_CURVE('',#2006,#2099,#4391,.T.);
#4391 = SURFACE_CURVE('',#4392,(#4397,#4404),.PCURVE_S1.);
#4392 = CIRCLE('',#4393,1.5);
#4393 = AXIS2_PLACEMENT_3D('',#4394,#4395,#4396);
#4394 = CARTESIAN_POINT('',(150.95,16.43,-18.5));
#4395 = DIRECTION('',(0.,-1.,1.110223024625E-16));
#4396 = DIRECTION('',(-1.,0.,0.));
#4397 = PCURVE('',#2022,#4398);
#4398 = DEFINITIONAL_REPRESENTATION('',(#4399),#4403);
#4399 = LINE('',#4400,#4401);
#4400 = CARTESIAN_POINT('',(-0.,0.));
#4401 = VECTOR('',#4402,1.);
#4402 = DIRECTION('',(-1.,0.));
#4403 = ( GEOMETRIC_REPRESENTATION_CONTEXT(2) 
PARAMETRIC_REPRESENTATION_CONTEXT() REPRESENTATION_CONTEXT('2D SPACE',''
  ) );
#4404 = PCURVE('',#4405,#4410);
#4405 = CYLINDRICAL_SURFACE('',#4406,1.5);
#4406 = AXIS2_PLACEMENT_3D('',#4407,#4408,#4409);
#4407 = CARTESIAN_POINT('',(150.95,35.07,-18.5));
#4408 = DIRECTION('',(0.,-1.,1.110223024625E-16));
#4409 = DIRECTION('',(-1.,-0.,0.));
#4410 = DEFINITIONAL_REPRESENTATION('',(#4411),#4415);
#4411 = LINE('',#4412,#4413);
#4412 = CARTESIAN_POINT('',(0.,18.64));
#4413 = VECTOR('',#4414,1.);
#4414 = DIRECTION('',(1.,0.));
#4415 = ( GEOMETRIC_REPRESENTATION_CONTEXT(2) 
PARAMETRIC_REPRESENTATION_CONTEXT() REPRESENTATION_CONTEXT('2D SPACE',''
  ) );
#4416 = ADVANCED_FACE('',(#4417,#4582,#4696),#2083,.F.);
#4417 = FACE_BOUND('',#4418,.F.);
#4418 = EDGE_LOOP('',(#4419,#4442,#4470,#4498,#4526,#4554,#4580,#4581));
#4419 = ORIENTED_EDGE('',*,*,#4420,.F.);
#4420 = EDGE_CURVE('',#4421,#2006,#4423,.T.);
#4421 = VERTEX_POINT('',#4422);
#4422 = CARTESIAN_POINT('',(149.45,33.57,-18.5));
#4423 = SURFACE_CURVE('',#4424,(#4428,#4435),.PCURVE_S1.);
#4424 = LINE('',#4425,#4426);
#4425 = CARTESIAN_POINT('',(149.45,35.07,-18.5));
#4426 = VECTOR('',#4427,1.);
#4427 = DIRECTION('',(0.,-1.,1.110223024625E-16));
#4428 = PCURVE('',#2083,#4429);
#4429 = DEFINITIONAL_REPRESENTATION('',(#4430),#4434);
#4430 = LINE('',#4431,#4432);
#4431 = CARTESIAN_POINT('',(1.665334536938E-16,-1.5));
#4432 = VECTOR('',#4433,1.);
#4433 = DIRECTION('',(1.,0.));
#4434 = ( GEOMETRIC_REPRESENTATION_CONTEXT(2) 
PARAMETRIC_REPRESENTATION_CONTEXT() REPRESENTATION_CONTEXT('2D SPACE',''
  ) );
#4435 = PCURVE('',#4405,#4436);
#4436 = DEFINITIONAL_REPRESENTATION('',(#4437),#4441);
#4437 = LINE('',#4438,#4439);
#4438 = CARTESIAN_POINT('',(0.,0.));
#4439 = VECTOR('',#4440,1.);
#4440 = DIRECTION('',(0.,1.));
#4441 = ( GEOMETRIC_REPRESENTATION_CONTEXT(2) 
PARAMETRIC_REPRESENTATION_CONTEXT() REPRESENTATION_CONTEXT('2D SPACE',''
  ) );
#4442 = ORIENTED_EDGE('',*,*,#4443,.T.);
#4443 = EDGE_CURVE('',#4421,#4444,#4446,.T.);
#4444 = VERTEX_POINT('',#4445);
#4445 = CARTESIAN_POINT('',(149.45,33.57,18.5));
#4446 = SURFACE_CURVE('',#4447,(#4451,#4458),.PCURVE_S1.);
#4447 = LINE('',#4448,#4449);
#4448 = CARTESIAN_POINT('',(149.45,33.57,-20.));
#4449 = VECTOR('',#4450,1.);
#4450 = DIRECTION('',(0.,1.110223024625E-16,1.));
#4451 = PCURVE('',#2083,#4452);
#4452 = DEFINITIONAL_REPRESENTATION('',(#4453),#4457);
#4453 = LINE('',#4454,#4455);
#4454 = CARTESIAN_POINT('',(1.5,1.665334536938E-16));
#4455 = VECTOR('',#4456,1.);
#4456 = DIRECTION('',(0.,-1.));
#4457 = ( GEOMETRIC_REPRESENTATION_CONTEXT(2) 
PARAMETRIC_REPRESENTATION_CONTEXT() REPRESENTATION_CONTEXT('2D SPACE',''
  ) );
#4458 = PCURVE('',#4459,#4464);
#4459 = CYLINDRICAL_SURFACE('',#4460,1.5);
#4460 = AXIS2_PLACEMENT_3D('',#4461,#4462,#4463);
#4461 = CARTESIAN_POINT('',(150.95,33.57,-20.));
#4462 = DIRECTION('',(0.,1.110223024625E-16,1.));
#4463 = DIRECTION('',(-1.,0.,0.));
#4464 = DEFINITIONAL_REPRESENTATION('',(#4465),#4469);
#4465 = LINE('',#4466,#4467);
#4466 = CARTESIAN_POINT('',(-0.,0.));
#4467 = VECTOR('',#4468,1.);
#4468 = DIRECTION('',(-0.,1.));
#4469 = ( GEOMETRIC_REPRESENTATION_CONTEXT(2) 
PARAMETRIC_REPRESENTATION_CONTEXT() REPRESENTATION_CONTEXT('2D SPACE',''
  ) );
#4470 = ORIENTED_EDGE('',*,*,#4471,.T.);
#4471 = EDGE_CURVE('',#4444,#4472,#4474,.T.);
#4472 = VERTEX_POINT('',#4473);
#4473 = CARTESIAN_POINT('',(149.45,18.5,18.5));
#4474 = SURFACE_CURVE('',#4475,(#4479,#4486),.PCURVE_S1.);
#4475 = LINE('',#4476,#4477);
#4476 = CARTESIAN_POINT('',(149.45,35.07,18.5));
#4477 = VECTOR('',#4478,1.);
#4478 = DIRECTION('',(0.,-1.,1.110223024625E-16));
#4479 = PCURVE('',#2083,#4480);
#4480 = DEFINITIONAL_REPRESENTATION('',(#4481),#4485);
#4481 = LINE('',#4482,#4483);
#4482 = CARTESIAN_POINT('',(4.274358644807E-15,-38.5));
#4483 = VECTOR('',#4484,1.);
#4484 = DIRECTION('',(1.,0.));
#4485 = ( GEOMETRIC_REPRESENTATION_CONTEXT(2) 
PARAMETRIC_REPRESENTATION_CONTEXT() REPRESENTATION_CONTEXT('2D SPACE',''
  ) );
#4486 = PCURVE('',#4487,#4492);
#4487 = CYLINDRICAL_SURFACE('',#4488,1.5);
#4488 = AXIS2_PLACEMENT_3D('',#4489,#4490,#4491);
#4489 = CARTESIAN_POINT('',(150.95,35.07,18.5));
#4490 = DIRECTION('',(0.,-1.,1.110223024625E-16));
#4491 = DIRECTION('',(-1.,-0.,0.));
#4492 = DEFINITIONAL_REPRESENTATION('',(#4493),#4497);
#4493 = LINE('',#4494,#4495);
#4494 = CARTESIAN_POINT('',(-0.,0.));
#4495 = VECTOR('',#4496,1.);
#4496 = DIRECTION('',(-0.,1.));
#4497 = ( GEOMETRIC_REPRESENTATION_CONTEXT(2) 
PARAMETRIC_REPRESENTATION_CONTEXT() REPRESENTATION_CONTEXT('2D SPACE',''
  ) );
#4498 = ORIENTED_EDGE('',*,*,#4499,.T.);
#4499 = EDGE_CURVE('',#4472,#4500,#4502,.T.);
#4500 = VERTEX_POINT('',#4501);
#4501 = CARTESIAN_POINT('',(149.45,18.5,28.57));
#4502 = SURFACE_CURVE('',#4503,(#4507,#4514),.PCURVE_S1.);
#4503 = LINE('',#4504,#4505);
#4504 = CARTESIAN_POINT('',(149.45,18.5,9.93));
#4505 = VECTOR('',#4506,1.);
#4506 = DIRECTION('',(0.,0.,1.));
#4507 = PCURVE('',#2083,#4508);
#4508 = DEFINITIONAL_REPRESENTATION('',(#4509),#4513);
#4509 = LINE('',#4510,#4511);
#4510 = CARTESIAN_POINT('',(16.57,-29.93));
#4511 = VECTOR('',#4512,1.);
#4512 = DIRECTION('',(1.110223024625E-16,-1.));
#4513 = ( GEOMETRIC_REPRESENTATION_CONTEXT(2) 
PARAMETRIC_REPRESENTATION_CONTEXT() REPRESENTATION_CONTEXT('2D SPACE',''
  ) );
#4514 = PCURVE('',#4515,#4520);
#4515 = CYLINDRICAL_SURFACE('',#4516,1.5);
#4516 = AXIS2_PLACEMENT_3D('',#4517,#4518,#4519);
#4517 = CARTESIAN_POINT('',(150.95,18.5,9.93));
#4518 = DIRECTION('',(0.,0.,1.));
#4519 = DIRECTION('',(-1.,-0.,0.));
#4520 = DEFINITIONAL_REPRESENTATION('',(#4521),#4525);
#4521 = LINE('',#4522,#4523);
#4522 = CARTESIAN_POINT('',(-0.,0.));
#4523 = VECTOR('',#4524,1.);
#4524 = DIRECTION('',(-0.,1.));
#4525 = ( GEOMETRIC_REPRESENTATION_CONTEXT(2) 
PARAMETRIC_REPRESENTATION_CONTEXT() REPRESENTATION_CONTEXT('2D SPACE',''
  ) );
#4526 = ORIENTED_EDGE('',*,*,#4527,.F.);
#4527 = EDGE_CURVE('',#4528,#4500,#4530,.T.);
#4528 = VERTEX_POINT('',#4529);
#4529 = CARTESIAN_POINT('',(149.45,-18.5,28.57));
#4530 = SURFACE_CURVE('',#4531,(#4535,#4542),.PCURVE_S1.);
#4531 = LINE('',#4532,#4533);
#4532 = CARTESIAN_POINT('',(149.45,-20.,28.57));
#4533 = VECTOR('',#4534,1.);
#4534 = DIRECTION('',(0.,1.,0.));
#4535 = PCURVE('',#2083,#4536);
#4536 = DEFINITIONAL_REPRESENTATION('',(#4537),#4541);
#4537 = LINE('',#4538,#4539);
#4538 = CARTESIAN_POINT('',(55.07,-48.57));
#4539 = VECTOR('',#4540,1.);
#4540 = DIRECTION('',(-1.,-1.110223024625E-16));
#4541 = ( GEOMETRIC_REPRESENTATION_CONTEXT(2) 
PARAMETRIC_REPRESENTATION_CONTEXT() REPRESENTATION_CONTEXT('2D SPACE',''
  ) );
#4542 = PCURVE('',#4543,#4548);
#4543 = CYLINDRICAL_SURFACE('',#4544,1.5);
#4544 = AXIS2_PLACEMENT_3D('',#4545,#4546,#4547);
#4545 = CARTESIAN_POINT('',(150.95,-20.,28.57));
#4546 = DIRECTION('',(0.,1.,0.));
#4547 = DIRECTION('',(-1.,0.,0.));
#4548 = DEFINITIONAL_REPRESENTATION('',(#4549),#4553);
#4549 = LINE('',#4550,#4551);
#4550 = CARTESIAN_POINT('',(0.,0.));
#4551 = VECTOR('',#4552,1.);
#4552 = DIRECTION('',(0.,1.));
#4553 = ( GEOMETRIC_REPRESENTATION_CONTEXT(2) 
PARAMETRIC_REPRESENTATION_CONTEXT() REPRESENTATION_CONTEXT('2D SPACE',''
  ) );
#4554 = ORIENTED_EDGE('',*,*,#4555,.F.);
#4555 = EDGE_CURVE('',#4312,#4528,#4556,.T.);
#4556 = SURFACE_CURVE('',#4557,(#4561,#4568),.PCURVE_S1.);
#4557 = LINE('',#4558,#4559);
#4558 = CARTESIAN_POINT('',(149.45,-18.5,9.93));
#4559 = VECTOR('',#4560,1.);
#4560 = DIRECTION('',(0.,0.,1.));
#4561 = PCURVE('',#2083,#4562);
#4562 = DEFINITIONAL_REPRESENTATION('',(#4563),#4567);
#4563 = LINE('',#4564,#4565);
#4564 = CARTESIAN_POINT('',(53.57,-29.93));
#4565 = VECTOR('',#4566,1.);
#4566 = DIRECTION('',(1.110223024625E-16,-1.));
#4567 = ( GEOMETRIC_REPRESENTATION_CONTEXT(2) 
PARAMETRIC_REPRESENTATION_CONTEXT() REPRESENTATION_CONTEXT('2D SPACE',''
  ) );
#4568 = PCURVE('',#4569,#4574);
#4569 = CYLINDRICAL_SURFACE('',#4570,1.5);
#4570 = AXIS2_PLACEMENT_3D('',#4571,#4572,#4573);
#4571 = CARTESIAN_POINT('',(150.95,-18.5,9.93));
#4572 = DIRECTION('',(0.,0.,1.));
#4573 = DIRECTION('',(-1.,-0.,0.));
#4574 = DEFINITIONAL_REPRESENTATION('',(#4575),#4579);
#4575 = LINE('',#4576,#4577);
#4576 = CARTESIAN_POINT('',(0.,0.));
#4577 = VECTOR('',#4578,1.);
#4578 = DIRECTION('',(0.,1.));
#4579 = ( GEOMETRIC_REPRESENTATION_CONTEXT(2) 
PARAMETRIC_REPRESENTATION_CONTEXT() REPRESENTATION_CONTEXT('2D SPACE',''
  ) );
#4580 = ORIENTED_EDGE('',*,*,#4364,.T.);
#4581 = ORIENTED_EDGE('',*,*,#2069,.F.);
#4582 = FACE_BOUND('',#4583,.F.);
#4583 = EDGE_LOOP('',(#4584,#4614,#4642,#4670));
#4584 = ORIENTED_EDGE('',*,*,#4585,.F.);
#4585 = EDGE_CURVE('',#4586,#4588,#4590,.T.);
#4586 = VERTEX_POINT('',#4587);
#4587 = CARTESIAN_POINT('',(149.45,28.,-1.5));
#4588 = VERTEX_POINT('',#4589);
#4589 = CARTESIAN_POINT('',(149.45,28.,1.5));
#4590 = SURFACE_CURVE('',#4591,(#4595,#4602),.PCURVE_S1.);
#4591 = LINE('',#4592,#4593);
#4592 = CARTESIAN_POINT('',(149.45,28.,-1.5));
#4593 = VECTOR('',#4594,1.);
#4594 = DIRECTION('',(0.,1.110223024625E-16,1.));
#4595 = PCURVE('',#2083,#4596);
#4596 = DEFINITIONAL_REPRESENTATION('',(#4597),#4601);
#4597 = LINE('',#4598,#4599);
#4598 = CARTESIAN_POINT('',(7.07,-18.5));
#4599 = VECTOR('',#4600,1.);
#4600 = DIRECTION('',(0.,-1.));
#4601 = ( GEOMETRIC_REPRESENTATION_CONTEXT(2) 
PARAMETRIC_REPRESENTATION_CONTEXT() REPRESENTATION_CONTEXT('2D SPACE',''
  ) );
#4602 = PCURVE('',#4603,#4608);
#4603 = PLANE('',#4604);
#4604 = AXIS2_PLACEMENT_3D('',#4605,#4606,#4607);
#4605 = CARTESIAN_POINT('',(149.45,28.,-1.5));
#4606 = DIRECTION('',(0.,-1.,1.110223024625E-16));
#4607 = DIRECTION('',(0.,1.110223024625E-16,1.));
#4608 = DEFINITIONAL_REPRESENTATION('',(#4609),#4613);
#4609 = LINE('',#4610,#4611);
#4610 = CARTESIAN_POINT('',(0.,0.));
#4611 = VECTOR('',#4612,1.);
#4612 = DIRECTION('',(1.,0.));
#4613 = ( GEOMETRIC_REPRESENTATION_CONTEXT(2) 
PARAMETRIC_REPRESENTATION_CONTEXT() REPRESENTATION_CONTEXT('2D SPACE',''
  ) );
#4614 = ORIENTED_EDGE('',*,*,#4615,.F.);
#4615 = EDGE_CURVE('',#4616,#4586,#4618,.T.);
#4616 = VERTEX_POINT('',#4617);
#4617 = CARTESIAN_POINT('',(149.45,22.,-1.5));
#4618 = SURFACE_CURVE('',#4619,(#4623,#4630),.PCURVE_S1.);
#4619 = LINE('',#4620,#4621);
#4620 = CARTESIAN_POINT('',(149.45,22.,-1.5));
#4621 = VECTOR('',#4622,1.);
#4622 = DIRECTION('',(0.,1.,-1.110223024625E-16));
#4623 = PCURVE('',#2083,#4624);
#4624 = DEFINITIONAL_REPRESENTATION('',(#4625),#4629);
#4625 = LINE('',#4626,#4627);
#4626 = CARTESIAN_POINT('',(13.07,-18.5));
#4627 = VECTOR('',#4628,1.);
#4628 = DIRECTION('',(-1.,0.));
#4629 = ( GEOMETRIC_REPRESENTATION_CONTEXT(2) 
PARAMETRIC_REPRESENTATION_CONTEXT() REPRESENTATION_CONTEXT('2D SPACE',''
  ) );
#4630 = PCURVE('',#4631,#4636);
#4631 = PLANE('',#4632);
#4632 = AXIS2_PLACEMENT_3D('',#4633,#4634,#4635);
#4633 = CARTESIAN_POINT('',(149.45,22.,-1.5));
#4634 = DIRECTION('',(0.,1.110223024625E-16,1.));
#4635 = DIRECTION('',(0.,1.,-1.110223024625E-16));
#4636 = DEFINITIONAL_REPRESENTATION('',(#4637),#4641);
#4637 = LINE('',#4638,#4639);
#4638 = CARTESIAN_POINT('',(0.,0.));
#4639 = VECTOR('',#4640,1.);
#4640 = DIRECTION('',(1.,0.));
#4641 = ( GEOMETRIC_REPRESENTATION_CONTEXT(2) 
PARAMETRIC_REPRESENTATION_CONTEXT() REPRESENTATION_CONTEXT('2D SPACE',''
  ) );
#4642 = ORIENTED_EDGE('',*,*,#4643,.F.);
#4643 = EDGE_CURVE('',#4644,#4616,#4646,.T.);
#4644 = VERTEX_POINT('',#4645);
#4645 = CARTESIAN_POINT('',(149.45,22.,1.5));
#4646 = SURFACE_CURVE('',#4647,(#4651,#4658),.PCURVE_S1.);
#4647 = LINE('',#4648,#4649);
#4648 = CARTESIAN_POINT('',(149.45,22.,1.5));
#4649 = VECTOR('',#4650,1.);
#4650 = DIRECTION('',(0.,-1.110223024625E-16,-1.));
#4651 = PCURVE('',#2083,#4652);
#4652 = DEFINITIONAL_REPRESENTATION('',(#4653),#4657);
#4653 = LINE('',#4654,#4655);
#4654 = CARTESIAN_POINT('',(13.07,-21.5));
#4655 = VECTOR('',#4656,1.);
#4656 = DIRECTION('',(0.,1.));
#4657 = ( GEOMETRIC_REPRESENTATION_CONTEXT(2) 
PARAMETRIC_REPRESENTATION_CONTEXT() REPRESENTATION_CONTEXT('2D SPACE',''
  ) );
#4658 = PCURVE('',#4659,#4664);
#4659 = PLANE('',#4660);
#4660 = AXIS2_PLACEMENT_3D('',#4661,#4662,#4663);
#4661 = CARTESIAN_POINT('',(149.45,22.,1.5));
#4662 = DIRECTION('',(0.,1.,-1.110223024625E-16));
#4663 = DIRECTION('',(0.,-1.110223024625E-16,-1.));
#4664 = DEFINITIONAL_REPRESENTATION('',(#4665),#4669);
#4665 = LINE('',#4666,#4667);
#4666 = CARTESIAN_POINT('',(0.,0.));
#4667 = VECTOR('',#4668,1.);
#4668 = DIRECTION('',(1.,0.));
#4669 = ( GEOMETRIC_REPRESENTATION_CONTEXT(2) 
PARAMETRIC_REPRESENTATION_CONTEXT() REPRESENTATION_CONTEXT('2D SPACE',''
  ) );
#4670 = ORIENTED_EDGE('',*,*,#4671,.F.);
#4671 = EDGE_CURVE('',#4588,#4644,#4672,.T.);
#4672 = SURFACE_CURVE('',#4673,(#4677,#4684),.PCURVE_S1.);
#4673 = LINE('',#4674,#4675);
#4674 = CARTESIAN_POINT('',(149.45,28.,1.5));
#4675 = VECTOR('',#4676,1.);
#4676 = DIRECTION('',(0.,-1.,1.110223024625E-16));
#4677 = PCURVE('',#2083,#4678);
#4678 = DEFINITIONAL_REPRESENTATION('',(#4679),#4683);
#4679 = LINE('',#4680,#4681);
#4680 = CARTESIAN_POINT('',(7.07,-21.5));
#4681 = VECTOR('',#4682,1.);
#4682 = DIRECTION('',(1.,0.));
#4683 = ( GEOMETRIC_REPRESENTATION_CONTEXT(2) 
PARAMETRIC_REPRESENTATION_CONTEXT() REPRESENTATION_CONTEXT('2D SPACE',''
  ) );
#4684 = PCURVE('',#4685,#4690);
#4685 = PLANE('',#4686);
#4686 = AXIS2_PLACEMENT_3D('',#4687,#4688,#4689);
#4687 = CARTESIAN_POINT('',(149.45,28.,1.5));
#4688 = DIRECTION('',(0.,-1.110223024625E-16,-1.));
#4689 = DIRECTION('',(0.,-1.,1.110223024625E-16));
#4690 = DEFINITIONAL_REPRESENTATION('',(#4691),#4695);
#4691 = LINE('',#4692,#4693);
#4692 = CARTESIAN_POINT('',(0.,0.));
#4693 = VECTOR('',#4694,1.);
#4694 = DIRECTION('',(1.,0.));
#4695 = ( GEOMETRIC_REPRESENTATION_CONTEXT(2) 
PARAMETRIC_REPRESENTATION_CONTEXT() REPRESENTATION_CONTEXT('2D SPACE',''
  ) );
#4696 = FACE_BOUND('',#4697,.F.);
#4697 = EDGE_LOOP('',(#4698,#4728,#4756,#4784));
#4698 = ORIENTED_EDGE('',*,*,#4699,.F.);
#4699 = EDGE_CURVE('',#4700,#4702,#4704,.T.);
#4700 = VERTEX_POINT('',#4701);
#4701 = CARTESIAN_POINT('',(149.45,1.5,17.));
#4702 = VERTEX_POINT('',#4703);
#4703 = CARTESIAN_POINT('',(149.45,1.5,23.));
#4704 = SURFACE_CURVE('',#4705,(#4709,#4716),.PCURVE_S1.);
#4705 = LINE('',#4706,#4707);
#4706 = CARTESIAN_POINT('',(149.45,1.5,17.));
#4707 = VECTOR('',#4708,1.);
#4708 = DIRECTION('',(0.,0.,1.));
#4709 = PCURVE('',#2083,#4710);
#4710 = DEFINITIONAL_REPRESENTATION('',(#4711),#4715);
#4711 = LINE('',#4712,#4713);
#4712 = CARTESIAN_POINT('',(33.57,-37.));
#4713 = VECTOR('',#4714,1.);
#4714 = DIRECTION('',(1.110223024625E-16,-1.));
#4715 = ( GEOMETRIC_REPRESENTATION_CONTEXT(2) 
PARAMETRIC_REPRESENTATION_CONTEXT() REPRESENTATION_CONTEXT('2D SPACE',''
  ) );
#4716 = PCURVE('',#4717,#4722);
#4717 = PLANE('',#4718);
#4718 = AXIS2_PLACEMENT_3D('',#4719,#4720,#4721);
#4719 = CARTESIAN_POINT('',(149.45,1.5,17.));
#4720 = DIRECTION('',(0.,-1.,0.));
#4721 = DIRECTION('',(0.,0.,1.));
#4722 = DEFINITIONAL_REPRESENTATION('',(#4723),#4727);
#4723 = LINE('',#4724,#4725);
#4724 = CARTESIAN_POINT('',(0.,0.));
#4725 = VECTOR('',#4726,1.);
#4726 = DIRECTION('',(1.,0.));
#4727 = ( GEOMETRIC_REPRESENTATION_CONTEXT(2) 
PARAMETRIC_REPRESENTATION_CONTEXT() REPRESENTATION_CONTEXT('2D SPACE',''
  ) );
#4728 = ORIENTED_EDGE('',*,*,#4729,.F.);
#4729 = EDGE_CURVE('',#4730,#4700,#4732,.T.);
#4730 = VERTEX_POINT('',#4731);
#4731 = CARTESIAN_POINT('',(149.45,-1.5,17.));
#4732 = SURFACE_CURVE('',#4733,(#4737,#4744),.PCURVE_S1.);
#4733 = LINE('',#4734,#4735);
#4734 = CARTESIAN_POINT('',(149.45,-1.5,17.));
#4735 = VECTOR('',#4736,1.);
#4736 = DIRECTION('',(0.,1.,0.));
#4737 = PCURVE('',#2083,#4738);
#4738 = DEFINITIONAL_REPRESENTATION('',(#4739),#4743);
#4739 = LINE('',#4740,#4741);
#4740 = CARTESIAN_POINT('',(36.57,-37.));
#4741 = VECTOR('',#4742,1.);
#4742 = DIRECTION('',(-1.,-1.110223024625E-16));
#4743 = ( GEOMETRIC_REPRESENTATION_CONTEXT(2) 
PARAMETRIC_REPRESENTATION_CONTEXT() REPRESENTATION_CONTEXT('2D SPACE',''
  ) );
#4744 = PCURVE('',#4745,#4750);
#4745 = PLANE('',#4746);
#4746 = AXIS2_PLACEMENT_3D('',#4747,#4748,#4749);
#4747 = CARTESIAN_POINT('',(149.45,-1.5,17.));
#4748 = DIRECTION('',(0.,0.,1.));
#4749 = DIRECTION('',(0.,1.,0.));
#4750 = DEFINITIONAL_REPRESENTATION('',(#4751),#4755);
#4751 = LINE('',#4752,#4753);
#4752 = CARTESIAN_POINT('',(0.,0.));
#4753 = VECTOR('',#4754,1.);
#4754 = DIRECTION('',(1.,0.));
#4755 = ( GEOMETRIC_REPRESENTATION_CONTEXT(2) 
PARAMETRIC_REPRESENTATION_CONTEXT() REPRESENTATION_CONTEXT('2D SPACE',''
  ) );
#4756 = ORIENTED_EDGE('',*,*,#4757,.F.);
#4757 = EDGE_CURVE('',#4758,#4730,#4760,.T.);
#4758 = VERTEX_POINT('',#4759);
#4759 = CARTESIAN_POINT('',(149.45,-1.5,23.));
#4760 = SURFACE_CURVE('',#4761,(#4765,#4772),.PCURVE_S1.);
#4761 = LINE('',#4762,#4763);
#4762 = CARTESIAN_POINT('',(149.45,-1.5,23.));
#4763 = VECTOR('',#4764,1.);
#4764 = DIRECTION('',(0.,0.,-1.));
#4765 = PCURVE('',#2083,#4766);
#4766 = DEFINITIONAL_REPRESENTATION('',(#4767),#4771);
#4767 = LINE('',#4768,#4769);
#4768 = CARTESIAN_POINT('',(36.57,-43.));
#4769 = VECTOR('',#4770,1.);
#4770 = DIRECTION('',(-1.110223024625E-16,1.));
#4771 = ( GEOMETRIC_REPRESENTATION_CONTEXT(2) 
PARAMETRIC_REPRESENTATION_CONTEXT() REPRESENTATION_CONTEXT('2D SPACE',''
  ) );
#4772 = PCURVE('',#4773,#4778);
#4773 = PLANE('',#4774);
#4774 = AXIS2_PLACEMENT_3D('',#4775,#4776,#4777);
#4775 = CARTESIAN_POINT('',(149.45,-1.5,23.));
#4776 = DIRECTION('',(-0.,1.,0.));
#4777 = DIRECTION('',(0.,0.,-1.));
#4778 = DEFINITIONAL_REPRESENTATION('',(#4779),#4783);
#4779 = LINE('',#4780,#4781);
#4780 = CARTESIAN_POINT('',(0.,0.));
#4781 = VECTOR('',#4782,1.);
#4782 = DIRECTION('',(1.,0.));
#4783 = ( GEOMETRIC_REPRESENTATION_CONTEXT(2) 
PARAMETRIC_REPRESENTATION_CONTEXT() REPRESENTATION_CONTEXT('2D SPACE',''
  ) );
#4784 = ORIENTED_EDGE('',*,*,#4785,.F.);
#4785 = EDGE_CURVE('',#4702,#4758,#4786,.T.);
#4786 = SURFACE_CURVE('',#4787,(#4791,#4798),.PCURVE_S1.);
#4787 = LINE('',#4788,#4789);
#4788 = CARTESIAN_POINT('',(149.45,1.5,23.));
#4789 = VECTOR('',#4790,1.);
#4790 = DIRECTION('',(0.,-1.,0.));
#4791 = PCURVE('',#2083,#4792);
#4792 = DEFINITIONAL_REPRESENTATION('',(#4793),#4797);
#4793 = LINE('',#4794,#4795);
#4794 = CARTESIAN_POINT('',(33.57,-43.));
#4795 = VECTOR('',#4796,1.);
#4796 = DIRECTION('',(1.,1.110223024625E-16));
#4797 = ( GEOMETRIC_REPRESENTATION_CONTEXT(2) 
PARAMETRIC_REPRESENTATION_CONTEXT() REPRESENTATION_CONTEXT('2D SPACE',''
  ) );
#4798 = PCURVE('',#4799,#4804);
#4799 = PLANE('',#4800);
#4800 = AXIS2_PLACEMENT_3D('',#4801,#4802,#4803);
#4801 = CARTESIAN_POINT('',(149.45,1.5,23.));
#4802 = DIRECTION('',(0.,0.,-1.));
#4803 = DIRECTION('',(0.,-1.,0.));
#4804 = DEFINITIONAL_REPRESENTATION('',(#4805),#4809);
#4805 = LINE('',#4806,#4807);
#4806 = CARTESIAN_POINT('',(0.,-0.));
#4807 = VECTOR('',#4808,1.);
#4808 = DIRECTION('',(1.,0.));
#4809 = ( GEOMETRIC_REPRESENTATION_CONTEXT(2) 
PARAMETRIC_REPRESENTATION_CONTEXT() REPRESENTATION_CONTEXT('2D SPACE',''
  ) );
#4810 = ADVANCED_FACE('',(#4811),#2166,.F.);
#4811 = FACE_BOUND('',#4812,.F.);
#4812 = EDGE_LOOP('',(#4813,#4836,#4837,#4865));
#4813 = ORIENTED_EDGE('',*,*,#4814,.T.);
#4814 = EDGE_CURVE('',#4815,#2099,#4817,.T.);
#4815 = VERTEX_POINT('',#4816);
#4816 = CARTESIAN_POINT('',(150.95,33.57,-20.));
#4817 = SURFACE_CURVE('',#4818,(#4822,#4829),.PCURVE_S1.);
#4818 = LINE('',#4819,#4820);
#4819 = CARTESIAN_POINT('',(150.95,35.07,-20.));
#4820 = VECTOR('',#4821,1.);
#4821 = DIRECTION('',(0.,-1.,1.110223024625E-16));
#4822 = PCURVE('',#2166,#4823);
#4823 = DEFINITIONAL_REPRESENTATION('',(#4824),#4828);
#4824 = LINE('',#4825,#4826);
#4825 = CARTESIAN_POINT('',(0.,1.5));
#4826 = VECTOR('',#4827,1.);
#4827 = DIRECTION('',(1.,0.));
#4828 = ( GEOMETRIC_REPRESENTATION_CONTEXT(2) 
PARAMETRIC_REPRESENTATION_CONTEXT() REPRESENTATION_CONTEXT('2D SPACE',''
  ) );
#4829 = PCURVE('',#4405,#4830);
#4830 = DEFINITIONAL_REPRESENTATION('',(#4831),#4835);
#4831 = LINE('',#4832,#4833);
#4832 = CARTESIAN_POINT('',(1.570796326795,0.));
#4833 = VECTOR('',#4834,1.);
#4834 = DIRECTION('',(0.,1.));
#4835 = ( GEOMETRIC_REPRESENTATION_CONTEXT(2) 
PARAMETRIC_REPRESENTATION_CONTEXT() REPRESENTATION_CONTEXT('2D SPACE',''
  ) );
#4836 = ORIENTED_EDGE('',*,*,#2152,.T.);
#4837 = ORIENTED_EDGE('',*,*,#4838,.F.);
#4838 = EDGE_CURVE('',#4839,#2124,#4841,.T.);
#4839 = VERTEX_POINT('',#4840);
#4840 = CARTESIAN_POINT('',(199.05,33.57,-20.));
#4841 = SURFACE_CURVE('',#4842,(#4846,#4853),.PCURVE_S1.);
#4842 = LINE('',#4843,#4844);
#4843 = CARTESIAN_POINT('',(199.05,35.07,-20.));
#4844 = VECTOR('',#4845,1.);
#4845 = DIRECTION('',(0.,-1.,1.110223024625E-16));
#4846 = PCURVE('',#2166,#4847);
#4847 = DEFINITIONAL_REPRESENTATION('',(#4848),#4852);
#4848 = LINE('',#4849,#4850);
#4849 = CARTESIAN_POINT('',(0.,49.6));
#4850 = VECTOR('',#4851,1.);
#4851 = DIRECTION('',(1.,0.));
#4852 = ( GEOMETRIC_REPRESENTATION_CONTEXT(2) 
PARAMETRIC_REPRESENTATION_CONTEXT() REPRESENTATION_CONTEXT('2D SPACE',''
  ) );
#4853 = PCURVE('',#4854,#4859);
#4854 = CYLINDRICAL_SURFACE('',#4855,1.5);
#4855 = AXIS2_PLACEMENT_3D('',#4856,#4857,#4858);
#4856 = CARTESIAN_POINT('',(199.05,35.07,-18.5));
#4857 = DIRECTION('',(0.,-1.,1.110223024625E-16));
#4858 = DIRECTION('',(1.,0.,0.));
#4859 = DEFINITIONAL_REPRESENTATION('',(#4860),#4864);
#4860 = LINE('',#4861,#4862);
#4861 = CARTESIAN_POINT('',(-1.570796326795,0.));
#4862 = VECTOR('',#4863,1.);
#4863 = DIRECTION('',(-0.,1.));
#4864 = ( GEOMETRIC_REPRESENTATION_CONTEXT(2) 
PARAMETRIC_REPRESENTATION_CONTEXT() REPRESENTATION_CONTEXT('2D SPACE',''
  ) );
#4865 = ORIENTED_EDGE('',*,*,#4866,.F.);
#4866 = EDGE_CURVE('',#4815,#4839,#4867,.T.);
#4867 = SURFACE_CURVE('',#4868,(#4872,#4879),.PCURVE_S1.);
#4868 = LINE('',#4869,#4870);
#4869 = CARTESIAN_POINT('',(149.45,33.57,-20.));
#4870 = VECTOR('',#4871,1.);
#4871 = DIRECTION('',(1.,0.,0.));
#4872 = PCURVE('',#2166,#4873);
#4873 = DEFINITIONAL_REPRESENTATION('',(#4874),#4878);
#4874 = LINE('',#4875,#4876);
#4875 = CARTESIAN_POINT('',(1.5,0.));
#4876 = VECTOR('',#4877,1.);
#4877 = DIRECTION('',(0.,1.));
#4878 = ( GEOMETRIC_REPRESENTATION_CONTEXT(2) 
PARAMETRIC_REPRESENTATION_CONTEXT() REPRESENTATION_CONTEXT('2D SPACE',''
  ) );
#4879 = PCURVE('',#4880,#4885);
#4880 = CYLINDRICAL_SURFACE('',#4881,1.5);
#4881 = AXIS2_PLACEMENT_3D('',#4882,#4883,#4884);
#4882 = CARTESIAN_POINT('',(149.45,33.57,-18.5));
#4883 = DIRECTION('',(1.,0.,0.));
#4884 = DIRECTION('',(0.,-1.110223024625E-16,-1.));
#4885 = DEFINITIONAL_REPRESENTATION('',(#4886),#4890);
#4886 = LINE('',#4887,#4888);
#4887 = CARTESIAN_POINT('',(0.,0.));
#4888 = VECTOR('',#4889,1.);
#4889 = DIRECTION('',(0.,1.));
#4890 = ( GEOMETRIC_REPRESENTATION_CONTEXT(2) 
PARAMETRIC_REPRESENTATION_CONTEXT() REPRESENTATION_CONTEXT('2D SPACE',''
  ) );
#4891 = ADVANCED_FACE('',(#4892),#2140,.T.);
#4892 = FACE_BOUND('',#4893,.T.);
#4893 = EDGE_LOOP('',(#4894,#4895,#4896));
#4894 = ORIENTED_EDGE('',*,*,#2181,.F.);
#4895 = ORIENTED_EDGE('',*,*,#2123,.T.);
#4896 = ORIENTED_EDGE('',*,*,#4897,.F.);
#4897 = EDGE_CURVE('',#2182,#2124,#4898,.T.);
#4898 = SURFACE_CURVE('',#4899,(#4904,#4911),.PCURVE_S1.);
#4899 = CIRCLE('',#4900,1.5);
#4900 = AXIS2_PLACEMENT_3D('',#4901,#4902,#4903);
#4901 = CARTESIAN_POINT('',(199.05,16.43,-18.5));
#4902 = DIRECTION('',(0.,1.,-1.110223024625E-16));
#4903 = DIRECTION('',(1.,0.,0.));
#4904 = PCURVE('',#2140,#4905);
#4905 = DEFINITIONAL_REPRESENTATION('',(#4906),#4910);
#4906 = LINE('',#4907,#4908);
#4907 = CARTESIAN_POINT('',(0.,0.));
#4908 = VECTOR('',#4909,1.);
#4909 = DIRECTION('',(1.,0.));
#4910 = ( GEOMETRIC_REPRESENTATION_CONTEXT(2) 
PARAMETRIC_REPRESENTATION_CONTEXT() REPRESENTATION_CONTEXT('2D SPACE',''
  ) );
#4911 = PCURVE('',#4854,#4912);
#4912 = DEFINITIONAL_REPRESENTATION('',(#4913),#4917);
#4913 = LINE('',#4914,#4915);
#4914 = CARTESIAN_POINT('',(-0.,18.64));
#4915 = VECTOR('',#4916,1.);
#4916 = DIRECTION('',(-1.,0.));
#4917 = ( GEOMETRIC_REPRESENTATION_CONTEXT(2) 
PARAMETRIC_REPRESENTATION_CONTEXT() REPRESENTATION_CONTEXT('2D SPACE',''
  ) );
#4918 = ADVANCED_FACE('',(#4919),#2259,.T.);
#4919 = FACE_BOUND('',#4920,.T.);
#4920 = EDGE_LOOP('',(#4921,#4944,#4972,#5000,#5028,#5056,#5084,#5105));
#4921 = ORIENTED_EDGE('',*,*,#4922,.F.);
#4922 = EDGE_CURVE('',#4923,#2182,#4925,.T.);
#4923 = VERTEX_POINT('',#4924);
#4924 = CARTESIAN_POINT('',(200.55,33.57,-18.5));
#4925 = SURFACE_CURVE('',#4926,(#4930,#4937),.PCURVE_S1.);
#4926 = LINE('',#4927,#4928);
#4927 = CARTESIAN_POINT('',(200.55,35.07,-18.5));
#4928 = VECTOR('',#4929,1.);
#4929 = DIRECTION('',(0.,-1.,1.110223024625E-16));
#4930 = PCURVE('',#2259,#4931);
#4931 = DEFINITIONAL_REPRESENTATION('',(#4932),#4936);
#4932 = LINE('',#4933,#4934);
#4933 = CARTESIAN_POINT('',(1.665334536938E-16,-1.5));
#4934 = VECTOR('',#4935,1.);
#4935 = DIRECTION('',(1.,0.));
#4936 = ( GEOMETRIC_REPRESENTATION_CONTEXT(2) 
PARAMETRIC_REPRESENTATION_CONTEXT() REPRESENTATION_CONTEXT('2D SPACE',''
  ) );
#4937 = PCURVE('',#4854,#4938);
#4938 = DEFINITIONAL_REPRESENTATION('',(#4939),#4943);
#4939 = LINE('',#4940,#4941);
#4940 = CARTESIAN_POINT('',(-0.,0.));
#4941 = VECTOR('',#4942,1.);
#4942 = DIRECTION('',(-0.,1.));
#4943 = ( GEOMETRIC_REPRESENTATION_CONTEXT(2) 
PARAMETRIC_REPRESENTATION_CONTEXT() REPRESENTATION_CONTEXT('2D SPACE',''
  ) );
#4944 = ORIENTED_EDGE('',*,*,#4945,.T.);
#4945 = EDGE_CURVE('',#4923,#4946,#4948,.T.);
#4946 = VERTEX_POINT('',#4947);
#4947 = CARTESIAN_POINT('',(200.55,33.57,18.5));
#4948 = SURFACE_CURVE('',#4949,(#4953,#4960),.PCURVE_S1.);
#4949 = LINE('',#4950,#4951);
#4950 = CARTESIAN_POINT('',(200.55,33.57,-20.));
#4951 = VECTOR('',#4952,1.);
#4952 = DIRECTION('',(0.,1.110223024625E-16,1.));
#4953 = PCURVE('',#2259,#4954);
#4954 = DEFINITIONAL_REPRESENTATION('',(#4955),#4959);
#4955 = LINE('',#4956,#4957);
#4956 = CARTESIAN_POINT('',(1.5,1.665334536938E-16));
#4957 = VECTOR('',#4958,1.);
#4958 = DIRECTION('',(0.,-1.));
#4959 = ( GEOMETRIC_REPRESENTATION_CONTEXT(2) 
PARAMETRIC_REPRESENTATION_CONTEXT() REPRESENTATION_CONTEXT('2D SPACE',''
  ) );
#4960 = PCURVE('',#4961,#4966);
#4961 = CYLINDRICAL_SURFACE('',#4962,1.5);
#4962 = AXIS2_PLACEMENT_3D('',#4963,#4964,#4965);
#4963 = CARTESIAN_POINT('',(199.05,33.57,-20.));
#4964 = DIRECTION('',(0.,1.110223024625E-16,1.));
#4965 = DIRECTION('',(1.,0.,0.));
#4966 = DEFINITIONAL_REPRESENTATION('',(#4967),#4971);
#4967 = LINE('',#4968,#4969);
#4968 = CARTESIAN_POINT('',(0.,0.));
#4969 = VECTOR('',#4970,1.);
#4970 = DIRECTION('',(0.,1.));
#4971 = ( GEOMETRIC_REPRESENTATION_CONTEXT(2) 
PARAMETRIC_REPRESENTATION_CONTEXT() REPRESENTATION_CONTEXT('2D SPACE',''
  ) );
#4972 = ORIENTED_EDGE('',*,*,#4973,.T.);
#4973 = EDGE_CURVE('',#4946,#4974,#4976,.T.);
#4974 = VERTEX_POINT('',#4975);
#4975 = CARTESIAN_POINT('',(200.55,18.5,18.5));
#4976 = SURFACE_CURVE('',#4977,(#4981,#4988),.PCURVE_S1.);
#4977 = LINE('',#4978,#4979);
#4978 = CARTESIAN_POINT('',(200.55,35.07,18.5));
#4979 = VECTOR('',#4980,1.);
#4980 = DIRECTION('',(0.,-1.,1.110223024625E-16));
#4981 = PCURVE('',#2259,#4982);
#4982 = DEFINITIONAL_REPRESENTATION('',(#4983),#4987);
#4983 = LINE('',#4984,#4985);
#4984 = CARTESIAN_POINT('',(4.274358644807E-15,-38.5));
#4985 = VECTOR('',#4986,1.);
#4986 = DIRECTION('',(1.,0.));
#4987 = ( GEOMETRIC_REPRESENTATION_CONTEXT(2) 
PARAMETRIC_REPRESENTATION_CONTEXT() REPRESENTATION_CONTEXT('2D SPACE',''
  ) );
#4988 = PCURVE('',#4989,#4994);
#4989 = CYLINDRICAL_SURFACE('',#4990,1.5);
#4990 = AXIS2_PLACEMENT_3D('',#4991,#4992,#4993);
#4991 = CARTESIAN_POINT('',(199.05,35.07,18.5));
#4992 = DIRECTION('',(0.,-1.,1.110223024625E-16));
#4993 = DIRECTION('',(1.,0.,0.));
#4994 = DEFINITIONAL_REPRESENTATION('',(#4995),#4999);
#4995 = LINE('',#4996,#4997);
#4996 = CARTESIAN_POINT('',(0.,0.));
#4997 = VECTOR('',#4998,1.);
#4998 = DIRECTION('',(0.,1.));
#4999 = ( GEOMETRIC_REPRESENTATION_CONTEXT(2) 
PARAMETRIC_REPRESENTATION_CONTEXT() REPRESENTATION_CONTEXT('2D SPACE',''
  ) );
#5000 = ORIENTED_EDGE('',*,*,#5001,.T.);
#5001 = EDGE_CURVE('',#4974,#5002,#5004,.T.);
#5002 = VERTEX_POINT('',#5003);
#5003 = CARTESIAN_POINT('',(200.55,18.5,28.57));
#5004 = SURFACE_CURVE('',#5005,(#5009,#5016),.PCURVE_S1.);
#5005 = LINE('',#5006,#5007);
#5006 = CARTESIAN_POINT('',(200.55,18.5,9.93));
#5007 = VECTOR('',#5008,1.);
#5008 = DIRECTION('',(0.,0.,1.));
#5009 = PCURVE('',#2259,#5010);
#5010 = DEFINITIONAL_REPRESENTATION('',(#5011),#5015);
#5011 = LINE('',#5012,#5013);
#5012 = CARTESIAN_POINT('',(16.57,-29.93));
#5013 = VECTOR('',#5014,1.);
#5014 = DIRECTION('',(1.110223024625E-16,-1.));
#5015 = ( GEOMETRIC_REPRESENTATION_CONTEXT(2) 
PARAMETRIC_REPRESENTATION_CONTEXT() REPRESENTATION_CONTEXT('2D SPACE',''
  ) );
#5016 = PCURVE('',#5017,#5022);
#5017 = CYLINDRICAL_SURFACE('',#5018,1.5);
#5018 = AXIS2_PLACEMENT_3D('',#5019,#5020,#5021);
#5019 = CARTESIAN_POINT('',(199.05,18.5,9.93));
#5020 = DIRECTION('',(0.,0.,1.));
#5021 = DIRECTION('',(1.,0.,-0.));
#5022 = DEFINITIONAL_REPRESENTATION('',(#5023),#5027);
#5023 = LINE('',#5024,#5025);
#5024 = CARTESIAN_POINT('',(0.,0.));
#5025 = VECTOR('',#5026,1.);
#5026 = DIRECTION('',(0.,1.));
#5027 = ( GEOMETRIC_REPRESENTATION_CONTEXT(2) 
PARAMETRIC_REPRESENTATION_CONTEXT() REPRESENTATION_CONTEXT('2D SPACE',''
  ) );
#5028 = ORIENTED_EDGE('',*,*,#5029,.F.);
#5029 = EDGE_CURVE('',#5030,#5002,#5032,.T.);
#5030 = VERTEX_POINT('',#5031);
#5031 = CARTESIAN_POINT('',(200.55,-18.5,28.57));
#5032 = SURFACE_CURVE('',#5033,(#5037,#5044),.PCURVE_S1.);
#5033 = LINE('',#5034,#5035);
#5034 = CARTESIAN_POINT('',(200.55,-20.,28.57));
#5035 = VECTOR('',#5036,1.);
#5036 = DIRECTION('',(0.,1.,0.));
#5037 = PCURVE('',#2259,#5038);
#5038 = DEFINITIONAL_REPRESENTATION('',(#5039),#5043);
#5039 = LINE('',#5040,#5041);
#5040 = CARTESIAN_POINT('',(55.07,-48.57));
#5041 = VECTOR('',#5042,1.);
#5042 = DIRECTION('',(-1.,-1.110223024625E-16));
#5043 = ( GEOMETRIC_REPRESENTATION_CONTEXT(2) 
PARAMETRIC_REPRESENTATION_CONTEXT() REPRESENTATION_CONTEXT('2D SPACE',''
  ) );
#5044 = PCURVE('',#5045,#5050);
#5045 = CYLINDRICAL_SURFACE('',#5046,1.5);
#5046 = AXIS2_PLACEMENT_3D('',#5047,#5048,#5049);
#5047 = CARTESIAN_POINT('',(199.05,-20.,28.57));
#5048 = DIRECTION('',(0.,1.,0.));
#5049 = DIRECTION('',(1.,0.,-0.));
#5050 = DEFINITIONAL_REPRESENTATION('',(#5051),#5055);
#5051 = LINE('',#5052,#5053);
#5052 = CARTESIAN_POINT('',(-0.,0.));
#5053 = VECTOR('',#5054,1.);
#5054 = DIRECTION('',(-0.,1.));
#5055 = ( GEOMETRIC_REPRESENTATION_CONTEXT(2) 
PARAMETRIC_REPRESENTATION_CONTEXT() REPRESENTATION_CONTEXT('2D SPACE',''
  ) );
#5056 = ORIENTED_EDGE('',*,*,#5057,.F.);
#5057 = EDGE_CURVE('',#5058,#5030,#5060,.T.);
#5058 = VERTEX_POINT('',#5059);
#5059 = CARTESIAN_POINT('',(200.55,-18.5,11.43));
#5060 = SURFACE_CURVE('',#5061,(#5065,#5072),.PCURVE_S1.);
#5061 = LINE('',#5062,#5063);
#5062 = CARTESIAN_POINT('',(200.55,-18.5,9.93));
#5063 = VECTOR('',#5064,1.);
#5064 = DIRECTION('',(0.,0.,1.));
#5065 = PCURVE('',#2259,#5066);
#5066 = DEFINITIONAL_REPRESENTATION('',(#5067),#5071);
#5067 = LINE('',#5068,#5069);
#5068 = CARTESIAN_POINT('',(53.57,-29.93));
#5069 = VECTOR('',#5070,1.);
#5070 = DIRECTION('',(1.110223024625E-16,-1.));
#5071 = ( GEOMETRIC_REPRESENTATION_CONTEXT(2) 
PARAMETRIC_REPRESENTATION_CONTEXT() REPRESENTATION_CONTEXT('2D SPACE',''
  ) );
#5072 = PCURVE('',#5073,#5078);
#5073 = CYLINDRICAL_SURFACE('',#5074,1.5);
#5074 = AXIS2_PLACEMENT_3D('',#5075,#5076,#5077);
#5075 = CARTESIAN_POINT('',(199.05,-18.5,9.93));
#5076 = DIRECTION('',(0.,0.,1.));
#5077 = DIRECTION('',(1.,0.,-0.));
#5078 = DEFINITIONAL_REPRESENTATION('',(#5079),#5083);
#5079 = LINE('',#5080,#5081);
#5080 = CARTESIAN_POINT('',(-0.,0.));
#5081 = VECTOR('',#5082,1.);
#5082 = DIRECTION('',(-0.,1.));
#5083 = ( GEOMETRIC_REPRESENTATION_CONTEXT(2) 
PARAMETRIC_REPRESENTATION_CONTEXT() REPRESENTATION_CONTEXT('2D SPACE',''
  ) );
#5084 = ORIENTED_EDGE('',*,*,#5085,.T.);
#5085 = EDGE_CURVE('',#5058,#2207,#5086,.T.);
#5086 = SURFACE_CURVE('',#5087,(#5091,#5098),.PCURVE_S1.);
#5087 = LINE('',#5088,#5089);
#5088 = CARTESIAN_POINT('',(200.55,-20.,11.43));
#5089 = VECTOR('',#5090,1.);
#5090 = DIRECTION('',(0.,1.,0.));
#5091 = PCURVE('',#2259,#5092);
#5092 = DEFINITIONAL_REPRESENTATION('',(#5093),#5097);
#5093 = LINE('',#5094,#5095);
#5094 = CARTESIAN_POINT('',(55.07,-31.43));
#5095 = VECTOR('',#5096,1.);
#5096 = DIRECTION('',(-1.,-1.110223024625E-16));
#5097 = ( GEOMETRIC_REPRESENTATION_CONTEXT(2) 
PARAMETRIC_REPRESENTATION_CONTEXT() REPRESENTATION_CONTEXT('2D SPACE',''
  ) );
#5098 = PCURVE('',#2228,#5099);
#5099 = DEFINITIONAL_REPRESENTATION('',(#5100),#5104);
#5100 = LINE('',#5101,#5102);
#5101 = CARTESIAN_POINT('',(0.,0.));
#5102 = VECTOR('',#5103,1.);
#5103 = DIRECTION('',(0.,1.));
#5104 = ( GEOMETRIC_REPRESENTATION_CONTEXT(2) 
PARAMETRIC_REPRESENTATION_CONTEXT() REPRESENTATION_CONTEXT('2D SPACE',''
  ) );
#5105 = ORIENTED_EDGE('',*,*,#2245,.F.);
#5106 = ADVANCED_FACE('',(#5107),#2228,.T.);
#5107 = FACE_BOUND('',#5108,.T.);
#5108 = EDGE_LOOP('',(#5109,#5138,#5166,#5273,#5274,#5275));
#5109 = ORIENTED_EDGE('',*,*,#5110,.F.);
#5110 = EDGE_CURVE('',#5111,#5058,#5113,.T.);
#5111 = VERTEX_POINT('',#5112);
#5112 = CARTESIAN_POINT('',(199.50287967496,-18.5,10.));
#5113 = SURFACE_CURVE('',#5114,(#5119,#5126),.PCURVE_S1.);
#5114 = CIRCLE('',#5115,1.5);
#5115 = AXIS2_PLACEMENT_3D('',#5116,#5117,#5118);
#5116 = CARTESIAN_POINT('',(199.05,-18.5,11.43));
#5117 = DIRECTION('',(0.,-1.,0.));
#5118 = DIRECTION('',(1.,0.,0.));
#5119 = PCURVE('',#2228,#5120);
#5120 = DEFINITIONAL_REPRESENTATION('',(#5121),#5125);
#5121 = LINE('',#5122,#5123);
#5122 = CARTESIAN_POINT('',(6.28318530718,1.5));
#5123 = VECTOR('',#5124,1.);
#5124 = DIRECTION('',(-1.,-0.));
#5125 = ( GEOMETRIC_REPRESENTATION_CONTEXT(2) 
PARAMETRIC_REPRESENTATION_CONTEXT() REPRESENTATION_CONTEXT('2D SPACE',''
  ) );
#5126 = PCURVE('',#5127,#5132);
#5127 = SPHERICAL_SURFACE('',#5128,1.5);
#5128 = AXIS2_PLACEMENT_3D('',#5129,#5130,#5131);
#5129 = CARTESIAN_POINT('',(199.05,-18.5,11.43));
#5130 = DIRECTION('',(0.,0.,1.));
#5131 = DIRECTION('',(1.,0.,-0.));
#5132 = DEFINITIONAL_REPRESENTATION('',(#5133),#5137);
#5133 = LINE('',#5134,#5135);
#5134 = CARTESIAN_POINT('',(-0.,-6.28318530718));
#5135 = VECTOR('',#5136,1.);
#5136 = DIRECTION('',(-0.,1.));
#5137 = ( GEOMETRIC_REPRESENTATION_CONTEXT(2) 
PARAMETRIC_REPRESENTATION_CONTEXT() REPRESENTATION_CONTEXT('2D SPACE',''
  ) );
#5138 = ORIENTED_EDGE('',*,*,#5139,.T.);
#5139 = EDGE_CURVE('',#5111,#5140,#5142,.T.);
#5140 = VERTEX_POINT('',#5141);
#5141 = CARTESIAN_POINT('',(199.50287967496,0.5,10.));
#5142 = SURFACE_CURVE('',#5143,(#5147,#5154),.PCURVE_S1.);
#5143 = LINE('',#5144,#5145);
#5144 = CARTESIAN_POINT('',(199.50287967496,-20.,10.));
#5145 = VECTOR('',#5146,1.);
#5146 = DIRECTION('',(0.,1.,0.));
#5147 = PCURVE('',#2228,#5148);
#5148 = DEFINITIONAL_REPRESENTATION('',(#5149),#5153);
#5149 = LINE('',#5150,#5151);
#5150 = CARTESIAN_POINT('',(1.264090554435,0.));
#5151 = VECTOR('',#5152,1.);
#5152 = DIRECTION('',(0.,1.));
#5153 = ( GEOMETRIC_REPRESENTATION_CONTEXT(2) 
PARAMETRIC_REPRESENTATION_CONTEXT() REPRESENTATION_CONTEXT('2D SPACE',''
  ) );
#5154 = PCURVE('',#5155,#5160);
#5155 = CYLINDRICAL_SURFACE('',#5156,1.5);
#5156 = AXIS2_PLACEMENT_3D('',#5157,#5158,#5159);
#5157 = CARTESIAN_POINT('',(199.05,-38.,8.57));
#5158 = DIRECTION('',(0.,1.,0.));
#5159 = DIRECTION('',(1.,0.,-0.));
#5160 = DEFINITIONAL_REPRESENTATION('',(#5161),#5165);
#5161 = LINE('',#5162,#5163);
#5162 = CARTESIAN_POINT('',(-1.264090554435,18.));
#5163 = VECTOR('',#5164,1.);
#5164 = DIRECTION('',(-0.,1.));
#5165 = ( GEOMETRIC_REPRESENTATION_CONTEXT(2) 
PARAMETRIC_REPRESENTATION_CONTEXT() REPRESENTATION_CONTEXT('2D SPACE',''
  ) );
#5166 = ORIENTED_EDGE('',*,*,#5167,.F.);
#5167 = EDGE_CURVE('',#2298,#5140,#5168,.T.);
#5168 = SURFACE_CURVE('',#5169,(#5200,#5234),.PCURVE_S1.);
#5169 = B_SPLINE_CURVE_WITH_KNOTS('',8,(#5170,#5171,#5172,#5173,#5174,
    #5175,#5176,#5177,#5178,#5179,#5180,#5181,#5182,#5183,#5184,#5185,
    #5186,#5187,#5188,#5189,#5190,#5191,#5192,#5193,#5194,#5195,#5196,
    #5197,#5198,#5199),.UNSPECIFIED.,.F.,.F.,(9,7,7,7,9),(0.,
    0.174238521666,0.288741826598,0.446389515798,1.),.UNSPECIFIED.);
#5170 = CARTESIAN_POINT('',(199.05,1.132771680783,9.93));
#5171 = CARTESIAN_POINT('',(199.07005577137,1.132771680783,9.93));
#5172 = CARTESIAN_POINT('',(199.09012079148,1.131386419113,
    9.930306464988));
#5173 = CARTESIAN_POINT('',(199.11003642983,1.128614155434,
    9.930919886865));
#5174 = CARTESIAN_POINT('',(199.12967026471,1.124494586888,
    9.931827532003));
#5175 = CARTESIAN_POINT('',(199.14891142749,1.119095660038,
    9.933006963282));
#5176 = CARTESIAN_POINT('',(199.16766727319,1.112504022898,9.93442912767
    ));
#5177 = CARTESIAN_POINT('',(199.18586137726,1.104819117048,
    9.936061009348));
#5178 = CARTESIAN_POINT('',(199.21498020562,1.090454475063,
    9.939055238155));
#5179 = CARTESIAN_POINT('',(199.22626483639,1.084330260158,
    9.940318839348));
#5180 = CARTESIAN_POINT('',(199.23727457482,1.077805887917,
    9.941649454803));
#5181 = CARTESIAN_POINT('',(199.2480007649,1.070908770412,9.943037979495
    ));
#5182 = CARTESIAN_POINT('',(199.25843787327,1.063665577983,9.94447556214
    ));
#5183 = CARTESIAN_POINT('',(199.26858309162,1.056101708232,
    9.945953766813));
#5184 = CARTESIAN_POINT('',(199.27843593924,1.04824075501,9.947464734562
    ));
#5185 = CARTESIAN_POINT('',(199.30116268706,1.028901294784,
    9.951116944139));
#5186 = CARTESIAN_POINT('',(199.31377394448,1.01717765726,9.953280799993
    ));
#5187 = CARTESIAN_POINT('',(199.32583749584,1.004987515973,
    9.955474383567));
#5188 = CARTESIAN_POINT('',(199.33736185841,0.992380619691,
    9.957681040438));
#5189 = CARTESIAN_POINT('',(199.34835780621,0.979401636916,
    9.959885968908));
#5190 = CARTESIAN_POINT('',(199.35883796761,0.96608977797,9.962076198144
    ));
#5191 = CARTESIAN_POINT('',(199.36881642288,0.952478417094,
    9.964240566305));
#5192 = CARTESIAN_POINT('',(199.41164087839,0.889839396029,
    9.973846560557));
#5193 = CARTESIAN_POINT('',(199.43885861982,0.837893401099,
    9.980862816898));
#5194 = CARTESIAN_POINT('',(199.46081923632,0.783767789056,
    9.987046078882));
#5195 = CARTESIAN_POINT('',(199.47788148211,0.728170680527,
    9.992159652527));
#5196 = CARTESIAN_POINT('',(199.49043914293,0.671687030941,
    9.996059208968));
#5197 = CARTESIAN_POINT('',(199.49871394799,0.614700719396,
    9.998680944422));
#5198 = CARTESIAN_POINT('',(199.50287967496,0.557455156297,10.));
#5199 = CARTESIAN_POINT('',(199.50287967496,0.5,10.));
#5200 = PCURVE('',#2228,#5201);
#5201 = DEFINITIONAL_REPRESENTATION('',(#5202),#5233);
#5202 = B_SPLINE_CURVE_WITH_KNOTS('',8,(#5203,#5204,#5205,#5206,#5207,
    #5208,#5209,#5210,#5211,#5212,#5213,#5214,#5215,#5216,#5217,#5218,
    #5219,#5220,#5221,#5222,#5223,#5224,#5225,#5226,#5227,#5228,#5229,
    #5230,#5231,#5232),.UNSPECIFIED.,.F.,.F.,(9,7,7,7,9),(0.,
    0.174238521666,0.288741826598,0.446389515798,1.),.UNSPECIFIED.);
#5203 = CARTESIAN_POINT('',(1.570796326795,21.132771680783));
#5204 = CARTESIAN_POINT('',(1.557425812547,21.132771680783));
#5205 = CARTESIAN_POINT('',(1.544049133917,21.131386419113));
#5206 = CARTESIAN_POINT('',(1.530768395949,21.128614155434));
#5207 = CARTESIAN_POINT('',(1.51766823263,21.124494586888));
#5208 = CARTESIAN_POINT('',(1.504819472061,21.119095660038));
#5209 = CARTESIAN_POINT('',(1.492281686185,21.112504022898));
#5210 = CARTESIAN_POINT('',(1.480104625096,21.104819117048));
#5211 = CARTESIAN_POINT('',(1.46058971261,21.090454475063));
#5212 = CARTESIAN_POINT('',(1.453019919502,21.084330260158));
#5213 = CARTESIAN_POINT('',(1.445627146546,21.077805887917));
#5214 = CARTESIAN_POINT('',(1.438417183733,21.070908770412));
#5215 = CARTESIAN_POINT('',(1.431393861583,21.063665577983));
#5216 = CARTESIAN_POINT('',(1.424559291632,21.056101708232));
#5217 = CARTESIAN_POINT('',(1.417914106925,21.04824075501));
#5218 = CARTESIAN_POINT('',(1.40256855091,21.028901294784));
#5219 = CARTESIAN_POINT('',(1.394038660984,21.01717765726));
#5220 = CARTESIAN_POINT('',(1.385865071876,21.004987515973));
#5221 = CARTESIAN_POINT('',(1.378043228662,20.992380619691));
#5222 = CARTESIAN_POINT('',(1.370567186032,20.979401636916));
#5223 = CARTESIAN_POINT('',(1.36342981196,20.96608977797));
#5224 = CARTESIAN_POINT('',(1.356622991382,20.952478417094));
#5225 = CARTESIAN_POINT('',(1.327363925436,20.889839396029));
#5226 = CARTESIAN_POINT('',(1.308634928757,20.837893401099));
#5227 = CARTESIAN_POINT('',(1.293429382087,20.783767789056));
#5228 = CARTESIAN_POINT('',(1.281556602421,20.728170680527));
#5229 = CARTESIAN_POINT('',(1.272790305715,20.671687030941));
#5230 = CARTESIAN_POINT('',(1.267003630186,20.614700719396));
#5231 = CARTESIAN_POINT('',(1.264090554434,20.557455156297));
#5232 = CARTESIAN_POINT('',(1.264090554434,20.5));
#5233 = ( GEOMETRIC_REPRESENTATION_CONTEXT(2) 
PARAMETRIC_REPRESENTATION_CONTEXT() REPRESENTATION_CONTEXT('2D SPACE',''
  ) );
#5234 = PCURVE('',#5235,#5240);
#5235 = SPHERICAL_SURFACE('',#5236,1.5);
#5236 = AXIS2_PLACEMENT_3D('',#5237,#5238,#5239);
#5237 = CARTESIAN_POINT('',(199.05,0.5,8.57));
#5238 = DIRECTION('',(-0.,-1.,-0.));
#5239 = DIRECTION('',(1.,-0.,0.));
#5240 = DEFINITIONAL_REPRESENTATION('',(#5241),#5272);
#5241 = B_SPLINE_CURVE_WITH_KNOTS('',8,(#5242,#5243,#5244,#5245,#5246,
    #5247,#5248,#5249,#5250,#5251,#5252,#5253,#5254,#5255,#5256,#5257,
    #5258,#5259,#5260,#5261,#5262,#5263,#5264,#5265,#5266,#5267,#5268,
    #5269,#5270,#5271),.UNSPECIFIED.,.F.,.F.,(9,7,7,7,9),(0.,
    0.174238521666,0.288741826598,0.446389515798,1.),.UNSPECIFIED.);
#5242 = CARTESIAN_POINT('',(1.570796326795,-0.435482356724));
#5243 = CARTESIAN_POINT('',(1.55604943608,-0.435482356724));
#5244 = CARTESIAN_POINT('',(1.541295736908,-0.434463806436));
#5245 = CARTESIAN_POINT('',(1.526674965941,-0.432425311558));
#5246 = CARTESIAN_POINT('',(1.512307621617,-0.429398965834));
#5247 = CARTESIAN_POINT('',(1.498294262401,-0.425440031842));
#5248 = CARTESIAN_POINT('',(1.484715663684,-0.420619035885));
#5249 = CARTESIAN_POINT('',(1.471633833325,-0.415016276957));
#5250 = CARTESIAN_POINT('',(1.450853082266,-0.404580240903));
#5251 = CARTESIAN_POINT('',(1.442841886605,-0.400139415141));
#5252 = CARTESIAN_POINT('',(1.43506952624,-0.395418427748));
#5253 = CARTESIAN_POINT('',(1.427541697904,-0.390439133009));
#5254 = CARTESIAN_POINT('',(1.420261045067,-0.385222669282));
#5255 = CARTESIAN_POINT('',(1.413227635332,-0.379789044027));
#5256 = CARTESIAN_POINT('',(1.406439437821,-0.374156718827));
#5257 = CARTESIAN_POINT('',(1.390879416775,-0.36033678062));
#5258 = CARTESIAN_POINT('',(1.382325399778,-0.351987348612));
#5259 = CARTESIAN_POINT('',(1.374219616241,-0.343336323608));
#5260 = CARTESIAN_POINT('',(1.366548253427,-0.334421815034));
#5261 = CARTESIAN_POINT('',(1.359295494949,-0.32527747002));
#5262 = CARTESIAN_POINT('',(1.352444196518,-0.315932326886));
#5263 = CARTESIAN_POINT('',(1.345976561682,-0.306410668633));
#5264 = CARTESIAN_POINT('',(1.318447357873,-0.262742917483));
#5265 = CARTESIAN_POINT('',(1.301605076298,-0.226933324915));
#5266 = CARTESIAN_POINT('',(1.28843563316,-0.190023754841));
#5267 = CARTESIAN_POINT('',(1.278445120757,-0.15245368685));
#5268 = CARTESIAN_POINT('',(1.271203880702,-0.114543670367));
#5269 = CARTESIAN_POINT('',(1.266472639364,-7.646714098566E-02));
#5270 = CARTESIAN_POINT('',(1.264090554434,-3.830343753141E-02));
#5271 = CARTESIAN_POINT('',(1.264090554434,0.));
#5272 = ( GEOMETRIC_REPRESENTATION_CONTEXT(2) 
PARAMETRIC_REPRESENTATION_CONTEXT() REPRESENTATION_CONTEXT('2D SPACE',''
  ) );
#5273 = ORIENTED_EDGE('',*,*,#2325,.T.);
#5274 = ORIENTED_EDGE('',*,*,#2206,.F.);
#5275 = ORIENTED_EDGE('',*,*,#5085,.F.);
#5276 = ADVANCED_FACE('',(#5277),#2313,.T.);
#5277 = FACE_BOUND('',#5278,.T.);
#5278 = EDGE_LOOP('',(#5279,#5280,#5281,#5282));
#5279 = ORIENTED_EDGE('',*,*,#3114,.F.);
#5280 = ORIENTED_EDGE('',*,*,#2397,.T.);
#5281 = ORIENTED_EDGE('',*,*,#2297,.T.);
#5282 = ORIENTED_EDGE('',*,*,#5283,.F.);
#5283 = EDGE_CURVE('',#3115,#2298,#5284,.T.);
#5284 = SURFACE_CURVE('',#5285,(#5290,#5297),.PCURVE_S1.);
#5285 = CIRCLE('',#5286,1.5);
#5286 = AXIS2_PLACEMENT_3D('',#5287,#5288,#5289);
#5287 = CARTESIAN_POINT('',(199.05,0.5,8.57));
#5288 = DIRECTION('',(1.,0.,-6.123233995737E-17));
#5289 = DIRECTION('',(6.123233995737E-17,0.,1.));
#5290 = PCURVE('',#2313,#5291);
#5291 = DEFINITIONAL_REPRESENTATION('',(#5292),#5296);
#5292 = LINE('',#5293,#5294);
#5293 = CARTESIAN_POINT('',(-4.712388980385,49.6));
#5294 = VECTOR('',#5295,1.);
#5295 = DIRECTION('',(1.,0.));
#5296 = ( GEOMETRIC_REPRESENTATION_CONTEXT(2) 
PARAMETRIC_REPRESENTATION_CONTEXT() REPRESENTATION_CONTEXT('2D SPACE',''
  ) );
#5297 = PCURVE('',#5235,#5298);
#5298 = DEFINITIONAL_REPRESENTATION('',(#5299),#5303);
#5299 = LINE('',#5300,#5301);
#5300 = CARTESIAN_POINT('',(1.570796326795,-6.28318530718));
#5301 = VECTOR('',#5302,1.);
#5302 = DIRECTION('',(0.,1.));
#5303 = ( GEOMETRIC_REPRESENTATION_CONTEXT(2) 
PARAMETRIC_REPRESENTATION_CONTEXT() REPRESENTATION_CONTEXT('2D SPACE',''
  ) );
#5304 = ADVANCED_FACE('',(#5305),#2588,.T.);
#5305 = FACE_BOUND('',#5306,.T.);
#5306 = EDGE_LOOP('',(#5307,#5308));
#5307 = ORIENTED_EDGE('',*,*,#2572,.T.);
#5308 = ORIENTED_EDGE('',*,*,#2626,.F.);
#5309 = ADVANCED_FACE('',(#5310),#2832,.F.);
#5310 = FACE_BOUND('',#5311,.F.);
#5311 = EDGE_LOOP('',(#5312,#5338,#5339,#5340));
#5312 = ORIENTED_EDGE('',*,*,#5313,.F.);
#5313 = EDGE_CURVE('',#2931,#2954,#5314,.T.);
#5314 = SURFACE_CURVE('',#5315,(#5320,#5327),.PCURVE_S1.);
#5315 = CIRCLE('',#5316,1.);
#5316 = AXIS2_PLACEMENT_3D('',#5317,#5318,#5319);
#5317 = CARTESIAN_POINT('',(181.25,16.93,-10.8253175473));
#5318 = DIRECTION('',(0.,1.,0.));
#5319 = DIRECTION('',(0.564668881832,-0.,0.825317547305));
#5320 = PCURVE('',#2832,#5321);
#5321 = DEFINITIONAL_REPRESENTATION('',(#5322),#5326);
#5322 = LINE('',#5323,#5324);
#5323 = CARTESIAN_POINT('',(7.253949636414,-3.5));
#5324 = VECTOR('',#5325,1.);
#5325 = DIRECTION('',(-1.,-0.));
#5326 = ( GEOMETRIC_REPRESENTATION_CONTEXT(2) 
PARAMETRIC_REPRESENTATION_CONTEXT() REPRESENTATION_CONTEXT('2D SPACE',''
  ) );
#5327 = PCURVE('',#2969,#5328);
#5328 = DEFINITIONAL_REPRESENTATION('',(#5329),#5337);
#5329 = ( BOUNDED_CURVE() B_SPLINE_CURVE(2,(#5330,#5331,#5332,#5333,
#5334,#5335,#5336),.UNSPECIFIED.,.T.,.F.) B_SPLINE_CURVE_WITH_KNOTS((1,2
    ,2,2,2,1),(-2.094395102393,0.,2.094395102393,4.188790204786,
6.28318530718,8.377580409573),.UNSPECIFIED.) CURVE() 
GEOMETRIC_REPRESENTATION_ITEM() RATIONAL_B_SPLINE_CURVE((1.,0.5,1.,0.5,
1.,0.5,1.)) REPRESENTATION_ITEM('') );
#5330 = CARTESIAN_POINT('',(0.564668881832,0.825317547305));
#5331 = CARTESIAN_POINT('',(1.994160806143,-0.152717645481));
#5332 = CARTESIAN_POINT('',(0.432411521239,-0.901676370046));
#5333 = CARTESIAN_POINT('',(-1.129337763664,-1.650635094611));
#5334 = CARTESIAN_POINT('',(-0.997080403072,7.635882274052E-02));
#5335 = CARTESIAN_POINT('',(-0.864823042479,1.803352740092));
#5336 = CARTESIAN_POINT('',(0.564668881832,0.825317547305));
#5337 = ( GEOMETRIC_REPRESENTATION_CONTEXT(2) 
PARAMETRIC_REPRESENTATION_CONTEXT() REPRESENTATION_CONTEXT('2D SPACE',''
  ) );
#5338 = ORIENTED_EDGE('',*,*,#2930,.T.);
#5339 = ORIENTED_EDGE('',*,*,#2811,.T.);
#5340 = ORIENTED_EDGE('',*,*,#2981,.F.);
#5341 = ADVANCED_FACE('',(#5342),#2888,.F.);
#5342 = FACE_BOUND('',#5343,.F.);
#5343 = EDGE_LOOP('',(#5344,#5370,#5371,#5372));
#5344 = ORIENTED_EDGE('',*,*,#5345,.F.);
#5345 = EDGE_CURVE('',#3004,#3027,#5346,.T.);
#5346 = SURFACE_CURVE('',#5347,(#5352,#5359),.PCURVE_S1.);
#5347 = CIRCLE('',#5348,1.);
#5348 = AXIS2_PLACEMENT_3D('',#5349,#5350,#5351);
#5349 = CARTESIAN_POINT('',(168.75,16.93,-10.8253175473));
#5350 = DIRECTION('',(0.,1.,0.));
#5351 = DIRECTION('',(0.564668881832,-0.,0.825317547305));
#5352 = PCURVE('',#2888,#5353);
#5353 = DEFINITIONAL_REPRESENTATION('',(#5354),#5358);
#5354 = LINE('',#5355,#5356);
#5355 = CARTESIAN_POINT('',(7.253949636414,-3.5));
#5356 = VECTOR('',#5357,1.);
#5357 = DIRECTION('',(-1.,-0.));
#5358 = ( GEOMETRIC_REPRESENTATION_CONTEXT(2) 
PARAMETRIC_REPRESENTATION_CONTEXT() REPRESENTATION_CONTEXT('2D SPACE',''
  ) );
#5359 = PCURVE('',#3042,#5360);
#5360 = DEFINITIONAL_REPRESENTATION('',(#5361),#5369);
#5361 = ( BOUNDED_CURVE() B_SPLINE_CURVE(2,(#5362,#5363,#5364,#5365,
#5366,#5367,#5368),.UNSPECIFIED.,.T.,.F.) B_SPLINE_CURVE_WITH_KNOTS((1,2
    ,2,2,2,1),(-2.094395102393,0.,2.094395102393,4.188790204786,
6.28318530718,8.377580409573),.UNSPECIFIED.) CURVE() 
GEOMETRIC_REPRESENTATION_ITEM() RATIONAL_B_SPLINE_CURVE((1.,0.5,1.,0.5,
1.,0.5,1.)) REPRESENTATION_ITEM('') );
#5362 = CARTESIAN_POINT('',(0.564668881832,0.825317547305));
#5363 = CARTESIAN_POINT('',(1.994160806143,-0.152717645481));
#5364 = CARTESIAN_POINT('',(0.432411521239,-0.901676370046));
#5365 = CARTESIAN_POINT('',(-1.129337763664,-1.650635094611));
#5366 = CARTESIAN_POINT('',(-0.997080403072,7.635882274053E-02));
#5367 = CARTESIAN_POINT('',(-0.864823042479,1.803352740092));
#5368 = CARTESIAN_POINT('',(0.564668881832,0.825317547305));
#5369 = ( GEOMETRIC_REPRESENTATION_CONTEXT(2) 
PARAMETRIC_REPRESENTATION_CONTEXT() REPRESENTATION_CONTEXT('2D SPACE',''
  ) );
#5370 = ORIENTED_EDGE('',*,*,#3003,.T.);
#5371 = ORIENTED_EDGE('',*,*,#2867,.T.);
#5372 = ORIENTED_EDGE('',*,*,#3054,.F.);
#5373 = ADVANCED_FACE('',(#5374),#3042,.T.);
#5374 = FACE_BOUND('',#5375,.T.);
#5375 = EDGE_LOOP('',(#5376,#5377));
#5376 = ORIENTED_EDGE('',*,*,#3026,.F.);
#5377 = ORIENTED_EDGE('',*,*,#5345,.F.);
#5378 = ADVANCED_FACE('',(#5379),#2969,.T.);
#5379 = FACE_BOUND('',#5380,.T.);
#5380 = EDGE_LOOP('',(#5381,#5382));
#5381 = ORIENTED_EDGE('',*,*,#2953,.F.);
#5382 = ORIENTED_EDGE('',*,*,#5313,.F.);
#5383 = ADVANCED_FACE('',(#5384),#3093,.T.);
#5384 = FACE_BOUND('',#5385,.F.);
#5385 = EDGE_LOOP('',(#5386,#5413,#5414,#5415));
#5386 = ORIENTED_EDGE('',*,*,#5387,.F.);
#5387 = EDGE_CURVE('',#3222,#3809,#5388,.T.);
#5388 = SURFACE_CURVE('',#5389,(#5394,#5401),.PCURVE_S1.);
#5389 = CIRCLE('',#5390,1.5);
#5390 = AXIS2_PLACEMENT_3D('',#5391,#5392,#5393);
#5391 = CARTESIAN_POINT('',(150.95,-36.5,-8.57));
#5392 = DIRECTION('',(0.,1.,-0.));
#5393 = DIRECTION('',(-1.,0.,0.));
#5394 = PCURVE('',#3093,#5395);
#5395 = DEFINITIONAL_REPRESENTATION('',(#5396),#5400);
#5396 = LINE('',#5397,#5398);
#5397 = CARTESIAN_POINT('',(-6.28318530718,1.5));
#5398 = VECTOR('',#5399,1.);
#5399 = DIRECTION('',(1.,-0.));
#5400 = ( GEOMETRIC_REPRESENTATION_CONTEXT(2) 
PARAMETRIC_REPRESENTATION_CONTEXT() REPRESENTATION_CONTEXT('2D SPACE',''
  ) );
#5401 = PCURVE('',#5402,#5407);
#5402 = SPHERICAL_SURFACE('',#5403,1.5);
#5403 = AXIS2_PLACEMENT_3D('',#5404,#5405,#5406);
#5404 = CARTESIAN_POINT('',(150.95,-36.5,-8.57));
#5405 = DIRECTION('',(0.,0.,1.));
#5406 = DIRECTION('',(-1.,0.,0.));
#5407 = DEFINITIONAL_REPRESENTATION('',(#5408),#5412);
#5408 = LINE('',#5409,#5410);
#5409 = CARTESIAN_POINT('',(0.,-6.28318530718));
#5410 = VECTOR('',#5411,1.);
#5411 = DIRECTION('',(0.,1.));
#5412 = ( GEOMETRIC_REPRESENTATION_CONTEXT(2) 
PARAMETRIC_REPRESENTATION_CONTEXT() REPRESENTATION_CONTEXT('2D SPACE',''
  ) );
#5413 = ORIENTED_EDGE('',*,*,#3221,.T.);
#5414 = ORIENTED_EDGE('',*,*,#3078,.T.);
#5415 = ORIENTED_EDGE('',*,*,#3838,.F.);
#5416 = ADVANCED_FACE('',(#5417),#3151,.T.);
#5417 = FACE_BOUND('',#5418,.T.);
#5418 = EDGE_LOOP('',(#5419,#5447,#5448,#5449));
#5419 = ORIENTED_EDGE('',*,*,#5420,.F.);
#5420 = EDGE_CURVE('',#3167,#5421,#5423,.T.);
#5421 = VERTEX_POINT('',#5422);
#5422 = CARTESIAN_POINT('',(200.55,0.5,8.57));
#5423 = SURFACE_CURVE('',#5424,(#5428,#5435),.PCURVE_S1.);
#5424 = LINE('',#5425,#5426);
#5425 = CARTESIAN_POINT('',(200.55,0.5,-10.07));
#5426 = VECTOR('',#5427,1.);
#5427 = DIRECTION('',(0.,0.,1.));
#5428 = PCURVE('',#3151,#5429);
#5429 = DEFINITIONAL_REPRESENTATION('',(#5430),#5434);
#5430 = LINE('',#5431,#5432);
#5431 = CARTESIAN_POINT('',(0.,0.));
#5432 = VECTOR('',#5433,1.);
#5433 = DIRECTION('',(0.,1.));
#5434 = ( GEOMETRIC_REPRESENTATION_CONTEXT(2) 
PARAMETRIC_REPRESENTATION_CONTEXT() REPRESENTATION_CONTEXT('2D SPACE',''
  ) );
#5435 = PCURVE('',#5436,#5441);
#5436 = PLANE('',#5437);
#5437 = AXIS2_PLACEMENT_3D('',#5438,#5439,#5440);
#5438 = CARTESIAN_POINT('',(200.55,-38.,-10.07));
#5439 = DIRECTION('',(1.,0.,0.));
#5440 = DIRECTION('',(0.,0.,1.));
#5441 = DEFINITIONAL_REPRESENTATION('',(#5442),#5446);
#5442 = LINE('',#5443,#5444);
#5443 = CARTESIAN_POINT('',(0.,-38.5));
#5444 = VECTOR('',#5445,1.);
#5445 = DIRECTION('',(1.,0.));
#5446 = ( GEOMETRIC_REPRESENTATION_CONTEXT(2) 
PARAMETRIC_REPRESENTATION_CONTEXT() REPRESENTATION_CONTEXT('2D SPACE',''
  ) );
#5447 = ORIENTED_EDGE('',*,*,#3196,.T.);
#5448 = ORIENTED_EDGE('',*,*,#3137,.T.);
#5449 = ORIENTED_EDGE('',*,*,#5450,.T.);
#5450 = EDGE_CURVE('',#3115,#5421,#5451,.T.);
#5451 = SURFACE_CURVE('',#5452,(#5457,#5464),.PCURVE_S1.);
#5452 = CIRCLE('',#5453,1.5);
#5453 = AXIS2_PLACEMENT_3D('',#5454,#5455,#5456);
#5454 = CARTESIAN_POINT('',(199.05,0.5,8.57));
#5455 = DIRECTION('',(0.,0.,-1.));
#5456 = DIRECTION('',(1.,0.,0.));
#5457 = PCURVE('',#3151,#5458);
#5458 = DEFINITIONAL_REPRESENTATION('',(#5459),#5463);
#5459 = LINE('',#5460,#5461);
#5460 = CARTESIAN_POINT('',(6.28318530718,18.64));
#5461 = VECTOR('',#5462,1.);
#5462 = DIRECTION('',(-1.,-0.));
#5463 = ( GEOMETRIC_REPRESENTATION_CONTEXT(2) 
PARAMETRIC_REPRESENTATION_CONTEXT() REPRESENTATION_CONTEXT('2D SPACE',''
  ) );
#5464 = PCURVE('',#5235,#5465);
#5465 = DEFINITIONAL_REPRESENTATION('',(#5466),#5470);
#5466 = LINE('',#5467,#5468);
#5467 = CARTESIAN_POINT('',(0.,-6.28318530718));
#5468 = VECTOR('',#5469,1.);
#5469 = DIRECTION('',(0.,1.));
#5470 = ( GEOMETRIC_REPRESENTATION_CONTEXT(2) 
PARAMETRIC_REPRESENTATION_CONTEXT() REPRESENTATION_CONTEXT('2D SPACE',''
  ) );
#5471 = ADVANCED_FACE('',(#5472),#3183,.T.);
#5472 = FACE_BOUND('',#5473,.T.);
#5473 = EDGE_LOOP('',(#5474,#5503,#5504,#5505));
#5474 = ORIENTED_EDGE('',*,*,#5475,.F.);
#5475 = EDGE_CURVE('',#3245,#5476,#5478,.T.);
#5476 = VERTEX_POINT('',#5477);
#5477 = CARTESIAN_POINT('',(200.55,-36.5,-8.57));
#5478 = SURFACE_CURVE('',#5479,(#5484,#5491),.PCURVE_S1.);
#5479 = CIRCLE('',#5480,1.5);
#5480 = AXIS2_PLACEMENT_3D('',#5481,#5482,#5483);
#5481 = CARTESIAN_POINT('',(199.05,-36.5,-8.57));
#5482 = DIRECTION('',(0.,-1.,0.));
#5483 = DIRECTION('',(1.,0.,0.));
#5484 = PCURVE('',#3183,#5485);
#5485 = DEFINITIONAL_REPRESENTATION('',(#5486),#5490);
#5486 = LINE('',#5487,#5488);
#5487 = CARTESIAN_POINT('',(6.28318530718,1.5));
#5488 = VECTOR('',#5489,1.);
#5489 = DIRECTION('',(-1.,-0.));
#5490 = ( GEOMETRIC_REPRESENTATION_CONTEXT(2) 
PARAMETRIC_REPRESENTATION_CONTEXT() REPRESENTATION_CONTEXT('2D SPACE',''
  ) );
#5491 = PCURVE('',#5492,#5497);
#5492 = SPHERICAL_SURFACE('',#5493,1.5);
#5493 = AXIS2_PLACEMENT_3D('',#5494,#5495,#5496);
#5494 = CARTESIAN_POINT('',(199.05,-36.5,-8.57));
#5495 = DIRECTION('',(0.,0.,1.));
#5496 = DIRECTION('',(1.,0.,-0.));
#5497 = DEFINITIONAL_REPRESENTATION('',(#5498),#5502);
#5498 = LINE('',#5499,#5500);
#5499 = CARTESIAN_POINT('',(-0.,-6.28318530718));
#5500 = VECTOR('',#5501,1.);
#5501 = DIRECTION('',(-0.,1.));
#5502 = ( GEOMETRIC_REPRESENTATION_CONTEXT(2) 
PARAMETRIC_REPRESENTATION_CONTEXT() REPRESENTATION_CONTEXT('2D SPACE',''
  ) );
#5503 = ORIENTED_EDGE('',*,*,#3272,.T.);
#5504 = ORIENTED_EDGE('',*,*,#3166,.T.);
#5505 = ORIENTED_EDGE('',*,*,#5506,.F.);
#5506 = EDGE_CURVE('',#5476,#3167,#5507,.T.);
#5507 = SURFACE_CURVE('',#5508,(#5512,#5519),.PCURVE_S1.);
#5508 = LINE('',#5509,#5510);
#5509 = CARTESIAN_POINT('',(200.55,-38.,-8.57));
#5510 = VECTOR('',#5511,1.);
#5511 = DIRECTION('',(0.,1.,0.));
#5512 = PCURVE('',#3183,#5513);
#5513 = DEFINITIONAL_REPRESENTATION('',(#5514),#5518);
#5514 = LINE('',#5515,#5516);
#5515 = CARTESIAN_POINT('',(0.,0.));
#5516 = VECTOR('',#5517,1.);
#5517 = DIRECTION('',(0.,1.));
#5518 = ( GEOMETRIC_REPRESENTATION_CONTEXT(2) 
PARAMETRIC_REPRESENTATION_CONTEXT() REPRESENTATION_CONTEXT('2D SPACE',''
  ) );
#5519 = PCURVE('',#5436,#5520);
#5520 = DEFINITIONAL_REPRESENTATION('',(#5521),#5525);
#5521 = LINE('',#5522,#5523);
#5522 = CARTESIAN_POINT('',(1.5,0.));
#5523 = VECTOR('',#5524,1.);
#5524 = DIRECTION('',(0.,-1.));
#5525 = ( GEOMETRIC_REPRESENTATION_CONTEXT(2) 
PARAMETRIC_REPRESENTATION_CONTEXT() REPRESENTATION_CONTEXT('2D SPACE',''
  ) );
#5526 = ADVANCED_FACE('',(#5527),#3260,.T.);
#5527 = FACE_BOUND('',#5528,.T.);
#5528 = EDGE_LOOP('',(#5529,#5553,#5554,#5578));
#5529 = ORIENTED_EDGE('',*,*,#5530,.F.);
#5530 = EDGE_CURVE('',#3222,#5531,#5533,.T.);
#5531 = VERTEX_POINT('',#5532);
#5532 = CARTESIAN_POINT('',(150.95,-38.,-8.57));
#5533 = SURFACE_CURVE('',#5534,(#5539,#5546),.PCURVE_S1.);
#5534 = CIRCLE('',#5535,1.5);
#5535 = AXIS2_PLACEMENT_3D('',#5536,#5537,#5538);
#5536 = CARTESIAN_POINT('',(150.95,-36.5,-8.57));
#5537 = DIRECTION('',(-1.,6.123233995737E-17,0.));
#5538 = DIRECTION('',(-6.123233995737E-17,-1.,0.));
#5539 = PCURVE('',#3260,#5540);
#5540 = DEFINITIONAL_REPRESENTATION('',(#5541),#5545);
#5541 = LINE('',#5542,#5543);
#5542 = CARTESIAN_POINT('',(6.28318530718,1.5));
#5543 = VECTOR('',#5544,1.);
#5544 = DIRECTION('',(-1.,-0.));
#5545 = ( GEOMETRIC_REPRESENTATION_CONTEXT(2) 
PARAMETRIC_REPRESENTATION_CONTEXT() REPRESENTATION_CONTEXT('2D SPACE',''
  ) );
#5546 = PCURVE('',#5402,#5547);
#5547 = DEFINITIONAL_REPRESENTATION('',(#5548),#5552);
#5548 = LINE('',#5549,#5550);
#5549 = CARTESIAN_POINT('',(1.570796326795,-6.28318530718));
#5550 = VECTOR('',#5551,1.);
#5551 = DIRECTION('',(0.,1.));
#5552 = ( GEOMETRIC_REPRESENTATION_CONTEXT(2) 
PARAMETRIC_REPRESENTATION_CONTEXT() REPRESENTATION_CONTEXT('2D SPACE',''
  ) );
#5553 = ORIENTED_EDGE('',*,*,#3244,.T.);
#5554 = ORIENTED_EDGE('',*,*,#5555,.T.);
#5555 = EDGE_CURVE('',#3245,#5556,#5558,.T.);
#5556 = VERTEX_POINT('',#5557);
#5557 = CARTESIAN_POINT('',(199.05,-38.,-8.57));
#5558 = SURFACE_CURVE('',#5559,(#5564,#5571),.PCURVE_S1.);
#5559 = CIRCLE('',#5560,1.5);
#5560 = AXIS2_PLACEMENT_3D('',#5561,#5562,#5563);
#5561 = CARTESIAN_POINT('',(199.05,-36.5,-8.57));
#5562 = DIRECTION('',(-1.,-6.123233995737E-17,0.));
#5563 = DIRECTION('',(6.123233995737E-17,-1.,-0.));
#5564 = PCURVE('',#3260,#5565);
#5565 = DEFINITIONAL_REPRESENTATION('',(#5566),#5570);
#5566 = LINE('',#5567,#5568);
#5567 = CARTESIAN_POINT('',(6.28318530718,49.6));
#5568 = VECTOR('',#5569,1.);
#5569 = DIRECTION('',(-1.,-0.));
#5570 = ( GEOMETRIC_REPRESENTATION_CONTEXT(2) 
PARAMETRIC_REPRESENTATION_CONTEXT() REPRESENTATION_CONTEXT('2D SPACE',''
  ) );
#5571 = PCURVE('',#5492,#5572);
#5572 = DEFINITIONAL_REPRESENTATION('',(#5573),#5577);
#5573 = LINE('',#5574,#5575);
#5574 = CARTESIAN_POINT('',(-1.570796326795,-6.28318530718));
#5575 = VECTOR('',#5576,1.);
#5576 = DIRECTION('',(-0.,1.));
#5577 = ( GEOMETRIC_REPRESENTATION_CONTEXT(2) 
PARAMETRIC_REPRESENTATION_CONTEXT() REPRESENTATION_CONTEXT('2D SPACE',''
  ) );
#5578 = ORIENTED_EDGE('',*,*,#5579,.F.);
#5579 = EDGE_CURVE('',#5531,#5556,#5580,.T.);
#5580 = SURFACE_CURVE('',#5581,(#5585,#5592),.PCURVE_S1.);
#5581 = LINE('',#5582,#5583);
#5582 = CARTESIAN_POINT('',(149.45,-38.,-8.57));
#5583 = VECTOR('',#5584,1.);
#5584 = DIRECTION('',(1.,0.,0.));
#5585 = PCURVE('',#3260,#5586);
#5586 = DEFINITIONAL_REPRESENTATION('',(#5587),#5591);
#5587 = LINE('',#5588,#5589);
#5588 = CARTESIAN_POINT('',(0.,0.));
#5589 = VECTOR('',#5590,1.);
#5590 = DIRECTION('',(0.,1.));
#5591 = ( GEOMETRIC_REPRESENTATION_CONTEXT(2) 
PARAMETRIC_REPRESENTATION_CONTEXT() REPRESENTATION_CONTEXT('2D SPACE',''
  ) );
#5592 = PCURVE('',#5593,#5598);
#5593 = PLANE('',#5594);
#5594 = AXIS2_PLACEMENT_3D('',#5595,#5596,#5597);
#5595 = CARTESIAN_POINT('',(149.45,-38.,-10.07));
#5596 = DIRECTION('',(0.,1.,0.));
#5597 = DIRECTION('',(0.,0.,1.));
#5598 = DEFINITIONAL_REPRESENTATION('',(#5599),#5603);
#5599 = LINE('',#5600,#5601);
#5600 = CARTESIAN_POINT('',(1.5,0.));
#5601 = VECTOR('',#5602,1.);
#5602 = DIRECTION('',(0.,1.));
#5603 = ( GEOMETRIC_REPRESENTATION_CONTEXT(2) 
PARAMETRIC_REPRESENTATION_CONTEXT() REPRESENTATION_CONTEXT('2D SPACE',''
  ) );
#5604 = ADVANCED_FACE('',(#5605),#3314,.T.);
#5605 = FACE_BOUND('',#5606,.T.);
#5606 = EDGE_LOOP('',(#5607,#5637,#5658,#5659));
#5607 = ORIENTED_EDGE('',*,*,#5608,.F.);
#5608 = EDGE_CURVE('',#5609,#5611,#5613,.T.);
#5609 = VERTEX_POINT('',#5610);
#5610 = CARTESIAN_POINT('',(173.875,-21.,-10.79422863406));
#5611 = VERTEX_POINT('',#5612);
#5612 = CARTESIAN_POINT('',(175.,-21.,-10.79422863406));
#5613 = SURFACE_CURVE('',#5614,(#5618,#5625),.PCURVE_S1.);
#5614 = LINE('',#5615,#5616);
#5615 = CARTESIAN_POINT('',(173.875,-21.,-10.79422863406));
#5616 = VECTOR('',#5617,1.);
#5617 = DIRECTION('',(1.,0.,0.));
#5618 = PCURVE('',#3314,#5619);
#5619 = DEFINITIONAL_REPRESENTATION('',(#5620),#5624);
#5620 = LINE('',#5621,#5622);
#5621 = CARTESIAN_POINT('',(0.,0.));
#5622 = VECTOR('',#5623,1.);
#5623 = DIRECTION('',(0.,1.));
#5624 = ( GEOMETRIC_REPRESENTATION_CONTEXT(2) 
PARAMETRIC_REPRESENTATION_CONTEXT() REPRESENTATION_CONTEXT('2D SPACE',''
  ) );
#5625 = PCURVE('',#5626,#5631);
#5626 = PLANE('',#5627);
#5627 = AXIS2_PLACEMENT_3D('',#5628,#5629,#5630);
#5628 = CARTESIAN_POINT('',(173.875,-24.,-10.79422863406));
#5629 = DIRECTION('',(0.,0.,1.));
#5630 = DIRECTION('',(1.,0.,0.));
#5631 = DEFINITIONAL_REPRESENTATION('',(#5632),#5636);
#5632 = LINE('',#5633,#5634);
#5633 = CARTESIAN_POINT('',(0.,3.));
#5634 = VECTOR('',#5635,1.);
#5635 = DIRECTION('',(1.,0.));
#5636 = ( GEOMETRIC_REPRESENTATION_CONTEXT(2) 
PARAMETRIC_REPRESENTATION_CONTEXT() REPRESENTATION_CONTEXT('2D SPACE',''
  ) );
#5637 = ORIENTED_EDGE('',*,*,#5638,.T.);
#5638 = EDGE_CURVE('',#5609,#3299,#5639,.T.);
#5639 = SURFACE_CURVE('',#5640,(#5644,#5651),.PCURVE_S1.);
#5640 = LINE('',#5641,#5642);
#5641 = CARTESIAN_POINT('',(173.875,-21.,-10.79422863406));
#5642 = VECTOR('',#5643,1.);
#5643 = DIRECTION('',(0.,0.,1.));
#5644 = PCURVE('',#3314,#5645);
#5645 = DEFINITIONAL_REPRESENTATION('',(#5646),#5650);
#5646 = LINE('',#5647,#5648);
#5647 = CARTESIAN_POINT('',(0.,0.));
#5648 = VECTOR('',#5649,1.);
#5649 = DIRECTION('',(1.,0.));
#5650 = ( GEOMETRIC_REPRESENTATION_CONTEXT(2) 
PARAMETRIC_REPRESENTATION_CONTEXT() REPRESENTATION_CONTEXT('2D SPACE',''
  ) );
#5651 = PCURVE('',#3424,#5652);
#5652 = DEFINITIONAL_REPRESENTATION('',(#5653),#5657);
#5653 = LINE('',#5654,#5655);
#5654 = CARTESIAN_POINT('',(0.,-3.));
#5655 = VECTOR('',#5656,1.);
#5656 = DIRECTION('',(1.,0.));
#5657 = ( GEOMETRIC_REPRESENTATION_CONTEXT(2) 
PARAMETRIC_REPRESENTATION_CONTEXT() REPRESENTATION_CONTEXT('2D SPACE',''
  ) );
#5658 = ORIENTED_EDGE('',*,*,#3296,.F.);
#5659 = ORIENTED_EDGE('',*,*,#5660,.T.);
#5660 = EDGE_CURVE('',#3297,#5611,#5661,.T.);
#5661 = SURFACE_CURVE('',#5662,(#5666,#5673),.PCURVE_S1.);
#5662 = LINE('',#5663,#5664);
#5663 = CARTESIAN_POINT('',(175.,-21.,-18.07));
#5664 = VECTOR('',#5665,1.);
#5665 = DIRECTION('',(-0.,-0.,-1.));
#5666 = PCURVE('',#3314,#5667);
#5667 = DEFINITIONAL_REPRESENTATION('',(#5668),#5672);
#5668 = LINE('',#5669,#5670);
#5669 = CARTESIAN_POINT('',(-7.27577136594,1.125));
#5670 = VECTOR('',#5671,1.);
#5671 = DIRECTION('',(-1.,0.));
#5672 = ( GEOMETRIC_REPRESENTATION_CONTEXT(2) 
PARAMETRIC_REPRESENTATION_CONTEXT() REPRESENTATION_CONTEXT('2D SPACE',''
  ) );
#5673 = PCURVE('',#3342,#5674);
#5674 = DEFINITIONAL_REPRESENTATION('',(#5675),#5679);
#5675 = LINE('',#5676,#5677);
#5676 = CARTESIAN_POINT('',(-7.27577136594,1.125));
#5677 = VECTOR('',#5678,1.);
#5678 = DIRECTION('',(-1.,0.));
#5679 = ( GEOMETRIC_REPRESENTATION_CONTEXT(2) 
PARAMETRIC_REPRESENTATION_CONTEXT() REPRESENTATION_CONTEXT('2D SPACE',''
  ) );
#5680 = ADVANCED_FACE('',(#5681),#3424,.F.);
#5681 = FACE_BOUND('',#5682,.F.);
#5682 = EDGE_LOOP('',(#5683,#5706,#5727,#5728));
#5683 = ORIENTED_EDGE('',*,*,#5684,.F.);
#5684 = EDGE_CURVE('',#5685,#3383,#5687,.T.);
#5685 = VERTEX_POINT('',#5686);
#5686 = CARTESIAN_POINT('',(173.875,-24.,-10.79422863406));
#5687 = SURFACE_CURVE('',#5688,(#5692,#5699),.PCURVE_S1.);
#5688 = LINE('',#5689,#5690);
#5689 = CARTESIAN_POINT('',(173.875,-24.,-10.79422863406));
#5690 = VECTOR('',#5691,1.);
#5691 = DIRECTION('',(0.,0.,1.));
#5692 = PCURVE('',#3424,#5693);
#5693 = DEFINITIONAL_REPRESENTATION('',(#5694),#5698);
#5694 = LINE('',#5695,#5696);
#5695 = CARTESIAN_POINT('',(0.,0.));
#5696 = VECTOR('',#5697,1.);
#5697 = DIRECTION('',(1.,0.));
#5698 = ( GEOMETRIC_REPRESENTATION_CONTEXT(2) 
PARAMETRIC_REPRESENTATION_CONTEXT() REPRESENTATION_CONTEXT('2D SPACE',''
  ) );
#5699 = PCURVE('',#3398,#5700);
#5700 = DEFINITIONAL_REPRESENTATION('',(#5701),#5705);
#5701 = LINE('',#5702,#5703);
#5702 = CARTESIAN_POINT('',(0.,0.));
#5703 = VECTOR('',#5704,1.);
#5704 = DIRECTION('',(1.,0.));
#5705 = ( GEOMETRIC_REPRESENTATION_CONTEXT(2) 
PARAMETRIC_REPRESENTATION_CONTEXT() REPRESENTATION_CONTEXT('2D SPACE',''
  ) );
#5706 = ORIENTED_EDGE('',*,*,#5707,.T.);
#5707 = EDGE_CURVE('',#5685,#5609,#5708,.T.);
#5708 = SURFACE_CURVE('',#5709,(#5713,#5720),.PCURVE_S1.);
#5709 = LINE('',#5710,#5711);
#5710 = CARTESIAN_POINT('',(173.875,-24.,-10.79422863406));
#5711 = VECTOR('',#5712,1.);
#5712 = DIRECTION('',(0.,1.,0.));
#5713 = PCURVE('',#3424,#5714);
#5714 = DEFINITIONAL_REPRESENTATION('',(#5715),#5719);
#5715 = LINE('',#5716,#5717);
#5716 = CARTESIAN_POINT('',(0.,0.));
#5717 = VECTOR('',#5718,1.);
#5718 = DIRECTION('',(0.,-1.));
#5719 = ( GEOMETRIC_REPRESENTATION_CONTEXT(2) 
PARAMETRIC_REPRESENTATION_CONTEXT() REPRESENTATION_CONTEXT('2D SPACE',''
  ) );
#5720 = PCURVE('',#5626,#5721);
#5721 = DEFINITIONAL_REPRESENTATION('',(#5722),#5726);
#5722 = LINE('',#5723,#5724);
#5723 = CARTESIAN_POINT('',(0.,0.));
#5724 = VECTOR('',#5725,1.);
#5725 = DIRECTION('',(0.,1.));
#5726 = ( GEOMETRIC_REPRESENTATION_CONTEXT(2) 
PARAMETRIC_REPRESENTATION_CONTEXT() REPRESENTATION_CONTEXT('2D SPACE',''
  ) );
#5727 = ORIENTED_EDGE('',*,*,#5638,.T.);
#5728 = ORIENTED_EDGE('',*,*,#3410,.F.);
#5729 = ADVANCED_FACE('',(#5730),#3398,.F.);
#5730 = FACE_BOUND('',#5731,.F.);
#5731 = EDGE_LOOP('',(#5732,#5755,#5776,#5777));
#5732 = ORIENTED_EDGE('',*,*,#5733,.F.);
#5733 = EDGE_CURVE('',#5734,#3355,#5736,.T.);
#5734 = VERTEX_POINT('',#5735);
#5735 = CARTESIAN_POINT('',(176.125,-24.,-10.79422863406));
#5736 = SURFACE_CURVE('',#5737,(#5741,#5748),.PCURVE_S1.);
#5737 = LINE('',#5738,#5739);
#5738 = CARTESIAN_POINT('',(176.125,-24.,-10.79422863406));
#5739 = VECTOR('',#5740,1.);
#5740 = DIRECTION('',(0.,0.,1.));
#5741 = PCURVE('',#3398,#5742);
#5742 = DEFINITIONAL_REPRESENTATION('',(#5743),#5747);
#5743 = LINE('',#5744,#5745);
#5744 = CARTESIAN_POINT('',(0.,2.25));
#5745 = VECTOR('',#5746,1.);
#5746 = DIRECTION('',(1.,0.));
#5747 = ( GEOMETRIC_REPRESENTATION_CONTEXT(2) 
PARAMETRIC_REPRESENTATION_CONTEXT() REPRESENTATION_CONTEXT('2D SPACE',''
  ) );
#5748 = PCURVE('',#3370,#5749);
#5749 = DEFINITIONAL_REPRESENTATION('',(#5750),#5754);
#5750 = LINE('',#5751,#5752);
#5751 = CARTESIAN_POINT('',(0.,0.));
#5752 = VECTOR('',#5753,1.);
#5753 = DIRECTION('',(1.,0.));
#5754 = ( GEOMETRIC_REPRESENTATION_CONTEXT(2) 
PARAMETRIC_REPRESENTATION_CONTEXT() REPRESENTATION_CONTEXT('2D SPACE',''
  ) );
#5755 = ORIENTED_EDGE('',*,*,#5756,.F.);
#5756 = EDGE_CURVE('',#5685,#5734,#5757,.T.);
#5757 = SURFACE_CURVE('',#5758,(#5762,#5769),.PCURVE_S1.);
#5758 = LINE('',#5759,#5760);
#5759 = CARTESIAN_POINT('',(173.875,-24.,-10.79422863406));
#5760 = VECTOR('',#5761,1.);
#5761 = DIRECTION('',(1.,0.,0.));
#5762 = PCURVE('',#3398,#5763);
#5763 = DEFINITIONAL_REPRESENTATION('',(#5764),#5768);
#5764 = LINE('',#5765,#5766);
#5765 = CARTESIAN_POINT('',(0.,0.));
#5766 = VECTOR('',#5767,1.);
#5767 = DIRECTION('',(0.,1.));
#5768 = ( GEOMETRIC_REPRESENTATION_CONTEXT(2) 
PARAMETRIC_REPRESENTATION_CONTEXT() REPRESENTATION_CONTEXT('2D SPACE',''
  ) );
#5769 = PCURVE('',#5626,#5770);
#5770 = DEFINITIONAL_REPRESENTATION('',(#5771),#5775);
#5771 = LINE('',#5772,#5773);
#5772 = CARTESIAN_POINT('',(0.,0.));
#5773 = VECTOR('',#5774,1.);
#5774 = DIRECTION('',(1.,0.));
#5775 = ( GEOMETRIC_REPRESENTATION_CONTEXT(2) 
PARAMETRIC_REPRESENTATION_CONTEXT() REPRESENTATION_CONTEXT('2D SPACE',''
  ) );
#5776 = ORIENTED_EDGE('',*,*,#5684,.T.);
#5777 = ORIENTED_EDGE('',*,*,#3382,.F.);
#5778 = ADVANCED_FACE('',(#5779),#3370,.T.);
#5779 = FACE_BOUND('',#5780,.T.);
#5780 = EDGE_LOOP('',(#5781,#5782,#5805,#5826));
#5781 = ORIENTED_EDGE('',*,*,#5733,.F.);
#5782 = ORIENTED_EDGE('',*,*,#5783,.T.);
#5783 = EDGE_CURVE('',#5734,#5784,#5786,.T.);
#5784 = VERTEX_POINT('',#5785);
#5785 = CARTESIAN_POINT('',(176.125,-21.,-10.79422863406));
#5786 = SURFACE_CURVE('',#5787,(#5791,#5798),.PCURVE_S1.);
#5787 = LINE('',#5788,#5789);
#5788 = CARTESIAN_POINT('',(176.125,-24.,-10.79422863406));
#5789 = VECTOR('',#5790,1.);
#5790 = DIRECTION('',(0.,1.,0.));
#5791 = PCURVE('',#3370,#5792);
#5792 = DEFINITIONAL_REPRESENTATION('',(#5793),#5797);
#5793 = LINE('',#5794,#5795);
#5794 = CARTESIAN_POINT('',(0.,0.));
#5795 = VECTOR('',#5796,1.);
#5796 = DIRECTION('',(0.,-1.));
#5797 = ( GEOMETRIC_REPRESENTATION_CONTEXT(2) 
PARAMETRIC_REPRESENTATION_CONTEXT() REPRESENTATION_CONTEXT('2D SPACE',''
  ) );
#5798 = PCURVE('',#5626,#5799);
#5799 = DEFINITIONAL_REPRESENTATION('',(#5800),#5804);
#5800 = LINE('',#5801,#5802);
#5801 = CARTESIAN_POINT('',(2.25,0.));
#5802 = VECTOR('',#5803,1.);
#5803 = DIRECTION('',(0.,1.));
#5804 = ( GEOMETRIC_REPRESENTATION_CONTEXT(2) 
PARAMETRIC_REPRESENTATION_CONTEXT() REPRESENTATION_CONTEXT('2D SPACE',''
  ) );
#5805 = ORIENTED_EDGE('',*,*,#5806,.T.);
#5806 = EDGE_CURVE('',#5784,#3327,#5807,.T.);
#5807 = SURFACE_CURVE('',#5808,(#5812,#5819),.PCURVE_S1.);
#5808 = LINE('',#5809,#5810);
#5809 = CARTESIAN_POINT('',(176.125,-21.,-10.79422863406));
#5810 = VECTOR('',#5811,1.);
#5811 = DIRECTION('',(0.,0.,1.));
#5812 = PCURVE('',#3370,#5813);
#5813 = DEFINITIONAL_REPRESENTATION('',(#5814),#5818);
#5814 = LINE('',#5815,#5816);
#5815 = CARTESIAN_POINT('',(0.,-3.));
#5816 = VECTOR('',#5817,1.);
#5817 = DIRECTION('',(1.,0.));
#5818 = ( GEOMETRIC_REPRESENTATION_CONTEXT(2) 
PARAMETRIC_REPRESENTATION_CONTEXT() REPRESENTATION_CONTEXT('2D SPACE',''
  ) );
#5819 = PCURVE('',#3342,#5820);
#5820 = DEFINITIONAL_REPRESENTATION('',(#5821),#5825);
#5821 = LINE('',#5822,#5823);
#5822 = CARTESIAN_POINT('',(0.,2.25));
#5823 = VECTOR('',#5824,1.);
#5824 = DIRECTION('',(1.,0.));
#5825 = ( GEOMETRIC_REPRESENTATION_CONTEXT(2) 
PARAMETRIC_REPRESENTATION_CONTEXT() REPRESENTATION_CONTEXT('2D SPACE',''
  ) );
#5826 = ORIENTED_EDGE('',*,*,#3354,.F.);
#5827 = ADVANCED_FACE('',(#5828),#3342,.T.);
#5828 = FACE_BOUND('',#5829,.T.);
#5829 = EDGE_LOOP('',(#5830,#5851,#5852,#5853));
#5830 = ORIENTED_EDGE('',*,*,#5831,.F.);
#5831 = EDGE_CURVE('',#5611,#5784,#5832,.T.);
#5832 = SURFACE_CURVE('',#5833,(#5837,#5844),.PCURVE_S1.);
#5833 = LINE('',#5834,#5835);
#5834 = CARTESIAN_POINT('',(173.875,-21.,-10.79422863406));
#5835 = VECTOR('',#5836,1.);
#5836 = DIRECTION('',(1.,0.,0.));
#5837 = PCURVE('',#3342,#5838);
#5838 = DEFINITIONAL_REPRESENTATION('',(#5839),#5843);
#5839 = LINE('',#5840,#5841);
#5840 = CARTESIAN_POINT('',(0.,0.));
#5841 = VECTOR('',#5842,1.);
#5842 = DIRECTION('',(0.,1.));
#5843 = ( GEOMETRIC_REPRESENTATION_CONTEXT(2) 
PARAMETRIC_REPRESENTATION_CONTEXT() REPRESENTATION_CONTEXT('2D SPACE',''
  ) );
#5844 = PCURVE('',#5626,#5845);
#5845 = DEFINITIONAL_REPRESENTATION('',(#5846),#5850);
#5846 = LINE('',#5847,#5848);
#5847 = CARTESIAN_POINT('',(0.,3.));
#5848 = VECTOR('',#5849,1.);
#5849 = DIRECTION('',(1.,0.));
#5850 = ( GEOMETRIC_REPRESENTATION_CONTEXT(2) 
PARAMETRIC_REPRESENTATION_CONTEXT() REPRESENTATION_CONTEXT('2D SPACE',''
  ) );
#5851 = ORIENTED_EDGE('',*,*,#5660,.F.);
#5852 = ORIENTED_EDGE('',*,*,#3326,.F.);
#5853 = ORIENTED_EDGE('',*,*,#5806,.F.);
#5854 = ADVANCED_FACE('',(#5855),#3461,.T.);
#5855 = FACE_BOUND('',#5856,.F.);
#5856 = EDGE_LOOP('',(#5857,#5880,#5907,#5908,#5909,#5910));
#5857 = ORIENTED_EDGE('',*,*,#5858,.F.);
#5858 = EDGE_CURVE('',#5859,#3441,#5861,.T.);
#5859 = VERTEX_POINT('',#5860);
#5860 = CARTESIAN_POINT('',(178.,-18.,-18.07));
#5861 = SEAM_CURVE('',#5862,(#5866,#5873),.PCURVE_S1.);
#5862 = LINE('',#5863,#5864);
#5863 = CARTESIAN_POINT('',(178.,-18.,-18.07));
#5864 = VECTOR('',#5865,1.);
#5865 = DIRECTION('',(0.,0.,1.));
#5866 = PCURVE('',#3461,#5867);
#5867 = DEFINITIONAL_REPRESENTATION('',(#5868),#5872);
#5868 = LINE('',#5869,#5870);
#5869 = CARTESIAN_POINT('',(-6.28318530718,0.));
#5870 = VECTOR('',#5871,1.);
#5871 = DIRECTION('',(-0.,-1.));
#5872 = ( GEOMETRIC_REPRESENTATION_CONTEXT(2) 
PARAMETRIC_REPRESENTATION_CONTEXT() REPRESENTATION_CONTEXT('2D SPACE',''
  ) );
#5873 = PCURVE('',#3461,#5874);
#5874 = DEFINITIONAL_REPRESENTATION('',(#5875),#5879);
#5875 = LINE('',#5876,#5877);
#5876 = CARTESIAN_POINT('',(-0.,0.));
#5877 = VECTOR('',#5878,1.);
#5878 = DIRECTION('',(-0.,-1.));
#5879 = ( GEOMETRIC_REPRESENTATION_CONTEXT(2) 
PARAMETRIC_REPRESENTATION_CONTEXT() REPRESENTATION_CONTEXT('2D SPACE',''
  ) );
#5880 = ORIENTED_EDGE('',*,*,#5881,.F.);
#5881 = EDGE_CURVE('',#5859,#5859,#5882,.T.);
#5882 = SURFACE_CURVE('',#5883,(#5888,#5895),.PCURVE_S1.);
#5883 = CIRCLE('',#5884,3.);
#5884 = AXIS2_PLACEMENT_3D('',#5885,#5886,#5887);
#5885 = CARTESIAN_POINT('',(175.,-18.,-18.07));
#5886 = DIRECTION('',(0.,0.,1.));
#5887 = DIRECTION('',(1.,0.,0.));
#5888 = PCURVE('',#3461,#5889);
#5889 = DEFINITIONAL_REPRESENTATION('',(#5890),#5894);
#5890 = LINE('',#5891,#5892);
#5891 = CARTESIAN_POINT('',(-0.,0.));
#5892 = VECTOR('',#5893,1.);
#5893 = DIRECTION('',(-1.,0.));
#5894 = ( GEOMETRIC_REPRESENTATION_CONTEXT(2) 
PARAMETRIC_REPRESENTATION_CONTEXT() REPRESENTATION_CONTEXT('2D SPACE',''
  ) );
#5895 = PCURVE('',#5896,#5901);
#5896 = PLANE('',#5897);
#5897 = AXIS2_PLACEMENT_3D('',#5898,#5899,#5900);
#5898 = CARTESIAN_POINT('',(175.,-18.,-18.07));
#5899 = DIRECTION('',(0.,0.,1.));
#5900 = DIRECTION('',(1.,0.,-0.));
#5901 = DEFINITIONAL_REPRESENTATION('',(#5902),#5906);
#5902 = CIRCLE('',#5903,3.);
#5903 = AXIS2_PLACEMENT_2D('',#5904,#5905);
#5904 = CARTESIAN_POINT('',(0.,0.));
#5905 = DIRECTION('',(1.,0.));
#5906 = ( GEOMETRIC_REPRESENTATION_CONTEXT(2) 
PARAMETRIC_REPRESENTATION_CONTEXT() REPRESENTATION_CONTEXT('2D SPACE',''
  ) );
#5907 = ORIENTED_EDGE('',*,*,#5858,.T.);
#5908 = ORIENTED_EDGE('',*,*,#3438,.F.);
#5909 = ORIENTED_EDGE('',*,*,#3501,.F.);
#5910 = ORIENTED_EDGE('',*,*,#3473,.F.);
#5911 = ADVANCED_FACE('',(#5912),#3547,.F.);
#5912 = FACE_BOUND('',#5913,.F.);
#5913 = EDGE_LOOP('',(#5914,#5937,#5965,#5986));
#5914 = ORIENTED_EDGE('',*,*,#5915,.F.);
#5915 = EDGE_CURVE('',#5916,#3530,#5918,.T.);
#5916 = VERTEX_POINT('',#5917);
#5917 = CARTESIAN_POINT('',(176.125,-15.,-10.79422863406));
#5918 = SURFACE_CURVE('',#5919,(#5923,#5930),.PCURVE_S1.);
#5919 = LINE('',#5920,#5921);
#5920 = CARTESIAN_POINT('',(176.125,-15.,-10.79422863406));
#5921 = VECTOR('',#5922,1.);
#5922 = DIRECTION('',(0.,0.,1.));
#5923 = PCURVE('',#3547,#5924);
#5924 = DEFINITIONAL_REPRESENTATION('',(#5925),#5929);
#5925 = LINE('',#5926,#5927);
#5926 = CARTESIAN_POINT('',(0.,2.25));
#5927 = VECTOR('',#5928,1.);
#5928 = DIRECTION('',(1.,0.));
#5929 = ( GEOMETRIC_REPRESENTATION_CONTEXT(2) 
PARAMETRIC_REPRESENTATION_CONTEXT() REPRESENTATION_CONTEXT('2D SPACE',''
  ) );
#5930 = PCURVE('',#3657,#5931);
#5931 = DEFINITIONAL_REPRESENTATION('',(#5932),#5936);
#5932 = LINE('',#5933,#5934);
#5933 = CARTESIAN_POINT('',(0.,0.));
#5934 = VECTOR('',#5935,1.);
#5935 = DIRECTION('',(1.,0.));
#5936 = ( GEOMETRIC_REPRESENTATION_CONTEXT(2) 
PARAMETRIC_REPRESENTATION_CONTEXT() REPRESENTATION_CONTEXT('2D SPACE',''
  ) );
#5937 = ORIENTED_EDGE('',*,*,#5938,.F.);
#5938 = EDGE_CURVE('',#5939,#5916,#5941,.T.);
#5939 = VERTEX_POINT('',#5940);
#5940 = CARTESIAN_POINT('',(175.,-15.,-10.79422863406));
#5941 = SURFACE_CURVE('',#5942,(#5946,#5953),.PCURVE_S1.);
#5942 = LINE('',#5943,#5944);
#5943 = CARTESIAN_POINT('',(173.875,-15.,-10.79422863406));
#5944 = VECTOR('',#5945,1.);
#5945 = DIRECTION('',(1.,0.,0.));
#5946 = PCURVE('',#3547,#5947);
#5947 = DEFINITIONAL_REPRESENTATION('',(#5948),#5952);
#5948 = LINE('',#5949,#5950);
#5949 = CARTESIAN_POINT('',(0.,0.));
#5950 = VECTOR('',#5951,1.);
#5951 = DIRECTION('',(0.,1.));
#5952 = ( GEOMETRIC_REPRESENTATION_CONTEXT(2) 
PARAMETRIC_REPRESENTATION_CONTEXT() REPRESENTATION_CONTEXT('2D SPACE',''
  ) );
#5953 = PCURVE('',#5954,#5959);
#5954 = PLANE('',#5955);
#5955 = AXIS2_PLACEMENT_3D('',#5956,#5957,#5958);
#5956 = CARTESIAN_POINT('',(173.875,-15.,-10.79422863406));
#5957 = DIRECTION('',(0.,0.,1.));
#5958 = DIRECTION('',(1.,0.,0.));
#5959 = DEFINITIONAL_REPRESENTATION('',(#5960),#5964);
#5960 = LINE('',#5961,#5962);
#5961 = CARTESIAN_POINT('',(0.,0.));
#5962 = VECTOR('',#5963,1.);
#5963 = DIRECTION('',(1.,0.));
#5964 = ( GEOMETRIC_REPRESENTATION_CONTEXT(2) 
PARAMETRIC_REPRESENTATION_CONTEXT() REPRESENTATION_CONTEXT('2D SPACE',''
  ) );
#5965 = ORIENTED_EDGE('',*,*,#5966,.F.);
#5966 = EDGE_CURVE('',#3439,#5939,#5967,.T.);
#5967 = SURFACE_CURVE('',#5968,(#5972,#5979),.PCURVE_S1.);
#5968 = LINE('',#5969,#5970);
#5969 = CARTESIAN_POINT('',(175.,-15.,-18.07));
#5970 = VECTOR('',#5971,1.);
#5971 = DIRECTION('',(-0.,-0.,-1.));
#5972 = PCURVE('',#3547,#5973);
#5973 = DEFINITIONAL_REPRESENTATION('',(#5974),#5978);
#5974 = LINE('',#5975,#5976);
#5975 = CARTESIAN_POINT('',(-7.27577136594,1.125));
#5976 = VECTOR('',#5977,1.);
#5977 = DIRECTION('',(-1.,0.));
#5978 = ( GEOMETRIC_REPRESENTATION_CONTEXT(2) 
PARAMETRIC_REPRESENTATION_CONTEXT() REPRESENTATION_CONTEXT('2D SPACE',''
  ) );
#5979 = PCURVE('',#3575,#5980);
#5980 = DEFINITIONAL_REPRESENTATION('',(#5981),#5985);
#5981 = LINE('',#5982,#5983);
#5982 = CARTESIAN_POINT('',(-7.27577136594,1.125));
#5983 = VECTOR('',#5984,1.);
#5984 = DIRECTION('',(-1.,0.));
#5985 = ( GEOMETRIC_REPRESENTATION_CONTEXT(2) 
PARAMETRIC_REPRESENTATION_CONTEXT() REPRESENTATION_CONTEXT('2D SPACE',''
  ) );
#5986 = ORIENTED_EDGE('',*,*,#3529,.F.);
#5987 = ADVANCED_FACE('',(#5988),#3657,.T.);
#5988 = FACE_BOUND('',#5989,.T.);
#5989 = EDGE_LOOP('',(#5990,#5991,#6014,#6035));
#5990 = ORIENTED_EDGE('',*,*,#5915,.F.);
#5991 = ORIENTED_EDGE('',*,*,#5992,.T.);
#5992 = EDGE_CURVE('',#5916,#5993,#5995,.T.);
#5993 = VERTEX_POINT('',#5994);
#5994 = CARTESIAN_POINT('',(176.125,-12.,-10.79422863406));
#5995 = SURFACE_CURVE('',#5996,(#6000,#6007),.PCURVE_S1.);
#5996 = LINE('',#5997,#5998);
#5997 = CARTESIAN_POINT('',(176.125,-15.,-10.79422863406));
#5998 = VECTOR('',#5999,1.);
#5999 = DIRECTION('',(0.,1.,0.));
#6000 = PCURVE('',#3657,#6001);
#6001 = DEFINITIONAL_REPRESENTATION('',(#6002),#6006);
#6002 = LINE('',#6003,#6004);
#6003 = CARTESIAN_POINT('',(0.,0.));
#6004 = VECTOR('',#6005,1.);
#6005 = DIRECTION('',(0.,-1.));
#6006 = ( GEOMETRIC_REPRESENTATION_CONTEXT(2) 
PARAMETRIC_REPRESENTATION_CONTEXT() REPRESENTATION_CONTEXT('2D SPACE',''
  ) );
#6007 = PCURVE('',#5954,#6008);
#6008 = DEFINITIONAL_REPRESENTATION('',(#6009),#6013);
#6009 = LINE('',#6010,#6011);
#6010 = CARTESIAN_POINT('',(2.25,0.));
#6011 = VECTOR('',#6012,1.);
#6012 = DIRECTION('',(0.,1.));
#6013 = ( GEOMETRIC_REPRESENTATION_CONTEXT(2) 
PARAMETRIC_REPRESENTATION_CONTEXT() REPRESENTATION_CONTEXT('2D SPACE',''
  ) );
#6014 = ORIENTED_EDGE('',*,*,#6015,.T.);
#6015 = EDGE_CURVE('',#5993,#3616,#6016,.T.);
#6016 = SURFACE_CURVE('',#6017,(#6021,#6028),.PCURVE_S1.);
#6017 = LINE('',#6018,#6019);
#6018 = CARTESIAN_POINT('',(176.125,-12.,-10.79422863406));
#6019 = VECTOR('',#6020,1.);
#6020 = DIRECTION('',(0.,0.,1.));
#6021 = PCURVE('',#3657,#6022);
#6022 = DEFINITIONAL_REPRESENTATION('',(#6023),#6027);
#6023 = LINE('',#6024,#6025);
#6024 = CARTESIAN_POINT('',(0.,-3.));
#6025 = VECTOR('',#6026,1.);
#6026 = DIRECTION('',(1.,0.));
#6027 = ( GEOMETRIC_REPRESENTATION_CONTEXT(2) 
PARAMETRIC_REPRESENTATION_CONTEXT() REPRESENTATION_CONTEXT('2D SPACE',''
  ) );
#6028 = PCURVE('',#3631,#6029);
#6029 = DEFINITIONAL_REPRESENTATION('',(#6030),#6034);
#6030 = LINE('',#6031,#6032);
#6031 = CARTESIAN_POINT('',(0.,2.25));
#6032 = VECTOR('',#6033,1.);
#6033 = DIRECTION('',(1.,0.));
#6034 = ( GEOMETRIC_REPRESENTATION_CONTEXT(2) 
PARAMETRIC_REPRESENTATION_CONTEXT() REPRESENTATION_CONTEXT('2D SPACE',''
  ) );
#6035 = ORIENTED_EDGE('',*,*,#3643,.F.);
#6036 = ADVANCED_FACE('',(#6037),#3631,.T.);
#6037 = FACE_BOUND('',#6038,.T.);
#6038 = EDGE_LOOP('',(#6039,#6040,#6063,#6084));
#6039 = ORIENTED_EDGE('',*,*,#6015,.F.);
#6040 = ORIENTED_EDGE('',*,*,#6041,.F.);
#6041 = EDGE_CURVE('',#6042,#5993,#6044,.T.);
#6042 = VERTEX_POINT('',#6043);
#6043 = CARTESIAN_POINT('',(173.875,-12.,-10.79422863406));
#6044 = SURFACE_CURVE('',#6045,(#6049,#6056),.PCURVE_S1.);
#6045 = LINE('',#6046,#6047);
#6046 = CARTESIAN_POINT('',(173.875,-12.,-10.79422863406));
#6047 = VECTOR('',#6048,1.);
#6048 = DIRECTION('',(1.,0.,0.));
#6049 = PCURVE('',#3631,#6050);
#6050 = DEFINITIONAL_REPRESENTATION('',(#6051),#6055);
#6051 = LINE('',#6052,#6053);
#6052 = CARTESIAN_POINT('',(0.,0.));
#6053 = VECTOR('',#6054,1.);
#6054 = DIRECTION('',(0.,1.));
#6055 = ( GEOMETRIC_REPRESENTATION_CONTEXT(2) 
PARAMETRIC_REPRESENTATION_CONTEXT() REPRESENTATION_CONTEXT('2D SPACE',''
  ) );
#6056 = PCURVE('',#5954,#6057);
#6057 = DEFINITIONAL_REPRESENTATION('',(#6058),#6062);
#6058 = LINE('',#6059,#6060);
#6059 = CARTESIAN_POINT('',(0.,3.));
#6060 = VECTOR('',#6061,1.);
#6061 = DIRECTION('',(1.,0.));
#6062 = ( GEOMETRIC_REPRESENTATION_CONTEXT(2) 
PARAMETRIC_REPRESENTATION_CONTEXT() REPRESENTATION_CONTEXT('2D SPACE',''
  ) );
#6063 = ORIENTED_EDGE('',*,*,#6064,.T.);
#6064 = EDGE_CURVE('',#6042,#3588,#6065,.T.);
#6065 = SURFACE_CURVE('',#6066,(#6070,#6077),.PCURVE_S1.);
#6066 = LINE('',#6067,#6068);
#6067 = CARTESIAN_POINT('',(173.875,-12.,-10.79422863406));
#6068 = VECTOR('',#6069,1.);
#6069 = DIRECTION('',(0.,0.,1.));
#6070 = PCURVE('',#3631,#6071);
#6071 = DEFINITIONAL_REPRESENTATION('',(#6072),#6076);
#6072 = LINE('',#6073,#6074);
#6073 = CARTESIAN_POINT('',(0.,0.));
#6074 = VECTOR('',#6075,1.);
#6075 = DIRECTION('',(1.,0.));
#6076 = ( GEOMETRIC_REPRESENTATION_CONTEXT(2) 
PARAMETRIC_REPRESENTATION_CONTEXT() REPRESENTATION_CONTEXT('2D SPACE',''
  ) );
#6077 = PCURVE('',#3603,#6078);
#6078 = DEFINITIONAL_REPRESENTATION('',(#6079),#6083);
#6079 = LINE('',#6080,#6081);
#6080 = CARTESIAN_POINT('',(0.,-3.));
#6081 = VECTOR('',#6082,1.);
#6082 = DIRECTION('',(1.,0.));
#6083 = ( GEOMETRIC_REPRESENTATION_CONTEXT(2) 
PARAMETRIC_REPRESENTATION_CONTEXT() REPRESENTATION_CONTEXT('2D SPACE',''
  ) );
#6084 = ORIENTED_EDGE('',*,*,#3615,.F.);
#6085 = ADVANCED_FACE('',(#6086),#3603,.F.);
#6086 = FACE_BOUND('',#6087,.F.);
#6087 = EDGE_LOOP('',(#6088,#6111,#6132,#6133));
#6088 = ORIENTED_EDGE('',*,*,#6089,.F.);
#6089 = EDGE_CURVE('',#6090,#3560,#6092,.T.);
#6090 = VERTEX_POINT('',#6091);
#6091 = CARTESIAN_POINT('',(173.875,-15.,-10.79422863406));
#6092 = SURFACE_CURVE('',#6093,(#6097,#6104),.PCURVE_S1.);
#6093 = LINE('',#6094,#6095);
#6094 = CARTESIAN_POINT('',(173.875,-15.,-10.79422863406));
#6095 = VECTOR('',#6096,1.);
#6096 = DIRECTION('',(0.,0.,1.));
#6097 = PCURVE('',#3603,#6098);
#6098 = DEFINITIONAL_REPRESENTATION('',(#6099),#6103);
#6099 = LINE('',#6100,#6101);
#6100 = CARTESIAN_POINT('',(0.,0.));
#6101 = VECTOR('',#6102,1.);
#6102 = DIRECTION('',(1.,0.));
#6103 = ( GEOMETRIC_REPRESENTATION_CONTEXT(2) 
PARAMETRIC_REPRESENTATION_CONTEXT() REPRESENTATION_CONTEXT('2D SPACE',''
  ) );
#6104 = PCURVE('',#3575,#6105);
#6105 = DEFINITIONAL_REPRESENTATION('',(#6106),#6110);
#6106 = LINE('',#6107,#6108);
#6107 = CARTESIAN_POINT('',(0.,0.));
#6108 = VECTOR('',#6109,1.);
#6109 = DIRECTION('',(1.,0.));
#6110 = ( GEOMETRIC_REPRESENTATION_CONTEXT(2) 
PARAMETRIC_REPRESENTATION_CONTEXT() REPRESENTATION_CONTEXT('2D SPACE',''
  ) );
#6111 = ORIENTED_EDGE('',*,*,#6112,.T.);
#6112 = EDGE_CURVE('',#6090,#6042,#6113,.T.);
#6113 = SURFACE_CURVE('',#6114,(#6118,#6125),.PCURVE_S1.);
#6114 = LINE('',#6115,#6116);
#6115 = CARTESIAN_POINT('',(173.875,-15.,-10.79422863406));
#6116 = VECTOR('',#6117,1.);
#6117 = DIRECTION('',(0.,1.,0.));
#6118 = PCURVE('',#3603,#6119);
#6119 = DEFINITIONAL_REPRESENTATION('',(#6120),#6124);
#6120 = LINE('',#6121,#6122);
#6121 = CARTESIAN_POINT('',(0.,0.));
#6122 = VECTOR('',#6123,1.);
#6123 = DIRECTION('',(0.,-1.));
#6124 = ( GEOMETRIC_REPRESENTATION_CONTEXT(2) 
PARAMETRIC_REPRESENTATION_CONTEXT() REPRESENTATION_CONTEXT('2D SPACE',''
  ) );
#6125 = PCURVE('',#5954,#6126);
#6126 = DEFINITIONAL_REPRESENTATION('',(#6127),#6131);
#6127 = LINE('',#6128,#6129);
#6128 = CARTESIAN_POINT('',(0.,0.));
#6129 = VECTOR('',#6130,1.);
#6130 = DIRECTION('',(0.,1.));
#6131 = ( GEOMETRIC_REPRESENTATION_CONTEXT(2) 
PARAMETRIC_REPRESENTATION_CONTEXT() REPRESENTATION_CONTEXT('2D SPACE',''
  ) );
#6132 = ORIENTED_EDGE('',*,*,#6064,.T.);
#6133 = ORIENTED_EDGE('',*,*,#3587,.F.);
#6134 = ADVANCED_FACE('',(#6135),#3575,.F.);
#6135 = FACE_BOUND('',#6136,.F.);
#6136 = EDGE_LOOP('',(#6137,#6138,#6159,#6160));
#6137 = ORIENTED_EDGE('',*,*,#5966,.T.);
#6138 = ORIENTED_EDGE('',*,*,#6139,.F.);
#6139 = EDGE_CURVE('',#6090,#5939,#6140,.T.);
#6140 = SURFACE_CURVE('',#6141,(#6145,#6152),.PCURVE_S1.);
#6141 = LINE('',#6142,#6143);
#6142 = CARTESIAN_POINT('',(173.875,-15.,-10.79422863406));
#6143 = VECTOR('',#6144,1.);
#6144 = DIRECTION('',(1.,0.,0.));
#6145 = PCURVE('',#3575,#6146);
#6146 = DEFINITIONAL_REPRESENTATION('',(#6147),#6151);
#6147 = LINE('',#6148,#6149);
#6148 = CARTESIAN_POINT('',(0.,0.));
#6149 = VECTOR('',#6150,1.);
#6150 = DIRECTION('',(0.,1.));
#6151 = ( GEOMETRIC_REPRESENTATION_CONTEXT(2) 
PARAMETRIC_REPRESENTATION_CONTEXT() REPRESENTATION_CONTEXT('2D SPACE',''
  ) );
#6152 = PCURVE('',#5954,#6153);
#6153 = DEFINITIONAL_REPRESENTATION('',(#6154),#6158);
#6154 = LINE('',#6155,#6156);
#6155 = CARTESIAN_POINT('',(0.,0.));
#6156 = VECTOR('',#6157,1.);
#6157 = DIRECTION('',(1.,0.));
#6158 = ( GEOMETRIC_REPRESENTATION_CONTEXT(2) 
PARAMETRIC_REPRESENTATION_CONTEXT() REPRESENTATION_CONTEXT('2D SPACE',''
  ) );
#6159 = ORIENTED_EDGE('',*,*,#6089,.T.);
#6160 = ORIENTED_EDGE('',*,*,#3559,.F.);
#6161 = ADVANCED_FACE('',(#6162),#3793,.T.);
#6162 = FACE_BOUND('',#6163,.T.);
#6163 = EDGE_LOOP('',(#6164,#6193,#6221,#6293,#6294,#6295));
#6164 = ORIENTED_EDGE('',*,*,#6165,.F.);
#6165 = EDGE_CURVE('',#6166,#3811,#6168,.T.);
#6166 = VERTEX_POINT('',#6167);
#6167 = CARTESIAN_POINT('',(150.95,-36.5,10.07));
#6168 = SURFACE_CURVE('',#6169,(#6174,#6181),.PCURVE_S1.);
#6169 = CIRCLE('',#6170,1.5);
#6170 = AXIS2_PLACEMENT_3D('',#6171,#6172,#6173);
#6171 = CARTESIAN_POINT('',(150.95,-36.5,8.57));
#6172 = DIRECTION('',(0.,-1.,0.));
#6173 = DIRECTION('',(-1.,0.,0.));
#6174 = PCURVE('',#3793,#6175);
#6175 = DEFINITIONAL_REPRESENTATION('',(#6176),#6180);
#6176 = LINE('',#6177,#6178);
#6177 = CARTESIAN_POINT('',(6.28318530718,1.5));
#6178 = VECTOR('',#6179,1.);
#6179 = DIRECTION('',(-1.,-0.));
#6180 = ( GEOMETRIC_REPRESENTATION_CONTEXT(2) 
PARAMETRIC_REPRESENTATION_CONTEXT() REPRESENTATION_CONTEXT('2D SPACE',''
  ) );
#6181 = PCURVE('',#6182,#6187);
#6182 = SPHERICAL_SURFACE('',#6183,1.5);
#6183 = AXIS2_PLACEMENT_3D('',#6184,#6185,#6186);
#6184 = CARTESIAN_POINT('',(150.95,-36.5,8.57));
#6185 = DIRECTION('',(-0.,-0.,-1.));
#6186 = DIRECTION('',(-1.,0.,0.));
#6187 = DEFINITIONAL_REPRESENTATION('',(#6188),#6192);
#6188 = LINE('',#6189,#6190);
#6189 = CARTESIAN_POINT('',(-0.,-6.28318530718));
#6190 = VECTOR('',#6191,1.);
#6191 = DIRECTION('',(-0.,1.));
#6192 = ( GEOMETRIC_REPRESENTATION_CONTEXT(2) 
PARAMETRIC_REPRESENTATION_CONTEXT() REPRESENTATION_CONTEXT('2D SPACE',''
  ) );
#6193 = ORIENTED_EDGE('',*,*,#6194,.T.);
#6194 = EDGE_CURVE('',#6166,#6195,#6197,.T.);
#6195 = VERTEX_POINT('',#6196);
#6196 = CARTESIAN_POINT('',(150.95,-19.13277168078,10.07));
#6197 = SURFACE_CURVE('',#6198,(#6202,#6209),.PCURVE_S1.);
#6198 = LINE('',#6199,#6200);
#6199 = CARTESIAN_POINT('',(150.95,-38.,10.07));
#6200 = VECTOR('',#6201,1.);
#6201 = DIRECTION('',(0.,1.,0.));
#6202 = PCURVE('',#3793,#6203);
#6203 = DEFINITIONAL_REPRESENTATION('',(#6204),#6208);
#6204 = LINE('',#6205,#6206);
#6205 = CARTESIAN_POINT('',(1.570796326795,0.));
#6206 = VECTOR('',#6207,1.);
#6207 = DIRECTION('',(0.,1.));
#6208 = ( GEOMETRIC_REPRESENTATION_CONTEXT(2) 
PARAMETRIC_REPRESENTATION_CONTEXT() REPRESENTATION_CONTEXT('2D SPACE',''
  ) );
#6209 = PCURVE('',#6210,#6215);
#6210 = PLANE('',#6211);
#6211 = AXIS2_PLACEMENT_3D('',#6212,#6213,#6214);
#6212 = CARTESIAN_POINT('',(149.45,-38.,10.07));
#6213 = DIRECTION('',(0.,0.,1.));
#6214 = DIRECTION('',(1.,0.,0.));
#6215 = DEFINITIONAL_REPRESENTATION('',(#6216),#6220);
#6216 = LINE('',#6217,#6218);
#6217 = CARTESIAN_POINT('',(1.5,0.));
#6218 = VECTOR('',#6219,1.);
#6219 = DIRECTION('',(0.,1.));
#6220 = ( GEOMETRIC_REPRESENTATION_CONTEXT(2) 
PARAMETRIC_REPRESENTATION_CONTEXT() REPRESENTATION_CONTEXT('2D SPACE',''
  ) );
#6221 = ORIENTED_EDGE('',*,*,#6222,.F.);
#6222 = EDGE_CURVE('',#4310,#6195,#6223,.T.);
#6223 = SURFACE_CURVE('',#6224,(#6245,#6269),.PCURVE_S1.);
#6224 = B_SPLINE_CURVE_WITH_KNOTS('',7,(#6225,#6226,#6227,#6228,#6229,
    #6230,#6231,#6232,#6233,#6234,#6235,#6236,#6237,#6238,#6239,#6240,
    #6241,#6242,#6243,#6244),.UNSPECIFIED.,.F.,.F.,(8,6,6,8),(0.,
    0.559065933399,0.74042514744,1.),.UNSPECIFIED.);
#6225 = CARTESIAN_POINT('',(150.49712032503,-18.5,10.));
#6226 = CARTESIAN_POINT('',(150.49712032503,-18.55954815743,10.));
#6227 = CARTESIAN_POINT('',(150.50168629325,-18.61902427721,
    10.001445584417));
#6228 = CARTESIAN_POINT('',(150.51080629822,-18.67902322862,
    10.004335404862));
#6229 = CARTESIAN_POINT('',(150.52503238632,-18.73997609847,
    10.008737282808));
#6230 = CARTESIAN_POINT('',(150.54543774715,-18.80188080278,
    10.014798996843));
#6231 = CARTESIAN_POINT('',(150.57359374436,-18.86373029729,
    10.022519525793));
#6232 = CARTESIAN_POINT('',(150.62347301214,-18.9419487033,
    10.034082447241));
#6233 = CARTESIAN_POINT('',(150.63668217937,-18.9607998489,
    10.037018807304));
#6234 = CARTESIAN_POINT('',(150.65093799861,-18.97924854599,
    10.040037051051));
#6235 = CARTESIAN_POINT('',(150.66629242337,-18.99717141149,
    10.043105595368));
#6236 = CARTESIAN_POINT('',(150.68278729453,-19.01441825586,
    10.04618312011));
#6237 = CARTESIAN_POINT('',(150.70044715153,-19.03081382686,
    10.049218151656));
#6238 = CARTESIAN_POINT('',(150.74621563533,-19.0681235032,
    10.056342989475));
#6239 = CARTESIAN_POINT('',(150.77558585823,-19.08797039256,
    10.060329928309));
#6240 = CARTESIAN_POINT('',(150.80733621622,-19.10506149462,
    10.063918533335));
#6241 = CARTESIAN_POINT('',(150.84124986862,-19.11867089783,
    10.066879893342));
#6242 = CARTESIAN_POINT('',(150.87687194578,-19.12807281425,
    10.068960456617));
#6243 = CARTESIAN_POINT('',(150.91343909669,-19.13277168078,10.07));
#6244 = CARTESIAN_POINT('',(150.95,-19.13277168078,10.07));
#6245 = PCURVE('',#3793,#6246);
#6246 = DEFINITIONAL_REPRESENTATION('',(#6247),#6268);
#6247 = B_SPLINE_CURVE_WITH_KNOTS('',7,(#6248,#6249,#6250,#6251,#6252,
    #6253,#6254,#6255,#6256,#6257,#6258,#6259,#6260,#6261,#6262,#6263,
    #6264,#6265,#6266,#6267),.UNSPECIFIED.,.F.,.F.,(8,6,6,8),(0.,
    0.559065933399,0.74042514744,1.),.UNSPECIFIED.);
#6248 = CARTESIAN_POINT('',(1.264090554435,19.5));
#6249 = CARTESIAN_POINT('',(1.264090554435,19.440451842566));
#6250 = CARTESIAN_POINT('',(1.267283168871,19.380975722783));
#6251 = CARTESIAN_POINT('',(1.273662116818,19.320976771376));
#6252 = CARTESIAN_POINT('',(1.283587586561,19.260023901521));
#6253 = CARTESIAN_POINT('',(1.29777988374,19.198119197211));
#6254 = CARTESIAN_POINT('',(1.317228054166,19.136269702702));
#6255 = CARTESIAN_POINT('',(1.351362705872,19.058051296696));
#6256 = CARTESIAN_POINT('',(1.360383401992,19.039200151093));
#6257 = CARTESIAN_POINT('',(1.370097136319,19.020751454006));
#6258 = CARTESIAN_POINT('',(1.380534495514,19.00282858851));
#6259 = CARTESIAN_POINT('',(1.391719130491,18.98558174414));
#6260 = CARTESIAN_POINT('',(1.403663493647,18.969186173134));
#6261 = CARTESIAN_POINT('',(1.434543313904,18.931876496797));
#6262 = CARTESIAN_POINT('',(1.454299259213,18.912029607439));
#6263 = CARTESIAN_POINT('',(1.475592195151,18.894938505373));
#6264 = CARTESIAN_POINT('',(1.498272689687,18.881329102165));
#6265 = CARTESIAN_POINT('',(1.522044270058,18.871927185747));
#6266 = CARTESIAN_POINT('',(1.546422391261,18.867228319218));
#6267 = CARTESIAN_POINT('',(1.570796326795,18.867228319218));
#6268 = ( GEOMETRIC_REPRESENTATION_CONTEXT(2) 
PARAMETRIC_REPRESENTATION_CONTEXT() REPRESENTATION_CONTEXT('2D SPACE',''
  ) );
#6269 = PCURVE('',#4328,#6270);
#6270 = DEFINITIONAL_REPRESENTATION('',(#6271),#6292);
#6271 = B_SPLINE_CURVE_WITH_KNOTS('',7,(#6272,#6273,#6274,#6275,#6276,
    #6277,#6278,#6279,#6280,#6281,#6282,#6283,#6284,#6285,#6286,#6287,
    #6288,#6289,#6290,#6291),.UNSPECIFIED.,.F.,.F.,(8,6,6,8),(0.,
    0.559065933399,0.74042514744,1.),.UNSPECIFIED.);
#6272 = CARTESIAN_POINT('',(0.,-1.264090554435));
#6273 = CARTESIAN_POINT('',(0.131487811719,-1.264090554435));
#6274 = CARTESIAN_POINT('',(0.262817027977,-1.26089683814));
#6275 = CARTESIAN_POINT('',(0.393438697964,-1.254521400085));
#6276 = CARTESIAN_POINT('',(0.522501245214,-1.244996706059));
#6277 = CARTESIAN_POINT('',(0.649071510751,-1.232421998984));
#6278 = CARTESIAN_POINT('',(0.772900107273,-1.217389227867));
#6279 = CARTESIAN_POINT('',(0.935028371958,-1.196045798783));
#6280 = CARTESIAN_POINT('',(0.974563121195,-1.190707935668));
#6281 = CARTESIAN_POINT('',(1.013959973189,-1.185307528283));
#6282 = CARTESIAN_POINT('',(1.053260159509,-1.179904155571));
#6283 = CARTESIAN_POINT('',(1.092509856071,-1.174568905708));
#6284 = CARTESIAN_POINT('',(1.131762832372,-1.169383780754));
#6285 = CARTESIAN_POINT('',(1.227361205565,-1.157366769314));
#6286 = CARTESIAN_POINT('',(1.283861094403,-1.150778048309));
#6287 = CARTESIAN_POINT('',(1.340647741075,-1.144962058006));
#6288 = CARTESIAN_POINT('',(1.397761109479,-1.140244501243));
#6289 = CARTESIAN_POINT('',(1.455228522187,-1.136956888811));
#6290 = CARTESIAN_POINT('',(1.513017345194,-1.135313970071));
#6291 = CARTESIAN_POINT('',(1.570796326795,-1.135313970071));
#6292 = ( GEOMETRIC_REPRESENTATION_CONTEXT(2) 
PARAMETRIC_REPRESENTATION_CONTEXT() REPRESENTATION_CONTEXT('2D SPACE',''
  ) );
#6293 = ORIENTED_EDGE('',*,*,#4340,.T.);
#6294 = ORIENTED_EDGE('',*,*,#3778,.F.);
#6295 = ORIENTED_EDGE('',*,*,#3884,.F.);
#6296 = ADVANCED_FACE('',(#6297),#3826,.T.);
#6297 = FACE_BOUND('',#6298,.T.);
#6298 = EDGE_LOOP('',(#6299,#6300,#6322,#6345));
#6299 = ORIENTED_EDGE('',*,*,#3808,.F.);
#6300 = ORIENTED_EDGE('',*,*,#6301,.T.);
#6301 = EDGE_CURVE('',#3809,#5531,#6302,.T.);
#6302 = SURFACE_CURVE('',#6303,(#6308,#6315),.PCURVE_S1.);
#6303 = CIRCLE('',#6304,1.5);
#6304 = AXIS2_PLACEMENT_3D('',#6305,#6306,#6307);
#6305 = CARTESIAN_POINT('',(150.95,-36.5,-8.57));
#6306 = DIRECTION('',(0.,0.,1.));
#6307 = DIRECTION('',(-1.,0.,0.));
#6308 = PCURVE('',#3826,#6309);
#6309 = DEFINITIONAL_REPRESENTATION('',(#6310),#6314);
#6310 = LINE('',#6311,#6312);
#6311 = CARTESIAN_POINT('',(0.,1.5));
#6312 = VECTOR('',#6313,1.);
#6313 = DIRECTION('',(1.,0.));
#6314 = ( GEOMETRIC_REPRESENTATION_CONTEXT(2) 
PARAMETRIC_REPRESENTATION_CONTEXT() REPRESENTATION_CONTEXT('2D SPACE',''
  ) );
#6315 = PCURVE('',#5402,#6316);
#6316 = DEFINITIONAL_REPRESENTATION('',(#6317),#6321);
#6317 = LINE('',#6318,#6319);
#6318 = CARTESIAN_POINT('',(0.,0.));
#6319 = VECTOR('',#6320,1.);
#6320 = DIRECTION('',(1.,0.));
#6321 = ( GEOMETRIC_REPRESENTATION_CONTEXT(2) 
PARAMETRIC_REPRESENTATION_CONTEXT() REPRESENTATION_CONTEXT('2D SPACE',''
  ) );
#6322 = ORIENTED_EDGE('',*,*,#6323,.T.);
#6323 = EDGE_CURVE('',#5531,#6324,#6326,.T.);
#6324 = VERTEX_POINT('',#6325);
#6325 = CARTESIAN_POINT('',(150.95,-38.,8.57));
#6326 = SURFACE_CURVE('',#6327,(#6331,#6338),.PCURVE_S1.);
#6327 = LINE('',#6328,#6329);
#6328 = CARTESIAN_POINT('',(150.95,-38.,-10.07));
#6329 = VECTOR('',#6330,1.);
#6330 = DIRECTION('',(0.,0.,1.));
#6331 = PCURVE('',#3826,#6332);
#6332 = DEFINITIONAL_REPRESENTATION('',(#6333),#6337);
#6333 = LINE('',#6334,#6335);
#6334 = CARTESIAN_POINT('',(1.570796326795,0.));
#6335 = VECTOR('',#6336,1.);
#6336 = DIRECTION('',(0.,1.));
#6337 = ( GEOMETRIC_REPRESENTATION_CONTEXT(2) 
PARAMETRIC_REPRESENTATION_CONTEXT() REPRESENTATION_CONTEXT('2D SPACE',''
  ) );
#6338 = PCURVE('',#5593,#6339);
#6339 = DEFINITIONAL_REPRESENTATION('',(#6340),#6344);
#6340 = LINE('',#6341,#6342);
#6341 = CARTESIAN_POINT('',(0.,1.5));
#6342 = VECTOR('',#6343,1.);
#6343 = DIRECTION('',(1.,0.));
#6344 = ( GEOMETRIC_REPRESENTATION_CONTEXT(2) 
PARAMETRIC_REPRESENTATION_CONTEXT() REPRESENTATION_CONTEXT('2D SPACE',''
  ) );
#6345 = ORIENTED_EDGE('',*,*,#6346,.F.);
#6346 = EDGE_CURVE('',#3811,#6324,#6347,.T.);
#6347 = SURFACE_CURVE('',#6348,(#6353,#6360),.PCURVE_S1.);
#6348 = CIRCLE('',#6349,1.5);
#6349 = AXIS2_PLACEMENT_3D('',#6350,#6351,#6352);
#6350 = CARTESIAN_POINT('',(150.95,-36.5,8.57));
#6351 = DIRECTION('',(0.,0.,1.));
#6352 = DIRECTION('',(-1.,0.,0.));
#6353 = PCURVE('',#3826,#6354);
#6354 = DEFINITIONAL_REPRESENTATION('',(#6355),#6359);
#6355 = LINE('',#6356,#6357);
#6356 = CARTESIAN_POINT('',(0.,18.64));
#6357 = VECTOR('',#6358,1.);
#6358 = DIRECTION('',(1.,0.));
#6359 = ( GEOMETRIC_REPRESENTATION_CONTEXT(2) 
PARAMETRIC_REPRESENTATION_CONTEXT() REPRESENTATION_CONTEXT('2D SPACE',''
  ) );
#6360 = PCURVE('',#6182,#6361);
#6361 = DEFINITIONAL_REPRESENTATION('',(#6362),#6366);
#6362 = LINE('',#6363,#6364);
#6363 = CARTESIAN_POINT('',(-0.,0.));
#6364 = VECTOR('',#6365,1.);
#6365 = DIRECTION('',(-1.,0.));
#6366 = ( GEOMETRIC_REPRESENTATION_CONTEXT(2) 
PARAMETRIC_REPRESENTATION_CONTEXT() REPRESENTATION_CONTEXT('2D SPACE',''
  ) );
#6367 = ADVANCED_FACE('',(#6368),#3925,.T.);
#6368 = FACE_BOUND('',#6369,.T.);
#6369 = EDGE_LOOP('',(#6370,#6393,#6421,#6442));
#6370 = ORIENTED_EDGE('',*,*,#6371,.T.);
#6371 = EDGE_CURVE('',#3908,#6372,#6374,.T.);
#6372 = VERTEX_POINT('',#6373);
#6373 = CARTESIAN_POINT('',(156.45,-19.5,-3.));
#6374 = SURFACE_CURVE('',#6375,(#6379,#6386),.PCURVE_S1.);
#6375 = LINE('',#6376,#6377);
#6376 = CARTESIAN_POINT('',(149.45,-19.5,-3.));
#6377 = VECTOR('',#6378,1.);
#6378 = DIRECTION('',(1.,0.,0.));
#6379 = PCURVE('',#3925,#6380);
#6380 = DEFINITIONAL_REPRESENTATION('',(#6381),#6385);
#6381 = LINE('',#6382,#6383);
#6382 = CARTESIAN_POINT('',(0.,0.));
#6383 = VECTOR('',#6384,1.);
#6384 = DIRECTION('',(0.,-1.));
#6385 = ( GEOMETRIC_REPRESENTATION_CONTEXT(2) 
PARAMETRIC_REPRESENTATION_CONTEXT() REPRESENTATION_CONTEXT('2D SPACE',''
  ) );
#6386 = PCURVE('',#3953,#6387);
#6387 = DEFINITIONAL_REPRESENTATION('',(#6388),#6392);
#6388 = LINE('',#6389,#6390);
#6389 = CARTESIAN_POINT('',(6.,0.));
#6390 = VECTOR('',#6391,1.);
#6391 = DIRECTION('',(0.,-1.));
#6392 = ( GEOMETRIC_REPRESENTATION_CONTEXT(2) 
PARAMETRIC_REPRESENTATION_CONTEXT() REPRESENTATION_CONTEXT('2D SPACE',''
  ) );
#6393 = ORIENTED_EDGE('',*,*,#6394,.T.);
#6394 = EDGE_CURVE('',#6372,#6395,#6397,.T.);
#6395 = VERTEX_POINT('',#6396);
#6396 = CARTESIAN_POINT('',(156.45,-16.5,-3.));
#6397 = SURFACE_CURVE('',#6398,(#6402,#6409),.PCURVE_S1.);
#6398 = LINE('',#6399,#6400);
#6399 = CARTESIAN_POINT('',(156.45,-19.5,-3.));
#6400 = VECTOR('',#6401,1.);
#6401 = DIRECTION('',(0.,1.,0.));
#6402 = PCURVE('',#3925,#6403);
#6403 = DEFINITIONAL_REPRESENTATION('',(#6404),#6408);
#6404 = LINE('',#6405,#6406);
#6405 = CARTESIAN_POINT('',(0.,-7.));
#6406 = VECTOR('',#6407,1.);
#6407 = DIRECTION('',(1.,0.));
#6408 = ( GEOMETRIC_REPRESENTATION_CONTEXT(2) 
PARAMETRIC_REPRESENTATION_CONTEXT() REPRESENTATION_CONTEXT('2D SPACE',''
  ) );
#6409 = PCURVE('',#6410,#6415);
#6410 = PLANE('',#6411);
#6411 = AXIS2_PLACEMENT_3D('',#6412,#6413,#6414);
#6412 = CARTESIAN_POINT('',(156.45,-18.,0.));
#6413 = DIRECTION('',(1.,0.,0.));
#6414 = DIRECTION('',(-0.,0.,1.));
#6415 = DEFINITIONAL_REPRESENTATION('',(#6416),#6420);
#6416 = LINE('',#6417,#6418);
#6417 = CARTESIAN_POINT('',(-3.,1.5));
#6418 = VECTOR('',#6419,1.);
#6419 = DIRECTION('',(0.,-1.));
#6420 = ( GEOMETRIC_REPRESENTATION_CONTEXT(2) 
PARAMETRIC_REPRESENTATION_CONTEXT() REPRESENTATION_CONTEXT('2D SPACE',''
  ) );
#6421 = ORIENTED_EDGE('',*,*,#6422,.F.);
#6422 = EDGE_CURVE('',#3910,#6395,#6423,.T.);
#6423 = SURFACE_CURVE('',#6424,(#6428,#6435),.PCURVE_S1.);
#6424 = LINE('',#6425,#6426);
#6425 = CARTESIAN_POINT('',(149.45,-16.5,-3.));
#6426 = VECTOR('',#6427,1.);
#6427 = DIRECTION('',(1.,0.,0.));
#6428 = PCURVE('',#3925,#6429);
#6429 = DEFINITIONAL_REPRESENTATION('',(#6430),#6434);
#6430 = LINE('',#6431,#6432);
#6431 = CARTESIAN_POINT('',(3.,0.));
#6432 = VECTOR('',#6433,1.);
#6433 = DIRECTION('',(0.,-1.));
#6434 = ( GEOMETRIC_REPRESENTATION_CONTEXT(2) 
PARAMETRIC_REPRESENTATION_CONTEXT() REPRESENTATION_CONTEXT('2D SPACE',''
  ) );
#6435 = PCURVE('',#4007,#6436);
#6436 = DEFINITIONAL_REPRESENTATION('',(#6437),#6441);
#6437 = LINE('',#6438,#6439);
#6438 = CARTESIAN_POINT('',(0.,0.));
#6439 = VECTOR('',#6440,1.);
#6440 = DIRECTION('',(0.,-1.));
#6441 = ( GEOMETRIC_REPRESENTATION_CONTEXT(2) 
PARAMETRIC_REPRESENTATION_CONTEXT() REPRESENTATION_CONTEXT('2D SPACE',''
  ) );
#6442 = ORIENTED_EDGE('',*,*,#3907,.F.);
#6443 = ADVANCED_FACE('',(#6444),#3953,.T.);
#6444 = FACE_BOUND('',#6445,.T.);
#6445 = EDGE_LOOP('',(#6446,#6469,#6490,#6491));
#6446 = ORIENTED_EDGE('',*,*,#6447,.T.);
#6447 = EDGE_CURVE('',#3938,#6448,#6450,.T.);
#6448 = VERTEX_POINT('',#6449);
#6449 = CARTESIAN_POINT('',(156.45,-19.5,3.));
#6450 = SURFACE_CURVE('',#6451,(#6455,#6462),.PCURVE_S1.);
#6451 = LINE('',#6452,#6453);
#6452 = CARTESIAN_POINT('',(149.45,-19.5,3.));
#6453 = VECTOR('',#6454,1.);
#6454 = DIRECTION('',(1.,0.,0.));
#6455 = PCURVE('',#3953,#6456);
#6456 = DEFINITIONAL_REPRESENTATION('',(#6457),#6461);
#6457 = LINE('',#6458,#6459);
#6458 = CARTESIAN_POINT('',(0.,0.));
#6459 = VECTOR('',#6460,1.);
#6460 = DIRECTION('',(0.,-1.));
#6461 = ( GEOMETRIC_REPRESENTATION_CONTEXT(2) 
PARAMETRIC_REPRESENTATION_CONTEXT() REPRESENTATION_CONTEXT('2D SPACE',''
  ) );
#6462 = PCURVE('',#3981,#6463);
#6463 = DEFINITIONAL_REPRESENTATION('',(#6464),#6468);
#6464 = LINE('',#6465,#6466);
#6465 = CARTESIAN_POINT('',(3.,0.));
#6466 = VECTOR('',#6467,1.);
#6467 = DIRECTION('',(0.,-1.));
#6468 = ( GEOMETRIC_REPRESENTATION_CONTEXT(2) 
PARAMETRIC_REPRESENTATION_CONTEXT() REPRESENTATION_CONTEXT('2D SPACE',''
  ) );
#6469 = ORIENTED_EDGE('',*,*,#6470,.T.);
#6470 = EDGE_CURVE('',#6448,#6372,#6471,.T.);
#6471 = SURFACE_CURVE('',#6472,(#6476,#6483),.PCURVE_S1.);
#6472 = LINE('',#6473,#6474);
#6473 = CARTESIAN_POINT('',(156.45,-19.5,3.));
#6474 = VECTOR('',#6475,1.);
#6475 = DIRECTION('',(0.,0.,-1.));
#6476 = PCURVE('',#3953,#6477);
#6477 = DEFINITIONAL_REPRESENTATION('',(#6478),#6482);
#6478 = LINE('',#6479,#6480);
#6479 = CARTESIAN_POINT('',(0.,-7.));
#6480 = VECTOR('',#6481,1.);
#6481 = DIRECTION('',(1.,0.));
#6482 = ( GEOMETRIC_REPRESENTATION_CONTEXT(2) 
PARAMETRIC_REPRESENTATION_CONTEXT() REPRESENTATION_CONTEXT('2D SPACE',''
  ) );
#6483 = PCURVE('',#6410,#6484);
#6484 = DEFINITIONAL_REPRESENTATION('',(#6485),#6489);
#6485 = LINE('',#6486,#6487);
#6486 = CARTESIAN_POINT('',(3.,1.5));
#6487 = VECTOR('',#6488,1.);
#6488 = DIRECTION('',(-1.,0.));
#6489 = ( GEOMETRIC_REPRESENTATION_CONTEXT(2) 
PARAMETRIC_REPRESENTATION_CONTEXT() REPRESENTATION_CONTEXT('2D SPACE',''
  ) );
#6490 = ORIENTED_EDGE('',*,*,#6371,.F.);
#6491 = ORIENTED_EDGE('',*,*,#3937,.F.);
#6492 = ADVANCED_FACE('',(#6493),#4007,.T.);
#6493 = FACE_BOUND('',#6494,.T.);
#6494 = EDGE_LOOP('',(#6495,#6496,#6519,#6540));
#6495 = ORIENTED_EDGE('',*,*,#6422,.T.);
#6496 = ORIENTED_EDGE('',*,*,#6497,.T.);
#6497 = EDGE_CURVE('',#6395,#6498,#6500,.T.);
#6498 = VERTEX_POINT('',#6499);
#6499 = CARTESIAN_POINT('',(156.45,-16.5,3.));
#6500 = SURFACE_CURVE('',#6501,(#6505,#6512),.PCURVE_S1.);
#6501 = LINE('',#6502,#6503);
#6502 = CARTESIAN_POINT('',(156.45,-16.5,-3.));
#6503 = VECTOR('',#6504,1.);
#6504 = DIRECTION('',(0.,0.,1.));
#6505 = PCURVE('',#4007,#6506);
#6506 = DEFINITIONAL_REPRESENTATION('',(#6507),#6511);
#6507 = LINE('',#6508,#6509);
#6508 = CARTESIAN_POINT('',(0.,-7.));
#6509 = VECTOR('',#6510,1.);
#6510 = DIRECTION('',(1.,0.));
#6511 = ( GEOMETRIC_REPRESENTATION_CONTEXT(2) 
PARAMETRIC_REPRESENTATION_CONTEXT() REPRESENTATION_CONTEXT('2D SPACE',''
  ) );
#6512 = PCURVE('',#6410,#6513);
#6513 = DEFINITIONAL_REPRESENTATION('',(#6514),#6518);
#6514 = LINE('',#6515,#6516);
#6515 = CARTESIAN_POINT('',(-3.,-1.5));
#6516 = VECTOR('',#6517,1.);
#6517 = DIRECTION('',(1.,0.));
#6518 = ( GEOMETRIC_REPRESENTATION_CONTEXT(2) 
PARAMETRIC_REPRESENTATION_CONTEXT() REPRESENTATION_CONTEXT('2D SPACE',''
  ) );
#6519 = ORIENTED_EDGE('',*,*,#6520,.F.);
#6520 = EDGE_CURVE('',#3966,#6498,#6521,.T.);
#6521 = SURFACE_CURVE('',#6522,(#6526,#6533),.PCURVE_S1.);
#6522 = LINE('',#6523,#6524);
#6523 = CARTESIAN_POINT('',(149.45,-16.5,3.));
#6524 = VECTOR('',#6525,1.);
#6525 = DIRECTION('',(1.,0.,0.));
#6526 = PCURVE('',#4007,#6527);
#6527 = DEFINITIONAL_REPRESENTATION('',(#6528),#6532);
#6528 = LINE('',#6529,#6530);
#6529 = CARTESIAN_POINT('',(6.,0.));
#6530 = VECTOR('',#6531,1.);
#6531 = DIRECTION('',(0.,-1.));
#6532 = ( GEOMETRIC_REPRESENTATION_CONTEXT(2) 
PARAMETRIC_REPRESENTATION_CONTEXT() REPRESENTATION_CONTEXT('2D SPACE',''
  ) );
#6533 = PCURVE('',#3981,#6534);
#6534 = DEFINITIONAL_REPRESENTATION('',(#6535),#6539);
#6535 = LINE('',#6536,#6537);
#6536 = CARTESIAN_POINT('',(0.,-0.));
#6537 = VECTOR('',#6538,1.);
#6538 = DIRECTION('',(0.,-1.));
#6539 = ( GEOMETRIC_REPRESENTATION_CONTEXT(2) 
PARAMETRIC_REPRESENTATION_CONTEXT() REPRESENTATION_CONTEXT('2D SPACE',''
  ) );
#6540 = ORIENTED_EDGE('',*,*,#3993,.F.);
#6541 = ADVANCED_FACE('',(#6542),#3981,.T.);
#6542 = FACE_BOUND('',#6543,.T.);
#6543 = EDGE_LOOP('',(#6544,#6545,#6566,#6567));
#6544 = ORIENTED_EDGE('',*,*,#6520,.T.);
#6545 = ORIENTED_EDGE('',*,*,#6546,.T.);
#6546 = EDGE_CURVE('',#6498,#6448,#6547,.T.);
#6547 = SURFACE_CURVE('',#6548,(#6552,#6559),.PCURVE_S1.);
#6548 = LINE('',#6549,#6550);
#6549 = CARTESIAN_POINT('',(156.45,-16.5,3.));
#6550 = VECTOR('',#6551,1.);
#6551 = DIRECTION('',(0.,-1.,0.));
#6552 = PCURVE('',#3981,#6553);
#6553 = DEFINITIONAL_REPRESENTATION('',(#6554),#6558);
#6554 = LINE('',#6555,#6556);
#6555 = CARTESIAN_POINT('',(0.,-7.));
#6556 = VECTOR('',#6557,1.);
#6557 = DIRECTION('',(1.,0.));
#6558 = ( GEOMETRIC_REPRESENTATION_CONTEXT(2) 
PARAMETRIC_REPRESENTATION_CONTEXT() REPRESENTATION_CONTEXT('2D SPACE',''
  ) );
#6559 = PCURVE('',#6410,#6560);
#6560 = DEFINITIONAL_REPRESENTATION('',(#6561),#6565);
#6561 = LINE('',#6562,#6563);
#6562 = CARTESIAN_POINT('',(3.,-1.5));
#6563 = VECTOR('',#6564,1.);
#6564 = DIRECTION('',(0.,1.));
#6565 = ( GEOMETRIC_REPRESENTATION_CONTEXT(2) 
PARAMETRIC_REPRESENTATION_CONTEXT() REPRESENTATION_CONTEXT('2D SPACE',''
  ) );
#6566 = ORIENTED_EDGE('',*,*,#6447,.F.);
#6567 = ORIENTED_EDGE('',*,*,#3965,.F.);
#6568 = ADVANCED_FACE('',(#6569),#4094,.F.);
#6569 = FACE_BOUND('',#6570,.F.);
#6570 = EDGE_LOOP('',(#6571,#6601,#6634,#6662,#6691,#6719,#6745,#6746));
#6571 = ORIENTED_EDGE('',*,*,#6572,.F.);
#6572 = EDGE_CURVE('',#6573,#6575,#6577,.T.);
#6573 = VERTEX_POINT('',#6574);
#6574 = CARTESIAN_POINT('',(130.,-16.,-11.));
#6575 = VERTEX_POINT('',#6576);
#6576 = CARTESIAN_POINT('',(144.,-16.,-11.));
#6577 = SURFACE_CURVE('',#6578,(#6582,#6589),.PCURVE_S1.);
#6578 = LINE('',#6579,#6580);
#6579 = CARTESIAN_POINT('',(128.,-16.,-11.));
#6580 = VECTOR('',#6581,1.);
#6581 = DIRECTION('',(1.,0.,0.));
#6582 = PCURVE('',#4094,#6583);
#6583 = DEFINITIONAL_REPRESENTATION('',(#6584),#6588);
#6584 = LINE('',#6585,#6586);
#6585 = CARTESIAN_POINT('',(0.,0.));
#6586 = VECTOR('',#6587,1.);
#6587 = DIRECTION('',(0.,1.));
#6588 = ( GEOMETRIC_REPRESENTATION_CONTEXT(2) 
PARAMETRIC_REPRESENTATION_CONTEXT() REPRESENTATION_CONTEXT('2D SPACE',''
  ) );
#6589 = PCURVE('',#6590,#6595);
#6590 = PLANE('',#6591);
#6591 = AXIS2_PLACEMENT_3D('',#6592,#6593,#6594);
#6592 = CARTESIAN_POINT('',(128.,-16.,-11.));
#6593 = DIRECTION('',(0.,0.,1.));
#6594 = DIRECTION('',(1.,0.,0.));
#6595 = DEFINITIONAL_REPRESENTATION('',(#6596),#6600);
#6596 = LINE('',#6597,#6598);
#6597 = CARTESIAN_POINT('',(0.,0.));
#6598 = VECTOR('',#6599,1.);
#6599 = DIRECTION('',(1.,0.));
#6600 = ( GEOMETRIC_REPRESENTATION_CONTEXT(2) 
PARAMETRIC_REPRESENTATION_CONTEXT() REPRESENTATION_CONTEXT('2D SPACE',''
  ) );
#6601 = ORIENTED_EDGE('',*,*,#6602,.F.);
#6602 = EDGE_CURVE('',#6603,#6573,#6605,.T.);
#6603 = VERTEX_POINT('',#6604);
#6604 = CARTESIAN_POINT('',(128.,-16.,-9.));
#6605 = SURFACE_CURVE('',#6606,(#6611,#6622),.PCURVE_S1.);
#6606 = CIRCLE('',#6607,2.);
#6607 = AXIS2_PLACEMENT_3D('',#6608,#6609,#6610);
#6608 = CARTESIAN_POINT('',(130.,-16.,-9.));
#6609 = DIRECTION('',(-0.,-1.,0.));
#6610 = DIRECTION('',(0.,-0.,1.));
#6611 = PCURVE('',#4094,#6612);
#6612 = DEFINITIONAL_REPRESENTATION('',(#6613),#6621);
#6613 = ( BOUNDED_CURVE() B_SPLINE_CURVE(2,(#6614,#6615,#6616,#6617,
#6618,#6619,#6620),.UNSPECIFIED.,.T.,.F.) B_SPLINE_CURVE_WITH_KNOTS((1,2
    ,2,2,2,1),(-2.094395102393,0.,2.094395102393,4.188790204786,
6.28318530718,8.377580409573),.UNSPECIFIED.) CURVE() 
GEOMETRIC_REPRESENTATION_ITEM() RATIONAL_B_SPLINE_CURVE((1.,0.5,1.,0.5,
1.,0.5,1.)) REPRESENTATION_ITEM('') );
#6614 = CARTESIAN_POINT('',(4.,2.));
#6615 = CARTESIAN_POINT('',(4.,-1.464101615138));
#6616 = CARTESIAN_POINT('',(1.,0.267949192431));
#6617 = CARTESIAN_POINT('',(-2.,2.));
#6618 = CARTESIAN_POINT('',(1.,3.732050807569));
#6619 = CARTESIAN_POINT('',(4.,5.464101615138));
#6620 = CARTESIAN_POINT('',(4.,2.));
#6621 = ( GEOMETRIC_REPRESENTATION_CONTEXT(2) 
PARAMETRIC_REPRESENTATION_CONTEXT() REPRESENTATION_CONTEXT('2D SPACE',''
  ) );
#6622 = PCURVE('',#6623,#6628);
#6623 = CYLINDRICAL_SURFACE('',#6624,2.);
#6624 = AXIS2_PLACEMENT_3D('',#6625,#6626,#6627);
#6625 = CARTESIAN_POINT('',(130.,-16.,-9.));
#6626 = DIRECTION('',(0.,1.,0.));
#6627 = DIRECTION('',(-1.,0.,0.));
#6628 = DEFINITIONAL_REPRESENTATION('',(#6629),#6633);
#6629 = LINE('',#6630,#6631);
#6630 = CARTESIAN_POINT('',(1.570796326795,-0.));
#6631 = VECTOR('',#6632,1.);
#6632 = DIRECTION('',(-1.,0.));
#6633 = ( GEOMETRIC_REPRESENTATION_CONTEXT(2) 
PARAMETRIC_REPRESENTATION_CONTEXT() REPRESENTATION_CONTEXT('2D SPACE',''
  ) );
#6634 = ORIENTED_EDGE('',*,*,#6635,.T.);
#6635 = EDGE_CURVE('',#6603,#6636,#6638,.T.);
#6636 = VERTEX_POINT('',#6637);
#6637 = CARTESIAN_POINT('',(128.,-16.,9.));
#6638 = SURFACE_CURVE('',#6639,(#6643,#6650),.PCURVE_S1.);
#6639 = LINE('',#6640,#6641);
#6640 = CARTESIAN_POINT('',(128.,-16.,-11.));
#6641 = VECTOR('',#6642,1.);
#6642 = DIRECTION('',(0.,0.,1.));
#6643 = PCURVE('',#4094,#6644);
#6644 = DEFINITIONAL_REPRESENTATION('',(#6645),#6649);
#6645 = LINE('',#6646,#6647);
#6646 = CARTESIAN_POINT('',(0.,0.));
#6647 = VECTOR('',#6648,1.);
#6648 = DIRECTION('',(1.,0.));
#6649 = ( GEOMETRIC_REPRESENTATION_CONTEXT(2) 
PARAMETRIC_REPRESENTATION_CONTEXT() REPRESENTATION_CONTEXT('2D SPACE',''
  ) );
#6650 = PCURVE('',#6651,#6656);
#6651 = PLANE('',#6652);
#6652 = AXIS2_PLACEMENT_3D('',#6653,#6654,#6655);
#6653 = CARTESIAN_POINT('',(128.,-16.,-11.));
#6654 = DIRECTION('',(1.,0.,0.));
#6655 = DIRECTION('',(0.,0.,1.));
#6656 = DEFINITIONAL_REPRESENTATION('',(#6657),#6661);
#6657 = LINE('',#6658,#6659);
#6658 = CARTESIAN_POINT('',(0.,0.));
#6659 = VECTOR('',#6660,1.);
#6660 = DIRECTION('',(1.,0.));
#6661 = ( GEOMETRIC_REPRESENTATION_CONTEXT(2) 
PARAMETRIC_REPRESENTATION_CONTEXT() REPRESENTATION_CONTEXT('2D SPACE',''
  ) );
#6662 = ORIENTED_EDGE('',*,*,#6663,.T.);
#6663 = EDGE_CURVE('',#6636,#6664,#6666,.T.);
#6664 = VERTEX_POINT('',#6665);
#6665 = CARTESIAN_POINT('',(130.,-16.,11.));
#6666 = SURFACE_CURVE('',#6667,(#6672,#6679),.PCURVE_S1.);
#6667 = CIRCLE('',#6668,2.);
#6668 = AXIS2_PLACEMENT_3D('',#6669,#6670,#6671);
#6669 = CARTESIAN_POINT('',(130.,-16.,9.));
#6670 = DIRECTION('',(0.,1.,0.));
#6671 = DIRECTION('',(0.,-0.,1.));
#6672 = PCURVE('',#4094,#6673);
#6673 = DEFINITIONAL_REPRESENTATION('',(#6674),#6678);
#6674 = CIRCLE('',#6675,2.);
#6675 = AXIS2_PLACEMENT_2D('',#6676,#6677);
#6676 = CARTESIAN_POINT('',(20.,2.));
#6677 = DIRECTION('',(1.,0.));
#6678 = ( GEOMETRIC_REPRESENTATION_CONTEXT(2) 
PARAMETRIC_REPRESENTATION_CONTEXT() REPRESENTATION_CONTEXT('2D SPACE',''
  ) );
#6679 = PCURVE('',#6680,#6685);
#6680 = CYLINDRICAL_SURFACE('',#6681,2.);
#6681 = AXIS2_PLACEMENT_3D('',#6682,#6683,#6684);
#6682 = CARTESIAN_POINT('',(130.,-16.,9.));
#6683 = DIRECTION('',(0.,1.,0.));
#6684 = DIRECTION('',(-1.,0.,0.));
#6685 = DEFINITIONAL_REPRESENTATION('',(#6686),#6690);
#6686 = LINE('',#6687,#6688);
#6687 = CARTESIAN_POINT('',(-4.712388980385,0.));
#6688 = VECTOR('',#6689,1.);
#6689 = DIRECTION('',(1.,0.));
#6690 = ( GEOMETRIC_REPRESENTATION_CONTEXT(2) 
PARAMETRIC_REPRESENTATION_CONTEXT() REPRESENTATION_CONTEXT('2D SPACE',''
  ) );
#6691 = ORIENTED_EDGE('',*,*,#6692,.T.);
#6692 = EDGE_CURVE('',#6664,#6693,#6695,.T.);
#6693 = VERTEX_POINT('',#6694);
#6694 = CARTESIAN_POINT('',(144.,-16.,11.));
#6695 = SURFACE_CURVE('',#6696,(#6700,#6707),.PCURVE_S1.);
#6696 = LINE('',#6697,#6698);
#6697 = CARTESIAN_POINT('',(128.,-16.,11.));
#6698 = VECTOR('',#6699,1.);
#6699 = DIRECTION('',(1.,0.,0.));
#6700 = PCURVE('',#4094,#6701);
#6701 = DEFINITIONAL_REPRESENTATION('',(#6702),#6706);
#6702 = LINE('',#6703,#6704);
#6703 = CARTESIAN_POINT('',(22.,0.));
#6704 = VECTOR('',#6705,1.);
#6705 = DIRECTION('',(0.,1.));
#6706 = ( GEOMETRIC_REPRESENTATION_CONTEXT(2) 
PARAMETRIC_REPRESENTATION_CONTEXT() REPRESENTATION_CONTEXT('2D SPACE',''
  ) );
#6707 = PCURVE('',#6708,#6713);
#6708 = PLANE('',#6709);
#6709 = AXIS2_PLACEMENT_3D('',#6710,#6711,#6712);
#6710 = CARTESIAN_POINT('',(128.,-16.,11.));
#6711 = DIRECTION('',(0.,0.,1.));
#6712 = DIRECTION('',(1.,0.,0.));
#6713 = DEFINITIONAL_REPRESENTATION('',(#6714),#6718);
#6714 = LINE('',#6715,#6716);
#6715 = CARTESIAN_POINT('',(0.,0.));
#6716 = VECTOR('',#6717,1.);
#6717 = DIRECTION('',(1.,0.));
#6718 = ( GEOMETRIC_REPRESENTATION_CONTEXT(2) 
PARAMETRIC_REPRESENTATION_CONTEXT() REPRESENTATION_CONTEXT('2D SPACE',''
  ) );
#6719 = ORIENTED_EDGE('',*,*,#6720,.F.);
#6720 = EDGE_CURVE('',#4079,#6693,#6721,.T.);
#6721 = SURFACE_CURVE('',#6722,(#6727,#6738),.PCURVE_S1.);
#6722 = CIRCLE('',#6723,2.);
#6723 = AXIS2_PLACEMENT_3D('',#6724,#6725,#6726);
#6724 = CARTESIAN_POINT('',(144.,-16.,9.));
#6725 = DIRECTION('',(-0.,-1.,0.));
#6726 = DIRECTION('',(0.,-0.,1.));
#6727 = PCURVE('',#4094,#6728);
#6728 = DEFINITIONAL_REPRESENTATION('',(#6729),#6737);
#6729 = ( BOUNDED_CURVE() B_SPLINE_CURVE(2,(#6730,#6731,#6732,#6733,
#6734,#6735,#6736),.UNSPECIFIED.,.T.,.F.) B_SPLINE_CURVE_WITH_KNOTS((1,2
    ,2,2,2,1),(-2.094395102393,0.,2.094395102393,4.188790204786,
6.28318530718,8.377580409573),.UNSPECIFIED.) CURVE() 
GEOMETRIC_REPRESENTATION_ITEM() RATIONAL_B_SPLINE_CURVE((1.,0.5,1.,0.5,
1.,0.5,1.)) REPRESENTATION_ITEM('') );
#6730 = CARTESIAN_POINT('',(22.,16.));
#6731 = CARTESIAN_POINT('',(22.,12.535898384862));
#6732 = CARTESIAN_POINT('',(19.,14.267949192431));
#6733 = CARTESIAN_POINT('',(16.,16.));
#6734 = CARTESIAN_POINT('',(19.,17.732050807569));
#6735 = CARTESIAN_POINT('',(22.,19.464101615138));
#6736 = CARTESIAN_POINT('',(22.,16.));
#6737 = ( GEOMETRIC_REPRESENTATION_CONTEXT(2) 
PARAMETRIC_REPRESENTATION_CONTEXT() REPRESENTATION_CONTEXT('2D SPACE',''
  ) );
#6738 = PCURVE('',#4288,#6739);
#6739 = DEFINITIONAL_REPRESENTATION('',(#6740),#6744);
#6740 = LINE('',#6741,#6742);
#6741 = CARTESIAN_POINT('',(4.712388980385,-0.));
#6742 = VECTOR('',#6743,1.);
#6743 = DIRECTION('',(-1.,0.));
#6744 = ( GEOMETRIC_REPRESENTATION_CONTEXT(2) 
PARAMETRIC_REPRESENTATION_CONTEXT() REPRESENTATION_CONTEXT('2D SPACE',''
  ) );
#6745 = ORIENTED_EDGE('',*,*,#4076,.F.);
#6746 = ORIENTED_EDGE('',*,*,#6747,.T.);
#6747 = EDGE_CURVE('',#4077,#6575,#6748,.T.);
#6748 = SURFACE_CURVE('',#6749,(#6754,#6761),.PCURVE_S1.);
#6749 = CIRCLE('',#6750,2.);
#6750 = AXIS2_PLACEMENT_3D('',#6751,#6752,#6753);
#6751 = CARTESIAN_POINT('',(144.,-16.,-9.));
#6752 = DIRECTION('',(0.,1.,0.));
#6753 = DIRECTION('',(0.,-0.,1.));
#6754 = PCURVE('',#4094,#6755);
#6755 = DEFINITIONAL_REPRESENTATION('',(#6756),#6760);
#6756 = CIRCLE('',#6757,2.);
#6757 = AXIS2_PLACEMENT_2D('',#6758,#6759);
#6758 = CARTESIAN_POINT('',(2.,16.));
#6759 = DIRECTION('',(1.,0.));
#6760 = ( GEOMETRIC_REPRESENTATION_CONTEXT(2) 
PARAMETRIC_REPRESENTATION_CONTEXT() REPRESENTATION_CONTEXT('2D SPACE',''
  ) );
#6761 = PCURVE('',#4122,#6762);
#6762 = DEFINITIONAL_REPRESENTATION('',(#6763),#6767);
#6763 = LINE('',#6764,#6765);
#6764 = CARTESIAN_POINT('',(-1.570796326795,0.));
#6765 = VECTOR('',#6766,1.);
#6766 = DIRECTION('',(1.,0.));
#6767 = ( GEOMETRIC_REPRESENTATION_CONTEXT(2) 
PARAMETRIC_REPRESENTATION_CONTEXT() REPRESENTATION_CONTEXT('2D SPACE',''
  ) );
#6768 = ADVANCED_FACE('',(#6769),#4122,.T.);
#6769 = FACE_BOUND('',#6770,.T.);
#6770 = EDGE_LOOP('',(#6771,#6772,#6773,#6796));
#6771 = ORIENTED_EDGE('',*,*,#4106,.F.);
#6772 = ORIENTED_EDGE('',*,*,#6747,.T.);
#6773 = ORIENTED_EDGE('',*,*,#6774,.T.);
#6774 = EDGE_CURVE('',#6575,#6775,#6777,.T.);
#6775 = VERTEX_POINT('',#6776);
#6776 = CARTESIAN_POINT('',(144.,-6.422616289333,-11.));
#6777 = SURFACE_CURVE('',#6778,(#6782,#6789),.PCURVE_S1.);
#6778 = LINE('',#6779,#6780);
#6779 = CARTESIAN_POINT('',(144.,-16.,-11.));
#6780 = VECTOR('',#6781,1.);
#6781 = DIRECTION('',(0.,1.,0.));
#6782 = PCURVE('',#4122,#6783);
#6783 = DEFINITIONAL_REPRESENTATION('',(#6784),#6788);
#6784 = LINE('',#6785,#6786);
#6785 = CARTESIAN_POINT('',(1.570796326795,0.));
#6786 = VECTOR('',#6787,1.);
#6787 = DIRECTION('',(0.,1.));
#6788 = ( GEOMETRIC_REPRESENTATION_CONTEXT(2) 
PARAMETRIC_REPRESENTATION_CONTEXT() REPRESENTATION_CONTEXT('2D SPACE',''
  ) );
#6789 = PCURVE('',#6590,#6790);
#6790 = DEFINITIONAL_REPRESENTATION('',(#6791),#6795);
#6791 = LINE('',#6792,#6793);
#6792 = CARTESIAN_POINT('',(16.,0.));
#6793 = VECTOR('',#6794,1.);
#6794 = DIRECTION('',(0.,1.));
#6795 = ( GEOMETRIC_REPRESENTATION_CONTEXT(2) 
PARAMETRIC_REPRESENTATION_CONTEXT() REPRESENTATION_CONTEXT('2D SPACE',''
  ) );
#6796 = ORIENTED_EDGE('',*,*,#6797,.F.);
#6797 = EDGE_CURVE('',#4107,#6775,#6798,.T.);
#6798 = SURFACE_CURVE('',#6799,(#6826,#6856),.PCURVE_S1.);
#6799 = B_SPLINE_CURVE_WITH_KNOTS('',7,(#6800,#6801,#6802,#6803,#6804,
    #6805,#6806,#6807,#6808,#6809,#6810,#6811,#6812,#6813,#6814,#6815,
    #6816,#6817,#6818,#6819,#6820,#6821,#6822,#6823,#6824,#6825),
  .UNSPECIFIED.,.F.,.F.,(8,6,6,6,8),(0.,0.1109857047,0.292317501166,
    0.541373367469,1.),.UNSPECIFIED.);
#6800 = CARTESIAN_POINT('',(146.,-3.041381265149,-9.));
#6801 = CARTESIAN_POINT('',(146.,-3.041381265149,-9.068973100192));
#6802 = CARTESIAN_POINT('',(145.99722476616,-3.049593182675,
    -9.137006415093));
#6803 = CARTESIAN_POINT('',(145.99181121095,-3.065614584063,
    -9.203783748509));
#6804 = CARTESIAN_POINT('',(145.98394302972,-3.088740175434,
    -9.268948259031));
#6805 = CARTESIAN_POINT('',(145.97387440928,-3.117955380306,
    -9.332067698719));
#6806 = CARTESIAN_POINT('',(145.961968011,-3.15193281723,-9.3926017354)
  );
#6807 = CARTESIAN_POINT('',(145.92714671485,-3.249644915732,
    -9.543440198596));
#6808 = CARTESIAN_POINT('',(145.90137906333,-3.320437106211,
    -9.631145748308));
#6809 = CARTESIAN_POINT('',(145.87234367187,-3.397951075607,
    -9.713369584888));
#6810 = CARTESIAN_POINT('',(145.84070911518,-3.479651316822,
    -9.79053448204));
#6811 = CARTESIAN_POINT('',(145.80690892504,-3.564102409891,
    -9.863282374667));
#6812 = CARTESIAN_POINT('',(145.77097571418,-3.650965692197,
    -9.932516144077));
#6813 = CARTESIAN_POINT('',(145.67956701101,-3.864344871407,
    -10.09099161464));
#6814 = CARTESIAN_POINT('',(145.62223353424,-3.992554193139,
    -10.1773052712));
#6815 = CARTESIAN_POINT('',(145.56098653459,-4.123346826755,
    -10.25841099796));
#6816 = CARTESIAN_POINT('',(145.49612570235,-4.255598103452,
    -10.33464744013));
#6817 = CARTESIAN_POINT('',(145.42767708959,-4.388935504521,
    -10.4064130697));
#6818 = CARTESIAN_POINT('',(145.3553884526,-4.523481569337,
    -10.47405973331));
#6819 = CARTESIAN_POINT('',(145.13767874089,-4.910288214373,
    -10.65510100668));
#6820 = CARTESIAN_POINT('',(144.98310029973,-5.164209526972,
    -10.75809771229));
#6821 = CARTESIAN_POINT('',(144.81487308214,-5.419225742855,
    -10.84629381729));
#6822 = CARTESIAN_POINT('',(144.63243029975,-5.674364714555,
    -10.9181118354));
#6823 = CARTESIAN_POINT('',(144.43539869192,-5.928139864267,
    -10.9707404622));
#6824 = CARTESIAN_POINT('',(144.22396328097,-6.178519040451,-11.));
#6825 = CARTESIAN_POINT('',(144.,-6.422616289333,-11.));
#6826 = PCURVE('',#4122,#6827);
#6827 = DEFINITIONAL_REPRESENTATION('',(#6828),#6855);
#6828 = B_SPLINE_CURVE_WITH_KNOTS('',7,(#6829,#6830,#6831,#6832,#6833,
    #6834,#6835,#6836,#6837,#6838,#6839,#6840,#6841,#6842,#6843,#6844,
    #6845,#6846,#6847,#6848,#6849,#6850,#6851,#6852,#6853,#6854),
  .UNSPECIFIED.,.F.,.F.,(8,6,6,6,8),(0.,0.1109857047,0.292317501166,
    0.541373367469,1.),.UNSPECIFIED.);
#6829 = CARTESIAN_POINT('',(0.,12.958618734851));
#6830 = CARTESIAN_POINT('',(3.448655009581E-02,12.958618734851));
#6831 = CARTESIAN_POINT('',(6.850320772601E-02,12.950406817325));
#6832 = CARTESIAN_POINT('',(0.101958879189,12.934385415937));
#6833 = CARTESIAN_POINT('',(0.134733827767,12.911259824566));
#6834 = CARTESIAN_POINT('',(0.166658639417,12.882044619694));
#6835 = CARTESIAN_POINT('',(0.197489105602,12.84806718277));
#6836 = CARTESIAN_POINT('',(0.274891890831,12.750355084268));
#6837 = CARTESIAN_POINT('',(0.320518938304,12.679562893789));
#6838 = CARTESIAN_POINT('',(0.364023481459,12.602048924393));
#6839 = CARTESIAN_POINT('',(0.405637152826,12.520348683178));
#6840 = CARTESIAN_POINT('',(0.445683090418,12.435897590109));
#6841 = CARTESIAN_POINT('',(0.484646178865,12.349034307803));
#6842 = CARTESIAN_POINT('',(0.576120254134,12.135655128593));
#6843 = CARTESIAN_POINT('',(0.627827177322,12.007445806861));
#6844 = CARTESIAN_POINT('',(0.678498477148,11.876653173245));
#6845 = CARTESIAN_POINT('',(0.728397358796,11.744401896548));
#6846 = CARTESIAN_POINT('',(0.777856903262,11.611064495479));
#6847 = CARTESIAN_POINT('',(0.827273920834,11.476518430663));
#6848 = CARTESIAN_POINT('',(0.968848513571,11.089711785627));
#6849 = CARTESIAN_POINT('',(1.06120220048,10.835790473028));
#6850 = CARTESIAN_POINT('',(1.155334420182,10.580774257145));
#6851 = CARTESIAN_POINT('',(1.252289417909,10.325635285445));
#6852 = CARTESIAN_POINT('',(1.353096617165,10.071860135733));
#6853 = CARTESIAN_POINT('',(1.458814686306,9.821480959549));
#6854 = CARTESIAN_POINT('',(1.570796326795,9.577383710667));
#6855 = ( GEOMETRIC_REPRESENTATION_CONTEXT(2) 
PARAMETRIC_REPRESENTATION_CONTEXT() REPRESENTATION_CONTEXT('2D SPACE',''
  ) );
#6856 = PCURVE('',#6857,#6862);
#6857 = CYLINDRICAL_SURFACE('',#6858,9.5);
#6858 = AXIS2_PLACEMENT_3D('',#6859,#6860,#6861);
#6859 = CARTESIAN_POINT('',(137.,0.,-15.));
#6860 = DIRECTION('',(-0.,-0.,-1.));
#6861 = DIRECTION('',(1.,0.,0.));
#6862 = DEFINITIONAL_REPRESENTATION('',(#6863),#6890);
#6863 = B_SPLINE_CURVE_WITH_KNOTS('',7,(#6864,#6865,#6866,#6867,#6868,
    #6869,#6870,#6871,#6872,#6873,#6874,#6875,#6876,#6877,#6878,#6879,
    #6880,#6881,#6882,#6883,#6884,#6885,#6886,#6887,#6888,#6889),
  .UNSPECIFIED.,.F.,.F.,(8,6,6,6,8),(0.,0.1109857047,0.292317501166,
    0.541373367469,1.),.UNSPECIFIED.);
#6864 = CARTESIAN_POINT('',(-5.957302349959,-6.));
#6865 = CARTESIAN_POINT('',(-5.957302349959,-5.931026899808));
#6866 = CARTESIAN_POINT('',(-5.956389911542,-5.862993584907));
#6867 = CARTESIAN_POINT('',(-5.954609766044,-5.796216251491));
#6868 = CARTESIAN_POINT('',(-5.952038472086,-5.731051740969));
#6869 = CARTESIAN_POINT('',(-5.948785729751,-5.667932301281));
#6870 = CARTESIAN_POINT('',(-5.944995977725,-5.6073982646));
#6871 = CARTESIAN_POINT('',(-5.934076896427,-5.456559801404));
#6872 = CARTESIAN_POINT('',(-5.926146974931,-5.368854251692));
#6873 = CARTESIAN_POINT('',(-5.917434590025,-5.286630415112));
#6874 = CARTESIAN_POINT('',(-5.90821344399,-5.20946551796));
#6875 = CARTESIAN_POINT('',(-5.898639261385,-5.136717625333));
#6876 = CARTESIAN_POINT('',(-5.888745061067,-5.067483855923));
#6877 = CARTESIAN_POINT('',(-5.864309896103,-4.90900838536));
#6878 = CARTESIAN_POINT('',(-5.849528070724,-4.822694728797));
#6879 = CARTESIAN_POINT('',(-5.834329438955,-4.741589002031));
#6880 = CARTESIAN_POINT('',(-5.818828769493,-4.665352559862));
#6881 = CARTESIAN_POINT('',(-5.803056247546,-4.593586930298));
#6882 = CARTESIAN_POINT('',(-5.786981870769,-4.525940266682));
#6883 = CARTESIAN_POINT('',(-5.740259148955,-4.344898993317));
#6884 = CARTESIAN_POINT('',(-5.708985664411,-4.241902287705));
#6885 = CARTESIAN_POINT('',(-5.676861742826,-4.153706182702));
#6886 = CARTESIAN_POINT('',(-5.643888467106,-4.0818881646));
#6887 = CARTESIAN_POINT('',(-5.610114154689,-4.029259537794));
#6888 = CARTESIAN_POINT('',(-5.575647412714,-4.));
#6889 = CARTESIAN_POINT('',(-5.540776377159,-4.));
#6890 = ( GEOMETRIC_REPRESENTATION_CONTEXT(2) 
PARAMETRIC_REPRESENTATION_CONTEXT() REPRESENTATION_CONTEXT('2D SPACE',''
  ) );
#6891 = ADVANCED_FACE('',(#6892),#4288,.T.);
#6892 = FACE_BOUND('',#6893,.F.);
#6893 = EDGE_LOOP('',(#6894,#6895,#6896,#6919));
#6894 = ORIENTED_EDGE('',*,*,#4274,.F.);
#6895 = ORIENTED_EDGE('',*,*,#6720,.T.);
#6896 = ORIENTED_EDGE('',*,*,#6897,.T.);
#6897 = EDGE_CURVE('',#6693,#6898,#6900,.T.);
#6898 = VERTEX_POINT('',#6899);
#6899 = CARTESIAN_POINT('',(144.,-6.422616289333,11.));
#6900 = SURFACE_CURVE('',#6901,(#6905,#6912),.PCURVE_S1.);
#6901 = LINE('',#6902,#6903);
#6902 = CARTESIAN_POINT('',(144.,-16.,11.));
#6903 = VECTOR('',#6904,1.);
#6904 = DIRECTION('',(0.,1.,0.));
#6905 = PCURVE('',#4288,#6906);
#6906 = DEFINITIONAL_REPRESENTATION('',(#6907),#6911);
#6907 = LINE('',#6908,#6909);
#6908 = CARTESIAN_POINT('',(-1.570796326795,0.));
#6909 = VECTOR('',#6910,1.);
#6910 = DIRECTION('',(-0.,1.));
#6911 = ( GEOMETRIC_REPRESENTATION_CONTEXT(2) 
PARAMETRIC_REPRESENTATION_CONTEXT() REPRESENTATION_CONTEXT('2D SPACE',''
  ) );
#6912 = PCURVE('',#6708,#6913);
#6913 = DEFINITIONAL_REPRESENTATION('',(#6914),#6918);
#6914 = LINE('',#6915,#6916);
#6915 = CARTESIAN_POINT('',(16.,0.));
#6916 = VECTOR('',#6917,1.);
#6917 = DIRECTION('',(0.,1.));
#6918 = ( GEOMETRIC_REPRESENTATION_CONTEXT(2) 
PARAMETRIC_REPRESENTATION_CONTEXT() REPRESENTATION_CONTEXT('2D SPACE',''
  ) );
#6919 = ORIENTED_EDGE('',*,*,#6920,.F.);
#6920 = EDGE_CURVE('',#4247,#6898,#6921,.T.);
#6921 = SURFACE_CURVE('',#6922,(#6949,#6979),.PCURVE_S1.);
#6922 = B_SPLINE_CURVE_WITH_KNOTS('',7,(#6923,#6924,#6925,#6926,#6927,
    #6928,#6929,#6930,#6931,#6932,#6933,#6934,#6935,#6936,#6937,#6938,
    #6939,#6940,#6941,#6942,#6943,#6944,#6945,#6946,#6947,#6948),
  .UNSPECIFIED.,.F.,.F.,(8,6,6,6,8),(0.,0.1109857047,0.292317501166,
    0.541373367468,1.),.UNSPECIFIED.);
#6923 = CARTESIAN_POINT('',(146.,-3.041381265149,9.));
#6924 = CARTESIAN_POINT('',(146.,-3.041381265149,9.068973100192));
#6925 = CARTESIAN_POINT('',(145.99722476616,-3.049593182675,
    9.137006415093));
#6926 = CARTESIAN_POINT('',(145.99181121095,-3.065614584063,
    9.20378374851));
#6927 = CARTESIAN_POINT('',(145.98394302972,-3.088740175434,
    9.268948259031));
#6928 = CARTESIAN_POINT('',(145.97387440928,-3.117955380306,
    9.332067698719));
#6929 = CARTESIAN_POINT('',(145.961968011,-3.15193281723,9.3926017354));
#6930 = CARTESIAN_POINT('',(145.92714671485,-3.249644915732,
    9.543440198596));
#6931 = CARTESIAN_POINT('',(145.90137906333,-3.320437106211,
    9.631145748308));
#6932 = CARTESIAN_POINT('',(145.87234367187,-3.397951075605,
    9.713369584887));
#6933 = CARTESIAN_POINT('',(145.84070911518,-3.479651316823,
    9.790534482041));
#6934 = CARTESIAN_POINT('',(145.80690892504,-3.56410240989,
    9.863282374667));
#6935 = CARTESIAN_POINT('',(145.77097571418,-3.650965692197,
    9.932516144078));
#6936 = CARTESIAN_POINT('',(145.67956701101,-3.864344871407,
    10.09099161464));
#6937 = CARTESIAN_POINT('',(145.62223353424,-3.992554193139,
    10.177305271203));
#6938 = CARTESIAN_POINT('',(145.56098653459,-4.123346826755,
    10.258410997969));
#6939 = CARTESIAN_POINT('',(145.49612570235,-4.255598103452,
    10.334647440138));
#6940 = CARTESIAN_POINT('',(145.42767708959,-4.388935504521,
    10.406413069702));
#6941 = CARTESIAN_POINT('',(145.3553884526,-4.523481569337,
    10.474059733318));
#6942 = CARTESIAN_POINT('',(145.13767874089,-4.910288214374,
    10.655101006683));
#6943 = CARTESIAN_POINT('',(144.98310029973,-5.164209526971,
    10.758097712295));
#6944 = CARTESIAN_POINT('',(144.81487308214,-5.419225742855,
    10.846293817298));
#6945 = CARTESIAN_POINT('',(144.63243029975,-5.674364714556,
    10.9181118354));
#6946 = CARTESIAN_POINT('',(144.43539869192,-5.928139864266,
    10.970740462206));
#6947 = CARTESIAN_POINT('',(144.22396328097,-6.178519040452,11.));
#6948 = CARTESIAN_POINT('',(144.,-6.422616289333,11.));
#6949 = PCURVE('',#4288,#6950);
#6950 = DEFINITIONAL_REPRESENTATION('',(#6951),#6978);
#6951 = B_SPLINE_CURVE_WITH_KNOTS('',7,(#6952,#6953,#6954,#6955,#6956,
    #6957,#6958,#6959,#6960,#6961,#6962,#6963,#6964,#6965,#6966,#6967,
    #6968,#6969,#6970,#6971,#6972,#6973,#6974,#6975,#6976,#6977),
  .UNSPECIFIED.,.F.,.F.,(8,6,6,6,8),(0.,0.1109857047,0.292317501166,
    0.541373367468,1.),.UNSPECIFIED.);
#6952 = CARTESIAN_POINT('',(0.,12.958618734851));
#6953 = CARTESIAN_POINT('',(-3.448655009582E-02,12.958618734851));
#6954 = CARTESIAN_POINT('',(-6.8503207726E-02,12.950406817325));
#6955 = CARTESIAN_POINT('',(-0.101958879189,12.934385415937));
#6956 = CARTESIAN_POINT('',(-0.134733827767,12.911259824566));
#6957 = CARTESIAN_POINT('',(-0.166658639417,12.882044619694));
#6958 = CARTESIAN_POINT('',(-0.197489105602,12.84806718277));
#6959 = CARTESIAN_POINT('',(-0.274891890831,12.750355084268));
#6960 = CARTESIAN_POINT('',(-0.320518938304,12.679562893789));
#6961 = CARTESIAN_POINT('',(-0.364023481459,12.602048924394));
#6962 = CARTESIAN_POINT('',(-0.405637152827,12.520348683177));
#6963 = CARTESIAN_POINT('',(-0.445683090417,12.435897590109));
#6964 = CARTESIAN_POINT('',(-0.484646178865,12.349034307803));
#6965 = CARTESIAN_POINT('',(-0.576120254134,12.135655128593));
#6966 = CARTESIAN_POINT('',(-0.627827177322,12.007445806861));
#6967 = CARTESIAN_POINT('',(-0.678498477148,11.876653173245));
#6968 = CARTESIAN_POINT('',(-0.728397358796,11.744401896548));
#6969 = CARTESIAN_POINT('',(-0.777856903262,11.611064495479));
#6970 = CARTESIAN_POINT('',(-0.827273920834,11.476518430663));
#6971 = CARTESIAN_POINT('',(-0.968848513571,11.089711785626));
#6972 = CARTESIAN_POINT('',(-1.06120220048,10.835790473029));
#6973 = CARTESIAN_POINT('',(-1.155334420183,10.580774257145));
#6974 = CARTESIAN_POINT('',(-1.252289417909,10.325635285444));
#6975 = CARTESIAN_POINT('',(-1.353096617165,10.071860135734));
#6976 = CARTESIAN_POINT('',(-1.458814686306,9.821480959548));
#6977 = CARTESIAN_POINT('',(-1.570796326795,9.577383710667));
#6978 = ( GEOMETRIC_REPRESENTATION_CONTEXT(2) 
PARAMETRIC_REPRESENTATION_CONTEXT() REPRESENTATION_CONTEXT('2D SPACE',''
  ) );
#6979 = PCURVE('',#6980,#6985);
#6980 = CYLINDRICAL_SURFACE('',#6981,9.5);
#6981 = AXIS2_PLACEMENT_3D('',#6982,#6983,#6984);
#6982 = CARTESIAN_POINT('',(137.,0.,9.));
#6983 = DIRECTION('',(-0.,-0.,-1.));
#6984 = DIRECTION('',(1.,0.,0.));
#6985 = DEFINITIONAL_REPRESENTATION('',(#6986),#7013);
#6986 = B_SPLINE_CURVE_WITH_KNOTS('',7,(#6987,#6988,#6989,#6990,#6991,
    #6992,#6993,#6994,#6995,#6996,#6997,#6998,#6999,#7000,#7001,#7002,
    #7003,#7004,#7005,#7006,#7007,#7008,#7009,#7010,#7011,#7012),
  .UNSPECIFIED.,.F.,.F.,(8,6,6,6,8),(0.,0.1109857047,0.292317501166,
    0.541373367468,1.),.UNSPECIFIED.);
#6987 = CARTESIAN_POINT('',(-5.957302349959,4.440892098501E-16));
#6988 = CARTESIAN_POINT('',(-5.957302349959,-6.897310019164E-02));
#6989 = CARTESIAN_POINT('',(-5.956389911542,-0.137006415093));
#6990 = CARTESIAN_POINT('',(-5.954609766044,-0.20378374851));
#6991 = CARTESIAN_POINT('',(-5.952038472086,-0.268948259031));
#6992 = CARTESIAN_POINT('',(-5.948785729751,-0.332067698719));
#6993 = CARTESIAN_POINT('',(-5.944995977725,-0.3926017354));
#6994 = CARTESIAN_POINT('',(-5.934076896427,-0.543440198596));
#6995 = CARTESIAN_POINT('',(-5.926146974931,-0.631145748308));
#6996 = CARTESIAN_POINT('',(-5.917434590025,-0.713369584887));
#6997 = CARTESIAN_POINT('',(-5.90821344399,-0.790534482041));
#6998 = CARTESIAN_POINT('',(-5.898639261385,-0.863282374667));
#6999 = CARTESIAN_POINT('',(-5.888745061067,-0.932516144078));
#7000 = CARTESIAN_POINT('',(-5.864309896103,-1.09099161464));
#7001 = CARTESIAN_POINT('',(-5.849528070724,-1.177305271203));
#7002 = CARTESIAN_POINT('',(-5.834329438955,-1.258410997969));
#7003 = CARTESIAN_POINT('',(-5.818828769493,-1.334647440138));
#7004 = CARTESIAN_POINT('',(-5.803056247546,-1.406413069702));
#7005 = CARTESIAN_POINT('',(-5.786981870769,-1.474059733318));
#7006 = CARTESIAN_POINT('',(-5.740259148955,-1.655101006683));
#7007 = CARTESIAN_POINT('',(-5.708985664411,-1.758097712295));
#7008 = CARTESIAN_POINT('',(-5.676861742826,-1.846293817298));
#7009 = CARTESIAN_POINT('',(-5.643888467106,-1.9181118354));
#7010 = CARTESIAN_POINT('',(-5.610114154689,-1.970740462206));
#7011 = CARTESIAN_POINT('',(-5.575647412714,-2.));
#7012 = CARTESIAN_POINT('',(-5.540776377159,-2.));
#7013 = ( GEOMETRIC_REPRESENTATION_CONTEXT(2) 
PARAMETRIC_REPRESENTATION_CONTEXT() REPRESENTATION_CONTEXT('2D SPACE',''
  ) );
#7014 = ADVANCED_FACE('',(#7015),#4150,.T.);
#7015 = FACE_BOUND('',#7016,.T.);
#7016 = EDGE_LOOP('',(#7017,#7041,#7063));
#7017 = ORIENTED_EDGE('',*,*,#7018,.T.);
#7018 = EDGE_CURVE('',#4107,#7019,#7021,.T.);
#7019 = VERTEX_POINT('',#7020);
#7020 = CARTESIAN_POINT('',(146.5,0.,-9.));
#7021 = SURFACE_CURVE('',#7022,(#7027,#7034),.PCURVE_S1.);
#7022 = CIRCLE('',#7023,9.5);
#7023 = AXIS2_PLACEMENT_3D('',#7024,#7025,#7026);
#7024 = CARTESIAN_POINT('',(137.,0.,-9.));
#7025 = DIRECTION('',(0.,0.,1.));
#7026 = DIRECTION('',(1.,0.,0.));
#7027 = PCURVE('',#4150,#7028);
#7028 = DEFINITIONAL_REPRESENTATION('',(#7029),#7033);
#7029 = CIRCLE('',#7030,9.5);
#7030 = AXIS2_PLACEMENT_2D('',#7031,#7032);
#7031 = CARTESIAN_POINT('',(0.,-1.879594466024E-16));
#7032 = DIRECTION('',(1.,0.));
#7033 = ( GEOMETRIC_REPRESENTATION_CONTEXT(2) 
PARAMETRIC_REPRESENTATION_CONTEXT() REPRESENTATION_CONTEXT('2D SPACE',''
  ) );
#7034 = PCURVE('',#6857,#7035);
#7035 = DEFINITIONAL_REPRESENTATION('',(#7036),#7040);
#7036 = LINE('',#7037,#7038);
#7037 = CARTESIAN_POINT('',(-0.,-6.));
#7038 = VECTOR('',#7039,1.);
#7039 = DIRECTION('',(-1.,0.));
#7040 = ( GEOMETRIC_REPRESENTATION_CONTEXT(2) 
PARAMETRIC_REPRESENTATION_CONTEXT() REPRESENTATION_CONTEXT('2D SPACE',''
  ) );
#7041 = ORIENTED_EDGE('',*,*,#7042,.T.);
#7042 = EDGE_CURVE('',#7019,#4135,#7043,.T.);
#7043 = SURFACE_CURVE('',#7044,(#7049,#7056),.PCURVE_S1.);
#7044 = CIRCLE('',#7045,9.5);
#7045 = AXIS2_PLACEMENT_3D('',#7046,#7047,#7048);
#7046 = CARTESIAN_POINT('',(137.,0.,-9.));
#7047 = DIRECTION('',(0.,0.,1.));
#7048 = DIRECTION('',(1.,0.,0.));
#7049 = PCURVE('',#4150,#7050);
#7050 = DEFINITIONAL_REPRESENTATION('',(#7051),#7055);
#7051 = CIRCLE('',#7052,9.5);
#7052 = AXIS2_PLACEMENT_2D('',#7053,#7054);
#7053 = CARTESIAN_POINT('',(0.,-1.879594466024E-16));
#7054 = DIRECTION('',(1.,0.));
#7055 = ( GEOMETRIC_REPRESENTATION_CONTEXT(2) 
PARAMETRIC_REPRESENTATION_CONTEXT() REPRESENTATION_CONTEXT('2D SPACE',''
  ) );
#7056 = PCURVE('',#6857,#7057);
#7057 = DEFINITIONAL_REPRESENTATION('',(#7058),#7062);
#7058 = LINE('',#7059,#7060);
#7059 = CARTESIAN_POINT('',(-0.,-6.));
#7060 = VECTOR('',#7061,1.);
#7061 = DIRECTION('',(-1.,0.));
#7062 = ( GEOMETRIC_REPRESENTATION_CONTEXT(2) 
PARAMETRIC_REPRESENTATION_CONTEXT() REPRESENTATION_CONTEXT('2D SPACE',''
  ) );
#7063 = ORIENTED_EDGE('',*,*,#4134,.F.);
#7064 = ADVANCED_FACE('',(#7065),#4262,.F.);
#7065 = FACE_BOUND('',#7066,.F.);
#7066 = EDGE_LOOP('',(#7067,#7091,#7113));
#7067 = ORIENTED_EDGE('',*,*,#7068,.T.);
#7068 = EDGE_CURVE('',#4247,#7069,#7071,.T.);
#7069 = VERTEX_POINT('',#7070);
#7070 = CARTESIAN_POINT('',(146.5,0.,9.));
#7071 = SURFACE_CURVE('',#7072,(#7077,#7084),.PCURVE_S1.);
#7072 = CIRCLE('',#7073,9.5);
#7073 = AXIS2_PLACEMENT_3D('',#7074,#7075,#7076);
#7074 = CARTESIAN_POINT('',(137.,0.,9.));
#7075 = DIRECTION('',(0.,0.,1.));
#7076 = DIRECTION('',(1.,0.,0.));
#7077 = PCURVE('',#4262,#7078);
#7078 = DEFINITIONAL_REPRESENTATION('',(#7079),#7083);
#7079 = CIRCLE('',#7080,9.5);
#7080 = AXIS2_PLACEMENT_2D('',#7081,#7082);
#7081 = CARTESIAN_POINT('',(0.,-1.879594466024E-16));
#7082 = DIRECTION('',(1.,0.));
#7083 = ( GEOMETRIC_REPRESENTATION_CONTEXT(2) 
PARAMETRIC_REPRESENTATION_CONTEXT() REPRESENTATION_CONTEXT('2D SPACE',''
  ) );
#7084 = PCURVE('',#6980,#7085);
#7085 = DEFINITIONAL_REPRESENTATION('',(#7086),#7090);
#7086 = LINE('',#7087,#7088);
#7087 = CARTESIAN_POINT('',(-0.,0.));
#7088 = VECTOR('',#7089,1.);
#7089 = DIRECTION('',(-1.,0.));
#7090 = ( GEOMETRIC_REPRESENTATION_CONTEXT(2) 
PARAMETRIC_REPRESENTATION_CONTEXT() REPRESENTATION_CONTEXT('2D SPACE',''
  ) );
#7091 = ORIENTED_EDGE('',*,*,#7092,.T.);
#7092 = EDGE_CURVE('',#7069,#4219,#7093,.T.);
#7093 = SURFACE_CURVE('',#7094,(#7099,#7106),.PCURVE_S1.);
#7094 = CIRCLE('',#7095,9.5);
#7095 = AXIS2_PLACEMENT_3D('',#7096,#7097,#7098);
#7096 = CARTESIAN_POINT('',(137.,0.,9.));
#7097 = DIRECTION('',(0.,0.,1.));
#7098 = DIRECTION('',(1.,0.,0.));
#7099 = PCURVE('',#4262,#7100);
#7100 = DEFINITIONAL_REPRESENTATION('',(#7101),#7105);
#7101 = CIRCLE('',#7102,9.5);
#7102 = AXIS2_PLACEMENT_2D('',#7103,#7104);
#7103 = CARTESIAN_POINT('',(0.,-1.879594466024E-16));
#7104 = DIRECTION('',(1.,0.));
#7105 = ( GEOMETRIC_REPRESENTATION_CONTEXT(2) 
PARAMETRIC_REPRESENTATION_CONTEXT() REPRESENTATION_CONTEXT('2D SPACE',''
  ) );
#7106 = PCURVE('',#6980,#7107);
#7107 = DEFINITIONAL_REPRESENTATION('',(#7108),#7112);
#7108 = LINE('',#7109,#7110);
#7109 = CARTESIAN_POINT('',(-0.,0.));
#7110 = VECTOR('',#7111,1.);
#7111 = DIRECTION('',(-1.,0.));
#7112 = ( GEOMETRIC_REPRESENTATION_CONTEXT(2) 
PARAMETRIC_REPRESENTATION_CONTEXT() REPRESENTATION_CONTEXT('2D SPACE',''
  ) );
#7113 = ORIENTED_EDGE('',*,*,#4246,.F.);
#7114 = ADVANCED_FACE('',(#7115),#4178,.T.);
#7115 = FACE_BOUND('',#7116,.T.);
#7116 = EDGE_LOOP('',(#7117,#7118,#7210,#7238));
#7117 = ORIENTED_EDGE('',*,*,#4162,.F.);
#7118 = ORIENTED_EDGE('',*,*,#7119,.T.);
#7119 = EDGE_CURVE('',#4135,#7120,#7122,.T.);
#7120 = VERTEX_POINT('',#7121);
#7121 = CARTESIAN_POINT('',(144.,6.422616289333,-11.));
#7122 = SURFACE_CURVE('',#7123,(#7150,#7180),.PCURVE_S1.);
#7123 = B_SPLINE_CURVE_WITH_KNOTS('',7,(#7124,#7125,#7126,#7127,#7128,
    #7129,#7130,#7131,#7132,#7133,#7134,#7135,#7136,#7137,#7138,#7139,
    #7140,#7141,#7142,#7143,#7144,#7145,#7146,#7147,#7148,#7149),
  .UNSPECIFIED.,.F.,.F.,(8,6,6,6,8),(0.,0.110985704639,0.292317501118,
    0.541373367437,1.),.UNSPECIFIED.);
#7124 = CARTESIAN_POINT('',(146.,3.041381265149,-9.));
#7125 = CARTESIAN_POINT('',(146.,3.041381265149,-9.068973100149));
#7126 = CARTESIAN_POINT('',(145.99722476617,3.049593182667,
    -9.137006415137));
#7127 = CARTESIAN_POINT('',(145.99181121094,3.065614584083,
    -9.203783748539));
#7128 = CARTESIAN_POINT('',(145.98394302972,3.088740175434,
    -9.268948258998));
#7129 = CARTESIAN_POINT('',(145.97387440929,3.117955380274,
    -9.332067698684));
#7130 = CARTESIAN_POINT('',(145.96196801099,3.151932817253,
    -9.392601735435));
#7131 = CARTESIAN_POINT('',(145.92714671485,3.249644915732,
    -9.543440198597));
#7132 = CARTESIAN_POINT('',(145.90137906333,3.320437106211,
    -9.631145748307));
#7133 = CARTESIAN_POINT('',(145.87234367187,3.397951075606,
    -9.713369584887));
#7134 = CARTESIAN_POINT('',(145.84070911518,3.479651316822,
    -9.79053448204));
#7135 = CARTESIAN_POINT('',(145.80690892504,3.564102409891,
    -9.863282374667));
#7136 = CARTESIAN_POINT('',(145.77097571418,3.650965692197,
    -9.932516144077));
#7137 = CARTESIAN_POINT('',(145.67956701101,3.864344871407,
    -10.09099161464));
#7138 = CARTESIAN_POINT('',(145.62223353424,3.992554193139,
    -10.1773052712));
#7139 = CARTESIAN_POINT('',(145.56098653459,4.123346826755,
    -10.25841099796));
#7140 = CARTESIAN_POINT('',(145.49612570235,4.255598103452,
    -10.33464744013));
#7141 = CARTESIAN_POINT('',(145.42767708959,4.388935504521,
    -10.4064130697));
#7142 = CARTESIAN_POINT('',(145.3553884526,4.523481569337,
    -10.47405973331));
#7143 = CARTESIAN_POINT('',(145.13767874089,4.910288214373,
    -10.65510100668));
#7144 = CARTESIAN_POINT('',(144.98310029973,5.164209526974,
    -10.75809771229));
#7145 = CARTESIAN_POINT('',(144.81487308214,5.419225742854,
    -10.84629381729));
#7146 = CARTESIAN_POINT('',(144.63243029975,5.674364714556,
    -10.9181118354));
#7147 = CARTESIAN_POINT('',(144.43539869192,5.928139864267,
    -10.9707404622));
#7148 = CARTESIAN_POINT('',(144.22396328097,6.178519040451,-11.));
#7149 = CARTESIAN_POINT('',(144.,6.422616289333,-11.));
#7150 = PCURVE('',#4178,#7151);
#7151 = DEFINITIONAL_REPRESENTATION('',(#7152),#7179);
#7152 = B_SPLINE_CURVE_WITH_KNOTS('',7,(#7153,#7154,#7155,#7156,#7157,
    #7158,#7159,#7160,#7161,#7162,#7163,#7164,#7165,#7166,#7167,#7168,
    #7169,#7170,#7171,#7172,#7173,#7174,#7175,#7176,#7177,#7178),
  .UNSPECIFIED.,.F.,.F.,(8,6,6,6,8),(0.,0.110985704639,0.292317501118,
    0.541373367437,1.),.UNSPECIFIED.);
#7153 = CARTESIAN_POINT('',(0.,19.041381265149));
#7154 = CARTESIAN_POINT('',(3.448655007445E-02,19.041381265149));
#7155 = CARTESIAN_POINT('',(6.850320774781E-02,19.049593182667));
#7156 = CARTESIAN_POINT('',(0.101958879204,19.065614584083));
#7157 = CARTESIAN_POINT('',(0.134733827751,19.088740175434));
#7158 = CARTESIAN_POINT('',(0.166658639399,19.117955380274));
#7159 = CARTESIAN_POINT('',(0.19748910562,19.151932817253));
#7160 = CARTESIAN_POINT('',(0.274891890831,19.249644915732));
#7161 = CARTESIAN_POINT('',(0.320518938304,19.320437106211));
#7162 = CARTESIAN_POINT('',(0.364023481459,19.397951075606));
#7163 = CARTESIAN_POINT('',(0.405637152826,19.479651316822));
#7164 = CARTESIAN_POINT('',(0.445683090418,19.564102409891));
#7165 = CARTESIAN_POINT('',(0.484646178865,19.650965692197));
#7166 = CARTESIAN_POINT('',(0.576120254134,19.864344871407));
#7167 = CARTESIAN_POINT('',(0.627827177322,19.992554193139));
#7168 = CARTESIAN_POINT('',(0.678498477148,20.123346826755));
#7169 = CARTESIAN_POINT('',(0.728397358796,20.255598103452));
#7170 = CARTESIAN_POINT('',(0.777856903262,20.388935504521));
#7171 = CARTESIAN_POINT('',(0.827273920834,20.523481569337));
#7172 = CARTESIAN_POINT('',(0.968848513571,20.910288214373));
#7173 = CARTESIAN_POINT('',(1.061202200481,21.164209526973));
#7174 = CARTESIAN_POINT('',(1.155334420183,21.419225742854));
#7175 = CARTESIAN_POINT('',(1.252289417909,21.674364714556));
#7176 = CARTESIAN_POINT('',(1.353096617165,21.928139864267));
#7177 = CARTESIAN_POINT('',(1.458814686306,22.178519040451));
#7178 = CARTESIAN_POINT('',(1.570796326795,22.422616289333));
#7179 = ( GEOMETRIC_REPRESENTATION_CONTEXT(2) 
PARAMETRIC_REPRESENTATION_CONTEXT() REPRESENTATION_CONTEXT('2D SPACE',''
  ) );
#7180 = PCURVE('',#6857,#7181);
#7181 = DEFINITIONAL_REPRESENTATION('',(#7182),#7209);
#7182 = B_SPLINE_CURVE_WITH_KNOTS('',7,(#7183,#7184,#7185,#7186,#7187,
    #7188,#7189,#7190,#7191,#7192,#7193,#7194,#7195,#7196,#7197,#7198,
    #7199,#7200,#7201,#7202,#7203,#7204,#7205,#7206,#7207,#7208),
  .UNSPECIFIED.,.F.,.F.,(8,6,6,6,8),(0.,0.110985704639,0.292317501118,
    0.541373367437,1.),.UNSPECIFIED.);
#7183 = CARTESIAN_POINT('',(-0.325882957221,-6.));
#7184 = CARTESIAN_POINT('',(-0.325882957221,-5.931026899851));
#7185 = CARTESIAN_POINT('',(-0.326795395637,-5.862993584863));
#7186 = CARTESIAN_POINT('',(-0.328575541137,-5.796216251461));
#7187 = CARTESIAN_POINT('',(-0.331146835094,-5.731051741002));
#7188 = CARTESIAN_POINT('',(-0.334399577425,-5.667932301316));
#7189 = CARTESIAN_POINT('',(-0.338189329457,-5.607398264565));
#7190 = CARTESIAN_POINT('',(-0.349108410752,-5.456559801403));
#7191 = CARTESIAN_POINT('',(-0.357038332248,-5.368854251693));
#7192 = CARTESIAN_POINT('',(-0.365750717154,-5.286630415113));
#7193 = CARTESIAN_POINT('',(-0.37497186319,-5.20946551796));
#7194 = CARTESIAN_POINT('',(-0.384546045795,-5.136717625333));
#7195 = CARTESIAN_POINT('',(-0.394440246112,-5.067483855923));
#7196 = CARTESIAN_POINT('',(-0.418875411076,-4.90900838536));
#7197 = CARTESIAN_POINT('',(-0.433657236455,-4.822694728797));
#7198 = CARTESIAN_POINT('',(-0.448855868225,-4.741589002031));
#7199 = CARTESIAN_POINT('',(-0.464356537687,-4.665352559862));
#7200 = CARTESIAN_POINT('',(-0.480129059633,-4.593586930298));
#7201 = CARTESIAN_POINT('',(-0.49620343641,-4.525940266681));
#7202 = CARTESIAN_POINT('',(-0.542926158224,-4.344898993317));
#7203 = CARTESIAN_POINT('',(-0.574199642769,-4.241902287704));
#7204 = CARTESIAN_POINT('',(-0.606323564353,-4.153706182703));
#7205 = CARTESIAN_POINT('',(-0.639296840073,-4.081888164599));
#7206 = CARTESIAN_POINT('',(-0.67307115249,-4.029259537794));
#7207 = CARTESIAN_POINT('',(-0.707537894466,-4.));
#7208 = CARTESIAN_POINT('',(-0.74240893002,-4.));
#7209 = ( GEOMETRIC_REPRESENTATION_CONTEXT(2) 
PARAMETRIC_REPRESENTATION_CONTEXT() REPRESENTATION_CONTEXT('2D SPACE',''
  ) );
#7210 = ORIENTED_EDGE('',*,*,#7211,.T.);
#7211 = EDGE_CURVE('',#7120,#7212,#7214,.T.);
#7212 = VERTEX_POINT('',#7213);
#7213 = CARTESIAN_POINT('',(144.,16.,-11.));
#7214 = SURFACE_CURVE('',#7215,(#7219,#7226),.PCURVE_S1.);
#7215 = LINE('',#7216,#7217);
#7216 = CARTESIAN_POINT('',(144.,-16.,-11.));
#7217 = VECTOR('',#7218,1.);
#7218 = DIRECTION('',(0.,1.,0.));
#7219 = PCURVE('',#4178,#7220);
#7220 = DEFINITIONAL_REPRESENTATION('',(#7221),#7225);
#7221 = LINE('',#7222,#7223);
#7222 = CARTESIAN_POINT('',(1.570796326795,0.));
#7223 = VECTOR('',#7224,1.);
#7224 = DIRECTION('',(0.,1.));
#7225 = ( GEOMETRIC_REPRESENTATION_CONTEXT(2) 
PARAMETRIC_REPRESENTATION_CONTEXT() REPRESENTATION_CONTEXT('2D SPACE',''
  ) );
#7226 = PCURVE('',#7227,#7232);
#7227 = PLANE('',#7228);
#7228 = AXIS2_PLACEMENT_3D('',#7229,#7230,#7231);
#7229 = CARTESIAN_POINT('',(128.,-16.,-11.));
#7230 = DIRECTION('',(0.,0.,1.));
#7231 = DIRECTION('',(1.,0.,0.));
#7232 = DEFINITIONAL_REPRESENTATION('',(#7233),#7237);
#7233 = LINE('',#7234,#7235);
#7234 = CARTESIAN_POINT('',(16.,0.));
#7235 = VECTOR('',#7236,1.);
#7236 = DIRECTION('',(0.,1.));
#7237 = ( GEOMETRIC_REPRESENTATION_CONTEXT(2) 
PARAMETRIC_REPRESENTATION_CONTEXT() REPRESENTATION_CONTEXT('2D SPACE',''
  ) );
#7238 = ORIENTED_EDGE('',*,*,#7239,.F.);
#7239 = EDGE_CURVE('',#4163,#7212,#7240,.T.);
#7240 = SURFACE_CURVE('',#7241,(#7246,#7253),.PCURVE_S1.);
#7241 = CIRCLE('',#7242,2.);
#7242 = AXIS2_PLACEMENT_3D('',#7243,#7244,#7245);
#7243 = CARTESIAN_POINT('',(144.,16.,-9.));
#7244 = DIRECTION('',(0.,1.,0.));
#7245 = DIRECTION('',(0.,-0.,1.));
#7246 = PCURVE('',#4178,#7247);
#7247 = DEFINITIONAL_REPRESENTATION('',(#7248),#7252);
#7248 = LINE('',#7249,#7250);
#7249 = CARTESIAN_POINT('',(-1.570796326795,32.));
#7250 = VECTOR('',#7251,1.);
#7251 = DIRECTION('',(1.,0.));
#7252 = ( GEOMETRIC_REPRESENTATION_CONTEXT(2) 
PARAMETRIC_REPRESENTATION_CONTEXT() REPRESENTATION_CONTEXT('2D SPACE',''
  ) );
#7253 = PCURVE('',#4206,#7254);
#7254 = DEFINITIONAL_REPRESENTATION('',(#7255),#7259);
#7255 = CIRCLE('',#7256,2.);
#7256 = AXIS2_PLACEMENT_2D('',#7257,#7258);
#7257 = CARTESIAN_POINT('',(2.,16.));
#7258 = DIRECTION('',(1.,0.));
#7259 = ( GEOMETRIC_REPRESENTATION_CONTEXT(2) 
PARAMETRIC_REPRESENTATION_CONTEXT() REPRESENTATION_CONTEXT('2D SPACE',''
  ) );
#7260 = ADVANCED_FACE('',(#7261),#4234,.T.);
#7261 = FACE_BOUND('',#7262,.F.);
#7262 = EDGE_LOOP('',(#7263,#7264,#7356,#7384));
#7263 = ORIENTED_EDGE('',*,*,#4218,.F.);
#7264 = ORIENTED_EDGE('',*,*,#7265,.T.);
#7265 = EDGE_CURVE('',#4219,#7266,#7268,.T.);
#7266 = VERTEX_POINT('',#7267);
#7267 = CARTESIAN_POINT('',(144.,6.422616289333,11.));
#7268 = SURFACE_CURVE('',#7269,(#7296,#7326),.PCURVE_S1.);
#7269 = B_SPLINE_CURVE_WITH_KNOTS('',7,(#7270,#7271,#7272,#7273,#7274,
    #7275,#7276,#7277,#7278,#7279,#7280,#7281,#7282,#7283,#7284,#7285,
    #7286,#7287,#7288,#7289,#7290,#7291,#7292,#7293,#7294,#7295),
  .UNSPECIFIED.,.F.,.F.,(8,6,6,6,8),(0.,0.110985704699,0.292317501164,
    0.541373367466,1.),.UNSPECIFIED.);
#7270 = CARTESIAN_POINT('',(146.,3.041381265149,9.));
#7271 = CARTESIAN_POINT('',(146.,3.041381265149,9.068973100192));
#7272 = CARTESIAN_POINT('',(145.99722476616,3.049593182675,
    9.137006415093));
#7273 = CARTESIAN_POINT('',(145.99181121095,3.065614584063,
    9.203783748509));
#7274 = CARTESIAN_POINT('',(145.98394302972,3.088740175434,
    9.268948259031));
#7275 = CARTESIAN_POINT('',(145.97387440928,3.117955380306,
    9.332067698719));
#7276 = CARTESIAN_POINT('',(145.961968011,3.15193281723,9.3926017354));
#7277 = CARTESIAN_POINT('',(145.92714671485,3.249644915732,
    9.543440198596));
#7278 = CARTESIAN_POINT('',(145.90137906333,3.320437106211,
    9.631145748308));
#7279 = CARTESIAN_POINT('',(145.87234367187,3.397951075606,
    9.713369584887));
#7280 = CARTESIAN_POINT('',(145.84070911518,3.479651316822,9.79053448204
    ));
#7281 = CARTESIAN_POINT('',(145.80690892504,3.564102409891,
    9.863282374667));
#7282 = CARTESIAN_POINT('',(145.77097571418,3.650965692197,
    9.932516144077));
#7283 = CARTESIAN_POINT('',(145.67956701101,3.864344871407,
    10.09099161464));
#7284 = CARTESIAN_POINT('',(145.62223353424,3.992554193139,
    10.177305271203));
#7285 = CARTESIAN_POINT('',(145.56098653459,4.123346826755,
    10.258410997969));
#7286 = CARTESIAN_POINT('',(145.49612570235,4.255598103452,
    10.334647440138));
#7287 = CARTESIAN_POINT('',(145.42767708959,4.388935504521,
    10.406413069702));
#7288 = CARTESIAN_POINT('',(145.3553884526,4.523481569337,
    10.474059733319));
#7289 = CARTESIAN_POINT('',(145.13767874089,4.910288214376,
    10.655101006684));
#7290 = CARTESIAN_POINT('',(144.98310029973,5.164209526968,
    10.758097712293));
#7291 = CARTESIAN_POINT('',(144.81487308214,5.419225742855,
    10.846293817299));
#7292 = CARTESIAN_POINT('',(144.63243029974,5.67436471456,10.9181118354)
  );
#7293 = CARTESIAN_POINT('',(144.43539869192,5.928139864263,
    10.970740462206));
#7294 = CARTESIAN_POINT('',(144.22396328097,6.178519040452,11.));
#7295 = CARTESIAN_POINT('',(144.,6.422616289333,11.));
#7296 = PCURVE('',#4234,#7297);
#7297 = DEFINITIONAL_REPRESENTATION('',(#7298),#7325);
#7298 = B_SPLINE_CURVE_WITH_KNOTS('',7,(#7299,#7300,#7301,#7302,#7303,
    #7304,#7305,#7306,#7307,#7308,#7309,#7310,#7311,#7312,#7313,#7314,
    #7315,#7316,#7317,#7318,#7319,#7320,#7321,#7322,#7323,#7324),
  .UNSPECIFIED.,.F.,.F.,(8,6,6,6,8),(0.,0.110985704699,0.292317501164,
    0.541373367466,1.),.UNSPECIFIED.);
#7299 = CARTESIAN_POINT('',(0.,19.041381265149));
#7300 = CARTESIAN_POINT('',(-3.448655009584E-02,19.041381265149));
#7301 = CARTESIAN_POINT('',(-6.850320772598E-02,19.049593182675));
#7302 = CARTESIAN_POINT('',(-0.101958879189,19.065614584063));
#7303 = CARTESIAN_POINT('',(-0.134733827767,19.088740175434));
#7304 = CARTESIAN_POINT('',(-0.166658639417,19.117955380306));
#7305 = CARTESIAN_POINT('',(-0.197489105602,19.15193281723));
#7306 = CARTESIAN_POINT('',(-0.274891890831,19.249644915732));
#7307 = CARTESIAN_POINT('',(-0.320518938304,19.320437106211));
#7308 = CARTESIAN_POINT('',(-0.364023481459,19.397951075606));
#7309 = CARTESIAN_POINT('',(-0.405637152826,19.479651316822));
#7310 = CARTESIAN_POINT('',(-0.445683090418,19.564102409891));
#7311 = CARTESIAN_POINT('',(-0.484646178865,19.650965692197));
#7312 = CARTESIAN_POINT('',(-0.576120254134,19.864344871407));
#7313 = CARTESIAN_POINT('',(-0.627827177322,19.992554193139));
#7314 = CARTESIAN_POINT('',(-0.678498477148,20.123346826755));
#7315 = CARTESIAN_POINT('',(-0.728397358796,20.255598103452));
#7316 = CARTESIAN_POINT('',(-0.777856903262,20.388935504521));
#7317 = CARTESIAN_POINT('',(-0.827273920834,20.523481569337));
#7318 = CARTESIAN_POINT('',(-0.968848513572,20.910288214376));
#7319 = CARTESIAN_POINT('',(-1.061202200479,21.164209526968));
#7320 = CARTESIAN_POINT('',(-1.155334420182,21.419225742855));
#7321 = CARTESIAN_POINT('',(-1.252289417911,21.67436471456));
#7322 = CARTESIAN_POINT('',(-1.353096617163,21.928139864263));
#7323 = CARTESIAN_POINT('',(-1.458814686306,22.178519040452));
#7324 = CARTESIAN_POINT('',(-1.570796326795,22.422616289333));
#7325 = ( GEOMETRIC_REPRESENTATION_CONTEXT(2) 
PARAMETRIC_REPRESENTATION_CONTEXT() REPRESENTATION_CONTEXT('2D SPACE',''
  ) );
#7326 = PCURVE('',#6980,#7327);
#7327 = DEFINITIONAL_REPRESENTATION('',(#7328),#7355);
#7328 = B_SPLINE_CURVE_WITH_KNOTS('',7,(#7329,#7330,#7331,#7332,#7333,
    #7334,#7335,#7336,#7337,#7338,#7339,#7340,#7341,#7342,#7343,#7344,
    #7345,#7346,#7347,#7348,#7349,#7350,#7351,#7352,#7353,#7354),
  .UNSPECIFIED.,.F.,.F.,(8,6,6,6,8),(0.,0.110985704699,0.292317501164,
    0.541373367466,1.),.UNSPECIFIED.);
#7329 = CARTESIAN_POINT('',(-0.325882957221,4.440892098501E-16));
#7330 = CARTESIAN_POINT('',(-0.325882957221,-6.897310019168E-02));
#7331 = CARTESIAN_POINT('',(-0.326795395638,-0.137006415092));
#7332 = CARTESIAN_POINT('',(-0.328575541135,-0.203783748509));
#7333 = CARTESIAN_POINT('',(-0.331146835094,-0.268948259031));
#7334 = CARTESIAN_POINT('',(-0.334399577429,-0.332067698719));
#7335 = CARTESIAN_POINT('',(-0.338189329455,-0.3926017354));
#7336 = CARTESIAN_POINT('',(-0.349108410752,-0.543440198596));
#7337 = CARTESIAN_POINT('',(-0.357038332248,-0.631145748307));
#7338 = CARTESIAN_POINT('',(-0.365750717154,-0.713369584887));
#7339 = CARTESIAN_POINT('',(-0.37497186319,-0.79053448204));
#7340 = CARTESIAN_POINT('',(-0.384546045795,-0.863282374667));
#7341 = CARTESIAN_POINT('',(-0.394440246112,-0.932516144077));
#7342 = CARTESIAN_POINT('',(-0.418875411076,-1.09099161464));
#7343 = CARTESIAN_POINT('',(-0.433657236455,-1.177305271203));
#7344 = CARTESIAN_POINT('',(-0.448855868225,-1.258410997969));
#7345 = CARTESIAN_POINT('',(-0.464356537687,-1.334647440138));
#7346 = CARTESIAN_POINT('',(-0.480129059633,-1.406413069702));
#7347 = CARTESIAN_POINT('',(-0.49620343641,-1.474059733319));
#7348 = CARTESIAN_POINT('',(-0.542926158224,-1.655101006684));
#7349 = CARTESIAN_POINT('',(-0.574199642768,-1.758097712293));
#7350 = CARTESIAN_POINT('',(-0.606323564353,-1.846293817299));
#7351 = CARTESIAN_POINT('',(-0.639296840074,-1.9181118354));
#7352 = CARTESIAN_POINT('',(-0.67307115249,-1.970740462206));
#7353 = CARTESIAN_POINT('',(-0.707537894466,-2.));
#7354 = CARTESIAN_POINT('',(-0.74240893002,-2.));
#7355 = ( GEOMETRIC_REPRESENTATION_CONTEXT(2) 
PARAMETRIC_REPRESENTATION_CONTEXT() REPRESENTATION_CONTEXT('2D SPACE',''
  ) );
#7356 = ORIENTED_EDGE('',*,*,#7357,.T.);
#7357 = EDGE_CURVE('',#7266,#7358,#7360,.T.);
#7358 = VERTEX_POINT('',#7359);
#7359 = CARTESIAN_POINT('',(144.,16.,11.));
#7360 = SURFACE_CURVE('',#7361,(#7365,#7372),.PCURVE_S1.);
#7361 = LINE('',#7362,#7363);
#7362 = CARTESIAN_POINT('',(144.,-16.,11.));
#7363 = VECTOR('',#7364,1.);
#7364 = DIRECTION('',(0.,1.,0.));
#7365 = PCURVE('',#4234,#7366);
#7366 = DEFINITIONAL_REPRESENTATION('',(#7367),#7371);
#7367 = LINE('',#7368,#7369);
#7368 = CARTESIAN_POINT('',(-1.570796326795,0.));
#7369 = VECTOR('',#7370,1.);
#7370 = DIRECTION('',(-0.,1.));
#7371 = ( GEOMETRIC_REPRESENTATION_CONTEXT(2) 
PARAMETRIC_REPRESENTATION_CONTEXT() REPRESENTATION_CONTEXT('2D SPACE',''
  ) );
#7372 = PCURVE('',#7373,#7378);
#7373 = PLANE('',#7374);
#7374 = AXIS2_PLACEMENT_3D('',#7375,#7376,#7377);
#7375 = CARTESIAN_POINT('',(128.,-16.,11.));
#7376 = DIRECTION('',(0.,0.,1.));
#7377 = DIRECTION('',(1.,0.,0.));
#7378 = DEFINITIONAL_REPRESENTATION('',(#7379),#7383);
#7379 = LINE('',#7380,#7381);
#7380 = CARTESIAN_POINT('',(16.,0.));
#7381 = VECTOR('',#7382,1.);
#7382 = DIRECTION('',(0.,1.));
#7383 = ( GEOMETRIC_REPRESENTATION_CONTEXT(2) 
PARAMETRIC_REPRESENTATION_CONTEXT() REPRESENTATION_CONTEXT('2D SPACE',''
  ) );
#7384 = ORIENTED_EDGE('',*,*,#7385,.F.);
#7385 = EDGE_CURVE('',#4191,#7358,#7386,.T.);
#7386 = SURFACE_CURVE('',#7387,(#7392,#7399),.PCURVE_S1.);
#7387 = CIRCLE('',#7388,2.);
#7388 = AXIS2_PLACEMENT_3D('',#7389,#7390,#7391);
#7389 = CARTESIAN_POINT('',(144.,16.,9.));
#7390 = DIRECTION('',(-0.,-1.,0.));
#7391 = DIRECTION('',(0.,-0.,1.));
#7392 = PCURVE('',#4234,#7393);
#7393 = DEFINITIONAL_REPRESENTATION('',(#7394),#7398);
#7394 = LINE('',#7395,#7396);
#7395 = CARTESIAN_POINT('',(4.712388980385,32.));
#7396 = VECTOR('',#7397,1.);
#7397 = DIRECTION('',(-1.,0.));
#7398 = ( GEOMETRIC_REPRESENTATION_CONTEXT(2) 
PARAMETRIC_REPRESENTATION_CONTEXT() REPRESENTATION_CONTEXT('2D SPACE',''
  ) );
#7399 = PCURVE('',#4206,#7400);
#7400 = DEFINITIONAL_REPRESENTATION('',(#7401),#7409);
#7401 = ( BOUNDED_CURVE() B_SPLINE_CURVE(2,(#7402,#7403,#7404,#7405,
#7406,#7407,#7408),.UNSPECIFIED.,.T.,.F.) B_SPLINE_CURVE_WITH_KNOTS((1,2
    ,2,2,2,1),(-2.094395102393,0.,2.094395102393,4.188790204786,
6.28318530718,8.377580409573),.UNSPECIFIED.) CURVE() 
GEOMETRIC_REPRESENTATION_ITEM() RATIONAL_B_SPLINE_CURVE((1.,0.5,1.,0.5,
1.,0.5,1.)) REPRESENTATION_ITEM('') );
#7402 = CARTESIAN_POINT('',(22.,16.));
#7403 = CARTESIAN_POINT('',(22.,12.535898384862));
#7404 = CARTESIAN_POINT('',(19.,14.267949192431));
#7405 = CARTESIAN_POINT('',(16.,16.));
#7406 = CARTESIAN_POINT('',(19.,17.732050807569));
#7407 = CARTESIAN_POINT('',(22.,19.464101615138));
#7408 = CARTESIAN_POINT('',(22.,16.));
#7409 = ( GEOMETRIC_REPRESENTATION_CONTEXT(2) 
PARAMETRIC_REPRESENTATION_CONTEXT() REPRESENTATION_CONTEXT('2D SPACE',''
  ) );
#7410 = ADVANCED_FACE('',(#7411),#4206,.T.);
#7411 = FACE_BOUND('',#7412,.T.);
#7412 = EDGE_LOOP('',(#7413,#7436,#7469,#7497,#7526,#7547,#7548,#7549));
#7413 = ORIENTED_EDGE('',*,*,#7414,.F.);
#7414 = EDGE_CURVE('',#7415,#7212,#7417,.T.);
#7415 = VERTEX_POINT('',#7416);
#7416 = CARTESIAN_POINT('',(130.,16.,-11.));
#7417 = SURFACE_CURVE('',#7418,(#7422,#7429),.PCURVE_S1.);
#7418 = LINE('',#7419,#7420);
#7419 = CARTESIAN_POINT('',(128.,16.,-11.));
#7420 = VECTOR('',#7421,1.);
#7421 = DIRECTION('',(1.,0.,0.));
#7422 = PCURVE('',#4206,#7423);
#7423 = DEFINITIONAL_REPRESENTATION('',(#7424),#7428);
#7424 = LINE('',#7425,#7426);
#7425 = CARTESIAN_POINT('',(0.,0.));
#7426 = VECTOR('',#7427,1.);
#7427 = DIRECTION('',(0.,1.));
#7428 = ( GEOMETRIC_REPRESENTATION_CONTEXT(2) 
PARAMETRIC_REPRESENTATION_CONTEXT() REPRESENTATION_CONTEXT('2D SPACE',''
  ) );
#7429 = PCURVE('',#7227,#7430);
#7430 = DEFINITIONAL_REPRESENTATION('',(#7431),#7435);
#7431 = LINE('',#7432,#7433);
#7432 = CARTESIAN_POINT('',(0.,32.));
#7433 = VECTOR('',#7434,1.);
#7434 = DIRECTION('',(1.,0.));
#7435 = ( GEOMETRIC_REPRESENTATION_CONTEXT(2) 
PARAMETRIC_REPRESENTATION_CONTEXT() REPRESENTATION_CONTEXT('2D SPACE',''
  ) );
#7436 = ORIENTED_EDGE('',*,*,#7437,.F.);
#7437 = EDGE_CURVE('',#7438,#7415,#7440,.T.);
#7438 = VERTEX_POINT('',#7439);
#7439 = CARTESIAN_POINT('',(128.,16.,-9.));
#7440 = SURFACE_CURVE('',#7441,(#7446,#7457),.PCURVE_S1.);
#7441 = CIRCLE('',#7442,2.);
#7442 = AXIS2_PLACEMENT_3D('',#7443,#7444,#7445);
#7443 = CARTESIAN_POINT('',(130.,16.,-9.));
#7444 = DIRECTION('',(-0.,-1.,0.));
#7445 = DIRECTION('',(0.,-0.,1.));
#7446 = PCURVE('',#4206,#7447);
#7447 = DEFINITIONAL_REPRESENTATION('',(#7448),#7456);
#7448 = ( BOUNDED_CURVE() B_SPLINE_CURVE(2,(#7449,#7450,#7451,#7452,
#7453,#7454,#7455),.UNSPECIFIED.,.T.,.F.) B_SPLINE_CURVE_WITH_KNOTS((1,2
    ,2,2,2,1),(-2.094395102393,0.,2.094395102393,4.188790204786,
6.28318530718,8.377580409573),.UNSPECIFIED.) CURVE() 
GEOMETRIC_REPRESENTATION_ITEM() RATIONAL_B_SPLINE_CURVE((1.,0.5,1.,0.5,
1.,0.5,1.)) REPRESENTATION_ITEM('') );
#7449 = CARTESIAN_POINT('',(4.,2.));
#7450 = CARTESIAN_POINT('',(4.,-1.464101615138));
#7451 = CARTESIAN_POINT('',(1.,0.267949192431));
#7452 = CARTESIAN_POINT('',(-2.,2.));
#7453 = CARTESIAN_POINT('',(1.,3.732050807569));
#7454 = CARTESIAN_POINT('',(4.,5.464101615138));
#7455 = CARTESIAN_POINT('',(4.,2.));
#7456 = ( GEOMETRIC_REPRESENTATION_CONTEXT(2) 
PARAMETRIC_REPRESENTATION_CONTEXT() REPRESENTATION_CONTEXT('2D SPACE',''
  ) );
#7457 = PCURVE('',#7458,#7463);
#7458 = CYLINDRICAL_SURFACE('',#7459,2.);
#7459 = AXIS2_PLACEMENT_3D('',#7460,#7461,#7462);
#7460 = CARTESIAN_POINT('',(130.,-16.,-9.));
#7461 = DIRECTION('',(0.,1.,0.));
#7462 = DIRECTION('',(-1.,0.,0.));
#7463 = DEFINITIONAL_REPRESENTATION('',(#7464),#7468);
#7464 = LINE('',#7465,#7466);
#7465 = CARTESIAN_POINT('',(1.570796326795,32.));
#7466 = VECTOR('',#7467,1.);
#7467 = DIRECTION('',(-1.,0.));
#7468 = ( GEOMETRIC_REPRESENTATION_CONTEXT(2) 
PARAMETRIC_REPRESENTATION_CONTEXT() REPRESENTATION_CONTEXT('2D SPACE',''
  ) );
#7469 = ORIENTED_EDGE('',*,*,#7470,.T.);
#7470 = EDGE_CURVE('',#7438,#7471,#7473,.T.);
#7471 = VERTEX_POINT('',#7472);
#7472 = CARTESIAN_POINT('',(128.,16.,9.));
#7473 = SURFACE_CURVE('',#7474,(#7478,#7485),.PCURVE_S1.);
#7474 = LINE('',#7475,#7476);
#7475 = CARTESIAN_POINT('',(128.,16.,-11.));
#7476 = VECTOR('',#7477,1.);
#7477 = DIRECTION('',(0.,0.,1.));
#7478 = PCURVE('',#4206,#7479);
#7479 = DEFINITIONAL_REPRESENTATION('',(#7480),#7484);
#7480 = LINE('',#7481,#7482);
#7481 = CARTESIAN_POINT('',(0.,0.));
#7482 = VECTOR('',#7483,1.);
#7483 = DIRECTION('',(1.,0.));
#7484 = ( GEOMETRIC_REPRESENTATION_CONTEXT(2) 
PARAMETRIC_REPRESENTATION_CONTEXT() REPRESENTATION_CONTEXT('2D SPACE',''
  ) );
#7485 = PCURVE('',#7486,#7491);
#7486 = PLANE('',#7487);
#7487 = AXIS2_PLACEMENT_3D('',#7488,#7489,#7490);
#7488 = CARTESIAN_POINT('',(128.,-16.,-11.));
#7489 = DIRECTION('',(1.,0.,0.));
#7490 = DIRECTION('',(0.,0.,1.));
#7491 = DEFINITIONAL_REPRESENTATION('',(#7492),#7496);
#7492 = LINE('',#7493,#7494);
#7493 = CARTESIAN_POINT('',(0.,-32.));
#7494 = VECTOR('',#7495,1.);
#7495 = DIRECTION('',(1.,0.));
#7496 = ( GEOMETRIC_REPRESENTATION_CONTEXT(2) 
PARAMETRIC_REPRESENTATION_CONTEXT() REPRESENTATION_CONTEXT('2D SPACE',''
  ) );
#7497 = ORIENTED_EDGE('',*,*,#7498,.T.);
#7498 = EDGE_CURVE('',#7471,#7499,#7501,.T.);
#7499 = VERTEX_POINT('',#7500);
#7500 = CARTESIAN_POINT('',(130.,16.,11.));
#7501 = SURFACE_CURVE('',#7502,(#7507,#7514),.PCURVE_S1.);
#7502 = CIRCLE('',#7503,2.);
#7503 = AXIS2_PLACEMENT_3D('',#7504,#7505,#7506);
#7504 = CARTESIAN_POINT('',(130.,16.,9.));
#7505 = DIRECTION('',(0.,1.,0.));
#7506 = DIRECTION('',(0.,-0.,1.));
#7507 = PCURVE('',#4206,#7508);
#7508 = DEFINITIONAL_REPRESENTATION('',(#7509),#7513);
#7509 = CIRCLE('',#7510,2.);
#7510 = AXIS2_PLACEMENT_2D('',#7511,#7512);
#7511 = CARTESIAN_POINT('',(20.,2.));
#7512 = DIRECTION('',(1.,0.));
#7513 = ( GEOMETRIC_REPRESENTATION_CONTEXT(2) 
PARAMETRIC_REPRESENTATION_CONTEXT() REPRESENTATION_CONTEXT('2D SPACE',''
  ) );
#7514 = PCURVE('',#7515,#7520);
#7515 = CYLINDRICAL_SURFACE('',#7516,2.);
#7516 = AXIS2_PLACEMENT_3D('',#7517,#7518,#7519);
#7517 = CARTESIAN_POINT('',(130.,-16.,9.));
#7518 = DIRECTION('',(0.,1.,0.));
#7519 = DIRECTION('',(-1.,0.,0.));
#7520 = DEFINITIONAL_REPRESENTATION('',(#7521),#7525);
#7521 = LINE('',#7522,#7523);
#7522 = CARTESIAN_POINT('',(-4.712388980385,32.));
#7523 = VECTOR('',#7524,1.);
#7524 = DIRECTION('',(1.,0.));
#7525 = ( GEOMETRIC_REPRESENTATION_CONTEXT(2) 
PARAMETRIC_REPRESENTATION_CONTEXT() REPRESENTATION_CONTEXT('2D SPACE',''
  ) );
#7526 = ORIENTED_EDGE('',*,*,#7527,.T.);
#7527 = EDGE_CURVE('',#7499,#7358,#7528,.T.);
#7528 = SURFACE_CURVE('',#7529,(#7533,#7540),.PCURVE_S1.);
#7529 = LINE('',#7530,#7531);
#7530 = CARTESIAN_POINT('',(128.,16.,11.));
#7531 = VECTOR('',#7532,1.);
#7532 = DIRECTION('',(1.,0.,0.));
#7533 = PCURVE('',#4206,#7534);
#7534 = DEFINITIONAL_REPRESENTATION('',(#7535),#7539);
#7535 = LINE('',#7536,#7537);
#7536 = CARTESIAN_POINT('',(22.,0.));
#7537 = VECTOR('',#7538,1.);
#7538 = DIRECTION('',(0.,1.));
#7539 = ( GEOMETRIC_REPRESENTATION_CONTEXT(2) 
PARAMETRIC_REPRESENTATION_CONTEXT() REPRESENTATION_CONTEXT('2D SPACE',''
  ) );
#7540 = PCURVE('',#7373,#7541);
#7541 = DEFINITIONAL_REPRESENTATION('',(#7542),#7546);
#7542 = LINE('',#7543,#7544);
#7543 = CARTESIAN_POINT('',(0.,32.));
#7544 = VECTOR('',#7545,1.);
#7545 = DIRECTION('',(1.,0.));
#7546 = ( GEOMETRIC_REPRESENTATION_CONTEXT(2) 
PARAMETRIC_REPRESENTATION_CONTEXT() REPRESENTATION_CONTEXT('2D SPACE',''
  ) );
#7547 = ORIENTED_EDGE('',*,*,#7385,.F.);
#7548 = ORIENTED_EDGE('',*,*,#4190,.F.);
#7549 = ORIENTED_EDGE('',*,*,#7239,.T.);
#7550 = ADVANCED_FACE('',(#7551),#4328,.T.);
#7551 = FACE_BOUND('',#7552,.T.);
#7552 = EDGE_LOOP('',(#7553,#7554,#7555,#7584));
#7553 = ORIENTED_EDGE('',*,*,#4309,.F.);
#7554 = ORIENTED_EDGE('',*,*,#6222,.T.);
#7555 = ORIENTED_EDGE('',*,*,#7556,.T.);
#7556 = EDGE_CURVE('',#6195,#7557,#7559,.T.);
#7557 = VERTEX_POINT('',#7558);
#7558 = CARTESIAN_POINT('',(150.95,-20.,11.43));
#7559 = SURFACE_CURVE('',#7560,(#7565,#7572),.PCURVE_S1.);
#7560 = CIRCLE('',#7561,1.5);
#7561 = AXIS2_PLACEMENT_3D('',#7562,#7563,#7564);
#7562 = CARTESIAN_POINT('',(150.95,-18.5,11.43));
#7563 = DIRECTION('',(-1.,6.123233995737E-17,0.));
#7564 = DIRECTION('',(-6.123233995737E-17,-1.,0.));
#7565 = PCURVE('',#4328,#7566);
#7566 = DEFINITIONAL_REPRESENTATION('',(#7567),#7571);
#7567 = LINE('',#7568,#7569);
#7568 = CARTESIAN_POINT('',(1.570796326795,-6.28318530718));
#7569 = VECTOR('',#7570,1.);
#7570 = DIRECTION('',(0.,1.));
#7571 = ( GEOMETRIC_REPRESENTATION_CONTEXT(2) 
PARAMETRIC_REPRESENTATION_CONTEXT() REPRESENTATION_CONTEXT('2D SPACE',''
  ) );
#7572 = PCURVE('',#7573,#7578);
#7573 = CYLINDRICAL_SURFACE('',#7574,1.5);
#7574 = AXIS2_PLACEMENT_3D('',#7575,#7576,#7577);
#7575 = CARTESIAN_POINT('',(149.45,-18.5,11.43));
#7576 = DIRECTION('',(1.,0.,0.));
#7577 = DIRECTION('',(0.,-1.,0.));
#7578 = DEFINITIONAL_REPRESENTATION('',(#7579),#7583);
#7579 = LINE('',#7580,#7581);
#7580 = CARTESIAN_POINT('',(6.28318530718,1.5));
#7581 = VECTOR('',#7582,1.);
#7582 = DIRECTION('',(-1.,-0.));
#7583 = ( GEOMETRIC_REPRESENTATION_CONTEXT(2) 
PARAMETRIC_REPRESENTATION_CONTEXT() REPRESENTATION_CONTEXT('2D SPACE',''
  ) );
#7584 = ORIENTED_EDGE('',*,*,#7585,.F.);
#7585 = EDGE_CURVE('',#4312,#7557,#7586,.T.);
#7586 = SURFACE_CURVE('',#7587,(#7592,#7599),.PCURVE_S1.);
#7587 = CIRCLE('',#7588,1.5);
#7588 = AXIS2_PLACEMENT_3D('',#7589,#7590,#7591);
#7589 = CARTESIAN_POINT('',(150.95,-18.5,11.43));
#7590 = DIRECTION('',(0.,0.,1.));
#7591 = DIRECTION('',(-1.,0.,0.));
#7592 = PCURVE('',#4328,#7593);
#7593 = DEFINITIONAL_REPRESENTATION('',(#7594),#7598);
#7594 = LINE('',#7595,#7596);
#7595 = CARTESIAN_POINT('',(0.,0.));
#7596 = VECTOR('',#7597,1.);
#7597 = DIRECTION('',(1.,0.));
#7598 = ( GEOMETRIC_REPRESENTATION_CONTEXT(2) 
PARAMETRIC_REPRESENTATION_CONTEXT() REPRESENTATION_CONTEXT('2D SPACE',''
  ) );
#7599 = PCURVE('',#4569,#7600);
#7600 = DEFINITIONAL_REPRESENTATION('',(#7601),#7605);
#7601 = LINE('',#7602,#7603);
#7602 = CARTESIAN_POINT('',(0.,1.5));
#7603 = VECTOR('',#7604,1.);
#7604 = DIRECTION('',(1.,0.));
#7605 = ( GEOMETRIC_REPRESENTATION_CONTEXT(2) 
PARAMETRIC_REPRESENTATION_CONTEXT() REPRESENTATION_CONTEXT('2D SPACE',''
  ) );
#7606 = ADVANCED_FACE('',(#7607),#4405,.T.);
#7607 = FACE_BOUND('',#7608,.T.);
#7608 = EDGE_LOOP('',(#7609,#7610,#7637,#7638));
#7609 = ORIENTED_EDGE('',*,*,#4420,.F.);
#7610 = ORIENTED_EDGE('',*,*,#7611,.T.);
#7611 = EDGE_CURVE('',#4421,#4815,#7612,.T.);
#7612 = SURFACE_CURVE('',#7613,(#7618,#7625),.PCURVE_S1.);
#7613 = CIRCLE('',#7614,1.5);
#7614 = AXIS2_PLACEMENT_3D('',#7615,#7616,#7617);
#7615 = CARTESIAN_POINT('',(150.95,33.57,-18.5));
#7616 = DIRECTION('',(0.,-1.,1.110223024625E-16));
#7617 = DIRECTION('',(-1.,0.,0.));
#7618 = PCURVE('',#4405,#7619);
#7619 = DEFINITIONAL_REPRESENTATION('',(#7620),#7624);
#7620 = LINE('',#7621,#7622);
#7621 = CARTESIAN_POINT('',(0.,1.5));
#7622 = VECTOR('',#7623,1.);
#7623 = DIRECTION('',(1.,0.));
#7624 = ( GEOMETRIC_REPRESENTATION_CONTEXT(2) 
PARAMETRIC_REPRESENTATION_CONTEXT() REPRESENTATION_CONTEXT('2D SPACE',''
  ) );
#7625 = PCURVE('',#7626,#7631);
#7626 = SPHERICAL_SURFACE('',#7627,1.5);
#7627 = AXIS2_PLACEMENT_3D('',#7628,#7629,#7630);
#7628 = CARTESIAN_POINT('',(150.95,33.57,-18.5));
#7629 = DIRECTION('',(0.,-1.,1.110223024625E-16));
#7630 = DIRECTION('',(-1.,0.,0.));
#7631 = DEFINITIONAL_REPRESENTATION('',(#7632),#7636);
#7632 = LINE('',#7633,#7634);
#7633 = CARTESIAN_POINT('',(0.,0.));
#7634 = VECTOR('',#7635,1.);
#7635 = DIRECTION('',(1.,0.));
#7636 = ( GEOMETRIC_REPRESENTATION_CONTEXT(2) 
PARAMETRIC_REPRESENTATION_CONTEXT() REPRESENTATION_CONTEXT('2D SPACE',''
  ) );
#7637 = ORIENTED_EDGE('',*,*,#4814,.T.);
#7638 = ORIENTED_EDGE('',*,*,#4390,.F.);
#7639 = ADVANCED_FACE('',(#7640),#4459,.T.);
#7640 = FACE_BOUND('',#7641,.F.);
#7641 = EDGE_LOOP('',(#7642,#7666,#7694,#7721));
#7642 = ORIENTED_EDGE('',*,*,#7643,.F.);
#7643 = EDGE_CURVE('',#7644,#4421,#7646,.T.);
#7644 = VERTEX_POINT('',#7645);
#7645 = CARTESIAN_POINT('',(150.95,35.07,-18.5));
#7646 = SURFACE_CURVE('',#7647,(#7652,#7659),.PCURVE_S1.);
#7647 = CIRCLE('',#7648,1.5);
#7648 = AXIS2_PLACEMENT_3D('',#7649,#7650,#7651);
#7649 = CARTESIAN_POINT('',(150.95,33.57,-18.5));
#7650 = DIRECTION('',(0.,1.110223024625E-16,1.));
#7651 = DIRECTION('',(-1.,0.,0.));
#7652 = PCURVE('',#4459,#7653);
#7653 = DEFINITIONAL_REPRESENTATION('',(#7654),#7658);
#7654 = LINE('',#7655,#7656);
#7655 = CARTESIAN_POINT('',(-6.28318530718,1.5));
#7656 = VECTOR('',#7657,1.);
#7657 = DIRECTION('',(1.,-0.));
#7658 = ( GEOMETRIC_REPRESENTATION_CONTEXT(2) 
PARAMETRIC_REPRESENTATION_CONTEXT() REPRESENTATION_CONTEXT('2D SPACE',''
  ) );
#7659 = PCURVE('',#7626,#7660);
#7660 = DEFINITIONAL_REPRESENTATION('',(#7661),#7665);
#7661 = LINE('',#7662,#7663);
#7662 = CARTESIAN_POINT('',(0.,-6.28318530718));
#7663 = VECTOR('',#7664,1.);
#7664 = DIRECTION('',(0.,1.));
#7665 = ( GEOMETRIC_REPRESENTATION_CONTEXT(2) 
PARAMETRIC_REPRESENTATION_CONTEXT() REPRESENTATION_CONTEXT('2D SPACE',''
  ) );
#7666 = ORIENTED_EDGE('',*,*,#7667,.T.);
#7667 = EDGE_CURVE('',#7644,#7668,#7670,.T.);
#7668 = VERTEX_POINT('',#7669);
#7669 = CARTESIAN_POINT('',(150.95,35.07,18.5));
#7670 = SURFACE_CURVE('',#7671,(#7675,#7682),.PCURVE_S1.);
#7671 = LINE('',#7672,#7673);
#7672 = CARTESIAN_POINT('',(150.95,35.07,-20.));
#7673 = VECTOR('',#7674,1.);
#7674 = DIRECTION('',(0.,1.110223024625E-16,1.));
#7675 = PCURVE('',#4459,#7676);
#7676 = DEFINITIONAL_REPRESENTATION('',(#7677),#7681);
#7677 = LINE('',#7678,#7679);
#7678 = CARTESIAN_POINT('',(-1.570796326795,0.));
#7679 = VECTOR('',#7680,1.);
#7680 = DIRECTION('',(-0.,1.));
#7681 = ( GEOMETRIC_REPRESENTATION_CONTEXT(2) 
PARAMETRIC_REPRESENTATION_CONTEXT() REPRESENTATION_CONTEXT('2D SPACE',''
  ) );
#7682 = PCURVE('',#7683,#7688);
#7683 = PLANE('',#7684);
#7684 = AXIS2_PLACEMENT_3D('',#7685,#7686,#7687);
#7685 = CARTESIAN_POINT('',(149.45,35.07,-20.));
#7686 = DIRECTION('',(0.,-1.,1.110223024625E-16));
#7687 = DIRECTION('',(1.,0.,0.));
#7688 = DEFINITIONAL_REPRESENTATION('',(#7689),#7693);
#7689 = LINE('',#7690,#7691);
#7690 = CARTESIAN_POINT('',(1.5,0.));
#7691 = VECTOR('',#7692,1.);
#7692 = DIRECTION('',(0.,1.));
#7693 = ( GEOMETRIC_REPRESENTATION_CONTEXT(2) 
PARAMETRIC_REPRESENTATION_CONTEXT() REPRESENTATION_CONTEXT('2D SPACE',''
  ) );
#7694 = ORIENTED_EDGE('',*,*,#7695,.T.);
#7695 = EDGE_CURVE('',#7668,#4444,#7696,.T.);
#7696 = SURFACE_CURVE('',#7697,(#7702,#7709),.PCURVE_S1.);
#7697 = CIRCLE('',#7698,1.5);
#7698 = AXIS2_PLACEMENT_3D('',#7699,#7700,#7701);
#7699 = CARTESIAN_POINT('',(150.95,33.57,18.5));
#7700 = DIRECTION('',(0.,1.110223024625E-16,1.));
#7701 = DIRECTION('',(-1.,0.,0.));
#7702 = PCURVE('',#4459,#7703);
#7703 = DEFINITIONAL_REPRESENTATION('',(#7704),#7708);
#7704 = LINE('',#7705,#7706);
#7705 = CARTESIAN_POINT('',(-6.28318530718,38.5));
#7706 = VECTOR('',#7707,1.);
#7707 = DIRECTION('',(1.,-0.));
#7708 = ( GEOMETRIC_REPRESENTATION_CONTEXT(2) 
PARAMETRIC_REPRESENTATION_CONTEXT() REPRESENTATION_CONTEXT('2D SPACE',''
  ) );
#7709 = PCURVE('',#7710,#7715);
#7710 = SPHERICAL_SURFACE('',#7711,1.5);
#7711 = AXIS2_PLACEMENT_3D('',#7712,#7713,#7714);
#7712 = CARTESIAN_POINT('',(150.95,33.57,18.5));
#7713 = DIRECTION('',(0.,-1.,1.110223024625E-16));
#7714 = DIRECTION('',(-1.,0.,0.));
#7715 = DEFINITIONAL_REPRESENTATION('',(#7716),#7720);
#7716 = LINE('',#7717,#7718);
#7717 = CARTESIAN_POINT('',(-0.,-6.28318530718));
#7718 = VECTOR('',#7719,1.);
#7719 = DIRECTION('',(-0.,1.));
#7720 = ( GEOMETRIC_REPRESENTATION_CONTEXT(2) 
PARAMETRIC_REPRESENTATION_CONTEXT() REPRESENTATION_CONTEXT('2D SPACE',''
  ) );
#7721 = ORIENTED_EDGE('',*,*,#4443,.F.);
#7722 = ADVANCED_FACE('',(#7723),#4487,.T.);
#7723 = FACE_BOUND('',#7724,.F.);
#7724 = EDGE_LOOP('',(#7725,#7726,#7750,#7778));
#7725 = ORIENTED_EDGE('',*,*,#4471,.F.);
#7726 = ORIENTED_EDGE('',*,*,#7727,.T.);
#7727 = EDGE_CURVE('',#4444,#7728,#7730,.T.);
#7728 = VERTEX_POINT('',#7729);
#7729 = CARTESIAN_POINT('',(150.95,33.57,20.));
#7730 = SURFACE_CURVE('',#7731,(#7736,#7743),.PCURVE_S1.);
#7731 = CIRCLE('',#7732,1.5);
#7732 = AXIS2_PLACEMENT_3D('',#7733,#7734,#7735);
#7733 = CARTESIAN_POINT('',(150.95,33.57,18.5));
#7734 = DIRECTION('',(0.,1.,-1.110223024625E-16));
#7735 = DIRECTION('',(-1.,0.,0.));
#7736 = PCURVE('',#4487,#7737);
#7737 = DEFINITIONAL_REPRESENTATION('',(#7738),#7742);
#7738 = LINE('',#7739,#7740);
#7739 = CARTESIAN_POINT('',(-0.,1.5));
#7740 = VECTOR('',#7741,1.);
#7741 = DIRECTION('',(-1.,0.));
#7742 = ( GEOMETRIC_REPRESENTATION_CONTEXT(2) 
PARAMETRIC_REPRESENTATION_CONTEXT() REPRESENTATION_CONTEXT('2D SPACE',''
  ) );
#7743 = PCURVE('',#7710,#7744);
#7744 = DEFINITIONAL_REPRESENTATION('',(#7745),#7749);
#7745 = LINE('',#7746,#7747);
#7746 = CARTESIAN_POINT('',(-0.,0.));
#7747 = VECTOR('',#7748,1.);
#7748 = DIRECTION('',(-1.,0.));
#7749 = ( GEOMETRIC_REPRESENTATION_CONTEXT(2) 
PARAMETRIC_REPRESENTATION_CONTEXT() REPRESENTATION_CONTEXT('2D SPACE',''
  ) );
#7750 = ORIENTED_EDGE('',*,*,#7751,.T.);
#7751 = EDGE_CURVE('',#7728,#7752,#7754,.T.);
#7752 = VERTEX_POINT('',#7753);
#7753 = CARTESIAN_POINT('',(150.95,20.,20.));
#7754 = SURFACE_CURVE('',#7755,(#7759,#7766),.PCURVE_S1.);
#7755 = LINE('',#7756,#7757);
#7756 = CARTESIAN_POINT('',(150.95,35.07,20.));
#7757 = VECTOR('',#7758,1.);
#7758 = DIRECTION('',(0.,-1.,1.110223024625E-16));
#7759 = PCURVE('',#4487,#7760);
#7760 = DEFINITIONAL_REPRESENTATION('',(#7761),#7765);
#7761 = LINE('',#7762,#7763);
#7762 = CARTESIAN_POINT('',(-1.570796326795,0.));
#7763 = VECTOR('',#7764,1.);
#7764 = DIRECTION('',(-0.,1.));
#7765 = ( GEOMETRIC_REPRESENTATION_CONTEXT(2) 
PARAMETRIC_REPRESENTATION_CONTEXT() REPRESENTATION_CONTEXT('2D SPACE',''
  ) );
#7766 = PCURVE('',#7767,#7772);
#7767 = PLANE('',#7768);
#7768 = AXIS2_PLACEMENT_3D('',#7769,#7770,#7771);
#7769 = CARTESIAN_POINT('',(149.45,35.07,20.));
#7770 = DIRECTION('',(0.,1.110223024625E-16,1.));
#7771 = DIRECTION('',(0.,-1.,1.110223024625E-16));
#7772 = DEFINITIONAL_REPRESENTATION('',(#7773),#7777);
#7773 = LINE('',#7774,#7775);
#7774 = CARTESIAN_POINT('',(0.,1.5));
#7775 = VECTOR('',#7776,1.);
#7776 = DIRECTION('',(1.,0.));
#7777 = ( GEOMETRIC_REPRESENTATION_CONTEXT(2) 
PARAMETRIC_REPRESENTATION_CONTEXT() REPRESENTATION_CONTEXT('2D SPACE',''
  ) );
#7778 = ORIENTED_EDGE('',*,*,#7779,.T.);
#7779 = EDGE_CURVE('',#7752,#4472,#7780,.T.);
#7780 = SURFACE_CURVE('',#7781,(#7786,#7798),.PCURVE_S1.);
#7781 = ELLIPSE('',#7782,2.12132034356,1.5);
#7782 = AXIS2_PLACEMENT_3D('',#7783,#7784,#7785);
#7783 = CARTESIAN_POINT('',(150.95,18.5,18.5));
#7784 = DIRECTION('',(0.,-0.707106781187,0.707106781187));
#7785 = DIRECTION('',(0.,0.707106781187,0.707106781187));
#7786 = PCURVE('',#4487,#7787);
#7787 = DEFINITIONAL_REPRESENTATION('',(#7788),#7797);
#7788 = B_SPLINE_CURVE_WITH_KNOTS('',7,(#7789,#7790,#7791,#7792,#7793,
    #7794,#7795,#7796),.UNSPECIFIED.,.F.,.F.,(8,8),(0.,1.570796326795),
  .PIECEWISE_BEZIER_KNOTS.);
#7789 = CARTESIAN_POINT('',(-1.570796326795,15.07));
#7790 = CARTESIAN_POINT('',(-1.346396851538,15.07));
#7791 = CARTESIAN_POINT('',(-1.121997376282,15.158123008916));
#7792 = CARTESIAN_POINT('',(-0.897597901026,15.334356243064));
#7793 = CARTESIAN_POINT('',(-0.673198425769,15.58787976134));
#7794 = CARTESIAN_POINT('',(-0.448798950513,15.896802941021));
#7795 = CARTESIAN_POINT('',(-0.224399475256,16.233400787115));
#7796 = CARTESIAN_POINT('',(0.,16.57));
#7797 = ( GEOMETRIC_REPRESENTATION_CONTEXT(2) 
PARAMETRIC_REPRESENTATION_CONTEXT() REPRESENTATION_CONTEXT('2D SPACE',''
  ) );
#7798 = PCURVE('',#4515,#7799);
#7799 = DEFINITIONAL_REPRESENTATION('',(#7800),#7809);
#7800 = B_SPLINE_CURVE_WITH_KNOTS('',7,(#7801,#7802,#7803,#7804,#7805,
    #7806,#7807,#7808),.UNSPECIFIED.,.F.,.F.,(8,8),(0.,1.570796326795),
  .PIECEWISE_BEZIER_KNOTS.);
#7801 = CARTESIAN_POINT('',(-1.570796326795,10.07));
#7802 = CARTESIAN_POINT('',(-1.346396851538,10.07));
#7803 = CARTESIAN_POINT('',(-1.121997376282,9.981876991086));
#7804 = CARTESIAN_POINT('',(-0.897597901026,9.805643756937));
#7805 = CARTESIAN_POINT('',(-0.673198425769,9.552120238665));
#7806 = CARTESIAN_POINT('',(-0.448798950513,9.243197058978));
#7807 = CARTESIAN_POINT('',(-0.224399475256,8.906599212885));
#7808 = CARTESIAN_POINT('',(0.,8.57));
#7809 = ( GEOMETRIC_REPRESENTATION_CONTEXT(2) 
PARAMETRIC_REPRESENTATION_CONTEXT() REPRESENTATION_CONTEXT('2D SPACE',''
  ) );
#7810 = ADVANCED_FACE('',(#7811),#4515,.T.);
#7811 = FACE_BOUND('',#7812,.F.);
#7812 = EDGE_LOOP('',(#7813,#7814,#7815,#7843));
#7813 = ORIENTED_EDGE('',*,*,#4499,.F.);
#7814 = ORIENTED_EDGE('',*,*,#7779,.F.);
#7815 = ORIENTED_EDGE('',*,*,#7816,.T.);
#7816 = EDGE_CURVE('',#7752,#7817,#7819,.T.);
#7817 = VERTEX_POINT('',#7818);
#7818 = CARTESIAN_POINT('',(150.95,20.,28.57));
#7819 = SURFACE_CURVE('',#7820,(#7824,#7831),.PCURVE_S1.);
#7820 = LINE('',#7821,#7822);
#7821 = CARTESIAN_POINT('',(150.95,20.,9.93));
#7822 = VECTOR('',#7823,1.);
#7823 = DIRECTION('',(0.,0.,1.));
#7824 = PCURVE('',#4515,#7825);
#7825 = DEFINITIONAL_REPRESENTATION('',(#7826),#7830);
#7826 = LINE('',#7827,#7828);
#7827 = CARTESIAN_POINT('',(-1.570796326795,0.));
#7828 = VECTOR('',#7829,1.);
#7829 = DIRECTION('',(-0.,1.));
#7830 = ( GEOMETRIC_REPRESENTATION_CONTEXT(2) 
PARAMETRIC_REPRESENTATION_CONTEXT() REPRESENTATION_CONTEXT('2D SPACE',''
  ) );
#7831 = PCURVE('',#7832,#7837);
#7832 = PLANE('',#7833);
#7833 = AXIS2_PLACEMENT_3D('',#7834,#7835,#7836);
#7834 = CARTESIAN_POINT('',(149.45,20.,9.93));
#7835 = DIRECTION('',(0.,1.,0.));
#7836 = DIRECTION('',(0.,0.,1.));
#7837 = DEFINITIONAL_REPRESENTATION('',(#7838),#7842);
#7838 = LINE('',#7839,#7840);
#7839 = CARTESIAN_POINT('',(0.,1.5));
#7840 = VECTOR('',#7841,1.);
#7841 = DIRECTION('',(1.,0.));
#7842 = ( GEOMETRIC_REPRESENTATION_CONTEXT(2) 
PARAMETRIC_REPRESENTATION_CONTEXT() REPRESENTATION_CONTEXT('2D SPACE',''
  ) );
#7843 = ORIENTED_EDGE('',*,*,#7844,.T.);
#7844 = EDGE_CURVE('',#7817,#4500,#7845,.T.);
#7845 = SURFACE_CURVE('',#7846,(#7851,#7858),.PCURVE_S1.);
#7846 = CIRCLE('',#7847,1.5);
#7847 = AXIS2_PLACEMENT_3D('',#7848,#7849,#7850);
#7848 = CARTESIAN_POINT('',(150.95,18.5,28.57));
#7849 = DIRECTION('',(0.,0.,1.));
#7850 = DIRECTION('',(-1.,0.,0.));
#7851 = PCURVE('',#4515,#7852);
#7852 = DEFINITIONAL_REPRESENTATION('',(#7853),#7857);
#7853 = LINE('',#7854,#7855);
#7854 = CARTESIAN_POINT('',(-6.28318530718,18.64));
#7855 = VECTOR('',#7856,1.);
#7856 = DIRECTION('',(1.,-0.));
#7857 = ( GEOMETRIC_REPRESENTATION_CONTEXT(2) 
PARAMETRIC_REPRESENTATION_CONTEXT() REPRESENTATION_CONTEXT('2D SPACE',''
  ) );
#7858 = PCURVE('',#7859,#7864);
#7859 = SPHERICAL_SURFACE('',#7860,1.5);
#7860 = AXIS2_PLACEMENT_3D('',#7861,#7862,#7863);
#7861 = CARTESIAN_POINT('',(150.95,18.5,28.57));
#7862 = DIRECTION('',(-0.,-1.,-0.));
#7863 = DIRECTION('',(-1.,0.,0.));
#7864 = DEFINITIONAL_REPRESENTATION('',(#7865),#7869);
#7865 = LINE('',#7866,#7867);
#7866 = CARTESIAN_POINT('',(-0.,-6.28318530718));
#7867 = VECTOR('',#7868,1.);
#7868 = DIRECTION('',(-0.,1.));
#7869 = ( GEOMETRIC_REPRESENTATION_CONTEXT(2) 
PARAMETRIC_REPRESENTATION_CONTEXT() REPRESENTATION_CONTEXT('2D SPACE',''
  ) );
#7870 = ADVANCED_FACE('',(#7871),#4543,.T.);
#7871 = FACE_BOUND('',#7872,.T.);
#7872 = EDGE_LOOP('',(#7873,#7902,#7930,#7952));
#7873 = ORIENTED_EDGE('',*,*,#7874,.F.);
#7874 = EDGE_CURVE('',#7875,#4528,#7877,.T.);
#7875 = VERTEX_POINT('',#7876);
#7876 = CARTESIAN_POINT('',(150.95,-18.5,30.07));
#7877 = SURFACE_CURVE('',#7878,(#7883,#7890),.PCURVE_S1.);
#7878 = CIRCLE('',#7879,1.5);
#7879 = AXIS2_PLACEMENT_3D('',#7880,#7881,#7882);
#7880 = CARTESIAN_POINT('',(150.95,-18.5,28.57));
#7881 = DIRECTION('',(0.,-1.,0.));
#7882 = DIRECTION('',(-1.,0.,0.));
#7883 = PCURVE('',#4543,#7884);
#7884 = DEFINITIONAL_REPRESENTATION('',(#7885),#7889);
#7885 = LINE('',#7886,#7887);
#7886 = CARTESIAN_POINT('',(6.28318530718,1.5));
#7887 = VECTOR('',#7888,1.);
#7888 = DIRECTION('',(-1.,-0.));
#7889 = ( GEOMETRIC_REPRESENTATION_CONTEXT(2) 
PARAMETRIC_REPRESENTATION_CONTEXT() REPRESENTATION_CONTEXT('2D SPACE',''
  ) );
#7890 = PCURVE('',#7891,#7896);
#7891 = SPHERICAL_SURFACE('',#7892,1.5);
#7892 = AXIS2_PLACEMENT_3D('',#7893,#7894,#7895);
#7893 = CARTESIAN_POINT('',(150.95,-18.5,28.57));
#7894 = DIRECTION('',(-0.,-0.,-1.));
#7895 = DIRECTION('',(-1.,0.,0.));
#7896 = DEFINITIONAL_REPRESENTATION('',(#7897),#7901);
#7897 = LINE('',#7898,#7899);
#7898 = CARTESIAN_POINT('',(-0.,-6.28318530718));
#7899 = VECTOR('',#7900,1.);
#7900 = DIRECTION('',(-0.,1.));
#7901 = ( GEOMETRIC_REPRESENTATION_CONTEXT(2) 
PARAMETRIC_REPRESENTATION_CONTEXT() REPRESENTATION_CONTEXT('2D SPACE',''
  ) );
#7902 = ORIENTED_EDGE('',*,*,#7903,.T.);
#7903 = EDGE_CURVE('',#7875,#7904,#7906,.T.);
#7904 = VERTEX_POINT('',#7905);
#7905 = CARTESIAN_POINT('',(150.95,18.5,30.07));
#7906 = SURFACE_CURVE('',#7907,(#7911,#7918),.PCURVE_S1.);
#7907 = LINE('',#7908,#7909);
#7908 = CARTESIAN_POINT('',(150.95,-20.,30.07));
#7909 = VECTOR('',#7910,1.);
#7910 = DIRECTION('',(0.,1.,0.));
#7911 = PCURVE('',#4543,#7912);
#7912 = DEFINITIONAL_REPRESENTATION('',(#7913),#7917);
#7913 = LINE('',#7914,#7915);
#7914 = CARTESIAN_POINT('',(1.570796326795,0.));
#7915 = VECTOR('',#7916,1.);
#7916 = DIRECTION('',(0.,1.));
#7917 = ( GEOMETRIC_REPRESENTATION_CONTEXT(2) 
PARAMETRIC_REPRESENTATION_CONTEXT() REPRESENTATION_CONTEXT('2D SPACE',''
  ) );
#7918 = PCURVE('',#7919,#7924);
#7919 = PLANE('',#7920);
#7920 = AXIS2_PLACEMENT_3D('',#7921,#7922,#7923);
#7921 = CARTESIAN_POINT('',(149.45,-20.,30.07));
#7922 = DIRECTION('',(0.,0.,1.));
#7923 = DIRECTION('',(1.,0.,0.));
#7924 = DEFINITIONAL_REPRESENTATION('',(#7925),#7929);
#7925 = LINE('',#7926,#7927);
#7926 = CARTESIAN_POINT('',(1.5,0.));
#7927 = VECTOR('',#7928,1.);
#7928 = DIRECTION('',(0.,1.));
#7929 = ( GEOMETRIC_REPRESENTATION_CONTEXT(2) 
PARAMETRIC_REPRESENTATION_CONTEXT() REPRESENTATION_CONTEXT('2D SPACE',''
  ) );
#7930 = ORIENTED_EDGE('',*,*,#7931,.F.);
#7931 = EDGE_CURVE('',#4500,#7904,#7932,.T.);
#7932 = SURFACE_CURVE('',#7933,(#7938,#7945),.PCURVE_S1.);
#7933 = CIRCLE('',#7934,1.5);
#7934 = AXIS2_PLACEMENT_3D('',#7935,#7936,#7937);
#7935 = CARTESIAN_POINT('',(150.95,18.5,28.57));
#7936 = DIRECTION('',(0.,1.,0.));
#7937 = DIRECTION('',(-1.,0.,0.));
#7938 = PCURVE('',#4543,#7939);
#7939 = DEFINITIONAL_REPRESENTATION('',(#7940),#7944);
#7940 = LINE('',#7941,#7942);
#7941 = CARTESIAN_POINT('',(0.,38.5));
#7942 = VECTOR('',#7943,1.);
#7943 = DIRECTION('',(1.,0.));
#7944 = ( GEOMETRIC_REPRESENTATION_CONTEXT(2) 
PARAMETRIC_REPRESENTATION_CONTEXT() REPRESENTATION_CONTEXT('2D SPACE',''
  ) );
#7945 = PCURVE('',#7859,#7946);
#7946 = DEFINITIONAL_REPRESENTATION('',(#7947),#7951);
#7947 = LINE('',#7948,#7949);
#7948 = CARTESIAN_POINT('',(-0.,0.));
#7949 = VECTOR('',#7950,1.);
#7950 = DIRECTION('',(-1.,0.));
#7951 = ( GEOMETRIC_REPRESENTATION_CONTEXT(2) 
PARAMETRIC_REPRESENTATION_CONTEXT() REPRESENTATION_CONTEXT('2D SPACE',''
  ) );
#7952 = ORIENTED_EDGE('',*,*,#4527,.F.);
#7953 = ADVANCED_FACE('',(#7954),#4569,.T.);
#7954 = FACE_BOUND('',#7955,.T.);
#7955 = EDGE_LOOP('',(#7956,#7957,#7958,#7986));
#7956 = ORIENTED_EDGE('',*,*,#4555,.F.);
#7957 = ORIENTED_EDGE('',*,*,#7585,.T.);
#7958 = ORIENTED_EDGE('',*,*,#7959,.T.);
#7959 = EDGE_CURVE('',#7557,#7960,#7962,.T.);
#7960 = VERTEX_POINT('',#7961);
#7961 = CARTESIAN_POINT('',(150.95,-20.,28.57));
#7962 = SURFACE_CURVE('',#7963,(#7967,#7974),.PCURVE_S1.);
#7963 = LINE('',#7964,#7965);
#7964 = CARTESIAN_POINT('',(150.95,-20.,9.93));
#7965 = VECTOR('',#7966,1.);
#7966 = DIRECTION('',(0.,0.,1.));
#7967 = PCURVE('',#4569,#7968);
#7968 = DEFINITIONAL_REPRESENTATION('',(#7969),#7973);
#7969 = LINE('',#7970,#7971);
#7970 = CARTESIAN_POINT('',(1.570796326795,0.));
#7971 = VECTOR('',#7972,1.);
#7972 = DIRECTION('',(0.,1.));
#7973 = ( GEOMETRIC_REPRESENTATION_CONTEXT(2) 
PARAMETRIC_REPRESENTATION_CONTEXT() REPRESENTATION_CONTEXT('2D SPACE',''
  ) );
#7974 = PCURVE('',#7975,#7980);
#7975 = PLANE('',#7976);
#7976 = AXIS2_PLACEMENT_3D('',#7977,#7978,#7979);
#7977 = CARTESIAN_POINT('',(149.45,-20.,9.93));
#7978 = DIRECTION('',(0.,1.,0.));
#7979 = DIRECTION('',(0.,0.,1.));
#7980 = DEFINITIONAL_REPRESENTATION('',(#7981),#7985);
#7981 = LINE('',#7982,#7983);
#7982 = CARTESIAN_POINT('',(0.,1.5));
#7983 = VECTOR('',#7984,1.);
#7984 = DIRECTION('',(1.,0.));
#7985 = ( GEOMETRIC_REPRESENTATION_CONTEXT(2) 
PARAMETRIC_REPRESENTATION_CONTEXT() REPRESENTATION_CONTEXT('2D SPACE',''
  ) );
#7986 = ORIENTED_EDGE('',*,*,#7987,.F.);
#7987 = EDGE_CURVE('',#4528,#7960,#7988,.T.);
#7988 = SURFACE_CURVE('',#7989,(#7994,#8001),.PCURVE_S1.);
#7989 = CIRCLE('',#7990,1.5);
#7990 = AXIS2_PLACEMENT_3D('',#7991,#7992,#7993);
#7991 = CARTESIAN_POINT('',(150.95,-18.5,28.57));
#7992 = DIRECTION('',(0.,0.,1.));
#7993 = DIRECTION('',(-1.,0.,0.));
#7994 = PCURVE('',#4569,#7995);
#7995 = DEFINITIONAL_REPRESENTATION('',(#7996),#8000);
#7996 = LINE('',#7997,#7998);
#7997 = CARTESIAN_POINT('',(0.,18.64));
#7998 = VECTOR('',#7999,1.);
#7999 = DIRECTION('',(1.,0.));
#8000 = ( GEOMETRIC_REPRESENTATION_CONTEXT(2) 
PARAMETRIC_REPRESENTATION_CONTEXT() REPRESENTATION_CONTEXT('2D SPACE',''
  ) );
#8001 = PCURVE('',#7891,#8002);
#8002 = DEFINITIONAL_REPRESENTATION('',(#8003),#8007);
#8003 = LINE('',#8004,#8005);
#8004 = CARTESIAN_POINT('',(-0.,0.));
#8005 = VECTOR('',#8006,1.);
#8006 = DIRECTION('',(-1.,0.));
#8007 = ( GEOMETRIC_REPRESENTATION_CONTEXT(2) 
PARAMETRIC_REPRESENTATION_CONTEXT() REPRESENTATION_CONTEXT('2D SPACE',''
  ) );
#8008 = ADVANCED_FACE('',(#8009),#4603,.T.);
#8009 = FACE_BOUND('',#8010,.T.);
#8010 = EDGE_LOOP('',(#8011,#8034,#8062,#8083));
#8011 = ORIENTED_EDGE('',*,*,#8012,.T.);
#8012 = EDGE_CURVE('',#4586,#8013,#8015,.T.);
#8013 = VERTEX_POINT('',#8014);
#8014 = CARTESIAN_POINT('',(156.45,28.,-1.5));
#8015 = SURFACE_CURVE('',#8016,(#8020,#8027),.PCURVE_S1.);
#8016 = LINE('',#8017,#8018);
#8017 = CARTESIAN_POINT('',(149.45,28.,-1.5));
#8018 = VECTOR('',#8019,1.);
#8019 = DIRECTION('',(1.,0.,0.));
#8020 = PCURVE('',#4603,#8021);
#8021 = DEFINITIONAL_REPRESENTATION('',(#8022),#8026);
#8022 = LINE('',#8023,#8024);
#8023 = CARTESIAN_POINT('',(0.,0.));
#8024 = VECTOR('',#8025,1.);
#8025 = DIRECTION('',(0.,-1.));
#8026 = ( GEOMETRIC_REPRESENTATION_CONTEXT(2) 
PARAMETRIC_REPRESENTATION_CONTEXT() REPRESENTATION_CONTEXT('2D SPACE',''
  ) );
#8027 = PCURVE('',#4631,#8028);
#8028 = DEFINITIONAL_REPRESENTATION('',(#8029),#8033);
#8029 = LINE('',#8030,#8031);
#8030 = CARTESIAN_POINT('',(6.,0.));
#8031 = VECTOR('',#8032,1.);
#8032 = DIRECTION('',(0.,-1.));
#8033 = ( GEOMETRIC_REPRESENTATION_CONTEXT(2) 
PARAMETRIC_REPRESENTATION_CONTEXT() REPRESENTATION_CONTEXT('2D SPACE',''
  ) );
#8034 = ORIENTED_EDGE('',*,*,#8035,.T.);
#8035 = EDGE_CURVE('',#8013,#8036,#8038,.T.);
#8036 = VERTEX_POINT('',#8037);
#8037 = CARTESIAN_POINT('',(156.45,28.,1.5));
#8038 = SURFACE_CURVE('',#8039,(#8043,#8050),.PCURVE_S1.);
#8039 = LINE('',#8040,#8041);
#8040 = CARTESIAN_POINT('',(156.45,28.,-1.5));
#8041 = VECTOR('',#8042,1.);
#8042 = DIRECTION('',(0.,1.110223024625E-16,1.));
#8043 = PCURVE('',#4603,#8044);
#8044 = DEFINITIONAL_REPRESENTATION('',(#8045),#8049);
#8045 = LINE('',#8046,#8047);
#8046 = CARTESIAN_POINT('',(0.,-7.));
#8047 = VECTOR('',#8048,1.);
#8048 = DIRECTION('',(1.,0.));
#8049 = ( GEOMETRIC_REPRESENTATION_CONTEXT(2) 
PARAMETRIC_REPRESENTATION_CONTEXT() REPRESENTATION_CONTEXT('2D SPACE',''
  ) );
#8050 = PCURVE('',#8051,#8056);
#8051 = PLANE('',#8052);
#8052 = AXIS2_PLACEMENT_3D('',#8053,#8054,#8055);
#8053 = CARTESIAN_POINT('',(156.45,25.,0.));
#8054 = DIRECTION('',(1.,0.,0.));
#8055 = DIRECTION('',(0.,-1.,1.110223024625E-16));
#8056 = DEFINITIONAL_REPRESENTATION('',(#8057),#8061);
#8057 = LINE('',#8058,#8059);
#8058 = CARTESIAN_POINT('',(-3.,1.5));
#8059 = VECTOR('',#8060,1.);
#8060 = DIRECTION('',(0.,-1.));
#8061 = ( GEOMETRIC_REPRESENTATION_CONTEXT(2) 
PARAMETRIC_REPRESENTATION_CONTEXT() REPRESENTATION_CONTEXT('2D SPACE',''
  ) );
#8062 = ORIENTED_EDGE('',*,*,#8063,.F.);
#8063 = EDGE_CURVE('',#4588,#8036,#8064,.T.);
#8064 = SURFACE_CURVE('',#8065,(#8069,#8076),.PCURVE_S1.);
#8065 = LINE('',#8066,#8067);
#8066 = CARTESIAN_POINT('',(149.45,28.,1.5));
#8067 = VECTOR('',#8068,1.);
#8068 = DIRECTION('',(1.,0.,0.));
#8069 = PCURVE('',#4603,#8070);
#8070 = DEFINITIONAL_REPRESENTATION('',(#8071),#8075);
#8071 = LINE('',#8072,#8073);
#8072 = CARTESIAN_POINT('',(3.,0.));
#8073 = VECTOR('',#8074,1.);
#8074 = DIRECTION('',(0.,-1.));
#8075 = ( GEOMETRIC_REPRESENTATION_CONTEXT(2) 
PARAMETRIC_REPRESENTATION_CONTEXT() REPRESENTATION_CONTEXT('2D SPACE',''
  ) );
#8076 = PCURVE('',#4685,#8077);
#8077 = DEFINITIONAL_REPRESENTATION('',(#8078),#8082);
#8078 = LINE('',#8079,#8080);
#8079 = CARTESIAN_POINT('',(0.,0.));
#8080 = VECTOR('',#8081,1.);
#8081 = DIRECTION('',(0.,-1.));
#8082 = ( GEOMETRIC_REPRESENTATION_CONTEXT(2) 
PARAMETRIC_REPRESENTATION_CONTEXT() REPRESENTATION_CONTEXT('2D SPACE',''
  ) );
#8083 = ORIENTED_EDGE('',*,*,#4585,.F.);
#8084 = ADVANCED_FACE('',(#8085),#4631,.T.);
#8085 = FACE_BOUND('',#8086,.T.);
#8086 = EDGE_LOOP('',(#8087,#8110,#8131,#8132));
#8087 = ORIENTED_EDGE('',*,*,#8088,.T.);
#8088 = EDGE_CURVE('',#4616,#8089,#8091,.T.);
#8089 = VERTEX_POINT('',#8090);
#8090 = CARTESIAN_POINT('',(156.45,22.,-1.5));
#8091 = SURFACE_CURVE('',#8092,(#8096,#8103),.PCURVE_S1.);
#8092 = LINE('',#8093,#8094);
#8093 = CARTESIAN_POINT('',(149.45,22.,-1.5));
#8094 = VECTOR('',#8095,1.);
#8095 = DIRECTION('',(1.,0.,0.));
#8096 = PCURVE('',#4631,#8097);
#8097 = DEFINITIONAL_REPRESENTATION('',(#8098),#8102);
#8098 = LINE('',#8099,#8100);
#8099 = CARTESIAN_POINT('',(0.,0.));
#8100 = VECTOR('',#8101,1.);
#8101 = DIRECTION('',(0.,-1.));
#8102 = ( GEOMETRIC_REPRESENTATION_CONTEXT(2) 
PARAMETRIC_REPRESENTATION_CONTEXT() REPRESENTATION_CONTEXT('2D SPACE',''
  ) );
#8103 = PCURVE('',#4659,#8104);
#8104 = DEFINITIONAL_REPRESENTATION('',(#8105),#8109);
#8105 = LINE('',#8106,#8107);
#8106 = CARTESIAN_POINT('',(3.,0.));
#8107 = VECTOR('',#8108,1.);
#8108 = DIRECTION('',(0.,-1.));
#8109 = ( GEOMETRIC_REPRESENTATION_CONTEXT(2) 
PARAMETRIC_REPRESENTATION_CONTEXT() REPRESENTATION_CONTEXT('2D SPACE',''
  ) );
#8110 = ORIENTED_EDGE('',*,*,#8111,.T.);
#8111 = EDGE_CURVE('',#8089,#8013,#8112,.T.);
#8112 = SURFACE_CURVE('',#8113,(#8117,#8124),.PCURVE_S1.);
#8113 = LINE('',#8114,#8115);
#8114 = CARTESIAN_POINT('',(156.45,22.,-1.5));
#8115 = VECTOR('',#8116,1.);
#8116 = DIRECTION('',(0.,1.,-1.110223024625E-16));
#8117 = PCURVE('',#4631,#8118);
#8118 = DEFINITIONAL_REPRESENTATION('',(#8119),#8123);
#8119 = LINE('',#8120,#8121);
#8120 = CARTESIAN_POINT('',(0.,-7.));
#8121 = VECTOR('',#8122,1.);
#8122 = DIRECTION('',(1.,0.));
#8123 = ( GEOMETRIC_REPRESENTATION_CONTEXT(2) 
PARAMETRIC_REPRESENTATION_CONTEXT() REPRESENTATION_CONTEXT('2D SPACE',''
  ) );
#8124 = PCURVE('',#8051,#8125);
#8125 = DEFINITIONAL_REPRESENTATION('',(#8126),#8130);
#8126 = LINE('',#8127,#8128);
#8127 = CARTESIAN_POINT('',(3.,1.5));
#8128 = VECTOR('',#8129,1.);
#8129 = DIRECTION('',(-1.,0.));
#8130 = ( GEOMETRIC_REPRESENTATION_CONTEXT(2) 
PARAMETRIC_REPRESENTATION_CONTEXT() REPRESENTATION_CONTEXT('2D SPACE',''
  ) );
#8131 = ORIENTED_EDGE('',*,*,#8012,.F.);
#8132 = ORIENTED_EDGE('',*,*,#4615,.F.);
#8133 = ADVANCED_FACE('',(#8134),#4659,.T.);
#8134 = FACE_BOUND('',#8135,.T.);
#8135 = EDGE_LOOP('',(#8136,#8159,#8180,#8181));
#8136 = ORIENTED_EDGE('',*,*,#8137,.T.);
#8137 = EDGE_CURVE('',#4644,#8138,#8140,.T.);
#8138 = VERTEX_POINT('',#8139);
#8139 = CARTESIAN_POINT('',(156.45,22.,1.5));
#8140 = SURFACE_CURVE('',#8141,(#8145,#8152),.PCURVE_S1.);
#8141 = LINE('',#8142,#8143);
#8142 = CARTESIAN_POINT('',(149.45,22.,1.5));
#8143 = VECTOR('',#8144,1.);
#8144 = DIRECTION('',(1.,0.,0.));
#8145 = PCURVE('',#4659,#8146);
#8146 = DEFINITIONAL_REPRESENTATION('',(#8147),#8151);
#8147 = LINE('',#8148,#8149);
#8148 = CARTESIAN_POINT('',(0.,0.));
#8149 = VECTOR('',#8150,1.);
#8150 = DIRECTION('',(0.,-1.));
#8151 = ( GEOMETRIC_REPRESENTATION_CONTEXT(2) 
PARAMETRIC_REPRESENTATION_CONTEXT() REPRESENTATION_CONTEXT('2D SPACE',''
  ) );
#8152 = PCURVE('',#4685,#8153);
#8153 = DEFINITIONAL_REPRESENTATION('',(#8154),#8158);
#8154 = LINE('',#8155,#8156);
#8155 = CARTESIAN_POINT('',(6.,0.));
#8156 = VECTOR('',#8157,1.);
#8157 = DIRECTION('',(0.,-1.));
#8158 = ( GEOMETRIC_REPRESENTATION_CONTEXT(2) 
PARAMETRIC_REPRESENTATION_CONTEXT() REPRESENTATION_CONTEXT('2D SPACE',''
  ) );
#8159 = ORIENTED_EDGE('',*,*,#8160,.T.);
#8160 = EDGE_CURVE('',#8138,#8089,#8161,.T.);
#8161 = SURFACE_CURVE('',#8162,(#8166,#8173),.PCURVE_S1.);
#8162 = LINE('',#8163,#8164);
#8163 = CARTESIAN_POINT('',(156.45,22.,1.5));
#8164 = VECTOR('',#8165,1.);
#8165 = DIRECTION('',(0.,-1.110223024625E-16,-1.));
#8166 = PCURVE('',#4659,#8167);
#8167 = DEFINITIONAL_REPRESENTATION('',(#8168),#8172);
#8168 = LINE('',#8169,#8170);
#8169 = CARTESIAN_POINT('',(0.,-7.));
#8170 = VECTOR('',#8171,1.);
#8171 = DIRECTION('',(1.,0.));
#8172 = ( GEOMETRIC_REPRESENTATION_CONTEXT(2) 
PARAMETRIC_REPRESENTATION_CONTEXT() REPRESENTATION_CONTEXT('2D SPACE',''
  ) );
#8173 = PCURVE('',#8051,#8174);
#8174 = DEFINITIONAL_REPRESENTATION('',(#8175),#8179);
#8175 = LINE('',#8176,#8177);
#8176 = CARTESIAN_POINT('',(3.,-1.5));
#8177 = VECTOR('',#8178,1.);
#8178 = DIRECTION('',(0.,1.));
#8179 = ( GEOMETRIC_REPRESENTATION_CONTEXT(2) 
PARAMETRIC_REPRESENTATION_CONTEXT() REPRESENTATION_CONTEXT('2D SPACE',''
  ) );
#8180 = ORIENTED_EDGE('',*,*,#8088,.F.);
#8181 = ORIENTED_EDGE('',*,*,#4643,.F.);
#8182 = ADVANCED_FACE('',(#8183),#4685,.T.);
#8183 = FACE_BOUND('',#8184,.T.);
#8184 = EDGE_LOOP('',(#8185,#8186,#8207,#8208));
#8185 = ORIENTED_EDGE('',*,*,#8063,.T.);
#8186 = ORIENTED_EDGE('',*,*,#8187,.T.);
#8187 = EDGE_CURVE('',#8036,#8138,#8188,.T.);
#8188 = SURFACE_CURVE('',#8189,(#8193,#8200),.PCURVE_S1.);
#8189 = LINE('',#8190,#8191);
#8190 = CARTESIAN_POINT('',(156.45,28.,1.5));
#8191 = VECTOR('',#8192,1.);
#8192 = DIRECTION('',(0.,-1.,1.110223024625E-16));
#8193 = PCURVE('',#4685,#8194);
#8194 = DEFINITIONAL_REPRESENTATION('',(#8195),#8199);
#8195 = LINE('',#8196,#8197);
#8196 = CARTESIAN_POINT('',(0.,-7.));
#8197 = VECTOR('',#8198,1.);
#8198 = DIRECTION('',(1.,0.));
#8199 = ( GEOMETRIC_REPRESENTATION_CONTEXT(2) 
PARAMETRIC_REPRESENTATION_CONTEXT() REPRESENTATION_CONTEXT('2D SPACE',''
  ) );
#8200 = PCURVE('',#8051,#8201);
#8201 = DEFINITIONAL_REPRESENTATION('',(#8202),#8206);
#8202 = LINE('',#8203,#8204);
#8203 = CARTESIAN_POINT('',(-3.,-1.5));
#8204 = VECTOR('',#8205,1.);
#8205 = DIRECTION('',(1.,0.));
#8206 = ( GEOMETRIC_REPRESENTATION_CONTEXT(2) 
PARAMETRIC_REPRESENTATION_CONTEXT() REPRESENTATION_CONTEXT('2D SPACE',''
  ) );
#8207 = ORIENTED_EDGE('',*,*,#8137,.F.);
#8208 = ORIENTED_EDGE('',*,*,#4671,.F.);
#8209 = ADVANCED_FACE('',(#8210),#4717,.T.);
#8210 = FACE_BOUND('',#8211,.T.);
#8211 = EDGE_LOOP('',(#8212,#8235,#8263,#8284));
#8212 = ORIENTED_EDGE('',*,*,#8213,.T.);
#8213 = EDGE_CURVE('',#4700,#8214,#8216,.T.);
#8214 = VERTEX_POINT('',#8215);
#8215 = CARTESIAN_POINT('',(156.45,1.5,17.));
#8216 = SURFACE_CURVE('',#8217,(#8221,#8228),.PCURVE_S1.);
#8217 = LINE('',#8218,#8219);
#8218 = CARTESIAN_POINT('',(149.45,1.5,17.));
#8219 = VECTOR('',#8220,1.);
#8220 = DIRECTION('',(1.,0.,0.));
#8221 = PCURVE('',#4717,#8222);
#8222 = DEFINITIONAL_REPRESENTATION('',(#8223),#8227);
#8223 = LINE('',#8224,#8225);
#8224 = CARTESIAN_POINT('',(0.,0.));
#8225 = VECTOR('',#8226,1.);
#8226 = DIRECTION('',(0.,-1.));
#8227 = ( GEOMETRIC_REPRESENTATION_CONTEXT(2) 
PARAMETRIC_REPRESENTATION_CONTEXT() REPRESENTATION_CONTEXT('2D SPACE',''
  ) );
#8228 = PCURVE('',#4745,#8229);
#8229 = DEFINITIONAL_REPRESENTATION('',(#8230),#8234);
#8230 = LINE('',#8231,#8232);
#8231 = CARTESIAN_POINT('',(3.,0.));
#8232 = VECTOR('',#8233,1.);
#8233 = DIRECTION('',(0.,-1.));
#8234 = ( GEOMETRIC_REPRESENTATION_CONTEXT(2) 
PARAMETRIC_REPRESENTATION_CONTEXT() REPRESENTATION_CONTEXT('2D SPACE',''
  ) );
#8235 = ORIENTED_EDGE('',*,*,#8236,.T.);
#8236 = EDGE_CURVE('',#8214,#8237,#8239,.T.);
#8237 = VERTEX_POINT('',#8238);
#8238 = CARTESIAN_POINT('',(156.45,1.5,23.));
#8239 = SURFACE_CURVE('',#8240,(#8244,#8251),.PCURVE_S1.);
#8240 = LINE('',#8241,#8242);
#8241 = CARTESIAN_POINT('',(156.45,1.5,17.));
#8242 = VECTOR('',#8243,1.);
#8243 = DIRECTION('',(0.,0.,1.));
#8244 = PCURVE('',#4717,#8245);
#8245 = DEFINITIONAL_REPRESENTATION('',(#8246),#8250);
#8246 = LINE('',#8247,#8248);
#8247 = CARTESIAN_POINT('',(0.,-7.));
#8248 = VECTOR('',#8249,1.);
#8249 = DIRECTION('',(1.,0.));
#8250 = ( GEOMETRIC_REPRESENTATION_CONTEXT(2) 
PARAMETRIC_REPRESENTATION_CONTEXT() REPRESENTATION_CONTEXT('2D SPACE',''
  ) );
#8251 = PCURVE('',#8252,#8257);
#8252 = PLANE('',#8253);
#8253 = AXIS2_PLACEMENT_3D('',#8254,#8255,#8256);
#8254 = CARTESIAN_POINT('',(156.45,0.,20.));
#8255 = DIRECTION('',(1.,0.,0.));
#8256 = DIRECTION('',(-0.,0.,1.));
#8257 = DEFINITIONAL_REPRESENTATION('',(#8258),#8262);
#8258 = LINE('',#8259,#8260);
#8259 = CARTESIAN_POINT('',(-3.,-1.5));
#8260 = VECTOR('',#8261,1.);
#8261 = DIRECTION('',(1.,0.));
#8262 = ( GEOMETRIC_REPRESENTATION_CONTEXT(2) 
PARAMETRIC_REPRESENTATION_CONTEXT() REPRESENTATION_CONTEXT('2D SPACE',''
  ) );
#8263 = ORIENTED_EDGE('',*,*,#8264,.F.);
#8264 = EDGE_CURVE('',#4702,#8237,#8265,.T.);
#8265 = SURFACE_CURVE('',#8266,(#8270,#8277),.PCURVE_S1.);
#8266 = LINE('',#8267,#8268);
#8267 = CARTESIAN_POINT('',(149.45,1.5,23.));
#8268 = VECTOR('',#8269,1.);
#8269 = DIRECTION('',(1.,0.,0.));
#8270 = PCURVE('',#4717,#8271);
#8271 = DEFINITIONAL_REPRESENTATION('',(#8272),#8276);
#8272 = LINE('',#8273,#8274);
#8273 = CARTESIAN_POINT('',(6.,0.));
#8274 = VECTOR('',#8275,1.);
#8275 = DIRECTION('',(0.,-1.));
#8276 = ( GEOMETRIC_REPRESENTATION_CONTEXT(2) 
PARAMETRIC_REPRESENTATION_CONTEXT() REPRESENTATION_CONTEXT('2D SPACE',''
  ) );
#8277 = PCURVE('',#4799,#8278);
#8278 = DEFINITIONAL_REPRESENTATION('',(#8279),#8283);
#8279 = LINE('',#8280,#8281);
#8280 = CARTESIAN_POINT('',(0.,-0.));
#8281 = VECTOR('',#8282,1.);
#8282 = DIRECTION('',(0.,-1.));
#8283 = ( GEOMETRIC_REPRESENTATION_CONTEXT(2) 
PARAMETRIC_REPRESENTATION_CONTEXT() REPRESENTATION_CONTEXT('2D SPACE',''
  ) );
#8284 = ORIENTED_EDGE('',*,*,#4699,.F.);
#8285 = ADVANCED_FACE('',(#8286),#4745,.T.);
#8286 = FACE_BOUND('',#8287,.T.);
#8287 = EDGE_LOOP('',(#8288,#8311,#8332,#8333));
#8288 = ORIENTED_EDGE('',*,*,#8289,.T.);
#8289 = EDGE_CURVE('',#4730,#8290,#8292,.T.);
#8290 = VERTEX_POINT('',#8291);
#8291 = CARTESIAN_POINT('',(156.45,-1.5,17.));
#8292 = SURFACE_CURVE('',#8293,(#8297,#8304),.PCURVE_S1.);
#8293 = LINE('',#8294,#8295);
#8294 = CARTESIAN_POINT('',(149.45,-1.5,17.));
#8295 = VECTOR('',#8296,1.);
#8296 = DIRECTION('',(1.,0.,0.));
#8297 = PCURVE('',#4745,#8298);
#8298 = DEFINITIONAL_REPRESENTATION('',(#8299),#8303);
#8299 = LINE('',#8300,#8301);
#8300 = CARTESIAN_POINT('',(0.,0.));
#8301 = VECTOR('',#8302,1.);
#8302 = DIRECTION('',(0.,-1.));
#8303 = ( GEOMETRIC_REPRESENTATION_CONTEXT(2) 
PARAMETRIC_REPRESENTATION_CONTEXT() REPRESENTATION_CONTEXT('2D SPACE',''
  ) );
#8304 = PCURVE('',#4773,#8305);
#8305 = DEFINITIONAL_REPRESENTATION('',(#8306),#8310);
#8306 = LINE('',#8307,#8308);
#8307 = CARTESIAN_POINT('',(6.,0.));
#8308 = VECTOR('',#8309,1.);
#8309 = DIRECTION('',(0.,-1.));
#8310 = ( GEOMETRIC_REPRESENTATION_CONTEXT(2) 
PARAMETRIC_REPRESENTATION_CONTEXT() REPRESENTATION_CONTEXT('2D SPACE',''
  ) );
#8311 = ORIENTED_EDGE('',*,*,#8312,.T.);
#8312 = EDGE_CURVE('',#8290,#8214,#8313,.T.);
#8313 = SURFACE_CURVE('',#8314,(#8318,#8325),.PCURVE_S1.);
#8314 = LINE('',#8315,#8316);
#8315 = CARTESIAN_POINT('',(156.45,-1.5,17.));
#8316 = VECTOR('',#8317,1.);
#8317 = DIRECTION('',(0.,1.,0.));
#8318 = PCURVE('',#4745,#8319);
#8319 = DEFINITIONAL_REPRESENTATION('',(#8320),#8324);
#8320 = LINE('',#8321,#8322);
#8321 = CARTESIAN_POINT('',(0.,-7.));
#8322 = VECTOR('',#8323,1.);
#8323 = DIRECTION('',(1.,0.));
#8324 = ( GEOMETRIC_REPRESENTATION_CONTEXT(2) 
PARAMETRIC_REPRESENTATION_CONTEXT() REPRESENTATION_CONTEXT('2D SPACE',''
  ) );
#8325 = PCURVE('',#8252,#8326);
#8326 = DEFINITIONAL_REPRESENTATION('',(#8327),#8331);
#8327 = LINE('',#8328,#8329);
#8328 = CARTESIAN_POINT('',(-3.,1.5));
#8329 = VECTOR('',#8330,1.);
#8330 = DIRECTION('',(0.,-1.));
#8331 = ( GEOMETRIC_REPRESENTATION_CONTEXT(2) 
PARAMETRIC_REPRESENTATION_CONTEXT() REPRESENTATION_CONTEXT('2D SPACE',''
  ) );
#8332 = ORIENTED_EDGE('',*,*,#8213,.F.);
#8333 = ORIENTED_EDGE('',*,*,#4729,.F.);
#8334 = ADVANCED_FACE('',(#8335),#4773,.T.);
#8335 = FACE_BOUND('',#8336,.T.);
#8336 = EDGE_LOOP('',(#8337,#8360,#8381,#8382));
#8337 = ORIENTED_EDGE('',*,*,#8338,.T.);
#8338 = EDGE_CURVE('',#4758,#8339,#8341,.T.);
#8339 = VERTEX_POINT('',#8340);
#8340 = CARTESIAN_POINT('',(156.45,-1.5,23.));
#8341 = SURFACE_CURVE('',#8342,(#8346,#8353),.PCURVE_S1.);
#8342 = LINE('',#8343,#8344);
#8343 = CARTESIAN_POINT('',(149.45,-1.5,23.));
#8344 = VECTOR('',#8345,1.);
#8345 = DIRECTION('',(1.,0.,0.));
#8346 = PCURVE('',#4773,#8347);
#8347 = DEFINITIONAL_REPRESENTATION('',(#8348),#8352);
#8348 = LINE('',#8349,#8350);
#8349 = CARTESIAN_POINT('',(0.,0.));
#8350 = VECTOR('',#8351,1.);
#8351 = DIRECTION('',(0.,-1.));
#8352 = ( GEOMETRIC_REPRESENTATION_CONTEXT(2) 
PARAMETRIC_REPRESENTATION_CONTEXT() REPRESENTATION_CONTEXT('2D SPACE',''
  ) );
#8353 = PCURVE('',#4799,#8354);
#8354 = DEFINITIONAL_REPRESENTATION('',(#8355),#8359);
#8355 = LINE('',#8356,#8357);
#8356 = CARTESIAN_POINT('',(3.,0.));
#8357 = VECTOR('',#8358,1.);
#8358 = DIRECTION('',(0.,-1.));
#8359 = ( GEOMETRIC_REPRESENTATION_CONTEXT(2) 
PARAMETRIC_REPRESENTATION_CONTEXT() REPRESENTATION_CONTEXT('2D SPACE',''
  ) );
#8360 = ORIENTED_EDGE('',*,*,#8361,.T.);
#8361 = EDGE_CURVE('',#8339,#8290,#8362,.T.);
#8362 = SURFACE_CURVE('',#8363,(#8367,#8374),.PCURVE_S1.);
#8363 = LINE('',#8364,#8365);
#8364 = CARTESIAN_POINT('',(156.45,-1.5,23.));
#8365 = VECTOR('',#8366,1.);
#8366 = DIRECTION('',(0.,0.,-1.));
#8367 = PCURVE('',#4773,#8368);
#8368 = DEFINITIONAL_REPRESENTATION('',(#8369),#8373);
#8369 = LINE('',#8370,#8371);
#8370 = CARTESIAN_POINT('',(0.,-7.));
#8371 = VECTOR('',#8372,1.);
#8372 = DIRECTION('',(1.,0.));
#8373 = ( GEOMETRIC_REPRESENTATION_CONTEXT(2) 
PARAMETRIC_REPRESENTATION_CONTEXT() REPRESENTATION_CONTEXT('2D SPACE',''
  ) );
#8374 = PCURVE('',#8252,#8375);
#8375 = DEFINITIONAL_REPRESENTATION('',(#8376),#8380);
#8376 = LINE('',#8377,#8378);
#8377 = CARTESIAN_POINT('',(3.,1.5));
#8378 = VECTOR('',#8379,1.);
#8379 = DIRECTION('',(-1.,0.));
#8380 = ( GEOMETRIC_REPRESENTATION_CONTEXT(2) 
PARAMETRIC_REPRESENTATION_CONTEXT() REPRESENTATION_CONTEXT('2D SPACE',''
  ) );
#8381 = ORIENTED_EDGE('',*,*,#8289,.F.);
#8382 = ORIENTED_EDGE('',*,*,#4757,.F.);
#8383 = ADVANCED_FACE('',(#8384),#4799,.T.);
#8384 = FACE_BOUND('',#8385,.T.);
#8385 = EDGE_LOOP('',(#8386,#8387,#8408,#8409));
#8386 = ORIENTED_EDGE('',*,*,#8264,.T.);
#8387 = ORIENTED_EDGE('',*,*,#8388,.T.);
#8388 = EDGE_CURVE('',#8237,#8339,#8389,.T.);
#8389 = SURFACE_CURVE('',#8390,(#8394,#8401),.PCURVE_S1.);
#8390 = LINE('',#8391,#8392);
#8391 = CARTESIAN_POINT('',(156.45,1.5,23.));
#8392 = VECTOR('',#8393,1.);
#8393 = DIRECTION('',(0.,-1.,0.));
#8394 = PCURVE('',#4799,#8395);
#8395 = DEFINITIONAL_REPRESENTATION('',(#8396),#8400);
#8396 = LINE('',#8397,#8398);
#8397 = CARTESIAN_POINT('',(0.,-7.));
#8398 = VECTOR('',#8399,1.);
#8399 = DIRECTION('',(1.,0.));
#8400 = ( GEOMETRIC_REPRESENTATION_CONTEXT(2) 
PARAMETRIC_REPRESENTATION_CONTEXT() REPRESENTATION_CONTEXT('2D SPACE',''
  ) );
#8401 = PCURVE('',#8252,#8402);
#8402 = DEFINITIONAL_REPRESENTATION('',(#8403),#8407);
#8403 = LINE('',#8404,#8405);
#8404 = CARTESIAN_POINT('',(3.,-1.5));
#8405 = VECTOR('',#8406,1.);
#8406 = DIRECTION('',(0.,1.));
#8407 = ( GEOMETRIC_REPRESENTATION_CONTEXT(2) 
PARAMETRIC_REPRESENTATION_CONTEXT() REPRESENTATION_CONTEXT('2D SPACE',''
  ) );
#8408 = ORIENTED_EDGE('',*,*,#8338,.F.);
#8409 = ORIENTED_EDGE('',*,*,#4785,.F.);
#8410 = ADVANCED_FACE('',(#8411),#4880,.T.);
#8411 = FACE_BOUND('',#8412,.T.);
#8412 = EDGE_LOOP('',(#8413,#8435,#8458,#8485));
#8413 = ORIENTED_EDGE('',*,*,#8414,.F.);
#8414 = EDGE_CURVE('',#7644,#4815,#8415,.T.);
#8415 = SURFACE_CURVE('',#8416,(#8421,#8428),.PCURVE_S1.);
#8416 = CIRCLE('',#8417,1.5);
#8417 = AXIS2_PLACEMENT_3D('',#8418,#8419,#8420);
#8418 = CARTESIAN_POINT('',(150.95,33.57,-18.5));
#8419 = DIRECTION('',(-1.,6.798155367234E-33,6.123233995737E-17));
#8420 = DIRECTION('',(-6.123233995737E-17,-1.110223024625E-16,-1.));
#8421 = PCURVE('',#4880,#8422);
#8422 = DEFINITIONAL_REPRESENTATION('',(#8423),#8427);
#8423 = LINE('',#8424,#8425);
#8424 = CARTESIAN_POINT('',(6.28318530718,1.5));
#8425 = VECTOR('',#8426,1.);
#8426 = DIRECTION('',(-1.,-0.));
#8427 = ( GEOMETRIC_REPRESENTATION_CONTEXT(2) 
PARAMETRIC_REPRESENTATION_CONTEXT() REPRESENTATION_CONTEXT('2D SPACE',''
  ) );
#8428 = PCURVE('',#7626,#8429);
#8429 = DEFINITIONAL_REPRESENTATION('',(#8430),#8434);
#8430 = LINE('',#8431,#8432);
#8431 = CARTESIAN_POINT('',(1.570796326795,-6.28318530718));
#8432 = VECTOR('',#8433,1.);
#8433 = DIRECTION('',(0.,1.));
#8434 = ( GEOMETRIC_REPRESENTATION_CONTEXT(2) 
PARAMETRIC_REPRESENTATION_CONTEXT() REPRESENTATION_CONTEXT('2D SPACE',''
  ) );
#8435 = ORIENTED_EDGE('',*,*,#8436,.T.);
#8436 = EDGE_CURVE('',#7644,#8437,#8439,.T.);
#8437 = VERTEX_POINT('',#8438);
#8438 = CARTESIAN_POINT('',(199.05,35.07,-18.5));
#8439 = SURFACE_CURVE('',#8440,(#8444,#8451),.PCURVE_S1.);
#8440 = LINE('',#8441,#8442);
#8441 = CARTESIAN_POINT('',(149.45,35.07,-18.5));
#8442 = VECTOR('',#8443,1.);
#8443 = DIRECTION('',(1.,0.,0.));
#8444 = PCURVE('',#4880,#8445);
#8445 = DEFINITIONAL_REPRESENTATION('',(#8446),#8450);
#8446 = LINE('',#8447,#8448);
#8447 = CARTESIAN_POINT('',(1.570796326795,0.));
#8448 = VECTOR('',#8449,1.);
#8449 = DIRECTION('',(0.,1.));
#8450 = ( GEOMETRIC_REPRESENTATION_CONTEXT(2) 
PARAMETRIC_REPRESENTATION_CONTEXT() REPRESENTATION_CONTEXT('2D SPACE',''
  ) );
#8451 = PCURVE('',#7683,#8452);
#8452 = DEFINITIONAL_REPRESENTATION('',(#8453),#8457);
#8453 = LINE('',#8454,#8455);
#8454 = CARTESIAN_POINT('',(0.,1.5));
#8455 = VECTOR('',#8456,1.);
#8456 = DIRECTION('',(1.,0.));
#8457 = ( GEOMETRIC_REPRESENTATION_CONTEXT(2) 
PARAMETRIC_REPRESENTATION_CONTEXT() REPRESENTATION_CONTEXT('2D SPACE',''
  ) );
#8458 = ORIENTED_EDGE('',*,*,#8459,.T.);
#8459 = EDGE_CURVE('',#8437,#4839,#8460,.T.);
#8460 = SURFACE_CURVE('',#8461,(#8466,#8473),.PCURVE_S1.);
#8461 = CIRCLE('',#8462,1.5);
#8462 = AXIS2_PLACEMENT_3D('',#8463,#8464,#8465);
#8463 = CARTESIAN_POINT('',(199.05,33.57,-18.5));
#8464 = DIRECTION('',(-1.,-6.798155367234E-33,-6.123233995737E-17));
#8465 = DIRECTION('',(6.123233995737E-17,-1.110223024625E-16,-1.));
#8466 = PCURVE('',#4880,#8467);
#8467 = DEFINITIONAL_REPRESENTATION('',(#8468),#8472);
#8468 = LINE('',#8469,#8470);
#8469 = CARTESIAN_POINT('',(6.28318530718,49.6));
#8470 = VECTOR('',#8471,1.);
#8471 = DIRECTION('',(-1.,-0.));
#8472 = ( GEOMETRIC_REPRESENTATION_CONTEXT(2) 
PARAMETRIC_REPRESENTATION_CONTEXT() REPRESENTATION_CONTEXT('2D SPACE',''
  ) );
#8473 = PCURVE('',#8474,#8479);
#8474 = SPHERICAL_SURFACE('',#8475,1.5);
#8475 = AXIS2_PLACEMENT_3D('',#8476,#8477,#8478);
#8476 = CARTESIAN_POINT('',(199.05,33.57,-18.5));
#8477 = DIRECTION('',(0.,-1.,1.110223024625E-16));
#8478 = DIRECTION('',(1.,0.,0.));
#8479 = DEFINITIONAL_REPRESENTATION('',(#8480),#8484);
#8480 = LINE('',#8481,#8482);
#8481 = CARTESIAN_POINT('',(-1.570796326795,-6.28318530718));
#8482 = VECTOR('',#8483,1.);
#8483 = DIRECTION('',(-0.,1.));
#8484 = ( GEOMETRIC_REPRESENTATION_CONTEXT(2) 
PARAMETRIC_REPRESENTATION_CONTEXT() REPRESENTATION_CONTEXT('2D SPACE',''
  ) );
#8485 = ORIENTED_EDGE('',*,*,#4866,.F.);
#8486 = ADVANCED_FACE('',(#8487),#4854,.T.);
#8487 = FACE_BOUND('',#8488,.F.);
#8488 = EDGE_LOOP('',(#8489,#8490,#8512,#8513));
#8489 = ORIENTED_EDGE('',*,*,#4922,.F.);
#8490 = ORIENTED_EDGE('',*,*,#8491,.T.);
#8491 = EDGE_CURVE('',#4923,#4839,#8492,.T.);
#8492 = SURFACE_CURVE('',#8493,(#8498,#8505),.PCURVE_S1.);
#8493 = CIRCLE('',#8494,1.5);
#8494 = AXIS2_PLACEMENT_3D('',#8495,#8496,#8497);
#8495 = CARTESIAN_POINT('',(199.05,33.57,-18.5));
#8496 = DIRECTION('',(0.,1.,-1.110223024625E-16));
#8497 = DIRECTION('',(1.,0.,0.));
#8498 = PCURVE('',#4854,#8499);
#8499 = DEFINITIONAL_REPRESENTATION('',(#8500),#8504);
#8500 = LINE('',#8501,#8502);
#8501 = CARTESIAN_POINT('',(-0.,1.5));
#8502 = VECTOR('',#8503,1.);
#8503 = DIRECTION('',(-1.,0.));
#8504 = ( GEOMETRIC_REPRESENTATION_CONTEXT(2) 
PARAMETRIC_REPRESENTATION_CONTEXT() REPRESENTATION_CONTEXT('2D SPACE',''
  ) );
#8505 = PCURVE('',#8474,#8506);
#8506 = DEFINITIONAL_REPRESENTATION('',(#8507),#8511);
#8507 = LINE('',#8508,#8509);
#8508 = CARTESIAN_POINT('',(-0.,0.));
#8509 = VECTOR('',#8510,1.);
#8510 = DIRECTION('',(-1.,0.));
#8511 = ( GEOMETRIC_REPRESENTATION_CONTEXT(2) 
PARAMETRIC_REPRESENTATION_CONTEXT() REPRESENTATION_CONTEXT('2D SPACE',''
  ) );
#8512 = ORIENTED_EDGE('',*,*,#4838,.T.);
#8513 = ORIENTED_EDGE('',*,*,#4897,.F.);
#8514 = ADVANCED_FACE('',(#8515),#4961,.T.);
#8515 = FACE_BOUND('',#8516,.T.);
#8516 = EDGE_LOOP('',(#8517,#8539,#8562,#8589));
#8517 = ORIENTED_EDGE('',*,*,#8518,.F.);
#8518 = EDGE_CURVE('',#8437,#4923,#8519,.T.);
#8519 = SURFACE_CURVE('',#8520,(#8525,#8532),.PCURVE_S1.);
#8520 = CIRCLE('',#8521,1.5);
#8521 = AXIS2_PLACEMENT_3D('',#8522,#8523,#8524);
#8522 = CARTESIAN_POINT('',(199.05,33.57,-18.5));
#8523 = DIRECTION('',(0.,-1.110223024625E-16,-1.));
#8524 = DIRECTION('',(1.,0.,0.));
#8525 = PCURVE('',#4961,#8526);
#8526 = DEFINITIONAL_REPRESENTATION('',(#8527),#8531);
#8527 = LINE('',#8528,#8529);
#8528 = CARTESIAN_POINT('',(6.28318530718,1.5));
#8529 = VECTOR('',#8530,1.);
#8530 = DIRECTION('',(-1.,-0.));
#8531 = ( GEOMETRIC_REPRESENTATION_CONTEXT(2) 
PARAMETRIC_REPRESENTATION_CONTEXT() REPRESENTATION_CONTEXT('2D SPACE',''
  ) );
#8532 = PCURVE('',#8474,#8533);
#8533 = DEFINITIONAL_REPRESENTATION('',(#8534),#8538);
#8534 = LINE('',#8535,#8536);
#8535 = CARTESIAN_POINT('',(-0.,-6.28318530718));
#8536 = VECTOR('',#8537,1.);
#8537 = DIRECTION('',(-0.,1.));
#8538 = ( GEOMETRIC_REPRESENTATION_CONTEXT(2) 
PARAMETRIC_REPRESENTATION_CONTEXT() REPRESENTATION_CONTEXT('2D SPACE',''
  ) );
#8539 = ORIENTED_EDGE('',*,*,#8540,.T.);
#8540 = EDGE_CURVE('',#8437,#8541,#8543,.T.);
#8541 = VERTEX_POINT('',#8542);
#8542 = CARTESIAN_POINT('',(199.05,35.07,18.5));
#8543 = SURFACE_CURVE('',#8544,(#8548,#8555),.PCURVE_S1.);
#8544 = LINE('',#8545,#8546);
#8545 = CARTESIAN_POINT('',(199.05,35.07,-20.));
#8546 = VECTOR('',#8547,1.);
#8547 = DIRECTION('',(0.,1.110223024625E-16,1.));
#8548 = PCURVE('',#4961,#8549);
#8549 = DEFINITIONAL_REPRESENTATION('',(#8550),#8554);
#8550 = LINE('',#8551,#8552);
#8551 = CARTESIAN_POINT('',(1.570796326795,0.));
#8552 = VECTOR('',#8553,1.);
#8553 = DIRECTION('',(0.,1.));
#8554 = ( GEOMETRIC_REPRESENTATION_CONTEXT(2) 
PARAMETRIC_REPRESENTATION_CONTEXT() REPRESENTATION_CONTEXT('2D SPACE',''
  ) );
#8555 = PCURVE('',#7683,#8556);
#8556 = DEFINITIONAL_REPRESENTATION('',(#8557),#8561);
#8557 = LINE('',#8558,#8559);
#8558 = CARTESIAN_POINT('',(49.6,0.));
#8559 = VECTOR('',#8560,1.);
#8560 = DIRECTION('',(0.,1.));
#8561 = ( GEOMETRIC_REPRESENTATION_CONTEXT(2) 
PARAMETRIC_REPRESENTATION_CONTEXT() REPRESENTATION_CONTEXT('2D SPACE',''
  ) );
#8562 = ORIENTED_EDGE('',*,*,#8563,.T.);
#8563 = EDGE_CURVE('',#8541,#4946,#8564,.T.);
#8564 = SURFACE_CURVE('',#8565,(#8570,#8577),.PCURVE_S1.);
#8565 = CIRCLE('',#8566,1.5);
#8566 = AXIS2_PLACEMENT_3D('',#8567,#8568,#8569);
#8567 = CARTESIAN_POINT('',(199.05,33.57,18.5));
#8568 = DIRECTION('',(0.,-1.110223024625E-16,-1.));
#8569 = DIRECTION('',(1.,0.,0.));
#8570 = PCURVE('',#4961,#8571);
#8571 = DEFINITIONAL_REPRESENTATION('',(#8572),#8576);
#8572 = LINE('',#8573,#8574);
#8573 = CARTESIAN_POINT('',(6.28318530718,38.5));
#8574 = VECTOR('',#8575,1.);
#8575 = DIRECTION('',(-1.,-0.));
#8576 = ( GEOMETRIC_REPRESENTATION_CONTEXT(2) 
PARAMETRIC_REPRESENTATION_CONTEXT() REPRESENTATION_CONTEXT('2D SPACE',''
  ) );
#8577 = PCURVE('',#8578,#8583);
#8578 = SPHERICAL_SURFACE('',#8579,1.5);
#8579 = AXIS2_PLACEMENT_3D('',#8580,#8581,#8582);
#8580 = CARTESIAN_POINT('',(199.05,33.57,18.5));
#8581 = DIRECTION('',(0.,-1.,1.110223024625E-16));
#8582 = DIRECTION('',(1.,0.,0.));
#8583 = DEFINITIONAL_REPRESENTATION('',(#8584),#8588);
#8584 = LINE('',#8585,#8586);
#8585 = CARTESIAN_POINT('',(0.,-6.28318530718));
#8586 = VECTOR('',#8587,1.);
#8587 = DIRECTION('',(0.,1.));
#8588 = ( GEOMETRIC_REPRESENTATION_CONTEXT(2) 
PARAMETRIC_REPRESENTATION_CONTEXT() REPRESENTATION_CONTEXT('2D SPACE',''
  ) );
#8589 = ORIENTED_EDGE('',*,*,#4945,.F.);
#8590 = ADVANCED_FACE('',(#8591),#4989,.T.);
#8591 = FACE_BOUND('',#8592,.T.);
#8592 = EDGE_LOOP('',(#8593,#8594,#8618,#8641));
#8593 = ORIENTED_EDGE('',*,*,#4973,.F.);
#8594 = ORIENTED_EDGE('',*,*,#8595,.T.);
#8595 = EDGE_CURVE('',#4946,#8596,#8598,.T.);
#8596 = VERTEX_POINT('',#8597);
#8597 = CARTESIAN_POINT('',(199.05,33.57,20.));
#8598 = SURFACE_CURVE('',#8599,(#8604,#8611),.PCURVE_S1.);
#8599 = CIRCLE('',#8600,1.5);
#8600 = AXIS2_PLACEMENT_3D('',#8601,#8602,#8603);
#8601 = CARTESIAN_POINT('',(199.05,33.57,18.5));
#8602 = DIRECTION('',(0.,-1.,1.110223024625E-16));
#8603 = DIRECTION('',(1.,0.,0.));
#8604 = PCURVE('',#4989,#8605);
#8605 = DEFINITIONAL_REPRESENTATION('',(#8606),#8610);
#8606 = LINE('',#8607,#8608);
#8607 = CARTESIAN_POINT('',(0.,1.5));
#8608 = VECTOR('',#8609,1.);
#8609 = DIRECTION('',(1.,0.));
#8610 = ( GEOMETRIC_REPRESENTATION_CONTEXT(2) 
PARAMETRIC_REPRESENTATION_CONTEXT() REPRESENTATION_CONTEXT('2D SPACE',''
  ) );
#8611 = PCURVE('',#8578,#8612);
#8612 = DEFINITIONAL_REPRESENTATION('',(#8613),#8617);
#8613 = LINE('',#8614,#8615);
#8614 = CARTESIAN_POINT('',(0.,0.));
#8615 = VECTOR('',#8616,1.);
#8616 = DIRECTION('',(1.,0.));
#8617 = ( GEOMETRIC_REPRESENTATION_CONTEXT(2) 
PARAMETRIC_REPRESENTATION_CONTEXT() REPRESENTATION_CONTEXT('2D SPACE',''
  ) );
#8618 = ORIENTED_EDGE('',*,*,#8619,.T.);
#8619 = EDGE_CURVE('',#8596,#8620,#8622,.T.);
#8620 = VERTEX_POINT('',#8621);
#8621 = CARTESIAN_POINT('',(199.05,20.,20.));
#8622 = SURFACE_CURVE('',#8623,(#8627,#8634),.PCURVE_S1.);
#8623 = LINE('',#8624,#8625);
#8624 = CARTESIAN_POINT('',(199.05,35.07,20.));
#8625 = VECTOR('',#8626,1.);
#8626 = DIRECTION('',(0.,-1.,1.110223024625E-16));
#8627 = PCURVE('',#4989,#8628);
#8628 = DEFINITIONAL_REPRESENTATION('',(#8629),#8633);
#8629 = LINE('',#8630,#8631);
#8630 = CARTESIAN_POINT('',(1.570796326795,0.));
#8631 = VECTOR('',#8632,1.);
#8632 = DIRECTION('',(0.,1.));
#8633 = ( GEOMETRIC_REPRESENTATION_CONTEXT(2) 
PARAMETRIC_REPRESENTATION_CONTEXT() REPRESENTATION_CONTEXT('2D SPACE',''
  ) );
#8634 = PCURVE('',#7767,#8635);
#8635 = DEFINITIONAL_REPRESENTATION('',(#8636),#8640);
#8636 = LINE('',#8637,#8638);
#8637 = CARTESIAN_POINT('',(0.,49.6));
#8638 = VECTOR('',#8639,1.);
#8639 = DIRECTION('',(1.,0.));
#8640 = ( GEOMETRIC_REPRESENTATION_CONTEXT(2) 
PARAMETRIC_REPRESENTATION_CONTEXT() REPRESENTATION_CONTEXT('2D SPACE',''
  ) );
#8641 = ORIENTED_EDGE('',*,*,#8642,.F.);
#8642 = EDGE_CURVE('',#4974,#8620,#8643,.T.);
#8643 = SURFACE_CURVE('',#8644,(#8649,#8661),.PCURVE_S1.);
#8644 = ELLIPSE('',#8645,2.12132034356,1.5);
#8645 = AXIS2_PLACEMENT_3D('',#8646,#8647,#8648);
#8646 = CARTESIAN_POINT('',(199.05,18.5,18.5));
#8647 = DIRECTION('',(0.,-0.707106781187,0.707106781187));
#8648 = DIRECTION('',(0.,0.707106781187,0.707106781187));
#8649 = PCURVE('',#4989,#8650);
#8650 = DEFINITIONAL_REPRESENTATION('',(#8651),#8660);
#8651 = B_SPLINE_CURVE_WITH_KNOTS('',7,(#8652,#8653,#8654,#8655,#8656,
    #8657,#8658,#8659),.UNSPECIFIED.,.F.,.F.,(8,8),(4.712388980385,
    6.28318530718),.PIECEWISE_BEZIER_KNOTS.);
#8652 = CARTESIAN_POINT('',(0.,16.57));
#8653 = CARTESIAN_POINT('',(0.224399475256,16.233400787115));
#8654 = CARTESIAN_POINT('',(0.448798950513,15.896802941025));
#8655 = CARTESIAN_POINT('',(0.673198425769,15.58787976134));
#8656 = CARTESIAN_POINT('',(0.897597901026,15.334356243071));
#8657 = CARTESIAN_POINT('',(1.121997376282,15.158123008913));
#8658 = CARTESIAN_POINT('',(1.346396851538,15.07));
#8659 = CARTESIAN_POINT('',(1.570796326795,15.07));
#8660 = ( GEOMETRIC_REPRESENTATION_CONTEXT(2) 
PARAMETRIC_REPRESENTATION_CONTEXT() REPRESENTATION_CONTEXT('2D SPACE',''
  ) );
#8661 = PCURVE('',#5017,#8662);
#8662 = DEFINITIONAL_REPRESENTATION('',(#8663),#8672);
#8663 = B_SPLINE_CURVE_WITH_KNOTS('',7,(#8664,#8665,#8666,#8667,#8668,
    #8669,#8670,#8671),.UNSPECIFIED.,.F.,.F.,(8,8),(4.712388980385,
    6.28318530718),.PIECEWISE_BEZIER_KNOTS.);
#8664 = CARTESIAN_POINT('',(0.,8.57));
#8665 = CARTESIAN_POINT('',(0.224399475256,8.906599212885));
#8666 = CARTESIAN_POINT('',(0.448798950513,9.243197058976));
#8667 = CARTESIAN_POINT('',(0.673198425769,9.552120238667));
#8668 = CARTESIAN_POINT('',(0.897597901026,9.805643756934));
#8669 = CARTESIAN_POINT('',(1.121997376282,9.981876991086));
#8670 = CARTESIAN_POINT('',(1.346396851538,10.07));
#8671 = CARTESIAN_POINT('',(1.570796326795,10.07));
#8672 = ( GEOMETRIC_REPRESENTATION_CONTEXT(2) 
PARAMETRIC_REPRESENTATION_CONTEXT() REPRESENTATION_CONTEXT('2D SPACE',''
  ) );
#8673 = ADVANCED_FACE('',(#8674),#5017,.T.);
#8674 = FACE_BOUND('',#8675,.T.);
#8675 = EDGE_LOOP('',(#8676,#8677,#8678,#8701));
#8676 = ORIENTED_EDGE('',*,*,#5001,.F.);
#8677 = ORIENTED_EDGE('',*,*,#8642,.T.);
#8678 = ORIENTED_EDGE('',*,*,#8679,.T.);
#8679 = EDGE_CURVE('',#8620,#8680,#8682,.T.);
#8680 = VERTEX_POINT('',#8681);
#8681 = CARTESIAN_POINT('',(199.05,20.,28.57));
#8682 = SURFACE_CURVE('',#8683,(#8687,#8694),.PCURVE_S1.);
#8683 = LINE('',#8684,#8685);
#8684 = CARTESIAN_POINT('',(199.05,20.,9.93));
#8685 = VECTOR('',#8686,1.);
#8686 = DIRECTION('',(0.,0.,1.));
#8687 = PCURVE('',#5017,#8688);
#8688 = DEFINITIONAL_REPRESENTATION('',(#8689),#8693);
#8689 = LINE('',#8690,#8691);
#8690 = CARTESIAN_POINT('',(1.570796326795,0.));
#8691 = VECTOR('',#8692,1.);
#8692 = DIRECTION('',(0.,1.));
#8693 = ( GEOMETRIC_REPRESENTATION_CONTEXT(2) 
PARAMETRIC_REPRESENTATION_CONTEXT() REPRESENTATION_CONTEXT('2D SPACE',''
  ) );
#8694 = PCURVE('',#7832,#8695);
#8695 = DEFINITIONAL_REPRESENTATION('',(#8696),#8700);
#8696 = LINE('',#8697,#8698);
#8697 = CARTESIAN_POINT('',(0.,49.6));
#8698 = VECTOR('',#8699,1.);
#8699 = DIRECTION('',(1.,0.));
#8700 = ( GEOMETRIC_REPRESENTATION_CONTEXT(2) 
PARAMETRIC_REPRESENTATION_CONTEXT() REPRESENTATION_CONTEXT('2D SPACE',''
  ) );
#8701 = ORIENTED_EDGE('',*,*,#8702,.T.);
#8702 = EDGE_CURVE('',#8680,#5002,#8703,.T.);
#8703 = SURFACE_CURVE('',#8704,(#8709,#8716),.PCURVE_S1.);
#8704 = CIRCLE('',#8705,1.5);
#8705 = AXIS2_PLACEMENT_3D('',#8706,#8707,#8708);
#8706 = CARTESIAN_POINT('',(199.05,18.5,28.57));
#8707 = DIRECTION('',(0.,0.,-1.));
#8708 = DIRECTION('',(1.,0.,0.));
#8709 = PCURVE('',#5017,#8710);
#8710 = DEFINITIONAL_REPRESENTATION('',(#8711),#8715);
#8711 = LINE('',#8712,#8713);
#8712 = CARTESIAN_POINT('',(6.28318530718,18.64));
#8713 = VECTOR('',#8714,1.);
#8714 = DIRECTION('',(-1.,-0.));
#8715 = ( GEOMETRIC_REPRESENTATION_CONTEXT(2) 
PARAMETRIC_REPRESENTATION_CONTEXT() REPRESENTATION_CONTEXT('2D SPACE',''
  ) );
#8716 = PCURVE('',#8717,#8722);
#8717 = SPHERICAL_SURFACE('',#8718,1.5);
#8718 = AXIS2_PLACEMENT_3D('',#8719,#8720,#8721);
#8719 = CARTESIAN_POINT('',(199.05,18.5,28.57));
#8720 = DIRECTION('',(-0.,-1.,-0.));
#8721 = DIRECTION('',(1.,-0.,0.));
#8722 = DEFINITIONAL_REPRESENTATION('',(#8723),#8727);
#8723 = LINE('',#8724,#8725);
#8724 = CARTESIAN_POINT('',(0.,-6.28318530718));
#8725 = VECTOR('',#8726,1.);
#8726 = DIRECTION('',(0.,1.));
#8727 = ( GEOMETRIC_REPRESENTATION_CONTEXT(2) 
PARAMETRIC_REPRESENTATION_CONTEXT() REPRESENTATION_CONTEXT('2D SPACE',''
  ) );
#8728 = ADVANCED_FACE('',(#8729),#5045,.T.);
#8729 = FACE_BOUND('',#8730,.F.);
#8730 = EDGE_LOOP('',(#8731,#8760,#8783,#8805));
#8731 = ORIENTED_EDGE('',*,*,#8732,.F.);
#8732 = EDGE_CURVE('',#8733,#5030,#8735,.T.);
#8733 = VERTEX_POINT('',#8734);
#8734 = CARTESIAN_POINT('',(199.05,-18.5,30.07));
#8735 = SURFACE_CURVE('',#8736,(#8741,#8748),.PCURVE_S1.);
#8736 = CIRCLE('',#8737,1.5);
#8737 = AXIS2_PLACEMENT_3D('',#8738,#8739,#8740);
#8738 = CARTESIAN_POINT('',(199.05,-18.5,28.57));
#8739 = DIRECTION('',(-0.,1.,0.));
#8740 = DIRECTION('',(1.,0.,0.));
#8741 = PCURVE('',#5045,#8742);
#8742 = DEFINITIONAL_REPRESENTATION('',(#8743),#8747);
#8743 = LINE('',#8744,#8745);
#8744 = CARTESIAN_POINT('',(-6.28318530718,1.5));
#8745 = VECTOR('',#8746,1.);
#8746 = DIRECTION('',(1.,-0.));
#8747 = ( GEOMETRIC_REPRESENTATION_CONTEXT(2) 
PARAMETRIC_REPRESENTATION_CONTEXT() REPRESENTATION_CONTEXT('2D SPACE',''
  ) );
#8748 = PCURVE('',#8749,#8754);
#8749 = SPHERICAL_SURFACE('',#8750,1.5);
#8750 = AXIS2_PLACEMENT_3D('',#8751,#8752,#8753);
#8751 = CARTESIAN_POINT('',(199.05,-18.5,28.57));
#8752 = DIRECTION('',(-0.,-0.,-1.));
#8753 = DIRECTION('',(1.,0.,0.));
#8754 = DEFINITIONAL_REPRESENTATION('',(#8755),#8759);
#8755 = LINE('',#8756,#8757);
#8756 = CARTESIAN_POINT('',(0.,-6.28318530718));
#8757 = VECTOR('',#8758,1.);
#8758 = DIRECTION('',(0.,1.));
#8759 = ( GEOMETRIC_REPRESENTATION_CONTEXT(2) 
PARAMETRIC_REPRESENTATION_CONTEXT() REPRESENTATION_CONTEXT('2D SPACE',''
  ) );
#8760 = ORIENTED_EDGE('',*,*,#8761,.T.);
#8761 = EDGE_CURVE('',#8733,#8762,#8764,.T.);
#8762 = VERTEX_POINT('',#8763);
#8763 = CARTESIAN_POINT('',(199.05,18.5,30.07));
#8764 = SURFACE_CURVE('',#8765,(#8769,#8776),.PCURVE_S1.);
#8765 = LINE('',#8766,#8767);
#8766 = CARTESIAN_POINT('',(199.05,-20.,30.07));
#8767 = VECTOR('',#8768,1.);
#8768 = DIRECTION('',(0.,1.,0.));
#8769 = PCURVE('',#5045,#8770);
#8770 = DEFINITIONAL_REPRESENTATION('',(#8771),#8775);
#8771 = LINE('',#8772,#8773);
#8772 = CARTESIAN_POINT('',(-1.570796326795,0.));
#8773 = VECTOR('',#8774,1.);
#8774 = DIRECTION('',(-0.,1.));
#8775 = ( GEOMETRIC_REPRESENTATION_CONTEXT(2) 
PARAMETRIC_REPRESENTATION_CONTEXT() REPRESENTATION_CONTEXT('2D SPACE',''
  ) );
#8776 = PCURVE('',#7919,#8777);
#8777 = DEFINITIONAL_REPRESENTATION('',(#8778),#8782);
#8778 = LINE('',#8779,#8780);
#8779 = CARTESIAN_POINT('',(49.6,0.));
#8780 = VECTOR('',#8781,1.);
#8781 = DIRECTION('',(0.,1.));
#8782 = ( GEOMETRIC_REPRESENTATION_CONTEXT(2) 
PARAMETRIC_REPRESENTATION_CONTEXT() REPRESENTATION_CONTEXT('2D SPACE',''
  ) );
#8783 = ORIENTED_EDGE('',*,*,#8784,.F.);
#8784 = EDGE_CURVE('',#5002,#8762,#8785,.T.);
#8785 = SURFACE_CURVE('',#8786,(#8791,#8798),.PCURVE_S1.);
#8786 = CIRCLE('',#8787,1.5);
#8787 = AXIS2_PLACEMENT_3D('',#8788,#8789,#8790);
#8788 = CARTESIAN_POINT('',(199.05,18.5,28.57));
#8789 = DIRECTION('',(-0.,-1.,0.));
#8790 = DIRECTION('',(1.,-0.,0.));
#8791 = PCURVE('',#5045,#8792);
#8792 = DEFINITIONAL_REPRESENTATION('',(#8793),#8797);
#8793 = LINE('',#8794,#8795);
#8794 = CARTESIAN_POINT('',(-0.,38.5));
#8795 = VECTOR('',#8796,1.);
#8796 = DIRECTION('',(-1.,0.));
#8797 = ( GEOMETRIC_REPRESENTATION_CONTEXT(2) 
PARAMETRIC_REPRESENTATION_CONTEXT() REPRESENTATION_CONTEXT('2D SPACE',''
  ) );
#8798 = PCURVE('',#8717,#8799);
#8799 = DEFINITIONAL_REPRESENTATION('',(#8800),#8804);
#8800 = LINE('',#8801,#8802);
#8801 = CARTESIAN_POINT('',(0.,0.));
#8802 = VECTOR('',#8803,1.);
#8803 = DIRECTION('',(1.,0.));
#8804 = ( GEOMETRIC_REPRESENTATION_CONTEXT(2) 
PARAMETRIC_REPRESENTATION_CONTEXT() REPRESENTATION_CONTEXT('2D SPACE',''
  ) );
#8805 = ORIENTED_EDGE('',*,*,#5029,.F.);
#8806 = ADVANCED_FACE('',(#8807),#5073,.T.);
#8807 = FACE_BOUND('',#8808,.F.);
#8808 = EDGE_LOOP('',(#8809,#8810,#8834,#8857));
#8809 = ORIENTED_EDGE('',*,*,#5057,.F.);
#8810 = ORIENTED_EDGE('',*,*,#8811,.T.);
#8811 = EDGE_CURVE('',#5058,#8812,#8814,.T.);
#8812 = VERTEX_POINT('',#8813);
#8813 = CARTESIAN_POINT('',(199.05,-20.,11.43));
#8814 = SURFACE_CURVE('',#8815,(#8820,#8827),.PCURVE_S1.);
#8815 = CIRCLE('',#8816,1.5);
#8816 = AXIS2_PLACEMENT_3D('',#8817,#8818,#8819);
#8817 = CARTESIAN_POINT('',(199.05,-18.5,11.43));
#8818 = DIRECTION('',(0.,-0.,-1.));
#8819 = DIRECTION('',(1.,0.,-0.));
#8820 = PCURVE('',#5073,#8821);
#8821 = DEFINITIONAL_REPRESENTATION('',(#8822),#8826);
#8822 = LINE('',#8823,#8824);
#8823 = CARTESIAN_POINT('',(-0.,1.5));
#8824 = VECTOR('',#8825,1.);
#8825 = DIRECTION('',(-1.,0.));
#8826 = ( GEOMETRIC_REPRESENTATION_CONTEXT(2) 
PARAMETRIC_REPRESENTATION_CONTEXT() REPRESENTATION_CONTEXT('2D SPACE',''
  ) );
#8827 = PCURVE('',#5127,#8828);
#8828 = DEFINITIONAL_REPRESENTATION('',(#8829),#8833);
#8829 = LINE('',#8830,#8831);
#8830 = CARTESIAN_POINT('',(-0.,0.));
#8831 = VECTOR('',#8832,1.);
#8832 = DIRECTION('',(-1.,0.));
#8833 = ( GEOMETRIC_REPRESENTATION_CONTEXT(2) 
PARAMETRIC_REPRESENTATION_CONTEXT() REPRESENTATION_CONTEXT('2D SPACE',''
  ) );
#8834 = ORIENTED_EDGE('',*,*,#8835,.T.);
#8835 = EDGE_CURVE('',#8812,#8836,#8838,.T.);
#8836 = VERTEX_POINT('',#8837);
#8837 = CARTESIAN_POINT('',(199.05,-20.,28.57));
#8838 = SURFACE_CURVE('',#8839,(#8843,#8850),.PCURVE_S1.);
#8839 = LINE('',#8840,#8841);
#8840 = CARTESIAN_POINT('',(199.05,-20.,9.93));
#8841 = VECTOR('',#8842,1.);
#8842 = DIRECTION('',(0.,0.,1.));
#8843 = PCURVE('',#5073,#8844);
#8844 = DEFINITIONAL_REPRESENTATION('',(#8845),#8849);
#8845 = LINE('',#8846,#8847);
#8846 = CARTESIAN_POINT('',(-1.570796326795,0.));
#8847 = VECTOR('',#8848,1.);
#8848 = DIRECTION('',(-0.,1.));
#8849 = ( GEOMETRIC_REPRESENTATION_CONTEXT(2) 
PARAMETRIC_REPRESENTATION_CONTEXT() REPRESENTATION_CONTEXT('2D SPACE',''
  ) );
#8850 = PCURVE('',#7975,#8851);
#8851 = DEFINITIONAL_REPRESENTATION('',(#8852),#8856);
#8852 = LINE('',#8853,#8854);
#8853 = CARTESIAN_POINT('',(0.,49.6));
#8854 = VECTOR('',#8855,1.);
#8855 = DIRECTION('',(1.,0.));
#8856 = ( GEOMETRIC_REPRESENTATION_CONTEXT(2) 
PARAMETRIC_REPRESENTATION_CONTEXT() REPRESENTATION_CONTEXT('2D SPACE',''
  ) );
#8857 = ORIENTED_EDGE('',*,*,#8858,.F.);
#8858 = EDGE_CURVE('',#5030,#8836,#8859,.T.);
#8859 = SURFACE_CURVE('',#8860,(#8865,#8872),.PCURVE_S1.);
#8860 = CIRCLE('',#8861,1.5);
#8861 = AXIS2_PLACEMENT_3D('',#8862,#8863,#8864);
#8862 = CARTESIAN_POINT('',(199.05,-18.5,28.57));
#8863 = DIRECTION('',(0.,0.,-1.));
#8864 = DIRECTION('',(1.,0.,0.));
#8865 = PCURVE('',#5073,#8866);
#8866 = DEFINITIONAL_REPRESENTATION('',(#8867),#8871);
#8867 = LINE('',#8868,#8869);
#8868 = CARTESIAN_POINT('',(-0.,18.64));
#8869 = VECTOR('',#8870,1.);
#8870 = DIRECTION('',(-1.,0.));
#8871 = ( GEOMETRIC_REPRESENTATION_CONTEXT(2) 
PARAMETRIC_REPRESENTATION_CONTEXT() REPRESENTATION_CONTEXT('2D SPACE',''
  ) );
#8872 = PCURVE('',#8749,#8873);
#8873 = DEFINITIONAL_REPRESENTATION('',(#8874),#8878);
#8874 = LINE('',#8875,#8876);
#8875 = CARTESIAN_POINT('',(0.,0.));
#8876 = VECTOR('',#8877,1.);
#8877 = DIRECTION('',(1.,0.));
#8878 = ( GEOMETRIC_REPRESENTATION_CONTEXT(2) 
PARAMETRIC_REPRESENTATION_CONTEXT() REPRESENTATION_CONTEXT('2D SPACE',''
  ) );
#8879 = ADVANCED_FACE('',(#8880),#5127,.T.);
#8880 = FACE_BOUND('',#8881,.F.);
#8881 = EDGE_LOOP('',(#8882,#8883,#8957,#8984));
#8882 = ORIENTED_EDGE('',*,*,#5110,.F.);
#8883 = ORIENTED_EDGE('',*,*,#8884,.T.);
#8884 = EDGE_CURVE('',#5111,#8885,#8887,.T.);
#8885 = VERTEX_POINT('',#8886);
#8886 = CARTESIAN_POINT('',(199.05,-19.13277168078,10.07));
#8887 = SURFACE_CURVE('',#8888,(#8909,#8933),.PCURVE_S1.);
#8888 = B_SPLINE_CURVE_WITH_KNOTS('',7,(#8889,#8890,#8891,#8892,#8893,
    #8894,#8895,#8896,#8897,#8898,#8899,#8900,#8901,#8902,#8903,#8904,
    #8905,#8906,#8907,#8908),.UNSPECIFIED.,.F.,.F.,(8,6,6,8),(0.,
    0.5590659334,0.740425147442,1.),.UNSPECIFIED.);
#8889 = CARTESIAN_POINT('',(199.50287967496,-18.5,10.));
#8890 = CARTESIAN_POINT('',(199.50287967496,-18.55954815743,10.));
#8891 = CARTESIAN_POINT('',(199.49831370674,-18.61902427721,
    10.001445584417));
#8892 = CARTESIAN_POINT('',(199.48919370177,-18.67902322862,
    10.004335404862));
#8893 = CARTESIAN_POINT('',(199.47496761367,-18.73997609847,
    10.008737282808));
#8894 = CARTESIAN_POINT('',(199.45456225284,-18.80188080278,
    10.014798996843));
#8895 = CARTESIAN_POINT('',(199.42640625563,-18.86373029729,
    10.022519525793));
#8896 = CARTESIAN_POINT('',(199.37652698785,-18.9419487033,
    10.034082447241));
#8897 = CARTESIAN_POINT('',(199.36331782062,-18.9607998489,
    10.037018807304));
#8898 = CARTESIAN_POINT('',(199.34906200139,-18.97924854599,
    10.040037051051));
#8899 = CARTESIAN_POINT('',(199.33370757662,-18.99717141148,
    10.043105595368));
#8900 = CARTESIAN_POINT('',(199.31721270546,-19.01441825585,
    10.04618312011));
#8901 = CARTESIAN_POINT('',(199.29955284846,-19.03081382686,
    10.049218151656));
#8902 = CARTESIAN_POINT('',(199.25378436466,-19.0681235032,
    10.056342989475));
#8903 = CARTESIAN_POINT('',(199.22441414176,-19.08797039256,
    10.060329928309));
#8904 = CARTESIAN_POINT('',(199.19266378378,-19.10506149461,
    10.063918533334));
#8905 = CARTESIAN_POINT('',(199.15875013136,-19.11867089784,
    10.066879893344));
#8906 = CARTESIAN_POINT('',(199.12312805422,-19.12807281424,
    10.068960456616));
#8907 = CARTESIAN_POINT('',(199.0865609033,-19.13277168078,10.07));
#8908 = CARTESIAN_POINT('',(199.05,-19.13277168078,10.07));
#8909 = PCURVE('',#5127,#8910);
#8910 = DEFINITIONAL_REPRESENTATION('',(#8911),#8932);
#8911 = B_SPLINE_CURVE_WITH_KNOTS('',7,(#8912,#8913,#8914,#8915,#8916,
    #8917,#8918,#8919,#8920,#8921,#8922,#8923,#8924,#8925,#8926,#8927,
    #8928,#8929,#8930,#8931),.UNSPECIFIED.,.F.,.F.,(8,6,6,8),(0.,
    0.5590659334,0.740425147442,1.),.UNSPECIFIED.);
#8912 = CARTESIAN_POINT('',(0.,-1.264090554435));
#8913 = CARTESIAN_POINT('',(-0.13148781172,-1.264090554435));
#8914 = CARTESIAN_POINT('',(-0.262817027974,-1.26089683814));
#8915 = CARTESIAN_POINT('',(-0.393438697966,-1.254521400085));
#8916 = CARTESIAN_POINT('',(-0.522501245213,-1.244996706059));
#8917 = CARTESIAN_POINT('',(-0.649071510751,-1.232421998984));
#8918 = CARTESIAN_POINT('',(-0.772900107273,-1.217389227868));
#8919 = CARTESIAN_POINT('',(-0.935028371958,-1.196045798783));
#8920 = CARTESIAN_POINT('',(-0.974563121195,-1.190707935668));
#8921 = CARTESIAN_POINT('',(-1.013959973189,-1.185307528283));
#8922 = CARTESIAN_POINT('',(-1.053260159509,-1.179904155572));
#8923 = CARTESIAN_POINT('',(-1.092509856071,-1.174568905708));
#8924 = CARTESIAN_POINT('',(-1.131762832372,-1.169383780754));
#8925 = CARTESIAN_POINT('',(-1.227361205564,-1.157366769314));
#8926 = CARTESIAN_POINT('',(-1.283861094406,-1.150778048308));
#8927 = CARTESIAN_POINT('',(-1.340647741071,-1.144962058011));
#8928 = CARTESIAN_POINT('',(-1.397761109484,-1.140244501238));
#8929 = CARTESIAN_POINT('',(-1.455228522183,-1.136956888815));
#8930 = CARTESIAN_POINT('',(-1.513017345196,-1.13531397007));
#8931 = CARTESIAN_POINT('',(-1.570796326795,-1.13531397007));
#8932 = ( GEOMETRIC_REPRESENTATION_CONTEXT(2) 
PARAMETRIC_REPRESENTATION_CONTEXT() REPRESENTATION_CONTEXT('2D SPACE',''
  ) );
#8933 = PCURVE('',#5155,#8934);
#8934 = DEFINITIONAL_REPRESENTATION('',(#8935),#8956);
#8935 = B_SPLINE_CURVE_WITH_KNOTS('',7,(#8936,#8937,#8938,#8939,#8940,
    #8941,#8942,#8943,#8944,#8945,#8946,#8947,#8948,#8949,#8950,#8951,
    #8952,#8953,#8954,#8955),.UNSPECIFIED.,.F.,.F.,(8,6,6,8),(0.,
    0.5590659334,0.740425147442,1.),.UNSPECIFIED.);
#8936 = CARTESIAN_POINT('',(-1.264090554435,19.5));
#8937 = CARTESIAN_POINT('',(-1.264090554435,19.440451842566));
#8938 = CARTESIAN_POINT('',(-1.267283168871,19.380975722785));
#8939 = CARTESIAN_POINT('',(-1.273662116818,19.320976771375));
#8940 = CARTESIAN_POINT('',(-1.283587586562,19.260023901522));
#8941 = CARTESIAN_POINT('',(-1.297779883741,19.198119197211));
#8942 = CARTESIAN_POINT('',(-1.317228054166,19.136269702703));
#8943 = CARTESIAN_POINT('',(-1.351362705872,19.058051296696));
#8944 = CARTESIAN_POINT('',(-1.360383401992,19.039200151094));
#8945 = CARTESIAN_POINT('',(-1.37009713632,19.020751454007));
#8946 = CARTESIAN_POINT('',(-1.380534495514,19.002828588511));
#8947 = CARTESIAN_POINT('',(-1.391719130491,18.985581744141));
#8948 = CARTESIAN_POINT('',(-1.403663493647,18.969186173134));
#8949 = CARTESIAN_POINT('',(-1.434543313904,18.931876496798));
#8950 = CARTESIAN_POINT('',(-1.454299259214,18.912029607436));
#8951 = CARTESIAN_POINT('',(-1.475592195149,18.894938505381));
#8952 = CARTESIAN_POINT('',(-1.498272689688,18.881329102156));
#8953 = CARTESIAN_POINT('',(-1.522044270056,18.871927185754));
#8954 = CARTESIAN_POINT('',(-1.546422391262,18.867228319217));
#8955 = CARTESIAN_POINT('',(-1.570796326795,18.867228319217));
#8956 = ( GEOMETRIC_REPRESENTATION_CONTEXT(2) 
PARAMETRIC_REPRESENTATION_CONTEXT() REPRESENTATION_CONTEXT('2D SPACE',''
  ) );
#8957 = ORIENTED_EDGE('',*,*,#8958,.T.);
#8958 = EDGE_CURVE('',#8885,#8812,#8959,.T.);
#8959 = SURFACE_CURVE('',#8960,(#8965,#8972),.PCURVE_S1.);
#8960 = CIRCLE('',#8961,1.5);
#8961 = AXIS2_PLACEMENT_3D('',#8962,#8963,#8964);
#8962 = CARTESIAN_POINT('',(199.05,-18.5,11.43));
#8963 = DIRECTION('',(-1.,-6.123233995737E-17,0.));
#8964 = DIRECTION('',(6.123233995737E-17,-1.,-0.));
#8965 = PCURVE('',#5127,#8966);
#8966 = DEFINITIONAL_REPRESENTATION('',(#8967),#8971);
#8967 = LINE('',#8968,#8969);
#8968 = CARTESIAN_POINT('',(-1.570796326795,-6.28318530718));
#8969 = VECTOR('',#8970,1.);
#8970 = DIRECTION('',(-0.,1.));
#8971 = ( GEOMETRIC_REPRESENTATION_CONTEXT(2) 
PARAMETRIC_REPRESENTATION_CONTEXT() REPRESENTATION_CONTEXT('2D SPACE',''
  ) );
#8972 = PCURVE('',#8973,#8978);
#8973 = CYLINDRICAL_SURFACE('',#8974,1.5);
#8974 = AXIS2_PLACEMENT_3D('',#8975,#8976,#8977);
#8975 = CARTESIAN_POINT('',(149.45,-18.5,11.43));
#8976 = DIRECTION('',(1.,0.,0.));
#8977 = DIRECTION('',(0.,-1.,0.));
#8978 = DEFINITIONAL_REPRESENTATION('',(#8979),#8983);
#8979 = LINE('',#8980,#8981);
#8980 = CARTESIAN_POINT('',(6.28318530718,49.6));
#8981 = VECTOR('',#8982,1.);
#8982 = DIRECTION('',(-1.,-0.));
#8983 = ( GEOMETRIC_REPRESENTATION_CONTEXT(2) 
PARAMETRIC_REPRESENTATION_CONTEXT() REPRESENTATION_CONTEXT('2D SPACE',''
  ) );
#8984 = ORIENTED_EDGE('',*,*,#8811,.F.);
#8985 = ADVANCED_FACE('',(#8986),#5235,.T.);
#8986 = FACE_BOUND('',#8987,.T.);
#8987 = EDGE_LOOP('',(#8988,#8989,#8990,#8991));
#8988 = ORIENTED_EDGE('',*,*,#5450,.F.);
#8989 = ORIENTED_EDGE('',*,*,#5283,.T.);
#8990 = ORIENTED_EDGE('',*,*,#5167,.T.);
#8991 = ORIENTED_EDGE('',*,*,#8992,.F.);
#8992 = EDGE_CURVE('',#5421,#5140,#8993,.T.);
#8993 = SURFACE_CURVE('',#8994,(#8999,#9006),.PCURVE_S1.);
#8994 = CIRCLE('',#8995,1.5);
#8995 = AXIS2_PLACEMENT_3D('',#8996,#8997,#8998);
#8996 = CARTESIAN_POINT('',(199.05,0.5,8.57));
#8997 = DIRECTION('',(-0.,-1.,0.));
#8998 = DIRECTION('',(1.,-0.,0.));
#8999 = PCURVE('',#5235,#9000);
#9000 = DEFINITIONAL_REPRESENTATION('',(#9001),#9005);
#9001 = LINE('',#9002,#9003);
#9002 = CARTESIAN_POINT('',(0.,0.));
#9003 = VECTOR('',#9004,1.);
#9004 = DIRECTION('',(1.,0.));
#9005 = ( GEOMETRIC_REPRESENTATION_CONTEXT(2) 
PARAMETRIC_REPRESENTATION_CONTEXT() REPRESENTATION_CONTEXT('2D SPACE',''
  ) );
#9006 = PCURVE('',#5155,#9007);
#9007 = DEFINITIONAL_REPRESENTATION('',(#9008),#9012);
#9008 = LINE('',#9009,#9010);
#9009 = CARTESIAN_POINT('',(-0.,38.5));
#9010 = VECTOR('',#9011,1.);
#9011 = DIRECTION('',(-1.,0.));
#9012 = ( GEOMETRIC_REPRESENTATION_CONTEXT(2) 
PARAMETRIC_REPRESENTATION_CONTEXT() REPRESENTATION_CONTEXT('2D SPACE',''
  ) );
#9013 = ADVANCED_FACE('',(#9014),#5155,.T.);
#9014 = FACE_BOUND('',#9015,.F.);
#9015 = EDGE_LOOP('',(#9016,#9047,#9068,#9069,#9070,#9071));
#9016 = ORIENTED_EDGE('',*,*,#9017,.F.);
#9017 = EDGE_CURVE('',#9018,#9020,#9022,.T.);
#9018 = VERTEX_POINT('',#9019);
#9019 = CARTESIAN_POINT('',(199.05,-36.5,10.07));
#9020 = VERTEX_POINT('',#9021);
#9021 = CARTESIAN_POINT('',(200.55,-36.5,8.57));
#9022 = SURFACE_CURVE('',#9023,(#9028,#9035),.PCURVE_S1.);
#9023 = CIRCLE('',#9024,1.5);
#9024 = AXIS2_PLACEMENT_3D('',#9025,#9026,#9027);
#9025 = CARTESIAN_POINT('',(199.05,-36.5,8.57));
#9026 = DIRECTION('',(-0.,1.,0.));
#9027 = DIRECTION('',(1.,0.,0.));
#9028 = PCURVE('',#5155,#9029);
#9029 = DEFINITIONAL_REPRESENTATION('',(#9030),#9034);
#9030 = LINE('',#9031,#9032);
#9031 = CARTESIAN_POINT('',(-6.28318530718,1.5));
#9032 = VECTOR('',#9033,1.);
#9033 = DIRECTION('',(1.,-0.));
#9034 = ( GEOMETRIC_REPRESENTATION_CONTEXT(2) 
PARAMETRIC_REPRESENTATION_CONTEXT() REPRESENTATION_CONTEXT('2D SPACE',''
  ) );
#9035 = PCURVE('',#9036,#9041);
#9036 = SPHERICAL_SURFACE('',#9037,1.5);
#9037 = AXIS2_PLACEMENT_3D('',#9038,#9039,#9040);
#9038 = CARTESIAN_POINT('',(199.05,-36.5,8.57));
#9039 = DIRECTION('',(-0.,-0.,-1.));
#9040 = DIRECTION('',(1.,0.,0.));
#9041 = DEFINITIONAL_REPRESENTATION('',(#9042),#9046);
#9042 = LINE('',#9043,#9044);
#9043 = CARTESIAN_POINT('',(0.,-6.28318530718));
#9044 = VECTOR('',#9045,1.);
#9045 = DIRECTION('',(0.,1.));
#9046 = ( GEOMETRIC_REPRESENTATION_CONTEXT(2) 
PARAMETRIC_REPRESENTATION_CONTEXT() REPRESENTATION_CONTEXT('2D SPACE',''
  ) );
#9047 = ORIENTED_EDGE('',*,*,#9048,.T.);
#9048 = EDGE_CURVE('',#9018,#8885,#9049,.T.);
#9049 = SURFACE_CURVE('',#9050,(#9054,#9061),.PCURVE_S1.);
#9050 = LINE('',#9051,#9052);
#9051 = CARTESIAN_POINT('',(199.05,-38.,10.07));
#9052 = VECTOR('',#9053,1.);
#9053 = DIRECTION('',(0.,1.,0.));
#9054 = PCURVE('',#5155,#9055);
#9055 = DEFINITIONAL_REPRESENTATION('',(#9056),#9060);
#9056 = LINE('',#9057,#9058);
#9057 = CARTESIAN_POINT('',(-1.570796326795,0.));
#9058 = VECTOR('',#9059,1.);
#9059 = DIRECTION('',(-0.,1.));
#9060 = ( GEOMETRIC_REPRESENTATION_CONTEXT(2) 
PARAMETRIC_REPRESENTATION_CONTEXT() REPRESENTATION_CONTEXT('2D SPACE',''
  ) );
#9061 = PCURVE('',#6210,#9062);
#9062 = DEFINITIONAL_REPRESENTATION('',(#9063),#9067);
#9063 = LINE('',#9064,#9065);
#9064 = CARTESIAN_POINT('',(49.6,0.));
#9065 = VECTOR('',#9066,1.);
#9066 = DIRECTION('',(0.,1.));
#9067 = ( GEOMETRIC_REPRESENTATION_CONTEXT(2) 
PARAMETRIC_REPRESENTATION_CONTEXT() REPRESENTATION_CONTEXT('2D SPACE',''
  ) );
#9068 = ORIENTED_EDGE('',*,*,#8884,.F.);
#9069 = ORIENTED_EDGE('',*,*,#5139,.T.);
#9070 = ORIENTED_EDGE('',*,*,#8992,.F.);
#9071 = ORIENTED_EDGE('',*,*,#9072,.F.);
#9072 = EDGE_CURVE('',#9020,#5421,#9073,.T.);
#9073 = SURFACE_CURVE('',#9074,(#9078,#9085),.PCURVE_S1.);
#9074 = LINE('',#9075,#9076);
#9075 = CARTESIAN_POINT('',(200.55,-38.,8.57));
#9076 = VECTOR('',#9077,1.);
#9077 = DIRECTION('',(0.,1.,0.));
#9078 = PCURVE('',#5155,#9079);
#9079 = DEFINITIONAL_REPRESENTATION('',(#9080),#9084);
#9080 = LINE('',#9081,#9082);
#9081 = CARTESIAN_POINT('',(-0.,0.));
#9082 = VECTOR('',#9083,1.);
#9083 = DIRECTION('',(-0.,1.));
#9084 = ( GEOMETRIC_REPRESENTATION_CONTEXT(2) 
PARAMETRIC_REPRESENTATION_CONTEXT() REPRESENTATION_CONTEXT('2D SPACE',''
  ) );
#9085 = PCURVE('',#5436,#9086);
#9086 = DEFINITIONAL_REPRESENTATION('',(#9087),#9091);
#9087 = LINE('',#9088,#9089);
#9088 = CARTESIAN_POINT('',(18.64,0.));
#9089 = VECTOR('',#9090,1.);
#9090 = DIRECTION('',(0.,-1.));
#9091 = ( GEOMETRIC_REPRESENTATION_CONTEXT(2) 
PARAMETRIC_REPRESENTATION_CONTEXT() REPRESENTATION_CONTEXT('2D SPACE',''
  ) );
#9092 = ADVANCED_FACE('',(#9093),#5402,.T.);
#9093 = FACE_BOUND('',#9094,.T.);
#9094 = EDGE_LOOP('',(#9095,#9096,#9097));
#9095 = ORIENTED_EDGE('',*,*,#5387,.F.);
#9096 = ORIENTED_EDGE('',*,*,#5530,.T.);
#9097 = ORIENTED_EDGE('',*,*,#6301,.F.);
#9098 = ADVANCED_FACE('',(#9099),#5436,.T.);
#9099 = FACE_BOUND('',#9100,.T.);
#9100 = EDGE_LOOP('',(#9101,#9127,#9128,#9129));
#9101 = ORIENTED_EDGE('',*,*,#9102,.F.);
#9102 = EDGE_CURVE('',#5476,#9020,#9103,.T.);
#9103 = SURFACE_CURVE('',#9104,(#9108,#9115),.PCURVE_S1.);
#9104 = LINE('',#9105,#9106);
#9105 = CARTESIAN_POINT('',(200.55,-36.5,-10.07));
#9106 = VECTOR('',#9107,1.);
#9107 = DIRECTION('',(0.,0.,1.));
#9108 = PCURVE('',#5436,#9109);
#9109 = DEFINITIONAL_REPRESENTATION('',(#9110),#9114);
#9110 = LINE('',#9111,#9112);
#9111 = CARTESIAN_POINT('',(0.,-1.5));
#9112 = VECTOR('',#9113,1.);
#9113 = DIRECTION('',(1.,0.));
#9114 = ( GEOMETRIC_REPRESENTATION_CONTEXT(2) 
PARAMETRIC_REPRESENTATION_CONTEXT() REPRESENTATION_CONTEXT('2D SPACE',''
  ) );
#9115 = PCURVE('',#9116,#9121);
#9116 = CYLINDRICAL_SURFACE('',#9117,1.5);
#9117 = AXIS2_PLACEMENT_3D('',#9118,#9119,#9120);
#9118 = CARTESIAN_POINT('',(199.05,-36.5,-10.07));
#9119 = DIRECTION('',(0.,0.,1.));
#9120 = DIRECTION('',(1.,0.,-0.));
#9121 = DEFINITIONAL_REPRESENTATION('',(#9122),#9126);
#9122 = LINE('',#9123,#9124);
#9123 = CARTESIAN_POINT('',(-0.,0.));
#9124 = VECTOR('',#9125,1.);
#9125 = DIRECTION('',(-0.,1.));
#9126 = ( GEOMETRIC_REPRESENTATION_CONTEXT(2) 
PARAMETRIC_REPRESENTATION_CONTEXT() REPRESENTATION_CONTEXT('2D SPACE',''
  ) );
#9127 = ORIENTED_EDGE('',*,*,#5506,.T.);
#9128 = ORIENTED_EDGE('',*,*,#5420,.T.);
#9129 = ORIENTED_EDGE('',*,*,#9072,.F.);
#9130 = ADVANCED_FACE('',(#9131),#5492,.T.);
#9131 = FACE_BOUND('',#9132,.F.);
#9132 = EDGE_LOOP('',(#9133,#9134,#9135));
#9133 = ORIENTED_EDGE('',*,*,#5475,.F.);
#9134 = ORIENTED_EDGE('',*,*,#5555,.T.);
#9135 = ORIENTED_EDGE('',*,*,#9136,.F.);
#9136 = EDGE_CURVE('',#5476,#5556,#9137,.T.);
#9137 = SURFACE_CURVE('',#9138,(#9143,#9150),.PCURVE_S1.);
#9138 = CIRCLE('',#9139,1.5);
#9139 = AXIS2_PLACEMENT_3D('',#9140,#9141,#9142);
#9140 = CARTESIAN_POINT('',(199.05,-36.5,-8.57));
#9141 = DIRECTION('',(0.,-0.,-1.));
#9142 = DIRECTION('',(1.,0.,-0.));
#9143 = PCURVE('',#5492,#9144);
#9144 = DEFINITIONAL_REPRESENTATION('',(#9145),#9149);
#9145 = LINE('',#9146,#9147);
#9146 = CARTESIAN_POINT('',(-0.,0.));
#9147 = VECTOR('',#9148,1.);
#9148 = DIRECTION('',(-1.,0.));
#9149 = ( GEOMETRIC_REPRESENTATION_CONTEXT(2) 
PARAMETRIC_REPRESENTATION_CONTEXT() REPRESENTATION_CONTEXT('2D SPACE',''
  ) );
#9150 = PCURVE('',#9116,#9151);
#9151 = DEFINITIONAL_REPRESENTATION('',(#9152),#9156);
#9152 = LINE('',#9153,#9154);
#9153 = CARTESIAN_POINT('',(-0.,1.5));
#9154 = VECTOR('',#9155,1.);
#9155 = DIRECTION('',(-1.,0.));
#9156 = ( GEOMETRIC_REPRESENTATION_CONTEXT(2) 
PARAMETRIC_REPRESENTATION_CONTEXT() REPRESENTATION_CONTEXT('2D SPACE',''
  ) );
#9157 = ADVANCED_FACE('',(#9158),#5593,.F.);
#9158 = FACE_BOUND('',#9159,.F.);
#9159 = EDGE_LOOP('',(#9160,#9161,#9189,#9210));
#9160 = ORIENTED_EDGE('',*,*,#6323,.T.);
#9161 = ORIENTED_EDGE('',*,*,#9162,.T.);
#9162 = EDGE_CURVE('',#6324,#9163,#9165,.T.);
#9163 = VERTEX_POINT('',#9164);
#9164 = CARTESIAN_POINT('',(199.05,-38.,8.57));
#9165 = SURFACE_CURVE('',#9166,(#9170,#9177),.PCURVE_S1.);
#9166 = LINE('',#9167,#9168);
#9167 = CARTESIAN_POINT('',(149.45,-38.,8.57));
#9168 = VECTOR('',#9169,1.);
#9169 = DIRECTION('',(1.,0.,0.));
#9170 = PCURVE('',#5593,#9171);
#9171 = DEFINITIONAL_REPRESENTATION('',(#9172),#9176);
#9172 = LINE('',#9173,#9174);
#9173 = CARTESIAN_POINT('',(18.64,0.));
#9174 = VECTOR('',#9175,1.);
#9175 = DIRECTION('',(0.,1.));
#9176 = ( GEOMETRIC_REPRESENTATION_CONTEXT(2) 
PARAMETRIC_REPRESENTATION_CONTEXT() REPRESENTATION_CONTEXT('2D SPACE',''
  ) );
#9177 = PCURVE('',#9178,#9183);
#9178 = CYLINDRICAL_SURFACE('',#9179,1.5);
#9179 = AXIS2_PLACEMENT_3D('',#9180,#9181,#9182);
#9180 = CARTESIAN_POINT('',(149.45,-36.5,8.57));
#9181 = DIRECTION('',(1.,0.,0.));
#9182 = DIRECTION('',(0.,-1.,0.));
#9183 = DEFINITIONAL_REPRESENTATION('',(#9184),#9188);
#9184 = LINE('',#9185,#9186);
#9185 = CARTESIAN_POINT('',(-0.,0.));
#9186 = VECTOR('',#9187,1.);
#9187 = DIRECTION('',(-0.,1.));
#9188 = ( GEOMETRIC_REPRESENTATION_CONTEXT(2) 
PARAMETRIC_REPRESENTATION_CONTEXT() REPRESENTATION_CONTEXT('2D SPACE',''
  ) );
#9189 = ORIENTED_EDGE('',*,*,#9190,.F.);
#9190 = EDGE_CURVE('',#5556,#9163,#9191,.T.);
#9191 = SURFACE_CURVE('',#9192,(#9196,#9203),.PCURVE_S1.);
#9192 = LINE('',#9193,#9194);
#9193 = CARTESIAN_POINT('',(199.05,-38.,-10.07));
#9194 = VECTOR('',#9195,1.);
#9195 = DIRECTION('',(0.,0.,1.));
#9196 = PCURVE('',#5593,#9197);
#9197 = DEFINITIONAL_REPRESENTATION('',(#9198),#9202);
#9198 = LINE('',#9199,#9200);
#9199 = CARTESIAN_POINT('',(0.,49.6));
#9200 = VECTOR('',#9201,1.);
#9201 = DIRECTION('',(1.,0.));
#9202 = ( GEOMETRIC_REPRESENTATION_CONTEXT(2) 
PARAMETRIC_REPRESENTATION_CONTEXT() REPRESENTATION_CONTEXT('2D SPACE',''
  ) );
#9203 = PCURVE('',#9116,#9204);
#9204 = DEFINITIONAL_REPRESENTATION('',(#9205),#9209);
#9205 = LINE('',#9206,#9207);
#9206 = CARTESIAN_POINT('',(-1.570796326795,0.));
#9207 = VECTOR('',#9208,1.);
#9208 = DIRECTION('',(-0.,1.));
#9209 = ( GEOMETRIC_REPRESENTATION_CONTEXT(2) 
PARAMETRIC_REPRESENTATION_CONTEXT() REPRESENTATION_CONTEXT('2D SPACE',''
  ) );
#9210 = ORIENTED_EDGE('',*,*,#5579,.F.);
#9211 = ADVANCED_FACE('',(#9212),#5626,.F.);
#9212 = FACE_BOUND('',#9213,.F.);
#9213 = EDGE_LOOP('',(#9214,#9215,#9216,#9217,#9218));
#9214 = ORIENTED_EDGE('',*,*,#5707,.F.);
#9215 = ORIENTED_EDGE('',*,*,#5756,.T.);
#9216 = ORIENTED_EDGE('',*,*,#5783,.T.);
#9217 = ORIENTED_EDGE('',*,*,#5831,.F.);
#9218 = ORIENTED_EDGE('',*,*,#5608,.F.);
#9219 = ADVANCED_FACE('',(#9220),#5896,.F.);
#9220 = FACE_BOUND('',#9221,.F.);
#9221 = EDGE_LOOP('',(#9222));
#9222 = ORIENTED_EDGE('',*,*,#5881,.T.);
#9223 = ADVANCED_FACE('',(#9224),#5954,.F.);
#9224 = FACE_BOUND('',#9225,.F.);
#9225 = EDGE_LOOP('',(#9226,#9227,#9228,#9229,#9230));
#9226 = ORIENTED_EDGE('',*,*,#6112,.F.);
#9227 = ORIENTED_EDGE('',*,*,#6139,.T.);
#9228 = ORIENTED_EDGE('',*,*,#5938,.T.);
#9229 = ORIENTED_EDGE('',*,*,#5992,.T.);
#9230 = ORIENTED_EDGE('',*,*,#6041,.F.);
#9231 = ADVANCED_FACE('',(#9232),#6182,.T.);
#9232 = FACE_BOUND('',#9233,.F.);
#9233 = EDGE_LOOP('',(#9234,#9235,#9257));
#9234 = ORIENTED_EDGE('',*,*,#6165,.F.);
#9235 = ORIENTED_EDGE('',*,*,#9236,.T.);
#9236 = EDGE_CURVE('',#6166,#6324,#9237,.T.);
#9237 = SURFACE_CURVE('',#9238,(#9243,#9250),.PCURVE_S1.);
#9238 = CIRCLE('',#9239,1.5);
#9239 = AXIS2_PLACEMENT_3D('',#9240,#9241,#9242);
#9240 = CARTESIAN_POINT('',(150.95,-36.5,8.57));
#9241 = DIRECTION('',(1.,-6.123233995737E-17,0.));
#9242 = DIRECTION('',(-6.123233995737E-17,-1.,0.));
#9243 = PCURVE('',#6182,#9244);
#9244 = DEFINITIONAL_REPRESENTATION('',(#9245),#9249);
#9245 = LINE('',#9246,#9247);
#9246 = CARTESIAN_POINT('',(-1.570796326795,-6.28318530718));
#9247 = VECTOR('',#9248,1.);
#9248 = DIRECTION('',(-0.,1.));
#9249 = ( GEOMETRIC_REPRESENTATION_CONTEXT(2) 
PARAMETRIC_REPRESENTATION_CONTEXT() REPRESENTATION_CONTEXT('2D SPACE',''
  ) );
#9250 = PCURVE('',#9178,#9251);
#9251 = DEFINITIONAL_REPRESENTATION('',(#9252),#9256);
#9252 = LINE('',#9253,#9254);
#9253 = CARTESIAN_POINT('',(-6.28318530718,1.5));
#9254 = VECTOR('',#9255,1.);
#9255 = DIRECTION('',(1.,-0.));
#9256 = ( GEOMETRIC_REPRESENTATION_CONTEXT(2) 
PARAMETRIC_REPRESENTATION_CONTEXT() REPRESENTATION_CONTEXT('2D SPACE',''
  ) );
#9257 = ORIENTED_EDGE('',*,*,#6346,.F.);
#9258 = ADVANCED_FACE('',(#9259),#6210,.T.);
#9259 = FACE_BOUND('',#9260,.T.);
#9260 = EDGE_LOOP('',(#9261,#9262,#9283,#9284,#9307,#9336));
#9261 = ORIENTED_EDGE('',*,*,#6194,.F.);
#9262 = ORIENTED_EDGE('',*,*,#9263,.T.);
#9263 = EDGE_CURVE('',#6166,#9018,#9264,.T.);
#9264 = SURFACE_CURVE('',#9265,(#9269,#9276),.PCURVE_S1.);
#9265 = LINE('',#9266,#9267);
#9266 = CARTESIAN_POINT('',(149.45,-36.5,10.07));
#9267 = VECTOR('',#9268,1.);
#9268 = DIRECTION('',(1.,0.,0.));
#9269 = PCURVE('',#6210,#9270);
#9270 = DEFINITIONAL_REPRESENTATION('',(#9271),#9275);
#9271 = LINE('',#9272,#9273);
#9272 = CARTESIAN_POINT('',(0.,1.5));
#9273 = VECTOR('',#9274,1.);
#9274 = DIRECTION('',(1.,0.));
#9275 = ( GEOMETRIC_REPRESENTATION_CONTEXT(2) 
PARAMETRIC_REPRESENTATION_CONTEXT() REPRESENTATION_CONTEXT('2D SPACE',''
  ) );
#9276 = PCURVE('',#9178,#9277);
#9277 = DEFINITIONAL_REPRESENTATION('',(#9278),#9282);
#9278 = LINE('',#9279,#9280);
#9279 = CARTESIAN_POINT('',(-1.570796326795,0.));
#9280 = VECTOR('',#9281,1.);
#9281 = DIRECTION('',(-0.,1.));
#9282 = ( GEOMETRIC_REPRESENTATION_CONTEXT(2) 
PARAMETRIC_REPRESENTATION_CONTEXT() REPRESENTATION_CONTEXT('2D SPACE',''
  ) );
#9283 = ORIENTED_EDGE('',*,*,#9048,.T.);
#9284 = ORIENTED_EDGE('',*,*,#9285,.F.);
#9285 = EDGE_CURVE('',#9286,#8885,#9288,.T.);
#9286 = VERTEX_POINT('',#9287);
#9287 = CARTESIAN_POINT('',(191.46107008426,-19.13277168078,10.07));
#9288 = SURFACE_CURVE('',#9289,(#9293,#9300),.PCURVE_S1.);
#9289 = LINE('',#9290,#9291);
#9290 = CARTESIAN_POINT('',(149.45,-19.13277168078,10.07));
#9291 = VECTOR('',#9292,1.);
#9292 = DIRECTION('',(1.,0.,0.));
#9293 = PCURVE('',#6210,#9294);
#9294 = DEFINITIONAL_REPRESENTATION('',(#9295),#9299);
#9295 = LINE('',#9296,#9297);
#9296 = CARTESIAN_POINT('',(0.,18.867228319218));
#9297 = VECTOR('',#9298,1.);
#9298 = DIRECTION('',(1.,0.));
#9299 = ( GEOMETRIC_REPRESENTATION_CONTEXT(2) 
PARAMETRIC_REPRESENTATION_CONTEXT() REPRESENTATION_CONTEXT('2D SPACE',''
  ) );
#9300 = PCURVE('',#8973,#9301);
#9301 = DEFINITIONAL_REPRESENTATION('',(#9302),#9306);
#9302 = LINE('',#9303,#9304);
#9303 = CARTESIAN_POINT('',(1.135313970071,0.));
#9304 = VECTOR('',#9305,1.);
#9305 = DIRECTION('',(0.,1.));
#9306 = ( GEOMETRIC_REPRESENTATION_CONTEXT(2) 
PARAMETRIC_REPRESENTATION_CONTEXT() REPRESENTATION_CONTEXT('2D SPACE',''
  ) );
#9307 = ORIENTED_EDGE('',*,*,#9308,.F.);
#9308 = EDGE_CURVE('',#9309,#9286,#9311,.T.);
#9309 = VERTEX_POINT('',#9310);
#9310 = CARTESIAN_POINT('',(158.53892991573,-19.13277168078,10.07));
#9311 = SURFACE_CURVE('',#9312,(#9317,#9324),.PCURVE_S1.);
#9312 = CIRCLE('',#9313,16.5);
#9313 = AXIS2_PLACEMENT_3D('',#9314,#9315,#9316);
#9314 = CARTESIAN_POINT('',(175.,-18.,10.07));
#9315 = DIRECTION('',(0.,0.,1.));
#9316 = DIRECTION('',(1.,0.,0.));
#9317 = PCURVE('',#6210,#9318);
#9318 = DEFINITIONAL_REPRESENTATION('',(#9319),#9323);
#9319 = CIRCLE('',#9320,16.5);
#9320 = AXIS2_PLACEMENT_2D('',#9321,#9322);
#9321 = CARTESIAN_POINT('',(25.55,20.));
#9322 = DIRECTION('',(1.,0.));
#9323 = ( GEOMETRIC_REPRESENTATION_CONTEXT(2) 
PARAMETRIC_REPRESENTATION_CONTEXT() REPRESENTATION_CONTEXT('2D SPACE',''
  ) );
#9324 = PCURVE('',#9325,#9330);
#9325 = CYLINDRICAL_SURFACE('',#9326,16.5);
#9326 = AXIS2_PLACEMENT_3D('',#9327,#9328,#9329);
#9327 = CARTESIAN_POINT('',(175.,-18.,10.07));
#9328 = DIRECTION('',(-0.,-0.,-1.));
#9329 = DIRECTION('',(1.,0.,0.));
#9330 = DEFINITIONAL_REPRESENTATION('',(#9331),#9335);
#9331 = LINE('',#9332,#9333);
#9332 = CARTESIAN_POINT('',(-0.,0.));
#9333 = VECTOR('',#9334,1.);
#9334 = DIRECTION('',(-1.,0.));
#9335 = ( GEOMETRIC_REPRESENTATION_CONTEXT(2) 
PARAMETRIC_REPRESENTATION_CONTEXT() REPRESENTATION_CONTEXT('2D SPACE',''
  ) );
#9336 = ORIENTED_EDGE('',*,*,#9337,.F.);
#9337 = EDGE_CURVE('',#6195,#9309,#9338,.T.);
#9338 = SURFACE_CURVE('',#9339,(#9343,#9350),.PCURVE_S1.);
#9339 = LINE('',#9340,#9341);
#9340 = CARTESIAN_POINT('',(149.45,-19.13277168078,10.07));
#9341 = VECTOR('',#9342,1.);
#9342 = DIRECTION('',(1.,0.,0.));
#9343 = PCURVE('',#6210,#9344);
#9344 = DEFINITIONAL_REPRESENTATION('',(#9345),#9349);
#9345 = LINE('',#9346,#9347);
#9346 = CARTESIAN_POINT('',(0.,18.867228319218));
#9347 = VECTOR('',#9348,1.);
#9348 = DIRECTION('',(1.,0.));
#9349 = ( GEOMETRIC_REPRESENTATION_CONTEXT(2) 
PARAMETRIC_REPRESENTATION_CONTEXT() REPRESENTATION_CONTEXT('2D SPACE',''
  ) );
#9350 = PCURVE('',#7573,#9351);
#9351 = DEFINITIONAL_REPRESENTATION('',(#9352),#9356);
#9352 = LINE('',#9353,#9354);
#9353 = CARTESIAN_POINT('',(1.135313970071,0.));
#9354 = VECTOR('',#9355,1.);
#9355 = DIRECTION('',(0.,1.));
#9356 = ( GEOMETRIC_REPRESENTATION_CONTEXT(2) 
PARAMETRIC_REPRESENTATION_CONTEXT() REPRESENTATION_CONTEXT('2D SPACE',''
  ) );
#9357 = ADVANCED_FACE('',(#9358),#6410,.F.);
#9358 = FACE_BOUND('',#9359,.F.);
#9359 = EDGE_LOOP('',(#9360,#9361,#9362,#9363));
#9360 = ORIENTED_EDGE('',*,*,#6394,.T.);
#9361 = ORIENTED_EDGE('',*,*,#6497,.T.);
#9362 = ORIENTED_EDGE('',*,*,#6546,.T.);
#9363 = ORIENTED_EDGE('',*,*,#6470,.T.);
#9364 = ADVANCED_FACE('',(#9365),#6590,.F.);
#9365 = FACE_BOUND('',#9366,.F.);
#9366 = EDGE_LOOP('',(#9367,#9368,#9396,#9417));
#9367 = ORIENTED_EDGE('',*,*,#6774,.T.);
#9368 = ORIENTED_EDGE('',*,*,#9369,.T.);
#9369 = EDGE_CURVE('',#6775,#9370,#9372,.T.);
#9370 = VERTEX_POINT('',#9371);
#9371 = CARTESIAN_POINT('',(130.,-6.422616289333,-11.));
#9372 = SURFACE_CURVE('',#9373,(#9378,#9389),.PCURVE_S1.);
#9373 = CIRCLE('',#9374,9.5);
#9374 = AXIS2_PLACEMENT_3D('',#9375,#9376,#9377);
#9375 = CARTESIAN_POINT('',(137.,0.,-11.));
#9376 = DIRECTION('',(0.,0.,-1.));
#9377 = DIRECTION('',(1.,0.,0.));
#9378 = PCURVE('',#6590,#9379);
#9379 = DEFINITIONAL_REPRESENTATION('',(#9380),#9388);
#9380 = ( BOUNDED_CURVE() B_SPLINE_CURVE(2,(#9381,#9382,#9383,#9384,
#9385,#9386,#9387),.UNSPECIFIED.,.T.,.F.) B_SPLINE_CURVE_WITH_KNOTS((1,2
    ,2,2,2,1),(-2.094395102393,0.,2.094395102393,4.188790204786,
6.28318530718,8.377580409573),.UNSPECIFIED.) CURVE() 
GEOMETRIC_REPRESENTATION_ITEM() RATIONAL_B_SPLINE_CURVE((1.,0.5,1.,0.5,
1.,0.5,1.)) REPRESENTATION_ITEM('') );
#9381 = CARTESIAN_POINT('',(18.5,16.));
#9382 = CARTESIAN_POINT('',(18.5,-0.454482671904));
#9383 = CARTESIAN_POINT('',(4.25,7.772758664048));
#9384 = CARTESIAN_POINT('',(-10.,16.));
#9385 = CARTESIAN_POINT('',(4.25,24.227241335952));
#9386 = CARTESIAN_POINT('',(18.5,32.454482671904));
#9387 = CARTESIAN_POINT('',(18.5,16.));
#9388 = ( GEOMETRIC_REPRESENTATION_CONTEXT(2) 
PARAMETRIC_REPRESENTATION_CONTEXT() REPRESENTATION_CONTEXT('2D SPACE',''
  ) );
#9389 = PCURVE('',#6857,#9390);
#9390 = DEFINITIONAL_REPRESENTATION('',(#9391),#9395);
#9391 = LINE('',#9392,#9393);
#9392 = CARTESIAN_POINT('',(-6.28318530718,-4.));
#9393 = VECTOR('',#9394,1.);
#9394 = DIRECTION('',(1.,-0.));
#9395 = ( GEOMETRIC_REPRESENTATION_CONTEXT(2) 
PARAMETRIC_REPRESENTATION_CONTEXT() REPRESENTATION_CONTEXT('2D SPACE',''
  ) );
#9396 = ORIENTED_EDGE('',*,*,#9397,.F.);
#9397 = EDGE_CURVE('',#6573,#9370,#9398,.T.);
#9398 = SURFACE_CURVE('',#9399,(#9403,#9410),.PCURVE_S1.);
#9399 = LINE('',#9400,#9401);
#9400 = CARTESIAN_POINT('',(130.,-16.,-11.));
#9401 = VECTOR('',#9402,1.);
#9402 = DIRECTION('',(0.,1.,0.));
#9403 = PCURVE('',#6590,#9404);
#9404 = DEFINITIONAL_REPRESENTATION('',(#9405),#9409);
#9405 = LINE('',#9406,#9407);
#9406 = CARTESIAN_POINT('',(2.,0.));
#9407 = VECTOR('',#9408,1.);
#9408 = DIRECTION('',(0.,1.));
#9409 = ( GEOMETRIC_REPRESENTATION_CONTEXT(2) 
PARAMETRIC_REPRESENTATION_CONTEXT() REPRESENTATION_CONTEXT('2D SPACE',''
  ) );
#9410 = PCURVE('',#6623,#9411);
#9411 = DEFINITIONAL_REPRESENTATION('',(#9412),#9416);
#9412 = LINE('',#9413,#9414);
#9413 = CARTESIAN_POINT('',(-1.570796326795,0.));
#9414 = VECTOR('',#9415,1.);
#9415 = DIRECTION('',(-0.,1.));
#9416 = ( GEOMETRIC_REPRESENTATION_CONTEXT(2) 
PARAMETRIC_REPRESENTATION_CONTEXT() REPRESENTATION_CONTEXT('2D SPACE',''
  ) );
#9417 = ORIENTED_EDGE('',*,*,#6572,.T.);
#9418 = ADVANCED_FACE('',(#9419),#6623,.T.);
#9419 = FACE_BOUND('',#9420,.F.);
#9420 = EDGE_LOOP('',(#9421,#9444,#9445,#9446,#9538));
#9421 = ORIENTED_EDGE('',*,*,#9422,.F.);
#9422 = EDGE_CURVE('',#6603,#9423,#9425,.T.);
#9423 = VERTEX_POINT('',#9424);
#9424 = CARTESIAN_POINT('',(128.,-3.1,-9.));
#9425 = SURFACE_CURVE('',#9426,(#9430,#9437),.PCURVE_S1.);
#9426 = LINE('',#9427,#9428);
#9427 = CARTESIAN_POINT('',(128.,-16.,-9.));
#9428 = VECTOR('',#9429,1.);
#9429 = DIRECTION('',(0.,1.,0.));
#9430 = PCURVE('',#6623,#9431);
#9431 = DEFINITIONAL_REPRESENTATION('',(#9432),#9436);
#9432 = LINE('',#9433,#9434);
#9433 = CARTESIAN_POINT('',(-0.,0.));
#9434 = VECTOR('',#9435,1.);
#9435 = DIRECTION('',(-0.,1.));
#9436 = ( GEOMETRIC_REPRESENTATION_CONTEXT(2) 
PARAMETRIC_REPRESENTATION_CONTEXT() REPRESENTATION_CONTEXT('2D SPACE',''
  ) );
#9437 = PCURVE('',#6651,#9438);
#9438 = DEFINITIONAL_REPRESENTATION('',(#9439),#9443);
#9439 = LINE('',#9440,#9441);
#9440 = CARTESIAN_POINT('',(2.,0.));
#9441 = VECTOR('',#9442,1.);
#9442 = DIRECTION('',(0.,-1.));
#9443 = ( GEOMETRIC_REPRESENTATION_CONTEXT(2) 
PARAMETRIC_REPRESENTATION_CONTEXT() REPRESENTATION_CONTEXT('2D SPACE',''
  ) );
#9444 = ORIENTED_EDGE('',*,*,#6602,.T.);
#9445 = ORIENTED_EDGE('',*,*,#9397,.T.);
#9446 = ORIENTED_EDGE('',*,*,#9447,.F.);
#9447 = EDGE_CURVE('',#9448,#9370,#9450,.T.);
#9448 = VERTEX_POINT('',#9449);
#9449 = CARTESIAN_POINT('',(128.02000000205,-3.099935489149,
    -9.282134724191));
#9450 = SURFACE_CURVE('',#9451,(#9478,#9508),.PCURVE_S1.);
#9451 = B_SPLINE_CURVE_WITH_KNOTS('',7,(#9452,#9453,#9454,#9455,#9456,
    #9457,#9458,#9459,#9460,#9461,#9462,#9463,#9464,#9465,#9466,#9467,
    #9468,#9469,#9470,#9471,#9472,#9473,#9474,#9475,#9476,#9477),
  .UNSPECIFIED.,.F.,.F.,(8,6,6,6,8),(0.,0.110013801182,0.290298739542,
    0.540253647773,1.),.UNSPECIFIED.);
#9452 = CARTESIAN_POINT('',(128.,-3.041381265149,-9.));
#9453 = CARTESIAN_POINT('',(128.,-3.041381265149,-9.068349632269));
#9454 = CARTESIAN_POINT('',(128.00272528552,-3.04944539883,
    -9.135790148196));
#9455 = CARTESIAN_POINT('',(128.00804460585,-3.065187863951,
    -9.202007003373));
#9456 = CARTESIAN_POINT('',(128.0157798758,-3.087925802154,
    -9.266646635095));
#9457 = CARTESIAN_POINT('',(128.02568367205,-3.116672949331,
    -9.32928244344));
#9458 = CARTESIAN_POINT('',(128.03740271683,-3.150136117617,
    -9.389382747464));
#9459 = CARTESIAN_POINT('',(128.07177144347,-3.246657288594,-9.539522171
    ));
#9460 = CARTESIAN_POINT('',(128.09725653894,-3.316747710012,
    -9.626935344063));
#9461 = CARTESIAN_POINT('',(128.1259904145,-3.393559696353,
    -9.708901189186));
#9462 = CARTESIAN_POINT('',(128.15730986639,-3.474575822676,
    -9.78583999231));
#9463 = CARTESIAN_POINT('',(128.19078321418,-3.55836247758,
    -9.858386840242));
#9464 = CARTESIAN_POINT('',(128.22637252652,-3.644568182959,
    -9.927434120809));
#9465 = CARTESIAN_POINT('',(128.31738858046,-3.857506858357,
    -10.08634145999));
#9466 = CARTESIAN_POINT('',(128.37475587979,-3.986067301707,
    -10.17321552737));
#9467 = CARTESIAN_POINT('',(128.43607447348,-4.117269025169,
    -10.25482521611));
#9468 = CARTESIAN_POINT('',(128.50103303871,-4.249951767937,
    -10.33151278826));
#9469 = CARTESIAN_POINT('',(128.56959944176,-4.383728121931,
    -10.40368482609));
#9470 = CARTESIAN_POINT('',(128.64202721769,-4.518721795277,
    -10.47170318897));
#9471 = CARTESIAN_POINT('',(128.86005705666,-4.906567327531,
    -10.65359068679));
#9472 = CARTESIAN_POINT('',(129.01484616004,-5.161095239133,
    -10.75701950376));
#9473 = CARTESIAN_POINT('',(129.18334434917,-5.416731835537,
    -10.84559108092));
#9474 = CARTESIAN_POINT('',(129.36612499166,-5.672503473321,
    -10.91772524797));
#9475 = CARTESIAN_POINT('',(129.56356703416,-5.926914915491,
    -10.97059711675));
#9476 = CARTESIAN_POINT('',(129.77548877445,-6.177921836472,-11.));
#9477 = CARTESIAN_POINT('',(130.,-6.422616289333,-11.));
#9478 = PCURVE('',#6623,#9479);
#9479 = DEFINITIONAL_REPRESENTATION('',(#9480),#9507);
#9480 = B_SPLINE_CURVE_WITH_KNOTS('',7,(#9481,#9482,#9483,#9484,#9485,
    #9486,#9487,#9488,#9489,#9490,#9491,#9492,#9493,#9494,#9495,#9496,
    #9497,#9498,#9499,#9500,#9501,#9502,#9503,#9504,#9505,#9506),
  .UNSPECIFIED.,.F.,.F.,(8,6,6,6,8),(0.,0.110013801182,0.290298739542,
    0.540253647773,1.),.UNSPECIFIED.);
#9481 = CARTESIAN_POINT('',(0.,12.958618734851));
#9482 = CARTESIAN_POINT('',(-3.417481613467E-02,12.958618734851));
#9483 = CARTESIAN_POINT('',(-6.789507369147E-02,12.95055460117));
#9484 = CARTESIAN_POINT('',(-0.101068707201,12.934812136049));
#9485 = CARTESIAN_POINT('',(-0.133576226712,12.912074197846));
#9486 = CARTESIAN_POINT('',(-0.165250065623,12.883327050669));
#9487 = CARTESIAN_POINT('',(-0.195850033705,12.849863882383));
#9488 = CARTESIAN_POINT('',(-0.272861487188,12.753342711406));
#9489 = CARTESIAN_POINT('',(-0.318309474794,12.683252289988));
#9490 = CARTESIAN_POINT('',(-0.361643422885,12.606440303647));
#9491 = CARTESIAN_POINT('',(-0.403093844258,12.525424177324));
#9492 = CARTESIAN_POINT('',(-0.442980630067,12.44163752242));
#9493 = CARTESIAN_POINT('',(-0.481782426777,12.355431817041));
#9494 = CARTESIAN_POINT('',(-0.573345880893,12.142493141643));
#9495 = CARTESIAN_POINT('',(-0.625294194578,12.013932698293));
#9496 = CARTESIAN_POINT('',(-0.676186294863,11.882730974831));
#9497 = CARTESIAN_POINT('',(-0.726286986266,11.750048232063));
#9498 = CARTESIAN_POINT('',(-0.775932980254,11.616271878069));
#9499 = CARTESIAN_POINT('',(-0.825526960565,11.481278204723));
#9500 = CARTESIAN_POINT('',(-0.967495330759,11.093432672469));
#9501 = CARTESIAN_POINT('',(-1.060052764143,10.838904760867));
#9502 = CARTESIAN_POINT('',(-1.154386939676,10.583268164463));
#9503 = CARTESIAN_POINT('',(-1.251550203649,10.327496526679));
#9504 = CARTESIAN_POINT('',(-1.352579477493,10.073085084509));
#9505 = CARTESIAN_POINT('',(-1.45854071402,9.822078163528));
#9506 = CARTESIAN_POINT('',(-1.570796326795,9.577383710667));
#9507 = ( GEOMETRIC_REPRESENTATION_CONTEXT(2) 
PARAMETRIC_REPRESENTATION_CONTEXT() REPRESENTATION_CONTEXT('2D SPACE',''
  ) );
#9508 = PCURVE('',#6857,#9509);
#9509 = DEFINITIONAL_REPRESENTATION('',(#9510),#9537);
#9510 = B_SPLINE_CURVE_WITH_KNOTS('',7,(#9511,#9512,#9513,#9514,#9515,
    #9516,#9517,#9518,#9519,#9520,#9521,#9522,#9523,#9524,#9525,#9526,
    #9527,#9528,#9529,#9530,#9531,#9532,#9533,#9534,#9535,#9536),
  .UNSPECIFIED.,.F.,.F.,(8,6,6,6,8),(0.,0.110013801182,0.290298739542,
    0.540253647773,1.),.UNSPECIFIED.);
#9511 = CARTESIAN_POINT('',(-3.467475610811,-6.));
#9512 = CARTESIAN_POINT('',(-3.467475610811,-5.931650367731));
#9513 = CARTESIAN_POINT('',(-3.468371628671,-5.864209851804));
#9514 = CARTESIAN_POINT('',(-3.470120781677,-5.797992996627));
#9515 = CARTESIAN_POINT('',(-3.472648939369,-5.733353364905));
#9516 = CARTESIAN_POINT('',(-3.475849450575,-5.67071755656));
#9517 = CARTESIAN_POINT('',(-3.479581595319,-5.610617252536));
#9518 = CARTESIAN_POINT('',(-3.490366598664,-5.460477829));
#9519 = CARTESIAN_POINT('',(-3.498216938561,-5.373064655937));
#9520 = CARTESIAN_POINT('',(-3.506849012391,-5.291098810814));
#9521 = CARTESIAN_POINT('',(-3.51599105601,-5.21416000769));
#9522 = CARTESIAN_POINT('',(-3.525487545395,-5.141613159758));
#9523 = CARTESIAN_POINT('',(-3.535303966704,-5.072565879191));
#9524 = CARTESIAN_POINT('',(-3.559680241795,-4.91365854001));
#9525 = CARTESIAN_POINT('',(-3.574497258621,-4.82678447263));
#9526 = CARTESIAN_POINT('',(-3.589738056323,-4.745174783885));
#9527 = CARTESIAN_POINT('',(-3.605283994955,-4.66848721174));
#9528 = CARTESIAN_POINT('',(-3.621103250137,-4.596315173905));
#9529 = CARTESIAN_POINT('',(-3.637226037416,-4.528296811026));
#9530 = CARTESIAN_POINT('',(-3.684060592404,-4.346409313209));
#9531 = CARTESIAN_POINT('',(-3.71540004543,-4.242980496232));
#9532 = CARTESIAN_POINT('',(-3.747593960888,-4.154408919072));
#9533 = CARTESIAN_POINT('',(-3.780641810437,-4.082274752029));
#9534 = CARTESIAN_POINT('',(-3.814495192148,-4.029402883249));
#9535 = CARTESIAN_POINT('',(-3.849045233201,-4.));
#9536 = CARTESIAN_POINT('',(-3.88400158361,-4.));
#9537 = ( GEOMETRIC_REPRESENTATION_CONTEXT(2) 
PARAMETRIC_REPRESENTATION_CONTEXT() REPRESENTATION_CONTEXT('2D SPACE',''
  ) );
#9538 = ORIENTED_EDGE('',*,*,#9539,.F.);
#9539 = EDGE_CURVE('',#9423,#9448,#9540,.T.);
#9540 = SURFACE_CURVE('',#9541,(#9574,#9610),.PCURVE_S1.);
#9541 = B_SPLINE_CURVE_WITH_KNOTS('',7,(#9542,#9543,#9544,#9545,#9546,
    #9547,#9548,#9549,#9550,#9551,#9552,#9553,#9554,#9555,#9556,#9557,
    #9558,#9559,#9560,#9561,#9562,#9563,#9564,#9565,#9566,#9567,#9568,
    #9569,#9570,#9571,#9572,#9573),.UNSPECIFIED.,.F.,.F.,(8,6,6,6,6,8),(
    0.,0.489241917019,0.583964133171,0.740024058968,0.852075407574,1.),
  .UNSPECIFIED.);
#9542 = CARTESIAN_POINT('',(128.,-3.1,-9.));
#9543 = CARTESIAN_POINT('',(128.,-3.1,-9.208347442767));
#9544 = CARTESIAN_POINT('',(128.02532174677,-3.100000748115,
    -9.41695650316));
#9545 = CARTESIAN_POINT('',(128.07607960334,-3.099996839846,
    -9.623564090665));
#9546 = CARTESIAN_POINT('',(128.15275729905,-3.098704318087,
    -9.825693374138));
#9547 = CARTESIAN_POINT('',(128.25599440769,-3.093436673136,
    -10.02037038921));
#9548 = CARTESIAN_POINT('',(128.38641370432,-3.079987467042,
    -10.2038284969));
#9549 = CARTESIAN_POINT('',(128.57456803644,-3.046445900138,
    -10.40361152425));
#9550 = CARTESIAN_POINT('',(128.60608066739,-3.040460877625,
    -10.43538575291));
#9551 = CARTESIAN_POINT('',(128.63856217903,-3.033889957107,
    -10.46647262859));
#9552 = CARTESIAN_POINT('',(128.67198540945,-3.02669073421,
    -10.49681976356));
#9553 = CARTESIAN_POINT('',(128.70632037131,-3.01882017508,
    -10.52637799841));
#9554 = CARTESIAN_POINT('',(128.74153451268,-3.010234887892,
    -10.55510134976));
#9555 = CARTESIAN_POINT('',(128.8370012311,-2.985497488197,
    -10.62882408973));
#9556 = CARTESIAN_POINT('',(128.89876284808,-2.968029763122,
    -10.67236616184));
#9557 = CARTESIAN_POINT('',(128.96257832802,-2.948324590518,
    -10.71325514103));
#9558 = CARTESIAN_POINT('',(129.02811532621,-2.926243757611,
    -10.75124711666));
#9559 = CARTESIAN_POINT('',(129.09501886701,-2.901682329904,
    -10.78616873782));
#9560 = CARTESIAN_POINT('',(129.16292155684,-2.874576513602,
    -10.81791365024));
#9561 = CARTESIAN_POINT('',(129.28066008704,-2.82361199004,
    -10.86692014522));
#9562 = CARTESIAN_POINT('',(129.33013605117,-2.801016783605,
    -10.88571871503));
#9563 = CARTESIAN_POINT('',(129.37973178504,-2.777130338723,
    -10.90282036857));
#9564 = CARTESIAN_POINT('',(129.42929530609,-2.751972755644,
    -10.91822930741));
#9565 = CARTESIAN_POINT('',(129.47867438376,-2.725580957034,
    -10.93196730739));
#9566 = CARTESIAN_POINT('',(129.52771836962,-2.698009850136,
    -10.94407281731));
#9567 = CARTESIAN_POINT('',(129.64038870199,-2.631476389499,
    -10.96849759411));
#9568 = CARTESIAN_POINT('',(129.70360313501,-2.591724648309,
    -10.9796329586));
#9569 = CARTESIAN_POINT('',(129.76573328747,-2.550167944353,
    -10.9881702228));
#9570 = CARTESIAN_POINT('',(129.82659954781,-2.50692004498,
    -10.99428490146));
#9571 = CARTESIAN_POINT('',(129.88603390942,-2.462119552716,
    -10.99816298965));
#9572 = CARTESIAN_POINT('',(129.94388114817,-2.41593065209,-11.));
#9573 = CARTESIAN_POINT('',(130.,-2.368543856465,-11.));
#9574 = PCURVE('',#6623,#9575);
#9575 = DEFINITIONAL_REPRESENTATION('',(#9576),#9609);
#9576 = B_SPLINE_CURVE_WITH_KNOTS('',7,(#9577,#9578,#9579,#9580,#9581,
    #9582,#9583,#9584,#9585,#9586,#9587,#9588,#9589,#9590,#9591,#9592,
    #9593,#9594,#9595,#9596,#9597,#9598,#9599,#9600,#9601,#9602,#9603,
    #9604,#9605,#9606,#9607,#9608),.UNSPECIFIED.,.F.,.F.,(8,6,6,6,6,8),(
    0.,0.489241917019,0.583964133171,0.740024058968,0.852075407574,1.),
  .UNSPECIFIED.);
#9577 = CARTESIAN_POINT('',(0.,12.9));
#9578 = CARTESIAN_POINT('',(-0.104173721383,12.9));
#9579 = CARTESIAN_POINT('',(-0.208478347213,12.899999251885));
#9580 = CARTESIAN_POINT('',(-0.313628112033,12.900003160154));
#9581 = CARTESIAN_POINT('',(-0.420254734091,12.901295681913));
#9582 = CARTESIAN_POINT('',(-0.528986396432,12.906563326864));
#9583 = CARTESIAN_POINT('',(-0.640470805736,12.920012532958));
#9584 = CARTESIAN_POINT('',(-0.777688981201,12.953554099862));
#9585 = CARTESIAN_POINT('',(-0.80005698829,12.959539122375));
#9586 = CARTESIAN_POINT('',(-0.822524956273,12.966110042893));
#9587 = CARTESIAN_POINT('',(-0.845083310218,12.97330926579));
#9588 = CARTESIAN_POINT('',(-0.867723267241,12.98117982492));
#9589 = CARTESIAN_POINT('',(-0.890436705211,12.989765112108));
#9590 = CARTESIAN_POINT('',(-0.950746191848,13.014502511803));
#9591 = CARTESIAN_POINT('',(-0.9884939432,13.031970236878));
#9592 = CARTESIAN_POINT('',(-1.026330388658,13.051675409482));
#9593 = CARTESIAN_POINT('',(-1.064139732416,13.073756242389));
#9594 = CARTESIAN_POINT('',(-1.101816054678,13.098317670096));
#9595 = CARTESIAN_POINT('',(-1.139260086603,13.125423486398));
#9596 = CARTESIAN_POINT('',(-1.20302527704,13.17638800996));
#9597 = CARTESIAN_POINT('',(-1.229475736062,13.198983216395));
#9598 = CARTESIAN_POINT('',(-1.25568641117,13.222869661277));
#9599 = CARTESIAN_POINT('',(-1.281616698644,13.248027244356));
#9600 = CARTESIAN_POINT('',(-1.307226064108,13.274419042966));
#9601 = CARTESIAN_POINT('',(-1.332473764449,13.301990149864));
#9602 = CARTESIAN_POINT('',(-1.390117440424,13.368523610501));
#9603 = CARTESIAN_POINT('',(-1.422186732998,13.408275351691));
#9604 = CARTESIAN_POINT('',(-1.453508628225,13.449832055647));
#9605 = CARTESIAN_POINT('',(-1.48406002665,13.49307995502));
#9606 = CARTESIAN_POINT('',(-1.513813276379,13.537880447284));
#9607 = CARTESIAN_POINT('',(-1.542736900882,13.58406934791));
#9608 = CARTESIAN_POINT('',(-1.570796326795,13.631456143535));
#9609 = ( GEOMETRIC_REPRESENTATION_CONTEXT(2) 
PARAMETRIC_REPRESENTATION_CONTEXT() REPRESENTATION_CONTEXT('2D SPACE',''
  ) );
#9610 = PCURVE('',#9611,#9616);
#9611 = CYLINDRICAL_SURFACE('',#9612,3.1);
#9612 = AXIS2_PLACEMENT_3D('',#9613,#9614,#9615);
#9613 = CARTESIAN_POINT('',(128.,0.,-14.));
#9614 = DIRECTION('',(-0.,-0.,-1.));
#9615 = DIRECTION('',(1.,0.,0.));
#9616 = DEFINITIONAL_REPRESENTATION('',(#9617),#9650);
#9617 = B_SPLINE_CURVE_WITH_KNOTS('',7,(#9618,#9619,#9620,#9621,#9622,
    #9623,#9624,#9625,#9626,#9627,#9628,#9629,#9630,#9631,#9632,#9633,
    #9634,#9635,#9636,#9637,#9638,#9639,#9640,#9641,#9642,#9643,#9644,
    #9645,#9646,#9647,#9648,#9649),.UNSPECIFIED.,.F.,.F.,(8,6,6,6,6,8),(
    0.,0.489241917019,0.583964133171,0.740024058968,0.852075407574,1.),
  .UNSPECIFIED.);
#9618 = CARTESIAN_POINT('',(-4.712388980385,-5.));
#9619 = CARTESIAN_POINT('',(-4.712388980385,-4.791652557233));
#9620 = CARTESIAN_POINT('',(-4.720557076,-4.58304349684));
#9621 = CARTESIAN_POINT('',(-4.736931643385,-4.376435909335));
#9622 = CARTESIAN_POINT('',(-4.761663670739,-4.174306625862));
#9623 = CARTESIAN_POINT('',(-4.794971141354,-3.979629610787));
#9624 = CARTESIAN_POINT('',(-4.837150525398,-3.796171503095));
#9625 = CARTESIAN_POINT('',(-4.898802336626,-3.596388475742));
#9626 = CARTESIAN_POINT('',(-4.909148759246,-3.56461424709));
#9627 = CARTESIAN_POINT('',(-4.91983767434,-3.533527371408));
#9628 = CARTESIAN_POINT('',(-4.930865001534,-3.503180236433));
#9629 = CARTESIAN_POINT('',(-4.942226377773,-3.47362200159));
#9630 = CARTESIAN_POINT('',(-4.953917290051,-3.444898650231));
#9631 = CARTESIAN_POINT('',(-4.985730076944,-3.371175910266));
#9632 = CARTESIAN_POINT('',(-5.006429706305,-3.327633838151));
#9633 = CARTESIAN_POINT('',(-5.027964177933,-3.286744858961));
#9634 = CARTESIAN_POINT('',(-5.050259153615,-3.248752883332));
#9635 = CARTESIAN_POINT('',(-5.073235418598,-3.213831262176));
#9636 = CARTESIAN_POINT('',(-5.096810424982,-3.182086349759));
#9637 = CARTESIAN_POINT('',(-5.138196081252,-3.133079854775));
#9638 = CARTESIAN_POINT('',(-5.15573820359,-3.114281284962));
#9639 = CARTESIAN_POINT('',(-5.173489665418,-3.097179631421));
#9640 = CARTESIAN_POINT('',(-5.191412485042,-3.081770692586));
#9641 = CARTESIAN_POINT('',(-5.209467094124,-3.068032692604));
#9642 = CARTESIAN_POINT('',(-5.22761219604,-3.05592718269));
#9643 = CARTESIAN_POINT('',(-5.269821359055,-3.031502405888));
#9644 = CARTESIAN_POINT('',(-5.293900479821,-3.020367041392));
#9645 = CARTESIAN_POINT('',(-5.317997088424,-3.011829777198));
#9646 = CARTESIAN_POINT('',(-5.342065823814,-3.005715098533));
#9647 = CARTESIAN_POINT('',(-5.366059867184,-3.001837010343));
#9648 = CARTESIAN_POINT('',(-5.389929947156,-3.));
#9649 = CARTESIAN_POINT('',(-5.413623344968,-3.));
#9650 = ( GEOMETRIC_REPRESENTATION_CONTEXT(2) 
PARAMETRIC_REPRESENTATION_CONTEXT() REPRESENTATION_CONTEXT('2D SPACE',''
  ) );
#9651 = ADVANCED_FACE('',(#9652),#6651,.F.);
#9652 = FACE_BOUND('',#9653,.F.);
#9653 = EDGE_LOOP('',(#9654,#9655,#9656,#9679,#9707,#9735,#9763,#9791));
#9654 = ORIENTED_EDGE('',*,*,#6635,.F.);
#9655 = ORIENTED_EDGE('',*,*,#9422,.T.);
#9656 = ORIENTED_EDGE('',*,*,#9657,.F.);
#9657 = EDGE_CURVE('',#9658,#9423,#9660,.T.);
#9658 = VERTEX_POINT('',#9659);
#9659 = CARTESIAN_POINT('',(128.,-3.1,-8.));
#9660 = SURFACE_CURVE('',#9661,(#9665,#9672),.PCURVE_S1.);
#9661 = LINE('',#9662,#9663);
#9662 = CARTESIAN_POINT('',(128.,-3.1,-14.));
#9663 = VECTOR('',#9664,1.);
#9664 = DIRECTION('',(-0.,-0.,-1.));
#9665 = PCURVE('',#6651,#9666);
#9666 = DEFINITIONAL_REPRESENTATION('',(#9667),#9671);
#9667 = LINE('',#9668,#9669);
#9668 = CARTESIAN_POINT('',(-3.,-12.9));
#9669 = VECTOR('',#9670,1.);
#9670 = DIRECTION('',(-1.,0.));
#9671 = ( GEOMETRIC_REPRESENTATION_CONTEXT(2) 
PARAMETRIC_REPRESENTATION_CONTEXT() REPRESENTATION_CONTEXT('2D SPACE',''
  ) );
#9672 = PCURVE('',#9611,#9673);
#9673 = DEFINITIONAL_REPRESENTATION('',(#9674),#9678);
#9674 = LINE('',#9675,#9676);
#9675 = CARTESIAN_POINT('',(-4.712388980385,0.));
#9676 = VECTOR('',#9677,1.);
#9677 = DIRECTION('',(-0.,1.));
#9678 = ( GEOMETRIC_REPRESENTATION_CONTEXT(2) 
PARAMETRIC_REPRESENTATION_CONTEXT() REPRESENTATION_CONTEXT('2D SPACE',''
  ) );
#9679 = ORIENTED_EDGE('',*,*,#9680,.F.);
#9680 = EDGE_CURVE('',#9681,#9658,#9683,.T.);
#9681 = VERTEX_POINT('',#9682);
#9682 = CARTESIAN_POINT('',(128.,-11.,-8.));
#9683 = SURFACE_CURVE('',#9684,(#9688,#9695),.PCURVE_S1.);
#9684 = LINE('',#9685,#9686);
#9685 = CARTESIAN_POINT('',(128.,-13.5,-8.));
#9686 = VECTOR('',#9687,1.);
#9687 = DIRECTION('',(0.,1.,0.));
#9688 = PCURVE('',#6651,#9689);
#9689 = DEFINITIONAL_REPRESENTATION('',(#9690),#9694);
#9690 = LINE('',#9691,#9692);
#9691 = CARTESIAN_POINT('',(3.,-2.5));
#9692 = VECTOR('',#9693,1.);
#9693 = DIRECTION('',(0.,-1.));
#9694 = ( GEOMETRIC_REPRESENTATION_CONTEXT(2) 
PARAMETRIC_REPRESENTATION_CONTEXT() REPRESENTATION_CONTEXT('2D SPACE',''
  ) );
#9695 = PCURVE('',#9696,#9701);
#9696 = PLANE('',#9697);
#9697 = AXIS2_PLACEMENT_3D('',#9698,#9699,#9700);
#9698 = CARTESIAN_POINT('',(98.,-11.,-8.));
#9699 = DIRECTION('',(0.,0.,1.));
#9700 = DIRECTION('',(1.,0.,0.));
#9701 = DEFINITIONAL_REPRESENTATION('',(#9702),#9706);
#9702 = LINE('',#9703,#9704);
#9703 = CARTESIAN_POINT('',(30.,-2.5));
#9704 = VECTOR('',#9705,1.);
#9705 = DIRECTION('',(0.,1.));
#9706 = ( GEOMETRIC_REPRESENTATION_CONTEXT(2) 
PARAMETRIC_REPRESENTATION_CONTEXT() REPRESENTATION_CONTEXT('2D SPACE',''
  ) );
#9707 = ORIENTED_EDGE('',*,*,#9708,.F.);
#9708 = EDGE_CURVE('',#9709,#9681,#9711,.T.);
#9709 = VERTEX_POINT('',#9710);
#9710 = CARTESIAN_POINT('',(128.,-11.,8.));
#9711 = SURFACE_CURVE('',#9712,(#9716,#9723),.PCURVE_S1.);
#9712 = LINE('',#9713,#9714);
#9713 = CARTESIAN_POINT('',(128.,-11.,-9.5));
#9714 = VECTOR('',#9715,1.);
#9715 = DIRECTION('',(0.,0.,-1.));
#9716 = PCURVE('',#6651,#9717);
#9717 = DEFINITIONAL_REPRESENTATION('',(#9718),#9722);
#9718 = LINE('',#9719,#9720);
#9719 = CARTESIAN_POINT('',(1.5,-5.));
#9720 = VECTOR('',#9721,1.);
#9721 = DIRECTION('',(-1.,0.));
#9722 = ( GEOMETRIC_REPRESENTATION_CONTEXT(2) 
PARAMETRIC_REPRESENTATION_CONTEXT() REPRESENTATION_CONTEXT('2D SPACE',''
  ) );
#9723 = PCURVE('',#9724,#9729);
#9724 = PLANE('',#9725);
#9725 = AXIS2_PLACEMENT_3D('',#9726,#9727,#9728);
#9726 = CARTESIAN_POINT('',(98.,-11.,-8.));
#9727 = DIRECTION('',(0.,1.,0.));
#9728 = DIRECTION('',(0.,0.,1.));
#9729 = DEFINITIONAL_REPRESENTATION('',(#9730),#9734);
#9730 = LINE('',#9731,#9732);
#9731 = CARTESIAN_POINT('',(-1.5,30.));
#9732 = VECTOR('',#9733,1.);
#9733 = DIRECTION('',(-1.,0.));
#9734 = ( GEOMETRIC_REPRESENTATION_CONTEXT(2) 
PARAMETRIC_REPRESENTATION_CONTEXT() REPRESENTATION_CONTEXT('2D SPACE',''
  ) );
#9735 = ORIENTED_EDGE('',*,*,#9736,.T.);
#9736 = EDGE_CURVE('',#9709,#9737,#9739,.T.);
#9737 = VERTEX_POINT('',#9738);
#9738 = CARTESIAN_POINT('',(128.,-3.1,8.));
#9739 = SURFACE_CURVE('',#9740,(#9744,#9751),.PCURVE_S1.);
#9740 = LINE('',#9741,#9742);
#9741 = CARTESIAN_POINT('',(128.,-13.5,8.));
#9742 = VECTOR('',#9743,1.);
#9743 = DIRECTION('',(0.,1.,0.));
#9744 = PCURVE('',#6651,#9745);
#9745 = DEFINITIONAL_REPRESENTATION('',(#9746),#9750);
#9746 = LINE('',#9747,#9748);
#9747 = CARTESIAN_POINT('',(19.,-2.5));
#9748 = VECTOR('',#9749,1.);
#9749 = DIRECTION('',(0.,-1.));
#9750 = ( GEOMETRIC_REPRESENTATION_CONTEXT(2) 
PARAMETRIC_REPRESENTATION_CONTEXT() REPRESENTATION_CONTEXT('2D SPACE',''
  ) );
#9751 = PCURVE('',#9752,#9757);
#9752 = PLANE('',#9753);
#9753 = AXIS2_PLACEMENT_3D('',#9754,#9755,#9756);
#9754 = CARTESIAN_POINT('',(98.,-11.,8.));
#9755 = DIRECTION('',(0.,0.,1.));
#9756 = DIRECTION('',(1.,0.,0.));
#9757 = DEFINITIONAL_REPRESENTATION('',(#9758),#9762);
#9758 = LINE('',#9759,#9760);
#9759 = CARTESIAN_POINT('',(30.,-2.5));
#9760 = VECTOR('',#9761,1.);
#9761 = DIRECTION('',(0.,1.));
#9762 = ( GEOMETRIC_REPRESENTATION_CONTEXT(2) 
PARAMETRIC_REPRESENTATION_CONTEXT() REPRESENTATION_CONTEXT('2D SPACE',''
  ) );
#9763 = ORIENTED_EDGE('',*,*,#9764,.F.);
#9764 = EDGE_CURVE('',#9765,#9737,#9767,.T.);
#9765 = VERTEX_POINT('',#9766);
#9766 = CARTESIAN_POINT('',(128.,-3.1,9.));
#9767 = SURFACE_CURVE('',#9768,(#9772,#9779),.PCURVE_S1.);
#9768 = LINE('',#9769,#9770);
#9769 = CARTESIAN_POINT('',(128.,-3.1,-14.));
#9770 = VECTOR('',#9771,1.);
#9771 = DIRECTION('',(-0.,-0.,-1.));
#9772 = PCURVE('',#6651,#9773);
#9773 = DEFINITIONAL_REPRESENTATION('',(#9774),#9778);
#9774 = LINE('',#9775,#9776);
#9775 = CARTESIAN_POINT('',(-3.,-12.9));
#9776 = VECTOR('',#9777,1.);
#9777 = DIRECTION('',(-1.,0.));
#9778 = ( GEOMETRIC_REPRESENTATION_CONTEXT(2) 
PARAMETRIC_REPRESENTATION_CONTEXT() REPRESENTATION_CONTEXT('2D SPACE',''
  ) );
#9779 = PCURVE('',#9780,#9785);
#9780 = CYLINDRICAL_SURFACE('',#9781,3.1);
#9781 = AXIS2_PLACEMENT_3D('',#9782,#9783,#9784);
#9782 = CARTESIAN_POINT('',(128.,0.,-14.));
#9783 = DIRECTION('',(-0.,-0.,-1.));
#9784 = DIRECTION('',(1.,0.,0.));
#9785 = DEFINITIONAL_REPRESENTATION('',(#9786),#9790);
#9786 = LINE('',#9787,#9788);
#9787 = CARTESIAN_POINT('',(-4.712388980385,0.));
#9788 = VECTOR('',#9789,1.);
#9789 = DIRECTION('',(-0.,1.));
#9790 = ( GEOMETRIC_REPRESENTATION_CONTEXT(2) 
PARAMETRIC_REPRESENTATION_CONTEXT() REPRESENTATION_CONTEXT('2D SPACE',''
  ) );
#9791 = ORIENTED_EDGE('',*,*,#9792,.F.);
#9792 = EDGE_CURVE('',#6636,#9765,#9793,.T.);
#9793 = SURFACE_CURVE('',#9794,(#9798,#9805),.PCURVE_S1.);
#9794 = LINE('',#9795,#9796);
#9795 = CARTESIAN_POINT('',(128.,-16.,9.));
#9796 = VECTOR('',#9797,1.);
#9797 = DIRECTION('',(0.,1.,0.));
#9798 = PCURVE('',#6651,#9799);
#9799 = DEFINITIONAL_REPRESENTATION('',(#9800),#9804);
#9800 = LINE('',#9801,#9802);
#9801 = CARTESIAN_POINT('',(20.,0.));
#9802 = VECTOR('',#9803,1.);
#9803 = DIRECTION('',(0.,-1.));
#9804 = ( GEOMETRIC_REPRESENTATION_CONTEXT(2) 
PARAMETRIC_REPRESENTATION_CONTEXT() REPRESENTATION_CONTEXT('2D SPACE',''
  ) );
#9805 = PCURVE('',#6680,#9806);
#9806 = DEFINITIONAL_REPRESENTATION('',(#9807),#9811);
#9807 = LINE('',#9808,#9809);
#9808 = CARTESIAN_POINT('',(0.,0.));
#9809 = VECTOR('',#9810,1.);
#9810 = DIRECTION('',(0.,1.));
#9811 = ( GEOMETRIC_REPRESENTATION_CONTEXT(2) 
PARAMETRIC_REPRESENTATION_CONTEXT() REPRESENTATION_CONTEXT('2D SPACE',''
  ) );
#9812 = ADVANCED_FACE('',(#9813),#6680,.T.);
#9813 = FACE_BOUND('',#9814,.T.);
#9814 = EDGE_LOOP('',(#9815,#9816,#9817,#9840,#9932));
#9815 = ORIENTED_EDGE('',*,*,#9792,.F.);
#9816 = ORIENTED_EDGE('',*,*,#6663,.T.);
#9817 = ORIENTED_EDGE('',*,*,#9818,.T.);
#9818 = EDGE_CURVE('',#6664,#9819,#9821,.T.);
#9819 = VERTEX_POINT('',#9820);
#9820 = CARTESIAN_POINT('',(130.,-6.422616289333,11.));
#9821 = SURFACE_CURVE('',#9822,(#9826,#9833),.PCURVE_S1.);
#9822 = LINE('',#9823,#9824);
#9823 = CARTESIAN_POINT('',(130.,-16.,11.));
#9824 = VECTOR('',#9825,1.);
#9825 = DIRECTION('',(0.,1.,0.));
#9826 = PCURVE('',#6680,#9827);
#9827 = DEFINITIONAL_REPRESENTATION('',(#9828),#9832);
#9828 = LINE('',#9829,#9830);
#9829 = CARTESIAN_POINT('',(1.570796326795,0.));
#9830 = VECTOR('',#9831,1.);
#9831 = DIRECTION('',(0.,1.));
#9832 = ( GEOMETRIC_REPRESENTATION_CONTEXT(2) 
PARAMETRIC_REPRESENTATION_CONTEXT() REPRESENTATION_CONTEXT('2D SPACE',''
  ) );
#9833 = PCURVE('',#6708,#9834);
#9834 = DEFINITIONAL_REPRESENTATION('',(#9835),#9839);
#9835 = LINE('',#9836,#9837);
#9836 = CARTESIAN_POINT('',(2.,0.));
#9837 = VECTOR('',#9838,1.);
#9838 = DIRECTION('',(0.,1.));
#9839 = ( GEOMETRIC_REPRESENTATION_CONTEXT(2) 
PARAMETRIC_REPRESENTATION_CONTEXT() REPRESENTATION_CONTEXT('2D SPACE',''
  ) );
#9840 = ORIENTED_EDGE('',*,*,#9841,.F.);
#9841 = EDGE_CURVE('',#9842,#9819,#9844,.T.);
#9842 = VERTEX_POINT('',#9843);
#9843 = CARTESIAN_POINT('',(128.02000000205,-3.099935489149,
    9.282134724191));
#9844 = SURFACE_CURVE('',#9845,(#9872,#9902),.PCURVE_S1.);
#9845 = B_SPLINE_CURVE_WITH_KNOTS('',7,(#9846,#9847,#9848,#9849,#9850,
    #9851,#9852,#9853,#9854,#9855,#9856,#9857,#9858,#9859,#9860,#9861,
    #9862,#9863,#9864,#9865,#9866,#9867,#9868,#9869,#9870,#9871),
  .UNSPECIFIED.,.F.,.F.,(8,6,6,6,8),(0.,0.110013801182,0.290298739543,
    0.540253647773,1.),.UNSPECIFIED.);
#9846 = CARTESIAN_POINT('',(128.,-3.041381265149,9.));
#9847 = CARTESIAN_POINT('',(128.,-3.041381265149,9.068349632269));
#9848 = CARTESIAN_POINT('',(128.00272528552,-3.04944539883,
    9.135790148196));
#9849 = CARTESIAN_POINT('',(128.00804460585,-3.065187863951,
    9.202007003373));
#9850 = CARTESIAN_POINT('',(128.0157798758,-3.087925802154,
    9.266646635095));
#9851 = CARTESIAN_POINT('',(128.02568367205,-3.116672949331,
    9.32928244344));
#9852 = CARTESIAN_POINT('',(128.03740271683,-3.150136117617,
    9.389382747464));
#9853 = CARTESIAN_POINT('',(128.07177144347,-3.246657288594,9.539522171)
  );
#9854 = CARTESIAN_POINT('',(128.09725653894,-3.316747710012,
    9.626935344062));
#9855 = CARTESIAN_POINT('',(128.1259904145,-3.393559696353,
    9.708901189185));
#9856 = CARTESIAN_POINT('',(128.15730986639,-3.474575822676,
    9.78583999231));
#9857 = CARTESIAN_POINT('',(128.19078321418,-3.558362477581,
    9.858386840242));
#9858 = CARTESIAN_POINT('',(128.22637252652,-3.644568182959,
    9.927434120808));
#9859 = CARTESIAN_POINT('',(128.31738858046,-3.857506858357,
    10.08634145999));
#9860 = CARTESIAN_POINT('',(128.37475587979,-3.986067301707,
    10.17321552737));
#9861 = CARTESIAN_POINT('',(128.43607447348,-4.117269025169,
    10.254825216115));
#9862 = CARTESIAN_POINT('',(128.50103303871,-4.249951767937,
    10.33151278826));
#9863 = CARTESIAN_POINT('',(128.56959944176,-4.383728121931,
    10.403684826095));
#9864 = CARTESIAN_POINT('',(128.64202721769,-4.518721795278,
    10.471703188974));
#9865 = CARTESIAN_POINT('',(128.86005705666,-4.906567327531,
    10.653590686791));
#9866 = CARTESIAN_POINT('',(129.01484616004,-5.161095239134,
    10.757019503768));
#9867 = CARTESIAN_POINT('',(129.18334434917,-5.416731835537,
    10.845591080927));
#9868 = CARTESIAN_POINT('',(129.36612499166,-5.67250347332,
    10.917725247971));
#9869 = CARTESIAN_POINT('',(129.56356703416,-5.926914915491,
    10.970597116751));
#9870 = CARTESIAN_POINT('',(129.77548877445,-6.177921836472,11.));
#9871 = CARTESIAN_POINT('',(130.,-6.422616289333,11.));
#9872 = PCURVE('',#6680,#9873);
#9873 = DEFINITIONAL_REPRESENTATION('',(#9874),#9901);
#9874 = B_SPLINE_CURVE_WITH_KNOTS('',7,(#9875,#9876,#9877,#9878,#9879,
    #9880,#9881,#9882,#9883,#9884,#9885,#9886,#9887,#9888,#9889,#9890,
    #9891,#9892,#9893,#9894,#9895,#9896,#9897,#9898,#9899,#9900),
  .UNSPECIFIED.,.F.,.F.,(8,6,6,6,8),(0.,0.110013801182,0.290298739543,
    0.540253647773,1.),.UNSPECIFIED.);
#9875 = CARTESIAN_POINT('',(0.,12.958618734851));
#9876 = CARTESIAN_POINT('',(3.417481613466E-02,12.958618734851));
#9877 = CARTESIAN_POINT('',(6.78950736915E-02,12.95055460117));
#9878 = CARTESIAN_POINT('',(0.101068707201,12.934812136049));
#9879 = CARTESIAN_POINT('',(0.133576226712,12.912074197846));
#9880 = CARTESIAN_POINT('',(0.165250065623,12.883327050669));
#9881 = CARTESIAN_POINT('',(0.195850033705,12.849863882383));
#9882 = CARTESIAN_POINT('',(0.272861487188,12.753342711406));
#9883 = CARTESIAN_POINT('',(0.318309474794,12.683252289988));
#9884 = CARTESIAN_POINT('',(0.361643422884,12.606440303647));
#9885 = CARTESIAN_POINT('',(0.403093844258,12.525424177324));
#9886 = CARTESIAN_POINT('',(0.442980630067,12.441637522419));
#9887 = CARTESIAN_POINT('',(0.481782426777,12.355431817041));
#9888 = CARTESIAN_POINT('',(0.573345880893,12.142493141643));
#9889 = CARTESIAN_POINT('',(0.625294194578,12.013932698293));
#9890 = CARTESIAN_POINT('',(0.676186294863,11.882730974831));
#9891 = CARTESIAN_POINT('',(0.726286986266,11.750048232063));
#9892 = CARTESIAN_POINT('',(0.775932980254,11.616271878069));
#9893 = CARTESIAN_POINT('',(0.825526960565,11.481278204722));
#9894 = CARTESIAN_POINT('',(0.967495330759,11.093432672469));
#9895 = CARTESIAN_POINT('',(1.060052764144,10.838904760866));
#9896 = CARTESIAN_POINT('',(1.154386939676,10.583268164463));
#9897 = CARTESIAN_POINT('',(1.251550203648,10.32749652668));
#9898 = CARTESIAN_POINT('',(1.352579477493,10.073085084509));
#9899 = CARTESIAN_POINT('',(1.45854071402,9.822078163528));
#9900 = CARTESIAN_POINT('',(1.570796326795,9.577383710667));
#9901 = ( GEOMETRIC_REPRESENTATION_CONTEXT(2) 
PARAMETRIC_REPRESENTATION_CONTEXT() REPRESENTATION_CONTEXT('2D SPACE',''
  ) );
#9902 = PCURVE('',#6980,#9903);
#9903 = DEFINITIONAL_REPRESENTATION('',(#9904),#9931);
#9904 = B_SPLINE_CURVE_WITH_KNOTS('',7,(#9905,#9906,#9907,#9908,#9909,
    #9910,#9911,#9912,#9913,#9914,#9915,#9916,#9917,#9918,#9919,#9920,
    #9921,#9922,#9923,#9924,#9925,#9926,#9927,#9928,#9929,#9930),
  .UNSPECIFIED.,.F.,.F.,(8,6,6,6,8),(0.,0.110013801182,0.290298739543,
    0.540253647773,1.),.UNSPECIFIED.);
#9905 = CARTESIAN_POINT('',(-3.467475610811,0.));
#9906 = CARTESIAN_POINT('',(-3.467475610811,-6.834963226933E-02));
#9907 = CARTESIAN_POINT('',(-3.468371628671,-0.135790148196));
#9908 = CARTESIAN_POINT('',(-3.470120781677,-0.202007003373));
#9909 = CARTESIAN_POINT('',(-3.472648939369,-0.266646635095));
#9910 = CARTESIAN_POINT('',(-3.475849450575,-0.32928244344));
#9911 = CARTESIAN_POINT('',(-3.479581595319,-0.389382747464));
#9912 = CARTESIAN_POINT('',(-3.490366598664,-0.539522171));
#9913 = CARTESIAN_POINT('',(-3.498216938561,-0.626935344062));
#9914 = CARTESIAN_POINT('',(-3.506849012391,-0.708901189186));
#9915 = CARTESIAN_POINT('',(-3.51599105601,-0.78583999231));
#9916 = CARTESIAN_POINT('',(-3.525487545395,-0.858386840242));
#9917 = CARTESIAN_POINT('',(-3.535303966704,-0.927434120808));
#9918 = CARTESIAN_POINT('',(-3.559680241795,-1.08634145999));
#9919 = CARTESIAN_POINT('',(-3.574497258621,-1.17321552737));
#9920 = CARTESIAN_POINT('',(-3.589738056323,-1.254825216115));
#9921 = CARTESIAN_POINT('',(-3.605283994955,-1.33151278826));
#9922 = CARTESIAN_POINT('',(-3.621103250137,-1.403684826095));
#9923 = CARTESIAN_POINT('',(-3.637226037416,-1.471703188974));
#9924 = CARTESIAN_POINT('',(-3.684060592404,-1.653590686791));
#9925 = CARTESIAN_POINT('',(-3.71540004543,-1.757019503768));
#9926 = CARTESIAN_POINT('',(-3.747593960888,-1.845591080927));
#9927 = CARTESIAN_POINT('',(-3.780641810437,-1.917725247971));
#9928 = CARTESIAN_POINT('',(-3.814495192148,-1.970597116751));
#9929 = CARTESIAN_POINT('',(-3.849045233201,-2.));
#9930 = CARTESIAN_POINT('',(-3.88400158361,-2.));
#9931 = ( GEOMETRIC_REPRESENTATION_CONTEXT(2) 
PARAMETRIC_REPRESENTATION_CONTEXT() REPRESENTATION_CONTEXT('2D SPACE',''
  ) );
#9932 = ORIENTED_EDGE('',*,*,#9933,.F.);
#9933 = EDGE_CURVE('',#9765,#9842,#9934,.T.);
#9934 = SURFACE_CURVE('',#9935,(#9968,#10004),.PCURVE_S1.);
#9935 = B_SPLINE_CURVE_WITH_KNOTS('',7,(#9936,#9937,#9938,#9939,#9940,
    #9941,#9942,#9943,#9944,#9945,#9946,#9947,#9948,#9949,#9950,#9951,
    #9952,#9953,#9954,#9955,#9956,#9957,#9958,#9959,#9960,#9961,#9962,
    #9963,#9964,#9965,#9966,#9967),.UNSPECIFIED.,.F.,.F.,(8,6,6,6,6,8),(
    0.,0.489241917123,0.583964133271,0.740024059031,0.85207540761,1.),
  .UNSPECIFIED.);
#9936 = CARTESIAN_POINT('',(128.,-3.1,9.));
#9937 = CARTESIAN_POINT('',(128.,-3.1,9.208347442767));
#9938 = CARTESIAN_POINT('',(128.02532174677,-3.100000748115,
    9.41695650316));
#9939 = CARTESIAN_POINT('',(128.07607960334,-3.099996839846,
    9.623564090665));
#9940 = CARTESIAN_POINT('',(128.15275729905,-3.098704318087,
    9.825693374138));
#9941 = CARTESIAN_POINT('',(128.25599440769,-3.093436673135,
    10.020370389213));
#9942 = CARTESIAN_POINT('',(128.38641370432,-3.079987467042,
    10.203828496905));
#9943 = CARTESIAN_POINT('',(128.57456803643,-3.046445900139,
    10.40361152425));
#9944 = CARTESIAN_POINT('',(128.60608066738,-3.040460877626,
    10.435385752909));
#9945 = CARTESIAN_POINT('',(128.63856217903,-3.033889957106,
    10.466472628597));
#9946 = CARTESIAN_POINT('',(128.67198540946,-3.026690734209,
    10.496819763572));
#9947 = CARTESIAN_POINT('',(128.70632037131,-3.01882017508,
    10.526377998409));
#9948 = CARTESIAN_POINT('',(128.74153451267,-3.010234887894,
    10.555101349763));
#9949 = CARTESIAN_POINT('',(128.8370012311,-2.985497488197,
    10.628824089734));
#9950 = CARTESIAN_POINT('',(128.89876284808,-2.968029763122,
    10.672366161849));
#9951 = CARTESIAN_POINT('',(128.96257832802,-2.948324590518,
    10.713255141039));
#9952 = CARTESIAN_POINT('',(129.02811532621,-2.926243757611,
    10.751247116668));
#9953 = CARTESIAN_POINT('',(129.09501886701,-2.901682329904,
    10.786168737824));
#9954 = CARTESIAN_POINT('',(129.16292155684,-2.874576513602,
    10.817913650241));
#9955 = CARTESIAN_POINT('',(129.28066008704,-2.82361199004,
    10.866920145225));
#9956 = CARTESIAN_POINT('',(129.33013605117,-2.801016783605,
    10.885718715038));
#9957 = CARTESIAN_POINT('',(129.37973178504,-2.777130338723,
    10.902820368579));
#9958 = CARTESIAN_POINT('',(129.42929530609,-2.751972755644,
    10.918229307414));
#9959 = CARTESIAN_POINT('',(129.47867438376,-2.725580957034,
    10.931967307396));
#9960 = CARTESIAN_POINT('',(129.52771836962,-2.698009850136,
    10.94407281731));
#9961 = CARTESIAN_POINT('',(129.64038870199,-2.631476389499,
    10.968497594112));
#9962 = CARTESIAN_POINT('',(129.70360313501,-2.591724648309,
    10.979632958608));
#9963 = CARTESIAN_POINT('',(129.76573328747,-2.550167944353,
    10.988170222802));
#9964 = CARTESIAN_POINT('',(129.82659954781,-2.50692004498,
    10.994284901467));
#9965 = CARTESIAN_POINT('',(129.88603390942,-2.462119552716,
    10.998162989657));
#9966 = CARTESIAN_POINT('',(129.94388114817,-2.41593065209,11.));
#9967 = CARTESIAN_POINT('',(130.,-2.368543856465,11.));
#9968 = PCURVE('',#6680,#9969);
#9969 = DEFINITIONAL_REPRESENTATION('',(#9970),#10003);
#9970 = B_SPLINE_CURVE_WITH_KNOTS('',7,(#9971,#9972,#9973,#9974,#9975,
    #9976,#9977,#9978,#9979,#9980,#9981,#9982,#9983,#9984,#9985,#9986,
    #9987,#9988,#9989,#9990,#9991,#9992,#9993,#9994,#9995,#9996,#9997,
    #9998,#9999,#10000,#10001,#10002),.UNSPECIFIED.,.F.,.F.,(8,6,6,6,6,8
    ),(0.,0.489241917123,0.583964133271,0.740024059031,0.85207540761,1.)
  ,.UNSPECIFIED.);
#9971 = CARTESIAN_POINT('',(0.,12.9));
#9972 = CARTESIAN_POINT('',(0.104173721383,12.9));
#9973 = CARTESIAN_POINT('',(0.208478347213,12.899999251885));
#9974 = CARTESIAN_POINT('',(0.313628112033,12.900003160154));
#9975 = CARTESIAN_POINT('',(0.420254734091,12.901295681913));
#9976 = CARTESIAN_POINT('',(0.528986396433,12.906563326865));
#9977 = CARTESIAN_POINT('',(0.640470805735,12.920012532958));
#9978 = CARTESIAN_POINT('',(0.777688981196,12.953554099861));
#9979 = CARTESIAN_POINT('',(0.800056988288,12.959539122374));
#9980 = CARTESIAN_POINT('',(0.822524956277,12.966110042894));
#9981 = CARTESIAN_POINT('',(0.845083310222,12.973309265791));
#9982 = CARTESIAN_POINT('',(0.867723267241,12.98117982492));
#9983 = CARTESIAN_POINT('',(0.890436705207,12.989765112106));
#9984 = CARTESIAN_POINT('',(0.950746191848,13.014502511803));
#9985 = CARTESIAN_POINT('',(0.9884939432,13.031970236878));
#9986 = CARTESIAN_POINT('',(1.026330388658,13.051675409482));
#9987 = CARTESIAN_POINT('',(1.064139732416,13.073756242389));
#9988 = CARTESIAN_POINT('',(1.101816054678,13.098317670096));
#9989 = CARTESIAN_POINT('',(1.139260086603,13.125423486398));
#9990 = CARTESIAN_POINT('',(1.20302527704,13.17638800996));
#9991 = CARTESIAN_POINT('',(1.229475736062,13.198983216395));
#9992 = CARTESIAN_POINT('',(1.25568641117,13.222869661277));
#9993 = CARTESIAN_POINT('',(1.281616698644,13.248027244356));
#9994 = CARTESIAN_POINT('',(1.307226064108,13.274419042966));
#9995 = CARTESIAN_POINT('',(1.332473764449,13.301990149864));
#9996 = CARTESIAN_POINT('',(1.390117440424,13.368523610501));
#9997 = CARTESIAN_POINT('',(1.422186732998,13.408275351691));
#9998 = CARTESIAN_POINT('',(1.453508628225,13.449832055647));
#9999 = CARTESIAN_POINT('',(1.48406002665,13.49307995502));
#10000 = CARTESIAN_POINT('',(1.513813276379,13.537880447284));
#10001 = CARTESIAN_POINT('',(1.542736900882,13.58406934791));
#10002 = CARTESIAN_POINT('',(1.570796326795,13.631456143535));
#10003 = ( GEOMETRIC_REPRESENTATION_CONTEXT(2) 
PARAMETRIC_REPRESENTATION_CONTEXT() REPRESENTATION_CONTEXT('2D SPACE',''
  ) );
#10004 = PCURVE('',#9780,#10005);
#10005 = DEFINITIONAL_REPRESENTATION('',(#10006),#10039);
#10006 = B_SPLINE_CURVE_WITH_KNOTS('',7,(#10007,#10008,#10009,#10010,
    #10011,#10012,#10013,#10014,#10015,#10016,#10017,#10018,#10019,
    #10020,#10021,#10022,#10023,#10024,#10025,#10026,#10027,#10028,
    #10029,#10030,#10031,#10032,#10033,#10034,#10035,#10036,#10037,
    #10038),.UNSPECIFIED.,.F.,.F.,(8,6,6,6,6,8),(0.,0.489241917123,
    0.583964133271,0.740024059031,0.85207540761,1.),.UNSPECIFIED.);
#10007 = CARTESIAN_POINT('',(-4.712388980385,-23.));
#10008 = CARTESIAN_POINT('',(-4.712388980385,-23.20834744276));
#10009 = CARTESIAN_POINT('',(-4.720557076,-23.41695650316));
#10010 = CARTESIAN_POINT('',(-4.736931643385,-23.62356409066));
#10011 = CARTESIAN_POINT('',(-4.761663670738,-23.82569337413));
#10012 = CARTESIAN_POINT('',(-4.794971141354,-24.02037038921));
#10013 = CARTESIAN_POINT('',(-4.837150525398,-24.2038284969));
#10014 = CARTESIAN_POINT('',(-4.898802336624,-24.40361152425));
#10015 = CARTESIAN_POINT('',(-4.909148759245,-24.4353857529));
#10016 = CARTESIAN_POINT('',(-4.919837674342,-24.46647262859));
#10017 = CARTESIAN_POINT('',(-4.930865001536,-24.49681976357));
#10018 = CARTESIAN_POINT('',(-4.942226377773,-24.5263779984));
#10019 = CARTESIAN_POINT('',(-4.953917290048,-24.55510134976));
#10020 = CARTESIAN_POINT('',(-4.985730076944,-24.62882408973));
#10021 = CARTESIAN_POINT('',(-5.006429706305,-24.67236616184));
#10022 = CARTESIAN_POINT('',(-5.027964177933,-24.71325514103));
#10023 = CARTESIAN_POINT('',(-5.050259153615,-24.75124711666));
#10024 = CARTESIAN_POINT('',(-5.073235418598,-24.78616873782));
#10025 = CARTESIAN_POINT('',(-5.096810424982,-24.81791365024));
#10026 = CARTESIAN_POINT('',(-5.138196081252,-24.86692014522));
#10027 = CARTESIAN_POINT('',(-5.15573820359,-24.88571871503));
#10028 = CARTESIAN_POINT('',(-5.173489665418,-24.90282036857));
#10029 = CARTESIAN_POINT('',(-5.191412485042,-24.91822930741));
#10030 = CARTESIAN_POINT('',(-5.209467094124,-24.93196730739));
#10031 = CARTESIAN_POINT('',(-5.22761219604,-24.94407281731));
#10032 = CARTESIAN_POINT('',(-5.269821359055,-24.96849759411));
#10033 = CARTESIAN_POINT('',(-5.293900479821,-24.9796329586));
#10034 = CARTESIAN_POINT('',(-5.317997088424,-24.9881702228));
#10035 = CARTESIAN_POINT('',(-5.342065823814,-24.99428490146));
#10036 = CARTESIAN_POINT('',(-5.366059867184,-24.99816298965));
#10037 = CARTESIAN_POINT('',(-5.389929947156,-25.));
#10038 = CARTESIAN_POINT('',(-5.413623344968,-25.));
#10039 = ( GEOMETRIC_REPRESENTATION_CONTEXT(2) 
PARAMETRIC_REPRESENTATION_CONTEXT() REPRESENTATION_CONTEXT('2D SPACE',''
  ) );
#10040 = ADVANCED_FACE('',(#10041),#6708,.T.);
#10041 = FACE_BOUND('',#10042,.T.);
#10042 = EDGE_LOOP('',(#10043,#10044,#10070,#10071));
#10043 = ORIENTED_EDGE('',*,*,#6897,.T.);
#10044 = ORIENTED_EDGE('',*,*,#10045,.T.);
#10045 = EDGE_CURVE('',#6898,#9819,#10046,.T.);
#10046 = SURFACE_CURVE('',#10047,(#10052,#10063),.PCURVE_S1.);
#10047 = CIRCLE('',#10048,9.5);
#10048 = AXIS2_PLACEMENT_3D('',#10049,#10050,#10051);
#10049 = CARTESIAN_POINT('',(137.,0.,11.));
#10050 = DIRECTION('',(0.,0.,-1.));
#10051 = DIRECTION('',(1.,0.,0.));
#10052 = PCURVE('',#6708,#10053);
#10053 = DEFINITIONAL_REPRESENTATION('',(#10054),#10062);
#10054 = ( BOUNDED_CURVE() B_SPLINE_CURVE(2,(#10055,#10056,#10057,#10058
    ,#10059,#10060,#10061),.UNSPECIFIED.,.T.,.F.) 
B_SPLINE_CURVE_WITH_KNOTS((1,2,2,2,2,1),(-2.094395102393,0.,
    2.094395102393,4.188790204786,6.28318530718,8.377580409573),
.UNSPECIFIED.) CURVE() GEOMETRIC_REPRESENTATION_ITEM() 
RATIONAL_B_SPLINE_CURVE((1.,0.5,1.,0.5,1.,0.5,1.)) REPRESENTATION_ITEM(
  '') );
#10055 = CARTESIAN_POINT('',(18.5,16.));
#10056 = CARTESIAN_POINT('',(18.5,-0.454482671904));
#10057 = CARTESIAN_POINT('',(4.25,7.772758664048));
#10058 = CARTESIAN_POINT('',(-10.,16.));
#10059 = CARTESIAN_POINT('',(4.25,24.227241335952));
#10060 = CARTESIAN_POINT('',(18.5,32.454482671904));
#10061 = CARTESIAN_POINT('',(18.5,16.));
#10062 = ( GEOMETRIC_REPRESENTATION_CONTEXT(2) 
PARAMETRIC_REPRESENTATION_CONTEXT() REPRESENTATION_CONTEXT('2D SPACE',''
  ) );
#10063 = PCURVE('',#6980,#10064);
#10064 = DEFINITIONAL_REPRESENTATION('',(#10065),#10069);
#10065 = LINE('',#10066,#10067);
#10066 = CARTESIAN_POINT('',(-6.28318530718,-2.));
#10067 = VECTOR('',#10068,1.);
#10068 = DIRECTION('',(1.,-0.));
#10069 = ( GEOMETRIC_REPRESENTATION_CONTEXT(2) 
PARAMETRIC_REPRESENTATION_CONTEXT() REPRESENTATION_CONTEXT('2D SPACE',''
  ) );
#10070 = ORIENTED_EDGE('',*,*,#9818,.F.);
#10071 = ORIENTED_EDGE('',*,*,#6692,.T.);
#10072 = ADVANCED_FACE('',(#10073),#6857,.T.);
#10073 = FACE_BOUND('',#10074,.F.);
#10074 = EDGE_LOOP('',(#10075,#10104,#10125,#10126,#10127,#10155,#10247,
    #10270,#10299,#10320,#10321,#10322,#10323,#10324));
#10075 = ORIENTED_EDGE('',*,*,#10076,.F.);
#10076 = EDGE_CURVE('',#10077,#10077,#10079,.T.);
#10077 = VERTEX_POINT('',#10078);
#10078 = CARTESIAN_POINT('',(146.5,0.,-15.));
#10079 = SURFACE_CURVE('',#10080,(#10085,#10092),.PCURVE_S1.);
#10080 = CIRCLE('',#10081,9.5);
#10081 = AXIS2_PLACEMENT_3D('',#10082,#10083,#10084);
#10082 = CARTESIAN_POINT('',(137.,0.,-15.));
#10083 = DIRECTION('',(0.,0.,1.));
#10084 = DIRECTION('',(1.,0.,0.));
#10085 = PCURVE('',#6857,#10086);
#10086 = DEFINITIONAL_REPRESENTATION('',(#10087),#10091);
#10087 = LINE('',#10088,#10089);
#10088 = CARTESIAN_POINT('',(-0.,0.));
#10089 = VECTOR('',#10090,1.);
#10090 = DIRECTION('',(-1.,0.));
#10091 = ( GEOMETRIC_REPRESENTATION_CONTEXT(2) 
PARAMETRIC_REPRESENTATION_CONTEXT() REPRESENTATION_CONTEXT('2D SPACE',''
  ) );
#10092 = PCURVE('',#10093,#10098);
#10093 = PLANE('',#10094);
#10094 = AXIS2_PLACEMENT_3D('',#10095,#10096,#10097);
#10095 = CARTESIAN_POINT('',(137.,1.879594466024E-16,-15.));
#10096 = DIRECTION('',(0.,0.,1.));
#10097 = DIRECTION('',(1.,0.,-0.));
#10098 = DEFINITIONAL_REPRESENTATION('',(#10099),#10103);
#10099 = CIRCLE('',#10100,9.5);
#10100 = AXIS2_PLACEMENT_2D('',#10101,#10102);
#10101 = CARTESIAN_POINT('',(0.,-1.879594466024E-16));
#10102 = DIRECTION('',(1.,0.));
#10103 = ( GEOMETRIC_REPRESENTATION_CONTEXT(2) 
PARAMETRIC_REPRESENTATION_CONTEXT() REPRESENTATION_CONTEXT('2D SPACE',''
  ) );
#10104 = ORIENTED_EDGE('',*,*,#10105,.T.);
#10105 = EDGE_CURVE('',#10077,#7019,#10106,.T.);
#10106 = SEAM_CURVE('',#10107,(#10111,#10118),.PCURVE_S1.);
#10107 = LINE('',#10108,#10109);
#10108 = CARTESIAN_POINT('',(146.5,0.,-15.));
#10109 = VECTOR('',#10110,1.);
#10110 = DIRECTION('',(0.,0.,1.));
#10111 = PCURVE('',#6857,#10112);
#10112 = DEFINITIONAL_REPRESENTATION('',(#10113),#10117);
#10113 = LINE('',#10114,#10115);
#10114 = CARTESIAN_POINT('',(-6.28318530718,0.));
#10115 = VECTOR('',#10116,1.);
#10116 = DIRECTION('',(-0.,-1.));
#10117 = ( GEOMETRIC_REPRESENTATION_CONTEXT(2) 
PARAMETRIC_REPRESENTATION_CONTEXT() REPRESENTATION_CONTEXT('2D SPACE',''
  ) );
#10118 = PCURVE('',#6857,#10119);
#10119 = DEFINITIONAL_REPRESENTATION('',(#10120),#10124);
#10120 = LINE('',#10121,#10122);
#10121 = CARTESIAN_POINT('',(-0.,0.));
#10122 = VECTOR('',#10123,1.);
#10123 = DIRECTION('',(-0.,-1.));
#10124 = ( GEOMETRIC_REPRESENTATION_CONTEXT(2) 
PARAMETRIC_REPRESENTATION_CONTEXT() REPRESENTATION_CONTEXT('2D SPACE',''
  ) );
#10125 = ORIENTED_EDGE('',*,*,#7042,.T.);
#10126 = ORIENTED_EDGE('',*,*,#7119,.T.);
#10127 = ORIENTED_EDGE('',*,*,#10128,.F.);
#10128 = EDGE_CURVE('',#10129,#7120,#10131,.T.);
#10129 = VERTEX_POINT('',#10130);
#10130 = CARTESIAN_POINT('',(130.,6.422616289333,-11.));
#10131 = SURFACE_CURVE('',#10132,(#10137,#10144),.PCURVE_S1.);
#10132 = CIRCLE('',#10133,9.5);
#10133 = AXIS2_PLACEMENT_3D('',#10134,#10135,#10136);
#10134 = CARTESIAN_POINT('',(137.,0.,-11.));
#10135 = DIRECTION('',(0.,0.,-1.));
#10136 = DIRECTION('',(1.,0.,0.));
#10137 = PCURVE('',#6857,#10138);
#10138 = DEFINITIONAL_REPRESENTATION('',(#10139),#10143);
#10139 = LINE('',#10140,#10141);
#10140 = CARTESIAN_POINT('',(-6.28318530718,-4.));
#10141 = VECTOR('',#10142,1.);
#10142 = DIRECTION('',(1.,-0.));
#10143 = ( GEOMETRIC_REPRESENTATION_CONTEXT(2) 
PARAMETRIC_REPRESENTATION_CONTEXT() REPRESENTATION_CONTEXT('2D SPACE',''
  ) );
#10144 = PCURVE('',#7227,#10145);
#10145 = DEFINITIONAL_REPRESENTATION('',(#10146),#10154);
#10146 = ( BOUNDED_CURVE() B_SPLINE_CURVE(2,(#10147,#10148,#10149,#10150
    ,#10151,#10152,#10153),.UNSPECIFIED.,.T.,.F.) 
B_SPLINE_CURVE_WITH_KNOTS((1,2,2,2,2,1),(-2.094395102393,0.,
    2.094395102393,4.188790204786,6.28318530718,8.377580409573),
.UNSPECIFIED.) CURVE() GEOMETRIC_REPRESENTATION_ITEM() 
RATIONAL_B_SPLINE_CURVE((1.,0.5,1.,0.5,1.,0.5,1.)) REPRESENTATION_ITEM(
  '') );
#10147 = CARTESIAN_POINT('',(18.5,16.));
#10148 = CARTESIAN_POINT('',(18.5,-0.454482671904));
#10149 = CARTESIAN_POINT('',(4.25,7.772758664048));
#10150 = CARTESIAN_POINT('',(-10.,16.));
#10151 = CARTESIAN_POINT('',(4.25,24.227241335952));
#10152 = CARTESIAN_POINT('',(18.5,32.454482671904));
#10153 = CARTESIAN_POINT('',(18.5,16.));
#10154 = ( GEOMETRIC_REPRESENTATION_CONTEXT(2) 
PARAMETRIC_REPRESENTATION_CONTEXT() REPRESENTATION_CONTEXT('2D SPACE',''
  ) );
#10155 = ORIENTED_EDGE('',*,*,#10156,.F.);
#10156 = EDGE_CURVE('',#10157,#10129,#10159,.T.);
#10157 = VERTEX_POINT('',#10158);
#10158 = CARTESIAN_POINT('',(128.02000000252,3.099935490527,
    -9.282134727964));
#10159 = SURFACE_CURVE('',#10160,(#10187,#10217),.PCURVE_S1.);
#10160 = B_SPLINE_CURVE_WITH_KNOTS('',7,(#10161,#10162,#10163,#10164,
    #10165,#10166,#10167,#10168,#10169,#10170,#10171,#10172,#10173,
    #10174,#10175,#10176,#10177,#10178,#10179,#10180,#10181,#10182,
    #10183,#10184,#10185,#10186),.UNSPECIFIED.,.F.,.F.,(8,6,6,6,8),(0.,
    0.110013801182,0.290298739542,0.540253647773,1.),.UNSPECIFIED.);
#10161 = CARTESIAN_POINT('',(128.,3.041381265149,-9.));
#10162 = CARTESIAN_POINT('',(128.,3.041381265149,-9.068349632269));
#10163 = CARTESIAN_POINT('',(128.00272528552,3.04944539883,
    -9.135790148196));
#10164 = CARTESIAN_POINT('',(128.00804460585,3.065187863951,
    -9.202007003373));
#10165 = CARTESIAN_POINT('',(128.0157798758,3.087925802154,
    -9.266646635095));
#10166 = CARTESIAN_POINT('',(128.02568367205,3.116672949331,
    -9.32928244344));
#10167 = CARTESIAN_POINT('',(128.03740271683,3.150136117617,
    -9.389382747464));
#10168 = CARTESIAN_POINT('',(128.07177144347,3.246657288594,-9.539522171
    ));
#10169 = CARTESIAN_POINT('',(128.09725653894,3.316747710012,
    -9.626935344063));
#10170 = CARTESIAN_POINT('',(128.1259904145,3.393559696352,
    -9.708901189185));
#10171 = CARTESIAN_POINT('',(128.15730986639,3.474575822677,
    -9.785839992311));
#10172 = CARTESIAN_POINT('',(128.19078321418,3.55836247758,
    -9.858386840242));
#10173 = CARTESIAN_POINT('',(128.22637252652,3.64456818296,
    -9.927434120809));
#10174 = CARTESIAN_POINT('',(128.31738858046,3.857506858357,
    -10.08634145999));
#10175 = CARTESIAN_POINT('',(128.37475587979,3.986067301707,
    -10.17321552737));
#10176 = CARTESIAN_POINT('',(128.43607447348,4.117269025169,
    -10.25482521611));
#10177 = CARTESIAN_POINT('',(128.50103303871,4.249951767937,
    -10.33151278826));
#10178 = CARTESIAN_POINT('',(128.56959944176,4.383728121931,
    -10.40368482609));
#10179 = CARTESIAN_POINT('',(128.64202721769,4.518721795278,
    -10.47170318897));
#10180 = CARTESIAN_POINT('',(128.86005705666,4.906567327531,
    -10.65359068679));
#10181 = CARTESIAN_POINT('',(129.01484616004,5.161095239134,
    -10.75701950376));
#10182 = CARTESIAN_POINT('',(129.18334434917,5.416731835536,
    -10.84559108092));
#10183 = CARTESIAN_POINT('',(129.36612499166,5.672503473321,
    -10.91772524797));
#10184 = CARTESIAN_POINT('',(129.56356703416,5.926914915491,
    -10.97059711675));
#10185 = CARTESIAN_POINT('',(129.77548877445,6.177921836472,-11.));
#10186 = CARTESIAN_POINT('',(130.,6.422616289333,-11.));
#10187 = PCURVE('',#6857,#10188);
#10188 = DEFINITIONAL_REPRESENTATION('',(#10189),#10216);
#10189 = B_SPLINE_CURVE_WITH_KNOTS('',7,(#10190,#10191,#10192,#10193,
    #10194,#10195,#10196,#10197,#10198,#10199,#10200,#10201,#10202,
    #10203,#10204,#10205,#10206,#10207,#10208,#10209,#10210,#10211,
    #10212,#10213,#10214,#10215),.UNSPECIFIED.,.F.,.F.,(8,6,6,6,8),(0.,
    0.110013801182,0.290298739542,0.540253647773,1.),.UNSPECIFIED.);
#10190 = CARTESIAN_POINT('',(-2.815709696369,-6.));
#10191 = CARTESIAN_POINT('',(-2.815709696369,-5.931650367731));
#10192 = CARTESIAN_POINT('',(-2.814813678509,-5.864209851804));
#10193 = CARTESIAN_POINT('',(-2.813064525502,-5.797992996627));
#10194 = CARTESIAN_POINT('',(-2.810536367811,-5.733353364905));
#10195 = CARTESIAN_POINT('',(-2.807335856604,-5.67071755656));
#10196 = CARTESIAN_POINT('',(-2.80360371186,-5.610617252536));
#10197 = CARTESIAN_POINT('',(-2.792818708516,-5.460477829));
#10198 = CARTESIAN_POINT('',(-2.784968368618,-5.373064655937));
#10199 = CARTESIAN_POINT('',(-2.776336294788,-5.291098810815));
#10200 = CARTESIAN_POINT('',(-2.76719425117,-5.214160007689));
#10201 = CARTESIAN_POINT('',(-2.757697761785,-5.141613159758));
#10202 = CARTESIAN_POINT('',(-2.747881340475,-5.072565879191));
#10203 = CARTESIAN_POINT('',(-2.723505065384,-4.91365854001));
#10204 = CARTESIAN_POINT('',(-2.708688048559,-4.82678447263));
#10205 = CARTESIAN_POINT('',(-2.693447250857,-4.745174783885));
#10206 = CARTESIAN_POINT('',(-2.677901312224,-4.66848721174));
#10207 = CARTESIAN_POINT('',(-2.662082057043,-4.596315173905));
#10208 = CARTESIAN_POINT('',(-2.645959269763,-4.528296811026));
#10209 = CARTESIAN_POINT('',(-2.599124714775,-4.346409313209));
#10210 = CARTESIAN_POINT('',(-2.567785261749,-4.242980496232));
#10211 = CARTESIAN_POINT('',(-2.535591346291,-4.154408919073));
#10212 = CARTESIAN_POINT('',(-2.502543496743,-4.082274752029));
#10213 = CARTESIAN_POINT('',(-2.468690115031,-4.029402883249));
#10214 = CARTESIAN_POINT('',(-2.434140073978,-4.));
#10215 = CARTESIAN_POINT('',(-2.399183723569,-4.));
#10216 = ( GEOMETRIC_REPRESENTATION_CONTEXT(2) 
PARAMETRIC_REPRESENTATION_CONTEXT() REPRESENTATION_CONTEXT('2D SPACE',''
  ) );
#10217 = PCURVE('',#7458,#10218);
#10218 = DEFINITIONAL_REPRESENTATION('',(#10219),#10246);
#10219 = B_SPLINE_CURVE_WITH_KNOTS('',7,(#10220,#10221,#10222,#10223,
    #10224,#10225,#10226,#10227,#10228,#10229,#10230,#10231,#10232,
    #10233,#10234,#10235,#10236,#10237,#10238,#10239,#10240,#10241,
    #10242,#10243,#10244,#10245),.UNSPECIFIED.,.F.,.F.,(8,6,6,6,8),(0.,
    0.110013801182,0.290298739542,0.540253647773,1.),.UNSPECIFIED.);
#10220 = CARTESIAN_POINT('',(0.,19.041381265149));
#10221 = CARTESIAN_POINT('',(-3.417481613467E-02,19.041381265149));
#10222 = CARTESIAN_POINT('',(-6.78950736915E-02,19.04944539883));
#10223 = CARTESIAN_POINT('',(-0.101068707201,19.065187863951));
#10224 = CARTESIAN_POINT('',(-0.133576226712,19.087925802154));
#10225 = CARTESIAN_POINT('',(-0.165250065623,19.116672949331));
#10226 = CARTESIAN_POINT('',(-0.195850033705,19.150136117617));
#10227 = CARTESIAN_POINT('',(-0.272861487188,19.246657288594));
#10228 = CARTESIAN_POINT('',(-0.318309474794,19.316747710012));
#10229 = CARTESIAN_POINT('',(-0.361643422884,19.393559696352));
#10230 = CARTESIAN_POINT('',(-0.403093844258,19.474575822677));
#10231 = CARTESIAN_POINT('',(-0.442980630067,19.55836247758));
#10232 = CARTESIAN_POINT('',(-0.481782426777,19.644568182959));
#10233 = CARTESIAN_POINT('',(-0.573345880893,19.857506858357));
#10234 = CARTESIAN_POINT('',(-0.625294194578,19.986067301707));
#10235 = CARTESIAN_POINT('',(-0.676186294863,20.117269025169));
#10236 = CARTESIAN_POINT('',(-0.726286986265,20.249951767937));
#10237 = CARTESIAN_POINT('',(-0.775932980254,20.383728121931));
#10238 = CARTESIAN_POINT('',(-0.825526960565,20.518721795278));
#10239 = CARTESIAN_POINT('',(-0.967495330759,20.906567327531));
#10240 = CARTESIAN_POINT('',(-1.060052764144,21.161095239134));
#10241 = CARTESIAN_POINT('',(-1.154386939676,21.416731835537));
#10242 = CARTESIAN_POINT('',(-1.251550203649,21.67250347332));
#10243 = CARTESIAN_POINT('',(-1.352579477493,21.926914915491));
#10244 = CARTESIAN_POINT('',(-1.45854071402,22.177921836472));
#10245 = CARTESIAN_POINT('',(-1.570796326795,22.422616289333));
#10246 = ( GEOMETRIC_REPRESENTATION_CONTEXT(2) 
PARAMETRIC_REPRESENTATION_CONTEXT() REPRESENTATION_CONTEXT('2D SPACE',''
  ) );
#10247 = ORIENTED_EDGE('',*,*,#10248,.F.);
#10248 = EDGE_CURVE('',#10249,#10157,#10251,.T.);
#10249 = VERTEX_POINT('',#10250);
#10250 = CARTESIAN_POINT('',(128.02,3.0999354832,-9.));
#10251 = SURFACE_CURVE('',#10252,(#10256,#10263),.PCURVE_S1.);
#10252 = LINE('',#10253,#10254);
#10253 = CARTESIAN_POINT('',(128.02,3.0999354832,-14.));
#10254 = VECTOR('',#10255,1.);
#10255 = DIRECTION('',(-0.,-0.,-1.));
#10256 = PCURVE('',#6857,#10257);
#10257 = DEFINITIONAL_REPRESENTATION('',(#10258),#10262);
#10258 = LINE('',#10259,#10260);
#10259 = CARTESIAN_POINT('',(-2.80919645821,-1.));
#10260 = VECTOR('',#10261,1.);
#10261 = DIRECTION('',(-0.,1.));
#10262 = ( GEOMETRIC_REPRESENTATION_CONTEXT(2) 
PARAMETRIC_REPRESENTATION_CONTEXT() REPRESENTATION_CONTEXT('2D SPACE',''
  ) );
#10263 = PCURVE('',#9611,#10264);
#10264 = DEFINITIONAL_REPRESENTATION('',(#10265),#10269);
#10265 = LINE('',#10266,#10267);
#10266 = CARTESIAN_POINT('',(-7.847529976314,0.));
#10267 = VECTOR('',#10268,1.);
#10268 = DIRECTION('',(-0.,1.));
#10269 = ( GEOMETRIC_REPRESENTATION_CONTEXT(2) 
PARAMETRIC_REPRESENTATION_CONTEXT() REPRESENTATION_CONTEXT('2D SPACE',''
  ) );
#10270 = ORIENTED_EDGE('',*,*,#10271,.T.);
#10271 = EDGE_CURVE('',#10249,#10272,#10274,.T.);
#10272 = VERTEX_POINT('',#10273);
#10273 = CARTESIAN_POINT('',(128.02,-3.0999354832,-9.));
#10274 = SURFACE_CURVE('',#10275,(#10280,#10287),.PCURVE_S1.);
#10275 = CIRCLE('',#10276,9.5);
#10276 = AXIS2_PLACEMENT_3D('',#10277,#10278,#10279);
#10277 = CARTESIAN_POINT('',(137.,0.,-9.));
#10278 = DIRECTION('',(0.,0.,1.));
#10279 = DIRECTION('',(1.,0.,0.));
#10280 = PCURVE('',#6857,#10281);
#10281 = DEFINITIONAL_REPRESENTATION('',(#10282),#10286);
#10282 = LINE('',#10283,#10284);
#10283 = CARTESIAN_POINT('',(-0.,-6.));
#10284 = VECTOR('',#10285,1.);
#10285 = DIRECTION('',(-1.,0.));
#10286 = ( GEOMETRIC_REPRESENTATION_CONTEXT(2) 
PARAMETRIC_REPRESENTATION_CONTEXT() REPRESENTATION_CONTEXT('2D SPACE',''
  ) );
#10287 = PCURVE('',#10288,#10293);
#10288 = PLANE('',#10289);
#10289 = AXIS2_PLACEMENT_3D('',#10290,#10291,#10292);
#10290 = CARTESIAN_POINT('',(137.,1.879594466024E-16,-9.));
#10291 = DIRECTION('',(0.,0.,1.));
#10292 = DIRECTION('',(1.,0.,-0.));
#10293 = DEFINITIONAL_REPRESENTATION('',(#10294),#10298);
#10294 = CIRCLE('',#10295,9.5);
#10295 = AXIS2_PLACEMENT_2D('',#10296,#10297);
#10296 = CARTESIAN_POINT('',(0.,-1.879594466024E-16));
#10297 = DIRECTION('',(1.,0.));
#10298 = ( GEOMETRIC_REPRESENTATION_CONTEXT(2) 
PARAMETRIC_REPRESENTATION_CONTEXT() REPRESENTATION_CONTEXT('2D SPACE',''
  ) );
#10299 = ORIENTED_EDGE('',*,*,#10300,.T.);
#10300 = EDGE_CURVE('',#10272,#9448,#10301,.T.);
#10301 = SURFACE_CURVE('',#10302,(#10306,#10313),.PCURVE_S1.);
#10302 = LINE('',#10303,#10304);
#10303 = CARTESIAN_POINT('',(128.02,-3.0999354832,-14.));
#10304 = VECTOR('',#10305,1.);
#10305 = DIRECTION('',(-0.,-0.,-1.));
#10306 = PCURVE('',#6857,#10307);
#10307 = DEFINITIONAL_REPRESENTATION('',(#10308),#10312);
#10308 = LINE('',#10309,#10310);
#10309 = CARTESIAN_POINT('',(-3.47398884897,-1.));
#10310 = VECTOR('',#10311,1.);
#10311 = DIRECTION('',(-0.,1.));
#10312 = ( GEOMETRIC_REPRESENTATION_CONTEXT(2) 
PARAMETRIC_REPRESENTATION_CONTEXT() REPRESENTATION_CONTEXT('2D SPACE',''
  ) );
#10313 = PCURVE('',#9611,#10314);
#10314 = DEFINITIONAL_REPRESENTATION('',(#10315),#10319);
#10315 = LINE('',#10316,#10317);
#10316 = CARTESIAN_POINT('',(-4.718840638045,0.));
#10317 = VECTOR('',#10318,1.);
#10318 = DIRECTION('',(-0.,1.));
#10319 = ( GEOMETRIC_REPRESENTATION_CONTEXT(2) 
PARAMETRIC_REPRESENTATION_CONTEXT() REPRESENTATION_CONTEXT('2D SPACE',''
  ) );
#10320 = ORIENTED_EDGE('',*,*,#9447,.T.);
#10321 = ORIENTED_EDGE('',*,*,#9369,.F.);
#10322 = ORIENTED_EDGE('',*,*,#6797,.F.);
#10323 = ORIENTED_EDGE('',*,*,#7018,.T.);
#10324 = ORIENTED_EDGE('',*,*,#10105,.F.);
#10325 = ADVANCED_FACE('',(#10326),#6980,.T.);
#10326 = FACE_BOUND('',#10327,.F.);
#10327 = EDGE_LOOP('',(#10328,#10329,#10352,#10379,#10380,#10381,#10382,
    #10383,#10384,#10407,#10436,#10459,#10551,#10577));
#10328 = ORIENTED_EDGE('',*,*,#7092,.F.);
#10329 = ORIENTED_EDGE('',*,*,#10330,.T.);
#10330 = EDGE_CURVE('',#7069,#10331,#10333,.T.);
#10331 = VERTEX_POINT('',#10332);
#10332 = CARTESIAN_POINT('',(146.5,0.,15.));
#10333 = SEAM_CURVE('',#10334,(#10338,#10345),.PCURVE_S1.);
#10334 = LINE('',#10335,#10336);
#10335 = CARTESIAN_POINT('',(146.5,0.,9.));
#10336 = VECTOR('',#10337,1.);
#10337 = DIRECTION('',(0.,0.,1.));
#10338 = PCURVE('',#6980,#10339);
#10339 = DEFINITIONAL_REPRESENTATION('',(#10340),#10344);
#10340 = LINE('',#10341,#10342);
#10341 = CARTESIAN_POINT('',(-6.28318530718,0.));
#10342 = VECTOR('',#10343,1.);
#10343 = DIRECTION('',(-0.,-1.));
#10344 = ( GEOMETRIC_REPRESENTATION_CONTEXT(2) 
PARAMETRIC_REPRESENTATION_CONTEXT() REPRESENTATION_CONTEXT('2D SPACE',''
  ) );
#10345 = PCURVE('',#6980,#10346);
#10346 = DEFINITIONAL_REPRESENTATION('',(#10347),#10351);
#10347 = LINE('',#10348,#10349);
#10348 = CARTESIAN_POINT('',(-0.,0.));
#10349 = VECTOR('',#10350,1.);
#10350 = DIRECTION('',(-0.,-1.));
#10351 = ( GEOMETRIC_REPRESENTATION_CONTEXT(2) 
PARAMETRIC_REPRESENTATION_CONTEXT() REPRESENTATION_CONTEXT('2D SPACE',''
  ) );
#10352 = ORIENTED_EDGE('',*,*,#10353,.T.);
#10353 = EDGE_CURVE('',#10331,#10331,#10354,.T.);
#10354 = SURFACE_CURVE('',#10355,(#10360,#10367),.PCURVE_S1.);
#10355 = CIRCLE('',#10356,9.5);
#10356 = AXIS2_PLACEMENT_3D('',#10357,#10358,#10359);
#10357 = CARTESIAN_POINT('',(137.,0.,15.));
#10358 = DIRECTION('',(0.,0.,1.));
#10359 = DIRECTION('',(1.,0.,0.));
#10360 = PCURVE('',#6980,#10361);
#10361 = DEFINITIONAL_REPRESENTATION('',(#10362),#10366);
#10362 = LINE('',#10363,#10364);
#10363 = CARTESIAN_POINT('',(-0.,-6.));
#10364 = VECTOR('',#10365,1.);
#10365 = DIRECTION('',(-1.,0.));
#10366 = ( GEOMETRIC_REPRESENTATION_CONTEXT(2) 
PARAMETRIC_REPRESENTATION_CONTEXT() REPRESENTATION_CONTEXT('2D SPACE',''
  ) );
#10367 = PCURVE('',#10368,#10373);
#10368 = PLANE('',#10369);
#10369 = AXIS2_PLACEMENT_3D('',#10370,#10371,#10372);
#10370 = CARTESIAN_POINT('',(137.,1.879594466024E-16,15.));
#10371 = DIRECTION('',(0.,0.,1.));
#10372 = DIRECTION('',(1.,0.,-0.));
#10373 = DEFINITIONAL_REPRESENTATION('',(#10374),#10378);
#10374 = CIRCLE('',#10375,9.5);
#10375 = AXIS2_PLACEMENT_2D('',#10376,#10377);
#10376 = CARTESIAN_POINT('',(0.,-1.879594466024E-16));
#10377 = DIRECTION('',(1.,0.));
#10378 = ( GEOMETRIC_REPRESENTATION_CONTEXT(2) 
PARAMETRIC_REPRESENTATION_CONTEXT() REPRESENTATION_CONTEXT('2D SPACE',''
  ) );
#10379 = ORIENTED_EDGE('',*,*,#10330,.F.);
#10380 = ORIENTED_EDGE('',*,*,#7068,.F.);
#10381 = ORIENTED_EDGE('',*,*,#6920,.T.);
#10382 = ORIENTED_EDGE('',*,*,#10045,.T.);
#10383 = ORIENTED_EDGE('',*,*,#9841,.F.);
#10384 = ORIENTED_EDGE('',*,*,#10385,.T.);
#10385 = EDGE_CURVE('',#9842,#10386,#10388,.T.);
#10386 = VERTEX_POINT('',#10387);
#10387 = CARTESIAN_POINT('',(128.02,-3.0999354832,9.));
#10388 = SURFACE_CURVE('',#10389,(#10393,#10400),.PCURVE_S1.);
#10389 = LINE('',#10390,#10391);
#10390 = CARTESIAN_POINT('',(128.02,-3.0999354832,-14.));
#10391 = VECTOR('',#10392,1.);
#10392 = DIRECTION('',(-0.,-0.,-1.));
#10393 = PCURVE('',#6980,#10394);
#10394 = DEFINITIONAL_REPRESENTATION('',(#10395),#10399);
#10395 = LINE('',#10396,#10397);
#10396 = CARTESIAN_POINT('',(-3.47398884897,23.));
#10397 = VECTOR('',#10398,1.);
#10398 = DIRECTION('',(-0.,1.));
#10399 = ( GEOMETRIC_REPRESENTATION_CONTEXT(2) 
PARAMETRIC_REPRESENTATION_CONTEXT() REPRESENTATION_CONTEXT('2D SPACE',''
  ) );
#10400 = PCURVE('',#9780,#10401);
#10401 = DEFINITIONAL_REPRESENTATION('',(#10402),#10406);
#10402 = LINE('',#10403,#10404);
#10403 = CARTESIAN_POINT('',(-4.718840638045,0.));
#10404 = VECTOR('',#10405,1.);
#10405 = DIRECTION('',(-0.,1.));
#10406 = ( GEOMETRIC_REPRESENTATION_CONTEXT(2) 
PARAMETRIC_REPRESENTATION_CONTEXT() REPRESENTATION_CONTEXT('2D SPACE',''
  ) );
#10407 = ORIENTED_EDGE('',*,*,#10408,.F.);
#10408 = EDGE_CURVE('',#10409,#10386,#10411,.T.);
#10409 = VERTEX_POINT('',#10410);
#10410 = CARTESIAN_POINT('',(128.02,3.0999354832,9.));
#10411 = SURFACE_CURVE('',#10412,(#10417,#10424),.PCURVE_S1.);
#10412 = CIRCLE('',#10413,9.5);
#10413 = AXIS2_PLACEMENT_3D('',#10414,#10415,#10416);
#10414 = CARTESIAN_POINT('',(137.,0.,9.));
#10415 = DIRECTION('',(0.,0.,1.));
#10416 = DIRECTION('',(1.,0.,0.));
#10417 = PCURVE('',#6980,#10418);
#10418 = DEFINITIONAL_REPRESENTATION('',(#10419),#10423);
#10419 = LINE('',#10420,#10421);
#10420 = CARTESIAN_POINT('',(-0.,0.));
#10421 = VECTOR('',#10422,1.);
#10422 = DIRECTION('',(-1.,0.));
#10423 = ( GEOMETRIC_REPRESENTATION_CONTEXT(2) 
PARAMETRIC_REPRESENTATION_CONTEXT() REPRESENTATION_CONTEXT('2D SPACE',''
  ) );
#10424 = PCURVE('',#10425,#10430);
#10425 = PLANE('',#10426);
#10426 = AXIS2_PLACEMENT_3D('',#10427,#10428,#10429);
#10427 = CARTESIAN_POINT('',(137.,1.879594466024E-16,9.));
#10428 = DIRECTION('',(0.,0.,1.));
#10429 = DIRECTION('',(1.,0.,-0.));
#10430 = DEFINITIONAL_REPRESENTATION('',(#10431),#10435);
#10431 = CIRCLE('',#10432,9.5);
#10432 = AXIS2_PLACEMENT_2D('',#10433,#10434);
#10433 = CARTESIAN_POINT('',(0.,-1.879594466024E-16));
#10434 = DIRECTION('',(1.,0.));
#10435 = ( GEOMETRIC_REPRESENTATION_CONTEXT(2) 
PARAMETRIC_REPRESENTATION_CONTEXT() REPRESENTATION_CONTEXT('2D SPACE',''
  ) );
#10436 = ORIENTED_EDGE('',*,*,#10437,.F.);
#10437 = EDGE_CURVE('',#10438,#10409,#10440,.T.);
#10438 = VERTEX_POINT('',#10439);
#10439 = CARTESIAN_POINT('',(128.02000000252,3.099935490527,
    9.282134727964));
#10440 = SURFACE_CURVE('',#10441,(#10445,#10452),.PCURVE_S1.);
#10441 = LINE('',#10442,#10443);
#10442 = CARTESIAN_POINT('',(128.02,3.0999354832,-14.));
#10443 = VECTOR('',#10444,1.);
#10444 = DIRECTION('',(-0.,-0.,-1.));
#10445 = PCURVE('',#6980,#10446);
#10446 = DEFINITIONAL_REPRESENTATION('',(#10447),#10451);
#10447 = LINE('',#10448,#10449);
#10448 = CARTESIAN_POINT('',(-2.80919645821,23.));
#10449 = VECTOR('',#10450,1.);
#10450 = DIRECTION('',(-0.,1.));
#10451 = ( GEOMETRIC_REPRESENTATION_CONTEXT(2) 
PARAMETRIC_REPRESENTATION_CONTEXT() REPRESENTATION_CONTEXT('2D SPACE',''
  ) );
#10452 = PCURVE('',#9780,#10453);
#10453 = DEFINITIONAL_REPRESENTATION('',(#10454),#10458);
#10454 = LINE('',#10455,#10456);
#10455 = CARTESIAN_POINT('',(-7.847529976314,0.));
#10456 = VECTOR('',#10457,1.);
#10457 = DIRECTION('',(-0.,1.));
#10458 = ( GEOMETRIC_REPRESENTATION_CONTEXT(2) 
PARAMETRIC_REPRESENTATION_CONTEXT() REPRESENTATION_CONTEXT('2D SPACE',''
  ) );
#10459 = ORIENTED_EDGE('',*,*,#10460,.T.);
#10460 = EDGE_CURVE('',#10438,#10461,#10463,.T.);
#10461 = VERTEX_POINT('',#10462);
#10462 = CARTESIAN_POINT('',(130.,6.422616289333,11.));
#10463 = SURFACE_CURVE('',#10464,(#10491,#10521),.PCURVE_S1.);
#10464 = B_SPLINE_CURVE_WITH_KNOTS('',7,(#10465,#10466,#10467,#10468,
    #10469,#10470,#10471,#10472,#10473,#10474,#10475,#10476,#10477,
    #10478,#10479,#10480,#10481,#10482,#10483,#10484,#10485,#10486,
    #10487,#10488,#10489,#10490),.UNSPECIFIED.,.F.,.F.,(8,6,6,6,8),(0.,
    0.110013801182,0.290298739543,0.540253647775,1.),.UNSPECIFIED.);
#10465 = CARTESIAN_POINT('',(128.,3.041381265149,9.));
#10466 = CARTESIAN_POINT('',(128.,3.041381265149,9.068349632269));
#10467 = CARTESIAN_POINT('',(128.00272528552,3.04944539883,
    9.135790148196));
#10468 = CARTESIAN_POINT('',(128.00804460585,3.065187863951,
    9.202007003373));
#10469 = CARTESIAN_POINT('',(128.0157798758,3.087925802154,
    9.266646635095));
#10470 = CARTESIAN_POINT('',(128.02568367205,3.116672949331,
    9.32928244344));
#10471 = CARTESIAN_POINT('',(128.03740271683,3.150136117617,
    9.389382747464));
#10472 = CARTESIAN_POINT('',(128.07177144347,3.246657288594,9.539522171)
  );
#10473 = CARTESIAN_POINT('',(128.09725653894,3.316747710012,
    9.626935344062));
#10474 = CARTESIAN_POINT('',(128.1259904145,3.393559696352,
    9.708901189185));
#10475 = CARTESIAN_POINT('',(128.15730986639,3.474575822677,
    9.78583999231));
#10476 = CARTESIAN_POINT('',(128.19078321418,3.55836247758,
    9.858386840242));
#10477 = CARTESIAN_POINT('',(128.22637252652,3.644568182959,
    9.927434120808));
#10478 = CARTESIAN_POINT('',(128.31738858046,3.857506858357,
    10.08634145999));
#10479 = CARTESIAN_POINT('',(128.37475587979,3.986067301707,
    10.17321552737));
#10480 = CARTESIAN_POINT('',(128.43607447348,4.117269025169,
    10.254825216115));
#10481 = CARTESIAN_POINT('',(128.50103303871,4.249951767937,
    10.33151278826));
#10482 = CARTESIAN_POINT('',(128.56959944176,4.383728121931,
    10.403684826095));
#10483 = CARTESIAN_POINT('',(128.64202721769,4.518721795278,
    10.471703188974));
#10484 = CARTESIAN_POINT('',(128.86005705666,4.906567327529,
    10.65359068679));
#10485 = CARTESIAN_POINT('',(129.01484616004,5.161095239137,
    10.75701950377));
#10486 = CARTESIAN_POINT('',(129.18334434917,5.416731835536,
    10.845591080926));
#10487 = CARTESIAN_POINT('',(129.36612499166,5.672503473318,
    10.917725247972));
#10488 = CARTESIAN_POINT('',(129.56356703416,5.926914915494,
    10.970597116751));
#10489 = CARTESIAN_POINT('',(129.77548877444,6.177921836472,11.));
#10490 = CARTESIAN_POINT('',(130.,6.422616289333,11.));
#10491 = PCURVE('',#6980,#10492);
#10492 = DEFINITIONAL_REPRESENTATION('',(#10493),#10520);
#10493 = B_SPLINE_CURVE_WITH_KNOTS('',7,(#10494,#10495,#10496,#10497,
    #10498,#10499,#10500,#10501,#10502,#10503,#10504,#10505,#10506,
    #10507,#10508,#10509,#10510,#10511,#10512,#10513,#10514,#10515,
    #10516,#10517,#10518,#10519),.UNSPECIFIED.,.F.,.F.,(8,6,6,6,8),(0.,
    0.110013801182,0.290298739543,0.540253647775,1.),.UNSPECIFIED.);
#10494 = CARTESIAN_POINT('',(-2.815709696369,0.));
#10495 = CARTESIAN_POINT('',(-2.815709696369,-6.834963226934E-02));
#10496 = CARTESIAN_POINT('',(-2.814813678509,-0.135790148196));
#10497 = CARTESIAN_POINT('',(-2.813064525502,-0.202007003373));
#10498 = CARTESIAN_POINT('',(-2.810536367811,-0.266646635095));
#10499 = CARTESIAN_POINT('',(-2.807335856604,-0.32928244344));
#10500 = CARTESIAN_POINT('',(-2.80360371186,-0.389382747464));
#10501 = CARTESIAN_POINT('',(-2.792818708516,-0.539522171));
#10502 = CARTESIAN_POINT('',(-2.784968368618,-0.626935344063));
#10503 = CARTESIAN_POINT('',(-2.776336294788,-0.708901189185));
#10504 = CARTESIAN_POINT('',(-2.76719425117,-0.78583999231));
#10505 = CARTESIAN_POINT('',(-2.757697761785,-0.858386840242));
#10506 = CARTESIAN_POINT('',(-2.747881340475,-0.927434120808));
#10507 = CARTESIAN_POINT('',(-2.723505065384,-1.08634145999));
#10508 = CARTESIAN_POINT('',(-2.708688048559,-1.17321552737));
#10509 = CARTESIAN_POINT('',(-2.693447250857,-1.254825216115));
#10510 = CARTESIAN_POINT('',(-2.677901312224,-1.33151278826));
#10511 = CARTESIAN_POINT('',(-2.662082057043,-1.403684826095));
#10512 = CARTESIAN_POINT('',(-2.645959269763,-1.471703188974));
#10513 = CARTESIAN_POINT('',(-2.599124714775,-1.65359068679));
#10514 = CARTESIAN_POINT('',(-2.567785261749,-1.75701950377));
#10515 = CARTESIAN_POINT('',(-2.535591346291,-1.845591080926));
#10516 = CARTESIAN_POINT('',(-2.502543496743,-1.917725247971));
#10517 = CARTESIAN_POINT('',(-2.468690115031,-1.970597116751));
#10518 = CARTESIAN_POINT('',(-2.434140073978,-2.));
#10519 = CARTESIAN_POINT('',(-2.399183723569,-2.));
#10520 = ( GEOMETRIC_REPRESENTATION_CONTEXT(2) 
PARAMETRIC_REPRESENTATION_CONTEXT() REPRESENTATION_CONTEXT('2D SPACE',''
  ) );
#10521 = PCURVE('',#7515,#10522);
#10522 = DEFINITIONAL_REPRESENTATION('',(#10523),#10550);
#10523 = B_SPLINE_CURVE_WITH_KNOTS('',7,(#10524,#10525,#10526,#10527,
    #10528,#10529,#10530,#10531,#10532,#10533,#10534,#10535,#10536,
    #10537,#10538,#10539,#10540,#10541,#10542,#10543,#10544,#10545,
    #10546,#10547,#10548,#10549),.UNSPECIFIED.,.F.,.F.,(8,6,6,6,8),(0.,
    0.110013801182,0.290298739543,0.540253647775,1.),.UNSPECIFIED.);
#10524 = CARTESIAN_POINT('',(0.,19.041381265149));
#10525 = CARTESIAN_POINT('',(3.417481613467E-02,19.041381265149));
#10526 = CARTESIAN_POINT('',(6.789507369149E-02,19.04944539883));
#10527 = CARTESIAN_POINT('',(0.101068707201,19.065187863951));
#10528 = CARTESIAN_POINT('',(0.133576226712,19.087925802154));
#10529 = CARTESIAN_POINT('',(0.165250065623,19.116672949331));
#10530 = CARTESIAN_POINT('',(0.195850033705,19.150136117617));
#10531 = CARTESIAN_POINT('',(0.272861487188,19.246657288594));
#10532 = CARTESIAN_POINT('',(0.318309474794,19.316747710012));
#10533 = CARTESIAN_POINT('',(0.361643422884,19.393559696352));
#10534 = CARTESIAN_POINT('',(0.403093844258,19.474575822677));
#10535 = CARTESIAN_POINT('',(0.442980630067,19.55836247758));
#10536 = CARTESIAN_POINT('',(0.481782426777,19.644568182959));
#10537 = CARTESIAN_POINT('',(0.573345880893,19.857506858357));
#10538 = CARTESIAN_POINT('',(0.625294194578,19.986067301707));
#10539 = CARTESIAN_POINT('',(0.676186294863,20.117269025169));
#10540 = CARTESIAN_POINT('',(0.726286986265,20.249951767937));
#10541 = CARTESIAN_POINT('',(0.775932980254,20.383728121931));
#10542 = CARTESIAN_POINT('',(0.825526960565,20.518721795278));
#10543 = CARTESIAN_POINT('',(0.967495330758,20.906567327529));
#10544 = CARTESIAN_POINT('',(1.060052764144,21.161095239137));
#10545 = CARTESIAN_POINT('',(1.154386939677,21.416731835537));
#10546 = CARTESIAN_POINT('',(1.251550203647,21.672503473317));
#10547 = CARTESIAN_POINT('',(1.352579477494,21.926914915494));
#10548 = CARTESIAN_POINT('',(1.45854071402,22.177921836472));
#10549 = CARTESIAN_POINT('',(1.570796326795,22.422616289333));
#10550 = ( GEOMETRIC_REPRESENTATION_CONTEXT(2) 
PARAMETRIC_REPRESENTATION_CONTEXT() REPRESENTATION_CONTEXT('2D SPACE',''
  ) );
#10551 = ORIENTED_EDGE('',*,*,#10552,.T.);
#10552 = EDGE_CURVE('',#10461,#7266,#10553,.T.);
#10553 = SURFACE_CURVE('',#10554,(#10559,#10566),.PCURVE_S1.);
#10554 = CIRCLE('',#10555,9.5);
#10555 = AXIS2_PLACEMENT_3D('',#10556,#10557,#10558);
#10556 = CARTESIAN_POINT('',(137.,0.,11.));
#10557 = DIRECTION('',(0.,0.,-1.));
#10558 = DIRECTION('',(1.,0.,0.));
#10559 = PCURVE('',#6980,#10560);
#10560 = DEFINITIONAL_REPRESENTATION('',(#10561),#10565);
#10561 = LINE('',#10562,#10563);
#10562 = CARTESIAN_POINT('',(-6.28318530718,-2.));
#10563 = VECTOR('',#10564,1.);
#10564 = DIRECTION('',(1.,-0.));
#10565 = ( GEOMETRIC_REPRESENTATION_CONTEXT(2) 
PARAMETRIC_REPRESENTATION_CONTEXT() REPRESENTATION_CONTEXT('2D SPACE',''
  ) );
#10566 = PCURVE('',#7373,#10567);
#10567 = DEFINITIONAL_REPRESENTATION('',(#10568),#10576);
#10568 = ( BOUNDED_CURVE() B_SPLINE_CURVE(2,(#10569,#10570,#10571,#10572
    ,#10573,#10574,#10575),.UNSPECIFIED.,.T.,.F.) 
B_SPLINE_CURVE_WITH_KNOTS((1,2,2,2,2,1),(-2.094395102393,0.,
    2.094395102393,4.188790204786,6.28318530718,8.377580409573),
.UNSPECIFIED.) CURVE() GEOMETRIC_REPRESENTATION_ITEM() 
RATIONAL_B_SPLINE_CURVE((1.,0.5,1.,0.5,1.,0.5,1.)) REPRESENTATION_ITEM(
  '') );
#10569 = CARTESIAN_POINT('',(18.5,16.));
#10570 = CARTESIAN_POINT('',(18.5,-0.454482671904));
#10571 = CARTESIAN_POINT('',(4.25,7.772758664048));
#10572 = CARTESIAN_POINT('',(-10.,16.));
#10573 = CARTESIAN_POINT('',(4.25,24.227241335952));
#10574 = CARTESIAN_POINT('',(18.5,32.454482671904));
#10575 = CARTESIAN_POINT('',(18.5,16.));
#10576 = ( GEOMETRIC_REPRESENTATION_CONTEXT(2) 
PARAMETRIC_REPRESENTATION_CONTEXT() REPRESENTATION_CONTEXT('2D SPACE',''
  ) );
#10577 = ORIENTED_EDGE('',*,*,#7265,.F.);
#10578 = ADVANCED_FACE('',(#10579),#7227,.F.);
#10579 = FACE_BOUND('',#10580,.F.);
#10580 = EDGE_LOOP('',(#10581,#10582,#10603,#10604));
#10581 = ORIENTED_EDGE('',*,*,#7414,.F.);
#10582 = ORIENTED_EDGE('',*,*,#10583,.F.);
#10583 = EDGE_CURVE('',#10129,#7415,#10584,.T.);
#10584 = SURFACE_CURVE('',#10585,(#10589,#10596),.PCURVE_S1.);
#10585 = LINE('',#10586,#10587);
#10586 = CARTESIAN_POINT('',(130.,-16.,-11.));
#10587 = VECTOR('',#10588,1.);
#10588 = DIRECTION('',(0.,1.,0.));
#10589 = PCURVE('',#7227,#10590);
#10590 = DEFINITIONAL_REPRESENTATION('',(#10591),#10595);
#10591 = LINE('',#10592,#10593);
#10592 = CARTESIAN_POINT('',(2.,0.));
#10593 = VECTOR('',#10594,1.);
#10594 = DIRECTION('',(0.,1.));
#10595 = ( GEOMETRIC_REPRESENTATION_CONTEXT(2) 
PARAMETRIC_REPRESENTATION_CONTEXT() REPRESENTATION_CONTEXT('2D SPACE',''
  ) );
#10596 = PCURVE('',#7458,#10597);
#10597 = DEFINITIONAL_REPRESENTATION('',(#10598),#10602);
#10598 = LINE('',#10599,#10600);
#10599 = CARTESIAN_POINT('',(-1.570796326795,0.));
#10600 = VECTOR('',#10601,1.);
#10601 = DIRECTION('',(-0.,1.));
#10602 = ( GEOMETRIC_REPRESENTATION_CONTEXT(2) 
PARAMETRIC_REPRESENTATION_CONTEXT() REPRESENTATION_CONTEXT('2D SPACE',''
  ) );
#10603 = ORIENTED_EDGE('',*,*,#10128,.T.);
#10604 = ORIENTED_EDGE('',*,*,#7211,.T.);
#10605 = ADVANCED_FACE('',(#10606),#7373,.T.);
#10606 = FACE_BOUND('',#10607,.T.);
#10607 = EDGE_LOOP('',(#10608,#10609,#10630,#10631));
#10608 = ORIENTED_EDGE('',*,*,#7527,.F.);
#10609 = ORIENTED_EDGE('',*,*,#10610,.F.);
#10610 = EDGE_CURVE('',#10461,#7499,#10611,.T.);
#10611 = SURFACE_CURVE('',#10612,(#10616,#10623),.PCURVE_S1.);
#10612 = LINE('',#10613,#10614);
#10613 = CARTESIAN_POINT('',(130.,-16.,11.));
#10614 = VECTOR('',#10615,1.);
#10615 = DIRECTION('',(0.,1.,0.));
#10616 = PCURVE('',#7373,#10617);
#10617 = DEFINITIONAL_REPRESENTATION('',(#10618),#10622);
#10618 = LINE('',#10619,#10620);
#10619 = CARTESIAN_POINT('',(2.,0.));
#10620 = VECTOR('',#10621,1.);
#10621 = DIRECTION('',(0.,1.));
#10622 = ( GEOMETRIC_REPRESENTATION_CONTEXT(2) 
PARAMETRIC_REPRESENTATION_CONTEXT() REPRESENTATION_CONTEXT('2D SPACE',''
  ) );
#10623 = PCURVE('',#7515,#10624);
#10624 = DEFINITIONAL_REPRESENTATION('',(#10625),#10629);
#10625 = LINE('',#10626,#10627);
#10626 = CARTESIAN_POINT('',(1.570796326795,0.));
#10627 = VECTOR('',#10628,1.);
#10628 = DIRECTION('',(0.,1.));
#10629 = ( GEOMETRIC_REPRESENTATION_CONTEXT(2) 
PARAMETRIC_REPRESENTATION_CONTEXT() REPRESENTATION_CONTEXT('2D SPACE',''
  ) );
#10630 = ORIENTED_EDGE('',*,*,#10552,.T.);
#10631 = ORIENTED_EDGE('',*,*,#7357,.T.);
#10632 = ADVANCED_FACE('',(#10633),#7458,.T.);
#10633 = FACE_BOUND('',#10634,.F.);
#10634 = EDGE_LOOP('',(#10635,#10658,#10766,#10767,#10768));
#10635 = ORIENTED_EDGE('',*,*,#10636,.F.);
#10636 = EDGE_CURVE('',#10637,#7438,#10639,.T.);
#10637 = VERTEX_POINT('',#10638);
#10638 = CARTESIAN_POINT('',(128.,3.1,-9.));
#10639 = SURFACE_CURVE('',#10640,(#10644,#10651),.PCURVE_S1.);
#10640 = LINE('',#10641,#10642);
#10641 = CARTESIAN_POINT('',(128.,-16.,-9.));
#10642 = VECTOR('',#10643,1.);
#10643 = DIRECTION('',(0.,1.,0.));
#10644 = PCURVE('',#7458,#10645);
#10645 = DEFINITIONAL_REPRESENTATION('',(#10646),#10650);
#10646 = LINE('',#10647,#10648);
#10647 = CARTESIAN_POINT('',(-0.,0.));
#10648 = VECTOR('',#10649,1.);
#10649 = DIRECTION('',(-0.,1.));
#10650 = ( GEOMETRIC_REPRESENTATION_CONTEXT(2) 
PARAMETRIC_REPRESENTATION_CONTEXT() REPRESENTATION_CONTEXT('2D SPACE',''
  ) );
#10651 = PCURVE('',#7486,#10652);
#10652 = DEFINITIONAL_REPRESENTATION('',(#10653),#10657);
#10653 = LINE('',#10654,#10655);
#10654 = CARTESIAN_POINT('',(2.,0.));
#10655 = VECTOR('',#10656,1.);
#10656 = DIRECTION('',(0.,-1.));
#10657 = ( GEOMETRIC_REPRESENTATION_CONTEXT(2) 
PARAMETRIC_REPRESENTATION_CONTEXT() REPRESENTATION_CONTEXT('2D SPACE',''
  ) );
#10658 = ORIENTED_EDGE('',*,*,#10659,.F.);
#10659 = EDGE_CURVE('',#10157,#10637,#10660,.T.);
#10660 = SURFACE_CURVE('',#10661,(#10694,#10730),.PCURVE_S1.);
#10661 = B_SPLINE_CURVE_WITH_KNOTS('',7,(#10662,#10663,#10664,#10665,
    #10666,#10667,#10668,#10669,#10670,#10671,#10672,#10673,#10674,
    #10675,#10676,#10677,#10678,#10679,#10680,#10681,#10682,#10683,
    #10684,#10685,#10686,#10687,#10688,#10689,#10690,#10691,#10692,
    #10693),.UNSPECIFIED.,.F.,.F.,(8,6,6,6,6,8),(0.,9.489676687444E-02,
    0.258258184557,0.41667545491,0.511970999498,1.),.UNSPECIFIED.);
#10662 = CARTESIAN_POINT('',(130.,2.368543856465,-11.));
#10663 = CARTESIAN_POINT('',(129.96400048246,2.398941872899,-11.));
#10664 = CARTESIAN_POINT('',(129.92730868078,2.428830923164,
    -10.99924404939));
#10665 = CARTESIAN_POINT('',(129.88995467475,2.458168929224,
    -10.9976797334));
#10666 = CARTESIAN_POINT('',(129.85197066113,2.486916929436,
    -10.99525523573));
#10667 = CARTESIAN_POINT('',(129.81339095356,2.515039078548,
    -10.99191933854));
#10668 = CARTESIAN_POINT('',(129.77425198266,2.542502647702,
    -10.98762142246));
#10669 = CARTESIAN_POINT('',(129.66631955223,2.615370885599,
    -10.97317056596));
#10670 = CARTESIAN_POINT('',(129.59641824427,2.659482164636,
    -10.96101941189));
#10671 = CARTESIAN_POINT('',(129.52528549184,2.701310486153,
    -10.94561631825));
#10672 = CARTESIAN_POINT('',(129.4533406375,2.740636900431,
    -10.92677560559));
#10673 = CARTESIAN_POINT('',(129.38101564474,2.777318730352,
    -10.90437281673));
#10674 = CARTESIAN_POINT('',(129.30874549616,2.811283418344,
    -10.87834993244));
#10675 = CARTESIAN_POINT('',(129.16734432375,2.872815878638,
    -10.81998797633));
#10676 = CARTESIAN_POINT('',(129.09835512119,2.900471994755,
    -10.78793416568));
#10677 = CARTESIAN_POINT('',(129.03037834419,2.9255034044,
    -10.75260092769));
#10678 = CARTESIAN_POINT('',(128.96379936173,2.947975232368,
    -10.71409739136));
#10679 = CARTESIAN_POINT('',(128.89899052908,2.967996563279,
    -10.67260390088));
#10680 = CARTESIAN_POINT('',(128.83630016555,2.985711959341,
    -10.62837587439));
#10681 = CARTESIAN_POINT('',(128.73979308975,3.010665704112,
    -10.55369856941));
#10682 = CARTESIAN_POINT('',(128.70440086003,3.019272135304,
    -10.52476257411));
#10683 = CARTESIAN_POINT('',(128.66990009517,3.027156623836,
    -10.49498332434));
#10684 = CARTESIAN_POINT('',(128.6363236887,3.034363408025,
    -10.46440763218));
#10685 = CARTESIAN_POINT('',(128.60370191006,3.040936334873,
    -10.43308552731));
#10686 = CARTESIAN_POINT('',(128.57206213912,3.046918582573,
    -10.40107030983));
#10687 = CARTESIAN_POINT('',(128.38454765627,3.080180044998,
    -10.20120218398));
#10688 = CARTESIAN_POINT('',(128.2547627095,3.093499174456,
    -10.01804486307));
#10689 = CARTESIAN_POINT('',(128.15202568658,3.098716688216,
    -9.823761892342));
#10690 = CARTESIAN_POINT('',(128.07571677668,3.099996821092,
    -9.62208434669));
#10691 = CARTESIAN_POINT('',(128.02520087885,3.10000076326,
    -9.41596086866));
#10692 = CARTESIAN_POINT('',(128.,3.1,-9.207849631609));
#10693 = CARTESIAN_POINT('',(128.,3.1,-9.));
#10694 = PCURVE('',#7458,#10695);
#10695 = DEFINITIONAL_REPRESENTATION('',(#10696),#10729);
#10696 = B_SPLINE_CURVE_WITH_KNOTS('',7,(#10697,#10698,#10699,#10700,
    #10701,#10702,#10703,#10704,#10705,#10706,#10707,#10708,#10709,
    #10710,#10711,#10712,#10713,#10714,#10715,#10716,#10717,#10718,
    #10719,#10720,#10721,#10722,#10723,#10724,#10725,#10726,#10727,
    #10728),.UNSPECIFIED.,.F.,.F.,(8,6,6,6,6,8),(0.,9.489676687444E-02,
    0.258258184557,0.41667545491,0.511970999498,1.),.UNSPECIFIED.);
#10697 = CARTESIAN_POINT('',(-1.570796326795,18.368543856465));
#10698 = CARTESIAN_POINT('',(-1.552796568027,18.398941872899));
#10699 = CARTESIAN_POINT('',(-1.534450631464,18.428830923164));
#10700 = CARTESIAN_POINT('',(-1.515764119001,18.458168929224));
#10701 = CARTESIAN_POINT('',(-1.496741932952,18.486916929436));
#10702 = CARTESIAN_POINT('',(-1.477388276051,18.515039078548));
#10703 = CARTESIAN_POINT('',(-1.45770665145,18.542502647702));
#10704 = CARTESIAN_POINT('',(-1.403258885673,18.615370885599));
#10705 = CARTESIAN_POINT('',(-1.367810949073,18.659482164636));
#10706 = CARTESIAN_POINT('',(-1.331470657909,18.701310486153));
#10707 = CARTESIAN_POINT('',(-1.294348487991,18.740636900431));
#10708 = CARTESIAN_POINT('',(-1.25655182973,18.777318730352));
#10709 = CARTESIAN_POINT('',(-1.218186031903,18.811283418344));
#10710 = CARTESIAN_POINT('',(-1.141700069988,18.872815878638));
#10711 = CARTESIAN_POINT('',(-1.103699889272,18.900471994755));
#10712 = CARTESIAN_POINT('',(-1.065455243206,18.9255034044));
#10713 = CARTESIAN_POINT('',(-1.027070005496,18.947975232368));
#10714 = CARTESIAN_POINT('',(-0.988655063353,18.967996563279));
#10715 = CARTESIAN_POINT('',(-0.950331797213,18.985711959341));
#10716 = CARTESIAN_POINT('',(-0.889318856867,19.010665704112));
#10717 = CARTESIAN_POINT('',(-0.866469346651,19.019272135304));
#10718 = CARTESIAN_POINT('',(-0.843694675355,19.027156623836));
#10719 = CARTESIAN_POINT('',(-0.821003026372,19.034363408025));
#10720 = CARTESIAN_POINT('',(-0.798403255339,19.040936334873));
#10721 = CARTESIAN_POINT('',(-0.775905024536,19.046918582573));
#10722 = CARTESIAN_POINT('',(-0.638874964869,19.080180044998));
#10723 = CARTESIAN_POINT('',(-0.52768795806,19.093499174456));
#10724 = CARTESIAN_POINT('',(-0.419235981949,19.098716688216));
#10725 = CARTESIAN_POINT('',(-0.312875074358,19.099996821092));
#10726 = CARTESIAN_POINT('',(-0.207980521687,19.10000076326));
#10727 = CARTESIAN_POINT('',(-0.103924815805,19.1));
#10728 = CARTESIAN_POINT('',(0.,19.1));
#10729 = ( GEOMETRIC_REPRESENTATION_CONTEXT(2) 
PARAMETRIC_REPRESENTATION_CONTEXT() REPRESENTATION_CONTEXT('2D SPACE',''
  ) );
#10730 = PCURVE('',#9611,#10731);
#10731 = DEFINITIONAL_REPRESENTATION('',(#10732),#10765);
#10732 = B_SPLINE_CURVE_WITH_KNOTS('',7,(#10733,#10734,#10735,#10736,
    #10737,#10738,#10739,#10740,#10741,#10742,#10743,#10744,#10745,
    #10746,#10747,#10748,#10749,#10750,#10751,#10752,#10753,#10754,
    #10755,#10756,#10757,#10758,#10759,#10760,#10761,#10762,#10763,
    #10764),.UNSPECIFIED.,.F.,.F.,(8,6,6,6,6,8),(0.,9.489676687444E-02,
    0.258258184557,0.41667545491,0.511970999498,1.),.UNSPECIFIED.);
#10733 = CARTESIAN_POINT('',(-7.152747269391,-3.));
#10734 = CARTESIAN_POINT('',(-7.167946277608,-3.));
#10735 = CARTESIAN_POINT('',(-7.183209939408,-3.000755950606));
#10736 = CARTESIAN_POINT('',(-7.198527934447,-3.002320266592));
#10737 = CARTESIAN_POINT('',(-7.213890142208,-3.004744764264));
#10738 = CARTESIAN_POINT('',(-7.229286642001,-3.008080661455));
#10739 = CARTESIAN_POINT('',(-7.244707712962,-3.012378577533));
#10740 = CARTESIAN_POINT('',(-7.286716568915,-3.026829434039));
#10741 = CARTESIAN_POINT('',(-7.313366952446,-3.03898058811));
#10742 = CARTESIAN_POINT('',(-7.339965374075,-3.054383681742));
#10743 = CARTESIAN_POINT('',(-7.366391297868,-3.073224394403));
#10744 = CARTESIAN_POINT('',(-7.392531841724,-3.095627183263));
#10745 = CARTESIAN_POINT('',(-7.418280356557,-3.121650067557));
#10746 = CARTESIAN_POINT('',(-7.468025320305,-3.180012023664));
#10747 = CARTESIAN_POINT('',(-7.491991172299,-3.212065834318));
#10748 = CARTESIAN_POINT('',(-7.515343993098,-3.247399072308));
#10749 = CARTESIAN_POINT('',(-7.537997100886,-3.285902608634));
#10750 = CARTESIAN_POINT('',(-7.559867354699,-3.327396099117));
#10751 = CARTESIAN_POINT('',(-7.580876808724,-3.371624125602));
#10752 = CARTESIAN_POINT('',(-7.613031975347,-3.44630143059));
#10753 = CARTESIAN_POINT('',(-7.624780299248,-3.475237425887));
#10754 = CARTESIAN_POINT('',(-7.636194790207,-3.505016675657));
#10755 = CARTESIAN_POINT('',(-7.647270916093,-3.535592367811));
#10756 = CARTESIAN_POINT('',(-7.658004297066,-3.566914472688));
#10757 = CARTESIAN_POINT('',(-7.66839084192,-3.598929690165));
#10758 = CARTESIAN_POINT('',(-7.729823618782,-3.798797816014));
#10759 = CARTESIAN_POINT('',(-7.771796840685,-3.981955136927));
#10760 = CARTESIAN_POINT('',(-7.804942932358,-4.176238107658));
#10761 = CARTESIAN_POINT('',(-7.829556011038,-4.37791565331));
#10762 = CARTESIAN_POINT('',(-7.845852530946,-4.58403913134));
#10763 = CARTESIAN_POINT('',(-7.853981633974,-4.792150368391));
#10764 = CARTESIAN_POINT('',(-7.853981633974,-5.));
#10765 = ( GEOMETRIC_REPRESENTATION_CONTEXT(2) 
PARAMETRIC_REPRESENTATION_CONTEXT() REPRESENTATION_CONTEXT('2D SPACE',''
  ) );
#10766 = ORIENTED_EDGE('',*,*,#10156,.T.);
#10767 = ORIENTED_EDGE('',*,*,#10583,.T.);
#10768 = ORIENTED_EDGE('',*,*,#7437,.F.);
#10769 = ADVANCED_FACE('',(#10770),#7486,.F.);
#10770 = FACE_BOUND('',#10771,.F.);
#10771 = EDGE_LOOP('',(#10772,#10795,#10818,#10841,#10869,#10892,#10913,
    #10914));
#10772 = ORIENTED_EDGE('',*,*,#10773,.F.);
#10773 = EDGE_CURVE('',#10774,#7471,#10776,.T.);
#10774 = VERTEX_POINT('',#10775);
#10775 = CARTESIAN_POINT('',(128.,3.1,9.));
#10776 = SURFACE_CURVE('',#10777,(#10781,#10788),.PCURVE_S1.);
#10777 = LINE('',#10778,#10779);
#10778 = CARTESIAN_POINT('',(128.,-16.,9.));
#10779 = VECTOR('',#10780,1.);
#10780 = DIRECTION('',(0.,1.,0.));
#10781 = PCURVE('',#7486,#10782);
#10782 = DEFINITIONAL_REPRESENTATION('',(#10783),#10787);
#10783 = LINE('',#10784,#10785);
#10784 = CARTESIAN_POINT('',(20.,0.));
#10785 = VECTOR('',#10786,1.);
#10786 = DIRECTION('',(0.,-1.));
#10787 = ( GEOMETRIC_REPRESENTATION_CONTEXT(2) 
PARAMETRIC_REPRESENTATION_CONTEXT() REPRESENTATION_CONTEXT('2D SPACE',''
  ) );
#10788 = PCURVE('',#7515,#10789);
#10789 = DEFINITIONAL_REPRESENTATION('',(#10790),#10794);
#10790 = LINE('',#10791,#10792);
#10791 = CARTESIAN_POINT('',(0.,0.));
#10792 = VECTOR('',#10793,1.);
#10793 = DIRECTION('',(0.,1.));
#10794 = ( GEOMETRIC_REPRESENTATION_CONTEXT(2) 
PARAMETRIC_REPRESENTATION_CONTEXT() REPRESENTATION_CONTEXT('2D SPACE',''
  ) );
#10795 = ORIENTED_EDGE('',*,*,#10796,.T.);
#10796 = EDGE_CURVE('',#10774,#10797,#10799,.T.);
#10797 = VERTEX_POINT('',#10798);
#10798 = CARTESIAN_POINT('',(128.,3.1,8.));
#10799 = SURFACE_CURVE('',#10800,(#10804,#10811),.PCURVE_S1.);
#10800 = LINE('',#10801,#10802);
#10801 = CARTESIAN_POINT('',(128.,3.1,-14.));
#10802 = VECTOR('',#10803,1.);
#10803 = DIRECTION('',(-0.,-0.,-1.));
#10804 = PCURVE('',#7486,#10805);
#10805 = DEFINITIONAL_REPRESENTATION('',(#10806),#10810);
#10806 = LINE('',#10807,#10808);
#10807 = CARTESIAN_POINT('',(-3.,-19.1));
#10808 = VECTOR('',#10809,1.);
#10809 = DIRECTION('',(-1.,0.));
#10810 = ( GEOMETRIC_REPRESENTATION_CONTEXT(2) 
PARAMETRIC_REPRESENTATION_CONTEXT() REPRESENTATION_CONTEXT('2D SPACE',''
  ) );
#10811 = PCURVE('',#9780,#10812);
#10812 = DEFINITIONAL_REPRESENTATION('',(#10813),#10817);
#10813 = LINE('',#10814,#10815);
#10814 = CARTESIAN_POINT('',(-7.853981633974,0.));
#10815 = VECTOR('',#10816,1.);
#10816 = DIRECTION('',(-0.,1.));
#10817 = ( GEOMETRIC_REPRESENTATION_CONTEXT(2) 
PARAMETRIC_REPRESENTATION_CONTEXT() REPRESENTATION_CONTEXT('2D SPACE',''
  ) );
#10818 = ORIENTED_EDGE('',*,*,#10819,.T.);
#10819 = EDGE_CURVE('',#10797,#10820,#10822,.T.);
#10820 = VERTEX_POINT('',#10821);
#10821 = CARTESIAN_POINT('',(128.,11.,8.));
#10822 = SURFACE_CURVE('',#10823,(#10827,#10834),.PCURVE_S1.);
#10823 = LINE('',#10824,#10825);
#10824 = CARTESIAN_POINT('',(128.,-13.5,8.));
#10825 = VECTOR('',#10826,1.);
#10826 = DIRECTION('',(0.,1.,0.));
#10827 = PCURVE('',#7486,#10828);
#10828 = DEFINITIONAL_REPRESENTATION('',(#10829),#10833);
#10829 = LINE('',#10830,#10831);
#10830 = CARTESIAN_POINT('',(19.,-2.5));
#10831 = VECTOR('',#10832,1.);
#10832 = DIRECTION('',(0.,-1.));
#10833 = ( GEOMETRIC_REPRESENTATION_CONTEXT(2) 
PARAMETRIC_REPRESENTATION_CONTEXT() REPRESENTATION_CONTEXT('2D SPACE',''
  ) );
#10834 = PCURVE('',#9752,#10835);
#10835 = DEFINITIONAL_REPRESENTATION('',(#10836),#10840);
#10836 = LINE('',#10837,#10838);
#10837 = CARTESIAN_POINT('',(30.,-2.5));
#10838 = VECTOR('',#10839,1.);
#10839 = DIRECTION('',(0.,1.));
#10840 = ( GEOMETRIC_REPRESENTATION_CONTEXT(2) 
PARAMETRIC_REPRESENTATION_CONTEXT() REPRESENTATION_CONTEXT('2D SPACE',''
  ) );
#10841 = ORIENTED_EDGE('',*,*,#10842,.T.);
#10842 = EDGE_CURVE('',#10820,#10843,#10845,.T.);
#10843 = VERTEX_POINT('',#10844);
#10844 = CARTESIAN_POINT('',(128.,11.,-8.));
#10845 = SURFACE_CURVE('',#10846,(#10850,#10857),.PCURVE_S1.);
#10846 = LINE('',#10847,#10848);
#10847 = CARTESIAN_POINT('',(128.,11.,-9.5));
#10848 = VECTOR('',#10849,1.);
#10849 = DIRECTION('',(0.,0.,-1.));
#10850 = PCURVE('',#7486,#10851);
#10851 = DEFINITIONAL_REPRESENTATION('',(#10852),#10856);
#10852 = LINE('',#10853,#10854);
#10853 = CARTESIAN_POINT('',(1.5,-27.));
#10854 = VECTOR('',#10855,1.);
#10855 = DIRECTION('',(-1.,0.));
#10856 = ( GEOMETRIC_REPRESENTATION_CONTEXT(2) 
PARAMETRIC_REPRESENTATION_CONTEXT() REPRESENTATION_CONTEXT('2D SPACE',''
  ) );
#10857 = PCURVE('',#10858,#10863);
#10858 = PLANE('',#10859);
#10859 = AXIS2_PLACEMENT_3D('',#10860,#10861,#10862);
#10860 = CARTESIAN_POINT('',(98.,11.,-8.));
#10861 = DIRECTION('',(0.,1.,0.));
#10862 = DIRECTION('',(0.,0.,1.));
#10863 = DEFINITIONAL_REPRESENTATION('',(#10864),#10868);
#10864 = LINE('',#10865,#10866);
#10865 = CARTESIAN_POINT('',(-1.5,30.));
#10866 = VECTOR('',#10867,1.);
#10867 = DIRECTION('',(-1.,0.));
#10868 = ( GEOMETRIC_REPRESENTATION_CONTEXT(2) 
PARAMETRIC_REPRESENTATION_CONTEXT() REPRESENTATION_CONTEXT('2D SPACE',''
  ) );
#10869 = ORIENTED_EDGE('',*,*,#10870,.F.);
#10870 = EDGE_CURVE('',#10871,#10843,#10873,.T.);
#10871 = VERTEX_POINT('',#10872);
#10872 = CARTESIAN_POINT('',(128.,3.1,-8.));
#10873 = SURFACE_CURVE('',#10874,(#10878,#10885),.PCURVE_S1.);
#10874 = LINE('',#10875,#10876);
#10875 = CARTESIAN_POINT('',(128.,-13.5,-8.));
#10876 = VECTOR('',#10877,1.);
#10877 = DIRECTION('',(0.,1.,0.));
#10878 = PCURVE('',#7486,#10879);
#10879 = DEFINITIONAL_REPRESENTATION('',(#10880),#10884);
#10880 = LINE('',#10881,#10882);
#10881 = CARTESIAN_POINT('',(3.,-2.5));
#10882 = VECTOR('',#10883,1.);
#10883 = DIRECTION('',(0.,-1.));
#10884 = ( GEOMETRIC_REPRESENTATION_CONTEXT(2) 
PARAMETRIC_REPRESENTATION_CONTEXT() REPRESENTATION_CONTEXT('2D SPACE',''
  ) );
#10885 = PCURVE('',#9696,#10886);
#10886 = DEFINITIONAL_REPRESENTATION('',(#10887),#10891);
#10887 = LINE('',#10888,#10889);
#10888 = CARTESIAN_POINT('',(30.,-2.5));
#10889 = VECTOR('',#10890,1.);
#10890 = DIRECTION('',(0.,1.));
#10891 = ( GEOMETRIC_REPRESENTATION_CONTEXT(2) 
PARAMETRIC_REPRESENTATION_CONTEXT() REPRESENTATION_CONTEXT('2D SPACE',''
  ) );
#10892 = ORIENTED_EDGE('',*,*,#10893,.T.);
#10893 = EDGE_CURVE('',#10871,#10637,#10894,.T.);
#10894 = SURFACE_CURVE('',#10895,(#10899,#10906),.PCURVE_S1.);
#10895 = LINE('',#10896,#10897);
#10896 = CARTESIAN_POINT('',(128.,3.1,-14.));
#10897 = VECTOR('',#10898,1.);
#10898 = DIRECTION('',(-0.,-0.,-1.));
#10899 = PCURVE('',#7486,#10900);
#10900 = DEFINITIONAL_REPRESENTATION('',(#10901),#10905);
#10901 = LINE('',#10902,#10903);
#10902 = CARTESIAN_POINT('',(-3.,-19.1));
#10903 = VECTOR('',#10904,1.);
#10904 = DIRECTION('',(-1.,0.));
#10905 = ( GEOMETRIC_REPRESENTATION_CONTEXT(2) 
PARAMETRIC_REPRESENTATION_CONTEXT() REPRESENTATION_CONTEXT('2D SPACE',''
  ) );
#10906 = PCURVE('',#9611,#10907);
#10907 = DEFINITIONAL_REPRESENTATION('',(#10908),#10912);
#10908 = LINE('',#10909,#10910);
#10909 = CARTESIAN_POINT('',(-7.853981633974,0.));
#10910 = VECTOR('',#10911,1.);
#10911 = DIRECTION('',(-0.,1.));
#10912 = ( GEOMETRIC_REPRESENTATION_CONTEXT(2) 
PARAMETRIC_REPRESENTATION_CONTEXT() REPRESENTATION_CONTEXT('2D SPACE',''
  ) );
#10913 = ORIENTED_EDGE('',*,*,#10636,.T.);
#10914 = ORIENTED_EDGE('',*,*,#7470,.T.);
#10915 = ADVANCED_FACE('',(#10916),#7515,.T.);
#10916 = FACE_BOUND('',#10917,.T.);
#10917 = EDGE_LOOP('',(#10918,#10919,#11027,#11028,#11029));
#10918 = ORIENTED_EDGE('',*,*,#10773,.F.);
#10919 = ORIENTED_EDGE('',*,*,#10920,.F.);
#10920 = EDGE_CURVE('',#10438,#10774,#10921,.T.);
#10921 = SURFACE_CURVE('',#10922,(#10955,#10991),.PCURVE_S1.);
#10922 = B_SPLINE_CURVE_WITH_KNOTS('',7,(#10923,#10924,#10925,#10926,
    #10927,#10928,#10929,#10930,#10931,#10932,#10933,#10934,#10935,
    #10936,#10937,#10938,#10939,#10940,#10941,#10942,#10943,#10944,
    #10945,#10946,#10947,#10948,#10949,#10950,#10951,#10952,#10953,
    #10954),.UNSPECIFIED.,.F.,.F.,(8,6,6,6,6,8),(0.,9.489679784408E-02,
    0.258258209958,0.416675474911,0.511971016241,1.),.UNSPECIFIED.);
#10923 = CARTESIAN_POINT('',(130.,2.368543856465,11.));
#10924 = CARTESIAN_POINT('',(129.9640004942,2.398941862987,11.));
#10925 = CARTESIAN_POINT('',(129.92730868083,2.428830922128,
    10.999244048612));
#10926 = CARTESIAN_POINT('',(129.88995466361,2.458168937324,
    10.997679732383));
#10927 = CARTESIAN_POINT('',(129.85197065101,2.486916937641,
    10.995255235478));
#10928 = CARTESIAN_POINT('',(129.81339095616,2.515039077774,
    10.991919339677));
#10929 = CARTESIAN_POINT('',(129.77425199695,2.542502638051,
    10.987621424381));
#10930 = CARTESIAN_POINT('',(129.66631955223,2.615370885599,
    10.973170565961));
#10931 = CARTESIAN_POINT('',(129.59641824427,2.659482164636,
    10.96101941189));
#10932 = CARTESIAN_POINT('',(129.52528549184,2.701310486153,
    10.945616318258));
#10933 = CARTESIAN_POINT('',(129.4533406375,2.740636900431,
    10.926775605597));
#10934 = CARTESIAN_POINT('',(129.38101564474,2.777318730352,
    10.904372816737));
#10935 = CARTESIAN_POINT('',(129.30874549616,2.811283418344,
    10.878349932443));
#10936 = CARTESIAN_POINT('',(129.16734432375,2.872815878638,
    10.819987976336));
#10937 = CARTESIAN_POINT('',(129.09835512119,2.900471994755,
    10.787934165682));
#10938 = CARTESIAN_POINT('',(129.03037834419,2.9255034044,
    10.752600927692));
#10939 = CARTESIAN_POINT('',(128.96379936173,2.947975232368,
    10.714097391366));
#10940 = CARTESIAN_POINT('',(128.89899052908,2.967996563279,
    10.672603900883));
#10941 = CARTESIAN_POINT('',(128.83630016555,2.985711959341,
    10.628375874398));
#10942 = CARTESIAN_POINT('',(128.73979308976,3.010665704111,
    10.553698569413));
#10943 = CARTESIAN_POINT('',(128.70440086003,3.019272135304,
    10.524762574114));
#10944 = CARTESIAN_POINT('',(128.66990009516,3.027156623837,
    10.494983324341));
#10945 = CARTESIAN_POINT('',(128.6363236887,3.034363408026,
    10.464407632187));
#10946 = CARTESIAN_POINT('',(128.60370191006,3.040936334873,
    10.433085527313));
#10947 = CARTESIAN_POINT('',(128.57206213913,3.046918582572,
    10.401070309839));
#10948 = CARTESIAN_POINT('',(128.38454765628,3.080180044998,
    10.201202183987));
#10949 = CARTESIAN_POINT('',(128.2547627095,3.093499174456,
    10.018044863072));
#10950 = CARTESIAN_POINT('',(128.15202568658,3.098716688216,
    9.823761892342));
#10951 = CARTESIAN_POINT('',(128.07571677668,3.099996821093,
    9.62208434669));
#10952 = CARTESIAN_POINT('',(128.02520087885,3.10000076326,
    9.415960868661));
#10953 = CARTESIAN_POINT('',(128.,3.1,9.207849631609));
#10954 = CARTESIAN_POINT('',(128.,3.1,9.));
#10955 = PCURVE('',#7515,#10956);
#10956 = DEFINITIONAL_REPRESENTATION('',(#10957),#10990);
#10957 = B_SPLINE_CURVE_WITH_KNOTS('',7,(#10958,#10959,#10960,#10961,
    #10962,#10963,#10964,#10965,#10966,#10967,#10968,#10969,#10970,
    #10971,#10972,#10973,#10974,#10975,#10976,#10977,#10978,#10979,
    #10980,#10981,#10982,#10983,#10984,#10985,#10986,#10987,#10988,
    #10989),.UNSPECIFIED.,.F.,.F.,(8,6,6,6,6,8),(0.,9.489679784408E-02,
    0.258258209958,0.416675474911,0.511971016241,1.),.UNSPECIFIED.);
#10958 = CARTESIAN_POINT('',(1.570796326795,18.368543856465));
#10959 = CARTESIAN_POINT('',(1.552796573896,18.398941862987));
#10960 = CARTESIAN_POINT('',(1.534450631463,18.428830922128));
#10961 = CARTESIAN_POINT('',(1.515764113399,18.458168937324));
#10962 = CARTESIAN_POINT('',(1.496741927887,18.486916937641));
#10963 = CARTESIAN_POINT('',(1.477388277392,18.515039077774));
#10964 = CARTESIAN_POINT('',(1.457706658661,18.542502638051));
#10965 = CARTESIAN_POINT('',(1.403258885673,18.615370885599));
#10966 = CARTESIAN_POINT('',(1.367810949073,18.659482164636));
#10967 = CARTESIAN_POINT('',(1.331470657909,18.701310486153));
#10968 = CARTESIAN_POINT('',(1.294348487991,18.740636900431));
#10969 = CARTESIAN_POINT('',(1.25655182973,18.777318730352));
#10970 = CARTESIAN_POINT('',(1.218186031903,18.811283418344));
#10971 = CARTESIAN_POINT('',(1.141700069988,18.872815878638));
#10972 = CARTESIAN_POINT('',(1.103699889272,18.900471994755));
#10973 = CARTESIAN_POINT('',(1.065455243206,18.9255034044));
#10974 = CARTESIAN_POINT('',(1.027070005496,18.947975232368));
#10975 = CARTESIAN_POINT('',(0.988655063353,18.967996563279));
#10976 = CARTESIAN_POINT('',(0.950331797213,18.985711959341));
#10977 = CARTESIAN_POINT('',(0.88931885687,19.010665704111));
#10978 = CARTESIAN_POINT('',(0.866469346651,19.019272135304));
#10979 = CARTESIAN_POINT('',(0.843694675354,19.027156623837));
#10980 = CARTESIAN_POINT('',(0.821003026371,19.034363408026));
#10981 = CARTESIAN_POINT('',(0.798403255339,19.040936334873));
#10982 = CARTESIAN_POINT('',(0.775905024538,19.046918582572));
#10983 = CARTESIAN_POINT('',(0.63887496487,19.080180044998));
#10984 = CARTESIAN_POINT('',(0.52768795806,19.093499174456));
#10985 = CARTESIAN_POINT('',(0.419235981949,19.098716688216));
#10986 = CARTESIAN_POINT('',(0.312875074358,19.099996821093));
#10987 = CARTESIAN_POINT('',(0.207980521688,19.10000076326));
#10988 = CARTESIAN_POINT('',(0.103924815804,19.1));
#10989 = CARTESIAN_POINT('',(0.,19.1));
#10990 = ( GEOMETRIC_REPRESENTATION_CONTEXT(2) 
PARAMETRIC_REPRESENTATION_CONTEXT() REPRESENTATION_CONTEXT('2D SPACE',''
  ) );
#10991 = PCURVE('',#9780,#10992);
#10992 = DEFINITIONAL_REPRESENTATION('',(#10993),#11026);
#10993 = B_SPLINE_CURVE_WITH_KNOTS('',7,(#10994,#10995,#10996,#10997,
    #10998,#10999,#11000,#11001,#11002,#11003,#11004,#11005,#11006,
    #11007,#11008,#11009,#11010,#11011,#11012,#11013,#11014,#11015,
    #11016,#11017,#11018,#11019,#11020,#11021,#11022,#11023,#11024,
    #11025),.UNSPECIFIED.,.F.,.F.,(8,6,6,6,6,8),(0.,9.489679784408E-02,
    0.258258209958,0.416675474911,0.511971016241,1.),.UNSPECIFIED.);
#10994 = CARTESIAN_POINT('',(-7.152747269391,-25.));
#10995 = CARTESIAN_POINT('',(-7.167946272652,-25.));
#10996 = CARTESIAN_POINT('',(-7.183209939193,-24.99924404861));
#10997 = CARTESIAN_POINT('',(-7.198527938894,-24.99767973238));
#10998 = CARTESIAN_POINT('',(-7.213890146412,-24.99525523547));
#10999 = CARTESIAN_POINT('',(-7.229286641178,-24.99191933967));
#11000 = CARTESIAN_POINT('',(-7.244707707399,-24.98762142438));
#11001 = CARTESIAN_POINT('',(-7.286716568915,-24.97317056596));
#11002 = CARTESIAN_POINT('',(-7.313366952446,-24.96101941189));
#11003 = CARTESIAN_POINT('',(-7.339965374075,-24.94561631825));
#11004 = CARTESIAN_POINT('',(-7.366391297868,-24.92677560559));
#11005 = CARTESIAN_POINT('',(-7.392531841724,-24.90437281673));
#11006 = CARTESIAN_POINT('',(-7.418280356557,-24.87834993244));
#11007 = CARTESIAN_POINT('',(-7.468025320305,-24.81998797633));
#11008 = CARTESIAN_POINT('',(-7.491991172299,-24.78793416568));
#11009 = CARTESIAN_POINT('',(-7.515343993098,-24.75260092769));
#11010 = CARTESIAN_POINT('',(-7.537997100886,-24.71409739136));
#11011 = CARTESIAN_POINT('',(-7.559867354699,-24.67260390088));
#11012 = CARTESIAN_POINT('',(-7.580876808724,-24.62837587439));
#11013 = CARTESIAN_POINT('',(-7.613031975345,-24.55369856941));
#11014 = CARTESIAN_POINT('',(-7.624780299248,-24.52476257411));
#11015 = CARTESIAN_POINT('',(-7.636194790208,-24.49498332434));
#11016 = CARTESIAN_POINT('',(-7.647270916094,-24.46440763218));
#11017 = CARTESIAN_POINT('',(-7.658004297065,-24.43308552731));
#11018 = CARTESIAN_POINT('',(-7.668390841919,-24.40107030983));
#11019 = CARTESIAN_POINT('',(-7.729823618782,-24.20120218398));
#11020 = CARTESIAN_POINT('',(-7.771796840685,-24.01804486307));
#11021 = CARTESIAN_POINT('',(-7.804942932358,-23.82376189234));
#11022 = CARTESIAN_POINT('',(-7.829556011038,-23.62208434669));
#11023 = CARTESIAN_POINT('',(-7.845852530946,-23.41596086866));
#11024 = CARTESIAN_POINT('',(-7.853981633974,-23.2078496316));
#11025 = CARTESIAN_POINT('',(-7.853981633974,-23.));
#11026 = ( GEOMETRIC_REPRESENTATION_CONTEXT(2) 
PARAMETRIC_REPRESENTATION_CONTEXT() REPRESENTATION_CONTEXT('2D SPACE',''
  ) );
#11027 = ORIENTED_EDGE('',*,*,#10460,.T.);
#11028 = ORIENTED_EDGE('',*,*,#10610,.T.);
#11029 = ORIENTED_EDGE('',*,*,#7498,.F.);
#11030 = ADVANCED_FACE('',(#11031),#7573,.T.);
#11031 = FACE_BOUND('',#11032,.T.);
#11032 = EDGE_LOOP('',(#11033,#11034,#11035,#11091));
#11033 = ORIENTED_EDGE('',*,*,#7556,.F.);
#11034 = ORIENTED_EDGE('',*,*,#9337,.T.);
#11035 = ORIENTED_EDGE('',*,*,#11036,.F.);
#11036 = EDGE_CURVE('',#11037,#9309,#11039,.T.);
#11037 = VERTEX_POINT('',#11038);
#11038 = CARTESIAN_POINT('',(158.62166064584,-20.,11.43));
#11039 = SURFACE_CURVE('',#11040,(#11055,#11073),.PCURVE_S1.);
#11040 = B_SPLINE_CURVE_WITH_KNOTS('',7,(#11041,#11042,#11043,#11044,
    #11045,#11046,#11047,#11048,#11049,#11050,#11051,#11052,#11053,
    #11054),.UNSPECIFIED.,.F.,.F.,(8,6,8),(0.,0.730003944242,1.),
  .UNSPECIFIED.);
#11041 = CARTESIAN_POINT('',(158.62166064584,-20.,11.43));
#11042 = CARTESIAN_POINT('',(158.62166064584,-20.,11.265006805715));
#11043 = CARTESIAN_POINT('',(158.61907522475,-19.97882720733,
    11.100041102861));
#11044 = CARTESIAN_POINT('',(158.61390523032,-19.93649101508,
    10.93695889959));
#11045 = CARTESIAN_POINT('',(158.60627425062,-19.87256188392,
    10.777783089607));
#11046 = CARTESIAN_POINT('',(158.59644346424,-19.78633514321,
    10.624985587658));
#11047 = CARTESIAN_POINT('',(158.58489651851,-19.67697700282,
    10.481800993002));
#11048 = CARTESIAN_POINT('',(158.56776032475,-19.49463852508,
    10.305102715323));
#11049 = CARTESIAN_POINT('',(158.56300084983,-19.44214701229,
    10.259324928138));
#11050 = CARTESIAN_POINT('',(158.55815263847,-19.38642640679,
    10.215775040767));
#11051 = CARTESIAN_POINT('',(158.5532657205,-19.32753323965,
    10.174756103079));
#11052 = CARTESIAN_POINT('',(158.54839454376,-19.26554953702,
    10.136576646783));
#11053 = CARTESIAN_POINT('',(158.54359639605,-19.20058353446,
    10.101550966361));
#11054 = CARTESIAN_POINT('',(158.53892982698,-19.13277039121,10.0699994)
  );
#11055 = PCURVE('',#7573,#11056);
#11056 = DEFINITIONAL_REPRESENTATION('',(#11057),#11072);
#11057 = B_SPLINE_CURVE_WITH_KNOTS('',7,(#11058,#11059,#11060,#11061,
    #11062,#11063,#11064,#11065,#11066,#11067,#11068,#11069,#11070,
    #11071),.UNSPECIFIED.,.F.,.F.,(8,6,8),(0.,0.730003944242,1.),
  .UNSPECIFIED.);
#11058 = CARTESIAN_POINT('',(0.,9.171660645841));
#11059 = CARTESIAN_POINT('',(0.109995462857,9.171660645841));
#11060 = CARTESIAN_POINT('',(0.219972303787,9.169075224759));
#11061 = CARTESIAN_POINT('',(0.330868824396,9.163905230325));
#11062 = CARTESIAN_POINT('',(0.443501228382,9.156274250625));
#11063 = CARTESIAN_POINT('',(0.558751703438,9.146443464243));
#11064 = CARTESIAN_POINT('',(0.677536583395,9.134896518516));
#11065 = CARTESIAN_POINT('',(0.84680901575,9.117760324759));
#11066 = CARTESIAN_POINT('',(0.893177509102,9.113000849834));
#11067 = CARTESIAN_POINT('',(0.94021449883,9.10815263847));
#11068 = CARTESIAN_POINT('',(0.987928290297,9.103265720501));
#11069 = CARTESIAN_POINT('',(1.036333563585,9.098394543769));
#11070 = CARTESIAN_POINT('',(1.08545233495,9.093596396052));
#11071 = CARTESIAN_POINT('',(1.135314918281,9.088929826989));
#11072 = ( GEOMETRIC_REPRESENTATION_CONTEXT(2) 
PARAMETRIC_REPRESENTATION_CONTEXT() REPRESENTATION_CONTEXT('2D SPACE',''
  ) );
#11073 = PCURVE('',#9325,#11074);
#11074 = DEFINITIONAL_REPRESENTATION('',(#11075),#11090);
#11075 = B_SPLINE_CURVE_WITH_KNOTS('',7,(#11076,#11077,#11078,#11079,
    #11080,#11081,#11082,#11083,#11084,#11085,#11086,#11087,#11088,
    #11089),.UNSPECIFIED.,.F.,.F.,(8,6,8),(0.,0.730003944242,1.),
  .UNSPECIFIED.);
#11076 = CARTESIAN_POINT('',(-3.263103570279,-1.36));
#11077 = CARTESIAN_POINT('',(-3.263103570279,-1.195006805715));
#11078 = CARTESIAN_POINT('',(-3.261810839194,-1.030041102861));
#11079 = CARTESIAN_POINT('',(-3.259225948503,-0.86695889959));
#11080 = CARTESIAN_POINT('',(-3.255323965825,-0.707783089607));
#11081 = CARTESIAN_POINT('',(-3.250064410988,-0.554985587658));
#11082 = CARTESIAN_POINT('',(-3.243400241512,-0.411800993002));
#11083 = CARTESIAN_POINT('',(-3.232300730094,-0.235102715323));
#11084 = CARTESIAN_POINT('',(-3.229106392773,-0.189324928138));
#11085 = CARTESIAN_POINT('',(-3.225716664971,-0.145775040767));
#11086 = CARTESIAN_POINT('',(-3.222135170452,-0.104756103079));
#11087 = CARTESIAN_POINT('',(-3.21836706305,-6.657664678294E-02));
#11088 = CARTESIAN_POINT('',(-3.214419055504,-3.15509663611E-02));
#11089 = CARTESIAN_POINT('',(-3.210299448302,5.999999999062E-07));
#11090 = ( GEOMETRIC_REPRESENTATION_CONTEXT(2) 
PARAMETRIC_REPRESENTATION_CONTEXT() REPRESENTATION_CONTEXT('2D SPACE',''
  ) );
#11091 = ORIENTED_EDGE('',*,*,#11092,.F.);
#11092 = EDGE_CURVE('',#7557,#11037,#11093,.T.);
#11093 = SURFACE_CURVE('',#11094,(#11098,#11105),.PCURVE_S1.);
#11094 = LINE('',#11095,#11096);
#11095 = CARTESIAN_POINT('',(149.45,-20.,11.43));
#11096 = VECTOR('',#11097,1.);
#11097 = DIRECTION('',(1.,0.,0.));
#11098 = PCURVE('',#7573,#11099);
#11099 = DEFINITIONAL_REPRESENTATION('',(#11100),#11104);
#11100 = LINE('',#11101,#11102);
#11101 = CARTESIAN_POINT('',(0.,0.));
#11102 = VECTOR('',#11103,1.);
#11103 = DIRECTION('',(0.,1.));
#11104 = ( GEOMETRIC_REPRESENTATION_CONTEXT(2) 
PARAMETRIC_REPRESENTATION_CONTEXT() REPRESENTATION_CONTEXT('2D SPACE',''
  ) );
#11105 = PCURVE('',#7975,#11106);
#11106 = DEFINITIONAL_REPRESENTATION('',(#11107),#11111);
#11107 = LINE('',#11108,#11109);
#11108 = CARTESIAN_POINT('',(1.5,0.));
#11109 = VECTOR('',#11110,1.);
#11110 = DIRECTION('',(0.,1.));
#11111 = ( GEOMETRIC_REPRESENTATION_CONTEXT(2) 
PARAMETRIC_REPRESENTATION_CONTEXT() REPRESENTATION_CONTEXT('2D SPACE',''
  ) );
#11112 = ADVANCED_FACE('',(#11113),#7626,.T.);
#11113 = FACE_BOUND('',#11114,.T.);
#11114 = EDGE_LOOP('',(#11115,#11116,#11117));
#11115 = ORIENTED_EDGE('',*,*,#7643,.F.);
#11116 = ORIENTED_EDGE('',*,*,#8414,.T.);
#11117 = ORIENTED_EDGE('',*,*,#7611,.F.);
#11118 = ADVANCED_FACE('',(#11119,#11150),#7683,.F.);
#11119 = FACE_BOUND('',#11120,.F.);
#11120 = EDGE_LOOP('',(#11121,#11122,#11123,#11124));
#11121 = ORIENTED_EDGE('',*,*,#7667,.F.);
#11122 = ORIENTED_EDGE('',*,*,#8436,.T.);
#11123 = ORIENTED_EDGE('',*,*,#8540,.T.);
#11124 = ORIENTED_EDGE('',*,*,#11125,.F.);
#11125 = EDGE_CURVE('',#7668,#8541,#11126,.T.);
#11126 = SURFACE_CURVE('',#11127,(#11131,#11138),.PCURVE_S1.);
#11127 = LINE('',#11128,#11129);
#11128 = CARTESIAN_POINT('',(149.45,35.07,18.5));
#11129 = VECTOR('',#11130,1.);
#11130 = DIRECTION('',(1.,0.,0.));
#11131 = PCURVE('',#7683,#11132);
#11132 = DEFINITIONAL_REPRESENTATION('',(#11133),#11137);
#11133 = LINE('',#11134,#11135);
#11134 = CARTESIAN_POINT('',(0.,38.5));
#11135 = VECTOR('',#11136,1.);
#11136 = DIRECTION('',(1.,0.));
#11137 = ( GEOMETRIC_REPRESENTATION_CONTEXT(2) 
PARAMETRIC_REPRESENTATION_CONTEXT() REPRESENTATION_CONTEXT('2D SPACE',''
  ) );
#11138 = PCURVE('',#11139,#11144);
#11139 = CYLINDRICAL_SURFACE('',#11140,1.5);
#11140 = AXIS2_PLACEMENT_3D('',#11141,#11142,#11143);
#11141 = CARTESIAN_POINT('',(149.45,33.57,18.5));
#11142 = DIRECTION('',(1.,0.,0.));
#11143 = DIRECTION('',(0.,1.110223024625E-16,1.));
#11144 = DEFINITIONAL_REPRESENTATION('',(#11145),#11149);
#11145 = LINE('',#11146,#11147);
#11146 = CARTESIAN_POINT('',(-1.570796326795,0.));
#11147 = VECTOR('',#11148,1.);
#11148 = DIRECTION('',(-0.,1.));
#11149 = ( GEOMETRIC_REPRESENTATION_CONTEXT(2) 
PARAMETRIC_REPRESENTATION_CONTEXT() REPRESENTATION_CONTEXT('2D SPACE',''
  ) );
#11150 = FACE_BOUND('',#11151,.F.);
#11151 = EDGE_LOOP('',(#11152));
#11152 = ORIENTED_EDGE('',*,*,#11153,.T.);
#11153 = EDGE_CURVE('',#11154,#11154,#11156,.T.);
#11154 = VERTEX_POINT('',#11155);
#11155 = CARTESIAN_POINT('',(178.,35.07,-1.117994585798E-15));
#11156 = SURFACE_CURVE('',#11157,(#11162,#11173),.PCURVE_S1.);
#11157 = CIRCLE('',#11158,3.);
#11158 = AXIS2_PLACEMENT_3D('',#11159,#11160,#11161);
#11159 = CARTESIAN_POINT('',(175.,35.07,-1.117994585798E-15));
#11160 = DIRECTION('',(0.,1.,-1.110223024625E-16));
#11161 = DIRECTION('',(1.,0.,0.));
#11162 = PCURVE('',#7683,#11163);
#11163 = DEFINITIONAL_REPRESENTATION('',(#11164),#11172);
#11164 = ( BOUNDED_CURVE() B_SPLINE_CURVE(2,(#11165,#11166,#11167,#11168
    ,#11169,#11170,#11171),.UNSPECIFIED.,.T.,.F.) 
B_SPLINE_CURVE_WITH_KNOTS((1,2,2,2,2,1),(-2.094395102393,0.,
    2.094395102393,4.188790204786,6.28318530718,8.377580409573),
.UNSPECIFIED.) CURVE() GEOMETRIC_REPRESENTATION_ITEM() 
RATIONAL_B_SPLINE_CURVE((1.,0.5,1.,0.5,1.,0.5,1.)) REPRESENTATION_ITEM(
  '') );
#11165 = CARTESIAN_POINT('',(28.55,20.));
#11166 = CARTESIAN_POINT('',(28.55,14.803847577293));
#11167 = CARTESIAN_POINT('',(24.05,17.401923788647));
#11168 = CARTESIAN_POINT('',(19.55,20.));
#11169 = CARTESIAN_POINT('',(24.05,22.598076211353));
#11170 = CARTESIAN_POINT('',(28.55,25.196152422707));
#11171 = CARTESIAN_POINT('',(28.55,20.));
#11172 = ( GEOMETRIC_REPRESENTATION_CONTEXT(2) 
PARAMETRIC_REPRESENTATION_CONTEXT() REPRESENTATION_CONTEXT('2D SPACE',''
  ) );
#11173 = PCURVE('',#11174,#11179);
#11174 = CYLINDRICAL_SURFACE('',#11175,3.);
#11175 = AXIS2_PLACEMENT_3D('',#11176,#11177,#11178);
#11176 = CARTESIAN_POINT('',(175.,43.07,-2.006173005498E-15));
#11177 = DIRECTION('',(-0.,1.,-1.110223024625E-16));
#11178 = DIRECTION('',(1.,0.,0.));
#11179 = DEFINITIONAL_REPRESENTATION('',(#11180),#11184);
#11180 = LINE('',#11181,#11182);
#11181 = CARTESIAN_POINT('',(-6.28318530718,-8.));
#11182 = VECTOR('',#11183,1.);
#11183 = DIRECTION('',(1.,-0.));
#11184 = ( GEOMETRIC_REPRESENTATION_CONTEXT(2) 
PARAMETRIC_REPRESENTATION_CONTEXT() REPRESENTATION_CONTEXT('2D SPACE',''
  ) );
#11185 = ADVANCED_FACE('',(#11186),#7710,.T.);
#11186 = FACE_BOUND('',#11187,.F.);
#11187 = EDGE_LOOP('',(#11188,#11189,#11211));
#11188 = ORIENTED_EDGE('',*,*,#7695,.F.);
#11189 = ORIENTED_EDGE('',*,*,#11190,.T.);
#11190 = EDGE_CURVE('',#7668,#7728,#11191,.T.);
#11191 = SURFACE_CURVE('',#11192,(#11197,#11204),.PCURVE_S1.);
#11192 = CIRCLE('',#11193,1.5);
#11193 = AXIS2_PLACEMENT_3D('',#11194,#11195,#11196);
#11194 = CARTESIAN_POINT('',(150.95,33.57,18.5));
#11195 = DIRECTION('',(1.,6.798155367234E-33,6.123233995737E-17));
#11196 = DIRECTION('',(-6.123233995737E-17,1.110223024625E-16,1.));
#11197 = PCURVE('',#7710,#11198);
#11198 = DEFINITIONAL_REPRESENTATION('',(#11199),#11203);
#11199 = LINE('',#11200,#11201);
#11200 = CARTESIAN_POINT('',(-1.570796326795,-6.28318530718));
#11201 = VECTOR('',#11202,1.);
#11202 = DIRECTION('',(-0.,1.));
#11203 = ( GEOMETRIC_REPRESENTATION_CONTEXT(2) 
PARAMETRIC_REPRESENTATION_CONTEXT() REPRESENTATION_CONTEXT('2D SPACE',''
  ) );
#11204 = PCURVE('',#11139,#11205);
#11205 = DEFINITIONAL_REPRESENTATION('',(#11206),#11210);
#11206 = LINE('',#11207,#11208);
#11207 = CARTESIAN_POINT('',(-6.28318530718,1.5));
#11208 = VECTOR('',#11209,1.);
#11209 = DIRECTION('',(1.,-0.));
#11210 = ( GEOMETRIC_REPRESENTATION_CONTEXT(2) 
PARAMETRIC_REPRESENTATION_CONTEXT() REPRESENTATION_CONTEXT('2D SPACE',''
  ) );
#11211 = ORIENTED_EDGE('',*,*,#7727,.F.);
#11212 = ADVANCED_FACE('',(#11213),#7767,.T.);
#11213 = FACE_BOUND('',#11214,.T.);
#11214 = EDGE_LOOP('',(#11215,#11236,#11237,#11258));
#11215 = ORIENTED_EDGE('',*,*,#11216,.F.);
#11216 = EDGE_CURVE('',#7728,#8596,#11217,.T.);
#11217 = SURFACE_CURVE('',#11218,(#11222,#11229),.PCURVE_S1.);
#11218 = LINE('',#11219,#11220);
#11219 = CARTESIAN_POINT('',(149.45,33.57,20.));
#11220 = VECTOR('',#11221,1.);
#11221 = DIRECTION('',(1.,0.,0.));
#11222 = PCURVE('',#7767,#11223);
#11223 = DEFINITIONAL_REPRESENTATION('',(#11224),#11228);
#11224 = LINE('',#11225,#11226);
#11225 = CARTESIAN_POINT('',(1.5,0.));
#11226 = VECTOR('',#11227,1.);
#11227 = DIRECTION('',(0.,1.));
#11228 = ( GEOMETRIC_REPRESENTATION_CONTEXT(2) 
PARAMETRIC_REPRESENTATION_CONTEXT() REPRESENTATION_CONTEXT('2D SPACE',''
  ) );
#11229 = PCURVE('',#11139,#11230);
#11230 = DEFINITIONAL_REPRESENTATION('',(#11231),#11235);
#11231 = LINE('',#11232,#11233);
#11232 = CARTESIAN_POINT('',(-0.,0.));
#11233 = VECTOR('',#11234,1.);
#11234 = DIRECTION('',(-0.,1.));
#11235 = ( GEOMETRIC_REPRESENTATION_CONTEXT(2) 
PARAMETRIC_REPRESENTATION_CONTEXT() REPRESENTATION_CONTEXT('2D SPACE',''
  ) );
#11236 = ORIENTED_EDGE('',*,*,#7751,.T.);
#11237 = ORIENTED_EDGE('',*,*,#11238,.T.);
#11238 = EDGE_CURVE('',#7752,#8620,#11239,.T.);
#11239 = SURFACE_CURVE('',#11240,(#11244,#11251),.PCURVE_S1.);
#11240 = LINE('',#11241,#11242);
#11241 = CARTESIAN_POINT('',(149.45,20.,20.));
#11242 = VECTOR('',#11243,1.);
#11243 = DIRECTION('',(1.,0.,0.));
#11244 = PCURVE('',#7767,#11245);
#11245 = DEFINITIONAL_REPRESENTATION('',(#11246),#11250);
#11246 = LINE('',#11247,#11248);
#11247 = CARTESIAN_POINT('',(15.07,0.));
#11248 = VECTOR('',#11249,1.);
#11249 = DIRECTION('',(0.,1.));
#11250 = ( GEOMETRIC_REPRESENTATION_CONTEXT(2) 
PARAMETRIC_REPRESENTATION_CONTEXT() REPRESENTATION_CONTEXT('2D SPACE',''
  ) );
#11251 = PCURVE('',#7832,#11252);
#11252 = DEFINITIONAL_REPRESENTATION('',(#11253),#11257);
#11253 = LINE('',#11254,#11255);
#11254 = CARTESIAN_POINT('',(10.07,0.));
#11255 = VECTOR('',#11256,1.);
#11256 = DIRECTION('',(0.,1.));
#11257 = ( GEOMETRIC_REPRESENTATION_CONTEXT(2) 
PARAMETRIC_REPRESENTATION_CONTEXT() REPRESENTATION_CONTEXT('2D SPACE',''
  ) );
#11258 = ORIENTED_EDGE('',*,*,#8619,.F.);
#11259 = ADVANCED_FACE('',(#11260),#7859,.T.);
#11260 = FACE_BOUND('',#11261,.F.);
#11261 = EDGE_LOOP('',(#11262,#11263,#11290));
#11262 = ORIENTED_EDGE('',*,*,#7844,.F.);
#11263 = ORIENTED_EDGE('',*,*,#11264,.T.);
#11264 = EDGE_CURVE('',#7817,#7904,#11265,.T.);
#11265 = SURFACE_CURVE('',#11266,(#11271,#11278),.PCURVE_S1.);
#11266 = CIRCLE('',#11267,1.5);
#11267 = AXIS2_PLACEMENT_3D('',#11268,#11269,#11270);
#11268 = CARTESIAN_POINT('',(150.95,18.5,28.57));
#11269 = DIRECTION('',(1.,0.,6.123233995737E-17));
#11270 = DIRECTION('',(-6.123233995737E-17,0.,1.));
#11271 = PCURVE('',#7859,#11272);
#11272 = DEFINITIONAL_REPRESENTATION('',(#11273),#11277);
#11273 = LINE('',#11274,#11275);
#11274 = CARTESIAN_POINT('',(-1.570796326795,-6.28318530718));
#11275 = VECTOR('',#11276,1.);
#11276 = DIRECTION('',(-0.,1.));
#11277 = ( GEOMETRIC_REPRESENTATION_CONTEXT(2) 
PARAMETRIC_REPRESENTATION_CONTEXT() REPRESENTATION_CONTEXT('2D SPACE',''
  ) );
#11278 = PCURVE('',#11279,#11284);
#11279 = CYLINDRICAL_SURFACE('',#11280,1.5);
#11280 = AXIS2_PLACEMENT_3D('',#11281,#11282,#11283);
#11281 = CARTESIAN_POINT('',(149.45,18.5,28.57));
#11282 = DIRECTION('',(1.,0.,0.));
#11283 = DIRECTION('',(-0.,1.,0.));
#11284 = DEFINITIONAL_REPRESENTATION('',(#11285),#11289);
#11285 = LINE('',#11286,#11287);
#11286 = CARTESIAN_POINT('',(-4.712388980385,1.5));
#11287 = VECTOR('',#11288,1.);
#11288 = DIRECTION('',(1.,0.));
#11289 = ( GEOMETRIC_REPRESENTATION_CONTEXT(2) 
PARAMETRIC_REPRESENTATION_CONTEXT() REPRESENTATION_CONTEXT('2D SPACE',''
  ) );
#11290 = ORIENTED_EDGE('',*,*,#7931,.F.);
#11291 = ADVANCED_FACE('',(#11292),#7832,.T.);
#11292 = FACE_BOUND('',#11293,.T.);
#11293 = EDGE_LOOP('',(#11294,#11295,#11296,#11317));
#11294 = ORIENTED_EDGE('',*,*,#11238,.F.);
#11295 = ORIENTED_EDGE('',*,*,#7816,.T.);
#11296 = ORIENTED_EDGE('',*,*,#11297,.T.);
#11297 = EDGE_CURVE('',#7817,#8680,#11298,.T.);
#11298 = SURFACE_CURVE('',#11299,(#11303,#11310),.PCURVE_S1.);
#11299 = LINE('',#11300,#11301);
#11300 = CARTESIAN_POINT('',(149.45,20.,28.57));
#11301 = VECTOR('',#11302,1.);
#11302 = DIRECTION('',(1.,0.,0.));
#11303 = PCURVE('',#7832,#11304);
#11304 = DEFINITIONAL_REPRESENTATION('',(#11305),#11309);
#11305 = LINE('',#11306,#11307);
#11306 = CARTESIAN_POINT('',(18.64,0.));
#11307 = VECTOR('',#11308,1.);
#11308 = DIRECTION('',(0.,1.));
#11309 = ( GEOMETRIC_REPRESENTATION_CONTEXT(2) 
PARAMETRIC_REPRESENTATION_CONTEXT() REPRESENTATION_CONTEXT('2D SPACE',''
  ) );
#11310 = PCURVE('',#11279,#11311);
#11311 = DEFINITIONAL_REPRESENTATION('',(#11312),#11316);
#11312 = LINE('',#11313,#11314);
#11313 = CARTESIAN_POINT('',(0.,0.));
#11314 = VECTOR('',#11315,1.);
#11315 = DIRECTION('',(0.,1.));
#11316 = ( GEOMETRIC_REPRESENTATION_CONTEXT(2) 
PARAMETRIC_REPRESENTATION_CONTEXT() REPRESENTATION_CONTEXT('2D SPACE',''
  ) );
#11317 = ORIENTED_EDGE('',*,*,#8679,.F.);
#11318 = ADVANCED_FACE('',(#11319),#7891,.T.);
#11319 = FACE_BOUND('',#11320,.F.);
#11320 = EDGE_LOOP('',(#11321,#11322,#11349));
#11321 = ORIENTED_EDGE('',*,*,#7874,.F.);
#11322 = ORIENTED_EDGE('',*,*,#11323,.T.);
#11323 = EDGE_CURVE('',#7875,#7960,#11324,.T.);
#11324 = SURFACE_CURVE('',#11325,(#11330,#11337),.PCURVE_S1.);
#11325 = CIRCLE('',#11326,1.5);
#11326 = AXIS2_PLACEMENT_3D('',#11327,#11328,#11329);
#11327 = CARTESIAN_POINT('',(150.95,-18.5,28.57));
#11328 = DIRECTION('',(1.,-6.123233995737E-17,0.));
#11329 = DIRECTION('',(-6.123233995737E-17,-1.,0.));
#11330 = PCURVE('',#7891,#11331);
#11331 = DEFINITIONAL_REPRESENTATION('',(#11332),#11336);
#11332 = LINE('',#11333,#11334);
#11333 = CARTESIAN_POINT('',(-1.570796326795,-6.28318530718));
#11334 = VECTOR('',#11335,1.);
#11335 = DIRECTION('',(-0.,1.));
#11336 = ( GEOMETRIC_REPRESENTATION_CONTEXT(2) 
PARAMETRIC_REPRESENTATION_CONTEXT() REPRESENTATION_CONTEXT('2D SPACE',''
  ) );
#11337 = PCURVE('',#11338,#11343);
#11338 = CYLINDRICAL_SURFACE('',#11339,1.5);
#11339 = AXIS2_PLACEMENT_3D('',#11340,#11341,#11342);
#11340 = CARTESIAN_POINT('',(149.45,-18.5,28.57));
#11341 = DIRECTION('',(1.,0.,0.));
#11342 = DIRECTION('',(0.,-1.,0.));
#11343 = DEFINITIONAL_REPRESENTATION('',(#11344),#11348);
#11344 = LINE('',#11345,#11346);
#11345 = CARTESIAN_POINT('',(-6.28318530718,1.5));
#11346 = VECTOR('',#11347,1.);
#11347 = DIRECTION('',(1.,-0.));
#11348 = ( GEOMETRIC_REPRESENTATION_CONTEXT(2) 
PARAMETRIC_REPRESENTATION_CONTEXT() REPRESENTATION_CONTEXT('2D SPACE',''
  ) );
#11349 = ORIENTED_EDGE('',*,*,#7987,.F.);
#11350 = ADVANCED_FACE('',(#11351,#11397),#7919,.T.);
#11351 = FACE_BOUND('',#11352,.T.);
#11352 = EDGE_LOOP('',(#11353,#11354,#11375,#11376));
#11353 = ORIENTED_EDGE('',*,*,#7903,.F.);
#11354 = ORIENTED_EDGE('',*,*,#11355,.T.);
#11355 = EDGE_CURVE('',#7875,#8733,#11356,.T.);
#11356 = SURFACE_CURVE('',#11357,(#11361,#11368),.PCURVE_S1.);
#11357 = LINE('',#11358,#11359);
#11358 = CARTESIAN_POINT('',(149.45,-18.5,30.07));
#11359 = VECTOR('',#11360,1.);
#11360 = DIRECTION('',(1.,0.,0.));
#11361 = PCURVE('',#7919,#11362);
#11362 = DEFINITIONAL_REPRESENTATION('',(#11363),#11367);
#11363 = LINE('',#11364,#11365);
#11364 = CARTESIAN_POINT('',(0.,1.5));
#11365 = VECTOR('',#11366,1.);
#11366 = DIRECTION('',(1.,0.));
#11367 = ( GEOMETRIC_REPRESENTATION_CONTEXT(2) 
PARAMETRIC_REPRESENTATION_CONTEXT() REPRESENTATION_CONTEXT('2D SPACE',''
  ) );
#11368 = PCURVE('',#11338,#11369);
#11369 = DEFINITIONAL_REPRESENTATION('',(#11370),#11374);
#11370 = LINE('',#11371,#11372);
#11371 = CARTESIAN_POINT('',(-1.570796326795,0.));
#11372 = VECTOR('',#11373,1.);
#11373 = DIRECTION('',(-0.,1.));
#11374 = ( GEOMETRIC_REPRESENTATION_CONTEXT(2) 
PARAMETRIC_REPRESENTATION_CONTEXT() REPRESENTATION_CONTEXT('2D SPACE',''
  ) );
#11375 = ORIENTED_EDGE('',*,*,#8761,.T.);
#11376 = ORIENTED_EDGE('',*,*,#11377,.F.);
#11377 = EDGE_CURVE('',#7904,#8762,#11378,.T.);
#11378 = SURFACE_CURVE('',#11379,(#11383,#11390),.PCURVE_S1.);
#11379 = LINE('',#11380,#11381);
#11380 = CARTESIAN_POINT('',(149.45,18.5,30.07));
#11381 = VECTOR('',#11382,1.);
#11382 = DIRECTION('',(1.,0.,0.));
#11383 = PCURVE('',#7919,#11384);
#11384 = DEFINITIONAL_REPRESENTATION('',(#11385),#11389);
#11385 = LINE('',#11386,#11387);
#11386 = CARTESIAN_POINT('',(0.,38.5));
#11387 = VECTOR('',#11388,1.);
#11388 = DIRECTION('',(1.,0.));
#11389 = ( GEOMETRIC_REPRESENTATION_CONTEXT(2) 
PARAMETRIC_REPRESENTATION_CONTEXT() REPRESENTATION_CONTEXT('2D SPACE',''
  ) );
#11390 = PCURVE('',#11279,#11391);
#11391 = DEFINITIONAL_REPRESENTATION('',(#11392),#11396);
#11392 = LINE('',#11393,#11394);
#11393 = CARTESIAN_POINT('',(1.570796326795,0.));
#11394 = VECTOR('',#11395,1.);
#11395 = DIRECTION('',(0.,1.));
#11396 = ( GEOMETRIC_REPRESENTATION_CONTEXT(2) 
PARAMETRIC_REPRESENTATION_CONTEXT() REPRESENTATION_CONTEXT('2D SPACE',''
  ) );
#11397 = FACE_BOUND('',#11398,.T.);
#11398 = EDGE_LOOP('',(#11399));
#11399 = ORIENTED_EDGE('',*,*,#11400,.F.);
#11400 = EDGE_CURVE('',#11401,#11401,#11403,.T.);
#11401 = VERTEX_POINT('',#11402);
#11402 = CARTESIAN_POINT('',(191.5,0.,30.07));
#11403 = SURFACE_CURVE('',#11404,(#11409,#11416),.PCURVE_S1.);
#11404 = CIRCLE('',#11405,16.5);
#11405 = AXIS2_PLACEMENT_3D('',#11406,#11407,#11408);
#11406 = CARTESIAN_POINT('',(175.,0.,30.07));
#11407 = DIRECTION('',(0.,0.,1.));
#11408 = DIRECTION('',(1.,0.,0.));
#11409 = PCURVE('',#7919,#11410);
#11410 = DEFINITIONAL_REPRESENTATION('',(#11411),#11415);
#11411 = CIRCLE('',#11412,16.5);
#11412 = AXIS2_PLACEMENT_2D('',#11413,#11414);
#11413 = CARTESIAN_POINT('',(25.55,20.));
#11414 = DIRECTION('',(1.,0.));
#11415 = ( GEOMETRIC_REPRESENTATION_CONTEXT(2) 
PARAMETRIC_REPRESENTATION_CONTEXT() REPRESENTATION_CONTEXT('2D SPACE',''
  ) );
#11416 = PCURVE('',#11417,#11422);
#11417 = CYLINDRICAL_SURFACE('',#11418,16.5);
#11418 = AXIS2_PLACEMENT_3D('',#11419,#11420,#11421);
#11419 = CARTESIAN_POINT('',(175.,0.,30.07));
#11420 = DIRECTION('',(-0.,-0.,-1.));
#11421 = DIRECTION('',(1.,0.,0.));
#11422 = DEFINITIONAL_REPRESENTATION('',(#11423),#11427);
#11423 = LINE('',#11424,#11425);
#11424 = CARTESIAN_POINT('',(-0.,0.));
#11425 = VECTOR('',#11426,1.);
#11426 = DIRECTION('',(-1.,0.));
#11427 = ( GEOMETRIC_REPRESENTATION_CONTEXT(2) 
PARAMETRIC_REPRESENTATION_CONTEXT() REPRESENTATION_CONTEXT('2D SPACE',''
  ) );
#11428 = ADVANCED_FACE('',(#11429),#7975,.F.);
#11429 = FACE_BOUND('',#11430,.F.);
#11430 = EDGE_LOOP('',(#11431,#11432,#11433,#11454,#11455,#11478,#11501,
    #11529,#11557,#11585,#11608,#11631));
#11431 = ORIENTED_EDGE('',*,*,#11092,.F.);
#11432 = ORIENTED_EDGE('',*,*,#7959,.T.);
#11433 = ORIENTED_EDGE('',*,*,#11434,.T.);
#11434 = EDGE_CURVE('',#7960,#8836,#11435,.T.);
#11435 = SURFACE_CURVE('',#11436,(#11440,#11447),.PCURVE_S1.);
#11436 = LINE('',#11437,#11438);
#11437 = CARTESIAN_POINT('',(149.45,-20.,28.57));
#11438 = VECTOR('',#11439,1.);
#11439 = DIRECTION('',(1.,0.,0.));
#11440 = PCURVE('',#7975,#11441);
#11441 = DEFINITIONAL_REPRESENTATION('',(#11442),#11446);
#11442 = LINE('',#11443,#11444);
#11443 = CARTESIAN_POINT('',(18.64,0.));
#11444 = VECTOR('',#11445,1.);
#11445 = DIRECTION('',(0.,1.));
#11446 = ( GEOMETRIC_REPRESENTATION_CONTEXT(2) 
PARAMETRIC_REPRESENTATION_CONTEXT() REPRESENTATION_CONTEXT('2D SPACE',''
  ) );
#11447 = PCURVE('',#11338,#11448);
#11448 = DEFINITIONAL_REPRESENTATION('',(#11449),#11453);
#11449 = LINE('',#11450,#11451);
#11450 = CARTESIAN_POINT('',(-0.,0.));
#11451 = VECTOR('',#11452,1.);
#11452 = DIRECTION('',(-0.,1.));
#11453 = ( GEOMETRIC_REPRESENTATION_CONTEXT(2) 
PARAMETRIC_REPRESENTATION_CONTEXT() REPRESENTATION_CONTEXT('2D SPACE',''
  ) );
#11454 = ORIENTED_EDGE('',*,*,#8835,.F.);
#11455 = ORIENTED_EDGE('',*,*,#11456,.F.);
#11456 = EDGE_CURVE('',#11457,#8812,#11459,.T.);
#11457 = VERTEX_POINT('',#11458);
#11458 = CARTESIAN_POINT('',(191.37833935415,-20.,11.43));
#11459 = SURFACE_CURVE('',#11460,(#11464,#11471),.PCURVE_S1.);
#11460 = LINE('',#11461,#11462);
#11461 = CARTESIAN_POINT('',(149.45,-20.,11.43));
#11462 = VECTOR('',#11463,1.);
#11463 = DIRECTION('',(1.,0.,0.));
#11464 = PCURVE('',#7975,#11465);
#11465 = DEFINITIONAL_REPRESENTATION('',(#11466),#11470);
#11466 = LINE('',#11467,#11468);
#11467 = CARTESIAN_POINT('',(1.5,0.));
#11468 = VECTOR('',#11469,1.);
#11469 = DIRECTION('',(0.,1.));
#11470 = ( GEOMETRIC_REPRESENTATION_CONTEXT(2) 
PARAMETRIC_REPRESENTATION_CONTEXT() REPRESENTATION_CONTEXT('2D SPACE',''
  ) );
#11471 = PCURVE('',#8973,#11472);
#11472 = DEFINITIONAL_REPRESENTATION('',(#11473),#11477);
#11473 = LINE('',#11474,#11475);
#11474 = CARTESIAN_POINT('',(0.,0.));
#11475 = VECTOR('',#11476,1.);
#11476 = DIRECTION('',(0.,1.));
#11477 = ( GEOMETRIC_REPRESENTATION_CONTEXT(2) 
PARAMETRIC_REPRESENTATION_CONTEXT() REPRESENTATION_CONTEXT('2D SPACE',''
  ) );
#11478 = ORIENTED_EDGE('',*,*,#11479,.F.);
#11479 = EDGE_CURVE('',#11480,#11457,#11482,.T.);
#11480 = VERTEX_POINT('',#11481);
#11481 = CARTESIAN_POINT('',(191.37833935415,-20.,11.57));
#11482 = SURFACE_CURVE('',#11483,(#11487,#11494),.PCURVE_S1.);
#11483 = LINE('',#11484,#11485);
#11484 = CARTESIAN_POINT('',(191.37833935415,-20.,10.07));
#11485 = VECTOR('',#11486,1.);
#11486 = DIRECTION('',(-0.,-0.,-1.));
#11487 = PCURVE('',#7975,#11488);
#11488 = DEFINITIONAL_REPRESENTATION('',(#11489),#11493);
#11489 = LINE('',#11490,#11491);
#11490 = CARTESIAN_POINT('',(0.14,41.928339354159));
#11491 = VECTOR('',#11492,1.);
#11492 = DIRECTION('',(-1.,0.));
#11493 = ( GEOMETRIC_REPRESENTATION_CONTEXT(2) 
PARAMETRIC_REPRESENTATION_CONTEXT() REPRESENTATION_CONTEXT('2D SPACE',''
  ) );
#11494 = PCURVE('',#9325,#11495);
#11495 = DEFINITIONAL_REPRESENTATION('',(#11496),#11500);
#11496 = LINE('',#11497,#11498);
#11497 = CARTESIAN_POINT('',(-6.16167439049,0.));
#11498 = VECTOR('',#11499,1.);
#11499 = DIRECTION('',(-0.,1.));
#11500 = ( GEOMETRIC_REPRESENTATION_CONTEXT(2) 
PARAMETRIC_REPRESENTATION_CONTEXT() REPRESENTATION_CONTEXT('2D SPACE',''
  ) );
#11501 = ORIENTED_EDGE('',*,*,#11502,.F.);
#11502 = EDGE_CURVE('',#11503,#11480,#11505,.T.);
#11503 = VERTEX_POINT('',#11504);
#11504 = CARTESIAN_POINT('',(177.2360679775,-20.,11.57));
#11505 = SURFACE_CURVE('',#11506,(#11510,#11517),.PCURVE_S1.);
#11506 = LINE('',#11507,#11508);
#11507 = CARTESIAN_POINT('',(162.225,-20.,11.57));
#11508 = VECTOR('',#11509,1.);
#11509 = DIRECTION('',(1.,0.,0.));
#11510 = PCURVE('',#7975,#11511);
#11511 = DEFINITIONAL_REPRESENTATION('',(#11512),#11516);
#11512 = LINE('',#11513,#11514);
#11513 = CARTESIAN_POINT('',(1.64,12.775));
#11514 = VECTOR('',#11515,1.);
#11515 = DIRECTION('',(0.,1.));
#11516 = ( GEOMETRIC_REPRESENTATION_CONTEXT(2) 
PARAMETRIC_REPRESENTATION_CONTEXT() REPRESENTATION_CONTEXT('2D SPACE',''
  ) );
#11517 = PCURVE('',#11518,#11523);
#11518 = PLANE('',#11519);
#11519 = AXIS2_PLACEMENT_3D('',#11520,#11521,#11522);
#11520 = CARTESIAN_POINT('',(175.,-18.,11.57));
#11521 = DIRECTION('',(0.,0.,1.));
#11522 = DIRECTION('',(1.,0.,-0.));
#11523 = DEFINITIONAL_REPRESENTATION('',(#11524),#11528);
#11524 = LINE('',#11525,#11526);
#11525 = CARTESIAN_POINT('',(-12.775,-2.));
#11526 = VECTOR('',#11527,1.);
#11527 = DIRECTION('',(1.,0.));
#11528 = ( GEOMETRIC_REPRESENTATION_CONTEXT(2) 
PARAMETRIC_REPRESENTATION_CONTEXT() REPRESENTATION_CONTEXT('2D SPACE',''
  ) );
#11529 = ORIENTED_EDGE('',*,*,#11530,.F.);
#11530 = EDGE_CURVE('',#11531,#11503,#11533,.T.);
#11531 = VERTEX_POINT('',#11532);
#11532 = CARTESIAN_POINT('',(177.2360679775,-20.,18.07));
#11533 = SURFACE_CURVE('',#11534,(#11538,#11545),.PCURVE_S1.);
#11534 = LINE('',#11535,#11536);
#11535 = CARTESIAN_POINT('',(177.2360679775,-20.,-18.07));
#11536 = VECTOR('',#11537,1.);
#11537 = DIRECTION('',(-0.,-0.,-1.));
#11538 = PCURVE('',#7975,#11539);
#11539 = DEFINITIONAL_REPRESENTATION('',(#11540),#11544);
#11540 = LINE('',#11541,#11542);
#11541 = CARTESIAN_POINT('',(-28.,27.7860679775));
#11542 = VECTOR('',#11543,1.);
#11543 = DIRECTION('',(-1.,0.));
#11544 = ( GEOMETRIC_REPRESENTATION_CONTEXT(2) 
PARAMETRIC_REPRESENTATION_CONTEXT() REPRESENTATION_CONTEXT('2D SPACE',''
  ) );
#11545 = PCURVE('',#11546,#11551);
#11546 = CYLINDRICAL_SURFACE('',#11547,3.);
#11547 = AXIS2_PLACEMENT_3D('',#11548,#11549,#11550);
#11548 = CARTESIAN_POINT('',(175.,-18.,-18.07));
#11549 = DIRECTION('',(-0.,-0.,-1.));
#11550 = DIRECTION('',(1.,0.,0.));
#11551 = DEFINITIONAL_REPRESENTATION('',(#11552),#11556);
#11552 = LINE('',#11553,#11554);
#11553 = CARTESIAN_POINT('',(-5.553457650953,0.));
#11554 = VECTOR('',#11555,1.);
#11555 = DIRECTION('',(-0.,1.));
#11556 = ( GEOMETRIC_REPRESENTATION_CONTEXT(2) 
PARAMETRIC_REPRESENTATION_CONTEXT() REPRESENTATION_CONTEXT('2D SPACE',''
  ) );
#11557 = ORIENTED_EDGE('',*,*,#11558,.F.);
#11558 = EDGE_CURVE('',#11559,#11531,#11561,.T.);
#11559 = VERTEX_POINT('',#11560);
#11560 = CARTESIAN_POINT('',(172.7639320225,-20.,18.07));
#11561 = SURFACE_CURVE('',#11562,(#11566,#11573),.PCURVE_S1.);
#11562 = LINE('',#11563,#11564);
#11563 = CARTESIAN_POINT('',(162.225,-20.,18.07));
#11564 = VECTOR('',#11565,1.);
#11565 = DIRECTION('',(1.,0.,0.));
#11566 = PCURVE('',#7975,#11567);
#11567 = DEFINITIONAL_REPRESENTATION('',(#11568),#11572);
#11568 = LINE('',#11569,#11570);
#11569 = CARTESIAN_POINT('',(8.14,12.775));
#11570 = VECTOR('',#11571,1.);
#11571 = DIRECTION('',(0.,1.));
#11572 = ( GEOMETRIC_REPRESENTATION_CONTEXT(2) 
PARAMETRIC_REPRESENTATION_CONTEXT() REPRESENTATION_CONTEXT('2D SPACE',''
  ) );
#11573 = PCURVE('',#11574,#11579);
#11574 = PLANE('',#11575);
#11575 = AXIS2_PLACEMENT_3D('',#11576,#11577,#11578);
#11576 = CARTESIAN_POINT('',(175.,-18.,18.07));
#11577 = DIRECTION('',(0.,0.,1.));
#11578 = DIRECTION('',(1.,0.,-0.));
#11579 = DEFINITIONAL_REPRESENTATION('',(#11580),#11584);
#11580 = LINE('',#11581,#11582);
#11581 = CARTESIAN_POINT('',(-12.775,-2.));
#11582 = VECTOR('',#11583,1.);
#11583 = DIRECTION('',(1.,0.));
#11584 = ( GEOMETRIC_REPRESENTATION_CONTEXT(2) 
PARAMETRIC_REPRESENTATION_CONTEXT() REPRESENTATION_CONTEXT('2D SPACE',''
  ) );
#11585 = ORIENTED_EDGE('',*,*,#11586,.T.);
#11586 = EDGE_CURVE('',#11559,#11587,#11589,.T.);
#11587 = VERTEX_POINT('',#11588);
#11588 = CARTESIAN_POINT('',(172.7639320225,-20.,11.57));
#11589 = SURFACE_CURVE('',#11590,(#11594,#11601),.PCURVE_S1.);
#11590 = LINE('',#11591,#11592);
#11591 = CARTESIAN_POINT('',(172.7639320225,-20.,-18.07));
#11592 = VECTOR('',#11593,1.);
#11593 = DIRECTION('',(-0.,-0.,-1.));
#11594 = PCURVE('',#7975,#11595);
#11595 = DEFINITIONAL_REPRESENTATION('',(#11596),#11600);
#11596 = LINE('',#11597,#11598);
#11597 = CARTESIAN_POINT('',(-28.,23.3139320225));
#11598 = VECTOR('',#11599,1.);
#11599 = DIRECTION('',(-1.,0.));
#11600 = ( GEOMETRIC_REPRESENTATION_CONTEXT(2) 
PARAMETRIC_REPRESENTATION_CONTEXT() REPRESENTATION_CONTEXT('2D SPACE',''
  ) );
#11601 = PCURVE('',#11546,#11602);
#11602 = DEFINITIONAL_REPRESENTATION('',(#11603),#11607);
#11603 = LINE('',#11604,#11605);
#11604 = CARTESIAN_POINT('',(-3.871320309817,0.));
#11605 = VECTOR('',#11606,1.);
#11606 = DIRECTION('',(-0.,1.));
#11607 = ( GEOMETRIC_REPRESENTATION_CONTEXT(2) 
PARAMETRIC_REPRESENTATION_CONTEXT() REPRESENTATION_CONTEXT('2D SPACE',''
  ) );
#11608 = ORIENTED_EDGE('',*,*,#11609,.F.);
#11609 = EDGE_CURVE('',#11610,#11587,#11612,.T.);
#11610 = VERTEX_POINT('',#11611);
#11611 = CARTESIAN_POINT('',(158.62166064584,-20.,11.57));
#11612 = SURFACE_CURVE('',#11613,(#11617,#11624),.PCURVE_S1.);
#11613 = LINE('',#11614,#11615);
#11614 = CARTESIAN_POINT('',(162.225,-20.,11.57));
#11615 = VECTOR('',#11616,1.);
#11616 = DIRECTION('',(1.,0.,0.));
#11617 = PCURVE('',#7975,#11618);
#11618 = DEFINITIONAL_REPRESENTATION('',(#11619),#11623);
#11619 = LINE('',#11620,#11621);
#11620 = CARTESIAN_POINT('',(1.64,12.775));
#11621 = VECTOR('',#11622,1.);
#11622 = DIRECTION('',(0.,1.));
#11623 = ( GEOMETRIC_REPRESENTATION_CONTEXT(2) 
PARAMETRIC_REPRESENTATION_CONTEXT() REPRESENTATION_CONTEXT('2D SPACE',''
  ) );
#11624 = PCURVE('',#11518,#11625);
#11625 = DEFINITIONAL_REPRESENTATION('',(#11626),#11630);
#11626 = LINE('',#11627,#11628);
#11627 = CARTESIAN_POINT('',(-12.775,-2.));
#11628 = VECTOR('',#11629,1.);
#11629 = DIRECTION('',(1.,0.));
#11630 = ( GEOMETRIC_REPRESENTATION_CONTEXT(2) 
PARAMETRIC_REPRESENTATION_CONTEXT() REPRESENTATION_CONTEXT('2D SPACE',''
  ) );
#11631 = ORIENTED_EDGE('',*,*,#11632,.T.);
#11632 = EDGE_CURVE('',#11610,#11037,#11633,.T.);
#11633 = SURFACE_CURVE('',#11634,(#11638,#11645),.PCURVE_S1.);
#11634 = LINE('',#11635,#11636);
#11635 = CARTESIAN_POINT('',(158.62166064584,-20.,10.07));
#11636 = VECTOR('',#11637,1.);
#11637 = DIRECTION('',(-0.,-0.,-1.));
#11638 = PCURVE('',#7975,#11639);
#11639 = DEFINITIONAL_REPRESENTATION('',(#11640),#11644);
#11640 = LINE('',#11641,#11642);
#11641 = CARTESIAN_POINT('',(0.14,9.171660645841));
#11642 = VECTOR('',#11643,1.);
#11643 = DIRECTION('',(-1.,0.));
#11644 = ( GEOMETRIC_REPRESENTATION_CONTEXT(2) 
PARAMETRIC_REPRESENTATION_CONTEXT() REPRESENTATION_CONTEXT('2D SPACE',''
  ) );
#11645 = PCURVE('',#9325,#11646);
#11646 = DEFINITIONAL_REPRESENTATION('',(#11647),#11651);
#11647 = LINE('',#11648,#11649);
#11648 = CARTESIAN_POINT('',(-3.263103570279,0.));
#11649 = VECTOR('',#11650,1.);
#11650 = DIRECTION('',(-0.,1.));
#11651 = ( GEOMETRIC_REPRESENTATION_CONTEXT(2) 
PARAMETRIC_REPRESENTATION_CONTEXT() REPRESENTATION_CONTEXT('2D SPACE',''
  ) );
#11652 = ADVANCED_FACE('',(#11653),#8051,.F.);
#11653 = FACE_BOUND('',#11654,.F.);
#11654 = EDGE_LOOP('',(#11655,#11656,#11657,#11658));
#11655 = ORIENTED_EDGE('',*,*,#8035,.T.);
#11656 = ORIENTED_EDGE('',*,*,#8187,.T.);
#11657 = ORIENTED_EDGE('',*,*,#8160,.T.);
#11658 = ORIENTED_EDGE('',*,*,#8111,.T.);
#11659 = ADVANCED_FACE('',(#11660),#8252,.F.);
#11660 = FACE_BOUND('',#11661,.F.);
#11661 = EDGE_LOOP('',(#11662,#11663,#11664,#11665));
#11662 = ORIENTED_EDGE('',*,*,#8312,.T.);
#11663 = ORIENTED_EDGE('',*,*,#8236,.T.);
#11664 = ORIENTED_EDGE('',*,*,#8388,.T.);
#11665 = ORIENTED_EDGE('',*,*,#8361,.T.);
#11666 = ADVANCED_FACE('',(#11667),#8474,.T.);
#11667 = FACE_BOUND('',#11668,.F.);
#11668 = EDGE_LOOP('',(#11669,#11670,#11671));
#11669 = ORIENTED_EDGE('',*,*,#8518,.F.);
#11670 = ORIENTED_EDGE('',*,*,#8459,.T.);
#11671 = ORIENTED_EDGE('',*,*,#8491,.F.);
#11672 = ADVANCED_FACE('',(#11673),#8578,.T.);
#11673 = FACE_BOUND('',#11674,.T.);
#11674 = EDGE_LOOP('',(#11675,#11676,#11698));
#11675 = ORIENTED_EDGE('',*,*,#8563,.F.);
#11676 = ORIENTED_EDGE('',*,*,#11677,.T.);
#11677 = EDGE_CURVE('',#8541,#8596,#11678,.T.);
#11678 = SURFACE_CURVE('',#11679,(#11684,#11691),.PCURVE_S1.);
#11679 = CIRCLE('',#11680,1.5);
#11680 = AXIS2_PLACEMENT_3D('',#11681,#11682,#11683);
#11681 = CARTESIAN_POINT('',(199.05,33.57,18.5));
#11682 = DIRECTION('',(1.,-6.798155367234E-33,-6.123233995737E-17));
#11683 = DIRECTION('',(6.123233995737E-17,1.110223024625E-16,1.));
#11684 = PCURVE('',#8578,#11685);
#11685 = DEFINITIONAL_REPRESENTATION('',(#11686),#11690);
#11686 = LINE('',#11687,#11688);
#11687 = CARTESIAN_POINT('',(1.570796326795,-6.28318530718));
#11688 = VECTOR('',#11689,1.);
#11689 = DIRECTION('',(0.,1.));
#11690 = ( GEOMETRIC_REPRESENTATION_CONTEXT(2) 
PARAMETRIC_REPRESENTATION_CONTEXT() REPRESENTATION_CONTEXT('2D SPACE',''
  ) );
#11691 = PCURVE('',#11139,#11692);
#11692 = DEFINITIONAL_REPRESENTATION('',(#11693),#11697);
#11693 = LINE('',#11694,#11695);
#11694 = CARTESIAN_POINT('',(-6.28318530718,49.6));
#11695 = VECTOR('',#11696,1.);
#11696 = DIRECTION('',(1.,-0.));
#11697 = ( GEOMETRIC_REPRESENTATION_CONTEXT(2) 
PARAMETRIC_REPRESENTATION_CONTEXT() REPRESENTATION_CONTEXT('2D SPACE',''
  ) );
#11698 = ORIENTED_EDGE('',*,*,#8595,.F.);
#11699 = ADVANCED_FACE('',(#11700),#8717,.T.);
#11700 = FACE_BOUND('',#11701,.T.);
#11701 = EDGE_LOOP('',(#11702,#11703,#11725));
#11702 = ORIENTED_EDGE('',*,*,#8702,.F.);
#11703 = ORIENTED_EDGE('',*,*,#11704,.T.);
#11704 = EDGE_CURVE('',#8680,#8762,#11705,.T.);
#11705 = SURFACE_CURVE('',#11706,(#11711,#11718),.PCURVE_S1.);
#11706 = CIRCLE('',#11707,1.5);
#11707 = AXIS2_PLACEMENT_3D('',#11708,#11709,#11710);
#11708 = CARTESIAN_POINT('',(199.05,18.5,28.57));
#11709 = DIRECTION('',(1.,0.,-6.123233995737E-17));
#11710 = DIRECTION('',(6.123233995737E-17,0.,1.));
#11711 = PCURVE('',#8717,#11712);
#11712 = DEFINITIONAL_REPRESENTATION('',(#11713),#11717);
#11713 = LINE('',#11714,#11715);
#11714 = CARTESIAN_POINT('',(1.570796326795,-6.28318530718));
#11715 = VECTOR('',#11716,1.);
#11716 = DIRECTION('',(0.,1.));
#11717 = ( GEOMETRIC_REPRESENTATION_CONTEXT(2) 
PARAMETRIC_REPRESENTATION_CONTEXT() REPRESENTATION_CONTEXT('2D SPACE',''
  ) );
#11718 = PCURVE('',#11279,#11719);
#11719 = DEFINITIONAL_REPRESENTATION('',(#11720),#11724);
#11720 = LINE('',#11721,#11722);
#11721 = CARTESIAN_POINT('',(-4.712388980385,49.6));
#11722 = VECTOR('',#11723,1.);
#11723 = DIRECTION('',(1.,0.));
#11724 = ( GEOMETRIC_REPRESENTATION_CONTEXT(2) 
PARAMETRIC_REPRESENTATION_CONTEXT() REPRESENTATION_CONTEXT('2D SPACE',''
  ) );
#11725 = ORIENTED_EDGE('',*,*,#8784,.F.);
#11726 = ADVANCED_FACE('',(#11727),#8749,.T.);
#11727 = FACE_BOUND('',#11728,.T.);
#11728 = EDGE_LOOP('',(#11729,#11730,#11752));
#11729 = ORIENTED_EDGE('',*,*,#8732,.F.);
#11730 = ORIENTED_EDGE('',*,*,#11731,.T.);
#11731 = EDGE_CURVE('',#8733,#8836,#11732,.T.);
#11732 = SURFACE_CURVE('',#11733,(#11738,#11745),.PCURVE_S1.);
#11733 = CIRCLE('',#11734,1.5);
#11734 = AXIS2_PLACEMENT_3D('',#11735,#11736,#11737);
#11735 = CARTESIAN_POINT('',(199.05,-18.5,28.57));
#11736 = DIRECTION('',(1.,6.123233995737E-17,0.));
#11737 = DIRECTION('',(6.123233995737E-17,-1.,0.));
#11738 = PCURVE('',#8749,#11739);
#11739 = DEFINITIONAL_REPRESENTATION('',(#11740),#11744);
#11740 = LINE('',#11741,#11742);
#11741 = CARTESIAN_POINT('',(1.570796326795,-6.28318530718));
#11742 = VECTOR('',#11743,1.);
#11743 = DIRECTION('',(0.,1.));
#11744 = ( GEOMETRIC_REPRESENTATION_CONTEXT(2) 
PARAMETRIC_REPRESENTATION_CONTEXT() REPRESENTATION_CONTEXT('2D SPACE',''
  ) );
#11745 = PCURVE('',#11338,#11746);
#11746 = DEFINITIONAL_REPRESENTATION('',(#11747),#11751);
#11747 = LINE('',#11748,#11749);
#11748 = CARTESIAN_POINT('',(-6.28318530718,49.6));
#11749 = VECTOR('',#11750,1.);
#11750 = DIRECTION('',(1.,-0.));
#11751 = ( GEOMETRIC_REPRESENTATION_CONTEXT(2) 
PARAMETRIC_REPRESENTATION_CONTEXT() REPRESENTATION_CONTEXT('2D SPACE',''
  ) );
#11752 = ORIENTED_EDGE('',*,*,#8858,.F.);
#11753 = ADVANCED_FACE('',(#11754),#8973,.T.);
#11754 = FACE_BOUND('',#11755,.T.);
#11755 = EDGE_LOOP('',(#11756,#11757,#11811,#11812));
#11756 = ORIENTED_EDGE('',*,*,#11456,.F.);
#11757 = ORIENTED_EDGE('',*,*,#11758,.T.);
#11758 = EDGE_CURVE('',#11457,#9286,#11759,.T.);
#11759 = SURFACE_CURVE('',#11760,(#11775,#11793),.PCURVE_S1.);
#11760 = B_SPLINE_CURVE_WITH_KNOTS('',7,(#11761,#11762,#11763,#11764,
    #11765,#11766,#11767,#11768,#11769,#11770,#11771,#11772,#11773,
    #11774),.UNSPECIFIED.,.F.,.F.,(8,6,8),(0.,0.730003944282,1.),
  .UNSPECIFIED.);
#11761 = CARTESIAN_POINT('',(191.37833935415,-20.,11.43));
#11762 = CARTESIAN_POINT('',(191.37833935415,-20.,11.265006805715));
#11763 = CARTESIAN_POINT('',(191.38092477524,-19.97882720733,
    11.100041102861));
#11764 = CARTESIAN_POINT('',(191.38609476967,-19.93649101508,
    10.936958899591));
#11765 = CARTESIAN_POINT('',(191.39372574937,-19.87256188392,
    10.777783089607));
#11766 = CARTESIAN_POINT('',(191.40355653575,-19.78633514321,
    10.624985587658));
#11767 = CARTESIAN_POINT('',(191.41510348148,-19.67697700282,
    10.481800993002));
#11768 = CARTESIAN_POINT('',(191.43223967524,-19.49463852509,
    10.305102715332));
#11769 = CARTESIAN_POINT('',(191.43699915016,-19.4421470123,
    10.259324928138));
#11770 = CARTESIAN_POINT('',(191.44184736153,-19.38642640679,
    10.215775040759));
#11771 = CARTESIAN_POINT('',(191.4467342795,-19.32753323964,
    10.174756103073));
#11772 = CARTESIAN_POINT('',(191.45160545623,-19.26554953702,
    10.136576646785));
#11773 = CARTESIAN_POINT('',(191.45640360394,-19.20058353447,
    10.101550966368));
#11774 = CARTESIAN_POINT('',(191.46107017301,-19.13277039121,10.0699994)
  );
#11775 = PCURVE('',#8973,#11776);
#11776 = DEFINITIONAL_REPRESENTATION('',(#11777),#11792);
#11777 = B_SPLINE_CURVE_WITH_KNOTS('',7,(#11778,#11779,#11780,#11781,
    #11782,#11783,#11784,#11785,#11786,#11787,#11788,#11789,#11790,
    #11791),.UNSPECIFIED.,.F.,.F.,(8,6,8),(0.,0.730003944282,1.),
  .UNSPECIFIED.);
#11778 = CARTESIAN_POINT('',(0.,41.928339354159));
#11779 = CARTESIAN_POINT('',(0.109995462857,41.928339354159));
#11780 = CARTESIAN_POINT('',(0.219972303787,41.930924775241));
#11781 = CARTESIAN_POINT('',(0.330868824396,41.936094769675));
#11782 = CARTESIAN_POINT('',(0.443501228382,41.943725749375));
#11783 = CARTESIAN_POINT('',(0.558751703438,41.953556535757));
#11784 = CARTESIAN_POINT('',(0.677536583395,41.965103481484));
#11785 = CARTESIAN_POINT('',(0.846809015741,41.98223967524));
#11786 = CARTESIAN_POINT('',(0.893177509101,41.986999150166));
#11787 = CARTESIAN_POINT('',(0.940214498837,41.991847361531));
#11788 = CARTESIAN_POINT('',(0.987928290305,41.9967342795));
#11789 = CARTESIAN_POINT('',(1.036333563584,42.001605456231));
#11790 = CARTESIAN_POINT('',(1.08545233494,42.006403603947));
#11791 = CARTESIAN_POINT('',(1.135314918281,42.011070173011));
#11792 = ( GEOMETRIC_REPRESENTATION_CONTEXT(2) 
PARAMETRIC_REPRESENTATION_CONTEXT() REPRESENTATION_CONTEXT('2D SPACE',''
  ) );
#11793 = PCURVE('',#9325,#11794);
#11794 = DEFINITIONAL_REPRESENTATION('',(#11795),#11810);
#11795 = B_SPLINE_CURVE_WITH_KNOTS('',7,(#11796,#11797,#11798,#11799,
    #11800,#11801,#11802,#11803,#11804,#11805,#11806,#11807,#11808,
    #11809),.UNSPECIFIED.,.F.,.F.,(8,6,8),(0.,0.730003944282,1.),
  .UNSPECIFIED.);
#11796 = CARTESIAN_POINT('',(-6.16167439049,-1.36));
#11797 = CARTESIAN_POINT('',(-6.16167439049,-1.195006805715));
#11798 = CARTESIAN_POINT('',(-6.162967121576,-1.030041102861));
#11799 = CARTESIAN_POINT('',(-6.165552012267,-0.86695889959));
#11800 = CARTESIAN_POINT('',(-6.169453994944,-0.707783089607));
#11801 = CARTESIAN_POINT('',(-6.174713549781,-0.554985587658));
#11802 = CARTESIAN_POINT('',(-6.181377719257,-0.411800993002));
#11803 = CARTESIAN_POINT('',(-6.192477230675,-0.235102715332));
#11804 = CARTESIAN_POINT('',(-6.195671567996,-0.189324928138));
#11805 = CARTESIAN_POINT('',(-6.199061295799,-0.145775040759));
#11806 = CARTESIAN_POINT('',(-6.202642790318,-0.104756103073));
#11807 = CARTESIAN_POINT('',(-6.206410897719,-6.657664678482E-02));
#11808 = CARTESIAN_POINT('',(-6.210358905264,-3.155096636754E-02));
#11809 = CARTESIAN_POINT('',(-6.214478512468,5.999999999062E-07));
#11810 = ( GEOMETRIC_REPRESENTATION_CONTEXT(2) 
PARAMETRIC_REPRESENTATION_CONTEXT() REPRESENTATION_CONTEXT('2D SPACE',''
  ) );
#11811 = ORIENTED_EDGE('',*,*,#9285,.T.);
#11812 = ORIENTED_EDGE('',*,*,#8958,.T.);
#11813 = ADVANCED_FACE('',(#11814),#9036,.T.);
#11814 = FACE_BOUND('',#11815,.T.);
#11815 = EDGE_LOOP('',(#11816,#11817,#11839));
#11816 = ORIENTED_EDGE('',*,*,#9017,.F.);
#11817 = ORIENTED_EDGE('',*,*,#11818,.T.);
#11818 = EDGE_CURVE('',#9018,#9163,#11819,.T.);
#11819 = SURFACE_CURVE('',#11820,(#11825,#11832),.PCURVE_S1.);
#11820 = CIRCLE('',#11821,1.5);
#11821 = AXIS2_PLACEMENT_3D('',#11822,#11823,#11824);
#11822 = CARTESIAN_POINT('',(199.05,-36.5,8.57));
#11823 = DIRECTION('',(1.,6.123233995737E-17,0.));
#11824 = DIRECTION('',(6.123233995737E-17,-1.,0.));
#11825 = PCURVE('',#9036,#11826);
#11826 = DEFINITIONAL_REPRESENTATION('',(#11827),#11831);
#11827 = LINE('',#11828,#11829);
#11828 = CARTESIAN_POINT('',(1.570796326795,-6.28318530718));
#11829 = VECTOR('',#11830,1.);
#11830 = DIRECTION('',(0.,1.));
#11831 = ( GEOMETRIC_REPRESENTATION_CONTEXT(2) 
PARAMETRIC_REPRESENTATION_CONTEXT() REPRESENTATION_CONTEXT('2D SPACE',''
  ) );
#11832 = PCURVE('',#9178,#11833);
#11833 = DEFINITIONAL_REPRESENTATION('',(#11834),#11838);
#11834 = LINE('',#11835,#11836);
#11835 = CARTESIAN_POINT('',(-6.28318530718,49.6));
#11836 = VECTOR('',#11837,1.);
#11837 = DIRECTION('',(1.,-0.));
#11838 = ( GEOMETRIC_REPRESENTATION_CONTEXT(2) 
PARAMETRIC_REPRESENTATION_CONTEXT() REPRESENTATION_CONTEXT('2D SPACE',''
  ) );
#11839 = ORIENTED_EDGE('',*,*,#11840,.F.);
#11840 = EDGE_CURVE('',#9020,#9163,#11841,.T.);
#11841 = SURFACE_CURVE('',#11842,(#11847,#11854),.PCURVE_S1.);
#11842 = CIRCLE('',#11843,1.5);
#11843 = AXIS2_PLACEMENT_3D('',#11844,#11845,#11846);
#11844 = CARTESIAN_POINT('',(199.05,-36.5,8.57));
#11845 = DIRECTION('',(0.,0.,-1.));
#11846 = DIRECTION('',(1.,0.,0.));
#11847 = PCURVE('',#9036,#11848);
#11848 = DEFINITIONAL_REPRESENTATION('',(#11849),#11853);
#11849 = LINE('',#11850,#11851);
#11850 = CARTESIAN_POINT('',(0.,0.));
#11851 = VECTOR('',#11852,1.);
#11852 = DIRECTION('',(1.,0.));
#11853 = ( GEOMETRIC_REPRESENTATION_CONTEXT(2) 
PARAMETRIC_REPRESENTATION_CONTEXT() REPRESENTATION_CONTEXT('2D SPACE',''
  ) );
#11854 = PCURVE('',#9116,#11855);
#11855 = DEFINITIONAL_REPRESENTATION('',(#11856),#11860);
#11856 = LINE('',#11857,#11858);
#11857 = CARTESIAN_POINT('',(-0.,18.64));
#11858 = VECTOR('',#11859,1.);
#11859 = DIRECTION('',(-1.,0.));
#11860 = ( GEOMETRIC_REPRESENTATION_CONTEXT(2) 
PARAMETRIC_REPRESENTATION_CONTEXT() REPRESENTATION_CONTEXT('2D SPACE',''
  ) );
#11861 = ADVANCED_FACE('',(#11862),#9116,.T.);
#11862 = FACE_BOUND('',#11863,.F.);
#11863 = EDGE_LOOP('',(#11864,#11865,#11866,#11867));
#11864 = ORIENTED_EDGE('',*,*,#9102,.F.);
#11865 = ORIENTED_EDGE('',*,*,#9136,.T.);
#11866 = ORIENTED_EDGE('',*,*,#9190,.T.);
#11867 = ORIENTED_EDGE('',*,*,#11840,.F.);
#11868 = ADVANCED_FACE('',(#11869),#9178,.T.);
#11869 = FACE_BOUND('',#11870,.F.);
#11870 = EDGE_LOOP('',(#11871,#11872,#11873,#11874));
#11871 = ORIENTED_EDGE('',*,*,#9236,.F.);
#11872 = ORIENTED_EDGE('',*,*,#9263,.T.);
#11873 = ORIENTED_EDGE('',*,*,#11818,.T.);
#11874 = ORIENTED_EDGE('',*,*,#9162,.F.);
#11875 = ADVANCED_FACE('',(#11876),#9325,.T.);
#11876 = FACE_BOUND('',#11877,.F.);
#11877 = EDGE_LOOP('',(#11878,#11879,#11880,#11881,#11903,#11904));
#11878 = ORIENTED_EDGE('',*,*,#9308,.F.);
#11879 = ORIENTED_EDGE('',*,*,#11036,.F.);
#11880 = ORIENTED_EDGE('',*,*,#11632,.F.);
#11881 = ORIENTED_EDGE('',*,*,#11882,.T.);
#11882 = EDGE_CURVE('',#11610,#11480,#11883,.T.);
#11883 = SURFACE_CURVE('',#11884,(#11889,#11896),.PCURVE_S1.);
#11884 = CIRCLE('',#11885,16.5);
#11885 = AXIS2_PLACEMENT_3D('',#11886,#11887,#11888);
#11886 = CARTESIAN_POINT('',(175.,-18.,11.57));
#11887 = DIRECTION('',(0.,0.,1.));
#11888 = DIRECTION('',(1.,0.,0.));
#11889 = PCURVE('',#9325,#11890);
#11890 = DEFINITIONAL_REPRESENTATION('',(#11891),#11895);
#11891 = LINE('',#11892,#11893);
#11892 = CARTESIAN_POINT('',(-0.,-1.5));
#11893 = VECTOR('',#11894,1.);
#11894 = DIRECTION('',(-1.,0.));
#11895 = ( GEOMETRIC_REPRESENTATION_CONTEXT(2) 
PARAMETRIC_REPRESENTATION_CONTEXT() REPRESENTATION_CONTEXT('2D SPACE',''
  ) );
#11896 = PCURVE('',#11518,#11897);
#11897 = DEFINITIONAL_REPRESENTATION('',(#11898),#11902);
#11898 = CIRCLE('',#11899,16.5);
#11899 = AXIS2_PLACEMENT_2D('',#11900,#11901);
#11900 = CARTESIAN_POINT('',(0.,0.));
#11901 = DIRECTION('',(1.,0.));
#11902 = ( GEOMETRIC_REPRESENTATION_CONTEXT(2) 
PARAMETRIC_REPRESENTATION_CONTEXT() REPRESENTATION_CONTEXT('2D SPACE',''
  ) );
#11903 = ORIENTED_EDGE('',*,*,#11479,.T.);
#11904 = ORIENTED_EDGE('',*,*,#11758,.T.);
#11905 = ADVANCED_FACE('',(#11906),#9611,.F.);
#11906 = FACE_BOUND('',#11907,.T.);
#11907 = EDGE_LOOP('',(#11908,#11909,#11935,#11936,#11937,#11938,#11964,
    #11965));
#11908 = ORIENTED_EDGE('',*,*,#9657,.F.);
#11909 = ORIENTED_EDGE('',*,*,#11910,.F.);
#11910 = EDGE_CURVE('',#10871,#9658,#11911,.T.);
#11911 = SURFACE_CURVE('',#11912,(#11917,#11924),.PCURVE_S1.);
#11912 = CIRCLE('',#11913,3.1);
#11913 = AXIS2_PLACEMENT_3D('',#11914,#11915,#11916);
#11914 = CARTESIAN_POINT('',(128.,0.,-8.));
#11915 = DIRECTION('',(0.,0.,-1.));
#11916 = DIRECTION('',(1.,0.,0.));
#11917 = PCURVE('',#9611,#11918);
#11918 = DEFINITIONAL_REPRESENTATION('',(#11919),#11923);
#11919 = LINE('',#11920,#11921);
#11920 = CARTESIAN_POINT('',(-12.56637061435,-6.));
#11921 = VECTOR('',#11922,1.);
#11922 = DIRECTION('',(1.,-0.));
#11923 = ( GEOMETRIC_REPRESENTATION_CONTEXT(2) 
PARAMETRIC_REPRESENTATION_CONTEXT() REPRESENTATION_CONTEXT('2D SPACE',''
  ) );
#11924 = PCURVE('',#9696,#11925);
#11925 = DEFINITIONAL_REPRESENTATION('',(#11926),#11934);
#11926 = ( BOUNDED_CURVE() B_SPLINE_CURVE(2,(#11927,#11928,#11929,#11930
    ,#11931,#11932,#11933),.UNSPECIFIED.,.T.,.F.) 
B_SPLINE_CURVE_WITH_KNOTS((1,2,2,2,2,1),(-2.094395102393,0.,
    2.094395102393,4.188790204786,6.28318530718,8.377580409573),
.UNSPECIFIED.) CURVE() GEOMETRIC_REPRESENTATION_ITEM() 
RATIONAL_B_SPLINE_CURVE((1.,0.5,1.,0.5,1.,0.5,1.)) REPRESENTATION_ITEM(
  '') );
#11927 = CARTESIAN_POINT('',(33.1,11.));
#11928 = CARTESIAN_POINT('',(33.1,5.630642496536));
#11929 = CARTESIAN_POINT('',(28.45,8.315321248268));
#11930 = CARTESIAN_POINT('',(23.8,11.));
#11931 = CARTESIAN_POINT('',(28.45,13.684678751732));
#11932 = CARTESIAN_POINT('',(33.1,16.369357503464));
#11933 = CARTESIAN_POINT('',(33.1,11.));
#11934 = ( GEOMETRIC_REPRESENTATION_CONTEXT(2) 
PARAMETRIC_REPRESENTATION_CONTEXT() REPRESENTATION_CONTEXT('2D SPACE',''
  ) );
#11935 = ORIENTED_EDGE('',*,*,#10893,.T.);
#11936 = ORIENTED_EDGE('',*,*,#10659,.F.);
#11937 = ORIENTED_EDGE('',*,*,#10248,.F.);
#11938 = ORIENTED_EDGE('',*,*,#11939,.T.);
#11939 = EDGE_CURVE('',#10249,#10272,#11940,.T.);
#11940 = SURFACE_CURVE('',#11941,(#11946,#11953),.PCURVE_S1.);
#11941 = CIRCLE('',#11942,3.1);
#11942 = AXIS2_PLACEMENT_3D('',#11943,#11944,#11945);
#11943 = CARTESIAN_POINT('',(128.,0.,-9.));
#11944 = DIRECTION('',(0.,0.,-1.));
#11945 = DIRECTION('',(1.,0.,0.));
#11946 = PCURVE('',#9611,#11947);
#11947 = DEFINITIONAL_REPRESENTATION('',(#11948),#11952);
#11948 = LINE('',#11949,#11950);
#11949 = CARTESIAN_POINT('',(-12.56637061435,-5.));
#11950 = VECTOR('',#11951,1.);
#11951 = DIRECTION('',(1.,-0.));
#11952 = ( GEOMETRIC_REPRESENTATION_CONTEXT(2) 
PARAMETRIC_REPRESENTATION_CONTEXT() REPRESENTATION_CONTEXT('2D SPACE',''
  ) );
#11953 = PCURVE('',#10288,#11954);
#11954 = DEFINITIONAL_REPRESENTATION('',(#11955),#11963);
#11955 = ( BOUNDED_CURVE() B_SPLINE_CURVE(2,(#11956,#11957,#11958,#11959
    ,#11960,#11961,#11962),.UNSPECIFIED.,.T.,.F.) 
B_SPLINE_CURVE_WITH_KNOTS((1,2,2,2,2,1),(-2.094395102393,0.,
    2.094395102393,4.188790204786,6.28318530718,8.377580409573),
.UNSPECIFIED.) CURVE() GEOMETRIC_REPRESENTATION_ITEM() 
RATIONAL_B_SPLINE_CURVE((1.,0.5,1.,0.5,1.,0.5,1.)) REPRESENTATION_ITEM(
  '') );
#11956 = CARTESIAN_POINT('',(-5.9,-1.879594466024E-16));
#11957 = CARTESIAN_POINT('',(-5.9,-5.369357503464));
#11958 = CARTESIAN_POINT('',(-10.55,-2.684678751732));
#11959 = CARTESIAN_POINT('',(-15.2,-9.472404620738E-16));
#11960 = CARTESIAN_POINT('',(-10.55,2.684678751732));
#11961 = CARTESIAN_POINT('',(-5.9,5.369357503464));
#11962 = CARTESIAN_POINT('',(-5.9,-1.879594466024E-16));
#11963 = ( GEOMETRIC_REPRESENTATION_CONTEXT(2) 
PARAMETRIC_REPRESENTATION_CONTEXT() REPRESENTATION_CONTEXT('2D SPACE',''
  ) );
#11964 = ORIENTED_EDGE('',*,*,#10300,.T.);
#11965 = ORIENTED_EDGE('',*,*,#9539,.F.);
#11966 = ADVANCED_FACE('',(#11967),#9780,.F.);
#11967 = FACE_BOUND('',#11968,.T.);
#11968 = EDGE_LOOP('',(#11969,#11970,#11971,#11972,#11998,#11999,#12000,
    #12001));
#11969 = ORIENTED_EDGE('',*,*,#9764,.F.);
#11970 = ORIENTED_EDGE('',*,*,#9933,.T.);
#11971 = ORIENTED_EDGE('',*,*,#10385,.T.);
#11972 = ORIENTED_EDGE('',*,*,#11973,.F.);
#11973 = EDGE_CURVE('',#10409,#10386,#11974,.T.);
#11974 = SURFACE_CURVE('',#11975,(#11980,#11987),.PCURVE_S1.);
#11975 = CIRCLE('',#11976,3.1);
#11976 = AXIS2_PLACEMENT_3D('',#11977,#11978,#11979);
#11977 = CARTESIAN_POINT('',(128.,0.,9.));
#11978 = DIRECTION('',(0.,0.,-1.));
#11979 = DIRECTION('',(1.,0.,0.));
#11980 = PCURVE('',#9780,#11981);
#11981 = DEFINITIONAL_REPRESENTATION('',(#11982),#11986);
#11982 = LINE('',#11983,#11984);
#11983 = CARTESIAN_POINT('',(-12.56637061435,-23.));
#11984 = VECTOR('',#11985,1.);
#11985 = DIRECTION('',(1.,-0.));
#11986 = ( GEOMETRIC_REPRESENTATION_CONTEXT(2) 
PARAMETRIC_REPRESENTATION_CONTEXT() REPRESENTATION_CONTEXT('2D SPACE',''
  ) );
#11987 = PCURVE('',#10425,#11988);
#11988 = DEFINITIONAL_REPRESENTATION('',(#11989),#11997);
#11989 = ( BOUNDED_CURVE() B_SPLINE_CURVE(2,(#11990,#11991,#11992,#11993
    ,#11994,#11995,#11996),.UNSPECIFIED.,.T.,.F.) 
B_SPLINE_CURVE_WITH_KNOTS((1,2,2,2,2,1),(-2.094395102393,0.,
    2.094395102393,4.188790204786,6.28318530718,8.377580409573),
.UNSPECIFIED.) CURVE() GEOMETRIC_REPRESENTATION_ITEM() 
RATIONAL_B_SPLINE_CURVE((1.,0.5,1.,0.5,1.,0.5,1.)) REPRESENTATION_ITEM(
  '') );
#11990 = CARTESIAN_POINT('',(-5.9,-1.879594466024E-16));
#11991 = CARTESIAN_POINT('',(-5.9,-5.369357503464));
#11992 = CARTESIAN_POINT('',(-10.55,-2.684678751732));
#11993 = CARTESIAN_POINT('',(-15.2,-9.472404620738E-16));
#11994 = CARTESIAN_POINT('',(-10.55,2.684678751732));
#11995 = CARTESIAN_POINT('',(-5.9,5.369357503464));
#11996 = CARTESIAN_POINT('',(-5.9,-1.879594466024E-16));
#11997 = ( GEOMETRIC_REPRESENTATION_CONTEXT(2) 
PARAMETRIC_REPRESENTATION_CONTEXT() REPRESENTATION_CONTEXT('2D SPACE',''
  ) );
#11998 = ORIENTED_EDGE('',*,*,#10437,.F.);
#11999 = ORIENTED_EDGE('',*,*,#10920,.T.);
#12000 = ORIENTED_EDGE('',*,*,#10796,.T.);
#12001 = ORIENTED_EDGE('',*,*,#12002,.T.);
#12002 = EDGE_CURVE('',#10797,#9737,#12003,.T.);
#12003 = SURFACE_CURVE('',#12004,(#12009,#12016),.PCURVE_S1.);
#12004 = CIRCLE('',#12005,3.1);
#12005 = AXIS2_PLACEMENT_3D('',#12006,#12007,#12008);
#12006 = CARTESIAN_POINT('',(128.,0.,8.));
#12007 = DIRECTION('',(0.,0.,-1.));
#12008 = DIRECTION('',(1.,0.,0.));
#12009 = PCURVE('',#9780,#12010);
#12010 = DEFINITIONAL_REPRESENTATION('',(#12011),#12015);
#12011 = LINE('',#12012,#12013);
#12012 = CARTESIAN_POINT('',(-12.56637061435,-22.));
#12013 = VECTOR('',#12014,1.);
#12014 = DIRECTION('',(1.,-0.));
#12015 = ( GEOMETRIC_REPRESENTATION_CONTEXT(2) 
PARAMETRIC_REPRESENTATION_CONTEXT() REPRESENTATION_CONTEXT('2D SPACE',''
  ) );
#12016 = PCURVE('',#9752,#12017);
#12017 = DEFINITIONAL_REPRESENTATION('',(#12018),#12026);
#12018 = ( BOUNDED_CURVE() B_SPLINE_CURVE(2,(#12019,#12020,#12021,#12022
    ,#12023,#12024,#12025),.UNSPECIFIED.,.T.,.F.) 
B_SPLINE_CURVE_WITH_KNOTS((1,2,2,2,2,1),(-2.094395102393,0.,
    2.094395102393,4.188790204786,6.28318530718,8.377580409573),
.UNSPECIFIED.) CURVE() GEOMETRIC_REPRESENTATION_ITEM() 
RATIONAL_B_SPLINE_CURVE((1.,0.5,1.,0.5,1.,0.5,1.)) REPRESENTATION_ITEM(
  '') );
#12019 = CARTESIAN_POINT('',(33.1,11.));
#12020 = CARTESIAN_POINT('',(33.1,5.630642496536));
#12021 = CARTESIAN_POINT('',(28.45,8.315321248268));
#12022 = CARTESIAN_POINT('',(23.8,11.));
#12023 = CARTESIAN_POINT('',(28.45,13.684678751732));
#12024 = CARTESIAN_POINT('',(33.1,16.369357503464));
#12025 = CARTESIAN_POINT('',(33.1,11.));
#12026 = ( GEOMETRIC_REPRESENTATION_CONTEXT(2) 
PARAMETRIC_REPRESENTATION_CONTEXT() REPRESENTATION_CONTEXT('2D SPACE',''
  ) );
#12027 = ADVANCED_FACE('',(#12028),#9752,.T.);
#12028 = FACE_BOUND('',#12029,.T.);
#12029 = EDGE_LOOP('',(#12030,#12053,#12081,#12102,#12103,#12104));
#12030 = ORIENTED_EDGE('',*,*,#12031,.F.);
#12031 = EDGE_CURVE('',#12032,#10820,#12034,.T.);
#12032 = VERTEX_POINT('',#12033);
#12033 = CARTESIAN_POINT('',(98.,11.,8.));
#12034 = SURFACE_CURVE('',#12035,(#12039,#12046),.PCURVE_S1.);
#12035 = LINE('',#12036,#12037);
#12036 = CARTESIAN_POINT('',(98.,11.,8.));
#12037 = VECTOR('',#12038,1.);
#12038 = DIRECTION('',(1.,0.,0.));
#12039 = PCURVE('',#9752,#12040);
#12040 = DEFINITIONAL_REPRESENTATION('',(#12041),#12045);
#12041 = LINE('',#12042,#12043);
#12042 = CARTESIAN_POINT('',(0.,22.));
#12043 = VECTOR('',#12044,1.);
#12044 = DIRECTION('',(1.,0.));
#12045 = ( GEOMETRIC_REPRESENTATION_CONTEXT(2) 
PARAMETRIC_REPRESENTATION_CONTEXT() REPRESENTATION_CONTEXT('2D SPACE',''
  ) );
#12046 = PCURVE('',#10858,#12047);
#12047 = DEFINITIONAL_REPRESENTATION('',(#12048),#12052);
#12048 = LINE('',#12049,#12050);
#12049 = CARTESIAN_POINT('',(16.,0.));
#12050 = VECTOR('',#12051,1.);
#12051 = DIRECTION('',(0.,1.));
#12052 = ( GEOMETRIC_REPRESENTATION_CONTEXT(2) 
PARAMETRIC_REPRESENTATION_CONTEXT() REPRESENTATION_CONTEXT('2D SPACE',''
  ) );
#12053 = ORIENTED_EDGE('',*,*,#12054,.F.);
#12054 = EDGE_CURVE('',#12055,#12032,#12057,.T.);
#12055 = VERTEX_POINT('',#12056);
#12056 = CARTESIAN_POINT('',(98.,-11.,8.));
#12057 = SURFACE_CURVE('',#12058,(#12062,#12069),.PCURVE_S1.);
#12058 = LINE('',#12059,#12060);
#12059 = CARTESIAN_POINT('',(98.,-11.,8.));
#12060 = VECTOR('',#12061,1.);
#12061 = DIRECTION('',(0.,1.,0.));
#12062 = PCURVE('',#9752,#12063);
#12063 = DEFINITIONAL_REPRESENTATION('',(#12064),#12068);
#12064 = LINE('',#12065,#12066);
#12065 = CARTESIAN_POINT('',(0.,0.));
#12066 = VECTOR('',#12067,1.);
#12067 = DIRECTION('',(0.,1.));
#12068 = ( GEOMETRIC_REPRESENTATION_CONTEXT(2) 
PARAMETRIC_REPRESENTATION_CONTEXT() REPRESENTATION_CONTEXT('2D SPACE',''
  ) );
#12069 = PCURVE('',#12070,#12075);
#12070 = PLANE('',#12071);
#12071 = AXIS2_PLACEMENT_3D('',#12072,#12073,#12074);
#12072 = CARTESIAN_POINT('',(98.,-11.,-8.));
#12073 = DIRECTION('',(1.,0.,0.));
#12074 = DIRECTION('',(0.,0.,1.));
#12075 = DEFINITIONAL_REPRESENTATION('',(#12076),#12080);
#12076 = LINE('',#12077,#12078);
#12077 = CARTESIAN_POINT('',(16.,0.));
#12078 = VECTOR('',#12079,1.);
#12079 = DIRECTION('',(0.,-1.));
#12080 = ( GEOMETRIC_REPRESENTATION_CONTEXT(2) 
PARAMETRIC_REPRESENTATION_CONTEXT() REPRESENTATION_CONTEXT('2D SPACE',''
  ) );
#12081 = ORIENTED_EDGE('',*,*,#12082,.T.);
#12082 = EDGE_CURVE('',#12055,#9709,#12083,.T.);
#12083 = SURFACE_CURVE('',#12084,(#12088,#12095),.PCURVE_S1.);
#12084 = LINE('',#12085,#12086);
#12085 = CARTESIAN_POINT('',(98.,-11.,8.));
#12086 = VECTOR('',#12087,1.);
#12087 = DIRECTION('',(1.,0.,0.));
#12088 = PCURVE('',#9752,#12089);
#12089 = DEFINITIONAL_REPRESENTATION('',(#12090),#12094);
#12090 = LINE('',#12091,#12092);
#12091 = CARTESIAN_POINT('',(0.,0.));
#12092 = VECTOR('',#12093,1.);
#12093 = DIRECTION('',(1.,0.));
#12094 = ( GEOMETRIC_REPRESENTATION_CONTEXT(2) 
PARAMETRIC_REPRESENTATION_CONTEXT() REPRESENTATION_CONTEXT('2D SPACE',''
  ) );
#12095 = PCURVE('',#9724,#12096);
#12096 = DEFINITIONAL_REPRESENTATION('',(#12097),#12101);
#12097 = LINE('',#12098,#12099);
#12098 = CARTESIAN_POINT('',(16.,0.));
#12099 = VECTOR('',#12100,1.);
#12100 = DIRECTION('',(0.,1.));
#12101 = ( GEOMETRIC_REPRESENTATION_CONTEXT(2) 
PARAMETRIC_REPRESENTATION_CONTEXT() REPRESENTATION_CONTEXT('2D SPACE',''
  ) );
#12102 = ORIENTED_EDGE('',*,*,#9736,.T.);
#12103 = ORIENTED_EDGE('',*,*,#12002,.F.);
#12104 = ORIENTED_EDGE('',*,*,#10819,.T.);
#12105 = ADVANCED_FACE('',(#12106),#9724,.F.);
#12106 = FACE_BOUND('',#12107,.F.);
#12107 = EDGE_LOOP('',(#12108,#12131,#12152,#12153));
#12108 = ORIENTED_EDGE('',*,*,#12109,.F.);
#12109 = EDGE_CURVE('',#12110,#9681,#12112,.T.);
#12110 = VERTEX_POINT('',#12111);
#12111 = CARTESIAN_POINT('',(98.,-11.,-8.));
#12112 = SURFACE_CURVE('',#12113,(#12117,#12124),.PCURVE_S1.);
#12113 = LINE('',#12114,#12115);
#12114 = CARTESIAN_POINT('',(98.,-11.,-8.));
#12115 = VECTOR('',#12116,1.);
#12116 = DIRECTION('',(1.,0.,0.));
#12117 = PCURVE('',#9724,#12118);
#12118 = DEFINITIONAL_REPRESENTATION('',(#12119),#12123);
#12119 = LINE('',#12120,#12121);
#12120 = CARTESIAN_POINT('',(0.,0.));
#12121 = VECTOR('',#12122,1.);
#12122 = DIRECTION('',(0.,1.));
#12123 = ( GEOMETRIC_REPRESENTATION_CONTEXT(2) 
PARAMETRIC_REPRESENTATION_CONTEXT() REPRESENTATION_CONTEXT('2D SPACE',''
  ) );
#12124 = PCURVE('',#9696,#12125);
#12125 = DEFINITIONAL_REPRESENTATION('',(#12126),#12130);
#12126 = LINE('',#12127,#12128);
#12127 = CARTESIAN_POINT('',(0.,0.));
#12128 = VECTOR('',#12129,1.);
#12129 = DIRECTION('',(1.,0.));
#12130 = ( GEOMETRIC_REPRESENTATION_CONTEXT(2) 
PARAMETRIC_REPRESENTATION_CONTEXT() REPRESENTATION_CONTEXT('2D SPACE',''
  ) );
#12131 = ORIENTED_EDGE('',*,*,#12132,.T.);
#12132 = EDGE_CURVE('',#12110,#12055,#12133,.T.);
#12133 = SURFACE_CURVE('',#12134,(#12138,#12145),.PCURVE_S1.);
#12134 = LINE('',#12135,#12136);
#12135 = CARTESIAN_POINT('',(98.,-11.,-8.));
#12136 = VECTOR('',#12137,1.);
#12137 = DIRECTION('',(0.,0.,1.));
#12138 = PCURVE('',#9724,#12139);
#12139 = DEFINITIONAL_REPRESENTATION('',(#12140),#12144);
#12140 = LINE('',#12141,#12142);
#12141 = CARTESIAN_POINT('',(0.,0.));
#12142 = VECTOR('',#12143,1.);
#12143 = DIRECTION('',(1.,0.));
#12144 = ( GEOMETRIC_REPRESENTATION_CONTEXT(2) 
PARAMETRIC_REPRESENTATION_CONTEXT() REPRESENTATION_CONTEXT('2D SPACE',''
  ) );
#12145 = PCURVE('',#12070,#12146);
#12146 = DEFINITIONAL_REPRESENTATION('',(#12147),#12151);
#12147 = LINE('',#12148,#12149);
#12148 = CARTESIAN_POINT('',(0.,0.));
#12149 = VECTOR('',#12150,1.);
#12150 = DIRECTION('',(1.,0.));
#12151 = ( GEOMETRIC_REPRESENTATION_CONTEXT(2) 
PARAMETRIC_REPRESENTATION_CONTEXT() REPRESENTATION_CONTEXT('2D SPACE',''
  ) );
#12152 = ORIENTED_EDGE('',*,*,#12082,.T.);
#12153 = ORIENTED_EDGE('',*,*,#9708,.T.);
#12154 = ADVANCED_FACE('',(#12155),#9696,.F.);
#12155 = FACE_BOUND('',#12156,.F.);
#12156 = EDGE_LOOP('',(#12157,#12180,#12201,#12202,#12203,#12204));
#12157 = ORIENTED_EDGE('',*,*,#12158,.F.);
#12158 = EDGE_CURVE('',#12159,#10843,#12161,.T.);
#12159 = VERTEX_POINT('',#12160);
#12160 = CARTESIAN_POINT('',(98.,11.,-8.));
#12161 = SURFACE_CURVE('',#12162,(#12166,#12173),.PCURVE_S1.);
#12162 = LINE('',#12163,#12164);
#12163 = CARTESIAN_POINT('',(98.,11.,-8.));
#12164 = VECTOR('',#12165,1.);
#12165 = DIRECTION('',(1.,0.,0.));
#12166 = PCURVE('',#9696,#12167);
#12167 = DEFINITIONAL_REPRESENTATION('',(#12168),#12172);
#12168 = LINE('',#12169,#12170);
#12169 = CARTESIAN_POINT('',(0.,22.));
#12170 = VECTOR('',#12171,1.);
#12171 = DIRECTION('',(1.,0.));
#12172 = ( GEOMETRIC_REPRESENTATION_CONTEXT(2) 
PARAMETRIC_REPRESENTATION_CONTEXT() REPRESENTATION_CONTEXT('2D SPACE',''
  ) );
#12173 = PCURVE('',#10858,#12174);
#12174 = DEFINITIONAL_REPRESENTATION('',(#12175),#12179);
#12175 = LINE('',#12176,#12177);
#12176 = CARTESIAN_POINT('',(0.,0.));
#12177 = VECTOR('',#12178,1.);
#12178 = DIRECTION('',(0.,1.));
#12179 = ( GEOMETRIC_REPRESENTATION_CONTEXT(2) 
PARAMETRIC_REPRESENTATION_CONTEXT() REPRESENTATION_CONTEXT('2D SPACE',''
  ) );
#12180 = ORIENTED_EDGE('',*,*,#12181,.F.);
#12181 = EDGE_CURVE('',#12110,#12159,#12182,.T.);
#12182 = SURFACE_CURVE('',#12183,(#12187,#12194),.PCURVE_S1.);
#12183 = LINE('',#12184,#12185);
#12184 = CARTESIAN_POINT('',(98.,-11.,-8.));
#12185 = VECTOR('',#12186,1.);
#12186 = DIRECTION('',(0.,1.,0.));
#12187 = PCURVE('',#9696,#12188);
#12188 = DEFINITIONAL_REPRESENTATION('',(#12189),#12193);
#12189 = LINE('',#12190,#12191);
#12190 = CARTESIAN_POINT('',(0.,0.));
#12191 = VECTOR('',#12192,1.);
#12192 = DIRECTION('',(0.,1.));
#12193 = ( GEOMETRIC_REPRESENTATION_CONTEXT(2) 
PARAMETRIC_REPRESENTATION_CONTEXT() REPRESENTATION_CONTEXT('2D SPACE',''
  ) );
#12194 = PCURVE('',#12070,#12195);
#12195 = DEFINITIONAL_REPRESENTATION('',(#12196),#12200);
#12196 = LINE('',#12197,#12198);
#12197 = CARTESIAN_POINT('',(0.,0.));
#12198 = VECTOR('',#12199,1.);
#12199 = DIRECTION('',(0.,-1.));
#12200 = ( GEOMETRIC_REPRESENTATION_CONTEXT(2) 
PARAMETRIC_REPRESENTATION_CONTEXT() REPRESENTATION_CONTEXT('2D SPACE',''
  ) );
#12201 = ORIENTED_EDGE('',*,*,#12109,.T.);
#12202 = ORIENTED_EDGE('',*,*,#9680,.T.);
#12203 = ORIENTED_EDGE('',*,*,#11910,.F.);
#12204 = ORIENTED_EDGE('',*,*,#10870,.T.);
#12205 = ADVANCED_FACE('',(#12206,#12209),#10093,.F.);
#12206 = FACE_BOUND('',#12207,.F.);
#12207 = EDGE_LOOP('',(#12208));
#12208 = ORIENTED_EDGE('',*,*,#10076,.T.);
#12209 = FACE_BOUND('',#12210,.F.);
#12210 = EDGE_LOOP('',(#12211));
#12211 = ORIENTED_EDGE('',*,*,#12212,.T.);
#12212 = EDGE_CURVE('',#12213,#12213,#12215,.T.);
#12213 = VERTEX_POINT('',#12214);
#12214 = CARTESIAN_POINT('',(140.,0.,-15.));
#12215 = SURFACE_CURVE('',#12216,(#12221,#12232),.PCURVE_S1.);
#12216 = CIRCLE('',#12217,3.);
#12217 = AXIS2_PLACEMENT_3D('',#12218,#12219,#12220);
#12218 = CARTESIAN_POINT('',(137.,0.,-15.));
#12219 = DIRECTION('',(0.,0.,-1.));
#12220 = DIRECTION('',(1.,0.,0.));
#12221 = PCURVE('',#10093,#12222);
#12222 = DEFINITIONAL_REPRESENTATION('',(#12223),#12231);
#12223 = ( BOUNDED_CURVE() B_SPLINE_CURVE(2,(#12224,#12225,#12226,#12227
    ,#12228,#12229,#12230),.UNSPECIFIED.,.T.,.F.) 
B_SPLINE_CURVE_WITH_KNOTS((1,2,2,2,2,1),(-2.094395102393,0.,
    2.094395102393,4.188790204786,6.28318530718,8.377580409573),
.UNSPECIFIED.) CURVE() GEOMETRIC_REPRESENTATION_ITEM() 
RATIONAL_B_SPLINE_CURVE((1.,0.5,1.,0.5,1.,0.5,1.)) REPRESENTATION_ITEM(
  '') );
#12224 = CARTESIAN_POINT('',(3.,-1.879594466024E-16));
#12225 = CARTESIAN_POINT('',(3.,-5.196152422707));
#12226 = CARTESIAN_POINT('',(-1.5,-2.598076211353));
#12227 = CARTESIAN_POINT('',(-6.,-9.227475260908E-16));
#12228 = CARTESIAN_POINT('',(-1.5,2.598076211353));
#12229 = CARTESIAN_POINT('',(3.,5.196152422707));
#12230 = CARTESIAN_POINT('',(3.,-1.879594466024E-16));
#12231 = ( GEOMETRIC_REPRESENTATION_CONTEXT(2) 
PARAMETRIC_REPRESENTATION_CONTEXT() REPRESENTATION_CONTEXT('2D SPACE',''
  ) );
#12232 = PCURVE('',#12233,#12238);
#12233 = CYLINDRICAL_SURFACE('',#12234,3.);
#12234 = AXIS2_PLACEMENT_3D('',#12235,#12236,#12237);
#12235 = CARTESIAN_POINT('',(137.,0.,-16.));
#12236 = DIRECTION('',(-0.,-0.,-1.));
#12237 = DIRECTION('',(1.,0.,0.));
#12238 = DEFINITIONAL_REPRESENTATION('',(#12239),#12243);
#12239 = LINE('',#12240,#12241);
#12240 = CARTESIAN_POINT('',(-6.28318530718,-1.));
#12241 = VECTOR('',#12242,1.);
#12242 = DIRECTION('',(1.,-0.));
#12243 = ( GEOMETRIC_REPRESENTATION_CONTEXT(2) 
PARAMETRIC_REPRESENTATION_CONTEXT() REPRESENTATION_CONTEXT('2D SPACE',''
  ) );
#12244 = ADVANCED_FACE('',(#12245),#10288,.T.);
#12245 = FACE_BOUND('',#12246,.T.);
#12246 = EDGE_LOOP('',(#12247,#12248));
#12247 = ORIENTED_EDGE('',*,*,#11939,.F.);
#12248 = ORIENTED_EDGE('',*,*,#10271,.T.);
#12249 = ADVANCED_FACE('',(#12250),#10425,.F.);
#12250 = FACE_BOUND('',#12251,.F.);
#12251 = EDGE_LOOP('',(#12252,#12253));
#12252 = ORIENTED_EDGE('',*,*,#11973,.F.);
#12253 = ORIENTED_EDGE('',*,*,#10408,.T.);
#12254 = ADVANCED_FACE('',(#12255,#12258),#10368,.T.);
#12255 = FACE_BOUND('',#12256,.T.);
#12256 = EDGE_LOOP('',(#12257));
#12257 = ORIENTED_EDGE('',*,*,#10353,.T.);
#12258 = FACE_BOUND('',#12259,.T.);
#12259 = EDGE_LOOP('',(#12260));
#12260 = ORIENTED_EDGE('',*,*,#12261,.T.);
#12261 = EDGE_CURVE('',#12262,#12262,#12264,.T.);
#12262 = VERTEX_POINT('',#12263);
#12263 = CARTESIAN_POINT('',(140.,0.,15.));
#12264 = SURFACE_CURVE('',#12265,(#12270,#12281),.PCURVE_S1.);
#12265 = CIRCLE('',#12266,3.);
#12266 = AXIS2_PLACEMENT_3D('',#12267,#12268,#12269);
#12267 = CARTESIAN_POINT('',(137.,0.,15.));
#12268 = DIRECTION('',(0.,0.,-1.));
#12269 = DIRECTION('',(1.,0.,0.));
#12270 = PCURVE('',#10368,#12271);
#12271 = DEFINITIONAL_REPRESENTATION('',(#12272),#12280);
#12272 = ( BOUNDED_CURVE() B_SPLINE_CURVE(2,(#12273,#12274,#12275,#12276
    ,#12277,#12278,#12279),.UNSPECIFIED.,.T.,.F.) 
B_SPLINE_CURVE_WITH_KNOTS((1,2,2,2,2,1),(-2.094395102393,0.,
    2.094395102393,4.188790204786,6.28318530718,8.377580409573),
.UNSPECIFIED.) CURVE() GEOMETRIC_REPRESENTATION_ITEM() 
RATIONAL_B_SPLINE_CURVE((1.,0.5,1.,0.5,1.,0.5,1.)) REPRESENTATION_ITEM(
  '') );
#12273 = CARTESIAN_POINT('',(3.,-1.879594466024E-16));
#12274 = CARTESIAN_POINT('',(3.,-5.196152422707));
#12275 = CARTESIAN_POINT('',(-1.5,-2.598076211353));
#12276 = CARTESIAN_POINT('',(-6.,-9.227475260908E-16));
#12277 = CARTESIAN_POINT('',(-1.5,2.598076211353));
#12278 = CARTESIAN_POINT('',(3.,5.196152422707));
#12279 = CARTESIAN_POINT('',(3.,-1.879594466024E-16));
#12280 = ( GEOMETRIC_REPRESENTATION_CONTEXT(2) 
PARAMETRIC_REPRESENTATION_CONTEXT() REPRESENTATION_CONTEXT('2D SPACE',''
  ) );
#12281 = PCURVE('',#12282,#12287);
#12282 = CYLINDRICAL_SURFACE('',#12283,3.);
#12283 = AXIS2_PLACEMENT_3D('',#12284,#12285,#12286);
#12284 = CARTESIAN_POINT('',(137.,0.,8.));
#12285 = DIRECTION('',(-0.,-0.,-1.));
#12286 = DIRECTION('',(1.,0.,0.));
#12287 = DEFINITIONAL_REPRESENTATION('',(#12288),#12292);
#12288 = LINE('',#12289,#12290);
#12289 = CARTESIAN_POINT('',(-6.28318530718,-7.));
#12290 = VECTOR('',#12291,1.);
#12291 = DIRECTION('',(1.,-0.));
#12292 = ( GEOMETRIC_REPRESENTATION_CONTEXT(2) 
PARAMETRIC_REPRESENTATION_CONTEXT() REPRESENTATION_CONTEXT('2D SPACE',''
  ) );
#12293 = ADVANCED_FACE('',(#12294),#10858,.T.);
#12294 = FACE_BOUND('',#12295,.T.);
#12295 = EDGE_LOOP('',(#12296,#12297,#12318,#12319));
#12296 = ORIENTED_EDGE('',*,*,#12158,.F.);
#12297 = ORIENTED_EDGE('',*,*,#12298,.T.);
#12298 = EDGE_CURVE('',#12159,#12032,#12299,.T.);
#12299 = SURFACE_CURVE('',#12300,(#12304,#12311),.PCURVE_S1.);
#12300 = LINE('',#12301,#12302);
#12301 = CARTESIAN_POINT('',(98.,11.,-8.));
#12302 = VECTOR('',#12303,1.);
#12303 = DIRECTION('',(0.,0.,1.));
#12304 = PCURVE('',#10858,#12305);
#12305 = DEFINITIONAL_REPRESENTATION('',(#12306),#12310);
#12306 = LINE('',#12307,#12308);
#12307 = CARTESIAN_POINT('',(0.,0.));
#12308 = VECTOR('',#12309,1.);
#12309 = DIRECTION('',(1.,0.));
#12310 = ( GEOMETRIC_REPRESENTATION_CONTEXT(2) 
PARAMETRIC_REPRESENTATION_CONTEXT() REPRESENTATION_CONTEXT('2D SPACE',''
  ) );
#12311 = PCURVE('',#12070,#12312);
#12312 = DEFINITIONAL_REPRESENTATION('',(#12313),#12317);
#12313 = LINE('',#12314,#12315);
#12314 = CARTESIAN_POINT('',(0.,-22.));
#12315 = VECTOR('',#12316,1.);
#12316 = DIRECTION('',(1.,0.));
#12317 = ( GEOMETRIC_REPRESENTATION_CONTEXT(2) 
PARAMETRIC_REPRESENTATION_CONTEXT() REPRESENTATION_CONTEXT('2D SPACE',''
  ) );
#12318 = ORIENTED_EDGE('',*,*,#12031,.T.);
#12319 = ORIENTED_EDGE('',*,*,#10842,.T.);
#12320 = ADVANCED_FACE('',(#12321),#11139,.T.);
#12321 = FACE_BOUND('',#12322,.F.);
#12322 = EDGE_LOOP('',(#12323,#12324,#12325,#12326));
#12323 = ORIENTED_EDGE('',*,*,#11190,.F.);
#12324 = ORIENTED_EDGE('',*,*,#11125,.T.);
#12325 = ORIENTED_EDGE('',*,*,#11677,.T.);
#12326 = ORIENTED_EDGE('',*,*,#11216,.F.);
#12327 = ADVANCED_FACE('',(#12328),#11174,.T.);
#12328 = FACE_BOUND('',#12329,.F.);
#12329 = EDGE_LOOP('',(#12330,#12359,#12380,#12381));
#12330 = ORIENTED_EDGE('',*,*,#12331,.F.);
#12331 = EDGE_CURVE('',#12332,#12332,#12334,.T.);
#12332 = VERTEX_POINT('',#12333);
#12333 = CARTESIAN_POINT('',(178.,43.07,-2.006173005498E-15));
#12334 = SURFACE_CURVE('',#12335,(#12340,#12347),.PCURVE_S1.);
#12335 = CIRCLE('',#12336,3.);
#12336 = AXIS2_PLACEMENT_3D('',#12337,#12338,#12339);
#12337 = CARTESIAN_POINT('',(175.,43.07,-2.006173005498E-15));
#12338 = DIRECTION('',(0.,-1.,1.110223024625E-16));
#12339 = DIRECTION('',(1.,0.,0.));
#12340 = PCURVE('',#11174,#12341);
#12341 = DEFINITIONAL_REPRESENTATION('',(#12342),#12346);
#12342 = LINE('',#12343,#12344);
#12343 = CARTESIAN_POINT('',(-0.,0.));
#12344 = VECTOR('',#12345,1.);
#12345 = DIRECTION('',(-1.,0.));
#12346 = ( GEOMETRIC_REPRESENTATION_CONTEXT(2) 
PARAMETRIC_REPRESENTATION_CONTEXT() REPRESENTATION_CONTEXT('2D SPACE',''
  ) );
#12347 = PCURVE('',#12348,#12353);
#12348 = PLANE('',#12349);
#12349 = AXIS2_PLACEMENT_3D('',#12350,#12351,#12352);
#12350 = CARTESIAN_POINT('',(175.,43.07,-2.014684341034E-15));
#12351 = DIRECTION('',(0.,-1.,1.110223024625E-16));
#12352 = DIRECTION('',(1.,0.,0.));
#12353 = DEFINITIONAL_REPRESENTATION('',(#12354),#12358);
#12354 = CIRCLE('',#12355,3.);
#12355 = AXIS2_PLACEMENT_2D('',#12356,#12357);
#12356 = CARTESIAN_POINT('',(0.,8.51133553645E-18));
#12357 = DIRECTION('',(1.,0.));
#12358 = ( GEOMETRIC_REPRESENTATION_CONTEXT(2) 
PARAMETRIC_REPRESENTATION_CONTEXT() REPRESENTATION_CONTEXT('2D SPACE',''
  ) );
#12359 = ORIENTED_EDGE('',*,*,#12360,.T.);
#12360 = EDGE_CURVE('',#12332,#11154,#12361,.T.);
#12361 = SEAM_CURVE('',#12362,(#12366,#12373),.PCURVE_S1.);
#12362 = LINE('',#12363,#12364);
#12363 = CARTESIAN_POINT('',(178.,43.07,-2.006173005498E-15));
#12364 = VECTOR('',#12365,1.);
#12365 = DIRECTION('',(0.,-1.,1.110223024625E-16));
#12366 = PCURVE('',#11174,#12367);
#12367 = DEFINITIONAL_REPRESENTATION('',(#12368),#12372);
#12368 = LINE('',#12369,#12370);
#12369 = CARTESIAN_POINT('',(-6.28318530718,0.));
#12370 = VECTOR('',#12371,1.);
#12371 = DIRECTION('',(-0.,-1.));
#12372 = ( GEOMETRIC_REPRESENTATION_CONTEXT(2) 
PARAMETRIC_REPRESENTATION_CONTEXT() REPRESENTATION_CONTEXT('2D SPACE',''
  ) );
#12373 = PCURVE('',#11174,#12374);
#12374 = DEFINITIONAL_REPRESENTATION('',(#12375),#12379);
#12375 = LINE('',#12376,#12377);
#12376 = CARTESIAN_POINT('',(-0.,0.));
#12377 = VECTOR('',#12378,1.);
#12378 = DIRECTION('',(-0.,-1.));
#12379 = ( GEOMETRIC_REPRESENTATION_CONTEXT(2) 
PARAMETRIC_REPRESENTATION_CONTEXT() REPRESENTATION_CONTEXT('2D SPACE',''
  ) );
#12380 = ORIENTED_EDGE('',*,*,#11153,.F.);
#12381 = ORIENTED_EDGE('',*,*,#12360,.F.);
#12382 = ADVANCED_FACE('',(#12383),#11279,.T.);
#12383 = FACE_BOUND('',#12384,.T.);
#12384 = EDGE_LOOP('',(#12385,#12386,#12387,#12388));
#12385 = ORIENTED_EDGE('',*,*,#11264,.T.);
#12386 = ORIENTED_EDGE('',*,*,#11377,.T.);
#12387 = ORIENTED_EDGE('',*,*,#11704,.F.);
#12388 = ORIENTED_EDGE('',*,*,#11297,.F.);
#12389 = ADVANCED_FACE('',(#12390),#11338,.T.);
#12390 = FACE_BOUND('',#12391,.F.);
#12391 = EDGE_LOOP('',(#12392,#12393,#12394,#12395));
#12392 = ORIENTED_EDGE('',*,*,#11323,.F.);
#12393 = ORIENTED_EDGE('',*,*,#11355,.T.);
#12394 = ORIENTED_EDGE('',*,*,#11731,.T.);
#12395 = ORIENTED_EDGE('',*,*,#11434,.F.);
#12396 = ADVANCED_FACE('',(#12397),#11417,.T.);
#12397 = FACE_BOUND('',#12398,.F.);
#12398 = EDGE_LOOP('',(#12399,#12422,#12449,#12450));
#12399 = ORIENTED_EDGE('',*,*,#12400,.T.);
#12400 = EDGE_CURVE('',#11401,#12401,#12403,.T.);
#12401 = VERTEX_POINT('',#12402);
#12402 = CARTESIAN_POINT('',(191.5,0.,31.57));
#12403 = SEAM_CURVE('',#12404,(#12408,#12415),.PCURVE_S1.);
#12404 = LINE('',#12405,#12406);
#12405 = CARTESIAN_POINT('',(191.5,0.,30.07));
#12406 = VECTOR('',#12407,1.);
#12407 = DIRECTION('',(0.,0.,1.));
#12408 = PCURVE('',#11417,#12409);
#12409 = DEFINITIONAL_REPRESENTATION('',(#12410),#12414);
#12410 = LINE('',#12411,#12412);
#12411 = CARTESIAN_POINT('',(-0.,0.));
#12412 = VECTOR('',#12413,1.);
#12413 = DIRECTION('',(-0.,-1.));
#12414 = ( GEOMETRIC_REPRESENTATION_CONTEXT(2) 
PARAMETRIC_REPRESENTATION_CONTEXT() REPRESENTATION_CONTEXT('2D SPACE',''
  ) );
#12415 = PCURVE('',#11417,#12416);
#12416 = DEFINITIONAL_REPRESENTATION('',(#12417),#12421);
#12417 = LINE('',#12418,#12419);
#12418 = CARTESIAN_POINT('',(-6.28318530718,0.));
#12419 = VECTOR('',#12420,1.);
#12420 = DIRECTION('',(-0.,-1.));
#12421 = ( GEOMETRIC_REPRESENTATION_CONTEXT(2) 
PARAMETRIC_REPRESENTATION_CONTEXT() REPRESENTATION_CONTEXT('2D SPACE',''
  ) );
#12422 = ORIENTED_EDGE('',*,*,#12423,.T.);
#12423 = EDGE_CURVE('',#12401,#12401,#12424,.T.);
#12424 = SURFACE_CURVE('',#12425,(#12430,#12437),.PCURVE_S1.);
#12425 = CIRCLE('',#12426,16.5);
#12426 = AXIS2_PLACEMENT_3D('',#12427,#12428,#12429);
#12427 = CARTESIAN_POINT('',(175.,0.,31.57));
#12428 = DIRECTION('',(0.,0.,1.));
#12429 = DIRECTION('',(1.,0.,0.));
#12430 = PCURVE('',#11417,#12431);
#12431 = DEFINITIONAL_REPRESENTATION('',(#12432),#12436);
#12432 = LINE('',#12433,#12434);
#12433 = CARTESIAN_POINT('',(-0.,-1.5));
#12434 = VECTOR('',#12435,1.);
#12435 = DIRECTION('',(-1.,0.));
#12436 = ( GEOMETRIC_REPRESENTATION_CONTEXT(2) 
PARAMETRIC_REPRESENTATION_CONTEXT() REPRESENTATION_CONTEXT('2D SPACE',''
  ) );
#12437 = PCURVE('',#12438,#12443);
#12438 = PLANE('',#12439);
#12439 = AXIS2_PLACEMENT_3D('',#12440,#12441,#12442);
#12440 = CARTESIAN_POINT('',(175.,-1.055446314829E-17,31.57));
#12441 = DIRECTION('',(0.,0.,1.));
#12442 = DIRECTION('',(1.,0.,-0.));
#12443 = DEFINITIONAL_REPRESENTATION('',(#12444),#12448);
#12444 = CIRCLE('',#12445,16.5);
#12445 = AXIS2_PLACEMENT_2D('',#12446,#12447);
#12446 = CARTESIAN_POINT('',(0.,1.055446314829E-17));
#12447 = DIRECTION('',(1.,0.));
#12448 = ( GEOMETRIC_REPRESENTATION_CONTEXT(2) 
PARAMETRIC_REPRESENTATION_CONTEXT() REPRESENTATION_CONTEXT('2D SPACE',''
  ) );
#12449 = ORIENTED_EDGE('',*,*,#12400,.F.);
#12450 = ORIENTED_EDGE('',*,*,#11400,.F.);
#12451 = ADVANCED_FACE('',(#12452,#12483,#12514),#11518,.T.);
#12452 = FACE_BOUND('',#12453,.T.);
#12453 = EDGE_LOOP('',(#12454,#12455,#12456,#12457));
#12454 = ORIENTED_EDGE('',*,*,#11609,.F.);
#12455 = ORIENTED_EDGE('',*,*,#11882,.T.);
#12456 = ORIENTED_EDGE('',*,*,#11502,.F.);
#12457 = ORIENTED_EDGE('',*,*,#12458,.T.);
#12458 = EDGE_CURVE('',#11503,#11587,#12459,.T.);
#12459 = SURFACE_CURVE('',#12460,(#12465,#12476),.PCURVE_S1.);
#12460 = CIRCLE('',#12461,3.);
#12461 = AXIS2_PLACEMENT_3D('',#12462,#12463,#12464);
#12462 = CARTESIAN_POINT('',(175.,-18.,11.57));
#12463 = DIRECTION('',(0.,0.,-1.));
#12464 = DIRECTION('',(1.,0.,0.));
#12465 = PCURVE('',#11518,#12466);
#12466 = DEFINITIONAL_REPRESENTATION('',(#12467),#12475);
#12467 = ( BOUNDED_CURVE() B_SPLINE_CURVE(2,(#12468,#12469,#12470,#12471
    ,#12472,#12473,#12474),.UNSPECIFIED.,.T.,.F.) 
B_SPLINE_CURVE_WITH_KNOTS((1,2,2,2,2,1),(-2.094395102393,0.,
    2.094395102393,4.188790204786,6.28318530718,8.377580409573),
.UNSPECIFIED.) CURVE() GEOMETRIC_REPRESENTATION_ITEM() 
RATIONAL_B_SPLINE_CURVE((1.,0.5,1.,0.5,1.,0.5,1.)) REPRESENTATION_ITEM(
  '') );
#12468 = CARTESIAN_POINT('',(3.,0.));
#12469 = CARTESIAN_POINT('',(3.,-5.196152422707));
#12470 = CARTESIAN_POINT('',(-1.5,-2.598076211353));
#12471 = CARTESIAN_POINT('',(-6.,-7.347880794884E-16));
#12472 = CARTESIAN_POINT('',(-1.5,2.598076211353));
#12473 = CARTESIAN_POINT('',(3.,5.196152422707));
#12474 = CARTESIAN_POINT('',(3.,0.));
#12475 = ( GEOMETRIC_REPRESENTATION_CONTEXT(2) 
PARAMETRIC_REPRESENTATION_CONTEXT() REPRESENTATION_CONTEXT('2D SPACE',''
  ) );
#12476 = PCURVE('',#11546,#12477);
#12477 = DEFINITIONAL_REPRESENTATION('',(#12478),#12482);
#12478 = LINE('',#12479,#12480);
#12479 = CARTESIAN_POINT('',(-6.28318530718,-29.64));
#12480 = VECTOR('',#12481,1.);
#12481 = DIRECTION('',(1.,-0.));
#12482 = ( GEOMETRIC_REPRESENTATION_CONTEXT(2) 
PARAMETRIC_REPRESENTATION_CONTEXT() REPRESENTATION_CONTEXT('2D SPACE',''
  ) );
#12483 = FACE_BOUND('',#12484,.T.);
#12484 = EDGE_LOOP('',(#12485));
#12485 = ORIENTED_EDGE('',*,*,#12486,.F.);
#12486 = EDGE_CURVE('',#12487,#12487,#12489,.T.);
#12487 = VERTEX_POINT('',#12488);
#12488 = CARTESIAN_POINT('',(169.75,-28.8253175473,11.57));
#12489 = SURFACE_CURVE('',#12490,(#12495,#12502),.PCURVE_S1.);
#12490 = CIRCLE('',#12491,1.);
#12491 = AXIS2_PLACEMENT_3D('',#12492,#12493,#12494);
#12492 = CARTESIAN_POINT('',(168.75,-28.8253175473,11.57));
#12493 = DIRECTION('',(0.,0.,1.));
#12494 = DIRECTION('',(1.,0.,0.));
#12495 = PCURVE('',#11518,#12496);
#12496 = DEFINITIONAL_REPRESENTATION('',(#12497),#12501);
#12497 = CIRCLE('',#12498,1.);
#12498 = AXIS2_PLACEMENT_2D('',#12499,#12500);
#12499 = CARTESIAN_POINT('',(-6.25,-10.8253175473));
#12500 = DIRECTION('',(1.,0.));
#12501 = ( GEOMETRIC_REPRESENTATION_CONTEXT(2) 
PARAMETRIC_REPRESENTATION_CONTEXT() REPRESENTATION_CONTEXT('2D SPACE',''
  ) );
#12502 = PCURVE('',#12503,#12508);
#12503 = CYLINDRICAL_SURFACE('',#12504,1.);
#12504 = AXIS2_PLACEMENT_3D('',#12505,#12506,#12507);
#12505 = CARTESIAN_POINT('',(168.75,-28.8253175473,11.57));
#12506 = DIRECTION('',(0.,0.,1.));
#12507 = DIRECTION('',(1.,0.,0.));
#12508 = DEFINITIONAL_REPRESENTATION('',(#12509),#12513);
#12509 = LINE('',#12510,#12511);
#12510 = CARTESIAN_POINT('',(0.,0.));
#12511 = VECTOR('',#12512,1.);
#12512 = DIRECTION('',(1.,0.));
#12513 = ( GEOMETRIC_REPRESENTATION_CONTEXT(2) 
PARAMETRIC_REPRESENTATION_CONTEXT() REPRESENTATION_CONTEXT('2D SPACE',''
  ) );
#12514 = FACE_BOUND('',#12515,.T.);
#12515 = EDGE_LOOP('',(#12516));
#12516 = ORIENTED_EDGE('',*,*,#12517,.F.);
#12517 = EDGE_CURVE('',#12518,#12518,#12520,.T.);
#12518 = VERTEX_POINT('',#12519);
#12519 = CARTESIAN_POINT('',(182.25,-28.8253175473,11.57));
#12520 = SURFACE_CURVE('',#12521,(#12526,#12533),.PCURVE_S1.);
#12521 = CIRCLE('',#12522,1.);
#12522 = AXIS2_PLACEMENT_3D('',#12523,#12524,#12525);
#12523 = CARTESIAN_POINT('',(181.25,-28.8253175473,11.57));
#12524 = DIRECTION('',(0.,0.,1.));
#12525 = DIRECTION('',(1.,0.,0.));
#12526 = PCURVE('',#11518,#12527);
#12527 = DEFINITIONAL_REPRESENTATION('',(#12528),#12532);
#12528 = CIRCLE('',#12529,1.);
#12529 = AXIS2_PLACEMENT_2D('',#12530,#12531);
#12530 = CARTESIAN_POINT('',(6.25,-10.8253175473));
#12531 = DIRECTION('',(1.,0.));
#12532 = ( GEOMETRIC_REPRESENTATION_CONTEXT(2) 
PARAMETRIC_REPRESENTATION_CONTEXT() REPRESENTATION_CONTEXT('2D SPACE',''
  ) );
#12533 = PCURVE('',#12534,#12539);
#12534 = CYLINDRICAL_SURFACE('',#12535,1.);
#12535 = AXIS2_PLACEMENT_3D('',#12536,#12537,#12538);
#12536 = CARTESIAN_POINT('',(181.25,-28.8253175473,11.57));
#12537 = DIRECTION('',(0.,0.,1.));
#12538 = DIRECTION('',(1.,0.,0.));
#12539 = DEFINITIONAL_REPRESENTATION('',(#12540),#12544);
#12540 = LINE('',#12541,#12542);
#12541 = CARTESIAN_POINT('',(0.,0.));
#12542 = VECTOR('',#12543,1.);
#12543 = DIRECTION('',(1.,0.));
#12544 = ( GEOMETRIC_REPRESENTATION_CONTEXT(2) 
PARAMETRIC_REPRESENTATION_CONTEXT() REPRESENTATION_CONTEXT('2D SPACE',''
  ) );
#12545 = ADVANCED_FACE('',(#12546),#11546,.T.);
#12546 = FACE_BOUND('',#12547,.F.);
#12547 = EDGE_LOOP('',(#12548,#12549,#12550,#12551));
#12548 = ORIENTED_EDGE('',*,*,#11530,.T.);
#12549 = ORIENTED_EDGE('',*,*,#12458,.T.);
#12550 = ORIENTED_EDGE('',*,*,#11586,.F.);
#12551 = ORIENTED_EDGE('',*,*,#12552,.T.);
#12552 = EDGE_CURVE('',#11559,#11531,#12553,.T.);
#12553 = SURFACE_CURVE('',#12554,(#12559,#12566),.PCURVE_S1.);
#12554 = CIRCLE('',#12555,3.);
#12555 = AXIS2_PLACEMENT_3D('',#12556,#12557,#12558);
#12556 = CARTESIAN_POINT('',(175.,-18.,18.07));
#12557 = DIRECTION('',(0.,0.,1.));
#12558 = DIRECTION('',(1.,0.,0.));
#12559 = PCURVE('',#11546,#12560);
#12560 = DEFINITIONAL_REPRESENTATION('',(#12561),#12565);
#12561 = LINE('',#12562,#12563);
#12562 = CARTESIAN_POINT('',(-0.,-36.14));
#12563 = VECTOR('',#12564,1.);
#12564 = DIRECTION('',(-1.,0.));
#12565 = ( GEOMETRIC_REPRESENTATION_CONTEXT(2) 
PARAMETRIC_REPRESENTATION_CONTEXT() REPRESENTATION_CONTEXT('2D SPACE',''
  ) );
#12566 = PCURVE('',#11574,#12567);
#12567 = DEFINITIONAL_REPRESENTATION('',(#12568),#12572);
#12568 = CIRCLE('',#12569,3.);
#12569 = AXIS2_PLACEMENT_2D('',#12570,#12571);
#12570 = CARTESIAN_POINT('',(0.,0.));
#12571 = DIRECTION('',(1.,0.));
#12572 = ( GEOMETRIC_REPRESENTATION_CONTEXT(2) 
PARAMETRIC_REPRESENTATION_CONTEXT() REPRESENTATION_CONTEXT('2D SPACE',''
  ) );
#12573 = ADVANCED_FACE('',(#12574),#11574,.T.);
#12574 = FACE_BOUND('',#12575,.T.);
#12575 = EDGE_LOOP('',(#12576,#12577));
#12576 = ORIENTED_EDGE('',*,*,#11558,.F.);
#12577 = ORIENTED_EDGE('',*,*,#12552,.T.);
#12578 = ADVANCED_FACE('',(#12579),#12070,.F.);
#12579 = FACE_BOUND('',#12580,.F.);
#12580 = EDGE_LOOP('',(#12581,#12582,#12583,#12584));
#12581 = ORIENTED_EDGE('',*,*,#12132,.F.);
#12582 = ORIENTED_EDGE('',*,*,#12181,.T.);
#12583 = ORIENTED_EDGE('',*,*,#12298,.T.);
#12584 = ORIENTED_EDGE('',*,*,#12054,.F.);
#12585 = ADVANCED_FACE('',(#12586),#12233,.F.);
#12586 = FACE_BOUND('',#12587,.T.);
#12587 = EDGE_LOOP('',(#12588,#12611,#12612,#12613));
#12588 = ORIENTED_EDGE('',*,*,#12589,.F.);
#12589 = EDGE_CURVE('',#12213,#12590,#12592,.T.);
#12590 = VERTEX_POINT('',#12591);
#12591 = CARTESIAN_POINT('',(140.,0.,-11.));
#12592 = SEAM_CURVE('',#12593,(#12597,#12604),.PCURVE_S1.);
#12593 = LINE('',#12594,#12595);
#12594 = CARTESIAN_POINT('',(140.,0.,-16.));
#12595 = VECTOR('',#12596,1.);
#12596 = DIRECTION('',(0.,0.,1.));
#12597 = PCURVE('',#12233,#12598);
#12598 = DEFINITIONAL_REPRESENTATION('',(#12599),#12603);
#12599 = LINE('',#12600,#12601);
#12600 = CARTESIAN_POINT('',(-6.28318530718,0.));
#12601 = VECTOR('',#12602,1.);
#12602 = DIRECTION('',(-0.,-1.));
#12603 = ( GEOMETRIC_REPRESENTATION_CONTEXT(2) 
PARAMETRIC_REPRESENTATION_CONTEXT() REPRESENTATION_CONTEXT('2D SPACE',''
  ) );
#12604 = PCURVE('',#12233,#12605);
#12605 = DEFINITIONAL_REPRESENTATION('',(#12606),#12610);
#12606 = LINE('',#12607,#12608);
#12607 = CARTESIAN_POINT('',(-0.,0.));
#12608 = VECTOR('',#12609,1.);
#12609 = DIRECTION('',(-0.,-1.));
#12610 = ( GEOMETRIC_REPRESENTATION_CONTEXT(2) 
PARAMETRIC_REPRESENTATION_CONTEXT() REPRESENTATION_CONTEXT('2D SPACE',''
  ) );
#12611 = ORIENTED_EDGE('',*,*,#12212,.T.);
#12612 = ORIENTED_EDGE('',*,*,#12589,.T.);
#12613 = ORIENTED_EDGE('',*,*,#12614,.F.);
#12614 = EDGE_CURVE('',#12590,#12590,#12615,.T.);
#12615 = SURFACE_CURVE('',#12616,(#12621,#12628),.PCURVE_S1.);
#12616 = CIRCLE('',#12617,3.);
#12617 = AXIS2_PLACEMENT_3D('',#12618,#12619,#12620);
#12618 = CARTESIAN_POINT('',(137.,0.,-11.));
#12619 = DIRECTION('',(0.,0.,-1.));
#12620 = DIRECTION('',(1.,0.,0.));
#12621 = PCURVE('',#12233,#12622);
#12622 = DEFINITIONAL_REPRESENTATION('',(#12623),#12627);
#12623 = LINE('',#12624,#12625);
#12624 = CARTESIAN_POINT('',(-6.28318530718,-5.));
#12625 = VECTOR('',#12626,1.);
#12626 = DIRECTION('',(1.,-0.));
#12627 = ( GEOMETRIC_REPRESENTATION_CONTEXT(2) 
PARAMETRIC_REPRESENTATION_CONTEXT() REPRESENTATION_CONTEXT('2D SPACE',''
  ) );
#12628 = PCURVE('',#12629,#12634);
#12629 = PLANE('',#12630);
#12630 = AXIS2_PLACEMENT_3D('',#12631,#12632,#12633);
#12631 = CARTESIAN_POINT('',(128.,-16.,-11.));
#12632 = DIRECTION('',(0.,0.,1.));
#12633 = DIRECTION('',(1.,0.,0.));
#12634 = DEFINITIONAL_REPRESENTATION('',(#12635),#12643);
#12635 = ( BOUNDED_CURVE() B_SPLINE_CURVE(2,(#12636,#12637,#12638,#12639
    ,#12640,#12641,#12642),.UNSPECIFIED.,.T.,.F.) 
B_SPLINE_CURVE_WITH_KNOTS((1,2,2,2,2,1),(-2.094395102393,0.,
    2.094395102393,4.188790204786,6.28318530718,8.377580409573),
.UNSPECIFIED.) CURVE() GEOMETRIC_REPRESENTATION_ITEM() 
RATIONAL_B_SPLINE_CURVE((1.,0.5,1.,0.5,1.,0.5,1.)) REPRESENTATION_ITEM(
  '') );
#12636 = CARTESIAN_POINT('',(12.,16.));
#12637 = CARTESIAN_POINT('',(12.,10.803847577293));
#12638 = CARTESIAN_POINT('',(7.5,13.401923788647));
#12639 = CARTESIAN_POINT('',(3.,16.));
#12640 = CARTESIAN_POINT('',(7.5,18.598076211353));
#12641 = CARTESIAN_POINT('',(12.,21.196152422707));
#12642 = CARTESIAN_POINT('',(12.,16.));
#12643 = ( GEOMETRIC_REPRESENTATION_CONTEXT(2) 
PARAMETRIC_REPRESENTATION_CONTEXT() REPRESENTATION_CONTEXT('2D SPACE',''
  ) );
#12644 = ADVANCED_FACE('',(#12645),#12282,.F.);
#12645 = FACE_BOUND('',#12646,.T.);
#12646 = EDGE_LOOP('',(#12647,#12680,#12701,#12702));
#12647 = ORIENTED_EDGE('',*,*,#12648,.T.);
#12648 = EDGE_CURVE('',#12649,#12649,#12651,.T.);
#12649 = VERTEX_POINT('',#12650);
#12650 = CARTESIAN_POINT('',(140.,0.,11.));
#12651 = SURFACE_CURVE('',#12652,(#12657,#12664),.PCURVE_S1.);
#12652 = CIRCLE('',#12653,3.);
#12653 = AXIS2_PLACEMENT_3D('',#12654,#12655,#12656);
#12654 = CARTESIAN_POINT('',(137.,0.,11.));
#12655 = DIRECTION('',(0.,0.,-1.));
#12656 = DIRECTION('',(1.,0.,0.));
#12657 = PCURVE('',#12282,#12658);
#12658 = DEFINITIONAL_REPRESENTATION('',(#12659),#12663);
#12659 = LINE('',#12660,#12661);
#12660 = CARTESIAN_POINT('',(-6.28318530718,-3.));
#12661 = VECTOR('',#12662,1.);
#12662 = DIRECTION('',(1.,-0.));
#12663 = ( GEOMETRIC_REPRESENTATION_CONTEXT(2) 
PARAMETRIC_REPRESENTATION_CONTEXT() REPRESENTATION_CONTEXT('2D SPACE',''
  ) );
#12664 = PCURVE('',#12665,#12670);
#12665 = PLANE('',#12666);
#12666 = AXIS2_PLACEMENT_3D('',#12667,#12668,#12669);
#12667 = CARTESIAN_POINT('',(128.,-16.,11.));
#12668 = DIRECTION('',(0.,0.,1.));
#12669 = DIRECTION('',(1.,0.,0.));
#12670 = DEFINITIONAL_REPRESENTATION('',(#12671),#12679);
#12671 = ( BOUNDED_CURVE() B_SPLINE_CURVE(2,(#12672,#12673,#12674,#12675
    ,#12676,#12677,#12678),.UNSPECIFIED.,.T.,.F.) 
B_SPLINE_CURVE_WITH_KNOTS((1,2,2,2,2,1),(-2.094395102393,0.,
    2.094395102393,4.188790204786,6.28318530718,8.377580409573),
.UNSPECIFIED.) CURVE() GEOMETRIC_REPRESENTATION_ITEM() 
RATIONAL_B_SPLINE_CURVE((1.,0.5,1.,0.5,1.,0.5,1.)) REPRESENTATION_ITEM(
  '') );
#12672 = CARTESIAN_POINT('',(12.,16.));
#12673 = CARTESIAN_POINT('',(12.,10.803847577293));
#12674 = CARTESIAN_POINT('',(7.5,13.401923788647));
#12675 = CARTESIAN_POINT('',(3.,16.));
#12676 = CARTESIAN_POINT('',(7.5,18.598076211353));
#12677 = CARTESIAN_POINT('',(12.,21.196152422707));
#12678 = CARTESIAN_POINT('',(12.,16.));
#12679 = ( GEOMETRIC_REPRESENTATION_CONTEXT(2) 
PARAMETRIC_REPRESENTATION_CONTEXT() REPRESENTATION_CONTEXT('2D SPACE',''
  ) );
#12680 = ORIENTED_EDGE('',*,*,#12681,.T.);
#12681 = EDGE_CURVE('',#12649,#12262,#12682,.T.);
#12682 = SEAM_CURVE('',#12683,(#12687,#12694),.PCURVE_S1.);
#12683 = LINE('',#12684,#12685);
#12684 = CARTESIAN_POINT('',(140.,0.,8.));
#12685 = VECTOR('',#12686,1.);
#12686 = DIRECTION('',(0.,0.,1.));
#12687 = PCURVE('',#12282,#12688);
#12688 = DEFINITIONAL_REPRESENTATION('',(#12689),#12693);
#12689 = LINE('',#12690,#12691);
#12690 = CARTESIAN_POINT('',(-6.28318530718,0.));
#12691 = VECTOR('',#12692,1.);
#12692 = DIRECTION('',(-0.,-1.));
#12693 = ( GEOMETRIC_REPRESENTATION_CONTEXT(2) 
PARAMETRIC_REPRESENTATION_CONTEXT() REPRESENTATION_CONTEXT('2D SPACE',''
  ) );
#12694 = PCURVE('',#12282,#12695);
#12695 = DEFINITIONAL_REPRESENTATION('',(#12696),#12700);
#12696 = LINE('',#12697,#12698);
#12697 = CARTESIAN_POINT('',(-0.,0.));
#12698 = VECTOR('',#12699,1.);
#12699 = DIRECTION('',(-0.,-1.));
#12700 = ( GEOMETRIC_REPRESENTATION_CONTEXT(2) 
PARAMETRIC_REPRESENTATION_CONTEXT() REPRESENTATION_CONTEXT('2D SPACE',''
  ) );
#12701 = ORIENTED_EDGE('',*,*,#12261,.F.);
#12702 = ORIENTED_EDGE('',*,*,#12681,.F.);
#12703 = ADVANCED_FACE('',(#12704),#12348,.F.);
#12704 = FACE_BOUND('',#12705,.F.);
#12705 = EDGE_LOOP('',(#12706));
#12706 = ORIENTED_EDGE('',*,*,#12331,.T.);
#12707 = ADVANCED_FACE('',(#12708,#12711,#12742,#12773,#12808,#12839,
    #12870,#12901),#12438,.T.);
#12708 = FACE_BOUND('',#12709,.T.);
#12709 = EDGE_LOOP('',(#12710));
#12710 = ORIENTED_EDGE('',*,*,#12423,.T.);
#12711 = FACE_BOUND('',#12712,.T.);
#12712 = EDGE_LOOP('',(#12713));
#12713 = ORIENTED_EDGE('',*,*,#12714,.F.);
#12714 = EDGE_CURVE('',#12715,#12715,#12717,.T.);
#12715 = VERTEX_POINT('',#12716);
#12716 = CARTESIAN_POINT('',(169.75,-10.8253175473,31.57));
#12717 = SURFACE_CURVE('',#12718,(#12723,#12730),.PCURVE_S1.);
#12718 = CIRCLE('',#12719,1.);
#12719 = AXIS2_PLACEMENT_3D('',#12720,#12721,#12722);
#12720 = CARTESIAN_POINT('',(168.75,-10.8253175473,31.57));
#12721 = DIRECTION('',(0.,0.,1.));
#12722 = DIRECTION('',(1.,0.,0.));
#12723 = PCURVE('',#12438,#12724);
#12724 = DEFINITIONAL_REPRESENTATION('',(#12725),#12729);
#12725 = CIRCLE('',#12726,1.);
#12726 = AXIS2_PLACEMENT_2D('',#12727,#12728);
#12727 = CARTESIAN_POINT('',(-6.25,-10.8253175473));
#12728 = DIRECTION('',(1.,0.));
#12729 = ( GEOMETRIC_REPRESENTATION_CONTEXT(2) 
PARAMETRIC_REPRESENTATION_CONTEXT() REPRESENTATION_CONTEXT('2D SPACE',''
  ) );
#12730 = PCURVE('',#12731,#12736);
#12731 = CYLINDRICAL_SURFACE('',#12732,1.);
#12732 = AXIS2_PLACEMENT_3D('',#12733,#12734,#12735);
#12733 = CARTESIAN_POINT('',(168.75,-10.8253175473,31.57));
#12734 = DIRECTION('',(0.,0.,1.));
#12735 = DIRECTION('',(1.,0.,0.));
#12736 = DEFINITIONAL_REPRESENTATION('',(#12737),#12741);
#12737 = LINE('',#12738,#12739);
#12738 = CARTESIAN_POINT('',(0.,0.));
#12739 = VECTOR('',#12740,1.);
#12740 = DIRECTION('',(1.,0.));
#12741 = ( GEOMETRIC_REPRESENTATION_CONTEXT(2) 
PARAMETRIC_REPRESENTATION_CONTEXT() REPRESENTATION_CONTEXT('2D SPACE',''
  ) );
#12742 = FACE_BOUND('',#12743,.T.);
#12743 = EDGE_LOOP('',(#12744));
#12744 = ORIENTED_EDGE('',*,*,#12745,.F.);
#12745 = EDGE_CURVE('',#12746,#12746,#12748,.T.);
#12746 = VERTEX_POINT('',#12747);
#12747 = CARTESIAN_POINT('',(182.25,-10.8253175473,31.57));
#12748 = SURFACE_CURVE('',#12749,(#12754,#12761),.PCURVE_S1.);
#12749 = CIRCLE('',#12750,1.);
#12750 = AXIS2_PLACEMENT_3D('',#12751,#12752,#12753);
#12751 = CARTESIAN_POINT('',(181.25,-10.8253175473,31.57));
#12752 = DIRECTION('',(0.,0.,1.));
#12753 = DIRECTION('',(1.,0.,0.));
#12754 = PCURVE('',#12438,#12755);
#12755 = DEFINITIONAL_REPRESENTATION('',(#12756),#12760);
#12756 = CIRCLE('',#12757,1.);
#12757 = AXIS2_PLACEMENT_2D('',#12758,#12759);
#12758 = CARTESIAN_POINT('',(6.25,-10.8253175473));
#12759 = DIRECTION('',(1.,0.));
#12760 = ( GEOMETRIC_REPRESENTATION_CONTEXT(2) 
PARAMETRIC_REPRESENTATION_CONTEXT() REPRESENTATION_CONTEXT('2D SPACE',''
  ) );
#12761 = PCURVE('',#12762,#12767);
#12762 = CYLINDRICAL_SURFACE('',#12763,1.);
#12763 = AXIS2_PLACEMENT_3D('',#12764,#12765,#12766);
#12764 = CARTESIAN_POINT('',(181.25,-10.8253175473,31.57));
#12765 = DIRECTION('',(0.,0.,1.));
#12766 = DIRECTION('',(1.,0.,0.));
#12767 = DEFINITIONAL_REPRESENTATION('',(#12768),#12772);
#12768 = LINE('',#12769,#12770);
#12769 = CARTESIAN_POINT('',(0.,0.));
#12770 = VECTOR('',#12771,1.);
#12771 = DIRECTION('',(1.,0.));
#12772 = ( GEOMETRIC_REPRESENTATION_CONTEXT(2) 
PARAMETRIC_REPRESENTATION_CONTEXT() REPRESENTATION_CONTEXT('2D SPACE',''
  ) );
#12773 = FACE_BOUND('',#12774,.T.);
#12774 = EDGE_LOOP('',(#12775));
#12775 = ORIENTED_EDGE('',*,*,#12776,.T.);
#12776 = EDGE_CURVE('',#12777,#12777,#12779,.T.);
#12777 = VERTEX_POINT('',#12778);
#12778 = CARTESIAN_POINT('',(178.,0.,31.57));
#12779 = SURFACE_CURVE('',#12780,(#12785,#12796),.PCURVE_S1.);
#12780 = CIRCLE('',#12781,3.);
#12781 = AXIS2_PLACEMENT_3D('',#12782,#12783,#12784);
#12782 = CARTESIAN_POINT('',(175.,0.,31.57));
#12783 = DIRECTION('',(0.,0.,-1.));
#12784 = DIRECTION('',(1.,0.,0.));
#12785 = PCURVE('',#12438,#12786);
#12786 = DEFINITIONAL_REPRESENTATION('',(#12787),#12795);
#12787 = ( BOUNDED_CURVE() B_SPLINE_CURVE(2,(#12788,#12789,#12790,#12791
    ,#12792,#12793,#12794),.UNSPECIFIED.,.T.,.F.) 
B_SPLINE_CURVE_WITH_KNOTS((1,2,2,2,2,1),(-2.094395102393,0.,
    2.094395102393,4.188790204786,6.28318530718,8.377580409573),
.UNSPECIFIED.) CURVE() GEOMETRIC_REPRESENTATION_ITEM() 
RATIONAL_B_SPLINE_CURVE((1.,0.5,1.,0.5,1.,0.5,1.)) REPRESENTATION_ITEM(
  '') );
#12788 = CARTESIAN_POINT('',(3.,1.055446314829E-17));
#12789 = CARTESIAN_POINT('',(3.,-5.196152422707));
#12790 = CARTESIAN_POINT('',(-1.5,-2.598076211353));
#12791 = CARTESIAN_POINT('',(-6.,-7.242336163401E-16));
#12792 = CARTESIAN_POINT('',(-1.5,2.598076211353));
#12793 = CARTESIAN_POINT('',(3.,5.196152422707));
#12794 = CARTESIAN_POINT('',(3.,1.055446314829E-17));
#12795 = ( GEOMETRIC_REPRESENTATION_CONTEXT(2) 
PARAMETRIC_REPRESENTATION_CONTEXT() REPRESENTATION_CONTEXT('2D SPACE',''
  ) );
#12796 = PCURVE('',#12797,#12802);
#12797 = CYLINDRICAL_SURFACE('',#12798,3.);
#12798 = AXIS2_PLACEMENT_3D('',#12799,#12800,#12801);
#12799 = CARTESIAN_POINT('',(175.,0.,1.93));
#12800 = DIRECTION('',(-0.,-0.,-1.));
#12801 = DIRECTION('',(1.,0.,0.));
#12802 = DEFINITIONAL_REPRESENTATION('',(#12803),#12807);
#12803 = LINE('',#12804,#12805);
#12804 = CARTESIAN_POINT('',(-6.28318530718,-29.64));
#12805 = VECTOR('',#12806,1.);
#12806 = DIRECTION('',(1.,-0.));
#12807 = ( GEOMETRIC_REPRESENTATION_CONTEXT(2) 
PARAMETRIC_REPRESENTATION_CONTEXT() REPRESENTATION_CONTEXT('2D SPACE',''
  ) );
#12808 = FACE_BOUND('',#12809,.T.);
#12809 = EDGE_LOOP('',(#12810));
#12810 = ORIENTED_EDGE('',*,*,#12811,.F.);
#12811 = EDGE_CURVE('',#12812,#12812,#12814,.T.);
#12812 = VERTEX_POINT('',#12813);
#12813 = CARTESIAN_POINT('',(188.5,0.,31.57));
#12814 = SURFACE_CURVE('',#12815,(#12820,#12827),.PCURVE_S1.);
#12815 = CIRCLE('',#12816,1.);
#12816 = AXIS2_PLACEMENT_3D('',#12817,#12818,#12819);
#12817 = CARTESIAN_POINT('',(187.5,0.,31.57));
#12818 = DIRECTION('',(0.,0.,1.));
#12819 = DIRECTION('',(1.,0.,0.));
#12820 = PCURVE('',#12438,#12821);
#12821 = DEFINITIONAL_REPRESENTATION('',(#12822),#12826);
#12822 = CIRCLE('',#12823,1.);
#12823 = AXIS2_PLACEMENT_2D('',#12824,#12825);
#12824 = CARTESIAN_POINT('',(12.5,1.055446314829E-17));
#12825 = DIRECTION('',(1.,0.));
#12826 = ( GEOMETRIC_REPRESENTATION_CONTEXT(2) 
PARAMETRIC_REPRESENTATION_CONTEXT() REPRESENTATION_CONTEXT('2D SPACE',''
  ) );
#12827 = PCURVE('',#12828,#12833);
#12828 = CYLINDRICAL_SURFACE('',#12829,1.);
#12829 = AXIS2_PLACEMENT_3D('',#12830,#12831,#12832);
#12830 = CARTESIAN_POINT('',(187.5,0.,31.57));
#12831 = DIRECTION('',(0.,0.,1.));
#12832 = DIRECTION('',(1.,0.,0.));
#12833 = DEFINITIONAL_REPRESENTATION('',(#12834),#12838);
#12834 = LINE('',#12835,#12836);
#12835 = CARTESIAN_POINT('',(0.,0.));
#12836 = VECTOR('',#12837,1.);
#12837 = DIRECTION('',(1.,0.));
#12838 = ( GEOMETRIC_REPRESENTATION_CONTEXT(2) 
PARAMETRIC_REPRESENTATION_CONTEXT() REPRESENTATION_CONTEXT('2D SPACE',''
  ) );
#12839 = FACE_BOUND('',#12840,.T.);
#12840 = EDGE_LOOP('',(#12841));
#12841 = ORIENTED_EDGE('',*,*,#12842,.F.);
#12842 = EDGE_CURVE('',#12843,#12843,#12845,.T.);
#12843 = VERTEX_POINT('',#12844);
#12844 = CARTESIAN_POINT('',(163.5,1.530808498934E-15,31.57));
#12845 = SURFACE_CURVE('',#12846,(#12851,#12858),.PCURVE_S1.);
#12846 = CIRCLE('',#12847,1.);
#12847 = AXIS2_PLACEMENT_3D('',#12848,#12849,#12850);
#12848 = CARTESIAN_POINT('',(162.5,1.530808498934E-15,31.57));
#12849 = DIRECTION('',(0.,0.,1.));
#12850 = DIRECTION('',(1.,0.,0.));
#12851 = PCURVE('',#12438,#12852);
#12852 = DEFINITIONAL_REPRESENTATION('',(#12853),#12857);
#12853 = CIRCLE('',#12854,1.);
#12854 = AXIS2_PLACEMENT_2D('',#12855,#12856);
#12855 = CARTESIAN_POINT('',(-12.5,1.541362962082E-15));
#12856 = DIRECTION('',(1.,0.));
#12857 = ( GEOMETRIC_REPRESENTATION_CONTEXT(2) 
PARAMETRIC_REPRESENTATION_CONTEXT() REPRESENTATION_CONTEXT('2D SPACE',''
  ) );
#12858 = PCURVE('',#12859,#12864);
#12859 = CYLINDRICAL_SURFACE('',#12860,1.);
#12860 = AXIS2_PLACEMENT_3D('',#12861,#12862,#12863);
#12861 = CARTESIAN_POINT('',(162.5,1.530808498934E-15,31.57));
#12862 = DIRECTION('',(0.,0.,1.));
#12863 = DIRECTION('',(1.,0.,0.));
#12864 = DEFINITIONAL_REPRESENTATION('',(#12865),#12869);
#12865 = LINE('',#12866,#12867);
#12866 = CARTESIAN_POINT('',(0.,0.));
#12867 = VECTOR('',#12868,1.);
#12868 = DIRECTION('',(1.,0.));
#12869 = ( GEOMETRIC_REPRESENTATION_CONTEXT(2) 
PARAMETRIC_REPRESENTATION_CONTEXT() REPRESENTATION_CONTEXT('2D SPACE',''
  ) );
#12870 = FACE_BOUND('',#12871,.T.);
#12871 = EDGE_LOOP('',(#12872));
#12872 = ORIENTED_EDGE('',*,*,#12873,.F.);
#12873 = EDGE_CURVE('',#12874,#12874,#12876,.T.);
#12874 = VERTEX_POINT('',#12875);
#12875 = CARTESIAN_POINT('',(169.75,10.825317547305,31.57));
#12876 = SURFACE_CURVE('',#12877,(#12882,#12889),.PCURVE_S1.);
#12877 = CIRCLE('',#12878,1.);
#12878 = AXIS2_PLACEMENT_3D('',#12879,#12880,#12881);
#12879 = CARTESIAN_POINT('',(168.75,10.825317547305,31.57));
#12880 = DIRECTION('',(0.,0.,1.));
#12881 = DIRECTION('',(1.,0.,0.));
#12882 = PCURVE('',#12438,#12883);
#12883 = DEFINITIONAL_REPRESENTATION('',(#12884),#12888);
#12884 = CIRCLE('',#12885,1.);
#12885 = AXIS2_PLACEMENT_2D('',#12886,#12887);
#12886 = CARTESIAN_POINT('',(-6.25,10.825317547305));
#12887 = DIRECTION('',(1.,0.));
#12888 = ( GEOMETRIC_REPRESENTATION_CONTEXT(2) 
PARAMETRIC_REPRESENTATION_CONTEXT() REPRESENTATION_CONTEXT('2D SPACE',''
  ) );
#12889 = PCURVE('',#12890,#12895);
#12890 = CYLINDRICAL_SURFACE('',#12891,1.);
#12891 = AXIS2_PLACEMENT_3D('',#12892,#12893,#12894);
#12892 = CARTESIAN_POINT('',(168.75,10.825317547305,31.57));
#12893 = DIRECTION('',(0.,0.,1.));
#12894 = DIRECTION('',(1.,0.,0.));
#12895 = DEFINITIONAL_REPRESENTATION('',(#12896),#12900);
#12896 = LINE('',#12897,#12898);
#12897 = CARTESIAN_POINT('',(0.,0.));
#12898 = VECTOR('',#12899,1.);
#12899 = DIRECTION('',(1.,0.));
#12900 = ( GEOMETRIC_REPRESENTATION_CONTEXT(2) 
PARAMETRIC_REPRESENTATION_CONTEXT() REPRESENTATION_CONTEXT('2D SPACE',''
  ) );
#12901 = FACE_BOUND('',#12902,.T.);
#12902 = EDGE_LOOP('',(#12903));
#12903 = ORIENTED_EDGE('',*,*,#12904,.F.);
#12904 = EDGE_CURVE('',#12905,#12905,#12907,.T.);
#12905 = VERTEX_POINT('',#12906);
#12906 = CARTESIAN_POINT('',(182.25,10.825317547305,31.57));
#12907 = SURFACE_CURVE('',#12908,(#12913,#12920),.PCURVE_S1.);
#12908 = CIRCLE('',#12909,1.);
#12909 = AXIS2_PLACEMENT_3D('',#12910,#12911,#12912);
#12910 = CARTESIAN_POINT('',(181.25,10.825317547305,31.57));
#12911 = DIRECTION('',(0.,0.,1.));
#12912 = DIRECTION('',(1.,0.,0.));
#12913 = PCURVE('',#12438,#12914);
#12914 = DEFINITIONAL_REPRESENTATION('',(#12915),#12919);
#12915 = CIRCLE('',#12916,1.);
#12916 = AXIS2_PLACEMENT_2D('',#12917,#12918);
#12917 = CARTESIAN_POINT('',(6.25,10.825317547305));
#12918 = DIRECTION('',(1.,0.));
#12919 = ( GEOMETRIC_REPRESENTATION_CONTEXT(2) 
PARAMETRIC_REPRESENTATION_CONTEXT() REPRESENTATION_CONTEXT('2D SPACE',''
  ) );
#12920 = PCURVE('',#12921,#12926);
#12921 = CYLINDRICAL_SURFACE('',#12922,1.);
#12922 = AXIS2_PLACEMENT_3D('',#12923,#12924,#12925);
#12923 = CARTESIAN_POINT('',(181.25,10.825317547305,31.57));
#12924 = DIRECTION('',(0.,0.,1.));
#12925 = DIRECTION('',(1.,0.,0.));
#12926 = DEFINITIONAL_REPRESENTATION('',(#12927),#12931);
#12927 = LINE('',#12928,#12929);
#12928 = CARTESIAN_POINT('',(0.,0.));
#12929 = VECTOR('',#12930,1.);
#12930 = DIRECTION('',(1.,0.));
#12931 = ( GEOMETRIC_REPRESENTATION_CONTEXT(2) 
PARAMETRIC_REPRESENTATION_CONTEXT() REPRESENTATION_CONTEXT('2D SPACE',''
  ) );
#12932 = ADVANCED_FACE('',(#12933),#12503,.F.);
#12933 = FACE_BOUND('',#12934,.F.);
#12934 = EDGE_LOOP('',(#12935,#12936,#12959,#12986));
#12935 = ORIENTED_EDGE('',*,*,#12486,.F.);
#12936 = ORIENTED_EDGE('',*,*,#12937,.T.);
#12937 = EDGE_CURVE('',#12487,#12938,#12940,.T.);
#12938 = VERTEX_POINT('',#12939);
#12939 = CARTESIAN_POINT('',(169.75,-28.8253175473,10.));
#12940 = SEAM_CURVE('',#12941,(#12945,#12952),.PCURVE_S1.);
#12941 = LINE('',#12942,#12943);
#12942 = CARTESIAN_POINT('',(169.75,-28.8253175473,11.57));
#12943 = VECTOR('',#12944,1.);
#12944 = DIRECTION('',(-0.,-0.,-1.));
#12945 = PCURVE('',#12503,#12946);
#12946 = DEFINITIONAL_REPRESENTATION('',(#12947),#12951);
#12947 = LINE('',#12948,#12949);
#12948 = CARTESIAN_POINT('',(6.28318530718,0.));
#12949 = VECTOR('',#12950,1.);
#12950 = DIRECTION('',(0.,-1.));
#12951 = ( GEOMETRIC_REPRESENTATION_CONTEXT(2) 
PARAMETRIC_REPRESENTATION_CONTEXT() REPRESENTATION_CONTEXT('2D SPACE',''
  ) );
#12952 = PCURVE('',#12503,#12953);
#12953 = DEFINITIONAL_REPRESENTATION('',(#12954),#12958);
#12954 = LINE('',#12955,#12956);
#12955 = CARTESIAN_POINT('',(0.,0.));
#12956 = VECTOR('',#12957,1.);
#12957 = DIRECTION('',(0.,-1.));
#12958 = ( GEOMETRIC_REPRESENTATION_CONTEXT(2) 
PARAMETRIC_REPRESENTATION_CONTEXT() REPRESENTATION_CONTEXT('2D SPACE',''
  ) );
#12959 = ORIENTED_EDGE('',*,*,#12960,.T.);
#12960 = EDGE_CURVE('',#12938,#12938,#12961,.T.);
#12961 = SURFACE_CURVE('',#12962,(#12967,#12974),.PCURVE_S1.);
#12962 = CIRCLE('',#12963,1.);
#12963 = AXIS2_PLACEMENT_3D('',#12964,#12965,#12966);
#12964 = CARTESIAN_POINT('',(168.75,-28.8253175473,10.));
#12965 = DIRECTION('',(0.,0.,1.));
#12966 = DIRECTION('',(1.,0.,-0.));
#12967 = PCURVE('',#12503,#12968);
#12968 = DEFINITIONAL_REPRESENTATION('',(#12969),#12973);
#12969 = LINE('',#12970,#12971);
#12970 = CARTESIAN_POINT('',(0.,-1.57));
#12971 = VECTOR('',#12972,1.);
#12972 = DIRECTION('',(1.,0.));
#12973 = ( GEOMETRIC_REPRESENTATION_CONTEXT(2) 
PARAMETRIC_REPRESENTATION_CONTEXT() REPRESENTATION_CONTEXT('2D SPACE',''
  ) );
#12974 = PCURVE('',#12975,#12980);
#12975 = PLANE('',#12976);
#12976 = AXIS2_PLACEMENT_3D('',#12977,#12978,#12979);
#12977 = CARTESIAN_POINT('',(160.,-30.,10.));
#12978 = DIRECTION('',(0.,0.,1.));
#12979 = DIRECTION('',(1.,0.,0.));
#12980 = DEFINITIONAL_REPRESENTATION('',(#12981),#12985);
#12981 = CIRCLE('',#12982,1.);
#12982 = AXIS2_PLACEMENT_2D('',#12983,#12984);
#12983 = CARTESIAN_POINT('',(8.75,1.174682452695));
#12984 = DIRECTION('',(1.,0.));
#12985 = ( GEOMETRIC_REPRESENTATION_CONTEXT(2) 
PARAMETRIC_REPRESENTATION_CONTEXT() REPRESENTATION_CONTEXT('2D SPACE',''
  ) );
#12986 = ORIENTED_EDGE('',*,*,#12937,.F.);
#12987 = ADVANCED_FACE('',(#12988),#12534,.F.);
#12988 = FACE_BOUND('',#12989,.F.);
#12989 = EDGE_LOOP('',(#12990,#12991,#13014,#13041));
#12990 = ORIENTED_EDGE('',*,*,#12517,.F.);
#12991 = ORIENTED_EDGE('',*,*,#12992,.T.);
#12992 = EDGE_CURVE('',#12518,#12993,#12995,.T.);
#12993 = VERTEX_POINT('',#12994);
#12994 = CARTESIAN_POINT('',(182.25,-28.8253175473,10.));
#12995 = SEAM_CURVE('',#12996,(#13000,#13007),.PCURVE_S1.);
#12996 = LINE('',#12997,#12998);
#12997 = CARTESIAN_POINT('',(182.25,-28.8253175473,11.57));
#12998 = VECTOR('',#12999,1.);
#12999 = DIRECTION('',(-0.,-0.,-1.));
#13000 = PCURVE('',#12534,#13001);
#13001 = DEFINITIONAL_REPRESENTATION('',(#13002),#13006);
#13002 = LINE('',#13003,#13004);
#13003 = CARTESIAN_POINT('',(6.28318530718,0.));
#13004 = VECTOR('',#13005,1.);
#13005 = DIRECTION('',(0.,-1.));
#13006 = ( GEOMETRIC_REPRESENTATION_CONTEXT(2) 
PARAMETRIC_REPRESENTATION_CONTEXT() REPRESENTATION_CONTEXT('2D SPACE',''
  ) );
#13007 = PCURVE('',#12534,#13008);
#13008 = DEFINITIONAL_REPRESENTATION('',(#13009),#13013);
#13009 = LINE('',#13010,#13011);
#13010 = CARTESIAN_POINT('',(0.,0.));
#13011 = VECTOR('',#13012,1.);
#13012 = DIRECTION('',(0.,-1.));
#13013 = ( GEOMETRIC_REPRESENTATION_CONTEXT(2) 
PARAMETRIC_REPRESENTATION_CONTEXT() REPRESENTATION_CONTEXT('2D SPACE',''
  ) );
#13014 = ORIENTED_EDGE('',*,*,#13015,.T.);
#13015 = EDGE_CURVE('',#12993,#12993,#13016,.T.);
#13016 = SURFACE_CURVE('',#13017,(#13022,#13029),.PCURVE_S1.);
#13017 = CIRCLE('',#13018,1.);
#13018 = AXIS2_PLACEMENT_3D('',#13019,#13020,#13021);
#13019 = CARTESIAN_POINT('',(181.25,-28.8253175473,10.));
#13020 = DIRECTION('',(0.,0.,1.));
#13021 = DIRECTION('',(1.,0.,-0.));
#13022 = PCURVE('',#12534,#13023);
#13023 = DEFINITIONAL_REPRESENTATION('',(#13024),#13028);
#13024 = LINE('',#13025,#13026);
#13025 = CARTESIAN_POINT('',(0.,-1.57));
#13026 = VECTOR('',#13027,1.);
#13027 = DIRECTION('',(1.,0.));
#13028 = ( GEOMETRIC_REPRESENTATION_CONTEXT(2) 
PARAMETRIC_REPRESENTATION_CONTEXT() REPRESENTATION_CONTEXT('2D SPACE',''
  ) );
#13029 = PCURVE('',#13030,#13035);
#13030 = PLANE('',#13031);
#13031 = AXIS2_PLACEMENT_3D('',#13032,#13033,#13034);
#13032 = CARTESIAN_POINT('',(160.,-30.,10.));
#13033 = DIRECTION('',(0.,0.,1.));
#13034 = DIRECTION('',(1.,0.,0.));
#13035 = DEFINITIONAL_REPRESENTATION('',(#13036),#13040);
#13036 = CIRCLE('',#13037,1.);
#13037 = AXIS2_PLACEMENT_2D('',#13038,#13039);
#13038 = CARTESIAN_POINT('',(21.25,1.174682452695));
#13039 = DIRECTION('',(1.,0.));
#13040 = ( GEOMETRIC_REPRESENTATION_CONTEXT(2) 
PARAMETRIC_REPRESENTATION_CONTEXT() REPRESENTATION_CONTEXT('2D SPACE',''
  ) );
#13041 = ORIENTED_EDGE('',*,*,#12992,.F.);
#13042 = ADVANCED_FACE('',(#13043),#12629,.F.);
#13043 = FACE_BOUND('',#13044,.F.);
#13044 = EDGE_LOOP('',(#13045));
#13045 = ORIENTED_EDGE('',*,*,#12614,.F.);
#13046 = ADVANCED_FACE('',(#13047),#12665,.T.);
#13047 = FACE_BOUND('',#13048,.T.);
#13048 = EDGE_LOOP('',(#13049));
#13049 = ORIENTED_EDGE('',*,*,#12648,.F.);
#13050 = ADVANCED_FACE('',(#13051),#12731,.F.);
#13051 = FACE_BOUND('',#13052,.F.);
#13052 = EDGE_LOOP('',(#13053,#13076,#13103,#13104));
#13053 = ORIENTED_EDGE('',*,*,#13054,.T.);
#13054 = EDGE_CURVE('',#12715,#13055,#13057,.T.);
#13055 = VERTEX_POINT('',#13056);
#13056 = CARTESIAN_POINT('',(169.75,-10.8253175473,28.07));
#13057 = SEAM_CURVE('',#13058,(#13062,#13069),.PCURVE_S1.);
#13058 = LINE('',#13059,#13060);
#13059 = CARTESIAN_POINT('',(169.75,-10.8253175473,31.57));
#13060 = VECTOR('',#13061,1.);
#13061 = DIRECTION('',(-0.,-0.,-1.));
#13062 = PCURVE('',#12731,#13063);
#13063 = DEFINITIONAL_REPRESENTATION('',(#13064),#13068);
#13064 = LINE('',#13065,#13066);
#13065 = CARTESIAN_POINT('',(0.,0.));
#13066 = VECTOR('',#13067,1.);
#13067 = DIRECTION('',(0.,-1.));
#13068 = ( GEOMETRIC_REPRESENTATION_CONTEXT(2) 
PARAMETRIC_REPRESENTATION_CONTEXT() REPRESENTATION_CONTEXT('2D SPACE',''
  ) );
#13069 = PCURVE('',#12731,#13070);
#13070 = DEFINITIONAL_REPRESENTATION('',(#13071),#13075);
#13071 = LINE('',#13072,#13073);
#13072 = CARTESIAN_POINT('',(6.28318530718,0.));
#13073 = VECTOR('',#13074,1.);
#13074 = DIRECTION('',(0.,-1.));
#13075 = ( GEOMETRIC_REPRESENTATION_CONTEXT(2) 
PARAMETRIC_REPRESENTATION_CONTEXT() REPRESENTATION_CONTEXT('2D SPACE',''
  ) );
#13076 = ORIENTED_EDGE('',*,*,#13077,.T.);
#13077 = EDGE_CURVE('',#13055,#13055,#13078,.T.);
#13078 = SURFACE_CURVE('',#13079,(#13084,#13091),.PCURVE_S1.);
#13079 = CIRCLE('',#13080,1.);
#13080 = AXIS2_PLACEMENT_3D('',#13081,#13082,#13083);
#13081 = CARTESIAN_POINT('',(168.75,-10.8253175473,28.07));
#13082 = DIRECTION('',(0.,0.,1.));
#13083 = DIRECTION('',(1.,0.,0.));
#13084 = PCURVE('',#12731,#13085);
#13085 = DEFINITIONAL_REPRESENTATION('',(#13086),#13090);
#13086 = LINE('',#13087,#13088);
#13087 = CARTESIAN_POINT('',(0.,-3.5));
#13088 = VECTOR('',#13089,1.);
#13089 = DIRECTION('',(1.,0.));
#13090 = ( GEOMETRIC_REPRESENTATION_CONTEXT(2) 
PARAMETRIC_REPRESENTATION_CONTEXT() REPRESENTATION_CONTEXT('2D SPACE',''
  ) );
#13091 = PCURVE('',#13092,#13097);
#13092 = PLANE('',#13093);
#13093 = AXIS2_PLACEMENT_3D('',#13094,#13095,#13096);
#13094 = CARTESIAN_POINT('',(168.75,-10.8253175473,28.07));
#13095 = DIRECTION('',(0.,0.,1.));
#13096 = DIRECTION('',(1.,0.,-0.));
#13097 = DEFINITIONAL_REPRESENTATION('',(#13098),#13102);
#13098 = CIRCLE('',#13099,1.);
#13099 = AXIS2_PLACEMENT_2D('',#13100,#13101);
#13100 = CARTESIAN_POINT('',(0.,0.));
#13101 = DIRECTION('',(1.,0.));
#13102 = ( GEOMETRIC_REPRESENTATION_CONTEXT(2) 
PARAMETRIC_REPRESENTATION_CONTEXT() REPRESENTATION_CONTEXT('2D SPACE',''
  ) );
#13103 = ORIENTED_EDGE('',*,*,#13054,.F.);
#13104 = ORIENTED_EDGE('',*,*,#12714,.F.);
#13105 = ADVANCED_FACE('',(#13106),#12762,.F.);
#13106 = FACE_BOUND('',#13107,.F.);
#13107 = EDGE_LOOP('',(#13108,#13131,#13158,#13159));
#13108 = ORIENTED_EDGE('',*,*,#13109,.T.);
#13109 = EDGE_CURVE('',#12746,#13110,#13112,.T.);
#13110 = VERTEX_POINT('',#13111);
#13111 = CARTESIAN_POINT('',(182.25,-10.8253175473,28.07));
#13112 = SEAM_CURVE('',#13113,(#13117,#13124),.PCURVE_S1.);
#13113 = LINE('',#13114,#13115);
#13114 = CARTESIAN_POINT('',(182.25,-10.8253175473,31.57));
#13115 = VECTOR('',#13116,1.);
#13116 = DIRECTION('',(-0.,-0.,-1.));
#13117 = PCURVE('',#12762,#13118);
#13118 = DEFINITIONAL_REPRESENTATION('',(#13119),#13123);
#13119 = LINE('',#13120,#13121);
#13120 = CARTESIAN_POINT('',(0.,0.));
#13121 = VECTOR('',#13122,1.);
#13122 = DIRECTION('',(0.,-1.));
#13123 = ( GEOMETRIC_REPRESENTATION_CONTEXT(2) 
PARAMETRIC_REPRESENTATION_CONTEXT() REPRESENTATION_CONTEXT('2D SPACE',''
  ) );
#13124 = PCURVE('',#12762,#13125);
#13125 = DEFINITIONAL_REPRESENTATION('',(#13126),#13130);
#13126 = LINE('',#13127,#13128);
#13127 = CARTESIAN_POINT('',(6.28318530718,0.));
#13128 = VECTOR('',#13129,1.);
#13129 = DIRECTION('',(0.,-1.));
#13130 = ( GEOMETRIC_REPRESENTATION_CONTEXT(2) 
PARAMETRIC_REPRESENTATION_CONTEXT() REPRESENTATION_CONTEXT('2D SPACE',''
  ) );
#13131 = ORIENTED_EDGE('',*,*,#13132,.T.);
#13132 = EDGE_CURVE('',#13110,#13110,#13133,.T.);
#13133 = SURFACE_CURVE('',#13134,(#13139,#13146),.PCURVE_S1.);
#13134 = CIRCLE('',#13135,1.);
#13135 = AXIS2_PLACEMENT_3D('',#13136,#13137,#13138);
#13136 = CARTESIAN_POINT('',(181.25,-10.8253175473,28.07));
#13137 = DIRECTION('',(0.,0.,1.));
#13138 = DIRECTION('',(1.,0.,0.));
#13139 = PCURVE('',#12762,#13140);
#13140 = DEFINITIONAL_REPRESENTATION('',(#13141),#13145);
#13141 = LINE('',#13142,#13143);
#13142 = CARTESIAN_POINT('',(0.,-3.5));
#13143 = VECTOR('',#13144,1.);
#13144 = DIRECTION('',(1.,0.));
#13145 = ( GEOMETRIC_REPRESENTATION_CONTEXT(2) 
PARAMETRIC_REPRESENTATION_CONTEXT() REPRESENTATION_CONTEXT('2D SPACE',''
  ) );
#13146 = PCURVE('',#13147,#13152);
#13147 = PLANE('',#13148);
#13148 = AXIS2_PLACEMENT_3D('',#13149,#13150,#13151);
#13149 = CARTESIAN_POINT('',(181.25,-10.8253175473,28.07));
#13150 = DIRECTION('',(0.,0.,1.));
#13151 = DIRECTION('',(1.,0.,-0.));
#13152 = DEFINITIONAL_REPRESENTATION('',(#13153),#13157);
#13153 = CIRCLE('',#13154,1.);
#13154 = AXIS2_PLACEMENT_2D('',#13155,#13156);
#13155 = CARTESIAN_POINT('',(0.,-1.7763568394E-15));
#13156 = DIRECTION('',(1.,0.));
#13157 = ( GEOMETRIC_REPRESENTATION_CONTEXT(2) 
PARAMETRIC_REPRESENTATION_CONTEXT() REPRESENTATION_CONTEXT('2D SPACE',''
  ) );
#13158 = ORIENTED_EDGE('',*,*,#13109,.F.);
#13159 = ORIENTED_EDGE('',*,*,#12745,.F.);
#13160 = ADVANCED_FACE('',(#13161),#12797,.T.);
#13161 = FACE_BOUND('',#13162,.F.);
#13162 = EDGE_LOOP('',(#13163,#13164,#13187,#13214));
#13163 = ORIENTED_EDGE('',*,*,#12776,.T.);
#13164 = ORIENTED_EDGE('',*,*,#13165,.T.);
#13165 = EDGE_CURVE('',#12777,#13166,#13168,.T.);
#13166 = VERTEX_POINT('',#13167);
#13167 = CARTESIAN_POINT('',(178.,0.,38.07));
#13168 = SEAM_CURVE('',#13169,(#13173,#13180),.PCURVE_S1.);
#13169 = LINE('',#13170,#13171);
#13170 = CARTESIAN_POINT('',(178.,0.,1.93));
#13171 = VECTOR('',#13172,1.);
#13172 = DIRECTION('',(0.,0.,1.));
#13173 = PCURVE('',#12797,#13174);
#13174 = DEFINITIONAL_REPRESENTATION('',(#13175),#13179);
#13175 = LINE('',#13176,#13177);
#13176 = CARTESIAN_POINT('',(-6.28318530718,0.));
#13177 = VECTOR('',#13178,1.);
#13178 = DIRECTION('',(-0.,-1.));
#13179 = ( GEOMETRIC_REPRESENTATION_CONTEXT(2) 
PARAMETRIC_REPRESENTATION_CONTEXT() REPRESENTATION_CONTEXT('2D SPACE',''
  ) );
#13180 = PCURVE('',#12797,#13181);
#13181 = DEFINITIONAL_REPRESENTATION('',(#13182),#13186);
#13182 = LINE('',#13183,#13184);
#13183 = CARTESIAN_POINT('',(-0.,0.));
#13184 = VECTOR('',#13185,1.);
#13185 = DIRECTION('',(-0.,-1.));
#13186 = ( GEOMETRIC_REPRESENTATION_CONTEXT(2) 
PARAMETRIC_REPRESENTATION_CONTEXT() REPRESENTATION_CONTEXT('2D SPACE',''
  ) );
#13187 = ORIENTED_EDGE('',*,*,#13188,.T.);
#13188 = EDGE_CURVE('',#13166,#13166,#13189,.T.);
#13189 = SURFACE_CURVE('',#13190,(#13195,#13202),.PCURVE_S1.);
#13190 = CIRCLE('',#13191,3.);
#13191 = AXIS2_PLACEMENT_3D('',#13192,#13193,#13194);
#13192 = CARTESIAN_POINT('',(175.,0.,38.07));
#13193 = DIRECTION('',(0.,0.,1.));
#13194 = DIRECTION('',(1.,0.,0.));
#13195 = PCURVE('',#12797,#13196);
#13196 = DEFINITIONAL_REPRESENTATION('',(#13197),#13201);
#13197 = LINE('',#13198,#13199);
#13198 = CARTESIAN_POINT('',(-0.,-36.14));
#13199 = VECTOR('',#13200,1.);
#13200 = DIRECTION('',(-1.,0.));
#13201 = ( GEOMETRIC_REPRESENTATION_CONTEXT(2) 
PARAMETRIC_REPRESENTATION_CONTEXT() REPRESENTATION_CONTEXT('2D SPACE',''
  ) );
#13202 = PCURVE('',#13203,#13208);
#13203 = PLANE('',#13204);
#13204 = AXIS2_PLACEMENT_3D('',#13205,#13206,#13207);
#13205 = CARTESIAN_POINT('',(175.,-8.51133553645E-18,38.07));
#13206 = DIRECTION('',(0.,0.,1.));
#13207 = DIRECTION('',(1.,0.,-0.));
#13208 = DEFINITIONAL_REPRESENTATION('',(#13209),#13213);
#13209 = CIRCLE('',#13210,3.);
#13210 = AXIS2_PLACEMENT_2D('',#13211,#13212);
#13211 = CARTESIAN_POINT('',(0.,8.51133553645E-18));
#13212 = DIRECTION('',(1.,0.));
#13213 = ( GEOMETRIC_REPRESENTATION_CONTEXT(2) 
PARAMETRIC_REPRESENTATION_CONTEXT() REPRESENTATION_CONTEXT('2D SPACE',''
  ) );
#13214 = ORIENTED_EDGE('',*,*,#13165,.F.);
#13215 = ADVANCED_FACE('',(#13216),#12828,.F.);
#13216 = FACE_BOUND('',#13217,.F.);
#13217 = EDGE_LOOP('',(#13218,#13241,#13268,#13269));
#13218 = ORIENTED_EDGE('',*,*,#13219,.T.);
#13219 = EDGE_CURVE('',#12812,#13220,#13222,.T.);
#13220 = VERTEX_POINT('',#13221);
#13221 = CARTESIAN_POINT('',(188.5,0.,28.07));
#13222 = SEAM_CURVE('',#13223,(#13227,#13234),.PCURVE_S1.);
#13223 = LINE('',#13224,#13225);
#13224 = CARTESIAN_POINT('',(188.5,0.,31.57));
#13225 = VECTOR('',#13226,1.);
#13226 = DIRECTION('',(-0.,-0.,-1.));
#13227 = PCURVE('',#12828,#13228);
#13228 = DEFINITIONAL_REPRESENTATION('',(#13229),#13233);
#13229 = LINE('',#13230,#13231);
#13230 = CARTESIAN_POINT('',(0.,0.));
#13231 = VECTOR('',#13232,1.);
#13232 = DIRECTION('',(0.,-1.));
#13233 = ( GEOMETRIC_REPRESENTATION_CONTEXT(2) 
PARAMETRIC_REPRESENTATION_CONTEXT() REPRESENTATION_CONTEXT('2D SPACE',''
  ) );
#13234 = PCURVE('',#12828,#13235);
#13235 = DEFINITIONAL_REPRESENTATION('',(#13236),#13240);
#13236 = LINE('',#13237,#13238);
#13237 = CARTESIAN_POINT('',(6.28318530718,0.));
#13238 = VECTOR('',#13239,1.);
#13239 = DIRECTION('',(0.,-1.));
#13240 = ( GEOMETRIC_REPRESENTATION_CONTEXT(2) 
PARAMETRIC_REPRESENTATION_CONTEXT() REPRESENTATION_CONTEXT('2D SPACE',''
  ) );
#13241 = ORIENTED_EDGE('',*,*,#13242,.T.);
#13242 = EDGE_CURVE('',#13220,#13220,#13243,.T.);
#13243 = SURFACE_CURVE('',#13244,(#13249,#13256),.PCURVE_S1.);
#13244 = CIRCLE('',#13245,1.);
#13245 = AXIS2_PLACEMENT_3D('',#13246,#13247,#13248);
#13246 = CARTESIAN_POINT('',(187.5,0.,28.07));
#13247 = DIRECTION('',(0.,0.,1.));
#13248 = DIRECTION('',(1.,0.,0.));
#13249 = PCURVE('',#12828,#13250);
#13250 = DEFINITIONAL_REPRESENTATION('',(#13251),#13255);
#13251 = LINE('',#13252,#13253);
#13252 = CARTESIAN_POINT('',(0.,-3.5));
#13253 = VECTOR('',#13254,1.);
#13254 = DIRECTION('',(1.,0.));
#13255 = ( GEOMETRIC_REPRESENTATION_CONTEXT(2) 
PARAMETRIC_REPRESENTATION_CONTEXT() REPRESENTATION_CONTEXT('2D SPACE',''
  ) );
#13256 = PCURVE('',#13257,#13262);
#13257 = PLANE('',#13258);
#13258 = AXIS2_PLACEMENT_3D('',#13259,#13260,#13261);
#13259 = CARTESIAN_POINT('',(187.5,4.464344831214E-17,28.07));
#13260 = DIRECTION('',(0.,0.,1.));
#13261 = DIRECTION('',(1.,0.,-0.));
#13262 = DEFINITIONAL_REPRESENTATION('',(#13263),#13267);
#13263 = CIRCLE('',#13264,1.);
#13264 = AXIS2_PLACEMENT_2D('',#13265,#13266);
#13265 = CARTESIAN_POINT('',(0.,-4.464344831214E-17));
#13266 = DIRECTION('',(1.,0.));
#13267 = ( GEOMETRIC_REPRESENTATION_CONTEXT(2) 
PARAMETRIC_REPRESENTATION_CONTEXT() REPRESENTATION_CONTEXT('2D SPACE',''
  ) );
#13268 = ORIENTED_EDGE('',*,*,#13219,.F.);
#13269 = ORIENTED_EDGE('',*,*,#12811,.F.);
#13270 = ADVANCED_FACE('',(#13271),#12859,.F.);
#13271 = FACE_BOUND('',#13272,.F.);
#13272 = EDGE_LOOP('',(#13273,#13296,#13323,#13324));
#13273 = ORIENTED_EDGE('',*,*,#13274,.T.);
#13274 = EDGE_CURVE('',#12843,#13275,#13277,.T.);
#13275 = VERTEX_POINT('',#13276);
#13276 = CARTESIAN_POINT('',(163.5,1.530808498934E-15,28.07));
#13277 = SEAM_CURVE('',#13278,(#13282,#13289),.PCURVE_S1.);
#13278 = LINE('',#13279,#13280);
#13279 = CARTESIAN_POINT('',(163.5,1.530808498934E-15,31.57));
#13280 = VECTOR('',#13281,1.);
#13281 = DIRECTION('',(-0.,-0.,-1.));
#13282 = PCURVE('',#12859,#13283);
#13283 = DEFINITIONAL_REPRESENTATION('',(#13284),#13288);
#13284 = LINE('',#13285,#13286);
#13285 = CARTESIAN_POINT('',(0.,0.));
#13286 = VECTOR('',#13287,1.);
#13287 = DIRECTION('',(0.,-1.));
#13288 = ( GEOMETRIC_REPRESENTATION_CONTEXT(2) 
PARAMETRIC_REPRESENTATION_CONTEXT() REPRESENTATION_CONTEXT('2D SPACE',''
  ) );
#13289 = PCURVE('',#12859,#13290);
#13290 = DEFINITIONAL_REPRESENTATION('',(#13291),#13295);
#13291 = LINE('',#13292,#13293);
#13292 = CARTESIAN_POINT('',(6.28318530718,0.));
#13293 = VECTOR('',#13294,1.);
#13294 = DIRECTION('',(0.,-1.));
#13295 = ( GEOMETRIC_REPRESENTATION_CONTEXT(2) 
PARAMETRIC_REPRESENTATION_CONTEXT() REPRESENTATION_CONTEXT('2D SPACE',''
  ) );
#13296 = ORIENTED_EDGE('',*,*,#13297,.T.);
#13297 = EDGE_CURVE('',#13275,#13275,#13298,.T.);
#13298 = SURFACE_CURVE('',#13299,(#13304,#13311),.PCURVE_S1.);
#13299 = CIRCLE('',#13300,1.);
#13300 = AXIS2_PLACEMENT_3D('',#13301,#13302,#13303);
#13301 = CARTESIAN_POINT('',(162.5,1.530808498934E-15,28.07));
#13302 = DIRECTION('',(0.,0.,1.));
#13303 = DIRECTION('',(1.,0.,0.));
#13304 = PCURVE('',#12859,#13305);
#13305 = DEFINITIONAL_REPRESENTATION('',(#13306),#13310);
#13306 = LINE('',#13307,#13308);
#13307 = CARTESIAN_POINT('',(0.,-3.5));
#13308 = VECTOR('',#13309,1.);
#13309 = DIRECTION('',(1.,0.));
#13310 = ( GEOMETRIC_REPRESENTATION_CONTEXT(2) 
PARAMETRIC_REPRESENTATION_CONTEXT() REPRESENTATION_CONTEXT('2D SPACE',''
  ) );
#13311 = PCURVE('',#13312,#13317);
#13312 = PLANE('',#13313);
#13313 = AXIS2_PLACEMENT_3D('',#13314,#13315,#13316);
#13314 = CARTESIAN_POINT('',(162.5,1.58175332239E-15,28.07));
#13315 = DIRECTION('',(0.,0.,1.));
#13316 = DIRECTION('',(1.,0.,-0.));
#13317 = DEFINITIONAL_REPRESENTATION('',(#13318),#13322);
#13318 = CIRCLE('',#13319,1.);
#13319 = AXIS2_PLACEMENT_2D('',#13320,#13321);
#13320 = CARTESIAN_POINT('',(0.,-5.094482345602E-17));
#13321 = DIRECTION('',(1.,0.));
#13322 = ( GEOMETRIC_REPRESENTATION_CONTEXT(2) 
PARAMETRIC_REPRESENTATION_CONTEXT() REPRESENTATION_CONTEXT('2D SPACE',''
  ) );
#13323 = ORIENTED_EDGE('',*,*,#13274,.F.);
#13324 = ORIENTED_EDGE('',*,*,#12842,.F.);
#13325 = ADVANCED_FACE('',(#13326),#12890,.F.);
#13326 = FACE_BOUND('',#13327,.F.);
#13327 = EDGE_LOOP('',(#13328,#13351,#13378,#13379));
#13328 = ORIENTED_EDGE('',*,*,#13329,.T.);
#13329 = EDGE_CURVE('',#12874,#13330,#13332,.T.);
#13330 = VERTEX_POINT('',#13331);
#13331 = CARTESIAN_POINT('',(169.75,10.825317547305,28.07));
#13332 = SEAM_CURVE('',#13333,(#13337,#13344),.PCURVE_S1.);
#13333 = LINE('',#13334,#13335);
#13334 = CARTESIAN_POINT('',(169.75,10.825317547305,31.57));
#13335 = VECTOR('',#13336,1.);
#13336 = DIRECTION('',(-0.,-0.,-1.));
#13337 = PCURVE('',#12890,#13338);
#13338 = DEFINITIONAL_REPRESENTATION('',(#13339),#13343);
#13339 = LINE('',#13340,#13341);
#13340 = CARTESIAN_POINT('',(0.,0.));
#13341 = VECTOR('',#13342,1.);
#13342 = DIRECTION('',(0.,-1.));
#13343 = ( GEOMETRIC_REPRESENTATION_CONTEXT(2) 
PARAMETRIC_REPRESENTATION_CONTEXT() REPRESENTATION_CONTEXT('2D SPACE',''
  ) );
#13344 = PCURVE('',#12890,#13345);
#13345 = DEFINITIONAL_REPRESENTATION('',(#13346),#13350);
#13346 = LINE('',#13347,#13348);
#13347 = CARTESIAN_POINT('',(6.28318530718,0.));
#13348 = VECTOR('',#13349,1.);
#13349 = DIRECTION('',(0.,-1.));
#13350 = ( GEOMETRIC_REPRESENTATION_CONTEXT(2) 
PARAMETRIC_REPRESENTATION_CONTEXT() REPRESENTATION_CONTEXT('2D SPACE',''
  ) );
#13351 = ORIENTED_EDGE('',*,*,#13352,.T.);
#13352 = EDGE_CURVE('',#13330,#13330,#13353,.T.);
#13353 = SURFACE_CURVE('',#13354,(#13359,#13366),.PCURVE_S1.);
#13354 = CIRCLE('',#13355,1.);
#13355 = AXIS2_PLACEMENT_3D('',#13356,#13357,#13358);
#13356 = CARTESIAN_POINT('',(168.75,10.825317547305,28.07));
#13357 = DIRECTION('',(0.,0.,1.));
#13358 = DIRECTION('',(1.,0.,0.));
#13359 = PCURVE('',#12890,#13360);
#13360 = DEFINITIONAL_REPRESENTATION('',(#13361),#13365);
#13361 = LINE('',#13362,#13363);
#13362 = CARTESIAN_POINT('',(0.,-3.5));
#13363 = VECTOR('',#13364,1.);
#13364 = DIRECTION('',(1.,0.));
#13365 = ( GEOMETRIC_REPRESENTATION_CONTEXT(2) 
PARAMETRIC_REPRESENTATION_CONTEXT() REPRESENTATION_CONTEXT('2D SPACE',''
  ) );
#13366 = PCURVE('',#13367,#13372);
#13367 = PLANE('',#13368);
#13368 = AXIS2_PLACEMENT_3D('',#13369,#13370,#13371);
#13369 = CARTESIAN_POINT('',(168.75,10.825317547305,28.07));
#13370 = DIRECTION('',(0.,0.,1.));
#13371 = DIRECTION('',(1.,0.,-0.));
#13372 = DEFINITIONAL_REPRESENTATION('',(#13373),#13377);
#13373 = CIRCLE('',#13374,1.);
#13374 = AXIS2_PLACEMENT_2D('',#13375,#13376);
#13375 = CARTESIAN_POINT('',(0.,0.));
#13376 = DIRECTION('',(1.,0.));
#13377 = ( GEOMETRIC_REPRESENTATION_CONTEXT(2) 
PARAMETRIC_REPRESENTATION_CONTEXT() REPRESENTATION_CONTEXT('2D SPACE',''
  ) );
#13378 = ORIENTED_EDGE('',*,*,#13329,.F.);
#13379 = ORIENTED_EDGE('',*,*,#12873,.F.);
#13380 = ADVANCED_FACE('',(#13381),#12921,.F.);
#13381 = FACE_BOUND('',#13382,.F.);
#13382 = EDGE_LOOP('',(#13383,#13406,#13433,#13434));
#13383 = ORIENTED_EDGE('',*,*,#13384,.T.);
#13384 = EDGE_CURVE('',#12905,#13385,#13387,.T.);
#13385 = VERTEX_POINT('',#13386);
#13386 = CARTESIAN_POINT('',(182.25,10.825317547305,28.07));
#13387 = SEAM_CURVE('',#13388,(#13392,#13399),.PCURVE_S1.);
#13388 = LINE('',#13389,#13390);
#13389 = CARTESIAN_POINT('',(182.25,10.825317547305,31.57));
#13390 = VECTOR('',#13391,1.);
#13391 = DIRECTION('',(-0.,-0.,-1.));
#13392 = PCURVE('',#12921,#13393);
#13393 = DEFINITIONAL_REPRESENTATION('',(#13394),#13398);
#13394 = LINE('',#13395,#13396);
#13395 = CARTESIAN_POINT('',(0.,0.));
#13396 = VECTOR('',#13397,1.);
#13397 = DIRECTION('',(0.,-1.));
#13398 = ( GEOMETRIC_REPRESENTATION_CONTEXT(2) 
PARAMETRIC_REPRESENTATION_CONTEXT() REPRESENTATION_CONTEXT('2D SPACE',''
  ) );
#13399 = PCURVE('',#12921,#13400);
#13400 = DEFINITIONAL_REPRESENTATION('',(#13401),#13405);
#13401 = LINE('',#13402,#13403);
#13402 = CARTESIAN_POINT('',(6.28318530718,0.));
#13403 = VECTOR('',#13404,1.);
#13404 = DIRECTION('',(0.,-1.));
#13405 = ( GEOMETRIC_REPRESENTATION_CONTEXT(2) 
PARAMETRIC_REPRESENTATION_CONTEXT() REPRESENTATION_CONTEXT('2D SPACE',''
  ) );
#13406 = ORIENTED_EDGE('',*,*,#13407,.T.);
#13407 = EDGE_CURVE('',#13385,#13385,#13408,.T.);
#13408 = SURFACE_CURVE('',#13409,(#13414,#13421),.PCURVE_S1.);
#13409 = CIRCLE('',#13410,1.);
#13410 = AXIS2_PLACEMENT_3D('',#13411,#13412,#13413);
#13411 = CARTESIAN_POINT('',(181.25,10.825317547305,28.07));
#13412 = DIRECTION('',(0.,0.,1.));
#13413 = DIRECTION('',(1.,0.,0.));
#13414 = PCURVE('',#12921,#13415);
#13415 = DEFINITIONAL_REPRESENTATION('',(#13416),#13420);
#13416 = LINE('',#13417,#13418);
#13417 = CARTESIAN_POINT('',(0.,-3.5));
#13418 = VECTOR('',#13419,1.);
#13419 = DIRECTION('',(1.,0.));
#13420 = ( GEOMETRIC_REPRESENTATION_CONTEXT(2) 
PARAMETRIC_REPRESENTATION_CONTEXT() REPRESENTATION_CONTEXT('2D SPACE',''
  ) );
#13421 = PCURVE('',#13422,#13427);
#13422 = PLANE('',#13423);
#13423 = AXIS2_PLACEMENT_3D('',#13424,#13425,#13426);
#13424 = CARTESIAN_POINT('',(181.25,10.825317547305,28.07));
#13425 = DIRECTION('',(0.,0.,1.));
#13426 = DIRECTION('',(1.,0.,-0.));
#13427 = DEFINITIONAL_REPRESENTATION('',(#13428),#13432);
#13428 = CIRCLE('',#13429,1.);
#13429 = AXIS2_PLACEMENT_2D('',#13430,#13431);
#13430 = CARTESIAN_POINT('',(0.,0.));
#13431 = DIRECTION('',(1.,0.));
#13432 = ( GEOMETRIC_REPRESENTATION_CONTEXT(2) 
PARAMETRIC_REPRESENTATION_CONTEXT() REPRESENTATION_CONTEXT('2D SPACE',''
  ) );
#13433 = ORIENTED_EDGE('',*,*,#13384,.F.);
#13434 = ORIENTED_EDGE('',*,*,#12904,.F.);
#13435 = ADVANCED_FACE('',(#13436),#12975,.T.);
#13436 = FACE_BOUND('',#13437,.T.);
#13437 = EDGE_LOOP('',(#13438));
#13438 = ORIENTED_EDGE('',*,*,#12960,.T.);
#13439 = ADVANCED_FACE('',(#13440),#13030,.T.);
#13440 = FACE_BOUND('',#13441,.T.);
#13441 = EDGE_LOOP('',(#13442));
#13442 = ORIENTED_EDGE('',*,*,#13015,.T.);
#13443 = ADVANCED_FACE('',(#13444),#13092,.T.);
#13444 = FACE_BOUND('',#13445,.T.);
#13445 = EDGE_LOOP('',(#13446));
#13446 = ORIENTED_EDGE('',*,*,#13077,.T.);
#13447 = ADVANCED_FACE('',(#13448),#13147,.T.);
#13448 = FACE_BOUND('',#13449,.T.);
#13449 = EDGE_LOOP('',(#13450));
#13450 = ORIENTED_EDGE('',*,*,#13132,.T.);
#13451 = ADVANCED_FACE('',(#13452),#13203,.T.);
#13452 = FACE_BOUND('',#13453,.T.);
#13453 = EDGE_LOOP('',(#13454));
#13454 = ORIENTED_EDGE('',*,*,#13188,.T.);
#13455 = ADVANCED_FACE('',(#13456),#13257,.T.);
#13456 = FACE_BOUND('',#13457,.T.);
#13457 = EDGE_LOOP('',(#13458));
#13458 = ORIENTED_EDGE('',*,*,#13242,.T.);
#13459 = ADVANCED_FACE('',(#13460),#13312,.T.);
#13460 = FACE_BOUND('',#13461,.T.);
#13461 = EDGE_LOOP('',(#13462));
#13462 = ORIENTED_EDGE('',*,*,#13297,.T.);
#13463 = ADVANCED_FACE('',(#13464),#13367,.T.);
#13464 = FACE_BOUND('',#13465,.T.);
#13465 = EDGE_LOOP('',(#13466));
#13466 = ORIENTED_EDGE('',*,*,#13352,.T.);
#13467 = ADVANCED_FACE('',(#13468),#13422,.T.);
#13468 = FACE_BOUND('',#13469,.T.);
#13469 = EDGE_LOOP('',(#13470));
#13470 = ORIENTED_EDGE('',*,*,#13407,.T.);
#13471 = ORIENTED_CLOSED_SHELL('',*,#13472,.F.);
#13472 = CLOSED_SHELL('',(#13473,#13538,#13650));
#13473 = ADVANCED_FACE('',(#13474),#13488,.F.);
#13474 = FACE_BOUND('',#13475,.F.);
#13475 = EDGE_LOOP('',(#13476,#13511));
#13476 = ORIENTED_EDGE('',*,*,#13477,.F.);
#13477 = EDGE_CURVE('',#13478,#13480,#13482,.T.);
#13478 = VERTEX_POINT('',#13479);
#13479 = CARTESIAN_POINT('',(162.19665147926,-18.95287967496,10.));
#13480 = VERTEX_POINT('',#13481);
#13481 = CARTESIAN_POINT('',(162.80334852073,-18.95287967496,10.));
#13482 = SURFACE_CURVE('',#13483,(#13487,#13499),.PCURVE_S1.);
#13483 = LINE('',#13484,#13485);
#13484 = CARTESIAN_POINT('',(149.45,-18.95287967496,10.));
#13485 = VECTOR('',#13486,1.);
#13486 = DIRECTION('',(1.,0.,0.));
#13487 = PCURVE('',#13488,#13493);
#13488 = PLANE('',#13489);
#13489 = AXIS2_PLACEMENT_3D('',#13490,#13491,#13492);
#13490 = CARTESIAN_POINT('',(160.,-30.,10.));
#13491 = DIRECTION('',(0.,0.,1.));
#13492 = DIRECTION('',(1.,0.,0.));
#13493 = DEFINITIONAL_REPRESENTATION('',(#13494),#13498);
#13494 = LINE('',#13495,#13496);
#13495 = CARTESIAN_POINT('',(-10.55,11.047120325031));
#13496 = VECTOR('',#13497,1.);
#13497 = DIRECTION('',(1.,0.));
#13498 = ( GEOMETRIC_REPRESENTATION_CONTEXT(2) 
PARAMETRIC_REPRESENTATION_CONTEXT() REPRESENTATION_CONTEXT('2D SPACE',''
  ) );
#13499 = PCURVE('',#13500,#13505);
#13500 = CYLINDRICAL_SURFACE('',#13501,1.5);
#13501 = AXIS2_PLACEMENT_3D('',#13502,#13503,#13504);
#13502 = CARTESIAN_POINT('',(149.45,-18.5,11.43));
#13503 = DIRECTION('',(1.,0.,0.));
#13504 = DIRECTION('',(0.,-1.,0.));
#13505 = DEFINITIONAL_REPRESENTATION('',(#13506),#13510);
#13506 = LINE('',#13507,#13508);
#13507 = CARTESIAN_POINT('',(1.264090554435,0.));
#13508 = VECTOR('',#13509,1.);
#13509 = DIRECTION('',(0.,1.));
#13510 = ( GEOMETRIC_REPRESENTATION_CONTEXT(2) 
PARAMETRIC_REPRESENTATION_CONTEXT() REPRESENTATION_CONTEXT('2D SPACE',''
  ) );
#13511 = ORIENTED_EDGE('',*,*,#13512,.T.);
#13512 = EDGE_CURVE('',#13478,#13480,#13513,.T.);
#13513 = SURFACE_CURVE('',#13514,(#13519,#13526),.PCURVE_S1.);
#13514 = CIRCLE('',#13515,1.);
#13515 = AXIS2_PLACEMENT_3D('',#13516,#13517,#13518);
#13516 = CARTESIAN_POINT('',(162.5,-18.,10.));
#13517 = DIRECTION('',(0.,0.,1.));
#13518 = DIRECTION('',(1.,0.,-0.));
#13519 = PCURVE('',#13488,#13520);
#13520 = DEFINITIONAL_REPRESENTATION('',(#13521),#13525);
#13521 = CIRCLE('',#13522,1.);
#13522 = AXIS2_PLACEMENT_2D('',#13523,#13524);
#13523 = CARTESIAN_POINT('',(2.5,12.));
#13524 = DIRECTION('',(1.,0.));
#13525 = ( GEOMETRIC_REPRESENTATION_CONTEXT(2) 
PARAMETRIC_REPRESENTATION_CONTEXT() REPRESENTATION_CONTEXT('2D SPACE',''
  ) );
#13526 = PCURVE('',#13527,#13532);
#13527 = CYLINDRICAL_SURFACE('',#13528,1.);
#13528 = AXIS2_PLACEMENT_3D('',#13529,#13530,#13531);
#13529 = CARTESIAN_POINT('',(162.5,-18.,11.57));
#13530 = DIRECTION('',(0.,0.,1.));
#13531 = DIRECTION('',(1.,0.,0.));
#13532 = DEFINITIONAL_REPRESENTATION('',(#13533),#13537);
#13533 = LINE('',#13534,#13535);
#13534 = CARTESIAN_POINT('',(0.,-1.57));
#13535 = VECTOR('',#13536,1.);
#13536 = DIRECTION('',(1.,0.));
#13537 = ( GEOMETRIC_REPRESENTATION_CONTEXT(2) 
PARAMETRIC_REPRESENTATION_CONTEXT() REPRESENTATION_CONTEXT('2D SPACE',''
  ) );
#13538 = ADVANCED_FACE('',(#13539),#13500,.F.);
#13539 = FACE_BOUND('',#13540,.F.);
#13540 = EDGE_LOOP('',(#13541,#13649));
#13541 = ORIENTED_EDGE('',*,*,#13542,.F.);
#13542 = EDGE_CURVE('',#13478,#13480,#13543,.T.);
#13543 = SURFACE_CURVE('',#13544,(#13577,#13613),.PCURVE_S1.);
#13544 = B_SPLINE_CURVE_WITH_KNOTS('',6,(#13545,#13546,#13547,#13548,
    #13549,#13550,#13551,#13552,#13553,#13554,#13555,#13556,#13557,
    #13558,#13559,#13560,#13561,#13562,#13563,#13564,#13565,#13566,
    #13567,#13568,#13569,#13570,#13571,#13572,#13573,#13574,#13575,
    #13576),.UNSPECIFIED.,.F.,.F.,(7,5,5,5,5,5,7),(0.,9.18072376752E-02,
    0.297724166853,0.500001587998,0.701911411519,0.908935963943,1.),
  .UNSPECIFIED.);
#13545 = CARTESIAN_POINT('',(161.63397459621,-18.5,9.93));
#13546 = CARTESIAN_POINT('',(161.65083018006,-18.52919472762,9.93));
#13547 = CARTESIAN_POINT('',(161.66879686365,-18.55758646307,
    9.930681854516));
#13548 = CARTESIAN_POINT('',(161.68781913527,-18.58512154076,
    9.931975287568));
#13549 = CARTESIAN_POINT('',(161.70783692348,-18.6117501072,
    9.933807058306));
#13550 = CARTESIAN_POINT('',(161.72878530064,-18.63742672259,
    9.936102276437));
#13551 = CARTESIAN_POINT('',(161.79950992435,-18.71747590949,
    9.944804480326));
#13552 = CARTESIAN_POINT('',(161.85274144894,-18.76783335225,
    9.952774172785));
#13553 = CARTESIAN_POINT('',(161.90968195463,-18.81294709795,
    9.961870488175));
#13554 = CARTESIAN_POINT('',(161.96976457755,-18.85264457465,
    9.971316651942));
#13555 = CARTESIAN_POINT('',(162.03245411462,-18.88679791985,
    9.980425064185));
#13556 = CARTESIAN_POINT('',(162.16087832572,-18.94330836481,
    9.996707642461));
#13557 = CARTESIAN_POINT('',(162.22661791185,-18.96589787772,
    10.003923494542));
#13558 = CARTESIAN_POINT('',(162.29390608292,-18.98291963777,
    10.009747522526));
#13559 = CARTESIAN_POINT('',(162.36222486624,-18.99430069734,
    10.013771456661));
#13560 = CARTESIAN_POINT('',(162.43108373342,-19.,10.015786437627));
#13561 = CARTESIAN_POINT('',(162.56879102542,-19.,10.015786437627));
#13562 = CARTESIAN_POINT('',(162.63752509804,-18.99432139279,
    10.013778773257));
#13563 = CARTESIAN_POINT('',(162.70572200229,-18.98298155674,
    10.009769415458));
#13564 = CARTESIAN_POINT('',(162.77289375418,-18.96602129168,
    10.003965720521));
#13565 = CARTESIAN_POINT('',(162.83852516557,-18.94351310385,
    9.996773060715));
#13566 = CARTESIAN_POINT('',(162.96722020808,-18.88699979787,
    9.980476714027));
#13567 = CARTESIAN_POINT('',(163.03025883748,-18.85268166952,
    9.971318383028));
#13568 = CARTESIAN_POINT('',(163.0906634217,-18.81275909191,
    9.961816949448));
#13569 = CARTESIAN_POINT('',(163.14788988876,-18.76736207491,
    9.952671379132));
#13570 = CARTESIAN_POINT('',(163.20136192143,-18.71666641579,
    9.944671656964));
#13571 = CARTESIAN_POINT('',(163.27206034055,-18.63638882644,
    9.936009863095));
#13572 = CARTESIAN_POINT('',(163.29280956266,-18.61088924491,
    9.933748076416));
#13573 = CARTESIAN_POINT('',(163.31264172569,-18.58445398301,
    9.93194405387));
#13574 = CARTESIAN_POINT('',(163.331493448,-18.55712754692,
    9.930670875168));
#13575 = CARTESIAN_POINT('',(163.34930607684,-18.52895872373,9.93));
#13576 = CARTESIAN_POINT('',(163.36602540378,-18.5,9.93));
#13577 = PCURVE('',#13500,#13578);
#13578 = DEFINITIONAL_REPRESENTATION('',(#13579),#13612);
#13579 = B_SPLINE_CURVE_WITH_KNOTS('',6,(#13580,#13581,#13582,#13583,
    #13584,#13585,#13586,#13587,#13588,#13589,#13590,#13591,#13592,
    #13593,#13594,#13595,#13596,#13597,#13598,#13599,#13600,#13601,
    #13602,#13603,#13604,#13605,#13606,#13607,#13608,#13609,#13610,
    #13611),.UNSPECIFIED.,.F.,.F.,(7,5,5,5,5,5,7),(0.,9.18072376752E-02,
    0.297724166853,0.500001587998,0.701911411519,0.908935963943,1.),
  .UNSPECIFIED.);
#13580 = CARTESIAN_POINT('',(1.570796326795,12.183974596216));
#13581 = CARTESIAN_POINT('',(1.551333175046,12.200830180068));
#13582 = CARTESIAN_POINT('',(1.532405356883,12.218796863657));
#13583 = CARTESIAN_POINT('',(1.514035352218,12.237819135278));
#13584 = CARTESIAN_POINT('',(1.496246824722,12.257836923489));
#13585 = CARTESIAN_POINT('',(1.479063968477,12.27878530064));
#13586 = CARTESIAN_POINT('',(1.42538342917,12.349509924352));
#13587 = CARTESIAN_POINT('',(1.391434315249,12.40274144894));
#13588 = CARTESIAN_POINT('',(1.360786886478,12.459681954637));
#13589 = CARTESIAN_POINT('',(1.333599037605,12.519764577557));
#13590 = CARTESIAN_POINT('',(1.310038981017,12.582454114621));
#13591 = CARTESIAN_POINT('',(1.27083267345,12.710878325726));
#13592 = CARTESIAN_POINT('',(1.255029858167,12.77661791185));
#13593 = CARTESIAN_POINT('',(1.243037222041,12.843906082927));
#13594 = CARTESIAN_POINT('',(1.234989386963,12.912224866249));
#13595 = CARTESIAN_POINT('',(1.230959417341,12.981083733429));
#13596 = CARTESIAN_POINT('',(1.230959417341,13.118791025426));
#13597 = CARTESIAN_POINT('',(1.234974753633,13.18752509804));
#13598 = CARTESIAN_POINT('',(1.242993436666,13.255722002299));
#13599 = CARTESIAN_POINT('',(1.25494290789,13.322893754187));
#13600 = CARTESIAN_POINT('',(1.270689441277,13.388525165574));
#13601 = CARTESIAN_POINT('',(1.309900123879,13.517220208088));
#13602 = CARTESIAN_POINT('',(1.333574857076,13.580258837487));
#13603 = CARTESIAN_POINT('',(1.360916988285,13.640663421707));
#13604 = CARTESIAN_POINT('',(1.391755393642,13.697889888768));
#13605 = CARTESIAN_POINT('',(1.425929488618,13.751361921433));
#13606 = CARTESIAN_POINT('',(1.479758510214,13.822060340556));
#13607 = CARTESIAN_POINT('',(1.496821892275,13.842809562665));
#13608 = CARTESIAN_POINT('',(1.514480710382,13.862641725691));
#13609 = CARTESIAN_POINT('',(1.532711300903,13.881493448));
#13610 = CARTESIAN_POINT('',(1.551490510972,13.899306076841));
#13611 = CARTESIAN_POINT('',(1.570796326795,13.916025403784));
#13612 = ( GEOMETRIC_REPRESENTATION_CONTEXT(2) 
PARAMETRIC_REPRESENTATION_CONTEXT() REPRESENTATION_CONTEXT('2D SPACE',''
  ) );
#13613 = PCURVE('',#13527,#13614);
#13614 = DEFINITIONAL_REPRESENTATION('',(#13615),#13648);
#13615 = B_SPLINE_CURVE_WITH_KNOTS('',6,(#13616,#13617,#13618,#13619,
    #13620,#13621,#13622,#13623,#13624,#13625,#13626,#13627,#13628,
    #13629,#13630,#13631,#13632,#13633,#13634,#13635,#13636,#13637,
    #13638,#13639,#13640,#13641,#13642,#13643,#13644,#13645,#13646,
    #13647),.UNSPECIFIED.,.F.,.F.,(7,5,5,5,5,5,7),(0.,9.18072376752E-02,
    0.297724166853,0.500001587998,0.701911411519,0.908935963943,1.),
  .UNSPECIFIED.);
#13616 = CARTESIAN_POINT('',(3.665191429188,-1.64));
#13617 = CARTESIAN_POINT('',(3.698902596892,-1.64));
#13618 = CARTESIAN_POINT('',(3.732473910334,-1.639318145484));
#13619 = CARTESIAN_POINT('',(3.765900062126,-1.638024712432));
#13620 = CARTESIAN_POINT('',(3.79917400654,-1.636192941694));
#13621 = CARTESIAN_POINT('',(3.83228635471,-1.633897723563));
#13622 = CARTESIAN_POINT('',(3.939103229417,-1.625195519674));
#13623 = CARTESIAN_POINT('',(4.012086698474,-1.617225827215));
#13624 = CARTESIAN_POINT('',(4.084321560836,-1.608129511825));
#13625 = CARTESIAN_POINT('',(4.155942436138,-1.598683348058));
#13626 = CARTESIAN_POINT('',(4.227078093921,-1.589574935815));
#13627 = CARTESIAN_POINT('',(4.367385643209,-1.573292357539));
#13628 = CARTESIAN_POINT('',(4.436655559764,-1.566076505458));
#13629 = CARTESIAN_POINT('',(4.505705693485,-1.560252477474));
#13630 = CARTESIAN_POINT('',(4.574613903429,-1.556228543339));
#13631 = CARTESIAN_POINT('',(4.643472713814,-1.554213562373));
#13632 = CARTESIAN_POINT('',(4.781180005811,-1.554213562373));
#13633 = CARTESIAN_POINT('',(4.849914022187,-1.556221226743));
#13634 = CARTESIAN_POINT('',(4.918697144306,-1.560230584542));
#13635 = CARTESIAN_POINT('',(4.987621302063,-1.566034279479));
#13636 = CARTESIAN_POINT('',(5.056763849191,-1.573226939285));
#13637 = CARTESIAN_POINT('',(5.197320484467,-1.589523285973));
#13638 = CARTESIAN_POINT('',(5.268837452886,-1.598681616972));
#13639 = CARTESIAN_POINT('',(5.34084469873,-1.608183050552));
#13640 = CARTESIAN_POINT('',(5.413472842219,-1.617328620868));
#13641 = CARTESIAN_POINT('',(5.486858535199,-1.625328343036));
#13642 = CARTESIAN_POINT('',(5.593829362141,-1.633990136905));
#13643 = CARTESIAN_POINT('',(5.62667926672,-1.636251923584));
#13644 = CARTESIAN_POINT('',(5.659688109367,-1.63805594613));
#13645 = CARTESIAN_POINT('',(5.692846639454,-1.639329124832));
#13646 = CARTESIAN_POINT('',(5.726147877694,-1.64));
#13647 = CARTESIAN_POINT('',(5.759586531581,-1.64));
#13648 = ( GEOMETRIC_REPRESENTATION_CONTEXT(2) 
PARAMETRIC_REPRESENTATION_CONTEXT() REPRESENTATION_CONTEXT('2D SPACE',''
  ) );
#13649 = ORIENTED_EDGE('',*,*,#13477,.T.);
#13650 = ADVANCED_FACE('',(#13651),#13527,.T.);
#13651 = FACE_BOUND('',#13652,.T.);
#13652 = EDGE_LOOP('',(#13653,#13654));
#13653 = ORIENTED_EDGE('',*,*,#13542,.F.);
#13654 = ORIENTED_EDGE('',*,*,#13512,.T.);
#13655 = ORIENTED_CLOSED_SHELL('',*,#13656,.F.);
#13656 = CLOSED_SHELL('',(#13657,#13750,#13916,#13942));
#13657 = ADVANCED_FACE('',(#13658),#13672,.F.);
#13658 = FACE_BOUND('',#13659,.F.);
#13659 = EDGE_LOOP('',(#13660,#13695,#13724));
#13660 = ORIENTED_EDGE('',*,*,#13661,.F.);
#13661 = EDGE_CURVE('',#13662,#13664,#13666,.T.);
#13662 = VERTEX_POINT('',#13663);
#13663 = CARTESIAN_POINT('',(173.84154399089,-18.95287967496,10.));
#13664 = VERTEX_POINT('',#13665);
#13665 = CARTESIAN_POINT('',(173.875,-18.95287967496,10.));
#13666 = SURFACE_CURVE('',#13667,(#13671,#13683),.PCURVE_S1.);
#13667 = LINE('',#13668,#13669);
#13668 = CARTESIAN_POINT('',(149.45,-18.95287967496,10.));
#13669 = VECTOR('',#13670,1.);
#13670 = DIRECTION('',(1.,0.,0.));
#13671 = PCURVE('',#13672,#13677);
#13672 = PLANE('',#13673);
#13673 = AXIS2_PLACEMENT_3D('',#13674,#13675,#13676);
#13674 = CARTESIAN_POINT('',(160.,-30.,10.));
#13675 = DIRECTION('',(0.,0.,1.));
#13676 = DIRECTION('',(1.,0.,0.));
#13677 = DEFINITIONAL_REPRESENTATION('',(#13678),#13682);
#13678 = LINE('',#13679,#13680);
#13679 = CARTESIAN_POINT('',(-10.55,11.047120325031));
#13680 = VECTOR('',#13681,1.);
#13681 = DIRECTION('',(1.,0.));
#13682 = ( GEOMETRIC_REPRESENTATION_CONTEXT(2) 
PARAMETRIC_REPRESENTATION_CONTEXT() REPRESENTATION_CONTEXT('2D SPACE',''
  ) );
#13683 = PCURVE('',#13684,#13689);
#13684 = CYLINDRICAL_SURFACE('',#13685,1.5);
#13685 = AXIS2_PLACEMENT_3D('',#13686,#13687,#13688);
#13686 = CARTESIAN_POINT('',(149.45,-18.5,11.43));
#13687 = DIRECTION('',(1.,0.,0.));
#13688 = DIRECTION('',(0.,-1.,0.));
#13689 = DEFINITIONAL_REPRESENTATION('',(#13690),#13694);
#13690 = LINE('',#13691,#13692);
#13691 = CARTESIAN_POINT('',(1.264090554435,0.));
#13692 = VECTOR('',#13693,1.);
#13693 = DIRECTION('',(0.,1.));
#13694 = ( GEOMETRIC_REPRESENTATION_CONTEXT(2) 
PARAMETRIC_REPRESENTATION_CONTEXT() REPRESENTATION_CONTEXT('2D SPACE',''
  ) );
#13695 = ORIENTED_EDGE('',*,*,#13696,.T.);
#13696 = EDGE_CURVE('',#13662,#13697,#13699,.T.);
#13697 = VERTEX_POINT('',#13698);
#13698 = CARTESIAN_POINT('',(173.875,-18.99215674164,10.));
#13699 = SURFACE_CURVE('',#13700,(#13705,#13712),.PCURVE_S1.);
#13700 = CIRCLE('',#13701,1.5);
#13701 = AXIS2_PLACEMENT_3D('',#13702,#13703,#13704);
#13702 = CARTESIAN_POINT('',(175.,-18.,10.));
#13703 = DIRECTION('',(0.,0.,1.));
#13704 = DIRECTION('',(1.,0.,-0.));
#13705 = PCURVE('',#13672,#13706);
#13706 = DEFINITIONAL_REPRESENTATION('',(#13707),#13711);
#13707 = CIRCLE('',#13708,1.5);
#13708 = AXIS2_PLACEMENT_2D('',#13709,#13710);
#13709 = CARTESIAN_POINT('',(15.,12.));
#13710 = DIRECTION('',(1.,0.));
#13711 = ( GEOMETRIC_REPRESENTATION_CONTEXT(2) 
PARAMETRIC_REPRESENTATION_CONTEXT() REPRESENTATION_CONTEXT('2D SPACE',''
  ) );
#13712 = PCURVE('',#13713,#13718);
#13713 = CYLINDRICAL_SURFACE('',#13714,1.5);
#13714 = AXIS2_PLACEMENT_3D('',#13715,#13716,#13717);
#13715 = CARTESIAN_POINT('',(175.,-18.,11.57));
#13716 = DIRECTION('',(0.,0.,1.));
#13717 = DIRECTION('',(1.,0.,0.));
#13718 = DEFINITIONAL_REPRESENTATION('',(#13719),#13723);
#13719 = LINE('',#13720,#13721);
#13720 = CARTESIAN_POINT('',(0.,-1.57));
#13721 = VECTOR('',#13722,1.);
#13722 = DIRECTION('',(1.,0.));
#13723 = ( GEOMETRIC_REPRESENTATION_CONTEXT(2) 
PARAMETRIC_REPRESENTATION_CONTEXT() REPRESENTATION_CONTEXT('2D SPACE',''
  ) );
#13724 = ORIENTED_EDGE('',*,*,#13725,.T.);
#13725 = EDGE_CURVE('',#13697,#13664,#13726,.T.);
#13726 = SURFACE_CURVE('',#13727,(#13731,#13738),.PCURVE_S1.);
#13727 = LINE('',#13728,#13729);
#13728 = CARTESIAN_POINT('',(173.875,-24.75,10.));
#13729 = VECTOR('',#13730,1.);
#13730 = DIRECTION('',(0.,1.,0.));
#13731 = PCURVE('',#13672,#13732);
#13732 = DEFINITIONAL_REPRESENTATION('',(#13733),#13737);
#13733 = LINE('',#13734,#13735);
#13734 = CARTESIAN_POINT('',(13.875,5.25));
#13735 = VECTOR('',#13736,1.);
#13736 = DIRECTION('',(0.,1.));
#13737 = ( GEOMETRIC_REPRESENTATION_CONTEXT(2) 
PARAMETRIC_REPRESENTATION_CONTEXT() REPRESENTATION_CONTEXT('2D SPACE',''
  ) );
#13738 = PCURVE('',#13739,#13744);
#13739 = PLANE('',#13740);
#13740 = AXIS2_PLACEMENT_3D('',#13741,#13742,#13743);
#13741 = CARTESIAN_POINT('',(173.875,-19.5,6.));
#13742 = DIRECTION('',(1.,0.,0.));
#13743 = DIRECTION('',(0.,0.,1.));
#13744 = DEFINITIONAL_REPRESENTATION('',(#13745),#13749);
#13745 = LINE('',#13746,#13747);
#13746 = CARTESIAN_POINT('',(4.,5.25));
#13747 = VECTOR('',#13748,1.);
#13748 = DIRECTION('',(0.,-1.));
#13749 = ( GEOMETRIC_REPRESENTATION_CONTEXT(2) 
PARAMETRIC_REPRESENTATION_CONTEXT() REPRESENTATION_CONTEXT('2D SPACE',''
  ) );
#13750 = ADVANCED_FACE('',(#13751),#13684,.F.);
#13751 = FACE_BOUND('',#13752,.F.);
#13752 = EDGE_LOOP('',(#13753,#13893,#13894));
#13753 = ORIENTED_EDGE('',*,*,#13754,.F.);
#13754 = EDGE_CURVE('',#13662,#13755,#13757,.T.);
#13755 = VERTEX_POINT('',#13756);
#13756 = CARTESIAN_POINT('',(173.875,-18.99215674491,10.013037847567));
#13757 = SURFACE_CURVE('',#13758,(#13801,#13847),.PCURVE_S1.);
#13758 = B_SPLINE_CURVE_WITH_KNOTS('',6,(#13759,#13760,#13761,#13762,
    #13763,#13764,#13765,#13766,#13767,#13768,#13769,#13770,#13771,
    #13772,#13773,#13774,#13775,#13776,#13777,#13778,#13779,#13780,
    #13781,#13782,#13783,#13784,#13785,#13786,#13787,#13788,#13789,
    #13790,#13791,#13792,#13793,#13794,#13795,#13796,#13797,#13798,
    #13799,#13800),.UNSPECIFIED.,.F.,.F.,(7,5,5,5,5,5,5,5,7),(0.,
    9.441695019125E-02,0.262209158958,0.387774724569,0.500008313733,
    0.611274474114,0.738514745317,0.905848776131,1.),.UNSPECIFIED.);
#13759 = CARTESIAN_POINT('',(173.58578643762,-18.5,9.93));
#13760 = CARTESIAN_POINT('',(173.60713730945,-18.56038938501,9.93));
#13761 = CARTESIAN_POINT('',(173.63144133274,-18.61928471539,
    9.932917361885));
#13762 = CARTESIAN_POINT('',(173.65852094011,-18.67642952024,
    9.93848205845));
#13763 = CARTESIAN_POINT('',(173.68815653989,-18.73158911106,
    9.946393335238));
#13764 = CARTESIAN_POINT('',(173.72008469224,-18.78455503584,
    9.956323393381));
#13765 = CARTESIAN_POINT('',(173.81426195871,-18.92506307567,
    9.988531780406));
#13766 = CARTESIAN_POINT('',(173.88084824746,-19.00757159905,
    10.014429041263));
#13767 = CARTESIAN_POINT('',(173.95271921973,-19.08266569267,
    10.0438966757));
#13768 = CARTESIAN_POINT('',(174.02909767944,-19.15047231578,
    10.075476161307));
#13769 = CARTESIAN_POINT('',(174.10944382758,-19.21112740339,
    10.107814964847));
#13770 = CARTESIAN_POINT('',(174.25625860352,-19.30476204401,
    10.163300212128));
#13771 = CARTESIAN_POINT('',(174.32123303399,-19.34092994045,
    10.186750477588));
#13772 = CARTESIAN_POINT('',(174.38816532404,-19.37315583859,
    10.209311676026));
#13773 = CARTESIAN_POINT('',(174.45690601787,-19.40138584879,
    10.230375443222));
#13774 = CARTESIAN_POINT('',(174.52734765551,-19.42555094865,
    10.249314783381));
#13775 = CARTESIAN_POINT('',(174.66386998674,-19.46338210351,
    10.280033078504));
#13776 = CARTESIAN_POINT('',(174.72972062121,-19.4779184403,
    10.292381466669));
#13777 = CARTESIAN_POINT('',(174.7965605622,-19.48891827825,
    10.302054143692));
#13778 = CARTESIAN_POINT('',(174.86406031943,-19.49629593449,
    10.308653015312));
#13779 = CARTESIAN_POINT('',(174.93195500983,-19.5,10.31196601125));
#13780 = CARTESIAN_POINT('',(175.06745845735,-19.5,10.31196601125));
#13781 = CARTESIAN_POINT('',(175.13477205683,-19.49635951424,
    10.308709881614));
#13782 = CARTESIAN_POINT('',(175.20170047658,-19.48910766538,
    10.30222354082));
#13783 = CARTESIAN_POINT('',(175.26798414107,-19.4782944785,
    10.292712159495));
#13784 = CARTESIAN_POINT('',(175.33330136394,-19.46400347072,
    10.280561212133));
#13785 = CARTESIAN_POINT('',(175.47034997078,-19.42636590689,
    10.249950824018));
#13786 = CARTESIAN_POINT('',(175.54177609075,-19.40198087563,
    10.230809360365));
#13787 = CARTESIAN_POINT('',(175.61145887483,-19.37342023629,
    10.209474539747));
#13788 = CARTESIAN_POINT('',(175.67928636915,-19.34075564136,
    10.186599348974));
#13789 = CARTESIAN_POINT('',(175.74510219596,-19.30404331462,
    10.162817031801));
#13790 = CARTESIAN_POINT('',(175.89238987919,-19.20975585709,
    10.107079821496));
#13791 = CARTESIAN_POINT('',(175.97244825722,-19.1491316129,
    10.074839786093));
#13792 = CARTESIAN_POINT('',(176.04855442993,-19.0813903105,
    10.04337329005));
#13793 = CARTESIAN_POINT('',(176.12016812265,-19.00639871118,
    10.014024314651));
#13794 = CARTESIAN_POINT('',(176.18651517761,-18.92403388262,
    9.988241797123));
#13795 = CARTESIAN_POINT('',(176.28035550783,-18.78382402928,
    9.956186642995));
#13796 = CARTESIAN_POINT('',(176.31217067836,-18.73097995212,
    9.946306022196));
#13797 = CARTESIAN_POINT('',(176.34170444104,-18.67595433567,
    9.938435644866));
#13798 = CARTESIAN_POINT('',(176.36869458178,-18.61895579824,
    9.93290092648));
#13799 = CARTESIAN_POINT('',(176.39292294209,-18.5602189679,9.93));
#13800 = CARTESIAN_POINT('',(176.41421356237,-18.5,9.93));
#13801 = PCURVE('',#13684,#13802);
#13802 = DEFINITIONAL_REPRESENTATION('',(#13803),#13846);
#13803 = B_SPLINE_CURVE_WITH_KNOTS('',6,(#13804,#13805,#13806,#13807,
    #13808,#13809,#13810,#13811,#13812,#13813,#13814,#13815,#13816,
    #13817,#13818,#13819,#13820,#13821,#13822,#13823,#13824,#13825,
    #13826,#13827,#13828,#13829,#13830,#13831,#13832,#13833,#13834,
    #13835,#13836,#13837,#13838,#13839,#13840,#13841,#13842,#13843,
    #13844,#13845),.UNSPECIFIED.,.F.,.F.,(7,5,5,5,5,5,5,5,7),(0.,
    9.441695019125E-02,0.262209158958,0.387774724569,0.500008313733,
    0.611274474114,0.738514745317,0.905848776131,1.),.UNSPECIFIED.);
#13804 = CARTESIAN_POINT('',(1.570796326795,24.135786437627));
#13805 = CARTESIAN_POINT('',(1.530536736783,24.157137309456));
#13806 = CARTESIAN_POINT('',(1.491273214099,24.181441332743));
#13807 = CARTESIAN_POINT('',(1.453059150752,24.208520940113));
#13808 = CARTESIAN_POINT('',(1.41596279206,24.238156539897));
#13809 = CARTESIAN_POINT('',(1.380065698452,24.270084692244));
#13810 = CARTESIAN_POINT('',(1.283964156202,24.364261958719));
#13811 = CARTESIAN_POINT('',(1.226491343263,24.430848247465));
#13812 = CARTESIAN_POINT('',(1.172887100662,24.502719219739));
#13813 = CARTESIAN_POINT('',(1.123137203342,24.57909767944));
#13814 = CARTESIAN_POINT('',(1.077358724261,24.659443827588));
#13815 = CARTESIAN_POINT('',(1.004798990736,24.806258603527));
#13816 = CARTESIAN_POINT('',(0.976085699451,24.871233033998));
#13817 = CARTESIAN_POINT('',(0.949881620109,24.938165324045));
#13818 = CARTESIAN_POINT('',(0.926410709786,25.006906017875));
#13819 = CARTESIAN_POINT('',(0.90594533348,25.07734765551));
#13820 = CARTESIAN_POINT('',(0.873457319052,25.21386998674));
#13821 = CARTESIAN_POINT('',(0.860745015171,25.27972062121));
#13822 = CARTESIAN_POINT('',(0.850980643901,25.346560562199));
#13823 = CARTESIAN_POINT('',(0.844381638439,25.414060319437));
#13824 = CARTESIAN_POINT('',(0.841068670568,25.481955009835));
#13825 = CARTESIAN_POINT('',(0.841068670568,25.617458457359));
#13826 = CARTESIAN_POINT('',(0.844324773873,25.68477205683));
#13827 = CARTESIAN_POINT('',(0.85081124014,25.751700476582));
#13828 = CARTESIAN_POINT('',(0.860411204947,25.817984141071));
#13829 = CARTESIAN_POINT('',(0.872913792072,25.883301363945));
#13830 = CARTESIAN_POINT('',(0.905256279242,26.020349970785));
#13831 = CARTESIAN_POINT('',(0.925920143655,26.091776090759));
#13832 = CARTESIAN_POINT('',(0.949675464193,26.161458874838));
#13833 = CARTESIAN_POINT('',(0.97623825744,26.229286369156));
#13834 = CARTESIAN_POINT('',(1.00537540159,26.295102195962));
#13835 = CARTESIAN_POINT('',(1.078395220087,26.442389879198));
#13836 = CARTESIAN_POINT('',(1.124124658409,26.522448257227));
#13837 = CARTESIAN_POINT('',(1.173803716169,26.598554429935));
#13838 = CARTESIAN_POINT('',(1.227316378418,26.670168122652));
#13839 = CARTESIAN_POINT('',(1.28467612352,26.736515177614));
#13840 = CARTESIAN_POINT('',(1.380561091363,26.830355507835));
#13841 = CARTESIAN_POINT('',(1.416372472834,26.862170678361));
#13842 = CARTESIAN_POINT('',(1.45337692979,26.891704441047));
#13843 = CARTESIAN_POINT('',(1.491492491542,26.918694581781));
#13844 = CARTESIAN_POINT('',(1.53065034819,26.942922942091));
#13845 = CARTESIAN_POINT('',(1.570796326795,26.964213562373));
#13846 = ( GEOMETRIC_REPRESENTATION_CONTEXT(2) 
PARAMETRIC_REPRESENTATION_CONTEXT() REPRESENTATION_CONTEXT('2D SPACE',''
  ) );
#13847 = PCURVE('',#13713,#13848);
#13848 = DEFINITIONAL_REPRESENTATION('',(#13849),#13892);
#13849 = B_SPLINE_CURVE_WITH_KNOTS('',6,(#13850,#13851,#13852,#13853,
    #13854,#13855,#13856,#13857,#13858,#13859,#13860,#13861,#13862,
    #13863,#13864,#13865,#13866,#13867,#13868,#13869,#13870,#13871,
    #13872,#13873,#13874,#13875,#13876,#13877,#13878,#13879,#13880,
    #13881,#13882,#13883,#13884,#13885,#13886,#13887,#13888,#13889,
    #13890,#13891),.UNSPECIFIED.,.F.,.F.,(7,5,5,5,5,5,5,5,7),(0.,
    9.441695019125E-02,0.262209158958,0.387774724569,0.500008313733,
    0.611274474114,0.738514745317,0.905848776131,1.),.UNSPECIFIED.);
#13850 = CARTESIAN_POINT('',(3.481429563044,-1.64));
#13851 = CARTESIAN_POINT('',(3.524131306702,-1.64));
#13852 = CARTESIAN_POINT('',(3.566550266273,-1.637082638115));
#13853 = CARTESIAN_POINT('',(3.608625791707,-1.63151794155));
#13854 = CARTESIAN_POINT('',(3.650292686307,-1.623606664762));
#13855 = CARTESIAN_POINT('',(3.691475118386,-1.613676606619));
#13856 = CARTESIAN_POINT('',(3.80424206937,-1.581468219594));
#13857 = CARTESIAN_POINT('',(3.874648978234,-1.555570958736));
#13858 = CARTESIAN_POINT('',(3.943587590237,-1.5261033243));
#13859 = CARTESIAN_POINT('',(4.011352688037,-1.494523838693));
#13860 = CARTESIAN_POINT('',(4.078257512934,-1.462185035153));
#13861 = CARTESIAN_POINT('',(4.194345648721,-1.406699787872));
#13862 = CARTESIAN_POINT('',(4.243832122254,-1.383249522412));
#13863 = CARTESIAN_POINT('',(4.293226575921,-1.360688323974));
#13864 = CARTESIAN_POINT('',(4.342638300896,-1.339624556778));
#13865 = CARTESIAN_POINT('',(4.392196097035,-1.320685216619));
#13866 = CARTESIAN_POINT('',(4.486640773852,-1.289966921496));
#13867 = CARTESIAN_POINT('',(4.531534773913,-1.277618533331));
#13868 = CARTESIAN_POINT('',(4.576594463872,-1.267945856308));
#13869 = CARTESIAN_POINT('',(4.621762577203,-1.261346984688));
#13870 = CARTESIAN_POINT('',(4.667025653608,-1.25803398875));
#13871 = CARTESIAN_POINT('',(4.757361285291,-1.25803398875));
#13872 = CARTESIAN_POINT('',(4.80223697028,-1.261290118386));
#13873 = CARTESIAN_POINT('',(4.84701987181,-1.26777645918));
#13874 = CARTESIAN_POINT('',(4.891696015674,-1.277287840505));
#13875 = CARTESIAN_POINT('',(4.936209162737,-1.289438787867));
#13876 = CARTESIAN_POINT('',(5.030957734928,-1.320049175982));
#13877 = CARTESIAN_POINT('',(5.081180251993,-1.339190639635));
#13878 = CARTESIAN_POINT('',(5.131251484162,-1.360525460253));
#13879 = CARTESIAN_POINT('',(5.181305274978,-1.383400651026));
#13880 = CARTESIAN_POINT('',(5.231454771955,-1.407182968199));
#13881 = CARTESIAN_POINT('',(5.34804290987,-1.462920178504));
#13882 = CARTESIAN_POINT('',(5.414783935301,-1.495160213907));
#13883 = CARTESIAN_POINT('',(5.482386696718,-1.52662670995));
#13884 = CARTESIAN_POINT('',(5.551159925147,-1.555975685349));
#13885 = CARTESIAN_POINT('',(5.621394276575,-1.581758202877));
#13886 = CARTESIAN_POINT('',(5.733871060453,-1.613813357005));
#13887 = CARTESIAN_POINT('',(5.774945416574,-1.623693977804));
#13888 = CARTESIAN_POINT('',(5.816502109761,-1.631564355134));
#13889 = CARTESIAN_POINT('',(5.858464636504,-1.63709907352));
#13890 = CARTESIAN_POINT('',(5.900767157162,-1.64));
#13891 = CARTESIAN_POINT('',(5.943348397725,-1.64));
#13892 = ( GEOMETRIC_REPRESENTATION_CONTEXT(2) 
PARAMETRIC_REPRESENTATION_CONTEXT() REPRESENTATION_CONTEXT('2D SPACE',''
  ) );
#13893 = ORIENTED_EDGE('',*,*,#13661,.T.);
#13894 = ORIENTED_EDGE('',*,*,#13895,.F.);
#13895 = EDGE_CURVE('',#13755,#13664,#13896,.T.);
#13896 = SURFACE_CURVE('',#13897,(#13902,#13909),.PCURVE_S1.);
#13897 = CIRCLE('',#13898,1.5);
#13898 = AXIS2_PLACEMENT_3D('',#13899,#13900,#13901);
#13899 = CARTESIAN_POINT('',(173.875,-18.5,11.43));
#13900 = DIRECTION('',(1.,0.,0.));
#13901 = DIRECTION('',(0.,-1.,0.));
#13902 = PCURVE('',#13684,#13903);
#13903 = DEFINITIONAL_REPRESENTATION('',(#13904),#13908);
#13904 = LINE('',#13905,#13906);
#13905 = CARTESIAN_POINT('',(0.,24.425));
#13906 = VECTOR('',#13907,1.);
#13907 = DIRECTION('',(1.,0.));
#13908 = ( GEOMETRIC_REPRESENTATION_CONTEXT(2) 
PARAMETRIC_REPRESENTATION_CONTEXT() REPRESENTATION_CONTEXT('2D SPACE',''
  ) );
#13909 = PCURVE('',#13739,#13910);
#13910 = DEFINITIONAL_REPRESENTATION('',(#13911),#13915);
#13911 = CIRCLE('',#13912,1.5);
#13912 = AXIS2_PLACEMENT_2D('',#13913,#13914);
#13913 = CARTESIAN_POINT('',(5.43,-1.));
#13914 = DIRECTION('',(0.,1.));
#13915 = ( GEOMETRIC_REPRESENTATION_CONTEXT(2) 
PARAMETRIC_REPRESENTATION_CONTEXT() REPRESENTATION_CONTEXT('2D SPACE',''
  ) );
#13916 = ADVANCED_FACE('',(#13917),#13739,.T.);
#13917 = FACE_BOUND('',#13918,.T.);
#13918 = EDGE_LOOP('',(#13919,#13940,#13941));
#13919 = ORIENTED_EDGE('',*,*,#13920,.F.);
#13920 = EDGE_CURVE('',#13697,#13755,#13921,.T.);
#13921 = SURFACE_CURVE('',#13922,(#13926,#13933),.PCURVE_S1.);
#13922 = LINE('',#13923,#13924);
#13923 = CARTESIAN_POINT('',(173.875,-18.99215674164,11.57));
#13924 = VECTOR('',#13925,1.);
#13925 = DIRECTION('',(0.,0.,1.));
#13926 = PCURVE('',#13739,#13927);
#13927 = DEFINITIONAL_REPRESENTATION('',(#13928),#13932);
#13928 = LINE('',#13929,#13930);
#13929 = CARTESIAN_POINT('',(5.57,-0.507843258351));
#13930 = VECTOR('',#13931,1.);
#13931 = DIRECTION('',(1.,0.));
#13932 = ( GEOMETRIC_REPRESENTATION_CONTEXT(2) 
PARAMETRIC_REPRESENTATION_CONTEXT() REPRESENTATION_CONTEXT('2D SPACE',''
  ) );
#13933 = PCURVE('',#13713,#13934);
#13934 = DEFINITIONAL_REPRESENTATION('',(#13935),#13939);
#13935 = LINE('',#13936,#13937);
#13936 = CARTESIAN_POINT('',(3.864326901403,0.));
#13937 = VECTOR('',#13938,1.);
#13938 = DIRECTION('',(0.,1.));
#13939 = ( GEOMETRIC_REPRESENTATION_CONTEXT(2) 
PARAMETRIC_REPRESENTATION_CONTEXT() REPRESENTATION_CONTEXT('2D SPACE',''
  ) );
#13940 = ORIENTED_EDGE('',*,*,#13725,.T.);
#13941 = ORIENTED_EDGE('',*,*,#13895,.F.);
#13942 = ADVANCED_FACE('',(#13943),#13713,.T.);
#13943 = FACE_BOUND('',#13944,.T.);
#13944 = EDGE_LOOP('',(#13945,#13946,#13947));
#13945 = ORIENTED_EDGE('',*,*,#13754,.F.);
#13946 = ORIENTED_EDGE('',*,*,#13696,.T.);
#13947 = ORIENTED_EDGE('',*,*,#13920,.T.);
#13948 = ORIENTED_CLOSED_SHELL('',*,#13949,.F.);
#13949 = CLOSED_SHELL('',(#13950,#14043,#14209,#14235));
#13950 = ADVANCED_FACE('',(#13951),#13965,.F.);
#13951 = FACE_BOUND('',#13952,.F.);
#13952 = EDGE_LOOP('',(#13953,#13988,#14016));
#13953 = ORIENTED_EDGE('',*,*,#13954,.F.);
#13954 = EDGE_CURVE('',#13955,#13957,#13959,.T.);
#13955 = VERTEX_POINT('',#13956);
#13956 = CARTESIAN_POINT('',(176.125,-18.95287967496,10.));
#13957 = VERTEX_POINT('',#13958);
#13958 = CARTESIAN_POINT('',(176.1584560091,-18.95287967496,10.));
#13959 = SURFACE_CURVE('',#13960,(#13964,#13976),.PCURVE_S1.);
#13960 = LINE('',#13961,#13962);
#13961 = CARTESIAN_POINT('',(149.45,-18.95287967496,10.));
#13962 = VECTOR('',#13963,1.);
#13963 = DIRECTION('',(1.,0.,0.));
#13964 = PCURVE('',#13965,#13970);
#13965 = PLANE('',#13966);
#13966 = AXIS2_PLACEMENT_3D('',#13967,#13968,#13969);
#13967 = CARTESIAN_POINT('',(160.,-30.,10.));
#13968 = DIRECTION('',(0.,0.,1.));
#13969 = DIRECTION('',(1.,0.,0.));
#13970 = DEFINITIONAL_REPRESENTATION('',(#13971),#13975);
#13971 = LINE('',#13972,#13973);
#13972 = CARTESIAN_POINT('',(-10.55,11.047120325031));
#13973 = VECTOR('',#13974,1.);
#13974 = DIRECTION('',(1.,0.));
#13975 = ( GEOMETRIC_REPRESENTATION_CONTEXT(2) 
PARAMETRIC_REPRESENTATION_CONTEXT() REPRESENTATION_CONTEXT('2D SPACE',''
  ) );
#13976 = PCURVE('',#13977,#13982);
#13977 = CYLINDRICAL_SURFACE('',#13978,1.5);
#13978 = AXIS2_PLACEMENT_3D('',#13979,#13980,#13981);
#13979 = CARTESIAN_POINT('',(149.45,-18.5,11.43));
#13980 = DIRECTION('',(1.,0.,0.));
#13981 = DIRECTION('',(0.,-1.,0.));
#13982 = DEFINITIONAL_REPRESENTATION('',(#13983),#13987);
#13983 = LINE('',#13984,#13985);
#13984 = CARTESIAN_POINT('',(1.264090554435,0.));
#13985 = VECTOR('',#13986,1.);
#13986 = DIRECTION('',(0.,1.));
#13987 = ( GEOMETRIC_REPRESENTATION_CONTEXT(2) 
PARAMETRIC_REPRESENTATION_CONTEXT() REPRESENTATION_CONTEXT('2D SPACE',''
  ) );
#13988 = ORIENTED_EDGE('',*,*,#13989,.F.);
#13989 = EDGE_CURVE('',#13990,#13955,#13992,.T.);
#13990 = VERTEX_POINT('',#13991);
#13991 = CARTESIAN_POINT('',(176.125,-18.99215674164,10.));
#13992 = SURFACE_CURVE('',#13993,(#13997,#14004),.PCURVE_S1.);
#13993 = LINE('',#13994,#13995);
#13994 = CARTESIAN_POINT('',(176.125,-24.75,10.));
#13995 = VECTOR('',#13996,1.);
#13996 = DIRECTION('',(0.,1.,0.));
#13997 = PCURVE('',#13965,#13998);
#13998 = DEFINITIONAL_REPRESENTATION('',(#13999),#14003);
#13999 = LINE('',#14000,#14001);
#14000 = CARTESIAN_POINT('',(16.125,5.25));
#14001 = VECTOR('',#14002,1.);
#14002 = DIRECTION('',(0.,1.));
#14003 = ( GEOMETRIC_REPRESENTATION_CONTEXT(2) 
PARAMETRIC_REPRESENTATION_CONTEXT() REPRESENTATION_CONTEXT('2D SPACE',''
  ) );
#14004 = PCURVE('',#14005,#14010);
#14005 = PLANE('',#14006);
#14006 = AXIS2_PLACEMENT_3D('',#14007,#14008,#14009);
#14007 = CARTESIAN_POINT('',(176.125,-19.5,6.));
#14008 = DIRECTION('',(1.,0.,0.));
#14009 = DIRECTION('',(0.,0.,1.));
#14010 = DEFINITIONAL_REPRESENTATION('',(#14011),#14015);
#14011 = LINE('',#14012,#14013);
#14012 = CARTESIAN_POINT('',(4.,5.25));
#14013 = VECTOR('',#14014,1.);
#14014 = DIRECTION('',(0.,-1.));
#14015 = ( GEOMETRIC_REPRESENTATION_CONTEXT(2) 
PARAMETRIC_REPRESENTATION_CONTEXT() REPRESENTATION_CONTEXT('2D SPACE',''
  ) );
#14016 = ORIENTED_EDGE('',*,*,#14017,.T.);
#14017 = EDGE_CURVE('',#13990,#13957,#14018,.T.);
#14018 = SURFACE_CURVE('',#14019,(#14024,#14031),.PCURVE_S1.);
#14019 = CIRCLE('',#14020,1.5);
#14020 = AXIS2_PLACEMENT_3D('',#14021,#14022,#14023);
#14021 = CARTESIAN_POINT('',(175.,-18.,10.));
#14022 = DIRECTION('',(0.,0.,1.));
#14023 = DIRECTION('',(1.,0.,-0.));
#14024 = PCURVE('',#13965,#14025);
#14025 = DEFINITIONAL_REPRESENTATION('',(#14026),#14030);
#14026 = CIRCLE('',#14027,1.5);
#14027 = AXIS2_PLACEMENT_2D('',#14028,#14029);
#14028 = CARTESIAN_POINT('',(15.,12.));
#14029 = DIRECTION('',(1.,0.));
#14030 = ( GEOMETRIC_REPRESENTATION_CONTEXT(2) 
PARAMETRIC_REPRESENTATION_CONTEXT() REPRESENTATION_CONTEXT('2D SPACE',''
  ) );
#14031 = PCURVE('',#14032,#14037);
#14032 = CYLINDRICAL_SURFACE('',#14033,1.5);
#14033 = AXIS2_PLACEMENT_3D('',#14034,#14035,#14036);
#14034 = CARTESIAN_POINT('',(175.,-18.,11.57));
#14035 = DIRECTION('',(0.,0.,1.));
#14036 = DIRECTION('',(1.,0.,0.));
#14037 = DEFINITIONAL_REPRESENTATION('',(#14038),#14042);
#14038 = LINE('',#14039,#14040);
#14039 = CARTESIAN_POINT('',(0.,-1.57));
#14040 = VECTOR('',#14041,1.);
#14041 = DIRECTION('',(1.,0.));
#14042 = ( GEOMETRIC_REPRESENTATION_CONTEXT(2) 
PARAMETRIC_REPRESENTATION_CONTEXT() REPRESENTATION_CONTEXT('2D SPACE',''
  ) );
#14043 = ADVANCED_FACE('',(#14044),#13977,.F.);
#14044 = FACE_BOUND('',#14045,.F.);
#14045 = EDGE_LOOP('',(#14046,#14070,#14071));
#14046 = ORIENTED_EDGE('',*,*,#14047,.T.);
#14047 = EDGE_CURVE('',#14048,#13955,#14050,.T.);
#14048 = VERTEX_POINT('',#14049);
#14049 = CARTESIAN_POINT('',(176.125,-18.99215674557,10.013037847463));
#14050 = SURFACE_CURVE('',#14051,(#14056,#14063),.PCURVE_S1.);
#14051 = CIRCLE('',#14052,1.5);
#14052 = AXIS2_PLACEMENT_3D('',#14053,#14054,#14055);
#14053 = CARTESIAN_POINT('',(176.125,-18.5,11.43));
#14054 = DIRECTION('',(1.,0.,0.));
#14055 = DIRECTION('',(0.,-1.,0.));
#14056 = PCURVE('',#13977,#14057);
#14057 = DEFINITIONAL_REPRESENTATION('',(#14058),#14062);
#14058 = LINE('',#14059,#14060);
#14059 = CARTESIAN_POINT('',(0.,26.675));
#14060 = VECTOR('',#14061,1.);
#14061 = DIRECTION('',(1.,0.));
#14062 = ( GEOMETRIC_REPRESENTATION_CONTEXT(2) 
PARAMETRIC_REPRESENTATION_CONTEXT() REPRESENTATION_CONTEXT('2D SPACE',''
  ) );
#14063 = PCURVE('',#14005,#14064);
#14064 = DEFINITIONAL_REPRESENTATION('',(#14065),#14069);
#14065 = CIRCLE('',#14066,1.5);
#14066 = AXIS2_PLACEMENT_2D('',#14067,#14068);
#14067 = CARTESIAN_POINT('',(5.43,-1.));
#14068 = DIRECTION('',(0.,1.));
#14069 = ( GEOMETRIC_REPRESENTATION_CONTEXT(2) 
PARAMETRIC_REPRESENTATION_CONTEXT() REPRESENTATION_CONTEXT('2D SPACE',''
  ) );
#14070 = ORIENTED_EDGE('',*,*,#13954,.T.);
#14071 = ORIENTED_EDGE('',*,*,#14072,.F.);
#14072 = EDGE_CURVE('',#14048,#13957,#14073,.T.);
#14073 = SURFACE_CURVE('',#14074,(#14117,#14163),.PCURVE_S1.);
#14074 = B_SPLINE_CURVE_WITH_KNOTS('',6,(#14075,#14076,#14077,#14078,
    #14079,#14080,#14081,#14082,#14083,#14084,#14085,#14086,#14087,
    #14088,#14089,#14090,#14091,#14092,#14093,#14094,#14095,#14096,
    #14097,#14098,#14099,#14100,#14101,#14102,#14103,#14104,#14105,
    #14106,#14107,#14108,#14109,#14110,#14111,#14112,#14113,#14114,
    #14115,#14116),.UNSPECIFIED.,.F.,.F.,(7,5,5,5,5,5,5,5,7),(0.,
    9.441695019125E-02,0.262209158958,0.387774724569,0.500008313733,
    0.611274474114,0.738514745317,0.905848776131,1.),.UNSPECIFIED.);
#14075 = CARTESIAN_POINT('',(173.58578643762,-18.5,9.93));
#14076 = CARTESIAN_POINT('',(173.60713730945,-18.56038938501,9.93));
#14077 = CARTESIAN_POINT('',(173.63144133274,-18.61928471539,
    9.932917361885));
#14078 = CARTESIAN_POINT('',(173.65852094011,-18.67642952024,
    9.93848205845));
#14079 = CARTESIAN_POINT('',(173.68815653989,-18.73158911106,
    9.946393335238));
#14080 = CARTESIAN_POINT('',(173.72008469224,-18.78455503584,
    9.956323393381));
#14081 = CARTESIAN_POINT('',(173.81426195871,-18.92506307567,
    9.988531780406));
#14082 = CARTESIAN_POINT('',(173.88084824746,-19.00757159905,
    10.014429041263));
#14083 = CARTESIAN_POINT('',(173.95271921973,-19.08266569267,
    10.0438966757));
#14084 = CARTESIAN_POINT('',(174.02909767944,-19.15047231578,
    10.075476161307));
#14085 = CARTESIAN_POINT('',(174.10944382758,-19.21112740339,
    10.107814964847));
#14086 = CARTESIAN_POINT('',(174.25625860352,-19.30476204401,
    10.163300212128));
#14087 = CARTESIAN_POINT('',(174.32123303399,-19.34092994045,
    10.186750477588));
#14088 = CARTESIAN_POINT('',(174.38816532404,-19.37315583859,
    10.209311676026));
#14089 = CARTESIAN_POINT('',(174.45690601787,-19.40138584879,
    10.230375443222));
#14090 = CARTESIAN_POINT('',(174.52734765551,-19.42555094865,
    10.249314783381));
#14091 = CARTESIAN_POINT('',(174.66386998674,-19.46338210351,
    10.280033078504));
#14092 = CARTESIAN_POINT('',(174.72972062121,-19.4779184403,
    10.292381466669));
#14093 = CARTESIAN_POINT('',(174.7965605622,-19.48891827825,
    10.302054143692));
#14094 = CARTESIAN_POINT('',(174.86406031943,-19.49629593449,
    10.308653015312));
#14095 = CARTESIAN_POINT('',(174.93195500983,-19.5,10.31196601125));
#14096 = CARTESIAN_POINT('',(175.06745845735,-19.5,10.31196601125));
#14097 = CARTESIAN_POINT('',(175.13477205683,-19.49635951424,
    10.308709881614));
#14098 = CARTESIAN_POINT('',(175.20170047658,-19.48910766538,
    10.30222354082));
#14099 = CARTESIAN_POINT('',(175.26798414107,-19.4782944785,
    10.292712159495));
#14100 = CARTESIAN_POINT('',(175.33330136394,-19.46400347072,
    10.280561212133));
#14101 = CARTESIAN_POINT('',(175.47034997078,-19.42636590689,
    10.249950824018));
#14102 = CARTESIAN_POINT('',(175.54177609075,-19.40198087563,
    10.230809360365));
#14103 = CARTESIAN_POINT('',(175.61145887483,-19.37342023629,
    10.209474539747));
#14104 = CARTESIAN_POINT('',(175.67928636915,-19.34075564136,
    10.186599348974));
#14105 = CARTESIAN_POINT('',(175.74510219596,-19.30404331462,
    10.162817031801));
#14106 = CARTESIAN_POINT('',(175.89238987919,-19.20975585709,
    10.107079821496));
#14107 = CARTESIAN_POINT('',(175.97244825722,-19.1491316129,
    10.074839786093));
#14108 = CARTESIAN_POINT('',(176.04855442993,-19.0813903105,
    10.04337329005));
#14109 = CARTESIAN_POINT('',(176.12016812265,-19.00639871118,
    10.014024314651));
#14110 = CARTESIAN_POINT('',(176.18651517761,-18.92403388262,
    9.988241797123));
#14111 = CARTESIAN_POINT('',(176.28035550783,-18.78382402928,
    9.956186642995));
#14112 = CARTESIAN_POINT('',(176.31217067836,-18.73097995212,
    9.946306022196));
#14113 = CARTESIAN_POINT('',(176.34170444104,-18.67595433567,
    9.938435644866));
#14114 = CARTESIAN_POINT('',(176.36869458178,-18.61895579824,
    9.93290092648));
#14115 = CARTESIAN_POINT('',(176.39292294209,-18.5602189679,9.93));
#14116 = CARTESIAN_POINT('',(176.41421356237,-18.5,9.93));
#14117 = PCURVE('',#13977,#14118);
#14118 = DEFINITIONAL_REPRESENTATION('',(#14119),#14162);
#14119 = B_SPLINE_CURVE_WITH_KNOTS('',6,(#14120,#14121,#14122,#14123,
    #14124,#14125,#14126,#14127,#14128,#14129,#14130,#14131,#14132,
    #14133,#14134,#14135,#14136,#14137,#14138,#14139,#14140,#14141,
    #14142,#14143,#14144,#14145,#14146,#14147,#14148,#14149,#14150,
    #14151,#14152,#14153,#14154,#14155,#14156,#14157,#14158,#14159,
    #14160,#14161),.UNSPECIFIED.,.F.,.F.,(7,5,5,5,5,5,5,5,7),(0.,
    9.441695019125E-02,0.262209158958,0.387774724569,0.500008313733,
    0.611274474114,0.738514745317,0.905848776131,1.),.UNSPECIFIED.);
#14120 = CARTESIAN_POINT('',(1.570796326795,24.135786437627));
#14121 = CARTESIAN_POINT('',(1.530536736783,24.157137309456));
#14122 = CARTESIAN_POINT('',(1.491273214099,24.181441332743));
#14123 = CARTESIAN_POINT('',(1.453059150752,24.208520940113));
#14124 = CARTESIAN_POINT('',(1.41596279206,24.238156539897));
#14125 = CARTESIAN_POINT('',(1.380065698452,24.270084692244));
#14126 = CARTESIAN_POINT('',(1.283964156202,24.364261958719));
#14127 = CARTESIAN_POINT('',(1.226491343263,24.430848247465));
#14128 = CARTESIAN_POINT('',(1.172887100662,24.502719219739));
#14129 = CARTESIAN_POINT('',(1.123137203342,24.57909767944));
#14130 = CARTESIAN_POINT('',(1.077358724261,24.659443827588));
#14131 = CARTESIAN_POINT('',(1.004798990736,24.806258603527));
#14132 = CARTESIAN_POINT('',(0.976085699451,24.871233033998));
#14133 = CARTESIAN_POINT('',(0.949881620109,24.938165324045));
#14134 = CARTESIAN_POINT('',(0.926410709786,25.006906017875));
#14135 = CARTESIAN_POINT('',(0.90594533348,25.07734765551));
#14136 = CARTESIAN_POINT('',(0.873457319052,25.21386998674));
#14137 = CARTESIAN_POINT('',(0.860745015171,25.27972062121));
#14138 = CARTESIAN_POINT('',(0.850980643901,25.346560562199));
#14139 = CARTESIAN_POINT('',(0.844381638439,25.414060319437));
#14140 = CARTESIAN_POINT('',(0.841068670568,25.481955009835));
#14141 = CARTESIAN_POINT('',(0.841068670568,25.617458457359));
#14142 = CARTESIAN_POINT('',(0.844324773873,25.68477205683));
#14143 = CARTESIAN_POINT('',(0.85081124014,25.751700476582));
#14144 = CARTESIAN_POINT('',(0.860411204947,25.817984141071));
#14145 = CARTESIAN_POINT('',(0.872913792072,25.883301363945));
#14146 = CARTESIAN_POINT('',(0.905256279242,26.020349970785));
#14147 = CARTESIAN_POINT('',(0.925920143655,26.091776090759));
#14148 = CARTESIAN_POINT('',(0.949675464193,26.161458874838));
#14149 = CARTESIAN_POINT('',(0.97623825744,26.229286369156));
#14150 = CARTESIAN_POINT('',(1.00537540159,26.295102195962));
#14151 = CARTESIAN_POINT('',(1.078395220087,26.442389879198));
#14152 = CARTESIAN_POINT('',(1.124124658409,26.522448257227));
#14153 = CARTESIAN_POINT('',(1.173803716169,26.598554429935));
#14154 = CARTESIAN_POINT('',(1.227316378418,26.670168122652));
#14155 = CARTESIAN_POINT('',(1.28467612352,26.736515177614));
#14156 = CARTESIAN_POINT('',(1.380561091363,26.830355507835));
#14157 = CARTESIAN_POINT('',(1.416372472834,26.862170678361));
#14158 = CARTESIAN_POINT('',(1.45337692979,26.891704441047));
#14159 = CARTESIAN_POINT('',(1.491492491542,26.918694581781));
#14160 = CARTESIAN_POINT('',(1.53065034819,26.942922942091));
#14161 = CARTESIAN_POINT('',(1.570796326795,26.964213562373));
#14162 = ( GEOMETRIC_REPRESENTATION_CONTEXT(2) 
PARAMETRIC_REPRESENTATION_CONTEXT() REPRESENTATION_CONTEXT('2D SPACE',''
  ) );
#14163 = PCURVE('',#14032,#14164);
#14164 = DEFINITIONAL_REPRESENTATION('',(#14165),#14208);
#14165 = B_SPLINE_CURVE_WITH_KNOTS('',6,(#14166,#14167,#14168,#14169,
    #14170,#14171,#14172,#14173,#14174,#14175,#14176,#14177,#14178,
    #14179,#14180,#14181,#14182,#14183,#14184,#14185,#14186,#14187,
    #14188,#14189,#14190,#14191,#14192,#14193,#14194,#14195,#14196,
    #14197,#14198,#14199,#14200,#14201,#14202,#14203,#14204,#14205,
    #14206,#14207),.UNSPECIFIED.,.F.,.F.,(7,5,5,5,5,5,5,5,7),(0.,
    9.441695019125E-02,0.262209158958,0.387774724569,0.500008313733,
    0.611274474114,0.738514745317,0.905848776131,1.),.UNSPECIFIED.);
#14166 = CARTESIAN_POINT('',(3.481429563044,-1.64));
#14167 = CARTESIAN_POINT('',(3.524131306702,-1.64));
#14168 = CARTESIAN_POINT('',(3.566550266273,-1.637082638115));
#14169 = CARTESIAN_POINT('',(3.608625791707,-1.63151794155));
#14170 = CARTESIAN_POINT('',(3.650292686307,-1.623606664762));
#14171 = CARTESIAN_POINT('',(3.691475118386,-1.613676606619));
#14172 = CARTESIAN_POINT('',(3.80424206937,-1.581468219594));
#14173 = CARTESIAN_POINT('',(3.874648978234,-1.555570958736));
#14174 = CARTESIAN_POINT('',(3.943587590237,-1.5261033243));
#14175 = CARTESIAN_POINT('',(4.011352688037,-1.494523838693));
#14176 = CARTESIAN_POINT('',(4.078257512934,-1.462185035153));
#14177 = CARTESIAN_POINT('',(4.194345648721,-1.406699787872));
#14178 = CARTESIAN_POINT('',(4.243832122254,-1.383249522412));
#14179 = CARTESIAN_POINT('',(4.293226575921,-1.360688323974));
#14180 = CARTESIAN_POINT('',(4.342638300896,-1.339624556778));
#14181 = CARTESIAN_POINT('',(4.392196097035,-1.320685216619));
#14182 = CARTESIAN_POINT('',(4.486640773852,-1.289966921496));
#14183 = CARTESIAN_POINT('',(4.531534773913,-1.277618533331));
#14184 = CARTESIAN_POINT('',(4.576594463872,-1.267945856308));
#14185 = CARTESIAN_POINT('',(4.621762577203,-1.261346984688));
#14186 = CARTESIAN_POINT('',(4.667025653608,-1.25803398875));
#14187 = CARTESIAN_POINT('',(4.757361285291,-1.25803398875));
#14188 = CARTESIAN_POINT('',(4.80223697028,-1.261290118386));
#14189 = CARTESIAN_POINT('',(4.84701987181,-1.26777645918));
#14190 = CARTESIAN_POINT('',(4.891696015674,-1.277287840505));
#14191 = CARTESIAN_POINT('',(4.936209162737,-1.289438787867));
#14192 = CARTESIAN_POINT('',(5.030957734928,-1.320049175982));
#14193 = CARTESIAN_POINT('',(5.081180251993,-1.339190639635));
#14194 = CARTESIAN_POINT('',(5.131251484162,-1.360525460253));
#14195 = CARTESIAN_POINT('',(5.181305274978,-1.383400651026));
#14196 = CARTESIAN_POINT('',(5.231454771955,-1.407182968199));
#14197 = CARTESIAN_POINT('',(5.34804290987,-1.462920178504));
#14198 = CARTESIAN_POINT('',(5.414783935301,-1.495160213907));
#14199 = CARTESIAN_POINT('',(5.482386696718,-1.52662670995));
#14200 = CARTESIAN_POINT('',(5.551159925147,-1.555975685349));
#14201 = CARTESIAN_POINT('',(5.621394276575,-1.581758202877));
#14202 = CARTESIAN_POINT('',(5.733871060453,-1.613813357005));
#14203 = CARTESIAN_POINT('',(5.774945416574,-1.623693977804));
#14204 = CARTESIAN_POINT('',(5.816502109761,-1.631564355134));
#14205 = CARTESIAN_POINT('',(5.858464636504,-1.63709907352));
#14206 = CARTESIAN_POINT('',(5.900767157162,-1.64));
#14207 = CARTESIAN_POINT('',(5.943348397725,-1.64));
#14208 = ( GEOMETRIC_REPRESENTATION_CONTEXT(2) 
PARAMETRIC_REPRESENTATION_CONTEXT() REPRESENTATION_CONTEXT('2D SPACE',''
  ) );
#14209 = ADVANCED_FACE('',(#14210),#14032,.T.);
#14210 = FACE_BOUND('',#14211,.T.);
#14211 = EDGE_LOOP('',(#14212,#14213,#14234));
#14212 = ORIENTED_EDGE('',*,*,#14072,.F.);
#14213 = ORIENTED_EDGE('',*,*,#14214,.F.);
#14214 = EDGE_CURVE('',#13990,#14048,#14215,.T.);
#14215 = SURFACE_CURVE('',#14216,(#14220,#14227),.PCURVE_S1.);
#14216 = LINE('',#14217,#14218);
#14217 = CARTESIAN_POINT('',(176.125,-18.99215674164,11.57));
#14218 = VECTOR('',#14219,1.);
#14219 = DIRECTION('',(0.,0.,1.));
#14220 = PCURVE('',#14032,#14221);
#14221 = DEFINITIONAL_REPRESENTATION('',(#14222),#14226);
#14222 = LINE('',#14223,#14224);
#14223 = CARTESIAN_POINT('',(5.560451059366,0.));
#14224 = VECTOR('',#14225,1.);
#14225 = DIRECTION('',(0.,1.));
#14226 = ( GEOMETRIC_REPRESENTATION_CONTEXT(2) 
PARAMETRIC_REPRESENTATION_CONTEXT() REPRESENTATION_CONTEXT('2D SPACE',''
  ) );
#14227 = PCURVE('',#14005,#14228);
#14228 = DEFINITIONAL_REPRESENTATION('',(#14229),#14233);
#14229 = LINE('',#14230,#14231);
#14230 = CARTESIAN_POINT('',(5.57,-0.507843258351));
#14231 = VECTOR('',#14232,1.);
#14232 = DIRECTION('',(1.,0.));
#14233 = ( GEOMETRIC_REPRESENTATION_CONTEXT(2) 
PARAMETRIC_REPRESENTATION_CONTEXT() REPRESENTATION_CONTEXT('2D SPACE',''
  ) );
#14234 = ORIENTED_EDGE('',*,*,#14017,.T.);
#14235 = ADVANCED_FACE('',(#14236),#14005,.F.);
#14236 = FACE_BOUND('',#14237,.F.);
#14237 = EDGE_LOOP('',(#14238,#14239,#14240));
#14238 = ORIENTED_EDGE('',*,*,#14214,.F.);
#14239 = ORIENTED_EDGE('',*,*,#13989,.T.);
#14240 = ORIENTED_EDGE('',*,*,#14047,.F.);
#14241 = ORIENTED_CLOSED_SHELL('',*,#14242,.F.);
#14242 = CLOSED_SHELL('',(#14243,#14308,#14420));
#14243 = ADVANCED_FACE('',(#14244),#14259,.F.);
#14244 = FACE_BOUND('',#14245,.F.);
#14245 = EDGE_LOOP('',(#14246,#14282));
#14246 = ORIENTED_EDGE('',*,*,#14247,.T.);
#14247 = EDGE_CURVE('',#14248,#14250,#14252,.T.);
#14248 = VERTEX_POINT('',#14249);
#14249 = CARTESIAN_POINT('',(187.19665147926,-18.95287967496,10.));
#14250 = VERTEX_POINT('',#14251);
#14251 = CARTESIAN_POINT('',(187.80334852073,-18.95287967496,10.));
#14252 = SURFACE_CURVE('',#14253,(#14258,#14270),.PCURVE_S1.);
#14253 = CIRCLE('',#14254,1.);
#14254 = AXIS2_PLACEMENT_3D('',#14255,#14256,#14257);
#14255 = CARTESIAN_POINT('',(187.5,-18.,10.));
#14256 = DIRECTION('',(0.,0.,1.));
#14257 = DIRECTION('',(1.,0.,-0.));
#14258 = PCURVE('',#14259,#14264);
#14259 = PLANE('',#14260);
#14260 = AXIS2_PLACEMENT_3D('',#14261,#14262,#14263);
#14261 = CARTESIAN_POINT('',(160.,-30.,10.));
#14262 = DIRECTION('',(0.,0.,1.));
#14263 = DIRECTION('',(1.,0.,0.));
#14264 = DEFINITIONAL_REPRESENTATION('',(#14265),#14269);
#14265 = CIRCLE('',#14266,1.);
#14266 = AXIS2_PLACEMENT_2D('',#14267,#14268);
#14267 = CARTESIAN_POINT('',(27.5,12.));
#14268 = DIRECTION('',(1.,0.));
#14269 = ( GEOMETRIC_REPRESENTATION_CONTEXT(2) 
PARAMETRIC_REPRESENTATION_CONTEXT() REPRESENTATION_CONTEXT('2D SPACE',''
  ) );
#14270 = PCURVE('',#14271,#14276);
#14271 = CYLINDRICAL_SURFACE('',#14272,1.);
#14272 = AXIS2_PLACEMENT_3D('',#14273,#14274,#14275);
#14273 = CARTESIAN_POINT('',(187.5,-18.,11.57));
#14274 = DIRECTION('',(0.,0.,1.));
#14275 = DIRECTION('',(1.,0.,0.));
#14276 = DEFINITIONAL_REPRESENTATION('',(#14277),#14281);
#14277 = LINE('',#14278,#14279);
#14278 = CARTESIAN_POINT('',(0.,-1.57));
#14279 = VECTOR('',#14280,1.);
#14280 = DIRECTION('',(1.,0.));
#14281 = ( GEOMETRIC_REPRESENTATION_CONTEXT(2) 
PARAMETRIC_REPRESENTATION_CONTEXT() REPRESENTATION_CONTEXT('2D SPACE',''
  ) );
#14282 = ORIENTED_EDGE('',*,*,#14283,.F.);
#14283 = EDGE_CURVE('',#14248,#14250,#14284,.T.);
#14284 = SURFACE_CURVE('',#14285,(#14289,#14296),.PCURVE_S1.);
#14285 = LINE('',#14286,#14287);
#14286 = CARTESIAN_POINT('',(149.45,-18.95287967496,10.));
#14287 = VECTOR('',#14288,1.);
#14288 = DIRECTION('',(1.,0.,0.));
#14289 = PCURVE('',#14259,#14290);
#14290 = DEFINITIONAL_REPRESENTATION('',(#14291),#14295);
#14291 = LINE('',#14292,#14293);
#14292 = CARTESIAN_POINT('',(-10.55,11.047120325031));
#14293 = VECTOR('',#14294,1.);
#14294 = DIRECTION('',(1.,0.));
#14295 = ( GEOMETRIC_REPRESENTATION_CONTEXT(2) 
PARAMETRIC_REPRESENTATION_CONTEXT() REPRESENTATION_CONTEXT('2D SPACE',''
  ) );
#14296 = PCURVE('',#14297,#14302);
#14297 = CYLINDRICAL_SURFACE('',#14298,1.5);
#14298 = AXIS2_PLACEMENT_3D('',#14299,#14300,#14301);
#14299 = CARTESIAN_POINT('',(149.45,-18.5,11.43));
#14300 = DIRECTION('',(1.,0.,0.));
#14301 = DIRECTION('',(0.,-1.,0.));
#14302 = DEFINITIONAL_REPRESENTATION('',(#14303),#14307);
#14303 = LINE('',#14304,#14305);
#14304 = CARTESIAN_POINT('',(1.264090554435,0.));
#14305 = VECTOR('',#14306,1.);
#14306 = DIRECTION('',(0.,1.));
#14307 = ( GEOMETRIC_REPRESENTATION_CONTEXT(2) 
PARAMETRIC_REPRESENTATION_CONTEXT() REPRESENTATION_CONTEXT('2D SPACE',''
  ) );
#14308 = ADVANCED_FACE('',(#14309),#14271,.T.);
#14309 = FACE_BOUND('',#14310,.T.);
#14310 = EDGE_LOOP('',(#14311,#14419));
#14311 = ORIENTED_EDGE('',*,*,#14312,.F.);
#14312 = EDGE_CURVE('',#14248,#14250,#14313,.T.);
#14313 = SURFACE_CURVE('',#14314,(#14347,#14383),.PCURVE_S1.);
#14314 = B_SPLINE_CURVE_WITH_KNOTS('',6,(#14315,#14316,#14317,#14318,
    #14319,#14320,#14321,#14322,#14323,#14324,#14325,#14326,#14327,
    #14328,#14329,#14330,#14331,#14332,#14333,#14334,#14335,#14336,
    #14337,#14338,#14339,#14340,#14341,#14342,#14343,#14344,#14345,
    #14346),.UNSPECIFIED.,.F.,.F.,(7,5,5,5,5,5,7),(0.,9.180723767525E-02
    ,0.297724166853,0.500001587998,0.701911411519,0.908935963943,1.),
  .UNSPECIFIED.);
#14315 = CARTESIAN_POINT('',(186.63397459621,-18.5,9.93));
#14316 = CARTESIAN_POINT('',(186.65083018006,-18.52919472762,9.93));
#14317 = CARTESIAN_POINT('',(186.66879686365,-18.55758646307,
    9.930681854516));
#14318 = CARTESIAN_POINT('',(186.68781913527,-18.58512154076,
    9.931975287568));
#14319 = CARTESIAN_POINT('',(186.70783692348,-18.6117501072,
    9.933807058306));
#14320 = CARTESIAN_POINT('',(186.72878530064,-18.63742672259,
    9.936102276437));
#14321 = CARTESIAN_POINT('',(186.79950992435,-18.71747590949,
    9.944804480326));
#14322 = CARTESIAN_POINT('',(186.85274144894,-18.76783335225,
    9.952774172785));
#14323 = CARTESIAN_POINT('',(186.90968195463,-18.81294709795,
    9.961870488175));
#14324 = CARTESIAN_POINT('',(186.96976457755,-18.85264457465,
    9.971316651942));
#14325 = CARTESIAN_POINT('',(187.03245411462,-18.88679791985,
    9.980425064185));
#14326 = CARTESIAN_POINT('',(187.16087832572,-18.94330836481,
    9.996707642461));
#14327 = CARTESIAN_POINT('',(187.22661791185,-18.96589787772,
    10.003923494542));
#14328 = CARTESIAN_POINT('',(187.29390608292,-18.98291963777,
    10.009747522526));
#14329 = CARTESIAN_POINT('',(187.36222486624,-18.99430069734,
    10.013771456661));
#14330 = CARTESIAN_POINT('',(187.43108373342,-19.,10.015786437627));
#14331 = CARTESIAN_POINT('',(187.56879102542,-19.,10.015786437627));
#14332 = CARTESIAN_POINT('',(187.63752509804,-18.99432139279,
    10.013778773257));
#14333 = CARTESIAN_POINT('',(187.70572200229,-18.98298155674,
    10.009769415458));
#14334 = CARTESIAN_POINT('',(187.77289375418,-18.96602129168,
    10.003965720521));
#14335 = CARTESIAN_POINT('',(187.83852516557,-18.94351310385,
    9.996773060715));
#14336 = CARTESIAN_POINT('',(187.96722020808,-18.88699979787,
    9.980476714027));
#14337 = CARTESIAN_POINT('',(188.03025883748,-18.85268166952,
    9.971318383028));
#14338 = CARTESIAN_POINT('',(188.0906634217,-18.81275909191,
    9.961816949448));
#14339 = CARTESIAN_POINT('',(188.14788988876,-18.76736207491,
    9.952671379132));
#14340 = CARTESIAN_POINT('',(188.20136192143,-18.71666641578,
    9.944671656964));
#14341 = CARTESIAN_POINT('',(188.27206034055,-18.63638882644,
    9.936009863095));
#14342 = CARTESIAN_POINT('',(188.29280956266,-18.61088924491,
    9.933748076416));
#14343 = CARTESIAN_POINT('',(188.31264172569,-18.58445398301,
    9.93194405387));
#14344 = CARTESIAN_POINT('',(188.331493448,-18.55712754692,
    9.930670875168));
#14345 = CARTESIAN_POINT('',(188.34930607684,-18.52895872373,9.93));
#14346 = CARTESIAN_POINT('',(188.36602540378,-18.5,9.93));
#14347 = PCURVE('',#14271,#14348);
#14348 = DEFINITIONAL_REPRESENTATION('',(#14349),#14382);
#14349 = B_SPLINE_CURVE_WITH_KNOTS('',6,(#14350,#14351,#14352,#14353,
    #14354,#14355,#14356,#14357,#14358,#14359,#14360,#14361,#14362,
    #14363,#14364,#14365,#14366,#14367,#14368,#14369,#14370,#14371,
    #14372,#14373,#14374,#14375,#14376,#14377,#14378,#14379,#14380,
    #14381),.UNSPECIFIED.,.F.,.F.,(7,5,5,5,5,5,7),(0.,9.180723767525E-02
    ,0.297724166853,0.500001587998,0.701911411519,0.908935963943,1.),
  .UNSPECIFIED.);
#14350 = CARTESIAN_POINT('',(3.665191429188,-1.64));
#14351 = CARTESIAN_POINT('',(3.698902596892,-1.64));
#14352 = CARTESIAN_POINT('',(3.732473910334,-1.639318145484));
#14353 = CARTESIAN_POINT('',(3.765900062126,-1.638024712432));
#14354 = CARTESIAN_POINT('',(3.79917400654,-1.636192941694));
#14355 = CARTESIAN_POINT('',(3.83228635471,-1.633897723563));
#14356 = CARTESIAN_POINT('',(3.939103229417,-1.625195519674));
#14357 = CARTESIAN_POINT('',(4.012086698474,-1.617225827215));
#14358 = CARTESIAN_POINT('',(4.084321560836,-1.608129511825));
#14359 = CARTESIAN_POINT('',(4.155942436138,-1.598683348058));
#14360 = CARTESIAN_POINT('',(4.227078093921,-1.589574935815));
#14361 = CARTESIAN_POINT('',(4.367385643209,-1.573292357539));
#14362 = CARTESIAN_POINT('',(4.436655559764,-1.566076505458));
#14363 = CARTESIAN_POINT('',(4.505705693486,-1.560252477474));
#14364 = CARTESIAN_POINT('',(4.574613903429,-1.556228543339));
#14365 = CARTESIAN_POINT('',(4.643472713814,-1.554213562373));
#14366 = CARTESIAN_POINT('',(4.781180005811,-1.554213562373));
#14367 = CARTESIAN_POINT('',(4.849914022187,-1.556221226743));
#14368 = CARTESIAN_POINT('',(4.918697144307,-1.560230584542));
#14369 = CARTESIAN_POINT('',(4.987621302063,-1.566034279479));
#14370 = CARTESIAN_POINT('',(5.056763849191,-1.573226939285));
#14371 = CARTESIAN_POINT('',(5.197320484467,-1.589523285973));
#14372 = CARTESIAN_POINT('',(5.268837452887,-1.598681616972));
#14373 = CARTESIAN_POINT('',(5.34084469873,-1.608183050552));
#14374 = CARTESIAN_POINT('',(5.41347284222,-1.617328620868));
#14375 = CARTESIAN_POINT('',(5.486858535199,-1.625328343036));
#14376 = CARTESIAN_POINT('',(5.593829362141,-1.633990136905));
#14377 = CARTESIAN_POINT('',(5.62667926672,-1.636251923584));
#14378 = CARTESIAN_POINT('',(5.659688109367,-1.63805594613));
#14379 = CARTESIAN_POINT('',(5.692846639454,-1.639329124832));
#14380 = CARTESIAN_POINT('',(5.726147877695,-1.64));
#14381 = CARTESIAN_POINT('',(5.759586531581,-1.64));
#14382 = ( GEOMETRIC_REPRESENTATION_CONTEXT(2) 
PARAMETRIC_REPRESENTATION_CONTEXT() REPRESENTATION_CONTEXT('2D SPACE',''
  ) );
#14383 = PCURVE('',#14297,#14384);
#14384 = DEFINITIONAL_REPRESENTATION('',(#14385),#14418);
#14385 = B_SPLINE_CURVE_WITH_KNOTS('',6,(#14386,#14387,#14388,#14389,
    #14390,#14391,#14392,#14393,#14394,#14395,#14396,#14397,#14398,
    #14399,#14400,#14401,#14402,#14403,#14404,#14405,#14406,#14407,
    #14408,#14409,#14410,#14411,#14412,#14413,#14414,#14415,#14416,
    #14417),.UNSPECIFIED.,.F.,.F.,(7,5,5,5,5,5,7),(0.,9.180723767525E-02
    ,0.297724166853,0.500001587998,0.701911411519,0.908935963943,1.),
  .UNSPECIFIED.);
#14386 = CARTESIAN_POINT('',(1.570796326795,37.183974596216));
#14387 = CARTESIAN_POINT('',(1.551333175046,37.200830180068));
#14388 = CARTESIAN_POINT('',(1.532405356883,37.218796863657));
#14389 = CARTESIAN_POINT('',(1.514035352218,37.237819135278));
#14390 = CARTESIAN_POINT('',(1.496246824722,37.257836923489));
#14391 = CARTESIAN_POINT('',(1.479063968477,37.27878530064));
#14392 = CARTESIAN_POINT('',(1.42538342917,37.349509924352));
#14393 = CARTESIAN_POINT('',(1.391434315249,37.40274144894));
#14394 = CARTESIAN_POINT('',(1.360786886478,37.459681954637));
#14395 = CARTESIAN_POINT('',(1.333599037605,37.519764577558));
#14396 = CARTESIAN_POINT('',(1.310038981017,37.582454114621));
#14397 = CARTESIAN_POINT('',(1.27083267345,37.710878325726));
#14398 = CARTESIAN_POINT('',(1.255029858167,37.77661791185));
#14399 = CARTESIAN_POINT('',(1.243037222041,37.843906082927));
#14400 = CARTESIAN_POINT('',(1.234989386963,37.912224866249));
#14401 = CARTESIAN_POINT('',(1.230959417341,37.981083733429));
#14402 = CARTESIAN_POINT('',(1.230959417341,38.118791025426));
#14403 = CARTESIAN_POINT('',(1.234974753633,38.18752509804));
#14404 = CARTESIAN_POINT('',(1.242993436666,38.255722002299));
#14405 = CARTESIAN_POINT('',(1.25494290789,38.322893754187));
#14406 = CARTESIAN_POINT('',(1.270689441277,38.388525165574));
#14407 = CARTESIAN_POINT('',(1.309900123879,38.517220208088));
#14408 = CARTESIAN_POINT('',(1.333574857076,38.580258837487));
#14409 = CARTESIAN_POINT('',(1.360916988285,38.640663421707));
#14410 = CARTESIAN_POINT('',(1.391755393642,38.697889888768));
#14411 = CARTESIAN_POINT('',(1.425929488619,38.751361921433));
#14412 = CARTESIAN_POINT('',(1.479758510214,38.822060340556));
#14413 = CARTESIAN_POINT('',(1.496821892275,38.842809562666));
#14414 = CARTESIAN_POINT('',(1.514480710382,38.862641725691));
#14415 = CARTESIAN_POINT('',(1.532711300903,38.881493448));
#14416 = CARTESIAN_POINT('',(1.551490510972,38.899306076841));
#14417 = CARTESIAN_POINT('',(1.570796326795,38.916025403784));
#14418 = ( GEOMETRIC_REPRESENTATION_CONTEXT(2) 
PARAMETRIC_REPRESENTATION_CONTEXT() REPRESENTATION_CONTEXT('2D SPACE',''
  ) );
#14419 = ORIENTED_EDGE('',*,*,#14247,.T.);
#14420 = ADVANCED_FACE('',(#14421),#14297,.F.);
#14421 = FACE_BOUND('',#14422,.F.);
#14422 = EDGE_LOOP('',(#14423,#14424));
#14423 = ORIENTED_EDGE('',*,*,#14312,.F.);
#14424 = ORIENTED_EDGE('',*,*,#14283,.T.);
#14425 = ORIENTED_CLOSED_SHELL('',*,#14426,.F.);
#14426 = CLOSED_SHELL('',(#14427,#14608,#14684,#14733,#14787,#14836,
    #14885,#14912));
#14427 = ADVANCED_FACE('',(#14428),#14442,.T.);
#14428 = FACE_BOUND('',#14429,.T.);
#14429 = EDGE_LOOP('',(#14430,#14465,#14493,#14521,#14549,#14582));
#14430 = ORIENTED_EDGE('',*,*,#14431,.F.);
#14431 = EDGE_CURVE('',#14432,#14434,#14436,.T.);
#14432 = VERTEX_POINT('',#14433);
#14433 = CARTESIAN_POINT('',(100.6,8.4,5.4));
#14434 = VERTEX_POINT('',#14435);
#14435 = CARTESIAN_POINT('',(128.,8.4,5.4));
#14436 = SURFACE_CURVE('',#14437,(#14441,#14453),.PCURVE_S1.);
#14437 = LINE('',#14438,#14439);
#14438 = CARTESIAN_POINT('',(100.6,8.4,5.4));
#14439 = VECTOR('',#14440,1.);
#14440 = DIRECTION('',(1.,0.,0.));
#14441 = PCURVE('',#14442,#14447);
#14442 = PLANE('',#14443);
#14443 = AXIS2_PLACEMENT_3D('',#14444,#14445,#14446);
#14444 = CARTESIAN_POINT('',(100.6,-8.4,5.4));
#14445 = DIRECTION('',(0.,0.,1.));
#14446 = DIRECTION('',(1.,0.,0.));
#14447 = DEFINITIONAL_REPRESENTATION('',(#14448),#14452);
#14448 = LINE('',#14449,#14450);
#14449 = CARTESIAN_POINT('',(0.,16.8));
#14450 = VECTOR('',#14451,1.);
#14451 = DIRECTION('',(1.,0.));
#14452 = ( GEOMETRIC_REPRESENTATION_CONTEXT(2) 
PARAMETRIC_REPRESENTATION_CONTEXT() REPRESENTATION_CONTEXT('2D SPACE',''
  ) );
#14453 = PCURVE('',#14454,#14459);
#14454 = PLANE('',#14455);
#14455 = AXIS2_PLACEMENT_3D('',#14456,#14457,#14458);
#14456 = CARTESIAN_POINT('',(100.6,8.4,-5.4));
#14457 = DIRECTION('',(0.,1.,0.));
#14458 = DIRECTION('',(0.,0.,1.));
#14459 = DEFINITIONAL_REPRESENTATION('',(#14460),#14464);
#14460 = LINE('',#14461,#14462);
#14461 = CARTESIAN_POINT('',(10.8,0.));
#14462 = VECTOR('',#14463,1.);
#14463 = DIRECTION('',(0.,1.));
#14464 = ( GEOMETRIC_REPRESENTATION_CONTEXT(2) 
PARAMETRIC_REPRESENTATION_CONTEXT() REPRESENTATION_CONTEXT('2D SPACE',''
  ) );
#14465 = ORIENTED_EDGE('',*,*,#14466,.F.);
#14466 = EDGE_CURVE('',#14467,#14432,#14469,.T.);
#14467 = VERTEX_POINT('',#14468);
#14468 = CARTESIAN_POINT('',(100.6,-8.4,5.4));
#14469 = SURFACE_CURVE('',#14470,(#14474,#14481),.PCURVE_S1.);
#14470 = LINE('',#14471,#14472);
#14471 = CARTESIAN_POINT('',(100.6,-8.4,5.4));
#14472 = VECTOR('',#14473,1.);
#14473 = DIRECTION('',(0.,1.,0.));
#14474 = PCURVE('',#14442,#14475);
#14475 = DEFINITIONAL_REPRESENTATION('',(#14476),#14480);
#14476 = LINE('',#14477,#14478);
#14477 = CARTESIAN_POINT('',(0.,0.));
#14478 = VECTOR('',#14479,1.);
#14479 = DIRECTION('',(0.,1.));
#14480 = ( GEOMETRIC_REPRESENTATION_CONTEXT(2) 
PARAMETRIC_REPRESENTATION_CONTEXT() REPRESENTATION_CONTEXT('2D SPACE',''
  ) );
#14481 = PCURVE('',#14482,#14487);
#14482 = PLANE('',#14483);
#14483 = AXIS2_PLACEMENT_3D('',#14484,#14485,#14486);
#14484 = CARTESIAN_POINT('',(100.6,-8.4,-5.4));
#14485 = DIRECTION('',(1.,0.,0.));
#14486 = DIRECTION('',(0.,0.,1.));
#14487 = DEFINITIONAL_REPRESENTATION('',(#14488),#14492);
#14488 = LINE('',#14489,#14490);
#14489 = CARTESIAN_POINT('',(10.8,0.));
#14490 = VECTOR('',#14491,1.);
#14491 = DIRECTION('',(0.,-1.));
#14492 = ( GEOMETRIC_REPRESENTATION_CONTEXT(2) 
PARAMETRIC_REPRESENTATION_CONTEXT() REPRESENTATION_CONTEXT('2D SPACE',''
  ) );
#14493 = ORIENTED_EDGE('',*,*,#14494,.T.);
#14494 = EDGE_CURVE('',#14467,#14495,#14497,.T.);
#14495 = VERTEX_POINT('',#14496);
#14496 = CARTESIAN_POINT('',(128.,-8.4,5.4));
#14497 = SURFACE_CURVE('',#14498,(#14502,#14509),.PCURVE_S1.);
#14498 = LINE('',#14499,#14500);
#14499 = CARTESIAN_POINT('',(100.6,-8.4,5.4));
#14500 = VECTOR('',#14501,1.);
#14501 = DIRECTION('',(1.,0.,0.));
#14502 = PCURVE('',#14442,#14503);
#14503 = DEFINITIONAL_REPRESENTATION('',(#14504),#14508);
#14504 = LINE('',#14505,#14506);
#14505 = CARTESIAN_POINT('',(0.,0.));
#14506 = VECTOR('',#14507,1.);
#14507 = DIRECTION('',(1.,0.));
#14508 = ( GEOMETRIC_REPRESENTATION_CONTEXT(2) 
PARAMETRIC_REPRESENTATION_CONTEXT() REPRESENTATION_CONTEXT('2D SPACE',''
  ) );
#14509 = PCURVE('',#14510,#14515);
#14510 = PLANE('',#14511);
#14511 = AXIS2_PLACEMENT_3D('',#14512,#14513,#14514);
#14512 = CARTESIAN_POINT('',(100.6,-8.4,-5.4));
#14513 = DIRECTION('',(0.,1.,0.));
#14514 = DIRECTION('',(0.,0.,1.));
#14515 = DEFINITIONAL_REPRESENTATION('',(#14516),#14520);
#14516 = LINE('',#14517,#14518);
#14517 = CARTESIAN_POINT('',(10.8,0.));
#14518 = VECTOR('',#14519,1.);
#14519 = DIRECTION('',(0.,1.));
#14520 = ( GEOMETRIC_REPRESENTATION_CONTEXT(2) 
PARAMETRIC_REPRESENTATION_CONTEXT() REPRESENTATION_CONTEXT('2D SPACE',''
  ) );
#14521 = ORIENTED_EDGE('',*,*,#14522,.T.);
#14522 = EDGE_CURVE('',#14495,#14523,#14525,.T.);
#14523 = VERTEX_POINT('',#14524);
#14524 = CARTESIAN_POINT('',(128.,-3.1,5.4));
#14525 = SURFACE_CURVE('',#14526,(#14530,#14537),.PCURVE_S1.);
#14526 = LINE('',#14527,#14528);
#14527 = CARTESIAN_POINT('',(128.,-12.2,5.4));
#14528 = VECTOR('',#14529,1.);
#14529 = DIRECTION('',(0.,1.,0.));
#14530 = PCURVE('',#14442,#14531);
#14531 = DEFINITIONAL_REPRESENTATION('',(#14532),#14536);
#14532 = LINE('',#14533,#14534);
#14533 = CARTESIAN_POINT('',(27.4,-3.8));
#14534 = VECTOR('',#14535,1.);
#14535 = DIRECTION('',(0.,1.));
#14536 = ( GEOMETRIC_REPRESENTATION_CONTEXT(2) 
PARAMETRIC_REPRESENTATION_CONTEXT() REPRESENTATION_CONTEXT('2D SPACE',''
  ) );
#14537 = PCURVE('',#14538,#14543);
#14538 = PLANE('',#14539);
#14539 = AXIS2_PLACEMENT_3D('',#14540,#14541,#14542);
#14540 = CARTESIAN_POINT('',(128.,-16.,-11.));
#14541 = DIRECTION('',(1.,0.,0.));
#14542 = DIRECTION('',(0.,0.,1.));
#14543 = DEFINITIONAL_REPRESENTATION('',(#14544),#14548);
#14544 = LINE('',#14545,#14546);
#14545 = CARTESIAN_POINT('',(16.4,-3.8));
#14546 = VECTOR('',#14547,1.);
#14547 = DIRECTION('',(0.,-1.));
#14548 = ( GEOMETRIC_REPRESENTATION_CONTEXT(2) 
PARAMETRIC_REPRESENTATION_CONTEXT() REPRESENTATION_CONTEXT('2D SPACE',''
  ) );
#14549 = ORIENTED_EDGE('',*,*,#14550,.F.);
#14550 = EDGE_CURVE('',#14551,#14523,#14553,.T.);
#14551 = VERTEX_POINT('',#14552);
#14552 = CARTESIAN_POINT('',(128.,3.1,5.4));
#14553 = SURFACE_CURVE('',#14554,(#14559,#14570),.PCURVE_S1.);
#14554 = CIRCLE('',#14555,3.1);
#14555 = AXIS2_PLACEMENT_3D('',#14556,#14557,#14558);
#14556 = CARTESIAN_POINT('',(128.,0.,5.4));
#14557 = DIRECTION('',(0.,0.,-1.));
#14558 = DIRECTION('',(1.,0.,0.));
#14559 = PCURVE('',#14442,#14560);
#14560 = DEFINITIONAL_REPRESENTATION('',(#14561),#14569);
#14561 = ( BOUNDED_CURVE() B_SPLINE_CURVE(2,(#14562,#14563,#14564,#14565
    ,#14566,#14567,#14568),.UNSPECIFIED.,.T.,.F.) 
B_SPLINE_CURVE_WITH_KNOTS((1,2,2,2,2,1),(-2.094395102393,0.,
    2.094395102393,4.188790204786,6.28318530718,8.377580409573),
.UNSPECIFIED.) CURVE() GEOMETRIC_REPRESENTATION_ITEM() 
RATIONAL_B_SPLINE_CURVE((1.,0.5,1.,0.5,1.,0.5,1.)) REPRESENTATION_ITEM(
  '') );
#14562 = CARTESIAN_POINT('',(30.5,8.4));
#14563 = CARTESIAN_POINT('',(30.5,3.030642496536));
#14564 = CARTESIAN_POINT('',(25.85,5.715321248268));
#14565 = CARTESIAN_POINT('',(21.2,8.4));
#14566 = CARTESIAN_POINT('',(25.85,11.084678751732));
#14567 = CARTESIAN_POINT('',(30.5,13.769357503464));
#14568 = CARTESIAN_POINT('',(30.5,8.4));
#14569 = ( GEOMETRIC_REPRESENTATION_CONTEXT(2) 
PARAMETRIC_REPRESENTATION_CONTEXT() REPRESENTATION_CONTEXT('2D SPACE',''
  ) );
#14570 = PCURVE('',#14571,#14576);
#14571 = CYLINDRICAL_SURFACE('',#14572,3.1);
#14572 = AXIS2_PLACEMENT_3D('',#14573,#14574,#14575);
#14573 = CARTESIAN_POINT('',(128.,0.,-14.));
#14574 = DIRECTION('',(-0.,-0.,-1.));
#14575 = DIRECTION('',(1.,0.,0.));
#14576 = DEFINITIONAL_REPRESENTATION('',(#14577),#14581);
#14577 = LINE('',#14578,#14579);
#14578 = CARTESIAN_POINT('',(-12.56637061435,-19.4));
#14579 = VECTOR('',#14580,1.);
#14580 = DIRECTION('',(1.,-0.));
#14581 = ( GEOMETRIC_REPRESENTATION_CONTEXT(2) 
PARAMETRIC_REPRESENTATION_CONTEXT() REPRESENTATION_CONTEXT('2D SPACE',''
  ) );
#14582 = ORIENTED_EDGE('',*,*,#14583,.T.);
#14583 = EDGE_CURVE('',#14551,#14434,#14584,.T.);
#14584 = SURFACE_CURVE('',#14585,(#14589,#14596),.PCURVE_S1.);
#14585 = LINE('',#14586,#14587);
#14586 = CARTESIAN_POINT('',(128.,-12.2,5.4));
#14587 = VECTOR('',#14588,1.);
#14588 = DIRECTION('',(0.,1.,0.));
#14589 = PCURVE('',#14442,#14590);
#14590 = DEFINITIONAL_REPRESENTATION('',(#14591),#14595);
#14591 = LINE('',#14592,#14593);
#14592 = CARTESIAN_POINT('',(27.4,-3.8));
#14593 = VECTOR('',#14594,1.);
#14594 = DIRECTION('',(0.,1.));
#14595 = ( GEOMETRIC_REPRESENTATION_CONTEXT(2) 
PARAMETRIC_REPRESENTATION_CONTEXT() REPRESENTATION_CONTEXT('2D SPACE',''
  ) );
#14596 = PCURVE('',#14597,#14602);
#14597 = PLANE('',#14598);
#14598 = AXIS2_PLACEMENT_3D('',#14599,#14600,#14601);
#14599 = CARTESIAN_POINT('',(128.,-16.,-11.));
#14600 = DIRECTION('',(1.,0.,0.));
#14601 = DIRECTION('',(0.,0.,1.));
#14602 = DEFINITIONAL_REPRESENTATION('',(#14603),#14607);
#14603 = LINE('',#14604,#14605);
#14604 = CARTESIAN_POINT('',(16.4,-3.8));
#14605 = VECTOR('',#14606,1.);
#14606 = DIRECTION('',(0.,-1.));
#14607 = ( GEOMETRIC_REPRESENTATION_CONTEXT(2) 
PARAMETRIC_REPRESENTATION_CONTEXT() REPRESENTATION_CONTEXT('2D SPACE',''
  ) );
#14608 = ADVANCED_FACE('',(#14609),#14454,.T.);
#14609 = FACE_BOUND('',#14610,.T.);
#14610 = EDGE_LOOP('',(#14611,#14641,#14662,#14663));
#14611 = ORIENTED_EDGE('',*,*,#14612,.F.);
#14612 = EDGE_CURVE('',#14613,#14615,#14617,.T.);
#14613 = VERTEX_POINT('',#14614);
#14614 = CARTESIAN_POINT('',(100.6,8.4,-5.4));
#14615 = VERTEX_POINT('',#14616);
#14616 = CARTESIAN_POINT('',(128.,8.4,-5.4));
#14617 = SURFACE_CURVE('',#14618,(#14622,#14629),.PCURVE_S1.);
#14618 = LINE('',#14619,#14620);
#14619 = CARTESIAN_POINT('',(100.6,8.4,-5.4));
#14620 = VECTOR('',#14621,1.);
#14621 = DIRECTION('',(1.,0.,0.));
#14622 = PCURVE('',#14454,#14623);
#14623 = DEFINITIONAL_REPRESENTATION('',(#14624),#14628);
#14624 = LINE('',#14625,#14626);
#14625 = CARTESIAN_POINT('',(0.,0.));
#14626 = VECTOR('',#14627,1.);
#14627 = DIRECTION('',(0.,1.));
#14628 = ( GEOMETRIC_REPRESENTATION_CONTEXT(2) 
PARAMETRIC_REPRESENTATION_CONTEXT() REPRESENTATION_CONTEXT('2D SPACE',''
  ) );
#14629 = PCURVE('',#14630,#14635);
#14630 = PLANE('',#14631);
#14631 = AXIS2_PLACEMENT_3D('',#14632,#14633,#14634);
#14632 = CARTESIAN_POINT('',(100.6,-8.4,-5.4));
#14633 = DIRECTION('',(0.,0.,1.));
#14634 = DIRECTION('',(1.,0.,0.));
#14635 = DEFINITIONAL_REPRESENTATION('',(#14636),#14640);
#14636 = LINE('',#14637,#14638);
#14637 = CARTESIAN_POINT('',(0.,16.8));
#14638 = VECTOR('',#14639,1.);
#14639 = DIRECTION('',(1.,0.));
#14640 = ( GEOMETRIC_REPRESENTATION_CONTEXT(2) 
PARAMETRIC_REPRESENTATION_CONTEXT() REPRESENTATION_CONTEXT('2D SPACE',''
  ) );
#14641 = ORIENTED_EDGE('',*,*,#14642,.T.);
#14642 = EDGE_CURVE('',#14613,#14432,#14643,.T.);
#14643 = SURFACE_CURVE('',#14644,(#14648,#14655),.PCURVE_S1.);
#14644 = LINE('',#14645,#14646);
#14645 = CARTESIAN_POINT('',(100.6,8.4,-5.4));
#14646 = VECTOR('',#14647,1.);
#14647 = DIRECTION('',(0.,0.,1.));
#14648 = PCURVE('',#14454,#14649);
#14649 = DEFINITIONAL_REPRESENTATION('',(#14650),#14654);
#14650 = LINE('',#14651,#14652);
#14651 = CARTESIAN_POINT('',(0.,0.));
#14652 = VECTOR('',#14653,1.);
#14653 = DIRECTION('',(1.,0.));
#14654 = ( GEOMETRIC_REPRESENTATION_CONTEXT(2) 
PARAMETRIC_REPRESENTATION_CONTEXT() REPRESENTATION_CONTEXT('2D SPACE',''
  ) );
#14655 = PCURVE('',#14482,#14656);
#14656 = DEFINITIONAL_REPRESENTATION('',(#14657),#14661);
#14657 = LINE('',#14658,#14659);
#14658 = CARTESIAN_POINT('',(0.,-16.8));
#14659 = VECTOR('',#14660,1.);
#14660 = DIRECTION('',(1.,0.));
#14661 = ( GEOMETRIC_REPRESENTATION_CONTEXT(2) 
PARAMETRIC_REPRESENTATION_CONTEXT() REPRESENTATION_CONTEXT('2D SPACE',''
  ) );
#14662 = ORIENTED_EDGE('',*,*,#14431,.T.);
#14663 = ORIENTED_EDGE('',*,*,#14664,.T.);
#14664 = EDGE_CURVE('',#14434,#14615,#14665,.T.);
#14665 = SURFACE_CURVE('',#14666,(#14670,#14677),.PCURVE_S1.);
#14666 = LINE('',#14667,#14668);
#14667 = CARTESIAN_POINT('',(128.,8.4,-8.2));
#14668 = VECTOR('',#14669,1.);
#14669 = DIRECTION('',(0.,0.,-1.));
#14670 = PCURVE('',#14454,#14671);
#14671 = DEFINITIONAL_REPRESENTATION('',(#14672),#14676);
#14672 = LINE('',#14673,#14674);
#14673 = CARTESIAN_POINT('',(-2.8,27.4));
#14674 = VECTOR('',#14675,1.);
#14675 = DIRECTION('',(-1.,0.));
#14676 = ( GEOMETRIC_REPRESENTATION_CONTEXT(2) 
PARAMETRIC_REPRESENTATION_CONTEXT() REPRESENTATION_CONTEXT('2D SPACE',''
  ) );
#14677 = PCURVE('',#14597,#14678);
#14678 = DEFINITIONAL_REPRESENTATION('',(#14679),#14683);
#14679 = LINE('',#14680,#14681);
#14680 = CARTESIAN_POINT('',(2.8,-24.4));
#14681 = VECTOR('',#14682,1.);
#14682 = DIRECTION('',(-1.,0.));
#14683 = ( GEOMETRIC_REPRESENTATION_CONTEXT(2) 
PARAMETRIC_REPRESENTATION_CONTEXT() REPRESENTATION_CONTEXT('2D SPACE',''
  ) );
#14684 = ADVANCED_FACE('',(#14685),#14597,.T.);
#14685 = FACE_BOUND('',#14686,.T.);
#14686 = EDGE_LOOP('',(#14687,#14688,#14711,#14732));
#14687 = ORIENTED_EDGE('',*,*,#14583,.F.);
#14688 = ORIENTED_EDGE('',*,*,#14689,.T.);
#14689 = EDGE_CURVE('',#14551,#14690,#14692,.T.);
#14690 = VERTEX_POINT('',#14691);
#14691 = CARTESIAN_POINT('',(128.,3.1,-5.4));
#14692 = SURFACE_CURVE('',#14693,(#14697,#14704),.PCURVE_S1.);
#14693 = LINE('',#14694,#14695);
#14694 = CARTESIAN_POINT('',(128.,3.1,-14.));
#14695 = VECTOR('',#14696,1.);
#14696 = DIRECTION('',(-0.,-0.,-1.));
#14697 = PCURVE('',#14597,#14698);
#14698 = DEFINITIONAL_REPRESENTATION('',(#14699),#14703);
#14699 = LINE('',#14700,#14701);
#14700 = CARTESIAN_POINT('',(-3.,-19.1));
#14701 = VECTOR('',#14702,1.);
#14702 = DIRECTION('',(-1.,0.));
#14703 = ( GEOMETRIC_REPRESENTATION_CONTEXT(2) 
PARAMETRIC_REPRESENTATION_CONTEXT() REPRESENTATION_CONTEXT('2D SPACE',''
  ) );
#14704 = PCURVE('',#14571,#14705);
#14705 = DEFINITIONAL_REPRESENTATION('',(#14706),#14710);
#14706 = LINE('',#14707,#14708);
#14707 = CARTESIAN_POINT('',(-7.853981633974,0.));
#14708 = VECTOR('',#14709,1.);
#14709 = DIRECTION('',(-0.,1.));
#14710 = ( GEOMETRIC_REPRESENTATION_CONTEXT(2) 
PARAMETRIC_REPRESENTATION_CONTEXT() REPRESENTATION_CONTEXT('2D SPACE',''
  ) );
#14711 = ORIENTED_EDGE('',*,*,#14712,.T.);
#14712 = EDGE_CURVE('',#14690,#14615,#14713,.T.);
#14713 = SURFACE_CURVE('',#14714,(#14718,#14725),.PCURVE_S1.);
#14714 = LINE('',#14715,#14716);
#14715 = CARTESIAN_POINT('',(128.,-12.2,-5.4));
#14716 = VECTOR('',#14717,1.);
#14717 = DIRECTION('',(0.,1.,0.));
#14718 = PCURVE('',#14597,#14719);
#14719 = DEFINITIONAL_REPRESENTATION('',(#14720),#14724);
#14720 = LINE('',#14721,#14722);
#14721 = CARTESIAN_POINT('',(5.6,-3.8));
#14722 = VECTOR('',#14723,1.);
#14723 = DIRECTION('',(0.,-1.));
#14724 = ( GEOMETRIC_REPRESENTATION_CONTEXT(2) 
PARAMETRIC_REPRESENTATION_CONTEXT() REPRESENTATION_CONTEXT('2D SPACE',''
  ) );
#14725 = PCURVE('',#14630,#14726);
#14726 = DEFINITIONAL_REPRESENTATION('',(#14727),#14731);
#14727 = LINE('',#14728,#14729);
#14728 = CARTESIAN_POINT('',(27.4,-3.8));
#14729 = VECTOR('',#14730,1.);
#14730 = DIRECTION('',(0.,1.));
#14731 = ( GEOMETRIC_REPRESENTATION_CONTEXT(2) 
PARAMETRIC_REPRESENTATION_CONTEXT() REPRESENTATION_CONTEXT('2D SPACE',''
  ) );
#14732 = ORIENTED_EDGE('',*,*,#14664,.F.);
#14733 = ADVANCED_FACE('',(#14734),#14571,.T.);
#14734 = FACE_BOUND('',#14735,.F.);
#14735 = EDGE_LOOP('',(#14736,#14759,#14760,#14761));
#14736 = ORIENTED_EDGE('',*,*,#14737,.F.);
#14737 = EDGE_CURVE('',#14523,#14738,#14740,.T.);
#14738 = VERTEX_POINT('',#14739);
#14739 = CARTESIAN_POINT('',(128.,-3.1,-5.4));
#14740 = SURFACE_CURVE('',#14741,(#14745,#14752),.PCURVE_S1.);
#14741 = LINE('',#14742,#14743);
#14742 = CARTESIAN_POINT('',(128.,-3.1,-14.));
#14743 = VECTOR('',#14744,1.);
#14744 = DIRECTION('',(-0.,-0.,-1.));
#14745 = PCURVE('',#14571,#14746);
#14746 = DEFINITIONAL_REPRESENTATION('',(#14747),#14751);
#14747 = LINE('',#14748,#14749);
#14748 = CARTESIAN_POINT('',(-4.712388980385,0.));
#14749 = VECTOR('',#14750,1.);
#14750 = DIRECTION('',(-0.,1.));
#14751 = ( GEOMETRIC_REPRESENTATION_CONTEXT(2) 
PARAMETRIC_REPRESENTATION_CONTEXT() REPRESENTATION_CONTEXT('2D SPACE',''
  ) );
#14752 = PCURVE('',#14538,#14753);
#14753 = DEFINITIONAL_REPRESENTATION('',(#14754),#14758);
#14754 = LINE('',#14755,#14756);
#14755 = CARTESIAN_POINT('',(-3.,-12.9));
#14756 = VECTOR('',#14757,1.);
#14757 = DIRECTION('',(-1.,0.));
#14758 = ( GEOMETRIC_REPRESENTATION_CONTEXT(2) 
PARAMETRIC_REPRESENTATION_CONTEXT() REPRESENTATION_CONTEXT('2D SPACE',''
  ) );
#14759 = ORIENTED_EDGE('',*,*,#14550,.F.);
#14760 = ORIENTED_EDGE('',*,*,#14689,.T.);
#14761 = ORIENTED_EDGE('',*,*,#14762,.T.);
#14762 = EDGE_CURVE('',#14690,#14738,#14763,.T.);
#14763 = SURFACE_CURVE('',#14764,(#14769,#14776),.PCURVE_S1.);
#14764 = CIRCLE('',#14765,3.1);
#14765 = AXIS2_PLACEMENT_3D('',#14766,#14767,#14768);
#14766 = CARTESIAN_POINT('',(128.,0.,-5.4));
#14767 = DIRECTION('',(0.,0.,-1.));
#14768 = DIRECTION('',(1.,0.,0.));
#14769 = PCURVE('',#14571,#14770);
#14770 = DEFINITIONAL_REPRESENTATION('',(#14771),#14775);
#14771 = LINE('',#14772,#14773);
#14772 = CARTESIAN_POINT('',(-12.56637061435,-8.6));
#14773 = VECTOR('',#14774,1.);
#14774 = DIRECTION('',(1.,-0.));
#14775 = ( GEOMETRIC_REPRESENTATION_CONTEXT(2) 
PARAMETRIC_REPRESENTATION_CONTEXT() REPRESENTATION_CONTEXT('2D SPACE',''
  ) );
#14776 = PCURVE('',#14630,#14777);
#14777 = DEFINITIONAL_REPRESENTATION('',(#14778),#14786);
#14778 = ( BOUNDED_CURVE() B_SPLINE_CURVE(2,(#14779,#14780,#14781,#14782
    ,#14783,#14784,#14785),.UNSPECIFIED.,.T.,.F.) 
B_SPLINE_CURVE_WITH_KNOTS((1,2,2,2,2,1),(-2.094395102393,0.,
    2.094395102393,4.188790204786,6.28318530718,8.377580409573),
.UNSPECIFIED.) CURVE() GEOMETRIC_REPRESENTATION_ITEM() 
RATIONAL_B_SPLINE_CURVE((1.,0.5,1.,0.5,1.,0.5,1.)) REPRESENTATION_ITEM(
  '') );
#14779 = CARTESIAN_POINT('',(30.5,8.4));
#14780 = CARTESIAN_POINT('',(30.5,3.030642496536));
#14781 = CARTESIAN_POINT('',(25.85,5.715321248268));
#14782 = CARTESIAN_POINT('',(21.2,8.4));
#14783 = CARTESIAN_POINT('',(25.85,11.084678751732));
#14784 = CARTESIAN_POINT('',(30.5,13.769357503464));
#14785 = CARTESIAN_POINT('',(30.5,8.4));
#14786 = ( GEOMETRIC_REPRESENTATION_CONTEXT(2) 
PARAMETRIC_REPRESENTATION_CONTEXT() REPRESENTATION_CONTEXT('2D SPACE',''
  ) );
#14787 = ADVANCED_FACE('',(#14788),#14538,.T.);
#14788 = FACE_BOUND('',#14789,.T.);
#14789 = EDGE_LOOP('',(#14790,#14813,#14814,#14815));
#14790 = ORIENTED_EDGE('',*,*,#14791,.T.);
#14791 = EDGE_CURVE('',#14792,#14738,#14794,.T.);
#14792 = VERTEX_POINT('',#14793);
#14793 = CARTESIAN_POINT('',(128.,-8.4,-5.4));
#14794 = SURFACE_CURVE('',#14795,(#14799,#14806),.PCURVE_S1.);
#14795 = LINE('',#14796,#14797);
#14796 = CARTESIAN_POINT('',(128.,-12.2,-5.4));
#14797 = VECTOR('',#14798,1.);
#14798 = DIRECTION('',(0.,1.,0.));
#14799 = PCURVE('',#14538,#14800);
#14800 = DEFINITIONAL_REPRESENTATION('',(#14801),#14805);
#14801 = LINE('',#14802,#14803);
#14802 = CARTESIAN_POINT('',(5.6,-3.8));
#14803 = VECTOR('',#14804,1.);
#14804 = DIRECTION('',(0.,-1.));
#14805 = ( GEOMETRIC_REPRESENTATION_CONTEXT(2) 
PARAMETRIC_REPRESENTATION_CONTEXT() REPRESENTATION_CONTEXT('2D SPACE',''
  ) );
#14806 = PCURVE('',#14630,#14807);
#14807 = DEFINITIONAL_REPRESENTATION('',(#14808),#14812);
#14808 = LINE('',#14809,#14810);
#14809 = CARTESIAN_POINT('',(27.4,-3.8));
#14810 = VECTOR('',#14811,1.);
#14811 = DIRECTION('',(0.,1.));
#14812 = ( GEOMETRIC_REPRESENTATION_CONTEXT(2) 
PARAMETRIC_REPRESENTATION_CONTEXT() REPRESENTATION_CONTEXT('2D SPACE',''
  ) );
#14813 = ORIENTED_EDGE('',*,*,#14737,.F.);
#14814 = ORIENTED_EDGE('',*,*,#14522,.F.);
#14815 = ORIENTED_EDGE('',*,*,#14816,.T.);
#14816 = EDGE_CURVE('',#14495,#14792,#14817,.T.);
#14817 = SURFACE_CURVE('',#14818,(#14822,#14829),.PCURVE_S1.);
#14818 = LINE('',#14819,#14820);
#14819 = CARTESIAN_POINT('',(128.,-8.4,-8.2));
#14820 = VECTOR('',#14821,1.);
#14821 = DIRECTION('',(0.,0.,-1.));
#14822 = PCURVE('',#14538,#14823);
#14823 = DEFINITIONAL_REPRESENTATION('',(#14824),#14828);
#14824 = LINE('',#14825,#14826);
#14825 = CARTESIAN_POINT('',(2.8,-7.6));
#14826 = VECTOR('',#14827,1.);
#14827 = DIRECTION('',(-1.,0.));
#14828 = ( GEOMETRIC_REPRESENTATION_CONTEXT(2) 
PARAMETRIC_REPRESENTATION_CONTEXT() REPRESENTATION_CONTEXT('2D SPACE',''
  ) );
#14829 = PCURVE('',#14510,#14830);
#14830 = DEFINITIONAL_REPRESENTATION('',(#14831),#14835);
#14831 = LINE('',#14832,#14833);
#14832 = CARTESIAN_POINT('',(-2.8,27.4));
#14833 = VECTOR('',#14834,1.);
#14834 = DIRECTION('',(-1.,0.));
#14835 = ( GEOMETRIC_REPRESENTATION_CONTEXT(2) 
PARAMETRIC_REPRESENTATION_CONTEXT() REPRESENTATION_CONTEXT('2D SPACE',''
  ) );
#14836 = ADVANCED_FACE('',(#14837),#14510,.F.);
#14837 = FACE_BOUND('',#14838,.F.);
#14838 = EDGE_LOOP('',(#14839,#14862,#14883,#14884));
#14839 = ORIENTED_EDGE('',*,*,#14840,.F.);
#14840 = EDGE_CURVE('',#14841,#14792,#14843,.T.);
#14841 = VERTEX_POINT('',#14842);
#14842 = CARTESIAN_POINT('',(100.6,-8.4,-5.4));
#14843 = SURFACE_CURVE('',#14844,(#14848,#14855),.PCURVE_S1.);
#14844 = LINE('',#14845,#14846);
#14845 = CARTESIAN_POINT('',(100.6,-8.4,-5.4));
#14846 = VECTOR('',#14847,1.);
#14847 = DIRECTION('',(1.,0.,0.));
#14848 = PCURVE('',#14510,#14849);
#14849 = DEFINITIONAL_REPRESENTATION('',(#14850),#14854);
#14850 = LINE('',#14851,#14852);
#14851 = CARTESIAN_POINT('',(0.,0.));
#14852 = VECTOR('',#14853,1.);
#14853 = DIRECTION('',(0.,1.));
#14854 = ( GEOMETRIC_REPRESENTATION_CONTEXT(2) 
PARAMETRIC_REPRESENTATION_CONTEXT() REPRESENTATION_CONTEXT('2D SPACE',''
  ) );
#14855 = PCURVE('',#14630,#14856);
#14856 = DEFINITIONAL_REPRESENTATION('',(#14857),#14861);
#14857 = LINE('',#14858,#14859);
#14858 = CARTESIAN_POINT('',(0.,0.));
#14859 = VECTOR('',#14860,1.);
#14860 = DIRECTION('',(1.,0.));
#14861 = ( GEOMETRIC_REPRESENTATION_CONTEXT(2) 
PARAMETRIC_REPRESENTATION_CONTEXT() REPRESENTATION_CONTEXT('2D SPACE',''
  ) );
#14862 = ORIENTED_EDGE('',*,*,#14863,.T.);
#14863 = EDGE_CURVE('',#14841,#14467,#14864,.T.);
#14864 = SURFACE_CURVE('',#14865,(#14869,#14876),.PCURVE_S1.);
#14865 = LINE('',#14866,#14867);
#14866 = CARTESIAN_POINT('',(100.6,-8.4,-5.4));
#14867 = VECTOR('',#14868,1.);
#14868 = DIRECTION('',(0.,0.,1.));
#14869 = PCURVE('',#14510,#14870);
#14870 = DEFINITIONAL_REPRESENTATION('',(#14871),#14875);
#14871 = LINE('',#14872,#14873);
#14872 = CARTESIAN_POINT('',(0.,0.));
#14873 = VECTOR('',#14874,1.);
#14874 = DIRECTION('',(1.,0.));
#14875 = ( GEOMETRIC_REPRESENTATION_CONTEXT(2) 
PARAMETRIC_REPRESENTATION_CONTEXT() REPRESENTATION_CONTEXT('2D SPACE',''
  ) );
#14876 = PCURVE('',#14482,#14877);
#14877 = DEFINITIONAL_REPRESENTATION('',(#14878),#14882);
#14878 = LINE('',#14879,#14880);
#14879 = CARTESIAN_POINT('',(0.,0.));
#14880 = VECTOR('',#14881,1.);
#14881 = DIRECTION('',(1.,0.));
#14882 = ( GEOMETRIC_REPRESENTATION_CONTEXT(2) 
PARAMETRIC_REPRESENTATION_CONTEXT() REPRESENTATION_CONTEXT('2D SPACE',''
  ) );
#14883 = ORIENTED_EDGE('',*,*,#14494,.T.);
#14884 = ORIENTED_EDGE('',*,*,#14816,.T.);
#14885 = ADVANCED_FACE('',(#14886),#14482,.F.);
#14886 = FACE_BOUND('',#14887,.F.);
#14887 = EDGE_LOOP('',(#14888,#14889,#14910,#14911));
#14888 = ORIENTED_EDGE('',*,*,#14863,.F.);
#14889 = ORIENTED_EDGE('',*,*,#14890,.T.);
#14890 = EDGE_CURVE('',#14841,#14613,#14891,.T.);
#14891 = SURFACE_CURVE('',#14892,(#14896,#14903),.PCURVE_S1.);
#14892 = LINE('',#14893,#14894);
#14893 = CARTESIAN_POINT('',(100.6,-8.4,-5.4));
#14894 = VECTOR('',#14895,1.);
#14895 = DIRECTION('',(0.,1.,0.));
#14896 = PCURVE('',#14482,#14897);
#14897 = DEFINITIONAL_REPRESENTATION('',(#14898),#14902);
#14898 = LINE('',#14899,#14900);
#14899 = CARTESIAN_POINT('',(0.,0.));
#14900 = VECTOR('',#14901,1.);
#14901 = DIRECTION('',(0.,-1.));
#14902 = ( GEOMETRIC_REPRESENTATION_CONTEXT(2) 
PARAMETRIC_REPRESENTATION_CONTEXT() REPRESENTATION_CONTEXT('2D SPACE',''
  ) );
#14903 = PCURVE('',#14630,#14904);
#14904 = DEFINITIONAL_REPRESENTATION('',(#14905),#14909);
#14905 = LINE('',#14906,#14907);
#14906 = CARTESIAN_POINT('',(0.,0.));
#14907 = VECTOR('',#14908,1.);
#14908 = DIRECTION('',(0.,1.));
#14909 = ( GEOMETRIC_REPRESENTATION_CONTEXT(2) 
PARAMETRIC_REPRESENTATION_CONTEXT() REPRESENTATION_CONTEXT('2D SPACE',''
  ) );
#14910 = ORIENTED_EDGE('',*,*,#14642,.T.);
#14911 = ORIENTED_EDGE('',*,*,#14466,.F.);
#14912 = ADVANCED_FACE('',(#14913),#14630,.F.);
#14913 = FACE_BOUND('',#14914,.F.);
#14914 = EDGE_LOOP('',(#14915,#14916,#14917,#14918,#14919,#14920));
#14915 = ORIENTED_EDGE('',*,*,#14612,.F.);
#14916 = ORIENTED_EDGE('',*,*,#14890,.F.);
#14917 = ORIENTED_EDGE('',*,*,#14840,.T.);
#14918 = ORIENTED_EDGE('',*,*,#14791,.T.);
#14919 = ORIENTED_EDGE('',*,*,#14762,.F.);
#14920 = ORIENTED_EDGE('',*,*,#14712,.T.);
#14921 = ORIENTED_CLOSED_SHELL('',*,#14922,.F.);
#14922 = CLOSED_SHELL('',(#14923,#15128,#15204,#15253,#15302,#15352,
    #15401,#15450,#15477));
#14923 = ADVANCED_FACE('',(#14924),#14938,.T.);
#14924 = FACE_BOUND('',#14925,.T.);
#14925 = EDGE_LOOP('',(#14926,#14961,#14989,#15017,#15045,#15074,#15102)
  );
#14926 = ORIENTED_EDGE('',*,*,#14927,.F.);
#14927 = EDGE_CURVE('',#14928,#14930,#14932,.T.);
#14928 = VERTEX_POINT('',#14929);
#14929 = CARTESIAN_POINT('',(146.,8.4,5.4));
#14930 = VERTEX_POINT('',#14931);
#14931 = CARTESIAN_POINT('',(155.4,8.4,5.4));
#14932 = SURFACE_CURVE('',#14933,(#14937,#14949),.PCURVE_S1.);
#14933 = LINE('',#14934,#14935);
#14934 = CARTESIAN_POINT('',(100.6,8.4,5.4));
#14935 = VECTOR('',#14936,1.);
#14936 = DIRECTION('',(1.,0.,0.));
#14937 = PCURVE('',#14938,#14943);
#14938 = PLANE('',#14939);
#14939 = AXIS2_PLACEMENT_3D('',#14940,#14941,#14942);
#14940 = CARTESIAN_POINT('',(100.6,-8.4,5.4));
#14941 = DIRECTION('',(0.,0.,1.));
#14942 = DIRECTION('',(1.,0.,0.));
#14943 = DEFINITIONAL_REPRESENTATION('',(#14944),#14948);
#14944 = LINE('',#14945,#14946);
#14945 = CARTESIAN_POINT('',(0.,16.8));
#14946 = VECTOR('',#14947,1.);
#14947 = DIRECTION('',(1.,0.));
#14948 = ( GEOMETRIC_REPRESENTATION_CONTEXT(2) 
PARAMETRIC_REPRESENTATION_CONTEXT() REPRESENTATION_CONTEXT('2D SPACE',''
  ) );
#14949 = PCURVE('',#14950,#14955);
#14950 = PLANE('',#14951);
#14951 = AXIS2_PLACEMENT_3D('',#14952,#14953,#14954);
#14952 = CARTESIAN_POINT('',(100.6,8.4,-5.4));
#14953 = DIRECTION('',(0.,1.,0.));
#14954 = DIRECTION('',(0.,0.,1.));
#14955 = DEFINITIONAL_REPRESENTATION('',(#14956),#14960);
#14956 = LINE('',#14957,#14958);
#14957 = CARTESIAN_POINT('',(10.8,0.));
#14958 = VECTOR('',#14959,1.);
#14959 = DIRECTION('',(0.,1.));
#14960 = ( GEOMETRIC_REPRESENTATION_CONTEXT(2) 
PARAMETRIC_REPRESENTATION_CONTEXT() REPRESENTATION_CONTEXT('2D SPACE',''
  ) );
#14961 = ORIENTED_EDGE('',*,*,#14962,.F.);
#14962 = EDGE_CURVE('',#14963,#14928,#14965,.T.);
#14963 = VERTEX_POINT('',#14964);
#14964 = CARTESIAN_POINT('',(146.,-8.4,5.4));
#14965 = SURFACE_CURVE('',#14966,(#14970,#14977),.PCURVE_S1.);
#14966 = LINE('',#14967,#14968);
#14967 = CARTESIAN_POINT('',(146.,-12.2,5.4));
#14968 = VECTOR('',#14969,1.);
#14969 = DIRECTION('',(0.,1.,0.));
#14970 = PCURVE('',#14938,#14971);
#14971 = DEFINITIONAL_REPRESENTATION('',(#14972),#14976);
#14972 = LINE('',#14973,#14974);
#14973 = CARTESIAN_POINT('',(45.4,-3.8));
#14974 = VECTOR('',#14975,1.);
#14975 = DIRECTION('',(0.,1.));
#14976 = ( GEOMETRIC_REPRESENTATION_CONTEXT(2) 
PARAMETRIC_REPRESENTATION_CONTEXT() REPRESENTATION_CONTEXT('2D SPACE',''
  ) );
#14977 = PCURVE('',#14978,#14983);
#14978 = PLANE('',#14979);
#14979 = AXIS2_PLACEMENT_3D('',#14980,#14981,#14982);
#14980 = CARTESIAN_POINT('',(146.,-16.,-11.));
#14981 = DIRECTION('',(1.,0.,0.));
#14982 = DIRECTION('',(0.,0.,1.));
#14983 = DEFINITIONAL_REPRESENTATION('',(#14984),#14988);
#14984 = LINE('',#14985,#14986);
#14985 = CARTESIAN_POINT('',(16.4,-3.8));
#14986 = VECTOR('',#14987,1.);
#14987 = DIRECTION('',(0.,-1.));
#14988 = ( GEOMETRIC_REPRESENTATION_CONTEXT(2) 
PARAMETRIC_REPRESENTATION_CONTEXT() REPRESENTATION_CONTEXT('2D SPACE',''
  ) );
#14989 = ORIENTED_EDGE('',*,*,#14990,.T.);
#14990 = EDGE_CURVE('',#14963,#14991,#14993,.T.);
#14991 = VERTEX_POINT('',#14992);
#14992 = CARTESIAN_POINT('',(149.45,-8.4,5.4));
#14993 = SURFACE_CURVE('',#14994,(#14998,#15005),.PCURVE_S1.);
#14994 = LINE('',#14995,#14996);
#14995 = CARTESIAN_POINT('',(100.6,-8.4,5.4));
#14996 = VECTOR('',#14997,1.);
#14997 = DIRECTION('',(1.,0.,0.));
#14998 = PCURVE('',#14938,#14999);
#14999 = DEFINITIONAL_REPRESENTATION('',(#15000),#15004);
#15000 = LINE('',#15001,#15002);
#15001 = CARTESIAN_POINT('',(0.,0.));
#15002 = VECTOR('',#15003,1.);
#15003 = DIRECTION('',(1.,0.));
#15004 = ( GEOMETRIC_REPRESENTATION_CONTEXT(2) 
PARAMETRIC_REPRESENTATION_CONTEXT() REPRESENTATION_CONTEXT('2D SPACE',''
  ) );
#15005 = PCURVE('',#15006,#15011);
#15006 = PLANE('',#15007);
#15007 = AXIS2_PLACEMENT_3D('',#15008,#15009,#15010);
#15008 = CARTESIAN_POINT('',(100.6,-8.4,-5.4));
#15009 = DIRECTION('',(0.,1.,0.));
#15010 = DIRECTION('',(0.,0.,1.));
#15011 = DEFINITIONAL_REPRESENTATION('',(#15012),#15016);
#15012 = LINE('',#15013,#15014);
#15013 = CARTESIAN_POINT('',(10.8,0.));
#15014 = VECTOR('',#15015,1.);
#15015 = DIRECTION('',(0.,1.));
#15016 = ( GEOMETRIC_REPRESENTATION_CONTEXT(2) 
PARAMETRIC_REPRESENTATION_CONTEXT() REPRESENTATION_CONTEXT('2D SPACE',''
  ) );
#15017 = ORIENTED_EDGE('',*,*,#15018,.T.);
#15018 = EDGE_CURVE('',#14991,#15019,#15021,.T.);
#15019 = VERTEX_POINT('',#15020);
#15020 = CARTESIAN_POINT('',(149.45,0.5,5.4));
#15021 = SURFACE_CURVE('',#15022,(#15026,#15033),.PCURVE_S1.);
#15022 = LINE('',#15023,#15024);
#15023 = CARTESIAN_POINT('',(149.45,-23.2,5.4));
#15024 = VECTOR('',#15025,1.);
#15025 = DIRECTION('',(0.,1.,0.));
#15026 = PCURVE('',#14938,#15027);
#15027 = DEFINITIONAL_REPRESENTATION('',(#15028),#15032);
#15028 = LINE('',#15029,#15030);
#15029 = CARTESIAN_POINT('',(48.85,-14.8));
#15030 = VECTOR('',#15031,1.);
#15031 = DIRECTION('',(0.,1.));
#15032 = ( GEOMETRIC_REPRESENTATION_CONTEXT(2) 
PARAMETRIC_REPRESENTATION_CONTEXT() REPRESENTATION_CONTEXT('2D SPACE',''
  ) );
#15033 = PCURVE('',#15034,#15039);
#15034 = PLANE('',#15035);
#15035 = AXIS2_PLACEMENT_3D('',#15036,#15037,#15038);
#15036 = CARTESIAN_POINT('',(149.45,-38.,-10.07));
#15037 = DIRECTION('',(1.,0.,0.));
#15038 = DIRECTION('',(0.,0.,1.));
#15039 = DEFINITIONAL_REPRESENTATION('',(#15040),#15044);
#15040 = LINE('',#15041,#15042);
#15041 = CARTESIAN_POINT('',(15.47,-14.8));
#15042 = VECTOR('',#15043,1.);
#15043 = DIRECTION('',(0.,-1.));
#15044 = ( GEOMETRIC_REPRESENTATION_CONTEXT(2) 
PARAMETRIC_REPRESENTATION_CONTEXT() REPRESENTATION_CONTEXT('2D SPACE',''
  ) );
#15045 = ORIENTED_EDGE('',*,*,#15046,.F.);
#15046 = EDGE_CURVE('',#15047,#15019,#15049,.T.);
#15047 = VERTEX_POINT('',#15048);
#15048 = CARTESIAN_POINT('',(150.95,2.,5.4));
#15049 = SURFACE_CURVE('',#15050,(#15055,#15062),.PCURVE_S1.);
#15050 = CIRCLE('',#15051,1.5);
#15051 = AXIS2_PLACEMENT_3D('',#15052,#15053,#15054);
#15052 = CARTESIAN_POINT('',(150.95,0.5,5.4));
#15053 = DIRECTION('',(0.,0.,1.));
#15054 = DIRECTION('',(-1.,-0.,0.));
#15055 = PCURVE('',#14938,#15056);
#15056 = DEFINITIONAL_REPRESENTATION('',(#15057),#15061);
#15057 = CIRCLE('',#15058,1.5);
#15058 = AXIS2_PLACEMENT_2D('',#15059,#15060);
#15059 = CARTESIAN_POINT('',(50.35,8.9));
#15060 = DIRECTION('',(-1.,0.));
#15061 = ( GEOMETRIC_REPRESENTATION_CONTEXT(2) 
PARAMETRIC_REPRESENTATION_CONTEXT() REPRESENTATION_CONTEXT('2D SPACE',''
  ) );
#15062 = PCURVE('',#15063,#15068);
#15063 = CYLINDRICAL_SURFACE('',#15064,1.5);
#15064 = AXIS2_PLACEMENT_3D('',#15065,#15066,#15067);
#15065 = CARTESIAN_POINT('',(150.95,0.5,-10.07));
#15066 = DIRECTION('',(0.,0.,1.));
#15067 = DIRECTION('',(-1.,-0.,0.));
#15068 = DEFINITIONAL_REPRESENTATION('',(#15069),#15073);
#15069 = LINE('',#15070,#15071);
#15070 = CARTESIAN_POINT('',(-6.28318530718,15.47));
#15071 = VECTOR('',#15072,1.);
#15072 = DIRECTION('',(1.,-0.));
#15073 = ( GEOMETRIC_REPRESENTATION_CONTEXT(2) 
PARAMETRIC_REPRESENTATION_CONTEXT() REPRESENTATION_CONTEXT('2D SPACE',''
  ) );
#15074 = ORIENTED_EDGE('',*,*,#15075,.F.);
#15075 = EDGE_CURVE('',#15076,#15047,#15078,.T.);
#15076 = VERTEX_POINT('',#15077);
#15077 = CARTESIAN_POINT('',(155.4,2.,5.4));
#15078 = SURFACE_CURVE('',#15079,(#15083,#15090),.PCURVE_S1.);
#15079 = LINE('',#15080,#15081);
#15080 = CARTESIAN_POINT('',(125.025,2.,5.4));
#15081 = VECTOR('',#15082,1.);
#15082 = DIRECTION('',(-1.,0.,0.));
#15083 = PCURVE('',#14938,#15084);
#15084 = DEFINITIONAL_REPRESENTATION('',(#15085),#15089);
#15085 = LINE('',#15086,#15087);
#15086 = CARTESIAN_POINT('',(24.425,10.4));
#15087 = VECTOR('',#15088,1.);
#15088 = DIRECTION('',(-1.,0.));
#15089 = ( GEOMETRIC_REPRESENTATION_CONTEXT(2) 
PARAMETRIC_REPRESENTATION_CONTEXT() REPRESENTATION_CONTEXT('2D SPACE',''
  ) );
#15090 = PCURVE('',#15091,#15096);
#15091 = PLANE('',#15092);
#15092 = AXIS2_PLACEMENT_3D('',#15093,#15094,#15095);
#15093 = CARTESIAN_POINT('',(149.45,2.,-10.07));
#15094 = DIRECTION('',(0.,1.,0.));
#15095 = DIRECTION('',(0.,0.,1.));
#15096 = DEFINITIONAL_REPRESENTATION('',(#15097),#15101);
#15097 = LINE('',#15098,#15099);
#15098 = CARTESIAN_POINT('',(15.47,-24.425));
#15099 = VECTOR('',#15100,1.);
#15100 = DIRECTION('',(0.,-1.));
#15101 = ( GEOMETRIC_REPRESENTATION_CONTEXT(2) 
PARAMETRIC_REPRESENTATION_CONTEXT() REPRESENTATION_CONTEXT('2D SPACE',''
  ) );
#15102 = ORIENTED_EDGE('',*,*,#15103,.T.);
#15103 = EDGE_CURVE('',#15076,#14930,#15104,.T.);
#15104 = SURFACE_CURVE('',#15105,(#15109,#15116),.PCURVE_S1.);
#15105 = LINE('',#15106,#15107);
#15106 = CARTESIAN_POINT('',(155.4,-8.4,5.4));
#15107 = VECTOR('',#15108,1.);
#15108 = DIRECTION('',(0.,1.,0.));
#15109 = PCURVE('',#14938,#15110);
#15110 = DEFINITIONAL_REPRESENTATION('',(#15111),#15115);
#15111 = LINE('',#15112,#15113);
#15112 = CARTESIAN_POINT('',(54.8,0.));
#15113 = VECTOR('',#15114,1.);
#15114 = DIRECTION('',(0.,1.));
#15115 = ( GEOMETRIC_REPRESENTATION_CONTEXT(2) 
PARAMETRIC_REPRESENTATION_CONTEXT() REPRESENTATION_CONTEXT('2D SPACE',''
  ) );
#15116 = PCURVE('',#15117,#15122);
#15117 = PLANE('',#15118);
#15118 = AXIS2_PLACEMENT_3D('',#15119,#15120,#15121);
#15119 = CARTESIAN_POINT('',(155.4,-8.4,-5.4));
#15120 = DIRECTION('',(1.,0.,0.));
#15121 = DIRECTION('',(0.,0.,1.));
#15122 = DEFINITIONAL_REPRESENTATION('',(#15123),#15127);
#15123 = LINE('',#15124,#15125);
#15124 = CARTESIAN_POINT('',(10.8,0.));
#15125 = VECTOR('',#15126,1.);
#15126 = DIRECTION('',(0.,-1.));
#15127 = ( GEOMETRIC_REPRESENTATION_CONTEXT(2) 
PARAMETRIC_REPRESENTATION_CONTEXT() REPRESENTATION_CONTEXT('2D SPACE',''
  ) );
#15128 = ADVANCED_FACE('',(#15129),#14950,.T.);
#15129 = FACE_BOUND('',#15130,.T.);
#15130 = EDGE_LOOP('',(#15131,#15161,#15182,#15183));
#15131 = ORIENTED_EDGE('',*,*,#15132,.F.);
#15132 = EDGE_CURVE('',#15133,#15135,#15137,.T.);
#15133 = VERTEX_POINT('',#15134);
#15134 = CARTESIAN_POINT('',(146.,8.4,-5.4));
#15135 = VERTEX_POINT('',#15136);
#15136 = CARTESIAN_POINT('',(155.4,8.4,-5.4));
#15137 = SURFACE_CURVE('',#15138,(#15142,#15149),.PCURVE_S1.);
#15138 = LINE('',#15139,#15140);
#15139 = CARTESIAN_POINT('',(100.6,8.4,-5.4));
#15140 = VECTOR('',#15141,1.);
#15141 = DIRECTION('',(1.,0.,0.));
#15142 = PCURVE('',#14950,#15143);
#15143 = DEFINITIONAL_REPRESENTATION('',(#15144),#15148);
#15144 = LINE('',#15145,#15146);
#15145 = CARTESIAN_POINT('',(0.,0.));
#15146 = VECTOR('',#15147,1.);
#15147 = DIRECTION('',(0.,1.));
#15148 = ( GEOMETRIC_REPRESENTATION_CONTEXT(2) 
PARAMETRIC_REPRESENTATION_CONTEXT() REPRESENTATION_CONTEXT('2D SPACE',''
  ) );
#15149 = PCURVE('',#15150,#15155);
#15150 = PLANE('',#15151);
#15151 = AXIS2_PLACEMENT_3D('',#15152,#15153,#15154);
#15152 = CARTESIAN_POINT('',(100.6,-8.4,-5.4));
#15153 = DIRECTION('',(0.,0.,1.));
#15154 = DIRECTION('',(1.,0.,0.));
#15155 = DEFINITIONAL_REPRESENTATION('',(#15156),#15160);
#15156 = LINE('',#15157,#15158);
#15157 = CARTESIAN_POINT('',(0.,16.8));
#15158 = VECTOR('',#15159,1.);
#15159 = DIRECTION('',(1.,0.));
#15160 = ( GEOMETRIC_REPRESENTATION_CONTEXT(2) 
PARAMETRIC_REPRESENTATION_CONTEXT() REPRESENTATION_CONTEXT('2D SPACE',''
  ) );
#15161 = ORIENTED_EDGE('',*,*,#15162,.F.);
#15162 = EDGE_CURVE('',#14928,#15133,#15163,.T.);
#15163 = SURFACE_CURVE('',#15164,(#15168,#15175),.PCURVE_S1.);
#15164 = LINE('',#15165,#15166);
#15165 = CARTESIAN_POINT('',(146.,8.4,-8.2));
#15166 = VECTOR('',#15167,1.);
#15167 = DIRECTION('',(0.,0.,-1.));
#15168 = PCURVE('',#14950,#15169);
#15169 = DEFINITIONAL_REPRESENTATION('',(#15170),#15174);
#15170 = LINE('',#15171,#15172);
#15171 = CARTESIAN_POINT('',(-2.8,45.4));
#15172 = VECTOR('',#15173,1.);
#15173 = DIRECTION('',(-1.,0.));
#15174 = ( GEOMETRIC_REPRESENTATION_CONTEXT(2) 
PARAMETRIC_REPRESENTATION_CONTEXT() REPRESENTATION_CONTEXT('2D SPACE',''
  ) );
#15175 = PCURVE('',#14978,#15176);
#15176 = DEFINITIONAL_REPRESENTATION('',(#15177),#15181);
#15177 = LINE('',#15178,#15179);
#15178 = CARTESIAN_POINT('',(2.8,-24.4));
#15179 = VECTOR('',#15180,1.);
#15180 = DIRECTION('',(-1.,0.));
#15181 = ( GEOMETRIC_REPRESENTATION_CONTEXT(2) 
PARAMETRIC_REPRESENTATION_CONTEXT() REPRESENTATION_CONTEXT('2D SPACE',''
  ) );
#15182 = ORIENTED_EDGE('',*,*,#14927,.T.);
#15183 = ORIENTED_EDGE('',*,*,#15184,.F.);
#15184 = EDGE_CURVE('',#15135,#14930,#15185,.T.);
#15185 = SURFACE_CURVE('',#15186,(#15190,#15197),.PCURVE_S1.);
#15186 = LINE('',#15187,#15188);
#15187 = CARTESIAN_POINT('',(155.4,8.4,-5.4));
#15188 = VECTOR('',#15189,1.);
#15189 = DIRECTION('',(0.,0.,1.));
#15190 = PCURVE('',#14950,#15191);
#15191 = DEFINITIONAL_REPRESENTATION('',(#15192),#15196);
#15192 = LINE('',#15193,#15194);
#15193 = CARTESIAN_POINT('',(0.,54.8));
#15194 = VECTOR('',#15195,1.);
#15195 = DIRECTION('',(1.,0.));
#15196 = ( GEOMETRIC_REPRESENTATION_CONTEXT(2) 
PARAMETRIC_REPRESENTATION_CONTEXT() REPRESENTATION_CONTEXT('2D SPACE',''
  ) );
#15197 = PCURVE('',#15117,#15198);
#15198 = DEFINITIONAL_REPRESENTATION('',(#15199),#15203);
#15199 = LINE('',#15200,#15201);
#15200 = CARTESIAN_POINT('',(0.,-16.8));
#15201 = VECTOR('',#15202,1.);
#15202 = DIRECTION('',(1.,0.));
#15203 = ( GEOMETRIC_REPRESENTATION_CONTEXT(2) 
PARAMETRIC_REPRESENTATION_CONTEXT() REPRESENTATION_CONTEXT('2D SPACE',''
  ) );
#15204 = ADVANCED_FACE('',(#15205),#15117,.T.);
#15205 = FACE_BOUND('',#15206,.T.);
#15206 = EDGE_LOOP('',(#15207,#15208,#15231,#15252));
#15207 = ORIENTED_EDGE('',*,*,#15103,.F.);
#15208 = ORIENTED_EDGE('',*,*,#15209,.F.);
#15209 = EDGE_CURVE('',#15210,#15076,#15212,.T.);
#15210 = VERTEX_POINT('',#15211);
#15211 = CARTESIAN_POINT('',(155.4,2.,-5.4));
#15212 = SURFACE_CURVE('',#15213,(#15217,#15224),.PCURVE_S1.);
#15213 = LINE('',#15214,#15215);
#15214 = CARTESIAN_POINT('',(155.4,2.,-7.735));
#15215 = VECTOR('',#15216,1.);
#15216 = DIRECTION('',(0.,0.,1.));
#15217 = PCURVE('',#15117,#15218);
#15218 = DEFINITIONAL_REPRESENTATION('',(#15219),#15223);
#15219 = LINE('',#15220,#15221);
#15220 = CARTESIAN_POINT('',(-2.335,-10.4));
#15221 = VECTOR('',#15222,1.);
#15222 = DIRECTION('',(1.,0.));
#15223 = ( GEOMETRIC_REPRESENTATION_CONTEXT(2) 
PARAMETRIC_REPRESENTATION_CONTEXT() REPRESENTATION_CONTEXT('2D SPACE',''
  ) );
#15224 = PCURVE('',#15091,#15225);
#15225 = DEFINITIONAL_REPRESENTATION('',(#15226),#15230);
#15226 = LINE('',#15227,#15228);
#15227 = CARTESIAN_POINT('',(2.335,5.95));
#15228 = VECTOR('',#15229,1.);
#15229 = DIRECTION('',(1.,0.));
#15230 = ( GEOMETRIC_REPRESENTATION_CONTEXT(2) 
PARAMETRIC_REPRESENTATION_CONTEXT() REPRESENTATION_CONTEXT('2D SPACE',''
  ) );
#15231 = ORIENTED_EDGE('',*,*,#15232,.T.);
#15232 = EDGE_CURVE('',#15210,#15135,#15233,.T.);
#15233 = SURFACE_CURVE('',#15234,(#15238,#15245),.PCURVE_S1.);
#15234 = LINE('',#15235,#15236);
#15235 = CARTESIAN_POINT('',(155.4,-8.4,-5.4));
#15236 = VECTOR('',#15237,1.);
#15237 = DIRECTION('',(0.,1.,0.));
#15238 = PCURVE('',#15117,#15239);
#15239 = DEFINITIONAL_REPRESENTATION('',(#15240),#15244);
#15240 = LINE('',#15241,#15242);
#15241 = CARTESIAN_POINT('',(0.,0.));
#15242 = VECTOR('',#15243,1.);
#15243 = DIRECTION('',(0.,-1.));
#15244 = ( GEOMETRIC_REPRESENTATION_CONTEXT(2) 
PARAMETRIC_REPRESENTATION_CONTEXT() REPRESENTATION_CONTEXT('2D SPACE',''
  ) );
#15245 = PCURVE('',#15150,#15246);
#15246 = DEFINITIONAL_REPRESENTATION('',(#15247),#15251);
#15247 = LINE('',#15248,#15249);
#15248 = CARTESIAN_POINT('',(54.8,0.));
#15249 = VECTOR('',#15250,1.);
#15250 = DIRECTION('',(0.,1.));
#15251 = ( GEOMETRIC_REPRESENTATION_CONTEXT(2) 
PARAMETRIC_REPRESENTATION_CONTEXT() REPRESENTATION_CONTEXT('2D SPACE',''
  ) );
#15252 = ORIENTED_EDGE('',*,*,#15184,.T.);
#15253 = ADVANCED_FACE('',(#15254),#15091,.F.);
#15254 = FACE_BOUND('',#15255,.F.);
#15255 = EDGE_LOOP('',(#15256,#15279,#15300,#15301));
#15256 = ORIENTED_EDGE('',*,*,#15257,.T.);
#15257 = EDGE_CURVE('',#15210,#15258,#15260,.T.);
#15258 = VERTEX_POINT('',#15259);
#15259 = CARTESIAN_POINT('',(150.95,2.,-5.4));
#15260 = SURFACE_CURVE('',#15261,(#15265,#15272),.PCURVE_S1.);
#15261 = LINE('',#15262,#15263);
#15262 = CARTESIAN_POINT('',(125.025,2.,-5.4));
#15263 = VECTOR('',#15264,1.);
#15264 = DIRECTION('',(-1.,0.,0.));
#15265 = PCURVE('',#15091,#15266);
#15266 = DEFINITIONAL_REPRESENTATION('',(#15267),#15271);
#15267 = LINE('',#15268,#15269);
#15268 = CARTESIAN_POINT('',(4.67,-24.425));
#15269 = VECTOR('',#15270,1.);
#15270 = DIRECTION('',(0.,-1.));
#15271 = ( GEOMETRIC_REPRESENTATION_CONTEXT(2) 
PARAMETRIC_REPRESENTATION_CONTEXT() REPRESENTATION_CONTEXT('2D SPACE',''
  ) );
#15272 = PCURVE('',#15150,#15273);
#15273 = DEFINITIONAL_REPRESENTATION('',(#15274),#15278);
#15274 = LINE('',#15275,#15276);
#15275 = CARTESIAN_POINT('',(24.425,10.4));
#15276 = VECTOR('',#15277,1.);
#15277 = DIRECTION('',(-1.,0.));
#15278 = ( GEOMETRIC_REPRESENTATION_CONTEXT(2) 
PARAMETRIC_REPRESENTATION_CONTEXT() REPRESENTATION_CONTEXT('2D SPACE',''
  ) );
#15279 = ORIENTED_EDGE('',*,*,#15280,.T.);
#15280 = EDGE_CURVE('',#15258,#15047,#15281,.T.);
#15281 = SURFACE_CURVE('',#15282,(#15286,#15293),.PCURVE_S1.);
#15282 = LINE('',#15283,#15284);
#15283 = CARTESIAN_POINT('',(150.95,2.,-10.07));
#15284 = VECTOR('',#15285,1.);
#15285 = DIRECTION('',(0.,0.,1.));
#15286 = PCURVE('',#15091,#15287);
#15287 = DEFINITIONAL_REPRESENTATION('',(#15288),#15292);
#15288 = LINE('',#15289,#15290);
#15289 = CARTESIAN_POINT('',(0.,1.5));
#15290 = VECTOR('',#15291,1.);
#15291 = DIRECTION('',(1.,0.));
#15292 = ( GEOMETRIC_REPRESENTATION_CONTEXT(2) 
PARAMETRIC_REPRESENTATION_CONTEXT() REPRESENTATION_CONTEXT('2D SPACE',''
  ) );
#15293 = PCURVE('',#15063,#15294);
#15294 = DEFINITIONAL_REPRESENTATION('',(#15295),#15299);
#15295 = LINE('',#15296,#15297);
#15296 = CARTESIAN_POINT('',(-1.570796326795,0.));
#15297 = VECTOR('',#15298,1.);
#15298 = DIRECTION('',(-0.,1.));
#15299 = ( GEOMETRIC_REPRESENTATION_CONTEXT(2) 
PARAMETRIC_REPRESENTATION_CONTEXT() REPRESENTATION_CONTEXT('2D SPACE',''
  ) );
#15300 = ORIENTED_EDGE('',*,*,#15075,.F.);
#15301 = ORIENTED_EDGE('',*,*,#15209,.F.);
#15302 = ADVANCED_FACE('',(#15303),#15063,.F.);
#15303 = FACE_BOUND('',#15304,.T.);
#15304 = EDGE_LOOP('',(#15305,#15328,#15350,#15351));
#15305 = ORIENTED_EDGE('',*,*,#15306,.F.);
#15306 = EDGE_CURVE('',#15307,#15019,#15309,.T.);
#15307 = VERTEX_POINT('',#15308);
#15308 = CARTESIAN_POINT('',(149.45,0.5,-5.4));
#15309 = SURFACE_CURVE('',#15310,(#15314,#15321),.PCURVE_S1.);
#15310 = LINE('',#15311,#15312);
#15311 = CARTESIAN_POINT('',(149.45,0.5,-10.07));
#15312 = VECTOR('',#15313,1.);
#15313 = DIRECTION('',(0.,0.,1.));
#15314 = PCURVE('',#15063,#15315);
#15315 = DEFINITIONAL_REPRESENTATION('',(#15316),#15320);
#15316 = LINE('',#15317,#15318);
#15317 = CARTESIAN_POINT('',(-0.,0.));
#15318 = VECTOR('',#15319,1.);
#15319 = DIRECTION('',(-0.,1.));
#15320 = ( GEOMETRIC_REPRESENTATION_CONTEXT(2) 
PARAMETRIC_REPRESENTATION_CONTEXT() REPRESENTATION_CONTEXT('2D SPACE',''
  ) );
#15321 = PCURVE('',#15034,#15322);
#15322 = DEFINITIONAL_REPRESENTATION('',(#15323),#15327);
#15323 = LINE('',#15324,#15325);
#15324 = CARTESIAN_POINT('',(0.,-38.5));
#15325 = VECTOR('',#15326,1.);
#15326 = DIRECTION('',(1.,0.));
#15327 = ( GEOMETRIC_REPRESENTATION_CONTEXT(2) 
PARAMETRIC_REPRESENTATION_CONTEXT() REPRESENTATION_CONTEXT('2D SPACE',''
  ) );
#15328 = ORIENTED_EDGE('',*,*,#15329,.F.);
#15329 = EDGE_CURVE('',#15258,#15307,#15330,.T.);
#15330 = SURFACE_CURVE('',#15331,(#15336,#15343),.PCURVE_S1.);
#15331 = CIRCLE('',#15332,1.5);
#15332 = AXIS2_PLACEMENT_3D('',#15333,#15334,#15335);
#15333 = CARTESIAN_POINT('',(150.95,0.5,-5.4));
#15334 = DIRECTION('',(0.,0.,1.));
#15335 = DIRECTION('',(-1.,-0.,0.));
#15336 = PCURVE('',#15063,#15337);
#15337 = DEFINITIONAL_REPRESENTATION('',(#15338),#15342);
#15338 = LINE('',#15339,#15340);
#15339 = CARTESIAN_POINT('',(-6.28318530718,4.67));
#15340 = VECTOR('',#15341,1.);
#15341 = DIRECTION('',(1.,-0.));
#15342 = ( GEOMETRIC_REPRESENTATION_CONTEXT(2) 
PARAMETRIC_REPRESENTATION_CONTEXT() REPRESENTATION_CONTEXT('2D SPACE',''
  ) );
#15343 = PCURVE('',#15150,#15344);
#15344 = DEFINITIONAL_REPRESENTATION('',(#15345),#15349);
#15345 = CIRCLE('',#15346,1.5);
#15346 = AXIS2_PLACEMENT_2D('',#15347,#15348);
#15347 = CARTESIAN_POINT('',(50.35,8.9));
#15348 = DIRECTION('',(-1.,0.));
#15349 = ( GEOMETRIC_REPRESENTATION_CONTEXT(2) 
PARAMETRIC_REPRESENTATION_CONTEXT() REPRESENTATION_CONTEXT('2D SPACE',''
  ) );
#15350 = ORIENTED_EDGE('',*,*,#15280,.T.);
#15351 = ORIENTED_EDGE('',*,*,#15046,.T.);
#15352 = ADVANCED_FACE('',(#15353),#15034,.T.);
#15353 = FACE_BOUND('',#15354,.T.);
#15354 = EDGE_LOOP('',(#15355,#15378,#15379,#15380));
#15355 = ORIENTED_EDGE('',*,*,#15356,.T.);
#15356 = EDGE_CURVE('',#15357,#15307,#15359,.T.);
#15357 = VERTEX_POINT('',#15358);
#15358 = CARTESIAN_POINT('',(149.45,-8.4,-5.4));
#15359 = SURFACE_CURVE('',#15360,(#15364,#15371),.PCURVE_S1.);
#15360 = LINE('',#15361,#15362);
#15361 = CARTESIAN_POINT('',(149.45,-23.2,-5.4));
#15362 = VECTOR('',#15363,1.);
#15363 = DIRECTION('',(0.,1.,0.));
#15364 = PCURVE('',#15034,#15365);
#15365 = DEFINITIONAL_REPRESENTATION('',(#15366),#15370);
#15366 = LINE('',#15367,#15368);
#15367 = CARTESIAN_POINT('',(4.67,-14.8));
#15368 = VECTOR('',#15369,1.);
#15369 = DIRECTION('',(0.,-1.));
#15370 = ( GEOMETRIC_REPRESENTATION_CONTEXT(2) 
PARAMETRIC_REPRESENTATION_CONTEXT() REPRESENTATION_CONTEXT('2D SPACE',''
  ) );
#15371 = PCURVE('',#15150,#15372);
#15372 = DEFINITIONAL_REPRESENTATION('',(#15373),#15377);
#15373 = LINE('',#15374,#15375);
#15374 = CARTESIAN_POINT('',(48.85,-14.8));
#15375 = VECTOR('',#15376,1.);
#15376 = DIRECTION('',(0.,1.));
#15377 = ( GEOMETRIC_REPRESENTATION_CONTEXT(2) 
PARAMETRIC_REPRESENTATION_CONTEXT() REPRESENTATION_CONTEXT('2D SPACE',''
  ) );
#15378 = ORIENTED_EDGE('',*,*,#15306,.T.);
#15379 = ORIENTED_EDGE('',*,*,#15018,.F.);
#15380 = ORIENTED_EDGE('',*,*,#15381,.T.);
#15381 = EDGE_CURVE('',#14991,#15357,#15382,.T.);
#15382 = SURFACE_CURVE('',#15383,(#15387,#15394),.PCURVE_S1.);
#15383 = LINE('',#15384,#15385);
#15384 = CARTESIAN_POINT('',(149.45,-8.4,-7.735));
#15385 = VECTOR('',#15386,1.);
#15386 = DIRECTION('',(0.,0.,-1.));
#15387 = PCURVE('',#15034,#15388);
#15388 = DEFINITIONAL_REPRESENTATION('',(#15389),#15393);
#15389 = LINE('',#15390,#15391);
#15390 = CARTESIAN_POINT('',(2.335,-29.6));
#15391 = VECTOR('',#15392,1.);
#15392 = DIRECTION('',(-1.,0.));
#15393 = ( GEOMETRIC_REPRESENTATION_CONTEXT(2) 
PARAMETRIC_REPRESENTATION_CONTEXT() REPRESENTATION_CONTEXT('2D SPACE',''
  ) );
#15394 = PCURVE('',#15006,#15395);
#15395 = DEFINITIONAL_REPRESENTATION('',(#15396),#15400);
#15396 = LINE('',#15397,#15398);
#15397 = CARTESIAN_POINT('',(-2.335,48.85));
#15398 = VECTOR('',#15399,1.);
#15399 = DIRECTION('',(-1.,0.));
#15400 = ( GEOMETRIC_REPRESENTATION_CONTEXT(2) 
PARAMETRIC_REPRESENTATION_CONTEXT() REPRESENTATION_CONTEXT('2D SPACE',''
  ) );
#15401 = ADVANCED_FACE('',(#15402),#15006,.F.);
#15402 = FACE_BOUND('',#15403,.F.);
#15403 = EDGE_LOOP('',(#15404,#15427,#15448,#15449));
#15404 = ORIENTED_EDGE('',*,*,#15405,.F.);
#15405 = EDGE_CURVE('',#15406,#15357,#15408,.T.);
#15406 = VERTEX_POINT('',#15407);
#15407 = CARTESIAN_POINT('',(146.,-8.4,-5.4));
#15408 = SURFACE_CURVE('',#15409,(#15413,#15420),.PCURVE_S1.);
#15409 = LINE('',#15410,#15411);
#15410 = CARTESIAN_POINT('',(100.6,-8.4,-5.4));
#15411 = VECTOR('',#15412,1.);
#15412 = DIRECTION('',(1.,0.,0.));
#15413 = PCURVE('',#15006,#15414);
#15414 = DEFINITIONAL_REPRESENTATION('',(#15415),#15419);
#15415 = LINE('',#15416,#15417);
#15416 = CARTESIAN_POINT('',(0.,0.));
#15417 = VECTOR('',#15418,1.);
#15418 = DIRECTION('',(0.,1.));
#15419 = ( GEOMETRIC_REPRESENTATION_CONTEXT(2) 
PARAMETRIC_REPRESENTATION_CONTEXT() REPRESENTATION_CONTEXT('2D SPACE',''
  ) );
#15420 = PCURVE('',#15150,#15421);
#15421 = DEFINITIONAL_REPRESENTATION('',(#15422),#15426);
#15422 = LINE('',#15423,#15424);
#15423 = CARTESIAN_POINT('',(0.,0.));
#15424 = VECTOR('',#15425,1.);
#15425 = DIRECTION('',(1.,0.));
#15426 = ( GEOMETRIC_REPRESENTATION_CONTEXT(2) 
PARAMETRIC_REPRESENTATION_CONTEXT() REPRESENTATION_CONTEXT('2D SPACE',''
  ) );
#15427 = ORIENTED_EDGE('',*,*,#15428,.F.);
#15428 = EDGE_CURVE('',#14963,#15406,#15429,.T.);
#15429 = SURFACE_CURVE('',#15430,(#15434,#15441),.PCURVE_S1.);
#15430 = LINE('',#15431,#15432);
#15431 = CARTESIAN_POINT('',(146.,-8.4,-8.2));
#15432 = VECTOR('',#15433,1.);
#15433 = DIRECTION('',(0.,0.,-1.));
#15434 = PCURVE('',#15006,#15435);
#15435 = DEFINITIONAL_REPRESENTATION('',(#15436),#15440);
#15436 = LINE('',#15437,#15438);
#15437 = CARTESIAN_POINT('',(-2.8,45.4));
#15438 = VECTOR('',#15439,1.);
#15439 = DIRECTION('',(-1.,0.));
#15440 = ( GEOMETRIC_REPRESENTATION_CONTEXT(2) 
PARAMETRIC_REPRESENTATION_CONTEXT() REPRESENTATION_CONTEXT('2D SPACE',''
  ) );
#15441 = PCURVE('',#14978,#15442);
#15442 = DEFINITIONAL_REPRESENTATION('',(#15443),#15447);
#15443 = LINE('',#15444,#15445);
#15444 = CARTESIAN_POINT('',(2.8,-7.6));
#15445 = VECTOR('',#15446,1.);
#15446 = DIRECTION('',(-1.,0.));
#15447 = ( GEOMETRIC_REPRESENTATION_CONTEXT(2) 
PARAMETRIC_REPRESENTATION_CONTEXT() REPRESENTATION_CONTEXT('2D SPACE',''
  ) );
#15448 = ORIENTED_EDGE('',*,*,#14990,.T.);
#15449 = ORIENTED_EDGE('',*,*,#15381,.T.);
#15450 = ADVANCED_FACE('',(#15451),#14978,.F.);
#15451 = FACE_BOUND('',#15452,.F.);
#15452 = EDGE_LOOP('',(#15453,#15454,#15455,#15476));
#15453 = ORIENTED_EDGE('',*,*,#14962,.F.);
#15454 = ORIENTED_EDGE('',*,*,#15428,.T.);
#15455 = ORIENTED_EDGE('',*,*,#15456,.T.);
#15456 = EDGE_CURVE('',#15406,#15133,#15457,.T.);
#15457 = SURFACE_CURVE('',#15458,(#15462,#15469),.PCURVE_S1.);
#15458 = LINE('',#15459,#15460);
#15459 = CARTESIAN_POINT('',(146.,-12.2,-5.4));
#15460 = VECTOR('',#15461,1.);
#15461 = DIRECTION('',(0.,1.,0.));
#15462 = PCURVE('',#14978,#15463);
#15463 = DEFINITIONAL_REPRESENTATION('',(#15464),#15468);
#15464 = LINE('',#15465,#15466);
#15465 = CARTESIAN_POINT('',(5.6,-3.8));
#15466 = VECTOR('',#15467,1.);
#15467 = DIRECTION('',(0.,-1.));
#15468 = ( GEOMETRIC_REPRESENTATION_CONTEXT(2) 
PARAMETRIC_REPRESENTATION_CONTEXT() REPRESENTATION_CONTEXT('2D SPACE',''
  ) );
#15469 = PCURVE('',#15150,#15470);
#15470 = DEFINITIONAL_REPRESENTATION('',(#15471),#15475);
#15471 = LINE('',#15472,#15473);
#15472 = CARTESIAN_POINT('',(45.4,-3.8));
#15473 = VECTOR('',#15474,1.);
#15474 = DIRECTION('',(0.,1.));
#15475 = ( GEOMETRIC_REPRESENTATION_CONTEXT(2) 
PARAMETRIC_REPRESENTATION_CONTEXT() REPRESENTATION_CONTEXT('2D SPACE',''
  ) );
#15476 = ORIENTED_EDGE('',*,*,#15162,.F.);
#15477 = ADVANCED_FACE('',(#15478),#15150,.F.);
#15478 = FACE_BOUND('',#15479,.F.);
#15479 = EDGE_LOOP('',(#15480,#15481,#15482,#15483,#15484,#15485,#15486)
  );
#15480 = ORIENTED_EDGE('',*,*,#15132,.F.);
#15481 = ORIENTED_EDGE('',*,*,#15456,.F.);
#15482 = ORIENTED_EDGE('',*,*,#15405,.T.);
#15483 = ORIENTED_EDGE('',*,*,#15356,.T.);
#15484 = ORIENTED_EDGE('',*,*,#15329,.F.);
#15485 = ORIENTED_EDGE('',*,*,#15257,.F.);
#15486 = ORIENTED_EDGE('',*,*,#15232,.T.);
#15487 = ORIENTED_CLOSED_SHELL('',*,#15488,.F.);
#15488 = CLOSED_SHELL('',(#15489,#15577,#15581));
#15489 = ADVANCED_FACE('',(#15490),#15504,.T.);
#15490 = FACE_BOUND('',#15491,.T.);
#15491 = EDGE_LOOP('',(#15492,#15522,#15549,#15550));
#15492 = ORIENTED_EDGE('',*,*,#15493,.T.);
#15493 = EDGE_CURVE('',#15494,#15496,#15498,.T.);
#15494 = VERTEX_POINT('',#15495);
#15495 = CARTESIAN_POINT('',(176.5,0.,31.57));
#15496 = VERTEX_POINT('',#15497);
#15497 = CARTESIAN_POINT('',(176.5,0.,25.07));
#15498 = SEAM_CURVE('',#15499,(#15503,#15515),.PCURVE_S1.);
#15499 = LINE('',#15500,#15501);
#15500 = CARTESIAN_POINT('',(176.5,0.,31.57));
#15501 = VECTOR('',#15502,1.);
#15502 = DIRECTION('',(-0.,-0.,-1.));
#15503 = PCURVE('',#15504,#15509);
#15504 = CYLINDRICAL_SURFACE('',#15505,1.5);
#15505 = AXIS2_PLACEMENT_3D('',#15506,#15507,#15508);
#15506 = CARTESIAN_POINT('',(175.,0.,31.57));
#15507 = DIRECTION('',(0.,0.,1.));
#15508 = DIRECTION('',(1.,0.,0.));
#15509 = DEFINITIONAL_REPRESENTATION('',(#15510),#15514);
#15510 = LINE('',#15511,#15512);
#15511 = CARTESIAN_POINT('',(0.,0.));
#15512 = VECTOR('',#15513,1.);
#15513 = DIRECTION('',(0.,-1.));
#15514 = ( GEOMETRIC_REPRESENTATION_CONTEXT(2) 
PARAMETRIC_REPRESENTATION_CONTEXT() REPRESENTATION_CONTEXT('2D SPACE',''
  ) );
#15515 = PCURVE('',#15504,#15516);
#15516 = DEFINITIONAL_REPRESENTATION('',(#15517),#15521);
#15517 = LINE('',#15518,#15519);
#15518 = CARTESIAN_POINT('',(6.28318530718,0.));
#15519 = VECTOR('',#15520,1.);
#15520 = DIRECTION('',(0.,-1.));
#15521 = ( GEOMETRIC_REPRESENTATION_CONTEXT(2) 
PARAMETRIC_REPRESENTATION_CONTEXT() REPRESENTATION_CONTEXT('2D SPACE',''
  ) );
#15522 = ORIENTED_EDGE('',*,*,#15523,.T.);
#15523 = EDGE_CURVE('',#15496,#15496,#15524,.T.);
#15524 = SURFACE_CURVE('',#15525,(#15530,#15537),.PCURVE_S1.);
#15525 = CIRCLE('',#15526,1.5);
#15526 = AXIS2_PLACEMENT_3D('',#15527,#15528,#15529);
#15527 = CARTESIAN_POINT('',(175.,0.,25.07));
#15528 = DIRECTION('',(0.,0.,1.));
#15529 = DIRECTION('',(1.,0.,0.));
#15530 = PCURVE('',#15504,#15531);
#15531 = DEFINITIONAL_REPRESENTATION('',(#15532),#15536);
#15532 = LINE('',#15533,#15534);
#15533 = CARTESIAN_POINT('',(0.,-6.5));
#15534 = VECTOR('',#15535,1.);
#15535 = DIRECTION('',(1.,0.));
#15536 = ( GEOMETRIC_REPRESENTATION_CONTEXT(2) 
PARAMETRIC_REPRESENTATION_CONTEXT() REPRESENTATION_CONTEXT('2D SPACE',''
  ) );
#15537 = PCURVE('',#15538,#15543);
#15538 = PLANE('',#15539);
#15539 = AXIS2_PLACEMENT_3D('',#15540,#15541,#15542);
#15540 = CARTESIAN_POINT('',(175.,-4.255667768225E-18,25.07));
#15541 = DIRECTION('',(0.,0.,1.));
#15542 = DIRECTION('',(1.,0.,-0.));
#15543 = DEFINITIONAL_REPRESENTATION('',(#15544),#15548);
#15544 = CIRCLE('',#15545,1.5);
#15545 = AXIS2_PLACEMENT_2D('',#15546,#15547);
#15546 = CARTESIAN_POINT('',(0.,4.255667768225E-18));
#15547 = DIRECTION('',(1.,0.));
#15548 = ( GEOMETRIC_REPRESENTATION_CONTEXT(2) 
PARAMETRIC_REPRESENTATION_CONTEXT() REPRESENTATION_CONTEXT('2D SPACE',''
  ) );
#15549 = ORIENTED_EDGE('',*,*,#15493,.F.);
#15550 = ORIENTED_EDGE('',*,*,#15551,.F.);
#15551 = EDGE_CURVE('',#15494,#15494,#15552,.T.);
#15552 = SURFACE_CURVE('',#15553,(#15558,#15565),.PCURVE_S1.);
#15553 = CIRCLE('',#15554,1.5);
#15554 = AXIS2_PLACEMENT_3D('',#15555,#15556,#15557);
#15555 = CARTESIAN_POINT('',(175.,0.,31.57));
#15556 = DIRECTION('',(0.,0.,1.));
#15557 = DIRECTION('',(1.,0.,0.));
#15558 = PCURVE('',#15504,#15559);
#15559 = DEFINITIONAL_REPRESENTATION('',(#15560),#15564);
#15560 = LINE('',#15561,#15562);
#15561 = CARTESIAN_POINT('',(0.,0.));
#15562 = VECTOR('',#15563,1.);
#15563 = DIRECTION('',(1.,0.));
#15564 = ( GEOMETRIC_REPRESENTATION_CONTEXT(2) 
PARAMETRIC_REPRESENTATION_CONTEXT() REPRESENTATION_CONTEXT('2D SPACE',''
  ) );
#15565 = PCURVE('',#15566,#15571);
#15566 = PLANE('',#15567);
#15567 = AXIS2_PLACEMENT_3D('',#15568,#15569,#15570);
#15568 = CARTESIAN_POINT('',(175.,-4.255667768225E-18,31.57));
#15569 = DIRECTION('',(0.,0.,1.));
#15570 = DIRECTION('',(1.,0.,-0.));
#15571 = DEFINITIONAL_REPRESENTATION('',(#15572),#15576);
#15572 = CIRCLE('',#15573,1.5);
#15573 = AXIS2_PLACEMENT_2D('',#15574,#15575);
#15574 = CARTESIAN_POINT('',(0.,4.255667768225E-18));
#15575 = DIRECTION('',(1.,0.));
#15576 = ( GEOMETRIC_REPRESENTATION_CONTEXT(2) 
PARAMETRIC_REPRESENTATION_CONTEXT() REPRESENTATION_CONTEXT('2D SPACE',''
  ) );
#15577 = ADVANCED_FACE('',(#15578),#15566,.T.);
#15578 = FACE_BOUND('',#15579,.T.);
#15579 = EDGE_LOOP('',(#15580));
#15580 = ORIENTED_EDGE('',*,*,#15551,.T.);
#15581 = ADVANCED_FACE('',(#15582),#15538,.F.);
#15582 = FACE_BOUND('',#15583,.F.);
#15583 = EDGE_LOOP('',(#15584));
#15584 = ORIENTED_EDGE('',*,*,#15523,.T.);
#15585 = ( GEOMETRIC_REPRESENTATION_CONTEXT(3) 
GLOBAL_UNCERTAINTY_ASSIGNED_CONTEXT((#15589)) 
GLOBAL_UNIT_ASSIGNED_CONTEXT((#15586,#15587,#15588)) 
REPRESENTATION_CONTEXT('Context #1',
  '3D Context with UNIT and UNCERTAINTY') );
#15586 = ( LENGTH_UNIT() NAMED_UNIT(*) SI_UNIT(.MILLI.,.METRE.) );
#15587 = ( NAMED_UNIT(*) PLANE_ANGLE_UNIT() SI_UNIT($,.RADIAN.) );
#15588 = ( NAMED_UNIT(*) SI_UNIT($,.STERADIAN.) SOLID_ANGLE_UNIT() );
#15589 = UNCERTAINTY_MEASURE_WITH_UNIT(LENGTH_MEASURE(1.E-07),#15586,
  'distance_accuracy_value','confusion accuracy');
#15590 = PRODUCT_RELATED_PRODUCT_CATEGORY('part',$,(#7));
ENDSEC;
END-ISO-10303-21;
