ISO-10303-21;
HEADER;
FILE_DESCRIPTION(('Open CASCADE Model'),'2;1');
FILE_NAME('Open CASCADE Shape Model','2026-08-25T14:00:42',('Author'),(
    'Open CASCADE'),'Open CASCADE STEP processor 7.9','Open CASCADE 7.9'
  ,'Unknown');
FILE_SCHEMA(('AUTOMOTIVE_DESIGN { 1 0 10303 214 1 1 1 1 }'));
ENDSEC;
DATA;
#1 = APPLICATION_PROTOCOL_DEFINITION('international standard',
  'automotive_design',2000,#2);
#2 = APPLICATION_CONTEXT(
  'core data for automotive mechanical design processes');
#3 = SHAPE_DEFINITION_REPRESENTATION(#4,#10);
#4 = PRODUCT_DEFINITION_SHAPE('','',#5);
#5 = PRODUCT_DEFINITION('design','',#6,#9);
#6 = PRODUCT_DEFINITION_FORMATION('','',#7);
#7 = PRODUCT('Open CASCADE STEP translator 7.9 1',
  'Open CASCADE STEP translator 7.9 1','',(#8));
#8 = PRODUCT_CONTEXT('',#2,'mechanical');
#9 = PRODUCT_DEFINITION_CONTEXT('part definition',#2,'design');
#10 = ADVANCED_BREP_SHAPE_REPRESENTATION('',(#11,#15),#9843);
#11 = AXIS2_PLACEMENT_3D('',#12,#13,#14);
#12 = CARTESIAN_POINT('',(0.,0.,0.));
#13 = DIRECTION('',(0.,0.,1.));
#14 = DIRECTION('',(1.,0.,-0.));
#15 = MANIFOLD_SOLID_BREP('',#16);
#16 = CLOSED_SHELL('',(#17,#137,#600,#650,#829,#1086,#1141,#1222,#1388,
    #1582,#1677,#1808,#1835,#1910,#2041,#2093,#2174,#2201,#2353,#2380,
    #2456,#2532,#2794,#3054,#3148,#3238,#3326,#3405,#3484,#3562,#3652,
    #3726,#3800,#3902,#3934,#3991,#4093,#4171,#4178,#4438,#4614,#4792,
    #4886,#4980,#5066,#5106,#5146,#5232,#5272,#5312,#5388,#5418,#5448,
    #5524,#5610,#5635,#5660,#5741,#5766,#5847,#5872,#5948,#5978,#6008,
    #6084,#6160,#6236,#6263,#6290,#6317,#6344,#6430,#6460,#6490,#6535,
    #6611,#6692,#6732,#6808,#6884,#7007,#7130,#7224,#7337,#7450,#7539,
    #7624,#7655,#7686,#7764,#7795,#7828,#7904,#7976,#8002,#8074,#8102,
    #8169,#8200,#8231,#8304,#8369,#8434,#8692,#8733,#8774,#8897,#8984,
    #9306,#9347,#9432,#9517,#9523,#9529,#9536,#9542,#9548,#9554,#9560,
    #9567,#9573,#9579,#9586,#9592,#9598,#9604,#9610,#9616,#9622,#9676,
    #9682,#9739,#9745,#9784,#9839));
#17 = ADVANCED_FACE('',(#18),#32,.F.);
#18 = FACE_BOUND('',#19,.F.);
#19 = EDGE_LOOP('',(#20,#55,#83,#111));
#20 = ORIENTED_EDGE('',*,*,#21,.F.);
#21 = EDGE_CURVE('',#22,#24,#26,.T.);
#22 = VERTEX_POINT('',#23);
#23 = CARTESIAN_POINT('',(-2.22044604925E-16,-15.5,11.));
#24 = VERTEX_POINT('',#25);
#25 = CARTESIAN_POINT('',(-2.22044604925E-16,15.5,11.));
#26 = SURFACE_CURVE('',#27,(#31,#43),.PCURVE_S1.);
#27 = LINE('',#28,#29);
#28 = CARTESIAN_POINT('',(0.,-17.,11.));
#29 = VECTOR('',#30,1.);
#30 = DIRECTION('',(0.,1.,0.));
#31 = PCURVE('',#32,#37);
#32 = PLANE('',#33);
#33 = AXIS2_PLACEMENT_3D('',#34,#35,#36);
#34 = CARTESIAN_POINT('',(0.,-17.,-11.));
#35 = DIRECTION('',(1.,0.,0.));
#36 = DIRECTION('',(0.,0.,1.));
#37 = DEFINITIONAL_REPRESENTATION('',(#38),#42);
#38 = LINE('',#39,#40);
#39 = CARTESIAN_POINT('',(22.,0.));
#40 = VECTOR('',#41,1.);
#41 = DIRECTION('',(0.,-1.));
#42 = ( GEOMETRIC_REPRESENTATION_CONTEXT(2) 
PARAMETRIC_REPRESENTATION_CONTEXT() REPRESENTATION_CONTEXT('2D SPACE',''
  ) );
#43 = PCURVE('',#44,#49);
#44 = PLANE('',#45);
#45 = AXIS2_PLACEMENT_3D('',#46,#47,#48);
#46 = CARTESIAN_POINT('',(0.,-17.,11.));
#47 = DIRECTION('',(0.,0.,1.));
#48 = DIRECTION('',(1.,0.,0.));
#49 = DEFINITIONAL_REPRESENTATION('',(#50),#54);
#50 = LINE('',#51,#52);
#51 = CARTESIAN_POINT('',(0.,0.));
#52 = VECTOR('',#53,1.);
#53 = DIRECTION('',(0.,1.));
#54 = ( GEOMETRIC_REPRESENTATION_CONTEXT(2) 
PARAMETRIC_REPRESENTATION_CONTEXT() REPRESENTATION_CONTEXT('2D SPACE',''
  ) );
#55 = ORIENTED_EDGE('',*,*,#56,.F.);
#56 = EDGE_CURVE('',#57,#22,#59,.T.);
#57 = VERTEX_POINT('',#58);
#58 = CARTESIAN_POINT('',(-2.22044604925E-16,-15.5,-11.));
#59 = SURFACE_CURVE('',#60,(#64,#71),.PCURVE_S1.);
#60 = LINE('',#61,#62);
#61 = CARTESIAN_POINT('',(-2.22044604925E-16,-15.5,-11.));
#62 = VECTOR('',#63,1.);
#63 = DIRECTION('',(0.,0.,1.));
#64 = PCURVE('',#32,#65);
#65 = DEFINITIONAL_REPRESENTATION('',(#66),#70);
#66 = LINE('',#67,#68);
#67 = CARTESIAN_POINT('',(0.,-1.5));
#68 = VECTOR('',#69,1.);
#69 = DIRECTION('',(1.,0.));
#70 = ( GEOMETRIC_REPRESENTATION_CONTEXT(2) 
PARAMETRIC_REPRESENTATION_CONTEXT() REPRESENTATION_CONTEXT('2D SPACE',''
  ) );
#71 = PCURVE('',#72,#77);
#72 = CYLINDRICAL_SURFACE('',#73,1.5);
#73 = AXIS2_PLACEMENT_3D('',#74,#75,#76);
#74 = CARTESIAN_POINT('',(1.5,-15.5,-11.));
#75 = DIRECTION('',(0.,0.,1.));
#76 = DIRECTION('',(-1.,-0.,0.));
#77 = DEFINITIONAL_REPRESENTATION('',(#78),#82);
#78 = LINE('',#79,#80);
#79 = CARTESIAN_POINT('',(0.,0.));
#80 = VECTOR('',#81,1.);
#81 = DIRECTION('',(0.,1.));
#82 = ( GEOMETRIC_REPRESENTATION_CONTEXT(2) 
PARAMETRIC_REPRESENTATION_CONTEXT() REPRESENTATION_CONTEXT('2D SPACE',''
  ) );
#83 = ORIENTED_EDGE('',*,*,#84,.T.);
#84 = EDGE_CURVE('',#57,#85,#87,.T.);
#85 = VERTEX_POINT('',#86);
#86 = CARTESIAN_POINT('',(-2.22044604925E-16,15.5,-11.));
#87 = SURFACE_CURVE('',#88,(#92,#99),.PCURVE_S1.);
#88 = LINE('',#89,#90);
#89 = CARTESIAN_POINT('',(0.,-17.,-11.));
#90 = VECTOR('',#91,1.);
#91 = DIRECTION('',(0.,1.,0.));
#92 = PCURVE('',#32,#93);
#93 = DEFINITIONAL_REPRESENTATION('',(#94),#98);
#94 = LINE('',#95,#96);
#95 = CARTESIAN_POINT('',(0.,0.));
#96 = VECTOR('',#97,1.);
#97 = DIRECTION('',(0.,-1.));
#98 = ( GEOMETRIC_REPRESENTATION_CONTEXT(2) 
PARAMETRIC_REPRESENTATION_CONTEXT() REPRESENTATION_CONTEXT('2D SPACE',''
  ) );
#99 = PCURVE('',#100,#105);
#100 = PLANE('',#101);
#101 = AXIS2_PLACEMENT_3D('',#102,#103,#104);
#102 = CARTESIAN_POINT('',(0.,-17.,-11.));
#103 = DIRECTION('',(0.,0.,1.));
#104 = DIRECTION('',(1.,0.,0.));
#105 = DEFINITIONAL_REPRESENTATION('',(#106),#110);
#106 = LINE('',#107,#108);
#107 = CARTESIAN_POINT('',(0.,0.));
#108 = VECTOR('',#109,1.);
#109 = DIRECTION('',(0.,1.));
#110 = ( GEOMETRIC_REPRESENTATION_CONTEXT(2) 
PARAMETRIC_REPRESENTATION_CONTEXT() REPRESENTATION_CONTEXT('2D SPACE',''
  ) );
#111 = ORIENTED_EDGE('',*,*,#112,.T.);
#112 = EDGE_CURVE('',#85,#24,#113,.T.);
#113 = SURFACE_CURVE('',#114,(#118,#125),.PCURVE_S1.);
#114 = LINE('',#115,#116);
#115 = CARTESIAN_POINT('',(-2.22044604925E-16,15.5,-11.));
#116 = VECTOR('',#117,1.);
#117 = DIRECTION('',(0.,0.,1.));
#118 = PCURVE('',#32,#119);
#119 = DEFINITIONAL_REPRESENTATION('',(#120),#124);
#120 = LINE('',#121,#122);
#121 = CARTESIAN_POINT('',(0.,-32.5));
#122 = VECTOR('',#123,1.);
#123 = DIRECTION('',(1.,0.));
#124 = ( GEOMETRIC_REPRESENTATION_CONTEXT(2) 
PARAMETRIC_REPRESENTATION_CONTEXT() REPRESENTATION_CONTEXT('2D SPACE',''
  ) );
#125 = PCURVE('',#126,#131);
#126 = CYLINDRICAL_SURFACE('',#127,1.5);
#127 = AXIS2_PLACEMENT_3D('',#128,#129,#130);
#128 = CARTESIAN_POINT('',(1.5,15.5,-11.));
#129 = DIRECTION('',(0.,0.,1.));
#130 = DIRECTION('',(-1.,-0.,0.));
#131 = DEFINITIONAL_REPRESENTATION('',(#132),#136);
#132 = LINE('',#133,#134);
#133 = CARTESIAN_POINT('',(-0.,0.));
#134 = VECTOR('',#135,1.);
#135 = DIRECTION('',(-0.,1.));
#136 = ( GEOMETRIC_REPRESENTATION_CONTEXT(2) 
PARAMETRIC_REPRESENTATION_CONTEXT() REPRESENTATION_CONTEXT('2D SPACE',''
  ) );
#137 = ADVANCED_FACE('',(#138),#44,.T.);
#138 = FACE_BOUND('',#139,.T.);
#139 = EDGE_LOOP('',(#140,#141,#165,#193,#221,#249,#275,#303,#335,#358,
    #386,#414,#446,#469,#490,#518,#546,#574));
#140 = ORIENTED_EDGE('',*,*,#21,.F.);
#141 = ORIENTED_EDGE('',*,*,#142,.T.);
#142 = EDGE_CURVE('',#22,#143,#145,.T.);
#143 = VERTEX_POINT('',#144);
#144 = CARTESIAN_POINT('',(1.5,-17.,11.));
#145 = SURFACE_CURVE('',#146,(#151,#158),.PCURVE_S1.);
#146 = CIRCLE('',#147,1.5);
#147 = AXIS2_PLACEMENT_3D('',#148,#149,#150);
#148 = CARTESIAN_POINT('',(1.5,-15.5,11.));
#149 = DIRECTION('',(0.,0.,1.));
#150 = DIRECTION('',(0.,-1.,0.));
#151 = PCURVE('',#44,#152);
#152 = DEFINITIONAL_REPRESENTATION('',(#153),#157);
#153 = CIRCLE('',#154,1.5);
#154 = AXIS2_PLACEMENT_2D('',#155,#156);
#155 = CARTESIAN_POINT('',(1.5,1.5));
#156 = DIRECTION('',(0.,-1.));
#157 = ( GEOMETRIC_REPRESENTATION_CONTEXT(2) 
PARAMETRIC_REPRESENTATION_CONTEXT() REPRESENTATION_CONTEXT('2D SPACE',''
  ) );
#158 = PCURVE('',#72,#159);
#159 = DEFINITIONAL_REPRESENTATION('',(#160),#164);
#160 = LINE('',#161,#162);
#161 = CARTESIAN_POINT('',(-4.712388980385,22.));
#162 = VECTOR('',#163,1.);
#163 = DIRECTION('',(1.,0.));
#164 = ( GEOMETRIC_REPRESENTATION_CONTEXT(2) 
PARAMETRIC_REPRESENTATION_CONTEXT() REPRESENTATION_CONTEXT('2D SPACE',''
  ) );
#165 = ORIENTED_EDGE('',*,*,#166,.T.);
#166 = EDGE_CURVE('',#143,#167,#169,.T.);
#167 = VERTEX_POINT('',#168);
#168 = CARTESIAN_POINT('',(2.,-17.,11.));
#169 = SURFACE_CURVE('',#170,(#174,#181),.PCURVE_S1.);
#170 = LINE('',#171,#172);
#171 = CARTESIAN_POINT('',(0.,-17.,11.));
#172 = VECTOR('',#173,1.);
#173 = DIRECTION('',(1.,0.,0.));
#174 = PCURVE('',#44,#175);
#175 = DEFINITIONAL_REPRESENTATION('',(#176),#180);
#176 = LINE('',#177,#178);
#177 = CARTESIAN_POINT('',(0.,0.));
#178 = VECTOR('',#179,1.);
#179 = DIRECTION('',(1.,0.));
#180 = ( GEOMETRIC_REPRESENTATION_CONTEXT(2) 
PARAMETRIC_REPRESENTATION_CONTEXT() REPRESENTATION_CONTEXT('2D SPACE',''
  ) );
#181 = PCURVE('',#182,#187);
#182 = PLANE('',#183);
#183 = AXIS2_PLACEMENT_3D('',#184,#185,#186);
#184 = CARTESIAN_POINT('',(0.,-17.,-11.));
#185 = DIRECTION('',(0.,1.,0.));
#186 = DIRECTION('',(0.,0.,1.));
#187 = DEFINITIONAL_REPRESENTATION('',(#188),#192);
#188 = LINE('',#189,#190);
#189 = CARTESIAN_POINT('',(22.,0.));
#190 = VECTOR('',#191,1.);
#191 = DIRECTION('',(0.,1.));
#192 = ( GEOMETRIC_REPRESENTATION_CONTEXT(2) 
PARAMETRIC_REPRESENTATION_CONTEXT() REPRESENTATION_CONTEXT('2D SPACE',''
  ) );
#193 = ORIENTED_EDGE('',*,*,#194,.T.);
#194 = EDGE_CURVE('',#167,#195,#197,.T.);
#195 = VERTEX_POINT('',#196);
#196 = CARTESIAN_POINT('',(24.,-17.,11.));
#197 = SURFACE_CURVE('',#198,(#202,#209),.PCURVE_S1.);
#198 = LINE('',#199,#200);
#199 = CARTESIAN_POINT('',(0.,-17.,11.));
#200 = VECTOR('',#201,1.);
#201 = DIRECTION('',(1.,0.,0.));
#202 = PCURVE('',#44,#203);
#203 = DEFINITIONAL_REPRESENTATION('',(#204),#208);
#204 = LINE('',#205,#206);
#205 = CARTESIAN_POINT('',(0.,0.));
#206 = VECTOR('',#207,1.);
#207 = DIRECTION('',(1.,0.));
#208 = ( GEOMETRIC_REPRESENTATION_CONTEXT(2) 
PARAMETRIC_REPRESENTATION_CONTEXT() REPRESENTATION_CONTEXT('2D SPACE',''
  ) );
#209 = PCURVE('',#210,#215);
#210 = PLANE('',#211);
#211 = AXIS2_PLACEMENT_3D('',#212,#213,#214);
#212 = CARTESIAN_POINT('',(0.,-17.,-16.));
#213 = DIRECTION('',(0.,1.,0.));
#214 = DIRECTION('',(0.,0.,1.));
#215 = DEFINITIONAL_REPRESENTATION('',(#216),#220);
#216 = LINE('',#217,#218);
#217 = CARTESIAN_POINT('',(27.,0.));
#218 = VECTOR('',#219,1.);
#219 = DIRECTION('',(0.,1.));
#220 = ( GEOMETRIC_REPRESENTATION_CONTEXT(2) 
PARAMETRIC_REPRESENTATION_CONTEXT() REPRESENTATION_CONTEXT('2D SPACE',''
  ) );
#221 = ORIENTED_EDGE('',*,*,#222,.T.);
#222 = EDGE_CURVE('',#195,#223,#225,.T.);
#223 = VERTEX_POINT('',#224);
#224 = CARTESIAN_POINT('',(153.,-17.,11.));
#225 = SURFACE_CURVE('',#226,(#230,#237),.PCURVE_S1.);
#226 = LINE('',#227,#228);
#227 = CARTESIAN_POINT('',(0.,-17.,11.));
#228 = VECTOR('',#229,1.);
#229 = DIRECTION('',(1.,0.,0.));
#230 = PCURVE('',#44,#231);
#231 = DEFINITIONAL_REPRESENTATION('',(#232),#236);
#232 = LINE('',#233,#234);
#233 = CARTESIAN_POINT('',(0.,0.));
#234 = VECTOR('',#235,1.);
#235 = DIRECTION('',(1.,0.));
#236 = ( GEOMETRIC_REPRESENTATION_CONTEXT(2) 
PARAMETRIC_REPRESENTATION_CONTEXT() REPRESENTATION_CONTEXT('2D SPACE',''
  ) );
#237 = PCURVE('',#238,#243);
#238 = PLANE('',#239);
#239 = AXIS2_PLACEMENT_3D('',#240,#241,#242);
#240 = CARTESIAN_POINT('',(0.,-17.,-11.));
#241 = DIRECTION('',(0.,1.,0.));
#242 = DIRECTION('',(0.,0.,1.));
#243 = DEFINITIONAL_REPRESENTATION('',(#244),#248);
#244 = LINE('',#245,#246);
#245 = CARTESIAN_POINT('',(22.,0.));
#246 = VECTOR('',#247,1.);
#247 = DIRECTION('',(0.,1.));
#248 = ( GEOMETRIC_REPRESENTATION_CONTEXT(2) 
PARAMETRIC_REPRESENTATION_CONTEXT() REPRESENTATION_CONTEXT('2D SPACE',''
  ) );
#249 = ORIENTED_EDGE('',*,*,#250,.T.);
#250 = EDGE_CURVE('',#223,#251,#253,.T.);
#251 = VERTEX_POINT('',#252);
#252 = CARTESIAN_POINT('',(153.,-14.4,11.));
#253 = SURFACE_CURVE('',#254,(#258,#264),.PCURVE_S1.);
#254 = LINE('',#255,#256);
#255 = CARTESIAN_POINT('',(153.,-18.,11.));
#256 = VECTOR('',#257,1.);
#257 = DIRECTION('',(0.,1.,0.));
#258 = PCURVE('',#44,#259);
#259 = DEFINITIONAL_REPRESENTATION('',(#260),#263);
#260 = B_SPLINE_CURVE_WITH_KNOTS('',1,(#261,#262),.UNSPECIFIED.,.F.,.F.,
  (2,2),(1.,35.),.PIECEWISE_BEZIER_KNOTS.);
#261 = CARTESIAN_POINT('',(153.,0.));
#262 = CARTESIAN_POINT('',(153.,34.));
#263 = ( GEOMETRIC_REPRESENTATION_CONTEXT(2) 
PARAMETRIC_REPRESENTATION_CONTEXT() REPRESENTATION_CONTEXT('2D SPACE',''
  ) );
#264 = PCURVE('',#265,#270);
#265 = PLANE('',#266);
#266 = AXIS2_PLACEMENT_3D('',#267,#268,#269);
#267 = CARTESIAN_POINT('',(153.,-19.,-14.));
#268 = DIRECTION('',(1.,0.,0.));
#269 = DIRECTION('',(0.,0.,1.));
#270 = DEFINITIONAL_REPRESENTATION('',(#271),#274);
#271 = B_SPLINE_CURVE_WITH_KNOTS('',1,(#272,#273),.UNSPECIFIED.,.F.,.F.,
  (2,2),(1.,35.),.PIECEWISE_BEZIER_KNOTS.);
#272 = CARTESIAN_POINT('',(25.,-2.));
#273 = CARTESIAN_POINT('',(25.,-36.));
#274 = ( GEOMETRIC_REPRESENTATION_CONTEXT(2) 
PARAMETRIC_REPRESENTATION_CONTEXT() REPRESENTATION_CONTEXT('2D SPACE',''
  ) );
#275 = ORIENTED_EDGE('',*,*,#276,.F.);
#276 = EDGE_CURVE('',#277,#251,#279,.T.);
#277 = VERTEX_POINT('',#278);
#278 = CARTESIAN_POINT('',(12.93938769134,-14.4,11.));
#279 = SURFACE_CURVE('',#280,(#284,#291),.PCURVE_S1.);
#280 = LINE('',#281,#282);
#281 = CARTESIAN_POINT('',(2.6,-14.4,11.));
#282 = VECTOR('',#283,1.);
#283 = DIRECTION('',(1.,0.,0.));
#284 = PCURVE('',#44,#285);
#285 = DEFINITIONAL_REPRESENTATION('',(#286),#290);
#286 = LINE('',#287,#288);
#287 = CARTESIAN_POINT('',(2.6,2.6));
#288 = VECTOR('',#289,1.);
#289 = DIRECTION('',(1.,0.));
#290 = ( GEOMETRIC_REPRESENTATION_CONTEXT(2) 
PARAMETRIC_REPRESENTATION_CONTEXT() REPRESENTATION_CONTEXT('2D SPACE',''
  ) );
#291 = PCURVE('',#292,#297);
#292 = PLANE('',#293);
#293 = AXIS2_PLACEMENT_3D('',#294,#295,#296);
#294 = CARTESIAN_POINT('',(2.6,-14.4,-17.));
#295 = DIRECTION('',(0.,1.,0.));
#296 = DIRECTION('',(0.,0.,1.));
#297 = DEFINITIONAL_REPRESENTATION('',(#298),#302);
#298 = LINE('',#299,#300);
#299 = CARTESIAN_POINT('',(28.,0.));
#300 = VECTOR('',#301,1.);
#301 = DIRECTION('',(0.,1.));
#302 = ( GEOMETRIC_REPRESENTATION_CONTEXT(2) 
PARAMETRIC_REPRESENTATION_CONTEXT() REPRESENTATION_CONTEXT('2D SPACE',''
  ) );
#303 = ORIENTED_EDGE('',*,*,#304,.T.);
#304 = EDGE_CURVE('',#277,#305,#307,.T.);
#305 = VERTEX_POINT('',#306);
#306 = CARTESIAN_POINT('',(7.06061230866,-14.4,11.));
#307 = SURFACE_CURVE('',#308,(#313,#324),.PCURVE_S1.);
#308 = CIRCLE('',#309,3.5);
#309 = AXIS2_PLACEMENT_3D('',#310,#311,#312);
#310 = CARTESIAN_POINT('',(10.,-12.5,11.));
#311 = DIRECTION('',(0.,0.,-1.));
#312 = DIRECTION('',(1.,0.,0.));
#313 = PCURVE('',#44,#314);
#314 = DEFINITIONAL_REPRESENTATION('',(#315),#323);
#315 = ( BOUNDED_CURVE() B_SPLINE_CURVE(2,(#316,#317,#318,#319,#320,#321
,#322),.UNSPECIFIED.,.T.,.F.) B_SPLINE_CURVE_WITH_KNOTS((1,2,2,2,2,1),(
    -2.094395102393,0.,2.094395102393,4.188790204786,6.28318530718,
8.377580409573),.UNSPECIFIED.) CURVE() GEOMETRIC_REPRESENTATION_ITEM() 
RATIONAL_B_SPLINE_CURVE((1.,0.5,1.,0.5,1.,0.5,1.)) REPRESENTATION_ITEM(
  '') );
#316 = CARTESIAN_POINT('',(13.5,4.5));
#317 = CARTESIAN_POINT('',(13.5,-1.562177826491));
#318 = CARTESIAN_POINT('',(8.25,1.468911086754));
#319 = CARTESIAN_POINT('',(3.,4.5));
#320 = CARTESIAN_POINT('',(8.25,7.531088913246));
#321 = CARTESIAN_POINT('',(13.5,10.562177826491));
#322 = CARTESIAN_POINT('',(13.5,4.5));
#323 = ( GEOMETRIC_REPRESENTATION_CONTEXT(2) 
PARAMETRIC_REPRESENTATION_CONTEXT() REPRESENTATION_CONTEXT('2D SPACE',''
  ) );
#324 = PCURVE('',#325,#330);
#325 = CYLINDRICAL_SURFACE('',#326,3.5);
#326 = AXIS2_PLACEMENT_3D('',#327,#328,#329);
#327 = CARTESIAN_POINT('',(10.,-12.5,6.));
#328 = DIRECTION('',(-0.,-0.,-1.));
#329 = DIRECTION('',(1.,0.,0.));
#330 = DEFINITIONAL_REPRESENTATION('',(#331),#334);
#331 = B_SPLINE_CURVE_WITH_KNOTS('',1,(#332,#333),.UNSPECIFIED.,.F.,.F.,
  (2,2),(0.57383545252,2.56775720107),.PIECEWISE_BEZIER_KNOTS.);
#332 = CARTESIAN_POINT('',(-5.70934985466,-5.));
#333 = CARTESIAN_POINT('',(-3.71542810611,-5.));
#334 = ( GEOMETRIC_REPRESENTATION_CONTEXT(2) 
PARAMETRIC_REPRESENTATION_CONTEXT() REPRESENTATION_CONTEXT('2D SPACE',''
  ) );
#335 = ORIENTED_EDGE('',*,*,#336,.F.);
#336 = EDGE_CURVE('',#337,#305,#339,.T.);
#337 = VERTEX_POINT('',#338);
#338 = CARTESIAN_POINT('',(2.6,-14.4,11.));
#339 = SURFACE_CURVE('',#340,(#344,#351),.PCURVE_S1.);
#340 = LINE('',#341,#342);
#341 = CARTESIAN_POINT('',(2.6,-14.4,11.));
#342 = VECTOR('',#343,1.);
#343 = DIRECTION('',(1.,0.,0.));
#344 = PCURVE('',#44,#345);
#345 = DEFINITIONAL_REPRESENTATION('',(#346),#350);
#346 = LINE('',#347,#348);
#347 = CARTESIAN_POINT('',(2.6,2.6));
#348 = VECTOR('',#349,1.);
#349 = DIRECTION('',(1.,0.));
#350 = ( GEOMETRIC_REPRESENTATION_CONTEXT(2) 
PARAMETRIC_REPRESENTATION_CONTEXT() REPRESENTATION_CONTEXT('2D SPACE',''
  ) );
#351 = PCURVE('',#292,#352);
#352 = DEFINITIONAL_REPRESENTATION('',(#353),#357);
#353 = LINE('',#354,#355);
#354 = CARTESIAN_POINT('',(28.,0.));
#355 = VECTOR('',#356,1.);
#356 = DIRECTION('',(0.,1.));
#357 = ( GEOMETRIC_REPRESENTATION_CONTEXT(2) 
PARAMETRIC_REPRESENTATION_CONTEXT() REPRESENTATION_CONTEXT('2D SPACE',''
  ) );
#358 = ORIENTED_EDGE('',*,*,#359,.T.);
#359 = EDGE_CURVE('',#337,#360,#362,.T.);
#360 = VERTEX_POINT('',#361);
#361 = CARTESIAN_POINT('',(2.6,14.4,11.));
#362 = SURFACE_CURVE('',#363,(#367,#374),.PCURVE_S1.);
#363 = LINE('',#364,#365);
#364 = CARTESIAN_POINT('',(2.6,-14.4,11.));
#365 = VECTOR('',#366,1.);
#366 = DIRECTION('',(0.,1.,0.));
#367 = PCURVE('',#44,#368);
#368 = DEFINITIONAL_REPRESENTATION('',(#369),#373);
#369 = LINE('',#370,#371);
#370 = CARTESIAN_POINT('',(2.6,2.6));
#371 = VECTOR('',#372,1.);
#372 = DIRECTION('',(0.,1.));
#373 = ( GEOMETRIC_REPRESENTATION_CONTEXT(2) 
PARAMETRIC_REPRESENTATION_CONTEXT() REPRESENTATION_CONTEXT('2D SPACE',''
  ) );
#374 = PCURVE('',#375,#380);
#375 = PLANE('',#376);
#376 = AXIS2_PLACEMENT_3D('',#377,#378,#379);
#377 = CARTESIAN_POINT('',(2.6,-14.4,-17.));
#378 = DIRECTION('',(1.,0.,0.));
#379 = DIRECTION('',(0.,0.,1.));
#380 = DEFINITIONAL_REPRESENTATION('',(#381),#385);
#381 = LINE('',#382,#383);
#382 = CARTESIAN_POINT('',(28.,0.));
#383 = VECTOR('',#384,1.);
#384 = DIRECTION('',(0.,-1.));
#385 = ( GEOMETRIC_REPRESENTATION_CONTEXT(2) 
PARAMETRIC_REPRESENTATION_CONTEXT() REPRESENTATION_CONTEXT('2D SPACE',''
  ) );
#386 = ORIENTED_EDGE('',*,*,#387,.T.);
#387 = EDGE_CURVE('',#360,#388,#390,.T.);
#388 = VERTEX_POINT('',#389);
#389 = CARTESIAN_POINT('',(7.06061230866,14.4,11.));
#390 = SURFACE_CURVE('',#391,(#395,#402),.PCURVE_S1.);
#391 = LINE('',#392,#393);
#392 = CARTESIAN_POINT('',(2.6,14.4,11.));
#393 = VECTOR('',#394,1.);
#394 = DIRECTION('',(1.,0.,0.));
#395 = PCURVE('',#44,#396);
#396 = DEFINITIONAL_REPRESENTATION('',(#397),#401);
#397 = LINE('',#398,#399);
#398 = CARTESIAN_POINT('',(2.6,31.4));
#399 = VECTOR('',#400,1.);
#400 = DIRECTION('',(1.,0.));
#401 = ( GEOMETRIC_REPRESENTATION_CONTEXT(2) 
PARAMETRIC_REPRESENTATION_CONTEXT() REPRESENTATION_CONTEXT('2D SPACE',''
  ) );
#402 = PCURVE('',#403,#408);
#403 = PLANE('',#404);
#404 = AXIS2_PLACEMENT_3D('',#405,#406,#407);
#405 = CARTESIAN_POINT('',(2.6,14.4,-17.));
#406 = DIRECTION('',(0.,1.,0.));
#407 = DIRECTION('',(0.,0.,1.));
#408 = DEFINITIONAL_REPRESENTATION('',(#409),#413);
#409 = LINE('',#410,#411);
#410 = CARTESIAN_POINT('',(28.,0.));
#411 = VECTOR('',#412,1.);
#412 = DIRECTION('',(0.,1.));
#413 = ( GEOMETRIC_REPRESENTATION_CONTEXT(2) 
PARAMETRIC_REPRESENTATION_CONTEXT() REPRESENTATION_CONTEXT('2D SPACE',''
  ) );
#414 = ORIENTED_EDGE('',*,*,#415,.T.);
#415 = EDGE_CURVE('',#388,#416,#418,.T.);
#416 = VERTEX_POINT('',#417);
#417 = CARTESIAN_POINT('',(12.93938769134,14.4,11.));
#418 = SURFACE_CURVE('',#419,(#424,#435),.PCURVE_S1.);
#419 = CIRCLE('',#420,3.5);
#420 = AXIS2_PLACEMENT_3D('',#421,#422,#423);
#421 = CARTESIAN_POINT('',(10.,12.5,11.));
#422 = DIRECTION('',(0.,0.,-1.));
#423 = DIRECTION('',(1.,0.,0.));
#424 = PCURVE('',#44,#425);
#425 = DEFINITIONAL_REPRESENTATION('',(#426),#434);
#426 = ( BOUNDED_CURVE() B_SPLINE_CURVE(2,(#427,#428,#429,#430,#431,#432
,#433),.UNSPECIFIED.,.T.,.F.) B_SPLINE_CURVE_WITH_KNOTS((1,2,2,2,2,1),(
    -2.094395102393,0.,2.094395102393,4.188790204786,6.28318530718,
8.377580409573),.UNSPECIFIED.) CURVE() GEOMETRIC_REPRESENTATION_ITEM() 
RATIONAL_B_SPLINE_CURVE((1.,0.5,1.,0.5,1.,0.5,1.)) REPRESENTATION_ITEM(
  '') );
#427 = CARTESIAN_POINT('',(13.5,29.5));
#428 = CARTESIAN_POINT('',(13.5,23.437822173509));
#429 = CARTESIAN_POINT('',(8.25,26.468911086754));
#430 = CARTESIAN_POINT('',(3.,29.5));
#431 = CARTESIAN_POINT('',(8.25,32.531088913246));
#432 = CARTESIAN_POINT('',(13.5,35.562177826491));
#433 = CARTESIAN_POINT('',(13.5,29.5));
#434 = ( GEOMETRIC_REPRESENTATION_CONTEXT(2) 
PARAMETRIC_REPRESENTATION_CONTEXT() REPRESENTATION_CONTEXT('2D SPACE',''
  ) );
#435 = PCURVE('',#436,#441);
#436 = CYLINDRICAL_SURFACE('',#437,3.5);
#437 = AXIS2_PLACEMENT_3D('',#438,#439,#440);
#438 = CARTESIAN_POINT('',(10.,12.5,6.));
#439 = DIRECTION('',(-0.,-0.,-1.));
#440 = DIRECTION('',(1.,0.,0.));
#441 = DEFINITIONAL_REPRESENTATION('',(#442),#445);
#442 = B_SPLINE_CURVE_WITH_KNOTS('',1,(#443,#444),.UNSPECIFIED.,.F.,.F.,
  (2,2),(3.71542810611,5.70934985466),.PIECEWISE_BEZIER_KNOTS.);
#443 = CARTESIAN_POINT('',(-8.850942508249,-5.));
#444 = CARTESIAN_POINT('',(-6.8570207597,-5.));
#445 = ( GEOMETRIC_REPRESENTATION_CONTEXT(2) 
PARAMETRIC_REPRESENTATION_CONTEXT() REPRESENTATION_CONTEXT('2D SPACE',''
  ) );
#446 = ORIENTED_EDGE('',*,*,#447,.T.);
#447 = EDGE_CURVE('',#416,#448,#450,.T.);
#448 = VERTEX_POINT('',#449);
#449 = CARTESIAN_POINT('',(153.,14.4,11.));
#450 = SURFACE_CURVE('',#451,(#455,#462),.PCURVE_S1.);
#451 = LINE('',#452,#453);
#452 = CARTESIAN_POINT('',(2.6,14.4,11.));
#453 = VECTOR('',#454,1.);
#454 = DIRECTION('',(1.,0.,0.));
#455 = PCURVE('',#44,#456);
#456 = DEFINITIONAL_REPRESENTATION('',(#457),#461);
#457 = LINE('',#458,#459);
#458 = CARTESIAN_POINT('',(2.6,31.4));
#459 = VECTOR('',#460,1.);
#460 = DIRECTION('',(1.,0.));
#461 = ( GEOMETRIC_REPRESENTATION_CONTEXT(2) 
PARAMETRIC_REPRESENTATION_CONTEXT() REPRESENTATION_CONTEXT('2D SPACE',''
  ) );
#462 = PCURVE('',#403,#463);
#463 = DEFINITIONAL_REPRESENTATION('',(#464),#468);
#464 = LINE('',#465,#466);
#465 = CARTESIAN_POINT('',(28.,0.));
#466 = VECTOR('',#467,1.);
#467 = DIRECTION('',(0.,1.));
#468 = ( GEOMETRIC_REPRESENTATION_CONTEXT(2) 
PARAMETRIC_REPRESENTATION_CONTEXT() REPRESENTATION_CONTEXT('2D SPACE',''
  ) );
#469 = ORIENTED_EDGE('',*,*,#470,.T.);
#470 = EDGE_CURVE('',#448,#471,#473,.T.);
#471 = VERTEX_POINT('',#472);
#472 = CARTESIAN_POINT('',(153.,17.,11.));
#473 = SURFACE_CURVE('',#474,(#478,#484),.PCURVE_S1.);
#474 = LINE('',#475,#476);
#475 = CARTESIAN_POINT('',(153.,-18.,11.));
#476 = VECTOR('',#477,1.);
#477 = DIRECTION('',(0.,1.,0.));
#478 = PCURVE('',#44,#479);
#479 = DEFINITIONAL_REPRESENTATION('',(#480),#483);
#480 = B_SPLINE_CURVE_WITH_KNOTS('',1,(#481,#482),.UNSPECIFIED.,.F.,.F.,
  (2,2),(1.,35.),.PIECEWISE_BEZIER_KNOTS.);
#481 = CARTESIAN_POINT('',(153.,0.));
#482 = CARTESIAN_POINT('',(153.,34.));
#483 = ( GEOMETRIC_REPRESENTATION_CONTEXT(2) 
PARAMETRIC_REPRESENTATION_CONTEXT() REPRESENTATION_CONTEXT('2D SPACE',''
  ) );
#484 = PCURVE('',#265,#485);
#485 = DEFINITIONAL_REPRESENTATION('',(#486),#489);
#486 = B_SPLINE_CURVE_WITH_KNOTS('',1,(#487,#488),.UNSPECIFIED.,.F.,.F.,
  (2,2),(1.,35.),.PIECEWISE_BEZIER_KNOTS.);
#487 = CARTESIAN_POINT('',(25.,-2.));
#488 = CARTESIAN_POINT('',(25.,-36.));
#489 = ( GEOMETRIC_REPRESENTATION_CONTEXT(2) 
PARAMETRIC_REPRESENTATION_CONTEXT() REPRESENTATION_CONTEXT('2D SPACE',''
  ) );
#490 = ORIENTED_EDGE('',*,*,#491,.F.);
#491 = EDGE_CURVE('',#492,#471,#494,.T.);
#492 = VERTEX_POINT('',#493);
#493 = CARTESIAN_POINT('',(24.,17.,11.));
#494 = SURFACE_CURVE('',#495,(#499,#506),.PCURVE_S1.);
#495 = LINE('',#496,#497);
#496 = CARTESIAN_POINT('',(0.,17.,11.));
#497 = VECTOR('',#498,1.);
#498 = DIRECTION('',(1.,0.,0.));
#499 = PCURVE('',#44,#500);
#500 = DEFINITIONAL_REPRESENTATION('',(#501),#505);
#501 = LINE('',#502,#503);
#502 = CARTESIAN_POINT('',(0.,34.));
#503 = VECTOR('',#504,1.);
#504 = DIRECTION('',(1.,0.));
#505 = ( GEOMETRIC_REPRESENTATION_CONTEXT(2) 
PARAMETRIC_REPRESENTATION_CONTEXT() REPRESENTATION_CONTEXT('2D SPACE',''
  ) );
#506 = PCURVE('',#507,#512);
#507 = PLANE('',#508);
#508 = AXIS2_PLACEMENT_3D('',#509,#510,#511);
#509 = CARTESIAN_POINT('',(0.,17.,-11.));
#510 = DIRECTION('',(0.,1.,0.));
#511 = DIRECTION('',(0.,0.,1.));
#512 = DEFINITIONAL_REPRESENTATION('',(#513),#517);
#513 = LINE('',#514,#515);
#514 = CARTESIAN_POINT('',(22.,0.));
#515 = VECTOR('',#516,1.);
#516 = DIRECTION('',(0.,1.));
#517 = ( GEOMETRIC_REPRESENTATION_CONTEXT(2) 
PARAMETRIC_REPRESENTATION_CONTEXT() REPRESENTATION_CONTEXT('2D SPACE',''
  ) );
#518 = ORIENTED_EDGE('',*,*,#519,.F.);
#519 = EDGE_CURVE('',#520,#492,#522,.T.);
#520 = VERTEX_POINT('',#521);
#521 = CARTESIAN_POINT('',(2.,17.,11.));
#522 = SURFACE_CURVE('',#523,(#527,#534),.PCURVE_S1.);
#523 = LINE('',#524,#525);
#524 = CARTESIAN_POINT('',(0.,17.,11.));
#525 = VECTOR('',#526,1.);
#526 = DIRECTION('',(1.,0.,0.));
#527 = PCURVE('',#44,#528);
#528 = DEFINITIONAL_REPRESENTATION('',(#529),#533);
#529 = LINE('',#530,#531);
#530 = CARTESIAN_POINT('',(0.,34.));
#531 = VECTOR('',#532,1.);
#532 = DIRECTION('',(1.,0.));
#533 = ( GEOMETRIC_REPRESENTATION_CONTEXT(2) 
PARAMETRIC_REPRESENTATION_CONTEXT() REPRESENTATION_CONTEXT('2D SPACE',''
  ) );
#534 = PCURVE('',#535,#540);
#535 = PLANE('',#536);
#536 = AXIS2_PLACEMENT_3D('',#537,#538,#539);
#537 = CARTESIAN_POINT('',(0.,17.,-16.));
#538 = DIRECTION('',(0.,1.,0.));
#539 = DIRECTION('',(0.,0.,1.));
#540 = DEFINITIONAL_REPRESENTATION('',(#541),#545);
#541 = LINE('',#542,#543);
#542 = CARTESIAN_POINT('',(27.,0.));
#543 = VECTOR('',#544,1.);
#544 = DIRECTION('',(0.,1.));
#545 = ( GEOMETRIC_REPRESENTATION_CONTEXT(2) 
PARAMETRIC_REPRESENTATION_CONTEXT() REPRESENTATION_CONTEXT('2D SPACE',''
  ) );
#546 = ORIENTED_EDGE('',*,*,#547,.F.);
#547 = EDGE_CURVE('',#548,#520,#550,.T.);
#548 = VERTEX_POINT('',#549);
#549 = CARTESIAN_POINT('',(1.5,17.,11.));
#550 = SURFACE_CURVE('',#551,(#555,#562),.PCURVE_S1.);
#551 = LINE('',#552,#553);
#552 = CARTESIAN_POINT('',(0.,17.,11.));
#553 = VECTOR('',#554,1.);
#554 = DIRECTION('',(1.,0.,0.));
#555 = PCURVE('',#44,#556);
#556 = DEFINITIONAL_REPRESENTATION('',(#557),#561);
#557 = LINE('',#558,#559);
#558 = CARTESIAN_POINT('',(0.,34.));
#559 = VECTOR('',#560,1.);
#560 = DIRECTION('',(1.,0.));
#561 = ( GEOMETRIC_REPRESENTATION_CONTEXT(2) 
PARAMETRIC_REPRESENTATION_CONTEXT() REPRESENTATION_CONTEXT('2D SPACE',''
  ) );
#562 = PCURVE('',#563,#568);
#563 = PLANE('',#564);
#564 = AXIS2_PLACEMENT_3D('',#565,#566,#567);
#565 = CARTESIAN_POINT('',(0.,17.,-11.));
#566 = DIRECTION('',(0.,1.,0.));
#567 = DIRECTION('',(0.,0.,1.));
#568 = DEFINITIONAL_REPRESENTATION('',(#569),#573);
#569 = LINE('',#570,#571);
#570 = CARTESIAN_POINT('',(22.,0.));
#571 = VECTOR('',#572,1.);
#572 = DIRECTION('',(0.,1.));
#573 = ( GEOMETRIC_REPRESENTATION_CONTEXT(2) 
PARAMETRIC_REPRESENTATION_CONTEXT() REPRESENTATION_CONTEXT('2D SPACE',''
  ) );
#574 = ORIENTED_EDGE('',*,*,#575,.F.);
#575 = EDGE_CURVE('',#24,#548,#576,.T.);
#576 = SURFACE_CURVE('',#577,(#582,#593),.PCURVE_S1.);
#577 = CIRCLE('',#578,1.5);
#578 = AXIS2_PLACEMENT_3D('',#579,#580,#581);
#579 = CARTESIAN_POINT('',(1.5,15.5,11.));
#580 = DIRECTION('',(-0.,-0.,-1.));
#581 = DIRECTION('',(0.,-1.,0.));
#582 = PCURVE('',#44,#583);
#583 = DEFINITIONAL_REPRESENTATION('',(#584),#592);
#584 = ( BOUNDED_CURVE() B_SPLINE_CURVE(2,(#585,#586,#587,#588,#589,#590
,#591),.UNSPECIFIED.,.T.,.F.) B_SPLINE_CURVE_WITH_KNOTS((1,2,2,2,2,1),(
    -2.094395102393,0.,2.094395102393,4.188790204786,6.28318530718,
8.377580409573),.UNSPECIFIED.) CURVE() GEOMETRIC_REPRESENTATION_ITEM() 
RATIONAL_B_SPLINE_CURVE((1.,0.5,1.,0.5,1.,0.5,1.)) REPRESENTATION_ITEM(
  '') );
#585 = CARTESIAN_POINT('',(1.5,31.));
#586 = CARTESIAN_POINT('',(-1.098076211353,31.));
#587 = CARTESIAN_POINT('',(0.200961894323,33.25));
#588 = CARTESIAN_POINT('',(1.5,35.5));
#589 = CARTESIAN_POINT('',(2.799038105677,33.25));
#590 = CARTESIAN_POINT('',(4.098076211353,31.));
#591 = CARTESIAN_POINT('',(1.5,31.));
#592 = ( GEOMETRIC_REPRESENTATION_CONTEXT(2) 
PARAMETRIC_REPRESENTATION_CONTEXT() REPRESENTATION_CONTEXT('2D SPACE',''
  ) );
#593 = PCURVE('',#126,#594);
#594 = DEFINITIONAL_REPRESENTATION('',(#595),#599);
#595 = LINE('',#596,#597);
#596 = CARTESIAN_POINT('',(1.570796326795,22.));
#597 = VECTOR('',#598,1.);
#598 = DIRECTION('',(-1.,0.));
#599 = ( GEOMETRIC_REPRESENTATION_CONTEXT(2) 
PARAMETRIC_REPRESENTATION_CONTEXT() REPRESENTATION_CONTEXT('2D SPACE',''
  ) );
#600 = ADVANCED_FACE('',(#601),#72,.T.);
#601 = FACE_BOUND('',#602,.T.);
#602 = EDGE_LOOP('',(#603,#627,#648,#649));
#603 = ORIENTED_EDGE('',*,*,#604,.T.);
#604 = EDGE_CURVE('',#57,#605,#607,.T.);
#605 = VERTEX_POINT('',#606);
#606 = CARTESIAN_POINT('',(1.5,-17.,-11.));
#607 = SURFACE_CURVE('',#608,(#613,#620),.PCURVE_S1.);
#608 = CIRCLE('',#609,1.5);
#609 = AXIS2_PLACEMENT_3D('',#610,#611,#612);
#610 = CARTESIAN_POINT('',(1.5,-15.5,-11.));
#611 = DIRECTION('',(0.,0.,1.));
#612 = DIRECTION('',(0.,-1.,0.));
#613 = PCURVE('',#72,#614);
#614 = DEFINITIONAL_REPRESENTATION('',(#615),#619);
#615 = LINE('',#616,#617);
#616 = CARTESIAN_POINT('',(-4.712388980385,0.));
#617 = VECTOR('',#618,1.);
#618 = DIRECTION('',(1.,0.));
#619 = ( GEOMETRIC_REPRESENTATION_CONTEXT(2) 
PARAMETRIC_REPRESENTATION_CONTEXT() REPRESENTATION_CONTEXT('2D SPACE',''
  ) );
#620 = PCURVE('',#100,#621);
#621 = DEFINITIONAL_REPRESENTATION('',(#622),#626);
#622 = CIRCLE('',#623,1.5);
#623 = AXIS2_PLACEMENT_2D('',#624,#625);
#624 = CARTESIAN_POINT('',(1.5,1.5));
#625 = DIRECTION('',(0.,-1.));
#626 = ( GEOMETRIC_REPRESENTATION_CONTEXT(2) 
PARAMETRIC_REPRESENTATION_CONTEXT() REPRESENTATION_CONTEXT('2D SPACE',''
  ) );
#627 = ORIENTED_EDGE('',*,*,#628,.T.);
#628 = EDGE_CURVE('',#605,#143,#629,.T.);
#629 = SURFACE_CURVE('',#630,(#634,#641),.PCURVE_S1.);
#630 = LINE('',#631,#632);
#631 = CARTESIAN_POINT('',(1.5,-17.,-11.));
#632 = VECTOR('',#633,1.);
#633 = DIRECTION('',(0.,0.,1.));
#634 = PCURVE('',#72,#635);
#635 = DEFINITIONAL_REPRESENTATION('',(#636),#640);
#636 = LINE('',#637,#638);
#637 = CARTESIAN_POINT('',(1.570796326795,0.));
#638 = VECTOR('',#639,1.);
#639 = DIRECTION('',(0.,1.));
#640 = ( GEOMETRIC_REPRESENTATION_CONTEXT(2) 
PARAMETRIC_REPRESENTATION_CONTEXT() REPRESENTATION_CONTEXT('2D SPACE',''
  ) );
#641 = PCURVE('',#182,#642);
#642 = DEFINITIONAL_REPRESENTATION('',(#643),#647);
#643 = LINE('',#644,#645);
#644 = CARTESIAN_POINT('',(0.,1.5));
#645 = VECTOR('',#646,1.);
#646 = DIRECTION('',(1.,0.));
#647 = ( GEOMETRIC_REPRESENTATION_CONTEXT(2) 
PARAMETRIC_REPRESENTATION_CONTEXT() REPRESENTATION_CONTEXT('2D SPACE',''
  ) );
#648 = ORIENTED_EDGE('',*,*,#142,.F.);
#649 = ORIENTED_EDGE('',*,*,#56,.F.);
#650 = ADVANCED_FACE('',(#651),#126,.T.);
#651 = FACE_BOUND('',#652,.F.);
#652 = EDGE_LOOP('',(#653,#654,#682,#710,#807,#828));
#653 = ORIENTED_EDGE('',*,*,#112,.F.);
#654 = ORIENTED_EDGE('',*,*,#655,.T.);
#655 = EDGE_CURVE('',#85,#656,#658,.T.);
#656 = VERTEX_POINT('',#657);
#657 = CARTESIAN_POINT('',(1.5,17.,-11.));
#658 = SURFACE_CURVE('',#659,(#664,#671),.PCURVE_S1.);
#659 = CIRCLE('',#660,1.5);
#660 = AXIS2_PLACEMENT_3D('',#661,#662,#663);
#661 = CARTESIAN_POINT('',(1.5,15.5,-11.));
#662 = DIRECTION('',(-0.,-0.,-1.));
#663 = DIRECTION('',(0.,-1.,0.));
#664 = PCURVE('',#126,#665);
#665 = DEFINITIONAL_REPRESENTATION('',(#666),#670);
#666 = LINE('',#667,#668);
#667 = CARTESIAN_POINT('',(1.570796326795,-0.));
#668 = VECTOR('',#669,1.);
#669 = DIRECTION('',(-1.,0.));
#670 = ( GEOMETRIC_REPRESENTATION_CONTEXT(2) 
PARAMETRIC_REPRESENTATION_CONTEXT() REPRESENTATION_CONTEXT('2D SPACE',''
  ) );
#671 = PCURVE('',#100,#672);
#672 = DEFINITIONAL_REPRESENTATION('',(#673),#681);
#673 = ( BOUNDED_CURVE() B_SPLINE_CURVE(2,(#674,#675,#676,#677,#678,#679
,#680),.UNSPECIFIED.,.T.,.F.) B_SPLINE_CURVE_WITH_KNOTS((1,2,2,2,2,1),(
    -2.094395102393,0.,2.094395102393,4.188790204786,6.28318530718,
8.377580409573),.UNSPECIFIED.) CURVE() GEOMETRIC_REPRESENTATION_ITEM() 
RATIONAL_B_SPLINE_CURVE((1.,0.5,1.,0.5,1.,0.5,1.)) REPRESENTATION_ITEM(
  '') );
#674 = CARTESIAN_POINT('',(1.5,31.));
#675 = CARTESIAN_POINT('',(-1.098076211353,31.));
#676 = CARTESIAN_POINT('',(0.200961894323,33.25));
#677 = CARTESIAN_POINT('',(1.5,35.5));
#678 = CARTESIAN_POINT('',(2.799038105677,33.25));
#679 = CARTESIAN_POINT('',(4.098076211353,31.));
#680 = CARTESIAN_POINT('',(1.5,31.));
#681 = ( GEOMETRIC_REPRESENTATION_CONTEXT(2) 
PARAMETRIC_REPRESENTATION_CONTEXT() REPRESENTATION_CONTEXT('2D SPACE',''
  ) );
#682 = ORIENTED_EDGE('',*,*,#683,.T.);
#683 = EDGE_CURVE('',#656,#684,#686,.T.);
#684 = VERTEX_POINT('',#685);
#685 = CARTESIAN_POINT('',(1.5,17.,-4.242640687119));
#686 = SURFACE_CURVE('',#687,(#691,#698),.PCURVE_S1.);
#687 = LINE('',#688,#689);
#688 = CARTESIAN_POINT('',(1.5,17.,-11.));
#689 = VECTOR('',#690,1.);
#690 = DIRECTION('',(0.,0.,1.));
#691 = PCURVE('',#126,#692);
#692 = DEFINITIONAL_REPRESENTATION('',(#693),#697);
#693 = LINE('',#694,#695);
#694 = CARTESIAN_POINT('',(-1.570796326795,0.));
#695 = VECTOR('',#696,1.);
#696 = DIRECTION('',(-0.,1.));
#697 = ( GEOMETRIC_REPRESENTATION_CONTEXT(2) 
PARAMETRIC_REPRESENTATION_CONTEXT() REPRESENTATION_CONTEXT('2D SPACE',''
  ) );
#698 = PCURVE('',#699,#704);
#699 = PLANE('',#700);
#700 = AXIS2_PLACEMENT_3D('',#701,#702,#703);
#701 = CARTESIAN_POINT('',(0.,17.,-11.));
#702 = DIRECTION('',(0.,1.,0.));
#703 = DIRECTION('',(0.,0.,1.));
#704 = DEFINITIONAL_REPRESENTATION('',(#705),#709);
#705 = LINE('',#706,#707);
#706 = CARTESIAN_POINT('',(0.,1.5));
#707 = VECTOR('',#708,1.);
#708 = DIRECTION('',(1.,0.));
#709 = ( GEOMETRIC_REPRESENTATION_CONTEXT(2) 
PARAMETRIC_REPRESENTATION_CONTEXT() REPRESENTATION_CONTEXT('2D SPACE',''
  ) );
#710 = ORIENTED_EDGE('',*,*,#711,.F.);
#711 = EDGE_CURVE('',#712,#684,#714,.T.);
#712 = VERTEX_POINT('',#713);
#713 = CARTESIAN_POINT('',(1.5,17.,4.242640687119));
#714 = SURFACE_CURVE('',#715,(#742,#772),.PCURVE_S1.);
#715 = B_SPLINE_CURVE_WITH_KNOTS('',7,(#716,#717,#718,#719,#720,#721,
    #722,#723,#724,#725,#726,#727,#728,#729,#730,#731,#732,#733,#734,
    #735,#736,#737,#738,#739,#740,#741),.UNSPECIFIED.,.F.,.F.,(8,6,6,6,8
    ),(0.,0.2316741406,0.499991388552,0.76904571149,1.),.UNSPECIFIED.);
#716 = CARTESIAN_POINT('',(1.5,17.,4.242640687119));
#717 = CARTESIAN_POINT('',(1.367469860089,17.,3.977120631965));
#718 = CARTESIAN_POINT('',(1.24485092204,16.986339093652,3.707240717915)
  );
#719 = CARTESIAN_POINT('',(1.132902464481,16.962693849999,3.434676248629
    ));
#720 = CARTESIAN_POINT('',(1.031674313552,16.932020898752,3.160408079936
    ));
#721 = CARTESIAN_POINT('',(0.940927003838,16.89679087636,2.884792606501)
  );
#722 = CARTESIAN_POINT('',(0.860308319496,16.859133617834,2.607560155222
    ));
#723 = CARTESIAN_POINT('',(0.707658497974,16.777045873886,2.003539225249
    ));
#724 = CARTESIAN_POINT('',(0.638413553145,16.732168925604,1.673518806831
    ));
#725 = CARTESIAN_POINT('',(0.583081988831,16.690321936998,1.340956453831
    ));
#726 = CARTESIAN_POINT('',(0.541792681776,16.655415017662,1.007855814739
    ));
#727 = CARTESIAN_POINT('',(0.514125388575,16.630667904537,0.674399465368
    ));
#728 = CARTESIAN_POINT('',(0.5,16.61803398875,0.339149784078));
#729 = CARTESIAN_POINT('',(0.5,16.61803398875,-0.340081438023));
#730 = CARTESIAN_POINT('',(0.514203098974,16.630737386452,-0.67622359317
    ));
#731 = CARTESIAN_POINT('',(0.542018333377,16.655616945432,
    -1.010554584254));
#732 = CARTESIAN_POINT('',(0.583526728359,16.690697188041,-1.34452873842
    ));
#733 = CARTESIAN_POINT('',(0.639154116002,16.732728461918,
    -1.677966184727));
#734 = CARTESIAN_POINT('',(0.708772432633,16.777768671381,
    -2.008851913338));
#735 = CARTESIAN_POINT('',(0.861831293873,16.859844156458,
    -2.612793553528));
#736 = CARTESIAN_POINT('',(0.942356434903,16.897345077199,-2.88913088729
    ));
#737 = CARTESIAN_POINT('',(1.032949337968,16.932406489769,
    -3.163860290319));
#738 = CARTESIAN_POINT('',(1.133958786307,16.962916389212,
    -3.437246683712));
#739 = CARTESIAN_POINT('',(1.245621019816,16.986424611793,
    -3.708935190296));
#740 = CARTESIAN_POINT('',(1.367885354733,17.,-3.977953062693));
#741 = CARTESIAN_POINT('',(1.5,17.,-4.242640687119));
#742 = PCURVE('',#126,#743);
#743 = DEFINITIONAL_REPRESENTATION('',(#744),#771);
#744 = B_SPLINE_CURVE_WITH_KNOTS('',7,(#745,#746,#747,#748,#749,#750,
    #751,#752,#753,#754,#755,#756,#757,#758,#759,#760,#761,#762,#763,
    #764,#765,#766,#767,#768,#769,#770),.UNSPECIFIED.,.F.,.F.,(8,6,6,6,8
    ),(0.,0.2316741406,0.499991388552,0.76904571149,1.),.UNSPECIFIED.);
#745 = CARTESIAN_POINT('',(-1.570796326795,15.242640687119));
#746 = CARTESIAN_POINT('',(-1.482442900188,14.977120631965));
#747 = CARTESIAN_POINT('',(-1.400696724693,14.707240717915));
#748 = CARTESIAN_POINT('',(-1.324939125044,14.434676248629));
#749 = CARTESIAN_POINT('',(-1.25482828975,14.160408079936));
#750 = CARTESIAN_POINT('',(-1.190170453683,13.884792606501));
#751 = CARTESIAN_POINT('',(-1.130944946109,13.607560155222));
#752 = CARTESIAN_POINT('',(-1.015397234526,13.003539225249));
#753 = CARTESIAN_POINT('',(-0.960569939233,12.673518806831));
#754 = CARTESIAN_POINT('',(-0.914480627004,12.340956453832));
#755 = CARTESIAN_POINT('',(-0.878449626892,12.007855814738));
#756 = CARTESIAN_POINT('',(-0.853702623094,11.674399465368));
#757 = CARTESIAN_POINT('',(-0.841068670568,11.339149784078));
#758 = CARTESIAN_POINT('',(-0.841068670568,10.659918561977));
#759 = CARTESIAN_POINT('',(-0.853772112086,10.323776406831));
#760 = CARTESIAN_POINT('',(-0.878651525641,9.989445415746));
#761 = CARTESIAN_POINT('',(-0.914868344025,9.65547126158));
#762 = CARTESIAN_POINT('',(-0.961186679251,9.322033815273));
#763 = CARTESIAN_POINT('',(-1.016279462035,8.991148086662));
#764 = CARTESIAN_POINT('',(-1.132063552776,8.387206446472));
#765 = CARTESIAN_POINT('',(-1.191188746366,8.11086911271));
#766 = CARTESIAN_POINT('',(-1.255711239474,7.836139709681));
#767 = CARTESIAN_POINT('',(-1.325653882771,7.562753316288));
#768 = CARTESIAN_POINT('',(-1.401210126802,7.291064809704));
#769 = CARTESIAN_POINT('',(-1.482719896617,7.022046937307));
#770 = CARTESIAN_POINT('',(-1.570796326795,6.757359312881));
#771 = ( GEOMETRIC_REPRESENTATION_CONTEXT(2) 
PARAMETRIC_REPRESENTATION_CONTEXT() REPRESENTATION_CONTEXT('2D SPACE',''
  ) );
#772 = PCURVE('',#773,#778);
#773 = CYLINDRICAL_SURFACE('',#774,9.5);
#774 = AXIS2_PLACEMENT_3D('',#775,#776,#777);
#775 = CARTESIAN_POINT('',(10.,21.5,-3.330669073875E-16));
#776 = DIRECTION('',(0.,1.,0.));
#777 = DIRECTION('',(1.110223024625E-16,0.,-1.));
#778 = DEFINITIONAL_REPRESENTATION('',(#779),#806);
#779 = B_SPLINE_CURVE_WITH_KNOTS('',7,(#780,#781,#782,#783,#784,#785,
    #786,#787,#788,#789,#790,#791,#792,#793,#794,#795,#796,#797,#798,
    #799,#800,#801,#802,#803,#804,#805),.UNSPECIFIED.,.F.,.F.,(8,6,6,6,8
    ),(0.,0.2316741406,0.499991388552,0.76904571149,1.),.UNSPECIFIED.);
#780 = CARTESIAN_POINT('',(-4.249434252444,-4.5));
#781 = CARTESIAN_POINT('',(-4.280671905992,-4.5));
#782 = CARTESIAN_POINT('',(-4.31185425161,-4.513660906348));
#783 = CARTESIAN_POINT('',(-4.342837650963,-4.537306150001));
#784 = CARTESIAN_POINT('',(-4.373576184909,-4.567979101248));
#785 = CARTESIAN_POINT('',(-4.404090299501,-4.60320912364));
#786 = CARTESIAN_POINT('',(-4.434462415457,-4.640866382166));
#787 = CARTESIAN_POINT('',(-4.500042566823,-4.722954126114));
#788 = CARTESIAN_POINT('',(-4.535508599019,-4.767831074396));
#789 = CARTESIAN_POINT('',(-4.570946282646,-4.809678063002));
#790 = CARTESIAN_POINT('',(-4.606224496413,-4.844584982338));
#791 = CARTESIAN_POINT('',(-4.641399583217,-4.869332095463));
#792 = CARTESIAN_POINT('',(-4.676689003113,-4.88196601125));
#793 = CARTESIAN_POINT('',(-4.748187026492,-4.88196601125));
#794 = CARTESIAN_POINT('',(-4.783570390663,-4.869262613548));
#795 = CARTESIAN_POINT('',(-4.81883816067,-4.844383054568));
#796 = CARTESIAN_POINT('',(-4.85421004218,-4.809302811959));
#797 = CARTESIAN_POINT('',(-4.889743291352,-4.767271538082));
#798 = CARTESIAN_POINT('',(-4.92530630016,-4.722231328619));
#799 = CARTESIAN_POINT('',(-4.990888924012,-4.640155843542));
#800 = CARTESIAN_POINT('',(-5.021167998001,-4.602654922801));
#801 = CARTESIAN_POINT('',(-5.051588713213,-4.567593510231));
#802 = CARTESIAN_POINT('',(-5.082232525594,-4.537083610788));
#803 = CARTESIAN_POINT('',(-5.113119501416,-4.513575388207));
#804 = CARTESIAN_POINT('',(-5.144203987804,-4.5));
#805 = CARTESIAN_POINT('',(-5.175343708325,-4.5));
#806 = ( GEOMETRIC_REPRESENTATION_CONTEXT(2) 
PARAMETRIC_REPRESENTATION_CONTEXT() REPRESENTATION_CONTEXT('2D SPACE',''
  ) );
#807 = ORIENTED_EDGE('',*,*,#808,.T.);
#808 = EDGE_CURVE('',#712,#548,#809,.T.);
#809 = SURFACE_CURVE('',#810,(#814,#821),.PCURVE_S1.);
#810 = LINE('',#811,#812);
#811 = CARTESIAN_POINT('',(1.5,17.,-11.));
#812 = VECTOR('',#813,1.);
#813 = DIRECTION('',(0.,0.,1.));
#814 = PCURVE('',#126,#815);
#815 = DEFINITIONAL_REPRESENTATION('',(#816),#820);
#816 = LINE('',#817,#818);
#817 = CARTESIAN_POINT('',(-1.570796326795,0.));
#818 = VECTOR('',#819,1.);
#819 = DIRECTION('',(-0.,1.));
#820 = ( GEOMETRIC_REPRESENTATION_CONTEXT(2) 
PARAMETRIC_REPRESENTATION_CONTEXT() REPRESENTATION_CONTEXT('2D SPACE',''
  ) );
#821 = PCURVE('',#563,#822);
#822 = DEFINITIONAL_REPRESENTATION('',(#823),#827);
#823 = LINE('',#824,#825);
#824 = CARTESIAN_POINT('',(0.,1.5));
#825 = VECTOR('',#826,1.);
#826 = DIRECTION('',(1.,0.));
#827 = ( GEOMETRIC_REPRESENTATION_CONTEXT(2) 
PARAMETRIC_REPRESENTATION_CONTEXT() REPRESENTATION_CONTEXT('2D SPACE',''
  ) );
#828 = ORIENTED_EDGE('',*,*,#575,.F.);
#829 = ADVANCED_FACE('',(#830),#100,.F.);
#830 = FACE_BOUND('',#831,.F.);
#831 = EDGE_LOOP('',(#832,#833,#834,#857,#885,#908,#929,#950,#971,#992,
    #1013,#1036,#1064,#1085));
#832 = ORIENTED_EDGE('',*,*,#84,.F.);
#833 = ORIENTED_EDGE('',*,*,#604,.T.);
#834 = ORIENTED_EDGE('',*,*,#835,.T.);
#835 = EDGE_CURVE('',#605,#836,#838,.T.);
#836 = VERTEX_POINT('',#837);
#837 = CARTESIAN_POINT('',(2.,-17.,-11.));
#838 = SURFACE_CURVE('',#839,(#843,#850),.PCURVE_S1.);
#839 = LINE('',#840,#841);
#840 = CARTESIAN_POINT('',(0.,-17.,-11.));
#841 = VECTOR('',#842,1.);
#842 = DIRECTION('',(1.,0.,0.));
#843 = PCURVE('',#100,#844);
#844 = DEFINITIONAL_REPRESENTATION('',(#845),#849);
#845 = LINE('',#846,#847);
#846 = CARTESIAN_POINT('',(0.,0.));
#847 = VECTOR('',#848,1.);
#848 = DIRECTION('',(1.,0.));
#849 = ( GEOMETRIC_REPRESENTATION_CONTEXT(2) 
PARAMETRIC_REPRESENTATION_CONTEXT() REPRESENTATION_CONTEXT('2D SPACE',''
  ) );
#850 = PCURVE('',#182,#851);
#851 = DEFINITIONAL_REPRESENTATION('',(#852),#856);
#852 = LINE('',#853,#854);
#853 = CARTESIAN_POINT('',(0.,0.));
#854 = VECTOR('',#855,1.);
#855 = DIRECTION('',(0.,1.));
#856 = ( GEOMETRIC_REPRESENTATION_CONTEXT(2) 
PARAMETRIC_REPRESENTATION_CONTEXT() REPRESENTATION_CONTEXT('2D SPACE',''
  ) );
#857 = ORIENTED_EDGE('',*,*,#858,.T.);
#858 = EDGE_CURVE('',#836,#859,#861,.T.);
#859 = VERTEX_POINT('',#860);
#860 = CARTESIAN_POINT('',(24.,-17.,-11.));
#861 = SURFACE_CURVE('',#862,(#866,#873),.PCURVE_S1.);
#862 = LINE('',#863,#864);
#863 = CARTESIAN_POINT('',(0.,-17.,-11.));
#864 = VECTOR('',#865,1.);
#865 = DIRECTION('',(1.,0.,0.));
#866 = PCURVE('',#100,#867);
#867 = DEFINITIONAL_REPRESENTATION('',(#868),#872);
#868 = LINE('',#869,#870);
#869 = CARTESIAN_POINT('',(0.,0.));
#870 = VECTOR('',#871,1.);
#871 = DIRECTION('',(1.,0.));
#872 = ( GEOMETRIC_REPRESENTATION_CONTEXT(2) 
PARAMETRIC_REPRESENTATION_CONTEXT() REPRESENTATION_CONTEXT('2D SPACE',''
  ) );
#873 = PCURVE('',#874,#879);
#874 = PLANE('',#875);
#875 = AXIS2_PLACEMENT_3D('',#876,#877,#878);
#876 = CARTESIAN_POINT('',(0.,-17.,-16.));
#877 = DIRECTION('',(0.,1.,0.));
#878 = DIRECTION('',(0.,0.,1.));
#879 = DEFINITIONAL_REPRESENTATION('',(#880),#884);
#880 = LINE('',#881,#882);
#881 = CARTESIAN_POINT('',(5.,0.));
#882 = VECTOR('',#883,1.);
#883 = DIRECTION('',(0.,1.));
#884 = ( GEOMETRIC_REPRESENTATION_CONTEXT(2) 
PARAMETRIC_REPRESENTATION_CONTEXT() REPRESENTATION_CONTEXT('2D SPACE',''
  ) );
#885 = ORIENTED_EDGE('',*,*,#886,.T.);
#886 = EDGE_CURVE('',#859,#887,#889,.T.);
#887 = VERTEX_POINT('',#888);
#888 = CARTESIAN_POINT('',(153.,-17.,-11.));
#889 = SURFACE_CURVE('',#890,(#894,#901),.PCURVE_S1.);
#890 = LINE('',#891,#892);
#891 = CARTESIAN_POINT('',(0.,-17.,-11.));
#892 = VECTOR('',#893,1.);
#893 = DIRECTION('',(1.,0.,0.));
#894 = PCURVE('',#100,#895);
#895 = DEFINITIONAL_REPRESENTATION('',(#896),#900);
#896 = LINE('',#897,#898);
#897 = CARTESIAN_POINT('',(0.,0.));
#898 = VECTOR('',#899,1.);
#899 = DIRECTION('',(1.,0.));
#900 = ( GEOMETRIC_REPRESENTATION_CONTEXT(2) 
PARAMETRIC_REPRESENTATION_CONTEXT() REPRESENTATION_CONTEXT('2D SPACE',''
  ) );
#901 = PCURVE('',#238,#902);
#902 = DEFINITIONAL_REPRESENTATION('',(#903),#907);
#903 = LINE('',#904,#905);
#904 = CARTESIAN_POINT('',(0.,0.));
#905 = VECTOR('',#906,1.);
#906 = DIRECTION('',(0.,1.));
#907 = ( GEOMETRIC_REPRESENTATION_CONTEXT(2) 
PARAMETRIC_REPRESENTATION_CONTEXT() REPRESENTATION_CONTEXT('2D SPACE',''
  ) );
#908 = ORIENTED_EDGE('',*,*,#909,.T.);
#909 = EDGE_CURVE('',#887,#910,#912,.T.);
#910 = VERTEX_POINT('',#911);
#911 = CARTESIAN_POINT('',(153.,-14.4,-11.));
#912 = SURFACE_CURVE('',#913,(#917,#923),.PCURVE_S1.);
#913 = LINE('',#914,#915);
#914 = CARTESIAN_POINT('',(153.,-18.,-11.));
#915 = VECTOR('',#916,1.);
#916 = DIRECTION('',(0.,1.,0.));
#917 = PCURVE('',#100,#918);
#918 = DEFINITIONAL_REPRESENTATION('',(#919),#922);
#919 = B_SPLINE_CURVE_WITH_KNOTS('',1,(#920,#921),.UNSPECIFIED.,.F.,.F.,
  (2,2),(1.,35.),.PIECEWISE_BEZIER_KNOTS.);
#920 = CARTESIAN_POINT('',(153.,0.));
#921 = CARTESIAN_POINT('',(153.,34.));
#922 = ( GEOMETRIC_REPRESENTATION_CONTEXT(2) 
PARAMETRIC_REPRESENTATION_CONTEXT() REPRESENTATION_CONTEXT('2D SPACE',''
  ) );
#923 = PCURVE('',#265,#924);
#924 = DEFINITIONAL_REPRESENTATION('',(#925),#928);
#925 = B_SPLINE_CURVE_WITH_KNOTS('',1,(#926,#927),.UNSPECIFIED.,.F.,.F.,
  (2,2),(1.,35.),.PIECEWISE_BEZIER_KNOTS.);
#926 = CARTESIAN_POINT('',(3.,-2.));
#927 = CARTESIAN_POINT('',(3.,-36.));
#928 = ( GEOMETRIC_REPRESENTATION_CONTEXT(2) 
PARAMETRIC_REPRESENTATION_CONTEXT() REPRESENTATION_CONTEXT('2D SPACE',''
  ) );
#929 = ORIENTED_EDGE('',*,*,#930,.T.);
#930 = EDGE_CURVE('',#910,#931,#933,.T.);
#931 = VERTEX_POINT('',#932);
#932 = CARTESIAN_POINT('',(2.6,-14.4,-11.));
#933 = SURFACE_CURVE('',#934,(#938,#944),.PCURVE_S1.);
#934 = LINE('',#935,#936);
#935 = CARTESIAN_POINT('',(1.3,-14.4,-11.));
#936 = VECTOR('',#937,1.);
#937 = DIRECTION('',(-1.,0.,0.));
#938 = PCURVE('',#100,#939);
#939 = DEFINITIONAL_REPRESENTATION('',(#940),#943);
#940 = B_SPLINE_CURVE_WITH_KNOTS('',1,(#941,#942),.UNSPECIFIED.,.F.,.F.,
  (2,2),(-171.1,-1.3),.PIECEWISE_BEZIER_KNOTS.);
#941 = CARTESIAN_POINT('',(172.4,2.6));
#942 = CARTESIAN_POINT('',(2.6,2.6));
#943 = ( GEOMETRIC_REPRESENTATION_CONTEXT(2) 
PARAMETRIC_REPRESENTATION_CONTEXT() REPRESENTATION_CONTEXT('2D SPACE',''
  ) );
#944 = PCURVE('',#292,#945);
#945 = DEFINITIONAL_REPRESENTATION('',(#946),#949);
#946 = B_SPLINE_CURVE_WITH_KNOTS('',1,(#947,#948),.UNSPECIFIED.,.F.,.F.,
  (2,2),(-171.1,-1.3),.PIECEWISE_BEZIER_KNOTS.);
#947 = CARTESIAN_POINT('',(6.,169.8));
#948 = CARTESIAN_POINT('',(6.,0.));
#949 = ( GEOMETRIC_REPRESENTATION_CONTEXT(2) 
PARAMETRIC_REPRESENTATION_CONTEXT() REPRESENTATION_CONTEXT('2D SPACE',''
  ) );
#950 = ORIENTED_EDGE('',*,*,#951,.T.);
#951 = EDGE_CURVE('',#931,#952,#954,.T.);
#952 = VERTEX_POINT('',#953);
#953 = CARTESIAN_POINT('',(2.6,14.4,-11.));
#954 = SURFACE_CURVE('',#955,(#959,#965),.PCURVE_S1.);
#955 = LINE('',#956,#957);
#956 = CARTESIAN_POINT('',(2.6,-15.7,-11.));
#957 = VECTOR('',#958,1.);
#958 = DIRECTION('',(0.,1.,0.));
#959 = PCURVE('',#100,#960);
#960 = DEFINITIONAL_REPRESENTATION('',(#961),#964);
#961 = B_SPLINE_CURVE_WITH_KNOTS('',1,(#962,#963),.UNSPECIFIED.,.F.,.F.,
  (2,2),(1.3,30.1),.PIECEWISE_BEZIER_KNOTS.);
#962 = CARTESIAN_POINT('',(2.6,2.6));
#963 = CARTESIAN_POINT('',(2.6,31.4));
#964 = ( GEOMETRIC_REPRESENTATION_CONTEXT(2) 
PARAMETRIC_REPRESENTATION_CONTEXT() REPRESENTATION_CONTEXT('2D SPACE',''
  ) );
#965 = PCURVE('',#375,#966);
#966 = DEFINITIONAL_REPRESENTATION('',(#967),#970);
#967 = B_SPLINE_CURVE_WITH_KNOTS('',1,(#968,#969),.UNSPECIFIED.,.F.,.F.,
  (2,2),(1.3,30.1),.PIECEWISE_BEZIER_KNOTS.);
#968 = CARTESIAN_POINT('',(6.,0.));
#969 = CARTESIAN_POINT('',(6.,-28.8));
#970 = ( GEOMETRIC_REPRESENTATION_CONTEXT(2) 
PARAMETRIC_REPRESENTATION_CONTEXT() REPRESENTATION_CONTEXT('2D SPACE',''
  ) );
#971 = ORIENTED_EDGE('',*,*,#972,.F.);
#972 = EDGE_CURVE('',#973,#952,#975,.T.);
#973 = VERTEX_POINT('',#974);
#974 = CARTESIAN_POINT('',(153.,14.4,-11.));
#975 = SURFACE_CURVE('',#976,(#980,#986),.PCURVE_S1.);
#976 = LINE('',#977,#978);
#977 = CARTESIAN_POINT('',(1.3,14.4,-11.));
#978 = VECTOR('',#979,1.);
#979 = DIRECTION('',(-1.,0.,0.));
#980 = PCURVE('',#100,#981);
#981 = DEFINITIONAL_REPRESENTATION('',(#982),#985);
#982 = B_SPLINE_CURVE_WITH_KNOTS('',1,(#983,#984),.UNSPECIFIED.,.F.,.F.,
  (2,2),(-171.1,-1.3),.PIECEWISE_BEZIER_KNOTS.);
#983 = CARTESIAN_POINT('',(172.4,31.4));
#984 = CARTESIAN_POINT('',(2.6,31.4));
#985 = ( GEOMETRIC_REPRESENTATION_CONTEXT(2) 
PARAMETRIC_REPRESENTATION_CONTEXT() REPRESENTATION_CONTEXT('2D SPACE',''
  ) );
#986 = PCURVE('',#403,#987);
#987 = DEFINITIONAL_REPRESENTATION('',(#988),#991);
#988 = B_SPLINE_CURVE_WITH_KNOTS('',1,(#989,#990),.UNSPECIFIED.,.F.,.F.,
  (2,2),(-171.1,-1.3),.PIECEWISE_BEZIER_KNOTS.);
#989 = CARTESIAN_POINT('',(6.,169.8));
#990 = CARTESIAN_POINT('',(6.,0.));
#991 = ( GEOMETRIC_REPRESENTATION_CONTEXT(2) 
PARAMETRIC_REPRESENTATION_CONTEXT() REPRESENTATION_CONTEXT('2D SPACE',''
  ) );
#992 = ORIENTED_EDGE('',*,*,#993,.T.);
#993 = EDGE_CURVE('',#973,#994,#996,.T.);
#994 = VERTEX_POINT('',#995);
#995 = CARTESIAN_POINT('',(153.,17.,-11.));
#996 = SURFACE_CURVE('',#997,(#1001,#1007),.PCURVE_S1.);
#997 = LINE('',#998,#999);
#998 = CARTESIAN_POINT('',(153.,-18.,-11.));
#999 = VECTOR('',#1000,1.);
#1000 = DIRECTION('',(0.,1.,0.));
#1001 = PCURVE('',#100,#1002);
#1002 = DEFINITIONAL_REPRESENTATION('',(#1003),#1006);
#1003 = B_SPLINE_CURVE_WITH_KNOTS('',1,(#1004,#1005),.UNSPECIFIED.,.F.,
  .F.,(2,2),(1.,35.),.PIECEWISE_BEZIER_KNOTS.);
#1004 = CARTESIAN_POINT('',(153.,0.));
#1005 = CARTESIAN_POINT('',(153.,34.));
#1006 = ( GEOMETRIC_REPRESENTATION_CONTEXT(2) 
PARAMETRIC_REPRESENTATION_CONTEXT() REPRESENTATION_CONTEXT('2D SPACE',''
  ) );
#1007 = PCURVE('',#265,#1008);
#1008 = DEFINITIONAL_REPRESENTATION('',(#1009),#1012);
#1009 = B_SPLINE_CURVE_WITH_KNOTS('',1,(#1010,#1011),.UNSPECIFIED.,.F.,
  .F.,(2,2),(1.,35.),.PIECEWISE_BEZIER_KNOTS.);
#1010 = CARTESIAN_POINT('',(3.,-2.));
#1011 = CARTESIAN_POINT('',(3.,-36.));
#1012 = ( GEOMETRIC_REPRESENTATION_CONTEXT(2) 
PARAMETRIC_REPRESENTATION_CONTEXT() REPRESENTATION_CONTEXT('2D SPACE',''
  ) );
#1013 = ORIENTED_EDGE('',*,*,#1014,.F.);
#1014 = EDGE_CURVE('',#1015,#994,#1017,.T.);
#1015 = VERTEX_POINT('',#1016);
#1016 = CARTESIAN_POINT('',(24.,17.,-11.));
#1017 = SURFACE_CURVE('',#1018,(#1022,#1029),.PCURVE_S1.);
#1018 = LINE('',#1019,#1020);
#1019 = CARTESIAN_POINT('',(0.,17.,-11.));
#1020 = VECTOR('',#1021,1.);
#1021 = DIRECTION('',(1.,0.,0.));
#1022 = PCURVE('',#100,#1023);
#1023 = DEFINITIONAL_REPRESENTATION('',(#1024),#1028);
#1024 = LINE('',#1025,#1026);
#1025 = CARTESIAN_POINT('',(0.,34.));
#1026 = VECTOR('',#1027,1.);
#1027 = DIRECTION('',(1.,0.));
#1028 = ( GEOMETRIC_REPRESENTATION_CONTEXT(2) 
PARAMETRIC_REPRESENTATION_CONTEXT() REPRESENTATION_CONTEXT('2D SPACE',''
  ) );
#1029 = PCURVE('',#507,#1030);
#1030 = DEFINITIONAL_REPRESENTATION('',(#1031),#1035);
#1031 = LINE('',#1032,#1033);
#1032 = CARTESIAN_POINT('',(0.,0.));
#1033 = VECTOR('',#1034,1.);
#1034 = DIRECTION('',(0.,1.));
#1035 = ( GEOMETRIC_REPRESENTATION_CONTEXT(2) 
PARAMETRIC_REPRESENTATION_CONTEXT() REPRESENTATION_CONTEXT('2D SPACE',''
  ) );
#1036 = ORIENTED_EDGE('',*,*,#1037,.F.);
#1037 = EDGE_CURVE('',#1038,#1015,#1040,.T.);
#1038 = VERTEX_POINT('',#1039);
#1039 = CARTESIAN_POINT('',(2.,17.,-11.));
#1040 = SURFACE_CURVE('',#1041,(#1045,#1052),.PCURVE_S1.);
#1041 = LINE('',#1042,#1043);
#1042 = CARTESIAN_POINT('',(0.,17.,-11.));
#1043 = VECTOR('',#1044,1.);
#1044 = DIRECTION('',(1.,0.,0.));
#1045 = PCURVE('',#100,#1046);
#1046 = DEFINITIONAL_REPRESENTATION('',(#1047),#1051);
#1047 = LINE('',#1048,#1049);
#1048 = CARTESIAN_POINT('',(0.,34.));
#1049 = VECTOR('',#1050,1.);
#1050 = DIRECTION('',(1.,0.));
#1051 = ( GEOMETRIC_REPRESENTATION_CONTEXT(2) 
PARAMETRIC_REPRESENTATION_CONTEXT() REPRESENTATION_CONTEXT('2D SPACE',''
  ) );
#1052 = PCURVE('',#1053,#1058);
#1053 = PLANE('',#1054);
#1054 = AXIS2_PLACEMENT_3D('',#1055,#1056,#1057);
#1055 = CARTESIAN_POINT('',(0.,17.,-16.));
#1056 = DIRECTION('',(0.,1.,0.));
#1057 = DIRECTION('',(0.,0.,1.));
#1058 = DEFINITIONAL_REPRESENTATION('',(#1059),#1063);
#1059 = LINE('',#1060,#1061);
#1060 = CARTESIAN_POINT('',(5.,0.));
#1061 = VECTOR('',#1062,1.);
#1062 = DIRECTION('',(0.,1.));
#1063 = ( GEOMETRIC_REPRESENTATION_CONTEXT(2) 
PARAMETRIC_REPRESENTATION_CONTEXT() REPRESENTATION_CONTEXT('2D SPACE',''
  ) );
#1064 = ORIENTED_EDGE('',*,*,#1065,.F.);
#1065 = EDGE_CURVE('',#656,#1038,#1066,.T.);
#1066 = SURFACE_CURVE('',#1067,(#1071,#1078),.PCURVE_S1.);
#1067 = LINE('',#1068,#1069);
#1068 = CARTESIAN_POINT('',(0.,17.,-11.));
#1069 = VECTOR('',#1070,1.);
#1070 = DIRECTION('',(1.,0.,0.));
#1071 = PCURVE('',#100,#1072);
#1072 = DEFINITIONAL_REPRESENTATION('',(#1073),#1077);
#1073 = LINE('',#1074,#1075);
#1074 = CARTESIAN_POINT('',(0.,34.));
#1075 = VECTOR('',#1076,1.);
#1076 = DIRECTION('',(1.,0.));
#1077 = ( GEOMETRIC_REPRESENTATION_CONTEXT(2) 
PARAMETRIC_REPRESENTATION_CONTEXT() REPRESENTATION_CONTEXT('2D SPACE',''
  ) );
#1078 = PCURVE('',#699,#1079);
#1079 = DEFINITIONAL_REPRESENTATION('',(#1080),#1084);
#1080 = LINE('',#1081,#1082);
#1081 = CARTESIAN_POINT('',(0.,0.));
#1082 = VECTOR('',#1083,1.);
#1083 = DIRECTION('',(0.,1.));
#1084 = ( GEOMETRIC_REPRESENTATION_CONTEXT(2) 
PARAMETRIC_REPRESENTATION_CONTEXT() REPRESENTATION_CONTEXT('2D SPACE',''
  ) );
#1085 = ORIENTED_EDGE('',*,*,#655,.F.);
#1086 = ADVANCED_FACE('',(#1087),#563,.T.);
#1087 = FACE_BOUND('',#1088,.T.);
#1088 = EDGE_LOOP('',(#1089,#1113,#1114,#1115));
#1089 = ORIENTED_EDGE('',*,*,#1090,.F.);
#1090 = EDGE_CURVE('',#712,#1091,#1093,.T.);
#1091 = VERTEX_POINT('',#1092);
#1092 = CARTESIAN_POINT('',(2.,17.,5.12347538298));
#1093 = SURFACE_CURVE('',#1094,(#1099,#1106),.PCURVE_S1.);
#1094 = CIRCLE('',#1095,9.5);
#1095 = AXIS2_PLACEMENT_3D('',#1096,#1097,#1098);
#1096 = CARTESIAN_POINT('',(10.,17.,-3.330669073875E-16));
#1097 = DIRECTION('',(0.,1.,0.));
#1098 = DIRECTION('',(1.110223024625E-16,0.,-1.));
#1099 = PCURVE('',#563,#1100);
#1100 = DEFINITIONAL_REPRESENTATION('',(#1101),#1105);
#1101 = CIRCLE('',#1102,9.5);
#1102 = AXIS2_PLACEMENT_2D('',#1103,#1104);
#1103 = CARTESIAN_POINT('',(11.,10.));
#1104 = DIRECTION('',(-1.,1.110223024625E-16));
#1105 = ( GEOMETRIC_REPRESENTATION_CONTEXT(2) 
PARAMETRIC_REPRESENTATION_CONTEXT() REPRESENTATION_CONTEXT('2D SPACE',''
  ) );
#1106 = PCURVE('',#773,#1107);
#1107 = DEFINITIONAL_REPRESENTATION('',(#1108),#1112);
#1108 = LINE('',#1109,#1110);
#1109 = CARTESIAN_POINT('',(-6.28318530718,-4.5));
#1110 = VECTOR('',#1111,1.);
#1111 = DIRECTION('',(1.,-0.));
#1112 = ( GEOMETRIC_REPRESENTATION_CONTEXT(2) 
PARAMETRIC_REPRESENTATION_CONTEXT() REPRESENTATION_CONTEXT('2D SPACE',''
  ) );
#1113 = ORIENTED_EDGE('',*,*,#808,.T.);
#1114 = ORIENTED_EDGE('',*,*,#547,.T.);
#1115 = ORIENTED_EDGE('',*,*,#1116,.F.);
#1116 = EDGE_CURVE('',#1091,#520,#1117,.T.);
#1117 = SURFACE_CURVE('',#1118,(#1122,#1129),.PCURVE_S1.);
#1118 = LINE('',#1119,#1120);
#1119 = CARTESIAN_POINT('',(2.,17.,-16.));
#1120 = VECTOR('',#1121,1.);
#1121 = DIRECTION('',(0.,0.,1.));
#1122 = PCURVE('',#563,#1123);
#1123 = DEFINITIONAL_REPRESENTATION('',(#1124),#1128);
#1124 = LINE('',#1125,#1126);
#1125 = CARTESIAN_POINT('',(-5.,2.));
#1126 = VECTOR('',#1127,1.);
#1127 = DIRECTION('',(1.,0.));
#1128 = ( GEOMETRIC_REPRESENTATION_CONTEXT(2) 
PARAMETRIC_REPRESENTATION_CONTEXT() REPRESENTATION_CONTEXT('2D SPACE',''
  ) );
#1129 = PCURVE('',#1130,#1135);
#1130 = CYLINDRICAL_SURFACE('',#1131,2.);
#1131 = AXIS2_PLACEMENT_3D('',#1132,#1133,#1134);
#1132 = CARTESIAN_POINT('',(2.,19.,-16.));
#1133 = DIRECTION('',(0.,0.,1.));
#1134 = DIRECTION('',(-1.,-0.,0.));
#1135 = DEFINITIONAL_REPRESENTATION('',(#1136),#1140);
#1136 = LINE('',#1137,#1138);
#1137 = CARTESIAN_POINT('',(1.570796326795,0.));
#1138 = VECTOR('',#1139,1.);
#1139 = DIRECTION('',(0.,1.));
#1140 = ( GEOMETRIC_REPRESENTATION_CONTEXT(2) 
PARAMETRIC_REPRESENTATION_CONTEXT() REPRESENTATION_CONTEXT('2D SPACE',''
  ) );
#1141 = ADVANCED_FACE('',(#1142),#535,.F.);
#1142 = FACE_BOUND('',#1143,.F.);
#1143 = EDGE_LOOP('',(#1144,#1145,#1168,#1196));
#1144 = ORIENTED_EDGE('',*,*,#519,.F.);
#1145 = ORIENTED_EDGE('',*,*,#1146,.T.);
#1146 = EDGE_CURVE('',#520,#1147,#1149,.T.);
#1147 = VERTEX_POINT('',#1148);
#1148 = CARTESIAN_POINT('',(2.,17.,13.));
#1149 = SURFACE_CURVE('',#1150,(#1154,#1161),.PCURVE_S1.);
#1150 = LINE('',#1151,#1152);
#1151 = CARTESIAN_POINT('',(2.,17.,-16.));
#1152 = VECTOR('',#1153,1.);
#1153 = DIRECTION('',(0.,0.,1.));
#1154 = PCURVE('',#535,#1155);
#1155 = DEFINITIONAL_REPRESENTATION('',(#1156),#1160);
#1156 = LINE('',#1157,#1158);
#1157 = CARTESIAN_POINT('',(0.,2.));
#1158 = VECTOR('',#1159,1.);
#1159 = DIRECTION('',(1.,0.));
#1160 = ( GEOMETRIC_REPRESENTATION_CONTEXT(2) 
PARAMETRIC_REPRESENTATION_CONTEXT() REPRESENTATION_CONTEXT('2D SPACE',''
  ) );
#1161 = PCURVE('',#1130,#1162);
#1162 = DEFINITIONAL_REPRESENTATION('',(#1163),#1167);
#1163 = LINE('',#1164,#1165);
#1164 = CARTESIAN_POINT('',(1.570796326795,0.));
#1165 = VECTOR('',#1166,1.);
#1166 = DIRECTION('',(0.,1.));
#1167 = ( GEOMETRIC_REPRESENTATION_CONTEXT(2) 
PARAMETRIC_REPRESENTATION_CONTEXT() REPRESENTATION_CONTEXT('2D SPACE',''
  ) );
#1168 = ORIENTED_EDGE('',*,*,#1169,.F.);
#1169 = EDGE_CURVE('',#1170,#1147,#1172,.T.);
#1170 = VERTEX_POINT('',#1171);
#1171 = CARTESIAN_POINT('',(24.,17.,13.));
#1172 = SURFACE_CURVE('',#1173,(#1177,#1184),.PCURVE_S1.);
#1173 = LINE('',#1174,#1175);
#1174 = CARTESIAN_POINT('',(24.,17.,13.));
#1175 = VECTOR('',#1176,1.);
#1176 = DIRECTION('',(-1.,-0.,-0.));
#1177 = PCURVE('',#535,#1178);
#1178 = DEFINITIONAL_REPRESENTATION('',(#1179),#1183);
#1179 = LINE('',#1180,#1181);
#1180 = CARTESIAN_POINT('',(29.,24.));
#1181 = VECTOR('',#1182,1.);
#1182 = DIRECTION('',(-0.,-1.));
#1183 = ( GEOMETRIC_REPRESENTATION_CONTEXT(2) 
PARAMETRIC_REPRESENTATION_CONTEXT() REPRESENTATION_CONTEXT('2D SPACE',''
  ) );
#1184 = PCURVE('',#1185,#1190);
#1185 = CYLINDRICAL_SURFACE('',#1186,3.);
#1186 = AXIS2_PLACEMENT_3D('',#1187,#1188,#1189);
#1187 = CARTESIAN_POINT('',(24.,20.,13.));
#1188 = DIRECTION('',(-1.,-0.,-0.));
#1189 = DIRECTION('',(0.,-1.,0.));
#1190 = DEFINITIONAL_REPRESENTATION('',(#1191),#1195);
#1191 = LINE('',#1192,#1193);
#1192 = CARTESIAN_POINT('',(0.,0.));
#1193 = VECTOR('',#1194,1.);
#1194 = DIRECTION('',(0.,1.));
#1195 = ( GEOMETRIC_REPRESENTATION_CONTEXT(2) 
PARAMETRIC_REPRESENTATION_CONTEXT() REPRESENTATION_CONTEXT('2D SPACE',''
  ) );
#1196 = ORIENTED_EDGE('',*,*,#1197,.F.);
#1197 = EDGE_CURVE('',#492,#1170,#1198,.T.);
#1198 = SURFACE_CURVE('',#1199,(#1203,#1210),.PCURVE_S1.);
#1199 = LINE('',#1200,#1201);
#1200 = CARTESIAN_POINT('',(24.,17.,-16.));
#1201 = VECTOR('',#1202,1.);
#1202 = DIRECTION('',(0.,0.,1.));
#1203 = PCURVE('',#535,#1204);
#1204 = DEFINITIONAL_REPRESENTATION('',(#1205),#1209);
#1205 = LINE('',#1206,#1207);
#1206 = CARTESIAN_POINT('',(0.,24.));
#1207 = VECTOR('',#1208,1.);
#1208 = DIRECTION('',(1.,0.));
#1209 = ( GEOMETRIC_REPRESENTATION_CONTEXT(2) 
PARAMETRIC_REPRESENTATION_CONTEXT() REPRESENTATION_CONTEXT('2D SPACE',''
  ) );
#1210 = PCURVE('',#1211,#1216);
#1211 = CYLINDRICAL_SURFACE('',#1212,2.);
#1212 = AXIS2_PLACEMENT_3D('',#1213,#1214,#1215);
#1213 = CARTESIAN_POINT('',(24.,19.,-16.));
#1214 = DIRECTION('',(0.,0.,1.));
#1215 = DIRECTION('',(1.,0.,-0.));
#1216 = DEFINITIONAL_REPRESENTATION('',(#1217),#1221);
#1217 = LINE('',#1218,#1219);
#1218 = CARTESIAN_POINT('',(-1.570796326795,0.));
#1219 = VECTOR('',#1220,1.);
#1220 = DIRECTION('',(-0.,1.));
#1221 = ( GEOMETRIC_REPRESENTATION_CONTEXT(2) 
PARAMETRIC_REPRESENTATION_CONTEXT() REPRESENTATION_CONTEXT('2D SPACE',''
  ) );
#1222 = ADVANCED_FACE('',(#1223,#1274),#507,.T.);
#1223 = FACE_BOUND('',#1224,.T.);
#1224 = EDGE_LOOP('',(#1225,#1226,#1247,#1248));
#1225 = ORIENTED_EDGE('',*,*,#1014,.F.);
#1226 = ORIENTED_EDGE('',*,*,#1227,.T.);
#1227 = EDGE_CURVE('',#1015,#492,#1228,.T.);
#1228 = SURFACE_CURVE('',#1229,(#1233,#1240),.PCURVE_S1.);
#1229 = LINE('',#1230,#1231);
#1230 = CARTESIAN_POINT('',(24.,17.,-16.));
#1231 = VECTOR('',#1232,1.);
#1232 = DIRECTION('',(0.,0.,1.));
#1233 = PCURVE('',#507,#1234);
#1234 = DEFINITIONAL_REPRESENTATION('',(#1235),#1239);
#1235 = LINE('',#1236,#1237);
#1236 = CARTESIAN_POINT('',(-5.,24.));
#1237 = VECTOR('',#1238,1.);
#1238 = DIRECTION('',(1.,0.));
#1239 = ( GEOMETRIC_REPRESENTATION_CONTEXT(2) 
PARAMETRIC_REPRESENTATION_CONTEXT() REPRESENTATION_CONTEXT('2D SPACE',''
  ) );
#1240 = PCURVE('',#1211,#1241);
#1241 = DEFINITIONAL_REPRESENTATION('',(#1242),#1246);
#1242 = LINE('',#1243,#1244);
#1243 = CARTESIAN_POINT('',(-1.570796326795,0.));
#1244 = VECTOR('',#1245,1.);
#1245 = DIRECTION('',(-0.,1.));
#1246 = ( GEOMETRIC_REPRESENTATION_CONTEXT(2) 
PARAMETRIC_REPRESENTATION_CONTEXT() REPRESENTATION_CONTEXT('2D SPACE',''
  ) );
#1247 = ORIENTED_EDGE('',*,*,#491,.T.);
#1248 = ORIENTED_EDGE('',*,*,#1249,.F.);
#1249 = EDGE_CURVE('',#994,#471,#1250,.T.);
#1250 = SURFACE_CURVE('',#1251,(#1255,#1262),.PCURVE_S1.);
#1251 = LINE('',#1252,#1253);
#1252 = CARTESIAN_POINT('',(153.,17.,-14.));
#1253 = VECTOR('',#1254,1.);
#1254 = DIRECTION('',(0.,0.,1.));
#1255 = PCURVE('',#507,#1256);
#1256 = DEFINITIONAL_REPRESENTATION('',(#1257),#1261);
#1257 = LINE('',#1258,#1259);
#1258 = CARTESIAN_POINT('',(-3.,153.));
#1259 = VECTOR('',#1260,1.);
#1260 = DIRECTION('',(1.,0.));
#1261 = ( GEOMETRIC_REPRESENTATION_CONTEXT(2) 
PARAMETRIC_REPRESENTATION_CONTEXT() REPRESENTATION_CONTEXT('2D SPACE',''
  ) );
#1262 = PCURVE('',#1263,#1268);
#1263 = CYLINDRICAL_SURFACE('',#1264,2.);
#1264 = AXIS2_PLACEMENT_3D('',#1265,#1266,#1267);
#1265 = CARTESIAN_POINT('',(155.,17.,-14.));
#1266 = DIRECTION('',(0.,0.,1.));
#1267 = DIRECTION('',(-1.,-0.,0.));
#1268 = DEFINITIONAL_REPRESENTATION('',(#1269),#1273);
#1269 = LINE('',#1270,#1271);
#1270 = CARTESIAN_POINT('',(-0.,0.));
#1271 = VECTOR('',#1272,1.);
#1272 = DIRECTION('',(-0.,1.));
#1273 = ( GEOMETRIC_REPRESENTATION_CONTEXT(2) 
PARAMETRIC_REPRESENTATION_CONTEXT() REPRESENTATION_CONTEXT('2D SPACE',''
  ) );
#1274 = FACE_BOUND('',#1275,.T.);
#1275 = EDGE_LOOP('',(#1276,#1306,#1334,#1362));
#1276 = ORIENTED_EDGE('',*,*,#1277,.F.);
#1277 = EDGE_CURVE('',#1278,#1280,#1282,.T.);
#1278 = VERTEX_POINT('',#1279);
#1279 = CARTESIAN_POINT('',(28.,17.,-3.5));
#1280 = VERTEX_POINT('',#1281);
#1281 = CARTESIAN_POINT('',(28.,17.,3.5));
#1282 = SURFACE_CURVE('',#1283,(#1287,#1294),.PCURVE_S1.);
#1283 = LINE('',#1284,#1285);
#1284 = CARTESIAN_POINT('',(28.,17.,-5.));
#1285 = VECTOR('',#1286,1.);
#1286 = DIRECTION('',(0.,0.,1.));
#1287 = PCURVE('',#507,#1288);
#1288 = DEFINITIONAL_REPRESENTATION('',(#1289),#1293);
#1289 = LINE('',#1290,#1291);
#1290 = CARTESIAN_POINT('',(6.,28.));
#1291 = VECTOR('',#1292,1.);
#1292 = DIRECTION('',(1.,0.));
#1293 = ( GEOMETRIC_REPRESENTATION_CONTEXT(2) 
PARAMETRIC_REPRESENTATION_CONTEXT() REPRESENTATION_CONTEXT('2D SPACE',''
  ) );
#1294 = PCURVE('',#1295,#1300);
#1295 = CYLINDRICAL_SURFACE('',#1296,1.5);
#1296 = AXIS2_PLACEMENT_3D('',#1297,#1298,#1299);
#1297 = CARTESIAN_POINT('',(28.,18.5,-5.));
#1298 = DIRECTION('',(0.,0.,1.));
#1299 = DIRECTION('',(-1.,-0.,0.));
#1300 = DEFINITIONAL_REPRESENTATION('',(#1301),#1305);
#1301 = LINE('',#1302,#1303);
#1302 = CARTESIAN_POINT('',(1.570796326795,0.));
#1303 = VECTOR('',#1304,1.);
#1304 = DIRECTION('',(0.,1.));
#1305 = ( GEOMETRIC_REPRESENTATION_CONTEXT(2) 
PARAMETRIC_REPRESENTATION_CONTEXT() REPRESENTATION_CONTEXT('2D SPACE',''
  ) );
#1306 = ORIENTED_EDGE('',*,*,#1307,.T.);
#1307 = EDGE_CURVE('',#1278,#1308,#1310,.T.);
#1308 = VERTEX_POINT('',#1309);
#1309 = CARTESIAN_POINT('',(35.,17.,-3.5));
#1310 = SURFACE_CURVE('',#1311,(#1315,#1322),.PCURVE_S1.);
#1311 = LINE('',#1312,#1313);
#1312 = CARTESIAN_POINT('',(26.5,17.,-3.5));
#1313 = VECTOR('',#1314,1.);
#1314 = DIRECTION('',(1.,0.,0.));
#1315 = PCURVE('',#507,#1316);
#1316 = DEFINITIONAL_REPRESENTATION('',(#1317),#1321);
#1317 = LINE('',#1318,#1319);
#1318 = CARTESIAN_POINT('',(7.5,26.5));
#1319 = VECTOR('',#1320,1.);
#1320 = DIRECTION('',(0.,1.));
#1321 = ( GEOMETRIC_REPRESENTATION_CONTEXT(2) 
PARAMETRIC_REPRESENTATION_CONTEXT() REPRESENTATION_CONTEXT('2D SPACE',''
  ) );
#1322 = PCURVE('',#1323,#1328);
#1323 = CYLINDRICAL_SURFACE('',#1324,1.5);
#1324 = AXIS2_PLACEMENT_3D('',#1325,#1326,#1327);
#1325 = CARTESIAN_POINT('',(26.5,18.5,-3.5));
#1326 = DIRECTION('',(1.,0.,0.));
#1327 = DIRECTION('',(0.,-1.,0.));
#1328 = DEFINITIONAL_REPRESENTATION('',(#1329),#1333);
#1329 = LINE('',#1330,#1331);
#1330 = CARTESIAN_POINT('',(0.,0.));
#1331 = VECTOR('',#1332,1.);
#1332 = DIRECTION('',(0.,1.));
#1333 = ( GEOMETRIC_REPRESENTATION_CONTEXT(2) 
PARAMETRIC_REPRESENTATION_CONTEXT() REPRESENTATION_CONTEXT('2D SPACE',''
  ) );
#1334 = ORIENTED_EDGE('',*,*,#1335,.T.);
#1335 = EDGE_CURVE('',#1308,#1336,#1338,.T.);
#1336 = VERTEX_POINT('',#1337);
#1337 = CARTESIAN_POINT('',(35.,17.,3.5));
#1338 = SURFACE_CURVE('',#1339,(#1343,#1350),.PCURVE_S1.);
#1339 = LINE('',#1340,#1341);
#1340 = CARTESIAN_POINT('',(35.,17.,-5.));
#1341 = VECTOR('',#1342,1.);
#1342 = DIRECTION('',(0.,0.,1.));
#1343 = PCURVE('',#507,#1344);
#1344 = DEFINITIONAL_REPRESENTATION('',(#1345),#1349);
#1345 = LINE('',#1346,#1347);
#1346 = CARTESIAN_POINT('',(6.,35.));
#1347 = VECTOR('',#1348,1.);
#1348 = DIRECTION('',(1.,0.));
#1349 = ( GEOMETRIC_REPRESENTATION_CONTEXT(2) 
PARAMETRIC_REPRESENTATION_CONTEXT() REPRESENTATION_CONTEXT('2D SPACE',''
  ) );
#1350 = PCURVE('',#1351,#1356);
#1351 = CYLINDRICAL_SURFACE('',#1352,1.5);
#1352 = AXIS2_PLACEMENT_3D('',#1353,#1354,#1355);
#1353 = CARTESIAN_POINT('',(35.,18.5,-5.));
#1354 = DIRECTION('',(0.,0.,1.));
#1355 = DIRECTION('',(1.,0.,-0.));
#1356 = DEFINITIONAL_REPRESENTATION('',(#1357),#1361);
#1357 = LINE('',#1358,#1359);
#1358 = CARTESIAN_POINT('',(-1.570796326795,0.));
#1359 = VECTOR('',#1360,1.);
#1360 = DIRECTION('',(-0.,1.));
#1361 = ( GEOMETRIC_REPRESENTATION_CONTEXT(2) 
PARAMETRIC_REPRESENTATION_CONTEXT() REPRESENTATION_CONTEXT('2D SPACE',''
  ) );
#1362 = ORIENTED_EDGE('',*,*,#1363,.F.);
#1363 = EDGE_CURVE('',#1280,#1336,#1364,.T.);
#1364 = SURFACE_CURVE('',#1365,(#1369,#1376),.PCURVE_S1.);
#1365 = LINE('',#1366,#1367);
#1366 = CARTESIAN_POINT('',(26.5,17.,3.5));
#1367 = VECTOR('',#1368,1.);
#1368 = DIRECTION('',(1.,0.,0.));
#1369 = PCURVE('',#507,#1370);
#1370 = DEFINITIONAL_REPRESENTATION('',(#1371),#1375);
#1371 = LINE('',#1372,#1373);
#1372 = CARTESIAN_POINT('',(14.5,26.5));
#1373 = VECTOR('',#1374,1.);
#1374 = DIRECTION('',(0.,1.));
#1375 = ( GEOMETRIC_REPRESENTATION_CONTEXT(2) 
PARAMETRIC_REPRESENTATION_CONTEXT() REPRESENTATION_CONTEXT('2D SPACE',''
  ) );
#1376 = PCURVE('',#1377,#1382);
#1377 = CYLINDRICAL_SURFACE('',#1378,1.5);
#1378 = AXIS2_PLACEMENT_3D('',#1379,#1380,#1381);
#1379 = CARTESIAN_POINT('',(26.5,18.5,3.5));
#1380 = DIRECTION('',(1.,0.,0.));
#1381 = DIRECTION('',(0.,-1.,0.));
#1382 = DEFINITIONAL_REPRESENTATION('',(#1383),#1387);
#1383 = LINE('',#1384,#1385);
#1384 = CARTESIAN_POINT('',(-0.,0.));
#1385 = VECTOR('',#1386,1.);
#1386 = DIRECTION('',(-0.,1.));
#1387 = ( GEOMETRIC_REPRESENTATION_CONTEXT(2) 
PARAMETRIC_REPRESENTATION_CONTEXT() REPRESENTATION_CONTEXT('2D SPACE',''
  ) );
#1388 = ADVANCED_FACE('',(#1389),#265,.F.);
#1389 = FACE_BOUND('',#1390,.F.);
#1390 = EDGE_LOOP('',(#1391,#1419,#1447,#1468,#1469,#1488,#1489,#1512,
    #1540,#1561,#1562,#1581));
#1391 = ORIENTED_EDGE('',*,*,#1392,.F.);
#1392 = EDGE_CURVE('',#1393,#887,#1395,.T.);
#1393 = VERTEX_POINT('',#1394);
#1394 = CARTESIAN_POINT('',(153.,-17.,-12.));
#1395 = SURFACE_CURVE('',#1396,(#1400,#1407),.PCURVE_S1.);
#1396 = LINE('',#1397,#1398);
#1397 = CARTESIAN_POINT('',(153.,-17.,-14.));
#1398 = VECTOR('',#1399,1.);
#1399 = DIRECTION('',(0.,0.,1.));
#1400 = PCURVE('',#265,#1401);
#1401 = DEFINITIONAL_REPRESENTATION('',(#1402),#1406);
#1402 = LINE('',#1403,#1404);
#1403 = CARTESIAN_POINT('',(0.,-2.));
#1404 = VECTOR('',#1405,1.);
#1405 = DIRECTION('',(1.,0.));
#1406 = ( GEOMETRIC_REPRESENTATION_CONTEXT(2) 
PARAMETRIC_REPRESENTATION_CONTEXT() REPRESENTATION_CONTEXT('2D SPACE',''
  ) );
#1407 = PCURVE('',#1408,#1413);
#1408 = CYLINDRICAL_SURFACE('',#1409,2.);
#1409 = AXIS2_PLACEMENT_3D('',#1410,#1411,#1412);
#1410 = CARTESIAN_POINT('',(155.,-17.,-14.));
#1411 = DIRECTION('',(0.,0.,1.));
#1412 = DIRECTION('',(-1.,-0.,0.));
#1413 = DEFINITIONAL_REPRESENTATION('',(#1414),#1418);
#1414 = LINE('',#1415,#1416);
#1415 = CARTESIAN_POINT('',(0.,0.));
#1416 = VECTOR('',#1417,1.);
#1417 = DIRECTION('',(0.,1.));
#1418 = ( GEOMETRIC_REPRESENTATION_CONTEXT(2) 
PARAMETRIC_REPRESENTATION_CONTEXT() REPRESENTATION_CONTEXT('2D SPACE',''
  ) );
#1419 = ORIENTED_EDGE('',*,*,#1420,.T.);
#1420 = EDGE_CURVE('',#1393,#1421,#1423,.T.);
#1421 = VERTEX_POINT('',#1422);
#1422 = CARTESIAN_POINT('',(153.,17.,-12.));
#1423 = SURFACE_CURVE('',#1424,(#1428,#1435),.PCURVE_S1.);
#1424 = LINE('',#1425,#1426);
#1425 = CARTESIAN_POINT('',(153.,-17.,-12.));
#1426 = VECTOR('',#1427,1.);
#1427 = DIRECTION('',(0.,1.,0.));
#1428 = PCURVE('',#265,#1429);
#1429 = DEFINITIONAL_REPRESENTATION('',(#1430),#1434);
#1430 = LINE('',#1431,#1432);
#1431 = CARTESIAN_POINT('',(2.,-2.));
#1432 = VECTOR('',#1433,1.);
#1433 = DIRECTION('',(0.,-1.));
#1434 = ( GEOMETRIC_REPRESENTATION_CONTEXT(2) 
PARAMETRIC_REPRESENTATION_CONTEXT() REPRESENTATION_CONTEXT('2D SPACE',''
  ) );
#1435 = PCURVE('',#1436,#1441);
#1436 = CYLINDRICAL_SURFACE('',#1437,2.);
#1437 = AXIS2_PLACEMENT_3D('',#1438,#1439,#1440);
#1438 = CARTESIAN_POINT('',(155.,-17.,-12.));
#1439 = DIRECTION('',(0.,1.,0.));
#1440 = DIRECTION('',(-1.,0.,0.));
#1441 = DEFINITIONAL_REPRESENTATION('',(#1442),#1446);
#1442 = LINE('',#1443,#1444);
#1443 = CARTESIAN_POINT('',(-0.,0.));
#1444 = VECTOR('',#1445,1.);
#1445 = DIRECTION('',(-0.,1.));
#1446 = ( GEOMETRIC_REPRESENTATION_CONTEXT(2) 
PARAMETRIC_REPRESENTATION_CONTEXT() REPRESENTATION_CONTEXT('2D SPACE',''
  ) );
#1447 = ORIENTED_EDGE('',*,*,#1448,.T.);
#1448 = EDGE_CURVE('',#1421,#994,#1449,.T.);
#1449 = SURFACE_CURVE('',#1450,(#1454,#1461),.PCURVE_S1.);
#1450 = LINE('',#1451,#1452);
#1451 = CARTESIAN_POINT('',(153.,17.,-14.));
#1452 = VECTOR('',#1453,1.);
#1453 = DIRECTION('',(0.,0.,1.));
#1454 = PCURVE('',#265,#1455);
#1455 = DEFINITIONAL_REPRESENTATION('',(#1456),#1460);
#1456 = LINE('',#1457,#1458);
#1457 = CARTESIAN_POINT('',(0.,-36.));
#1458 = VECTOR('',#1459,1.);
#1459 = DIRECTION('',(1.,0.));
#1460 = ( GEOMETRIC_REPRESENTATION_CONTEXT(2) 
PARAMETRIC_REPRESENTATION_CONTEXT() REPRESENTATION_CONTEXT('2D SPACE',''
  ) );
#1461 = PCURVE('',#1263,#1462);
#1462 = DEFINITIONAL_REPRESENTATION('',(#1463),#1467);
#1463 = LINE('',#1464,#1465);
#1464 = CARTESIAN_POINT('',(-0.,0.));
#1465 = VECTOR('',#1466,1.);
#1466 = DIRECTION('',(-0.,1.));
#1467 = ( GEOMETRIC_REPRESENTATION_CONTEXT(2) 
PARAMETRIC_REPRESENTATION_CONTEXT() REPRESENTATION_CONTEXT('2D SPACE',''
  ) );
#1468 = ORIENTED_EDGE('',*,*,#993,.F.);
#1469 = ORIENTED_EDGE('',*,*,#1470,.F.);
#1470 = EDGE_CURVE('',#448,#973,#1471,.T.);
#1471 = SURFACE_CURVE('',#1472,(#1476,#1482),.PCURVE_S1.);
#1472 = LINE('',#1473,#1474);
#1473 = CARTESIAN_POINT('',(153.,14.4,-15.5));
#1474 = VECTOR('',#1475,1.);
#1475 = DIRECTION('',(0.,0.,-1.));
#1476 = PCURVE('',#265,#1477);
#1477 = DEFINITIONAL_REPRESENTATION('',(#1478),#1481);
#1478 = B_SPLINE_CURVE_WITH_KNOTS('',1,(#1479,#1480),.UNSPECIFIED.,.F.,
  .F.,(2,2),(-26.5,-4.5),.PIECEWISE_BEZIER_KNOTS.);
#1479 = CARTESIAN_POINT('',(25.,-33.4));
#1480 = CARTESIAN_POINT('',(3.,-33.4));
#1481 = ( GEOMETRIC_REPRESENTATION_CONTEXT(2) 
PARAMETRIC_REPRESENTATION_CONTEXT() REPRESENTATION_CONTEXT('2D SPACE',''
  ) );
#1482 = PCURVE('',#403,#1483);
#1483 = DEFINITIONAL_REPRESENTATION('',(#1484),#1487);
#1484 = B_SPLINE_CURVE_WITH_KNOTS('',1,(#1485,#1486),.UNSPECIFIED.,.F.,
  .F.,(2,2),(-26.5,-4.5),.PIECEWISE_BEZIER_KNOTS.);
#1485 = CARTESIAN_POINT('',(28.,150.4));
#1486 = CARTESIAN_POINT('',(6.,150.4));
#1487 = ( GEOMETRIC_REPRESENTATION_CONTEXT(2) 
PARAMETRIC_REPRESENTATION_CONTEXT() REPRESENTATION_CONTEXT('2D SPACE',''
  ) );
#1488 = ORIENTED_EDGE('',*,*,#470,.T.);
#1489 = ORIENTED_EDGE('',*,*,#1490,.T.);
#1490 = EDGE_CURVE('',#471,#1491,#1493,.T.);
#1491 = VERTEX_POINT('',#1492);
#1492 = CARTESIAN_POINT('',(153.,17.,12.));
#1493 = SURFACE_CURVE('',#1494,(#1498,#1505),.PCURVE_S1.);
#1494 = LINE('',#1495,#1496);
#1495 = CARTESIAN_POINT('',(153.,17.,-14.));
#1496 = VECTOR('',#1497,1.);
#1497 = DIRECTION('',(0.,0.,1.));
#1498 = PCURVE('',#265,#1499);
#1499 = DEFINITIONAL_REPRESENTATION('',(#1500),#1504);
#1500 = LINE('',#1501,#1502);
#1501 = CARTESIAN_POINT('',(0.,-36.));
#1502 = VECTOR('',#1503,1.);
#1503 = DIRECTION('',(1.,0.));
#1504 = ( GEOMETRIC_REPRESENTATION_CONTEXT(2) 
PARAMETRIC_REPRESENTATION_CONTEXT() REPRESENTATION_CONTEXT('2D SPACE',''
  ) );
#1505 = PCURVE('',#1263,#1506);
#1506 = DEFINITIONAL_REPRESENTATION('',(#1507),#1511);
#1507 = LINE('',#1508,#1509);
#1508 = CARTESIAN_POINT('',(-0.,0.));
#1509 = VECTOR('',#1510,1.);
#1510 = DIRECTION('',(-0.,1.));
#1511 = ( GEOMETRIC_REPRESENTATION_CONTEXT(2) 
PARAMETRIC_REPRESENTATION_CONTEXT() REPRESENTATION_CONTEXT('2D SPACE',''
  ) );
#1512 = ORIENTED_EDGE('',*,*,#1513,.F.);
#1513 = EDGE_CURVE('',#1514,#1491,#1516,.T.);
#1514 = VERTEX_POINT('',#1515);
#1515 = CARTESIAN_POINT('',(153.,-17.,12.));
#1516 = SURFACE_CURVE('',#1517,(#1521,#1528),.PCURVE_S1.);
#1517 = LINE('',#1518,#1519);
#1518 = CARTESIAN_POINT('',(153.,-17.,12.));
#1519 = VECTOR('',#1520,1.);
#1520 = DIRECTION('',(0.,1.,0.));
#1521 = PCURVE('',#265,#1522);
#1522 = DEFINITIONAL_REPRESENTATION('',(#1523),#1527);
#1523 = LINE('',#1524,#1525);
#1524 = CARTESIAN_POINT('',(26.,-2.));
#1525 = VECTOR('',#1526,1.);
#1526 = DIRECTION('',(0.,-1.));
#1527 = ( GEOMETRIC_REPRESENTATION_CONTEXT(2) 
PARAMETRIC_REPRESENTATION_CONTEXT() REPRESENTATION_CONTEXT('2D SPACE',''
  ) );
#1528 = PCURVE('',#1529,#1534);
#1529 = CYLINDRICAL_SURFACE('',#1530,2.);
#1530 = AXIS2_PLACEMENT_3D('',#1531,#1532,#1533);
#1531 = CARTESIAN_POINT('',(155.,-17.,12.));
#1532 = DIRECTION('',(0.,1.,0.));
#1533 = DIRECTION('',(-1.,0.,0.));
#1534 = DEFINITIONAL_REPRESENTATION('',(#1535),#1539);
#1535 = LINE('',#1536,#1537);
#1536 = CARTESIAN_POINT('',(0.,0.));
#1537 = VECTOR('',#1538,1.);
#1538 = DIRECTION('',(0.,1.));
#1539 = ( GEOMETRIC_REPRESENTATION_CONTEXT(2) 
PARAMETRIC_REPRESENTATION_CONTEXT() REPRESENTATION_CONTEXT('2D SPACE',''
  ) );
#1540 = ORIENTED_EDGE('',*,*,#1541,.F.);
#1541 = EDGE_CURVE('',#223,#1514,#1542,.T.);
#1542 = SURFACE_CURVE('',#1543,(#1547,#1554),.PCURVE_S1.);
#1543 = LINE('',#1544,#1545);
#1544 = CARTESIAN_POINT('',(153.,-17.,-14.));
#1545 = VECTOR('',#1546,1.);
#1546 = DIRECTION('',(0.,0.,1.));
#1547 = PCURVE('',#265,#1548);
#1548 = DEFINITIONAL_REPRESENTATION('',(#1549),#1553);
#1549 = LINE('',#1550,#1551);
#1550 = CARTESIAN_POINT('',(0.,-2.));
#1551 = VECTOR('',#1552,1.);
#1552 = DIRECTION('',(1.,0.));
#1553 = ( GEOMETRIC_REPRESENTATION_CONTEXT(2) 
PARAMETRIC_REPRESENTATION_CONTEXT() REPRESENTATION_CONTEXT('2D SPACE',''
  ) );
#1554 = PCURVE('',#1408,#1555);
#1555 = DEFINITIONAL_REPRESENTATION('',(#1556),#1560);
#1556 = LINE('',#1557,#1558);
#1557 = CARTESIAN_POINT('',(0.,0.));
#1558 = VECTOR('',#1559,1.);
#1559 = DIRECTION('',(0.,1.));
#1560 = ( GEOMETRIC_REPRESENTATION_CONTEXT(2) 
PARAMETRIC_REPRESENTATION_CONTEXT() REPRESENTATION_CONTEXT('2D SPACE',''
  ) );
#1561 = ORIENTED_EDGE('',*,*,#250,.T.);
#1562 = ORIENTED_EDGE('',*,*,#1563,.T.);
#1563 = EDGE_CURVE('',#251,#910,#1564,.T.);
#1564 = SURFACE_CURVE('',#1565,(#1569,#1575),.PCURVE_S1.);
#1565 = LINE('',#1566,#1567);
#1566 = CARTESIAN_POINT('',(153.,-14.4,-15.5));
#1567 = VECTOR('',#1568,1.);
#1568 = DIRECTION('',(0.,0.,-1.));
#1569 = PCURVE('',#265,#1570);
#1570 = DEFINITIONAL_REPRESENTATION('',(#1571),#1574);
#1571 = B_SPLINE_CURVE_WITH_KNOTS('',1,(#1572,#1573),.UNSPECIFIED.,.F.,
  .F.,(2,2),(-26.5,-4.5),.PIECEWISE_BEZIER_KNOTS.);
#1572 = CARTESIAN_POINT('',(25.,-4.6));
#1573 = CARTESIAN_POINT('',(3.,-4.6));
#1574 = ( GEOMETRIC_REPRESENTATION_CONTEXT(2) 
PARAMETRIC_REPRESENTATION_CONTEXT() REPRESENTATION_CONTEXT('2D SPACE',''
  ) );
#1575 = PCURVE('',#292,#1576);
#1576 = DEFINITIONAL_REPRESENTATION('',(#1577),#1580);
#1577 = B_SPLINE_CURVE_WITH_KNOTS('',1,(#1578,#1579),.UNSPECIFIED.,.F.,
  .F.,(2,2),(-26.5,-4.5),.PIECEWISE_BEZIER_KNOTS.);
#1578 = CARTESIAN_POINT('',(28.,150.4));
#1579 = CARTESIAN_POINT('',(6.,150.4));
#1580 = ( GEOMETRIC_REPRESENTATION_CONTEXT(2) 
PARAMETRIC_REPRESENTATION_CONTEXT() REPRESENTATION_CONTEXT('2D SPACE',''
  ) );
#1581 = ORIENTED_EDGE('',*,*,#909,.F.);
#1582 = ADVANCED_FACE('',(#1583),#403,.F.);
#1583 = FACE_BOUND('',#1584,.F.);
#1584 = EDGE_LOOP('',(#1585,#1586,#1587,#1608,#1609,#1630,#1657,#1676));
#1585 = ORIENTED_EDGE('',*,*,#1470,.T.);
#1586 = ORIENTED_EDGE('',*,*,#972,.T.);
#1587 = ORIENTED_EDGE('',*,*,#1588,.T.);
#1588 = EDGE_CURVE('',#952,#360,#1589,.T.);
#1589 = SURFACE_CURVE('',#1590,(#1594,#1601),.PCURVE_S1.);
#1590 = LINE('',#1591,#1592);
#1591 = CARTESIAN_POINT('',(2.6,14.4,-17.));
#1592 = VECTOR('',#1593,1.);
#1593 = DIRECTION('',(0.,0.,1.));
#1594 = PCURVE('',#403,#1595);
#1595 = DEFINITIONAL_REPRESENTATION('',(#1596),#1600);
#1596 = LINE('',#1597,#1598);
#1597 = CARTESIAN_POINT('',(0.,0.));
#1598 = VECTOR('',#1599,1.);
#1599 = DIRECTION('',(1.,0.));
#1600 = ( GEOMETRIC_REPRESENTATION_CONTEXT(2) 
PARAMETRIC_REPRESENTATION_CONTEXT() REPRESENTATION_CONTEXT('2D SPACE',''
  ) );
#1601 = PCURVE('',#375,#1602);
#1602 = DEFINITIONAL_REPRESENTATION('',(#1603),#1607);
#1603 = LINE('',#1604,#1605);
#1604 = CARTESIAN_POINT('',(0.,-28.8));
#1605 = VECTOR('',#1606,1.);
#1606 = DIRECTION('',(1.,0.));
#1607 = ( GEOMETRIC_REPRESENTATION_CONTEXT(2) 
PARAMETRIC_REPRESENTATION_CONTEXT() REPRESENTATION_CONTEXT('2D SPACE',''
  ) );
#1608 = ORIENTED_EDGE('',*,*,#387,.T.);
#1609 = ORIENTED_EDGE('',*,*,#1610,.T.);
#1610 = EDGE_CURVE('',#388,#1611,#1613,.T.);
#1611 = VERTEX_POINT('',#1612);
#1612 = CARTESIAN_POINT('',(7.06061230866,14.4,6.));
#1613 = SURFACE_CURVE('',#1614,(#1618,#1624),.PCURVE_S1.);
#1614 = LINE('',#1615,#1616);
#1615 = CARTESIAN_POINT('',(7.06061230866,14.4,6.));
#1616 = VECTOR('',#1617,1.);
#1617 = DIRECTION('',(-0.,-0.,-1.));
#1618 = PCURVE('',#403,#1619);
#1619 = DEFINITIONAL_REPRESENTATION('',(#1620),#1623);
#1620 = B_SPLINE_CURVE_WITH_KNOTS('',1,(#1621,#1622),.UNSPECIFIED.,.F.,
  .F.,(2,2),(-7.2,5.999999999062E-07),.PIECEWISE_BEZIER_KNOTS.);
#1621 = CARTESIAN_POINT('',(30.2,4.46061230866));
#1622 = CARTESIAN_POINT('',(22.9999994,4.46061230866));
#1623 = ( GEOMETRIC_REPRESENTATION_CONTEXT(2) 
PARAMETRIC_REPRESENTATION_CONTEXT() REPRESENTATION_CONTEXT('2D SPACE',''
  ) );
#1624 = PCURVE('',#436,#1625);
#1625 = DEFINITIONAL_REPRESENTATION('',(#1626),#1629);
#1626 = B_SPLINE_CURVE_WITH_KNOTS('',1,(#1627,#1628),.UNSPECIFIED.,.F.,
  .F.,(2,2),(-5.,-0.),.PIECEWISE_BEZIER_KNOTS.);
#1627 = CARTESIAN_POINT('',(-8.850942508249,-5.));
#1628 = CARTESIAN_POINT('',(-8.850942508249,0.));
#1629 = ( GEOMETRIC_REPRESENTATION_CONTEXT(2) 
PARAMETRIC_REPRESENTATION_CONTEXT() REPRESENTATION_CONTEXT('2D SPACE',''
  ) );
#1630 = ORIENTED_EDGE('',*,*,#1631,.T.);
#1631 = EDGE_CURVE('',#1611,#1632,#1634,.T.);
#1632 = VERTEX_POINT('',#1633);
#1633 = CARTESIAN_POINT('',(12.93938769134,14.4,6.));
#1634 = SURFACE_CURVE('',#1635,(#1639,#1645),.PCURVE_S1.);
#1635 = LINE('',#1636,#1637);
#1636 = CARTESIAN_POINT('',(6.3,14.4,6.));
#1637 = VECTOR('',#1638,1.);
#1638 = DIRECTION('',(1.,0.,0.));
#1639 = PCURVE('',#403,#1640);
#1640 = DEFINITIONAL_REPRESENTATION('',(#1641),#1644);
#1641 = B_SPLINE_CURVE_WITH_KNOTS('',1,(#1642,#1643),.UNSPECIFIED.,.F.,
  .F.,(2,2),(0.2,7.2),.PIECEWISE_BEZIER_KNOTS.);
#1642 = CARTESIAN_POINT('',(23.,3.9));
#1643 = CARTESIAN_POINT('',(23.,10.9));
#1644 = ( GEOMETRIC_REPRESENTATION_CONTEXT(2) 
PARAMETRIC_REPRESENTATION_CONTEXT() REPRESENTATION_CONTEXT('2D SPACE',''
  ) );
#1645 = PCURVE('',#1646,#1651);
#1646 = PLANE('',#1647);
#1647 = AXIS2_PLACEMENT_3D('',#1648,#1649,#1650);
#1648 = CARTESIAN_POINT('',(10.,12.5,6.));
#1649 = DIRECTION('',(0.,0.,1.));
#1650 = DIRECTION('',(1.,0.,-0.));
#1651 = DEFINITIONAL_REPRESENTATION('',(#1652),#1656);
#1652 = LINE('',#1653,#1654);
#1653 = CARTESIAN_POINT('',(-3.7,1.9));
#1654 = VECTOR('',#1655,1.);
#1655 = DIRECTION('',(1.,0.));
#1656 = ( GEOMETRIC_REPRESENTATION_CONTEXT(2) 
PARAMETRIC_REPRESENTATION_CONTEXT() REPRESENTATION_CONTEXT('2D SPACE',''
  ) );
#1657 = ORIENTED_EDGE('',*,*,#1658,.F.);
#1658 = EDGE_CURVE('',#416,#1632,#1659,.T.);
#1659 = SURFACE_CURVE('',#1660,(#1664,#1670),.PCURVE_S1.);
#1660 = LINE('',#1661,#1662);
#1661 = CARTESIAN_POINT('',(12.93938769134,14.4,6.));
#1662 = VECTOR('',#1663,1.);
#1663 = DIRECTION('',(-0.,-0.,-1.));
#1664 = PCURVE('',#403,#1665);
#1665 = DEFINITIONAL_REPRESENTATION('',(#1666),#1669);
#1666 = B_SPLINE_CURVE_WITH_KNOTS('',1,(#1667,#1668),.UNSPECIFIED.,.F.,
  .F.,(2,2),(-7.2,5.999999999062E-07),.PIECEWISE_BEZIER_KNOTS.);
#1667 = CARTESIAN_POINT('',(30.2,10.33938769134));
#1668 = CARTESIAN_POINT('',(22.9999994,10.33938769134));
#1669 = ( GEOMETRIC_REPRESENTATION_CONTEXT(2) 
PARAMETRIC_REPRESENTATION_CONTEXT() REPRESENTATION_CONTEXT('2D SPACE',''
  ) );
#1670 = PCURVE('',#436,#1671);
#1671 = DEFINITIONAL_REPRESENTATION('',(#1672),#1675);
#1672 = B_SPLINE_CURVE_WITH_KNOTS('',1,(#1673,#1674),.UNSPECIFIED.,.F.,
  .F.,(2,2),(-5.,-0.),.PIECEWISE_BEZIER_KNOTS.);
#1673 = CARTESIAN_POINT('',(-6.8570207597,-5.));
#1674 = CARTESIAN_POINT('',(-6.8570207597,0.));
#1675 = ( GEOMETRIC_REPRESENTATION_CONTEXT(2) 
PARAMETRIC_REPRESENTATION_CONTEXT() REPRESENTATION_CONTEXT('2D SPACE',''
  ) );
#1676 = ORIENTED_EDGE('',*,*,#447,.T.);
#1677 = ADVANCED_FACE('',(#1678),#436,.T.);
#1678 = FACE_BOUND('',#1679,.F.);
#1679 = EDGE_LOOP('',(#1680,#1704,#1730,#1763,#1784,#1805,#1806,#1807));
#1680 = ORIENTED_EDGE('',*,*,#1681,.F.);
#1681 = EDGE_CURVE('',#1682,#1632,#1684,.T.);
#1682 = VERTEX_POINT('',#1683);
#1683 = CARTESIAN_POINT('',(11.576190026615,9.375,6.));
#1684 = SURFACE_CURVE('',#1685,(#1690,#1697),.PCURVE_S1.);
#1685 = CIRCLE('',#1686,3.5);
#1686 = AXIS2_PLACEMENT_3D('',#1687,#1688,#1689);
#1687 = CARTESIAN_POINT('',(10.,12.5,6.));
#1688 = DIRECTION('',(-0.,0.,1.));
#1689 = DIRECTION('',(0.450340007604,-0.892857142857,0.));
#1690 = PCURVE('',#436,#1691);
#1691 = DEFINITIONAL_REPRESENTATION('',(#1692),#1696);
#1692 = LINE('',#1693,#1694);
#1693 = CARTESIAN_POINT('',(-5.179535091394,0.));
#1694 = VECTOR('',#1695,1.);
#1695 = DIRECTION('',(-1.,0.));
#1696 = ( GEOMETRIC_REPRESENTATION_CONTEXT(2) 
PARAMETRIC_REPRESENTATION_CONTEXT() REPRESENTATION_CONTEXT('2D SPACE',''
  ) );
#1697 = PCURVE('',#1646,#1698);
#1698 = DEFINITIONAL_REPRESENTATION('',(#1699),#1703);
#1699 = CIRCLE('',#1700,3.5);
#1700 = AXIS2_PLACEMENT_2D('',#1701,#1702);
#1701 = CARTESIAN_POINT('',(0.,0.));
#1702 = DIRECTION('',(0.450340007604,-0.892857142857));
#1703 = ( GEOMETRIC_REPRESENTATION_CONTEXT(2) 
PARAMETRIC_REPRESENTATION_CONTEXT() REPRESENTATION_CONTEXT('2D SPACE',''
  ) );
#1704 = ORIENTED_EDGE('',*,*,#1705,.F.);
#1705 = EDGE_CURVE('',#1706,#1682,#1708,.T.);
#1706 = VERTEX_POINT('',#1707);
#1707 = CARTESIAN_POINT('',(11.576190026615,9.375,15.));
#1708 = SURFACE_CURVE('',#1709,(#1713,#1719),.PCURVE_S1.);
#1709 = LINE('',#1710,#1711);
#1710 = CARTESIAN_POINT('',(11.576190026615,9.375,6.));
#1711 = VECTOR('',#1712,1.);
#1712 = DIRECTION('',(-0.,-0.,-1.));
#1713 = PCURVE('',#436,#1714);
#1714 = DEFINITIONAL_REPRESENTATION('',(#1715),#1718);
#1715 = B_SPLINE_CURVE_WITH_KNOTS('',1,(#1716,#1717),.UNSPECIFIED.,.F.,
  .F.,(2,2),(-9.,0.),.PIECEWISE_BEZIER_KNOTS.);
#1716 = CARTESIAN_POINT('',(-5.179535091394,-9.));
#1717 = CARTESIAN_POINT('',(-5.179535091394,0.));
#1718 = ( GEOMETRIC_REPRESENTATION_CONTEXT(2) 
PARAMETRIC_REPRESENTATION_CONTEXT() REPRESENTATION_CONTEXT('2D SPACE',''
  ) );
#1719 = PCURVE('',#1720,#1725);
#1720 = CYLINDRICAL_SURFACE('',#1721,3.5);
#1721 = AXIS2_PLACEMENT_3D('',#1722,#1723,#1724);
#1722 = CARTESIAN_POINT('',(10.,6.25,6.));
#1723 = DIRECTION('',(-0.,-0.,-1.));
#1724 = DIRECTION('',(1.,0.,0.));
#1725 = DEFINITIONAL_REPRESENTATION('',(#1726),#1729);
#1726 = B_SPLINE_CURVE_WITH_KNOTS('',1,(#1727,#1728),.UNSPECIFIED.,.F.,
  .F.,(2,2),(-9.,0.),.PIECEWISE_BEZIER_KNOTS.);
#1727 = CARTESIAN_POINT('',(-7.386835522966,-9.));
#1728 = CARTESIAN_POINT('',(-7.386835522966,0.));
#1729 = ( GEOMETRIC_REPRESENTATION_CONTEXT(2) 
PARAMETRIC_REPRESENTATION_CONTEXT() REPRESENTATION_CONTEXT('2D SPACE',''
  ) );
#1730 = ORIENTED_EDGE('',*,*,#1731,.F.);
#1731 = EDGE_CURVE('',#1732,#1706,#1734,.T.);
#1732 = VERTEX_POINT('',#1733);
#1733 = CARTESIAN_POINT('',(8.423809973385,9.375,15.));
#1734 = SURFACE_CURVE('',#1735,(#1740,#1747),.PCURVE_S1.);
#1735 = CIRCLE('',#1736,3.5);
#1736 = AXIS2_PLACEMENT_3D('',#1737,#1738,#1739);
#1737 = CARTESIAN_POINT('',(10.,12.5,15.));
#1738 = DIRECTION('',(-0.,0.,-1.));
#1739 = DIRECTION('',(-0.450340007604,-0.892857142857,0.));
#1740 = PCURVE('',#436,#1741);
#1741 = DEFINITIONAL_REPRESENTATION('',(#1742),#1746);
#1742 = LINE('',#1743,#1744);
#1743 = CARTESIAN_POINT('',(-10.52842817655,-9.));
#1744 = VECTOR('',#1745,1.);
#1745 = DIRECTION('',(1.,-0.));
#1746 = ( GEOMETRIC_REPRESENTATION_CONTEXT(2) 
PARAMETRIC_REPRESENTATION_CONTEXT() REPRESENTATION_CONTEXT('2D SPACE',''
  ) );
#1747 = PCURVE('',#1748,#1753);
#1748 = PLANE('',#1749);
#1749 = AXIS2_PLACEMENT_3D('',#1750,#1751,#1752);
#1750 = CARTESIAN_POINT('',(10.,12.5,15.));
#1751 = DIRECTION('',(0.,0.,1.));
#1752 = DIRECTION('',(1.,0.,-0.));
#1753 = DEFINITIONAL_REPRESENTATION('',(#1754),#1762);
#1754 = ( BOUNDED_CURVE() B_SPLINE_CURVE(2,(#1755,#1756,#1757,#1758,
#1759,#1760,#1761),.UNSPECIFIED.,.T.,.F.) B_SPLINE_CURVE_WITH_KNOTS((1,2
    ,2,2,2,1),(-2.094395102393,0.,2.094395102393,4.188790204786,
6.28318530718,8.377580409573),.UNSPECIFIED.) CURVE() 
GEOMETRIC_REPRESENTATION_ITEM() RATIONAL_B_SPLINE_CURVE((1.,0.5,1.,0.5,
1.,0.5,1.)) REPRESENTATION_ITEM('') );
#1755 = CARTESIAN_POINT('',(-1.576190026615,-3.125));
#1756 = CARTESIAN_POINT('',(-6.988848800268,-0.39495879152));
#1757 = CARTESIAN_POINT('',(-1.918234373519,2.92752060424));
#1758 = CARTESIAN_POINT('',(3.152380053229,6.25));
#1759 = CARTESIAN_POINT('',(3.494424400134,0.19747939576));
#1760 = CARTESIAN_POINT('',(3.836468747038,-5.85504120848));
#1761 = CARTESIAN_POINT('',(-1.576190026615,-3.125));
#1762 = ( GEOMETRIC_REPRESENTATION_CONTEXT(2) 
PARAMETRIC_REPRESENTATION_CONTEXT() REPRESENTATION_CONTEXT('2D SPACE',''
  ) );
#1763 = ORIENTED_EDGE('',*,*,#1764,.T.);
#1764 = EDGE_CURVE('',#1732,#1765,#1767,.T.);
#1765 = VERTEX_POINT('',#1766);
#1766 = CARTESIAN_POINT('',(8.423809973385,9.375,6.));
#1767 = SURFACE_CURVE('',#1768,(#1772,#1778),.PCURVE_S1.);
#1768 = LINE('',#1769,#1770);
#1769 = CARTESIAN_POINT('',(8.423809973385,9.375,6.));
#1770 = VECTOR('',#1771,1.);
#1771 = DIRECTION('',(-0.,-0.,-1.));
#1772 = PCURVE('',#436,#1773);
#1773 = DEFINITIONAL_REPRESENTATION('',(#1774),#1777);
#1774 = B_SPLINE_CURVE_WITH_KNOTS('',1,(#1775,#1776),.UNSPECIFIED.,.F.,
  .F.,(2,2),(-9.,-0.),.PIECEWISE_BEZIER_KNOTS.);
#1775 = CARTESIAN_POINT('',(-10.52842817655,-9.));
#1776 = CARTESIAN_POINT('',(-10.52842817655,0.));
#1777 = ( GEOMETRIC_REPRESENTATION_CONTEXT(2) 
PARAMETRIC_REPRESENTATION_CONTEXT() REPRESENTATION_CONTEXT('2D SPACE',''
  ) );
#1778 = PCURVE('',#1720,#1779);
#1779 = DEFINITIONAL_REPRESENTATION('',(#1780),#1783);
#1780 = B_SPLINE_CURVE_WITH_KNOTS('',1,(#1781,#1782),.UNSPECIFIED.,.F.,
  .F.,(2,2),(-9.,-0.),.PIECEWISE_BEZIER_KNOTS.);
#1781 = CARTESIAN_POINT('',(-2.037942437804,-9.));
#1782 = CARTESIAN_POINT('',(-2.037942437804,0.));
#1783 = ( GEOMETRIC_REPRESENTATION_CONTEXT(2) 
PARAMETRIC_REPRESENTATION_CONTEXT() REPRESENTATION_CONTEXT('2D SPACE',''
  ) );
#1784 = ORIENTED_EDGE('',*,*,#1785,.F.);
#1785 = EDGE_CURVE('',#1611,#1765,#1786,.T.);
#1786 = SURFACE_CURVE('',#1787,(#1792,#1798),.PCURVE_S1.);
#1787 = CIRCLE('',#1788,3.5);
#1788 = AXIS2_PLACEMENT_3D('',#1789,#1790,#1791);
#1789 = CARTESIAN_POINT('',(10.,12.5,6.));
#1790 = DIRECTION('',(0.,0.,1.));
#1791 = DIRECTION('',(1.,0.,0.));
#1792 = PCURVE('',#436,#1793);
#1793 = DEFINITIONAL_REPRESENTATION('',(#1794),#1797);
#1794 = B_SPLINE_CURVE_WITH_KNOTS('',1,(#1795,#1796),.UNSPECIFIED.,.F.,
  .F.,(2,2),(2.56775720107,4.245242869376),.PIECEWISE_BEZIER_KNOTS.);
#1795 = CARTESIAN_POINT('',(-8.850942508249,0.));
#1796 = CARTESIAN_POINT('',(-10.52842817655,0.));
#1797 = ( GEOMETRIC_REPRESENTATION_CONTEXT(2) 
PARAMETRIC_REPRESENTATION_CONTEXT() REPRESENTATION_CONTEXT('2D SPACE',''
  ) );
#1798 = PCURVE('',#1646,#1799);
#1799 = DEFINITIONAL_REPRESENTATION('',(#1800),#1804);
#1800 = CIRCLE('',#1801,3.5);
#1801 = AXIS2_PLACEMENT_2D('',#1802,#1803);
#1802 = CARTESIAN_POINT('',(0.,0.));
#1803 = DIRECTION('',(1.,0.));
#1804 = ( GEOMETRIC_REPRESENTATION_CONTEXT(2) 
PARAMETRIC_REPRESENTATION_CONTEXT() REPRESENTATION_CONTEXT('2D SPACE',''
  ) );
#1805 = ORIENTED_EDGE('',*,*,#1610,.F.);
#1806 = ORIENTED_EDGE('',*,*,#415,.T.);
#1807 = ORIENTED_EDGE('',*,*,#1658,.T.);
#1808 = ADVANCED_FACE('',(#1809),#375,.T.);
#1809 = FACE_BOUND('',#1810,.T.);
#1810 = EDGE_LOOP('',(#1811,#1832,#1833,#1834));
#1811 = ORIENTED_EDGE('',*,*,#1812,.F.);
#1812 = EDGE_CURVE('',#931,#337,#1813,.T.);
#1813 = SURFACE_CURVE('',#1814,(#1818,#1825),.PCURVE_S1.);
#1814 = LINE('',#1815,#1816);
#1815 = CARTESIAN_POINT('',(2.6,-14.4,-17.));
#1816 = VECTOR('',#1817,1.);
#1817 = DIRECTION('',(0.,0.,1.));
#1818 = PCURVE('',#375,#1819);
#1819 = DEFINITIONAL_REPRESENTATION('',(#1820),#1824);
#1820 = LINE('',#1821,#1822);
#1821 = CARTESIAN_POINT('',(0.,0.));
#1822 = VECTOR('',#1823,1.);
#1823 = DIRECTION('',(1.,0.));
#1824 = ( GEOMETRIC_REPRESENTATION_CONTEXT(2) 
PARAMETRIC_REPRESENTATION_CONTEXT() REPRESENTATION_CONTEXT('2D SPACE',''
  ) );
#1825 = PCURVE('',#292,#1826);
#1826 = DEFINITIONAL_REPRESENTATION('',(#1827),#1831);
#1827 = LINE('',#1828,#1829);
#1828 = CARTESIAN_POINT('',(0.,0.));
#1829 = VECTOR('',#1830,1.);
#1830 = DIRECTION('',(1.,0.));
#1831 = ( GEOMETRIC_REPRESENTATION_CONTEXT(2) 
PARAMETRIC_REPRESENTATION_CONTEXT() REPRESENTATION_CONTEXT('2D SPACE',''
  ) );
#1832 = ORIENTED_EDGE('',*,*,#951,.T.);
#1833 = ORIENTED_EDGE('',*,*,#1588,.T.);
#1834 = ORIENTED_EDGE('',*,*,#359,.F.);
#1835 = ADVANCED_FACE('',(#1836),#292,.T.);
#1836 = FACE_BOUND('',#1837,.T.);
#1837 = EDGE_LOOP('',(#1838,#1839,#1840,#1841,#1842,#1863,#1890,#1909));
#1838 = ORIENTED_EDGE('',*,*,#1563,.T.);
#1839 = ORIENTED_EDGE('',*,*,#930,.T.);
#1840 = ORIENTED_EDGE('',*,*,#1812,.T.);
#1841 = ORIENTED_EDGE('',*,*,#336,.T.);
#1842 = ORIENTED_EDGE('',*,*,#1843,.T.);
#1843 = EDGE_CURVE('',#305,#1844,#1846,.T.);
#1844 = VERTEX_POINT('',#1845);
#1845 = CARTESIAN_POINT('',(7.06061230866,-14.4,6.));
#1846 = SURFACE_CURVE('',#1847,(#1851,#1857),.PCURVE_S1.);
#1847 = LINE('',#1848,#1849);
#1848 = CARTESIAN_POINT('',(7.06061230866,-14.4,6.));
#1849 = VECTOR('',#1850,1.);
#1850 = DIRECTION('',(-0.,-0.,-1.));
#1851 = PCURVE('',#292,#1852);
#1852 = DEFINITIONAL_REPRESENTATION('',(#1853),#1856);
#1853 = B_SPLINE_CURVE_WITH_KNOTS('',1,(#1854,#1855),.UNSPECIFIED.,.F.,
  .F.,(2,2),(-7.2,5.999999999062E-07),.PIECEWISE_BEZIER_KNOTS.);
#1854 = CARTESIAN_POINT('',(30.2,4.46061230866));
#1855 = CARTESIAN_POINT('',(22.9999994,4.46061230866));
#1856 = ( GEOMETRIC_REPRESENTATION_CONTEXT(2) 
PARAMETRIC_REPRESENTATION_CONTEXT() REPRESENTATION_CONTEXT('2D SPACE',''
  ) );
#1857 = PCURVE('',#325,#1858);
#1858 = DEFINITIONAL_REPRESENTATION('',(#1859),#1862);
#1859 = B_SPLINE_CURVE_WITH_KNOTS('',1,(#1860,#1861),.UNSPECIFIED.,.F.,
  .F.,(2,2),(-5.,-0.),.PIECEWISE_BEZIER_KNOTS.);
#1860 = CARTESIAN_POINT('',(-3.71542810611,-5.));
#1861 = CARTESIAN_POINT('',(-3.71542810611,0.));
#1862 = ( GEOMETRIC_REPRESENTATION_CONTEXT(2) 
PARAMETRIC_REPRESENTATION_CONTEXT() REPRESENTATION_CONTEXT('2D SPACE',''
  ) );
#1863 = ORIENTED_EDGE('',*,*,#1864,.T.);
#1864 = EDGE_CURVE('',#1844,#1865,#1867,.T.);
#1865 = VERTEX_POINT('',#1866);
#1866 = CARTESIAN_POINT('',(12.93938769134,-14.4,6.));
#1867 = SURFACE_CURVE('',#1868,(#1872,#1878),.PCURVE_S1.);
#1868 = LINE('',#1869,#1870);
#1869 = CARTESIAN_POINT('',(6.3,-14.4,6.));
#1870 = VECTOR('',#1871,1.);
#1871 = DIRECTION('',(1.,0.,0.));
#1872 = PCURVE('',#292,#1873);
#1873 = DEFINITIONAL_REPRESENTATION('',(#1874),#1877);
#1874 = B_SPLINE_CURVE_WITH_KNOTS('',1,(#1875,#1876),.UNSPECIFIED.,.F.,
  .F.,(2,2),(0.2,7.2),.PIECEWISE_BEZIER_KNOTS.);
#1875 = CARTESIAN_POINT('',(23.,3.9));
#1876 = CARTESIAN_POINT('',(23.,10.9));
#1877 = ( GEOMETRIC_REPRESENTATION_CONTEXT(2) 
PARAMETRIC_REPRESENTATION_CONTEXT() REPRESENTATION_CONTEXT('2D SPACE',''
  ) );
#1878 = PCURVE('',#1879,#1884);
#1879 = PLANE('',#1880);
#1880 = AXIS2_PLACEMENT_3D('',#1881,#1882,#1883);
#1881 = CARTESIAN_POINT('',(10.,-12.5,6.));
#1882 = DIRECTION('',(0.,0.,1.));
#1883 = DIRECTION('',(1.,0.,-0.));
#1884 = DEFINITIONAL_REPRESENTATION('',(#1885),#1889);
#1885 = LINE('',#1886,#1887);
#1886 = CARTESIAN_POINT('',(-3.7,-1.9));
#1887 = VECTOR('',#1888,1.);
#1888 = DIRECTION('',(1.,0.));
#1889 = ( GEOMETRIC_REPRESENTATION_CONTEXT(2) 
PARAMETRIC_REPRESENTATION_CONTEXT() REPRESENTATION_CONTEXT('2D SPACE',''
  ) );
#1890 = ORIENTED_EDGE('',*,*,#1891,.F.);
#1891 = EDGE_CURVE('',#277,#1865,#1892,.T.);
#1892 = SURFACE_CURVE('',#1893,(#1897,#1903),.PCURVE_S1.);
#1893 = LINE('',#1894,#1895);
#1894 = CARTESIAN_POINT('',(12.93938769134,-14.4,6.));
#1895 = VECTOR('',#1896,1.);
#1896 = DIRECTION('',(-0.,-0.,-1.));
#1897 = PCURVE('',#292,#1898);
#1898 = DEFINITIONAL_REPRESENTATION('',(#1899),#1902);
#1899 = B_SPLINE_CURVE_WITH_KNOTS('',1,(#1900,#1901),.UNSPECIFIED.,.F.,
  .F.,(2,2),(-7.2,5.999999999062E-07),.PIECEWISE_BEZIER_KNOTS.);
#1900 = CARTESIAN_POINT('',(30.2,10.33938769134));
#1901 = CARTESIAN_POINT('',(22.9999994,10.33938769134));
#1902 = ( GEOMETRIC_REPRESENTATION_CONTEXT(2) 
PARAMETRIC_REPRESENTATION_CONTEXT() REPRESENTATION_CONTEXT('2D SPACE',''
  ) );
#1903 = PCURVE('',#325,#1904);
#1904 = DEFINITIONAL_REPRESENTATION('',(#1905),#1908);
#1905 = B_SPLINE_CURVE_WITH_KNOTS('',1,(#1906,#1907),.UNSPECIFIED.,.F.,
  .F.,(2,2),(-5.,0.),.PIECEWISE_BEZIER_KNOTS.);
#1906 = CARTESIAN_POINT('',(-5.70934985466,-5.));
#1907 = CARTESIAN_POINT('',(-5.70934985466,0.));
#1908 = ( GEOMETRIC_REPRESENTATION_CONTEXT(2) 
PARAMETRIC_REPRESENTATION_CONTEXT() REPRESENTATION_CONTEXT('2D SPACE',''
  ) );
#1909 = ORIENTED_EDGE('',*,*,#276,.T.);
#1910 = ADVANCED_FACE('',(#1911),#325,.T.);
#1911 = FACE_BOUND('',#1912,.F.);
#1912 = EDGE_LOOP('',(#1913,#1948,#1974,#1996,#1997,#1998,#1999,#2022));
#1913 = ORIENTED_EDGE('',*,*,#1914,.F.);
#1914 = EDGE_CURVE('',#1915,#1917,#1919,.T.);
#1915 = VERTEX_POINT('',#1916);
#1916 = CARTESIAN_POINT('',(11.576190026615,-9.375,15.));
#1917 = VERTEX_POINT('',#1918);
#1918 = CARTESIAN_POINT('',(8.423809973385,-9.375,15.));
#1919 = SURFACE_CURVE('',#1920,(#1925,#1932),.PCURVE_S1.);
#1920 = CIRCLE('',#1921,3.5);
#1921 = AXIS2_PLACEMENT_3D('',#1922,#1923,#1924);
#1922 = CARTESIAN_POINT('',(10.,-12.5,15.));
#1923 = DIRECTION('',(0.,0.,-1.));
#1924 = DIRECTION('',(0.450340007604,0.892857142857,0.));
#1925 = PCURVE('',#325,#1926);
#1926 = DEFINITIONAL_REPRESENTATION('',(#1927),#1931);
#1927 = LINE('',#1928,#1929);
#1928 = CARTESIAN_POINT('',(-7.386835522966,-9.));
#1929 = VECTOR('',#1930,1.);
#1930 = DIRECTION('',(1.,-0.));
#1931 = ( GEOMETRIC_REPRESENTATION_CONTEXT(2) 
PARAMETRIC_REPRESENTATION_CONTEXT() REPRESENTATION_CONTEXT('2D SPACE',''
  ) );
#1932 = PCURVE('',#1933,#1938);
#1933 = PLANE('',#1934);
#1934 = AXIS2_PLACEMENT_3D('',#1935,#1936,#1937);
#1935 = CARTESIAN_POINT('',(10.,-12.5,15.));
#1936 = DIRECTION('',(0.,0.,1.));
#1937 = DIRECTION('',(1.,0.,-0.));
#1938 = DEFINITIONAL_REPRESENTATION('',(#1939),#1947);
#1939 = ( BOUNDED_CURVE() B_SPLINE_CURVE(2,(#1940,#1941,#1942,#1943,
#1944,#1945,#1946),.UNSPECIFIED.,.T.,.F.) B_SPLINE_CURVE_WITH_KNOTS((1,2
    ,2,2,2,1),(-2.094395102393,0.,2.094395102393,4.188790204786,
6.28318530718,8.377580409573),.UNSPECIFIED.) CURVE() 
GEOMETRIC_REPRESENTATION_ITEM() RATIONAL_B_SPLINE_CURVE((1.,0.5,1.,0.5,
1.,0.5,1.)) REPRESENTATION_ITEM('') );
#1940 = CARTESIAN_POINT('',(1.576190026615,3.125));
#1941 = CARTESIAN_POINT('',(6.988848800268,0.39495879152));
#1942 = CARTESIAN_POINT('',(1.918234373519,-2.92752060424));
#1943 = CARTESIAN_POINT('',(-3.15238005323,-6.25));
#1944 = CARTESIAN_POINT('',(-3.494424400134,-0.19747939576));
#1945 = CARTESIAN_POINT('',(-3.836468747038,5.85504120848));
#1946 = CARTESIAN_POINT('',(1.576190026615,3.125));
#1947 = ( GEOMETRIC_REPRESENTATION_CONTEXT(2) 
PARAMETRIC_REPRESENTATION_CONTEXT() REPRESENTATION_CONTEXT('2D SPACE',''
  ) );
#1948 = ORIENTED_EDGE('',*,*,#1949,.T.);
#1949 = EDGE_CURVE('',#1915,#1950,#1952,.T.);
#1950 = VERTEX_POINT('',#1951);
#1951 = CARTESIAN_POINT('',(11.576190026615,-9.375,6.));
#1952 = SURFACE_CURVE('',#1953,(#1957,#1963),.PCURVE_S1.);
#1953 = LINE('',#1954,#1955);
#1954 = CARTESIAN_POINT('',(11.576190026615,-9.375,6.));
#1955 = VECTOR('',#1956,1.);
#1956 = DIRECTION('',(-0.,-0.,-1.));
#1957 = PCURVE('',#325,#1958);
#1958 = DEFINITIONAL_REPRESENTATION('',(#1959),#1962);
#1959 = B_SPLINE_CURVE_WITH_KNOTS('',1,(#1960,#1961),.UNSPECIFIED.,.F.,
  .F.,(2,2),(-9.,0.),.PIECEWISE_BEZIER_KNOTS.);
#1960 = CARTESIAN_POINT('',(-7.386835522966,-9.));
#1961 = CARTESIAN_POINT('',(-7.386835522966,0.));
#1962 = ( GEOMETRIC_REPRESENTATION_CONTEXT(2) 
PARAMETRIC_REPRESENTATION_CONTEXT() REPRESENTATION_CONTEXT('2D SPACE',''
  ) );
#1963 = PCURVE('',#1964,#1969);
#1964 = CYLINDRICAL_SURFACE('',#1965,3.5);
#1965 = AXIS2_PLACEMENT_3D('',#1966,#1967,#1968);
#1966 = CARTESIAN_POINT('',(10.,-6.25,6.));
#1967 = DIRECTION('',(-0.,-0.,-1.));
#1968 = DIRECTION('',(1.,0.,0.));
#1969 = DEFINITIONAL_REPRESENTATION('',(#1970),#1973);
#1970 = B_SPLINE_CURVE_WITH_KNOTS('',1,(#1971,#1972),.UNSPECIFIED.,.F.,
  .F.,(2,2),(-9.,0.),.PIECEWISE_BEZIER_KNOTS.);
#1971 = CARTESIAN_POINT('',(1.103650215786,-9.));
#1972 = CARTESIAN_POINT('',(1.103650215786,0.));
#1973 = ( GEOMETRIC_REPRESENTATION_CONTEXT(2) 
PARAMETRIC_REPRESENTATION_CONTEXT() REPRESENTATION_CONTEXT('2D SPACE',''
  ) );
#1974 = ORIENTED_EDGE('',*,*,#1975,.F.);
#1975 = EDGE_CURVE('',#1865,#1950,#1976,.T.);
#1976 = SURFACE_CURVE('',#1977,(#1982,#1989),.PCURVE_S1.);
#1977 = CIRCLE('',#1978,3.5);
#1978 = AXIS2_PLACEMENT_3D('',#1979,#1980,#1981);
#1979 = CARTESIAN_POINT('',(10.,-12.5,6.));
#1980 = DIRECTION('',(-0.,0.,1.));
#1981 = DIRECTION('',(0.839825054669,-0.542857142857,0.));
#1982 = PCURVE('',#325,#1983);
#1983 = DEFINITIONAL_REPRESENTATION('',(#1984),#1988);
#1984 = LINE('',#1985,#1986);
#1985 = CARTESIAN_POINT('',(-5.70934985466,0.));
#1986 = VECTOR('',#1987,1.);
#1987 = DIRECTION('',(-1.,0.));
#1988 = ( GEOMETRIC_REPRESENTATION_CONTEXT(2) 
PARAMETRIC_REPRESENTATION_CONTEXT() REPRESENTATION_CONTEXT('2D SPACE',''
  ) );
#1989 = PCURVE('',#1879,#1990);
#1990 = DEFINITIONAL_REPRESENTATION('',(#1991),#1995);
#1991 = CIRCLE('',#1992,3.5);
#1992 = AXIS2_PLACEMENT_2D('',#1993,#1994);
#1993 = CARTESIAN_POINT('',(0.,0.));
#1994 = DIRECTION('',(0.839825054669,-0.542857142857));
#1995 = ( GEOMETRIC_REPRESENTATION_CONTEXT(2) 
PARAMETRIC_REPRESENTATION_CONTEXT() REPRESENTATION_CONTEXT('2D SPACE',''
  ) );
#1996 = ORIENTED_EDGE('',*,*,#1891,.F.);
#1997 = ORIENTED_EDGE('',*,*,#304,.T.);
#1998 = ORIENTED_EDGE('',*,*,#1843,.T.);
#1999 = ORIENTED_EDGE('',*,*,#2000,.F.);
#2000 = EDGE_CURVE('',#2001,#1844,#2003,.T.);
#2001 = VERTEX_POINT('',#2002);
#2002 = CARTESIAN_POINT('',(8.423809973385,-9.375,6.));
#2003 = SURFACE_CURVE('',#2004,(#2009,#2015),.PCURVE_S1.);
#2004 = CIRCLE('',#2005,3.5);
#2005 = AXIS2_PLACEMENT_3D('',#2006,#2007,#2008);
#2006 = CARTESIAN_POINT('',(10.,-12.5,6.));
#2007 = DIRECTION('',(0.,0.,1.));
#2008 = DIRECTION('',(1.,0.,0.));
#2009 = PCURVE('',#325,#2010);
#2010 = DEFINITIONAL_REPRESENTATION('',(#2011),#2014);
#2011 = B_SPLINE_CURVE_WITH_KNOTS('',1,(#2012,#2013),.UNSPECIFIED.,.F.,
  .F.,(2,2),(2.037942437804,3.71542810611),.PIECEWISE_BEZIER_KNOTS.);
#2012 = CARTESIAN_POINT('',(-2.037942437804,0.));
#2013 = CARTESIAN_POINT('',(-3.71542810611,0.));
#2014 = ( GEOMETRIC_REPRESENTATION_CONTEXT(2) 
PARAMETRIC_REPRESENTATION_CONTEXT() REPRESENTATION_CONTEXT('2D SPACE',''
  ) );
#2015 = PCURVE('',#1879,#2016);
#2016 = DEFINITIONAL_REPRESENTATION('',(#2017),#2021);
#2017 = CIRCLE('',#2018,3.5);
#2018 = AXIS2_PLACEMENT_2D('',#2019,#2020);
#2019 = CARTESIAN_POINT('',(0.,0.));
#2020 = DIRECTION('',(1.,0.));
#2021 = ( GEOMETRIC_REPRESENTATION_CONTEXT(2) 
PARAMETRIC_REPRESENTATION_CONTEXT() REPRESENTATION_CONTEXT('2D SPACE',''
  ) );
#2022 = ORIENTED_EDGE('',*,*,#2023,.F.);
#2023 = EDGE_CURVE('',#1917,#2001,#2024,.T.);
#2024 = SURFACE_CURVE('',#2025,(#2029,#2035),.PCURVE_S1.);
#2025 = LINE('',#2026,#2027);
#2026 = CARTESIAN_POINT('',(8.423809973385,-9.375,6.));
#2027 = VECTOR('',#2028,1.);
#2028 = DIRECTION('',(-0.,-0.,-1.));
#2029 = PCURVE('',#325,#2030);
#2030 = DEFINITIONAL_REPRESENTATION('',(#2031),#2034);
#2031 = B_SPLINE_CURVE_WITH_KNOTS('',1,(#2032,#2033),.UNSPECIFIED.,.F.,
  .F.,(2,2),(-9.,0.),.PIECEWISE_BEZIER_KNOTS.);
#2032 = CARTESIAN_POINT('',(-2.037942437804,-9.));
#2033 = CARTESIAN_POINT('',(-2.037942437804,0.));
#2034 = ( GEOMETRIC_REPRESENTATION_CONTEXT(2) 
PARAMETRIC_REPRESENTATION_CONTEXT() REPRESENTATION_CONTEXT('2D SPACE',''
  ) );
#2035 = PCURVE('',#1964,#2036);
#2036 = DEFINITIONAL_REPRESENTATION('',(#2037),#2040);
#2037 = B_SPLINE_CURVE_WITH_KNOTS('',1,(#2038,#2039),.UNSPECIFIED.,.F.,
  .F.,(2,2),(-9.,0.),.PIECEWISE_BEZIER_KNOTS.);
#2038 = CARTESIAN_POINT('',(-4.245242869376,-9.));
#2039 = CARTESIAN_POINT('',(-4.245242869376,0.));
#2040 = ( GEOMETRIC_REPRESENTATION_CONTEXT(2) 
PARAMETRIC_REPRESENTATION_CONTEXT() REPRESENTATION_CONTEXT('2D SPACE',''
  ) );
#2041 = ADVANCED_FACE('',(#2042),#238,.F.);
#2042 = FACE_BOUND('',#2043,.F.);
#2043 = EDGE_LOOP('',(#2044,#2045,#2071,#2072));
#2044 = ORIENTED_EDGE('',*,*,#886,.F.);
#2045 = ORIENTED_EDGE('',*,*,#2046,.T.);
#2046 = EDGE_CURVE('',#859,#195,#2047,.T.);
#2047 = SURFACE_CURVE('',#2048,(#2052,#2059),.PCURVE_S1.);
#2048 = LINE('',#2049,#2050);
#2049 = CARTESIAN_POINT('',(24.,-17.,-16.));
#2050 = VECTOR('',#2051,1.);
#2051 = DIRECTION('',(0.,0.,1.));
#2052 = PCURVE('',#238,#2053);
#2053 = DEFINITIONAL_REPRESENTATION('',(#2054),#2058);
#2054 = LINE('',#2055,#2056);
#2055 = CARTESIAN_POINT('',(-5.,24.));
#2056 = VECTOR('',#2057,1.);
#2057 = DIRECTION('',(1.,0.));
#2058 = ( GEOMETRIC_REPRESENTATION_CONTEXT(2) 
PARAMETRIC_REPRESENTATION_CONTEXT() REPRESENTATION_CONTEXT('2D SPACE',''
  ) );
#2059 = PCURVE('',#2060,#2065);
#2060 = CYLINDRICAL_SURFACE('',#2061,2.);
#2061 = AXIS2_PLACEMENT_3D('',#2062,#2063,#2064);
#2062 = CARTESIAN_POINT('',(24.,-19.,-16.));
#2063 = DIRECTION('',(0.,0.,1.));
#2064 = DIRECTION('',(1.,0.,-0.));
#2065 = DEFINITIONAL_REPRESENTATION('',(#2066),#2070);
#2066 = LINE('',#2067,#2068);
#2067 = CARTESIAN_POINT('',(1.570796326795,0.));
#2068 = VECTOR('',#2069,1.);
#2069 = DIRECTION('',(0.,1.));
#2070 = ( GEOMETRIC_REPRESENTATION_CONTEXT(2) 
PARAMETRIC_REPRESENTATION_CONTEXT() REPRESENTATION_CONTEXT('2D SPACE',''
  ) );
#2071 = ORIENTED_EDGE('',*,*,#222,.T.);
#2072 = ORIENTED_EDGE('',*,*,#2073,.F.);
#2073 = EDGE_CURVE('',#887,#223,#2074,.T.);
#2074 = SURFACE_CURVE('',#2075,(#2079,#2086),.PCURVE_S1.);
#2075 = LINE('',#2076,#2077);
#2076 = CARTESIAN_POINT('',(153.,-17.,-14.));
#2077 = VECTOR('',#2078,1.);
#2078 = DIRECTION('',(0.,0.,1.));
#2079 = PCURVE('',#238,#2080);
#2080 = DEFINITIONAL_REPRESENTATION('',(#2081),#2085);
#2081 = LINE('',#2082,#2083);
#2082 = CARTESIAN_POINT('',(-3.,153.));
#2083 = VECTOR('',#2084,1.);
#2084 = DIRECTION('',(1.,0.));
#2085 = ( GEOMETRIC_REPRESENTATION_CONTEXT(2) 
PARAMETRIC_REPRESENTATION_CONTEXT() REPRESENTATION_CONTEXT('2D SPACE',''
  ) );
#2086 = PCURVE('',#1408,#2087);
#2087 = DEFINITIONAL_REPRESENTATION('',(#2088),#2092);
#2088 = LINE('',#2089,#2090);
#2089 = CARTESIAN_POINT('',(0.,0.));
#2090 = VECTOR('',#2091,1.);
#2091 = DIRECTION('',(0.,1.));
#2092 = ( GEOMETRIC_REPRESENTATION_CONTEXT(2) 
PARAMETRIC_REPRESENTATION_CONTEXT() REPRESENTATION_CONTEXT('2D SPACE',''
  ) );
#2093 = ADVANCED_FACE('',(#2094),#210,.T.);
#2094 = FACE_BOUND('',#2095,.T.);
#2095 = EDGE_LOOP('',(#2096,#2097,#2125,#2153));
#2096 = ORIENTED_EDGE('',*,*,#194,.F.);
#2097 = ORIENTED_EDGE('',*,*,#2098,.T.);
#2098 = EDGE_CURVE('',#167,#2099,#2101,.T.);
#2099 = VERTEX_POINT('',#2100);
#2100 = CARTESIAN_POINT('',(2.,-17.,13.));
#2101 = SURFACE_CURVE('',#2102,(#2106,#2113),.PCURVE_S1.);
#2102 = LINE('',#2103,#2104);
#2103 = CARTESIAN_POINT('',(2.,-17.,-16.));
#2104 = VECTOR('',#2105,1.);
#2105 = DIRECTION('',(0.,0.,1.));
#2106 = PCURVE('',#210,#2107);
#2107 = DEFINITIONAL_REPRESENTATION('',(#2108),#2112);
#2108 = LINE('',#2109,#2110);
#2109 = CARTESIAN_POINT('',(0.,2.));
#2110 = VECTOR('',#2111,1.);
#2111 = DIRECTION('',(1.,0.));
#2112 = ( GEOMETRIC_REPRESENTATION_CONTEXT(2) 
PARAMETRIC_REPRESENTATION_CONTEXT() REPRESENTATION_CONTEXT('2D SPACE',''
  ) );
#2113 = PCURVE('',#2114,#2119);
#2114 = CYLINDRICAL_SURFACE('',#2115,2.);
#2115 = AXIS2_PLACEMENT_3D('',#2116,#2117,#2118);
#2116 = CARTESIAN_POINT('',(2.,-19.,-16.));
#2117 = DIRECTION('',(0.,0.,1.));
#2118 = DIRECTION('',(-1.,-0.,0.));
#2119 = DEFINITIONAL_REPRESENTATION('',(#2120),#2124);
#2120 = LINE('',#2121,#2122);
#2121 = CARTESIAN_POINT('',(-1.570796326795,0.));
#2122 = VECTOR('',#2123,1.);
#2123 = DIRECTION('',(-0.,1.));
#2124 = ( GEOMETRIC_REPRESENTATION_CONTEXT(2) 
PARAMETRIC_REPRESENTATION_CONTEXT() REPRESENTATION_CONTEXT('2D SPACE',''
  ) );
#2125 = ORIENTED_EDGE('',*,*,#2126,.T.);
#2126 = EDGE_CURVE('',#2099,#2127,#2129,.T.);
#2127 = VERTEX_POINT('',#2128);
#2128 = CARTESIAN_POINT('',(24.,-17.,13.));
#2129 = SURFACE_CURVE('',#2130,(#2134,#2141),.PCURVE_S1.);
#2130 = LINE('',#2131,#2132);
#2131 = CARTESIAN_POINT('',(2.,-17.,13.));
#2132 = VECTOR('',#2133,1.);
#2133 = DIRECTION('',(1.,0.,0.));
#2134 = PCURVE('',#210,#2135);
#2135 = DEFINITIONAL_REPRESENTATION('',(#2136),#2140);
#2136 = LINE('',#2137,#2138);
#2137 = CARTESIAN_POINT('',(29.,2.));
#2138 = VECTOR('',#2139,1.);
#2139 = DIRECTION('',(0.,1.));
#2140 = ( GEOMETRIC_REPRESENTATION_CONTEXT(2) 
PARAMETRIC_REPRESENTATION_CONTEXT() REPRESENTATION_CONTEXT('2D SPACE',''
  ) );
#2141 = PCURVE('',#2142,#2147);
#2142 = CYLINDRICAL_SURFACE('',#2143,3.);
#2143 = AXIS2_PLACEMENT_3D('',#2144,#2145,#2146);
#2144 = CARTESIAN_POINT('',(2.,-20.,13.));
#2145 = DIRECTION('',(1.,0.,0.));
#2146 = DIRECTION('',(-0.,1.,0.));
#2147 = DEFINITIONAL_REPRESENTATION('',(#2148),#2152);
#2148 = LINE('',#2149,#2150);
#2149 = CARTESIAN_POINT('',(0.,0.));
#2150 = VECTOR('',#2151,1.);
#2151 = DIRECTION('',(0.,1.));
#2152 = ( GEOMETRIC_REPRESENTATION_CONTEXT(2) 
PARAMETRIC_REPRESENTATION_CONTEXT() REPRESENTATION_CONTEXT('2D SPACE',''
  ) );
#2153 = ORIENTED_EDGE('',*,*,#2154,.F.);
#2154 = EDGE_CURVE('',#195,#2127,#2155,.T.);
#2155 = SURFACE_CURVE('',#2156,(#2160,#2167),.PCURVE_S1.);
#2156 = LINE('',#2157,#2158);
#2157 = CARTESIAN_POINT('',(24.,-17.,-16.));
#2158 = VECTOR('',#2159,1.);
#2159 = DIRECTION('',(0.,0.,1.));
#2160 = PCURVE('',#210,#2161);
#2161 = DEFINITIONAL_REPRESENTATION('',(#2162),#2166);
#2162 = LINE('',#2163,#2164);
#2163 = CARTESIAN_POINT('',(0.,24.));
#2164 = VECTOR('',#2165,1.);
#2165 = DIRECTION('',(1.,0.));
#2166 = ( GEOMETRIC_REPRESENTATION_CONTEXT(2) 
PARAMETRIC_REPRESENTATION_CONTEXT() REPRESENTATION_CONTEXT('2D SPACE',''
  ) );
#2167 = PCURVE('',#2060,#2168);
#2168 = DEFINITIONAL_REPRESENTATION('',(#2169),#2173);
#2169 = LINE('',#2170,#2171);
#2170 = CARTESIAN_POINT('',(1.570796326795,0.));
#2171 = VECTOR('',#2172,1.);
#2172 = DIRECTION('',(0.,1.));
#2173 = ( GEOMETRIC_REPRESENTATION_CONTEXT(2) 
PARAMETRIC_REPRESENTATION_CONTEXT() REPRESENTATION_CONTEXT('2D SPACE',''
  ) );
#2174 = ADVANCED_FACE('',(#2175),#182,.F.);
#2175 = FACE_BOUND('',#2176,.F.);
#2176 = EDGE_LOOP('',(#2177,#2178,#2179,#2180));
#2177 = ORIENTED_EDGE('',*,*,#835,.F.);
#2178 = ORIENTED_EDGE('',*,*,#628,.T.);
#2179 = ORIENTED_EDGE('',*,*,#166,.T.);
#2180 = ORIENTED_EDGE('',*,*,#2181,.F.);
#2181 = EDGE_CURVE('',#836,#167,#2182,.T.);
#2182 = SURFACE_CURVE('',#2183,(#2187,#2194),.PCURVE_S1.);
#2183 = LINE('',#2184,#2185);
#2184 = CARTESIAN_POINT('',(2.,-17.,-16.));
#2185 = VECTOR('',#2186,1.);
#2186 = DIRECTION('',(0.,0.,1.));
#2187 = PCURVE('',#182,#2188);
#2188 = DEFINITIONAL_REPRESENTATION('',(#2189),#2193);
#2189 = LINE('',#2190,#2191);
#2190 = CARTESIAN_POINT('',(-5.,2.));
#2191 = VECTOR('',#2192,1.);
#2192 = DIRECTION('',(1.,0.));
#2193 = ( GEOMETRIC_REPRESENTATION_CONTEXT(2) 
PARAMETRIC_REPRESENTATION_CONTEXT() REPRESENTATION_CONTEXT('2D SPACE',''
  ) );
#2194 = PCURVE('',#2114,#2195);
#2195 = DEFINITIONAL_REPRESENTATION('',(#2196),#2200);
#2196 = LINE('',#2197,#2198);
#2197 = CARTESIAN_POINT('',(-1.570796326795,0.));
#2198 = VECTOR('',#2199,1.);
#2199 = DIRECTION('',(-0.,1.));
#2200 = ( GEOMETRIC_REPRESENTATION_CONTEXT(2) 
PARAMETRIC_REPRESENTATION_CONTEXT() REPRESENTATION_CONTEXT('2D SPACE',''
  ) );
#2201 = ADVANCED_FACE('',(#2202),#773,.T.);
#2202 = FACE_BOUND('',#2203,.F.);
#2203 = EDGE_LOOP('',(#2204,#2205,#2206,#2230));
#2204 = ORIENTED_EDGE('',*,*,#1090,.F.);
#2205 = ORIENTED_EDGE('',*,*,#711,.T.);
#2206 = ORIENTED_EDGE('',*,*,#2207,.F.);
#2207 = EDGE_CURVE('',#2208,#684,#2210,.T.);
#2208 = VERTEX_POINT('',#2209);
#2209 = CARTESIAN_POINT('',(2.,17.,-5.12347538298));
#2210 = SURFACE_CURVE('',#2211,(#2216,#2223),.PCURVE_S1.);
#2211 = CIRCLE('',#2212,9.5);
#2212 = AXIS2_PLACEMENT_3D('',#2213,#2214,#2215);
#2213 = CARTESIAN_POINT('',(10.,17.,-3.330669073875E-16));
#2214 = DIRECTION('',(0.,1.,0.));
#2215 = DIRECTION('',(1.110223024625E-16,0.,-1.));
#2216 = PCURVE('',#773,#2217);
#2217 = DEFINITIONAL_REPRESENTATION('',(#2218),#2222);
#2218 = LINE('',#2219,#2220);
#2219 = CARTESIAN_POINT('',(-6.28318530718,-4.5));
#2220 = VECTOR('',#2221,1.);
#2221 = DIRECTION('',(1.,-0.));
#2222 = ( GEOMETRIC_REPRESENTATION_CONTEXT(2) 
PARAMETRIC_REPRESENTATION_CONTEXT() REPRESENTATION_CONTEXT('2D SPACE',''
  ) );
#2223 = PCURVE('',#699,#2224);
#2224 = DEFINITIONAL_REPRESENTATION('',(#2225),#2229);
#2225 = CIRCLE('',#2226,9.5);
#2226 = AXIS2_PLACEMENT_2D('',#2227,#2228);
#2227 = CARTESIAN_POINT('',(11.,10.));
#2228 = DIRECTION('',(-1.,1.110223024625E-16));
#2229 = ( GEOMETRIC_REPRESENTATION_CONTEXT(2) 
PARAMETRIC_REPRESENTATION_CONTEXT() REPRESENTATION_CONTEXT('2D SPACE',''
  ) );
#2230 = ORIENTED_EDGE('',*,*,#2231,.F.);
#2231 = EDGE_CURVE('',#1091,#2208,#2232,.T.);
#2232 = SURFACE_CURVE('',#2233,(#2271,#2312),.PCURVE_S1.);
#2233 = B_SPLINE_CURVE_WITH_KNOTS('',8,(#2234,#2235,#2236,#2237,#2238,
    #2239,#2240,#2241,#2242,#2243,#2244,#2245,#2246,#2247,#2248,#2249,
    #2250,#2251,#2252,#2253,#2254,#2255,#2256,#2257,#2258,#2259,#2260,
    #2261,#2262,#2263,#2264,#2265,#2266,#2267,#2268,#2269,#2270),
  .UNSPECIFIED.,.F.,.F.,(9,7,7,7,7,9),(0.,0.249174907562,0.502965126791,
    0.622064747587,0.755750238797,1.),.UNSPECIFIED.);
#2234 = CARTESIAN_POINT('',(2.,17.,5.12347538298));
#2235 = CARTESIAN_POINT('',(1.81173152937,17.,4.829505440225));
#2236 = CARTESIAN_POINT('',(1.636838200383,17.020254570245,
    4.529236885347));
#2237 = CARTESIAN_POINT('',(1.476403994977,17.055726120656,
    4.224882175733));
#2238 = CARTESIAN_POINT('',(1.330543076854,17.102376586941,
    3.917969296322));
#2239 = CARTESIAN_POINT('',(1.1989073073,17.156857250357,3.609379408969)
  );
#2240 = CARTESIAN_POINT('',(1.080904570773,17.216368506114,
    3.299321799068));
#2241 = CARTESIAN_POINT('',(0.975843081061,17.278497928759,
    2.987160184735));
#2242 = CARTESIAN_POINT('',(0.788874938428,17.404346852581,
    2.348992767248));
#2243 = CARTESIAN_POINT('',(0.706541220366,17.468674629733,
    2.019792676976));
#2244 = CARTESIAN_POINT('',(0.637757418032,17.530183957008,1.68689593081
    ));
#2245 = CARTESIAN_POINT('',(0.582937325474,17.585033324963,
    1.352579165965));
#2246 = CARTESIAN_POINT('',(0.541884707684,17.629633699268,
    1.017867183059));
#2247 = CARTESIAN_POINT('',(0.514223329117,17.660996203306,
    0.682273538891));
#2248 = CARTESIAN_POINT('',(0.5,17.677124344468,0.343847427954));
#2249 = CARTESIAN_POINT('',(0.5,17.677124344468,-0.161362003648));
#2250 = CARTESIAN_POINT('',(0.503132338077,17.673572621787,
    -0.322443692203));
#2251 = CARTESIAN_POINT('',(0.509378044443,17.66649062534,
    -0.483288108323));
#2252 = CARTESIAN_POINT('',(0.51872845692,17.65598318023,-0.643914700518
    ));
#2253 = CARTESIAN_POINT('',(0.531181384075,17.642239846526,
    -0.804288623809));
#2254 = CARTESIAN_POINT('',(0.546728737917,17.625531746654,
    -0.964290156283));
#2255 = CARTESIAN_POINT('',(0.565335636173,17.606203861416,
    -1.123684231519));
#2256 = CARTESIAN_POINT('',(0.611128596586,17.560483640414,
    -1.459895561385));
#2257 = CARTESIAN_POINT('',(0.639127724267,17.533474659693,
    -1.636760441787));
#2258 = CARTESIAN_POINT('',(0.670893757749,17.504102559947,
    -1.812813956185));
#2259 = CARTESIAN_POINT('',(0.706427675846,17.47285435,-1.988119655502)
  );
#2260 = CARTESIAN_POINT('',(0.745735740988,17.440218974281,
    -2.162692839959));
#2261 = CARTESIAN_POINT('',(0.788825089921,17.406675637014,
    -2.336518591889));
#2262 = CARTESIAN_POINT('',(0.835705209718,17.372688816296,
    -2.509570414876));
#2263 = CARTESIAN_POINT('',(0.979008507276,17.276628993658,
    -2.996554996256));
#2264 = CARTESIAN_POINT('',(1.083955380059,17.214832779054,
    -3.307328108851));
#2265 = CARTESIAN_POINT('',(1.201739913202,17.155688391649,
    -3.616010114642));
#2266 = CARTESIAN_POINT('',(1.333046295536,17.101579383295,
    -3.923228530295));
#2267 = CARTESIAN_POINT('',(1.478459248918,17.05527474511,
    -4.228775483918));
#2268 = CARTESIAN_POINT('',(1.638321372195,17.020085106984,
    -4.531780117411));
#2269 = CARTESIAN_POINT('',(1.812520489104,17.,-4.830737353604));
#2270 = CARTESIAN_POINT('',(2.,17.,-5.12347538298));
#2271 = PCURVE('',#773,#2272);
#2272 = DEFINITIONAL_REPRESENTATION('',(#2273),#2311);
#2273 = B_SPLINE_CURVE_WITH_KNOTS('',8,(#2274,#2275,#2276,#2277,#2278,
    #2279,#2280,#2281,#2282,#2283,#2284,#2285,#2286,#2287,#2288,#2289,
    #2290,#2291,#2292,#2293,#2294,#2295,#2296,#2297,#2298,#2299,#2300,
    #2301,#2302,#2303,#2304,#2305,#2306,#2307,#2308,#2309,#2310),
  .UNSPECIFIED.,.F.,.F.,(9,7,7,7,7,9),(0.,0.249174907562,0.502965126791,
    0.622064747587,0.755750238797,1.),.UNSPECIFIED.);
#2274 = CARTESIAN_POINT('',(-4.142767661312,-4.5));
#2275 = CARTESIAN_POINT('',(-4.179513904156,-4.5));
#2276 = CARTESIAN_POINT('',(-4.216059125474,-4.479745429755));
#2277 = CARTESIAN_POINT('',(-4.252221541938,-4.444273879344));
#2278 = CARTESIAN_POINT('',(-4.287930647217,-4.397623413059));
#2279 = CARTESIAN_POINT('',(-4.323189752415,-4.343142749643));
#2280 = CARTESIAN_POINT('',(-4.3580665715,-4.283631493886));
#2281 = CARTESIAN_POINT('',(-4.392709599309,-4.221502071241));
#2282 = CARTESIAN_POINT('',(-4.462708787203,-4.095653147419));
#2283 = CARTESIAN_POINT('',(-4.498400303701,-4.031325370267));
#2284 = CARTESIAN_POINT('',(-4.534131388222,-3.969816042992));
#2285 = CARTESIAN_POINT('',(-4.569732818204,-3.914966675037));
#2286 = CARTESIAN_POINT('',(-4.605172801946,-3.870366300732));
#2287 = CARTESIAN_POINT('',(-4.640570715196,-3.839003796694));
#2288 = CARTESIAN_POINT('',(-4.676194514284,-3.822875655532));
#2289 = CARTESIAN_POINT('',(-4.729374454453,-3.822875655532));
#2290 = CARTESIAN_POINT('',(-4.746330415837,-3.826427378213));
#2291 = CARTESIAN_POINT('',(-4.763268889409,-3.83350937466));
#2292 = CARTESIAN_POINT('',(-4.780199235642,-3.84401681977));
#2293 = CARTESIAN_POINT('',(-4.797125164046,-3.857760153474));
#2294 = CARTESIAN_POINT('',(-4.81404149091,-3.874468253346));
#2295 = CARTESIAN_POINT('',(-4.830930641335,-3.893796138584));
#2296 = CARTESIAN_POINT('',(-4.86664806937,-3.939516359586));
#2297 = CARTESIAN_POINT('',(-4.88549286352,-3.966525340307));
#2298 = CARTESIAN_POINT('',(-4.904316798582,-3.995897440053));
#2299 = CARTESIAN_POINT('',(-4.923136618909,-4.02714565));
#2300 = CARTESIAN_POINT('',(-4.941964114085,-4.059781025719));
#2301 = CARTESIAN_POINT('',(-4.960808048858,-4.093324362986));
#2302 = CARTESIAN_POINT('',(-4.979676201593,-4.127311183704));
#2303 = CARTESIAN_POINT('',(-5.033111104396,-4.223371006342));
#2304 = CARTESIAN_POINT('',(-5.06761211975,-4.285167220946));
#2305 = CARTESIAN_POINT('',(-5.102345990089,-4.344311608351));
#2306 = CARTESIAN_POINT('',(-5.137459391503,-4.398420616705));
#2307 = CARTESIAN_POINT('',(-5.173019162342,-4.44472525489));
#2308 = CARTESIAN_POINT('',(-5.209028470309,-4.479914893016));
#2309 = CARTESIAN_POINT('',(-5.245418045786,-4.5));
#2310 = CARTESIAN_POINT('',(-5.282010299458,-4.5));
#2311 = ( GEOMETRIC_REPRESENTATION_CONTEXT(2) 
PARAMETRIC_REPRESENTATION_CONTEXT() REPRESENTATION_CONTEXT('2D SPACE',''
  ) );
#2312 = PCURVE('',#1130,#2313);
#2313 = DEFINITIONAL_REPRESENTATION('',(#2314),#2352);
#2314 = B_SPLINE_CURVE_WITH_KNOTS('',8,(#2315,#2316,#2317,#2318,#2319,
    #2320,#2321,#2322,#2323,#2324,#2325,#2326,#2327,#2328,#2329,#2330,
    #2331,#2332,#2333,#2334,#2335,#2336,#2337,#2338,#2339,#2340,#2341,
    #2342,#2343,#2344,#2345,#2346,#2347,#2348,#2349,#2350,#2351),
  .UNSPECIFIED.,.F.,.F.,(9,7,7,7,7,9),(0.,0.249174907562,0.502965126791,
    0.622064747587,0.755750238797,1.),.UNSPECIFIED.);
#2315 = CARTESIAN_POINT('',(1.570796326795,21.12347538298));
#2316 = CARTESIAN_POINT('',(1.47666209148,20.829505440225));
#2317 = CARTESIAN_POINT('',(1.389214730929,20.529236885347));
#2318 = CARTESIAN_POINT('',(1.307729595604,20.224882175733));
#2319 = CARTESIAN_POINT('',(1.231738175112,19.917969296322));
#2320 = CARTESIAN_POINT('',(1.160930598856,19.609379408969));
#2321 = CARTESIAN_POINT('',(1.095102139119,19.299321799068));
#2322 = CARTESIAN_POINT('',(1.034177995106,18.987160184735));
#2323 = CARTESIAN_POINT('',(0.921489222389,18.348992767248));
#2324 = CARTESIAN_POINT('',(0.869378066496,18.019792676976));
#2325 = CARTESIAN_POINT('',(0.823394046202,17.686895930809));
#2326 = CARTESIAN_POINT('',(0.784697919365,17.352579165965));
#2327 = CARTESIAN_POINT('',(0.754395146247,17.017867183059));
#2328 = CARTESIAN_POINT('',(0.733486249157,16.682273538891));
#2329 = CARTESIAN_POINT('',(0.722734247813,16.343847427954));
#2330 = CARTESIAN_POINT('',(0.722734247813,15.838637996352));
#2331 = CARTESIAN_POINT('',(0.725102012587,15.677556307797));
#2332 = CARTESIAN_POINT('',(0.729823469089,15.516711891677));
#2333 = CARTESIAN_POINT('',(0.736856061545,15.356085299482));
#2334 = CARTESIAN_POINT('',(0.746128093499,15.195711376191));
#2335 = CARTESIAN_POINT('',(0.75753735845,15.035709843717));
#2336 = CARTESIAN_POINT('',(0.770949059064,14.876315768481));
#2337 = CARTESIAN_POINT('',(0.803303864857,14.540104438615));
#2338 = CARTESIAN_POINT('',(0.822752474184,14.363239558213));
#2339 = CARTESIAN_POINT('',(0.844376288177,14.187186043815));
#2340 = CARTESIAN_POINT('',(0.86802021708,14.011880344498));
#2341 = CARTESIAN_POINT('',(0.893542596016,13.837307160041));
#2342 = CARTESIAN_POINT('',(0.920820244841,13.663481408111));
#2343 = CARTESIAN_POINT('',(0.949752627991,13.490429585124));
#2344 = CARTESIAN_POINT('',(1.036012880449,13.003445003744));
#2345 = CARTESIAN_POINT('',(1.096803343556,12.692671891149));
#2346 = CARTESIAN_POINT('',(1.162453671964,12.383989885358));
#2347 = CARTESIAN_POINT('',(1.233041747443,12.076771469705));
#2348 = CARTESIAN_POINT('',(1.308773102595,11.771224516082));
#2349 = CARTESIAN_POINT('',(1.389956343141,11.468219882589));
#2350 = CARTESIAN_POINT('',(1.477056571347,11.169262646396));
#2351 = CARTESIAN_POINT('',(1.570796326795,10.87652461702));
#2352 = ( GEOMETRIC_REPRESENTATION_CONTEXT(2) 
PARAMETRIC_REPRESENTATION_CONTEXT() REPRESENTATION_CONTEXT('2D SPACE',''
  ) );
#2353 = ADVANCED_FACE('',(#2354),#699,.T.);
#2354 = FACE_BOUND('',#2355,.T.);
#2355 = EDGE_LOOP('',(#2356,#2357,#2358,#2359));
#2356 = ORIENTED_EDGE('',*,*,#1065,.F.);
#2357 = ORIENTED_EDGE('',*,*,#683,.T.);
#2358 = ORIENTED_EDGE('',*,*,#2207,.F.);
#2359 = ORIENTED_EDGE('',*,*,#2360,.F.);
#2360 = EDGE_CURVE('',#1038,#2208,#2361,.T.);
#2361 = SURFACE_CURVE('',#2362,(#2366,#2373),.PCURVE_S1.);
#2362 = LINE('',#2363,#2364);
#2363 = CARTESIAN_POINT('',(2.,17.,-16.));
#2364 = VECTOR('',#2365,1.);
#2365 = DIRECTION('',(0.,0.,1.));
#2366 = PCURVE('',#699,#2367);
#2367 = DEFINITIONAL_REPRESENTATION('',(#2368),#2372);
#2368 = LINE('',#2369,#2370);
#2369 = CARTESIAN_POINT('',(-5.,2.));
#2370 = VECTOR('',#2371,1.);
#2371 = DIRECTION('',(1.,0.));
#2372 = ( GEOMETRIC_REPRESENTATION_CONTEXT(2) 
PARAMETRIC_REPRESENTATION_CONTEXT() REPRESENTATION_CONTEXT('2D SPACE',''
  ) );
#2373 = PCURVE('',#1130,#2374);
#2374 = DEFINITIONAL_REPRESENTATION('',(#2375),#2379);
#2375 = LINE('',#2376,#2377);
#2376 = CARTESIAN_POINT('',(1.570796326795,0.));
#2377 = VECTOR('',#2378,1.);
#2378 = DIRECTION('',(0.,1.));
#2379 = ( GEOMETRIC_REPRESENTATION_CONTEXT(2) 
PARAMETRIC_REPRESENTATION_CONTEXT() REPRESENTATION_CONTEXT('2D SPACE',''
  ) );
#2380 = ADVANCED_FACE('',(#2381),#1053,.F.);
#2381 = FACE_BOUND('',#2382,.F.);
#2382 = EDGE_LOOP('',(#2383,#2413,#2434,#2435));
#2383 = ORIENTED_EDGE('',*,*,#2384,.T.);
#2384 = EDGE_CURVE('',#2385,#2387,#2389,.T.);
#2385 = VERTEX_POINT('',#2386);
#2386 = CARTESIAN_POINT('',(24.,17.,-13.));
#2387 = VERTEX_POINT('',#2388);
#2388 = CARTESIAN_POINT('',(2.,17.,-13.));
#2389 = SURFACE_CURVE('',#2390,(#2394,#2401),.PCURVE_S1.);
#2390 = LINE('',#2391,#2392);
#2391 = CARTESIAN_POINT('',(24.,17.,-13.));
#2392 = VECTOR('',#2393,1.);
#2393 = DIRECTION('',(-1.,-0.,-0.));
#2394 = PCURVE('',#1053,#2395);
#2395 = DEFINITIONAL_REPRESENTATION('',(#2396),#2400);
#2396 = LINE('',#2397,#2398);
#2397 = CARTESIAN_POINT('',(3.,24.));
#2398 = VECTOR('',#2399,1.);
#2399 = DIRECTION('',(-0.,-1.));
#2400 = ( GEOMETRIC_REPRESENTATION_CONTEXT(2) 
PARAMETRIC_REPRESENTATION_CONTEXT() REPRESENTATION_CONTEXT('2D SPACE',''
  ) );
#2401 = PCURVE('',#2402,#2407);
#2402 = CYLINDRICAL_SURFACE('',#2403,3.);
#2403 = AXIS2_PLACEMENT_3D('',#2404,#2405,#2406);
#2404 = CARTESIAN_POINT('',(24.,20.,-13.));
#2405 = DIRECTION('',(-1.,-0.,-0.));
#2406 = DIRECTION('',(0.,-1.,0.));
#2407 = DEFINITIONAL_REPRESENTATION('',(#2408),#2412);
#2408 = LINE('',#2409,#2410);
#2409 = CARTESIAN_POINT('',(-0.,0.));
#2410 = VECTOR('',#2411,1.);
#2411 = DIRECTION('',(-0.,1.));
#2412 = ( GEOMETRIC_REPRESENTATION_CONTEXT(2) 
PARAMETRIC_REPRESENTATION_CONTEXT() REPRESENTATION_CONTEXT('2D SPACE',''
  ) );
#2413 = ORIENTED_EDGE('',*,*,#2414,.T.);
#2414 = EDGE_CURVE('',#2387,#1038,#2415,.T.);
#2415 = SURFACE_CURVE('',#2416,(#2420,#2427),.PCURVE_S1.);
#2416 = LINE('',#2417,#2418);
#2417 = CARTESIAN_POINT('',(2.,17.,-16.));
#2418 = VECTOR('',#2419,1.);
#2419 = DIRECTION('',(0.,0.,1.));
#2420 = PCURVE('',#1053,#2421);
#2421 = DEFINITIONAL_REPRESENTATION('',(#2422),#2426);
#2422 = LINE('',#2423,#2424);
#2423 = CARTESIAN_POINT('',(0.,2.));
#2424 = VECTOR('',#2425,1.);
#2425 = DIRECTION('',(1.,0.));
#2426 = ( GEOMETRIC_REPRESENTATION_CONTEXT(2) 
PARAMETRIC_REPRESENTATION_CONTEXT() REPRESENTATION_CONTEXT('2D SPACE',''
  ) );
#2427 = PCURVE('',#1130,#2428);
#2428 = DEFINITIONAL_REPRESENTATION('',(#2429),#2433);
#2429 = LINE('',#2430,#2431);
#2430 = CARTESIAN_POINT('',(1.570796326795,0.));
#2431 = VECTOR('',#2432,1.);
#2432 = DIRECTION('',(0.,1.));
#2433 = ( GEOMETRIC_REPRESENTATION_CONTEXT(2) 
PARAMETRIC_REPRESENTATION_CONTEXT() REPRESENTATION_CONTEXT('2D SPACE',''
  ) );
#2434 = ORIENTED_EDGE('',*,*,#1037,.T.);
#2435 = ORIENTED_EDGE('',*,*,#2436,.F.);
#2436 = EDGE_CURVE('',#2385,#1015,#2437,.T.);
#2437 = SURFACE_CURVE('',#2438,(#2442,#2449),.PCURVE_S1.);
#2438 = LINE('',#2439,#2440);
#2439 = CARTESIAN_POINT('',(24.,17.,-16.));
#2440 = VECTOR('',#2441,1.);
#2441 = DIRECTION('',(0.,0.,1.));
#2442 = PCURVE('',#1053,#2443);
#2443 = DEFINITIONAL_REPRESENTATION('',(#2444),#2448);
#2444 = LINE('',#2445,#2446);
#2445 = CARTESIAN_POINT('',(0.,24.));
#2446 = VECTOR('',#2447,1.);
#2447 = DIRECTION('',(1.,0.));
#2448 = ( GEOMETRIC_REPRESENTATION_CONTEXT(2) 
PARAMETRIC_REPRESENTATION_CONTEXT() REPRESENTATION_CONTEXT('2D SPACE',''
  ) );
#2449 = PCURVE('',#1211,#2450);
#2450 = DEFINITIONAL_REPRESENTATION('',(#2451),#2455);
#2451 = LINE('',#2452,#2453);
#2452 = CARTESIAN_POINT('',(-1.570796326795,0.));
#2453 = VECTOR('',#2454,1.);
#2454 = DIRECTION('',(-0.,1.));
#2455 = ( GEOMETRIC_REPRESENTATION_CONTEXT(2) 
PARAMETRIC_REPRESENTATION_CONTEXT() REPRESENTATION_CONTEXT('2D SPACE',''
  ) );
#2456 = ADVANCED_FACE('',(#2457),#874,.T.);
#2457 = FACE_BOUND('',#2458,.T.);
#2458 = EDGE_LOOP('',(#2459,#2489,#2510,#2511));
#2459 = ORIENTED_EDGE('',*,*,#2460,.F.);
#2460 = EDGE_CURVE('',#2461,#2463,#2465,.T.);
#2461 = VERTEX_POINT('',#2462);
#2462 = CARTESIAN_POINT('',(2.,-17.,-13.));
#2463 = VERTEX_POINT('',#2464);
#2464 = CARTESIAN_POINT('',(24.,-17.,-13.));
#2465 = SURFACE_CURVE('',#2466,(#2470,#2477),.PCURVE_S1.);
#2466 = LINE('',#2467,#2468);
#2467 = CARTESIAN_POINT('',(2.,-17.,-13.));
#2468 = VECTOR('',#2469,1.);
#2469 = DIRECTION('',(1.,0.,0.));
#2470 = PCURVE('',#874,#2471);
#2471 = DEFINITIONAL_REPRESENTATION('',(#2472),#2476);
#2472 = LINE('',#2473,#2474);
#2473 = CARTESIAN_POINT('',(3.,2.));
#2474 = VECTOR('',#2475,1.);
#2475 = DIRECTION('',(0.,1.));
#2476 = ( GEOMETRIC_REPRESENTATION_CONTEXT(2) 
PARAMETRIC_REPRESENTATION_CONTEXT() REPRESENTATION_CONTEXT('2D SPACE',''
  ) );
#2477 = PCURVE('',#2478,#2483);
#2478 = CYLINDRICAL_SURFACE('',#2479,3.);
#2479 = AXIS2_PLACEMENT_3D('',#2480,#2481,#2482);
#2480 = CARTESIAN_POINT('',(2.,-20.,-13.));
#2481 = DIRECTION('',(1.,0.,0.));
#2482 = DIRECTION('',(-0.,1.,0.));
#2483 = DEFINITIONAL_REPRESENTATION('',(#2484),#2488);
#2484 = LINE('',#2485,#2486);
#2485 = CARTESIAN_POINT('',(-0.,0.));
#2486 = VECTOR('',#2487,1.);
#2487 = DIRECTION('',(-0.,1.));
#2488 = ( GEOMETRIC_REPRESENTATION_CONTEXT(2) 
PARAMETRIC_REPRESENTATION_CONTEXT() REPRESENTATION_CONTEXT('2D SPACE',''
  ) );
#2489 = ORIENTED_EDGE('',*,*,#2490,.T.);
#2490 = EDGE_CURVE('',#2461,#836,#2491,.T.);
#2491 = SURFACE_CURVE('',#2492,(#2496,#2503),.PCURVE_S1.);
#2492 = LINE('',#2493,#2494);
#2493 = CARTESIAN_POINT('',(2.,-17.,-16.));
#2494 = VECTOR('',#2495,1.);
#2495 = DIRECTION('',(0.,0.,1.));
#2496 = PCURVE('',#874,#2497);
#2497 = DEFINITIONAL_REPRESENTATION('',(#2498),#2502);
#2498 = LINE('',#2499,#2500);
#2499 = CARTESIAN_POINT('',(0.,2.));
#2500 = VECTOR('',#2501,1.);
#2501 = DIRECTION('',(1.,0.));
#2502 = ( GEOMETRIC_REPRESENTATION_CONTEXT(2) 
PARAMETRIC_REPRESENTATION_CONTEXT() REPRESENTATION_CONTEXT('2D SPACE',''
  ) );
#2503 = PCURVE('',#2114,#2504);
#2504 = DEFINITIONAL_REPRESENTATION('',(#2505),#2509);
#2505 = LINE('',#2506,#2507);
#2506 = CARTESIAN_POINT('',(-1.570796326795,0.));
#2507 = VECTOR('',#2508,1.);
#2508 = DIRECTION('',(-0.,1.));
#2509 = ( GEOMETRIC_REPRESENTATION_CONTEXT(2) 
PARAMETRIC_REPRESENTATION_CONTEXT() REPRESENTATION_CONTEXT('2D SPACE',''
  ) );
#2510 = ORIENTED_EDGE('',*,*,#858,.T.);
#2511 = ORIENTED_EDGE('',*,*,#2512,.F.);
#2512 = EDGE_CURVE('',#2463,#859,#2513,.T.);
#2513 = SURFACE_CURVE('',#2514,(#2518,#2525),.PCURVE_S1.);
#2514 = LINE('',#2515,#2516);
#2515 = CARTESIAN_POINT('',(24.,-17.,-16.));
#2516 = VECTOR('',#2517,1.);
#2517 = DIRECTION('',(0.,0.,1.));
#2518 = PCURVE('',#874,#2519);
#2519 = DEFINITIONAL_REPRESENTATION('',(#2520),#2524);
#2520 = LINE('',#2521,#2522);
#2521 = CARTESIAN_POINT('',(0.,24.));
#2522 = VECTOR('',#2523,1.);
#2523 = DIRECTION('',(1.,0.));
#2524 = ( GEOMETRIC_REPRESENTATION_CONTEXT(2) 
PARAMETRIC_REPRESENTATION_CONTEXT() REPRESENTATION_CONTEXT('2D SPACE',''
  ) );
#2525 = PCURVE('',#2060,#2526);
#2526 = DEFINITIONAL_REPRESENTATION('',(#2527),#2531);
#2527 = LINE('',#2528,#2529);
#2528 = CARTESIAN_POINT('',(1.570796326795,0.));
#2529 = VECTOR('',#2530,1.);
#2530 = DIRECTION('',(0.,1.));
#2531 = ( GEOMETRIC_REPRESENTATION_CONTEXT(2) 
PARAMETRIC_REPRESENTATION_CONTEXT() REPRESENTATION_CONTEXT('2D SPACE',''
  ) );
#2532 = ADVANCED_FACE('',(#2533),#1130,.T.);
#2533 = FACE_BOUND('',#2534,.T.);
#2534 = EDGE_LOOP('',(#2535,#2565,#2677,#2678,#2679,#2680,#2681,#2682));
#2535 = ORIENTED_EDGE('',*,*,#2536,.F.);
#2536 = EDGE_CURVE('',#2537,#2539,#2541,.T.);
#2537 = VERTEX_POINT('',#2538);
#2538 = CARTESIAN_POINT('',(-4.440892098501E-16,19.,-13.));
#2539 = VERTEX_POINT('',#2540);
#2540 = CARTESIAN_POINT('',(-4.440892098501E-16,19.,13.));
#2541 = SURFACE_CURVE('',#2542,(#2546,#2553),.PCURVE_S1.);
#2542 = LINE('',#2543,#2544);
#2543 = CARTESIAN_POINT('',(-4.440892098501E-16,19.,-16.));
#2544 = VECTOR('',#2545,1.);
#2545 = DIRECTION('',(0.,0.,1.));
#2546 = PCURVE('',#1130,#2547);
#2547 = DEFINITIONAL_REPRESENTATION('',(#2548),#2552);
#2548 = LINE('',#2549,#2550);
#2549 = CARTESIAN_POINT('',(0.,0.));
#2550 = VECTOR('',#2551,1.);
#2551 = DIRECTION('',(0.,1.));
#2552 = ( GEOMETRIC_REPRESENTATION_CONTEXT(2) 
PARAMETRIC_REPRESENTATION_CONTEXT() REPRESENTATION_CONTEXT('2D SPACE',''
  ) );
#2553 = PCURVE('',#2554,#2559);
#2554 = PLANE('',#2555);
#2555 = AXIS2_PLACEMENT_3D('',#2556,#2557,#2558);
#2556 = CARTESIAN_POINT('',(0.,17.,-16.));
#2557 = DIRECTION('',(1.,0.,0.));
#2558 = DIRECTION('',(0.,0.,1.));
#2559 = DEFINITIONAL_REPRESENTATION('',(#2560),#2564);
#2560 = LINE('',#2561,#2562);
#2561 = CARTESIAN_POINT('',(0.,-2.));
#2562 = VECTOR('',#2563,1.);
#2563 = DIRECTION('',(1.,0.));
#2564 = ( GEOMETRIC_REPRESENTATION_CONTEXT(2) 
PARAMETRIC_REPRESENTATION_CONTEXT() REPRESENTATION_CONTEXT('2D SPACE',''
  ) );
#2565 = ORIENTED_EDGE('',*,*,#2566,.F.);
#2566 = EDGE_CURVE('',#2387,#2537,#2567,.T.);
#2567 = SURFACE_CURVE('',#2568,(#2578,#2588),.PCURVE_S1.);
#2568 = B_SPLINE_CURVE_WITH_KNOTS('',8,(#2569,#2570,#2571,#2572,#2573,
    #2574,#2575,#2576,#2577),.UNSPECIFIED.,.F.,.F.,(9,9),(0.,1.),
  .PIECEWISE_BEZIER_KNOTS.);
#2569 = CARTESIAN_POINT('',(2.,17.,-13.));
#2570 = CARTESIAN_POINT('',(1.607300932253,17.,-13.));
#2571 = CARTESIAN_POINT('',(1.214601678299,17.088121569678,-13.));
#2572 = CARTESIAN_POINT('',(0.844973577615,17.264363897065,-13.));
#2573 = CARTESIAN_POINT('',(0.521482443371,17.521482443377,
    -12.99999999999));
#2574 = CARTESIAN_POINT('',(0.264363897068,17.844973577608,-13.));
#2575 = CARTESIAN_POINT('',(8.81215696774E-02,18.214601678304,-13.));
#2576 = CARTESIAN_POINT('',(-1.01307850997E-15,18.607300932251,-13.));
#2577 = CARTESIAN_POINT('',(-9.992007221626E-16,19.,-13.));
#2578 = PCURVE('',#1130,#2579);
#2579 = DEFINITIONAL_REPRESENTATION('',(#2580),#2587);
#2580 = B_SPLINE_CURVE_WITH_KNOTS('',5,(#2581,#2582,#2583,#2584,#2585,
    #2586),.UNSPECIFIED.,.F.,.F.,(6,6),(0.,1.),
  .PIECEWISE_BEZIER_KNOTS.);
#2581 = CARTESIAN_POINT('',(1.570796326795,3.));
#2582 = CARTESIAN_POINT('',(1.256637072598,3.));
#2583 = CARTESIAN_POINT('',(0.942477734348,3.));
#2584 = CARTESIAN_POINT('',(0.628318592445,3.));
#2585 = CARTESIAN_POINT('',(0.314159254199,3.));
#2586 = CARTESIAN_POINT('',(-1.110223024625E-16,3.));
#2587 = ( GEOMETRIC_REPRESENTATION_CONTEXT(2) 
PARAMETRIC_REPRESENTATION_CONTEXT() REPRESENTATION_CONTEXT('2D SPACE',''
  ) );
#2588 = PCURVE('',#2589,#2671);
#2589 = B_SPLINE_SURFACE_WITH_KNOTS('',8,8,(
    (#2590,#2591,#2592,#2593,#2594,#2595,#2596,#2597,#2598)
    ,(#2599,#2600,#2601,#2602,#2603,#2604,#2605,#2606,#2607)
    ,(#2608,#2609,#2610,#2611,#2612,#2613,#2614,#2615,#2616)
    ,(#2617,#2618,#2619,#2620,#2621,#2622,#2623,#2624,#2625)
    ,(#2626,#2627,#2628,#2629,#2630,#2631,#2632,#2633,#2634)
    ,(#2635,#2636,#2637,#2638,#2639,#2640,#2641,#2642,#2643)
    ,(#2644,#2645,#2646,#2647,#2648,#2649,#2650,#2651,#2652)
    ,(#2653,#2654,#2655,#2656,#2657,#2658,#2659,#2660,#2661)
    ,(#2662,#2663,#2664,#2665,#2666,#2667,#2668,#2669,#2670
  )),.UNSPECIFIED.,.F.,.F.,.F.,(9,9),(9,9),(0.,1.),(0.,1.),
  .PIECEWISE_BEZIER_KNOTS.);
#2590 = CARTESIAN_POINT('',(2.,17.,-13.));
#2591 = CARTESIAN_POINT('',(2.125,17.,-13.58904862254));
#2592 = CARTESIAN_POINT('',(2.25,17.132182366884,-14.17809743051));
#2593 = CARTESIAN_POINT('',(2.375,17.396545802386,-14.732539703));
#2594 = CARTESIAN_POINT('',(2.5,17.78222373266,-15.21777626734));
#2595 = CARTESIAN_POINT('',(2.625,18.267460296995,-15.60345419761));
#2596 = CARTESIAN_POINT('',(2.75,18.821902569487,-15.86781763311));
#2597 = CARTESIAN_POINT('',(2.875,19.410951377452,-16.));
#2598 = CARTESIAN_POINT('',(3.,20.,-16.));
#2599 = CARTESIAN_POINT('',(1.607300932253,17.,-13.));
#2600 = CARTESIAN_POINT('',(1.734513315722,16.987728154133,
    -13.58904862254));
#2601 = CARTESIAN_POINT('',(1.87824849505,17.114752844658,
    -14.19907992414));
#2602 = CARTESIAN_POINT('',(2.038506307957,17.395013511556,
    -14.78291055676));
#2603 = CARTESIAN_POINT('',(2.213928432709,17.819462755572,
    -15.27780798807));
#2604 = CARTESIAN_POINT('',(2.401795386719,18.325542941767,
    -15.63902397426));
#2605 = CARTESIAN_POINT('',(2.598313054249,18.871833932736,
    -15.87991243389));
#2606 = CARTESIAN_POINT('',(2.799156538713,19.43770745527,-16.));
#2607 = CARTESIAN_POINT('',(3.,20.,-16.));
#2608 = CARTESIAN_POINT('',(1.214601678299,17.088121569678,-13.));
#2609 = CARTESIAN_POINT('',(1.315457685476,17.055589659937,
    -13.58904862254));
#2610 = CARTESIAN_POINT('',(1.401837696812,17.238788275314,
    -14.21406741959));
#2611 = CARTESIAN_POINT('',(1.582138882638,17.53855468042,
    -14.81888973802));
#2612 = CARTESIAN_POINT('',(1.818838389454,17.979711966464,
    -15.3206877886));
#2613 = CARTESIAN_POINT('',(2.092019155896,18.48018044957,
    -15.66443095758));
#2614 = CARTESIAN_POINT('',(2.386575253438,18.99360355568,-15.8885515773
    ));
#2615 = CARTESIAN_POINT('',(2.658284636187,19.543516941033,-16.));
#2616 = CARTESIAN_POINT('',(3.,20.,-16.));
#2617 = CARTESIAN_POINT('',(0.844973577615,17.264363897065,-13.));
#2618 = CARTESIAN_POINT('',(0.894321832805,17.227495951685,
    -13.58904862254));
#2619 = CARTESIAN_POINT('',(0.996171922673,17.385229566102,
    -14.22305991686));
#2620 = CARTESIAN_POINT('',(1.215660149692,17.670868292035,
    -14.84047724678));
#2621 = CARTESIAN_POINT('',(1.525263727546,18.095206634988,
    -15.34641566891));
#2622 = CARTESIAN_POINT('',(1.880484867685,18.574731872567,
    -15.67967514757));
#2623 = CARTESIAN_POINT('',(2.253305665281,19.062268468283,
    -15.89373506335));
#2624 = CARTESIAN_POINT('',(2.611745448862,19.5690186783,-16.));
#2625 = CARTESIAN_POINT('',(3.,20.,-16.));
#2626 = CARTESIAN_POINT('',(0.521482443371,17.521482443377,
    -12.99999999999));
#2627 = CARTESIAN_POINT('',(0.514126825071,17.514126825076,
    -13.58904862254));
#2628 = CARTESIAN_POINT('',(0.640653771775,17.640653771778,
    -14.22605741595));
#2629 = CARTESIAN_POINT('',(0.897513225057,17.897513225058,
    -14.84767308303));
#2630 = CARTESIAN_POINT('',(1.275176401901,18.275176401903,
    -15.35499162902));
#2631 = CARTESIAN_POINT('',(1.704689779897,18.704689779898,
    -15.68475654424));
#2632 = CARTESIAN_POINT('',(2.14555550927,19.145555509271,
    -15.89546289203));
#2633 = CARTESIAN_POINT('',(2.586875821905,19.586875821905,-16.));
#2634 = CARTESIAN_POINT('',(3.,20.,-16.));
#2635 = CARTESIAN_POINT('',(0.264363897068,17.844973577608,-13.));
#2636 = CARTESIAN_POINT('',(0.227495951688,17.894321832798,
    -13.58904862254));
#2637 = CARTESIAN_POINT('',(0.385229566104,17.996171922669,
    -14.22305991686));
#2638 = CARTESIAN_POINT('',(0.670868292036,18.215660149689,
    -14.84047724678));
#2639 = CARTESIAN_POINT('',(1.095206634989,18.525263727543,
    -15.34641566891));
#2640 = CARTESIAN_POINT('',(1.574731872568,18.880484867683,
    -15.67967514757));
#2641 = CARTESIAN_POINT('',(2.062268468283,19.25330566528,
    -15.89373506335));
#2642 = CARTESIAN_POINT('',(2.5690186783,19.611745448862,-16.));
#2643 = CARTESIAN_POINT('',(3.,20.,-16.));
#2644 = CARTESIAN_POINT('',(8.81215696774E-02,18.214601678304,-13.));
#2645 = CARTESIAN_POINT('',(5.558965993666E-02,18.31545768548,
    -13.58904862254));
#2646 = CARTESIAN_POINT('',(0.238788275314,18.401837696814,
    -14.21406741959));
#2647 = CARTESIAN_POINT('',(0.538554680421,18.582138882639,
    -14.81888973802));
#2648 = CARTESIAN_POINT('',(0.979711966464,18.818838389456,
    -15.3206877886));
#2649 = CARTESIAN_POINT('',(1.48018044957,19.092019155896,
    -15.66443095758));
#2650 = CARTESIAN_POINT('',(1.99360355568,19.386575253439,-15.8885515773
    ));
#2651 = CARTESIAN_POINT('',(2.543516941033,19.658284636187,-16.));
#2652 = CARTESIAN_POINT('',(3.,20.,-16.));
#2653 = CARTESIAN_POINT('',(-1.01307850997E-15,18.607300932251,-13.));
#2654 = CARTESIAN_POINT('',(-1.227184586715E-02,18.73451331572,
    -13.58904862254));
#2655 = CARTESIAN_POINT('',(0.114752844658,18.878248495049,
    -14.19907992414));
#2656 = CARTESIAN_POINT('',(0.395013511556,19.038506307955,
    -14.78291055676));
#2657 = CARTESIAN_POINT('',(0.819462755572,19.213928432708,
    -15.27780798807));
#2658 = CARTESIAN_POINT('',(1.325542941767,19.401795386718,
    -15.63902397426));
#2659 = CARTESIAN_POINT('',(1.871833932736,19.598313054249,
    -15.87991243389));
#2660 = CARTESIAN_POINT('',(2.43770745527,19.799156538713,-16.));
#2661 = CARTESIAN_POINT('',(3.,20.,-16.));
#2662 = CARTESIAN_POINT('',(-9.992007221626E-16,19.,-13.));
#2663 = CARTESIAN_POINT('',(-9.82958865399E-16,19.125,-13.58904862254));
#2664 = CARTESIAN_POINT('',(0.132182366884,19.25,-14.17809743051));
#2665 = CARTESIAN_POINT('',(0.396545802386,19.375,-14.732539703));
#2666 = CARTESIAN_POINT('',(0.78222373266,19.5,-15.21777626734));
#2667 = CARTESIAN_POINT('',(1.267460296995,19.625,-15.60345419761));
#2668 = CARTESIAN_POINT('',(1.821902569487,19.75,-15.86781763311));
#2669 = CARTESIAN_POINT('',(2.410951377452,19.875,-16.));
#2670 = CARTESIAN_POINT('',(3.,20.,-16.));
#2671 = DEFINITIONAL_REPRESENTATION('',(#2672),#2676);
#2672 = LINE('',#2673,#2674);
#2673 = CARTESIAN_POINT('',(0.,0.));
#2674 = VECTOR('',#2675,1.);
#2675 = DIRECTION('',(1.,0.));
#2676 = ( GEOMETRIC_REPRESENTATION_CONTEXT(2) 
PARAMETRIC_REPRESENTATION_CONTEXT() REPRESENTATION_CONTEXT('2D SPACE',''
  ) );
#2677 = ORIENTED_EDGE('',*,*,#2414,.T.);
#2678 = ORIENTED_EDGE('',*,*,#2360,.T.);
#2679 = ORIENTED_EDGE('',*,*,#2231,.F.);
#2680 = ORIENTED_EDGE('',*,*,#1116,.T.);
#2681 = ORIENTED_EDGE('',*,*,#1146,.T.);
#2682 = ORIENTED_EDGE('',*,*,#2683,.T.);
#2683 = EDGE_CURVE('',#1147,#2539,#2684,.T.);
#2684 = SURFACE_CURVE('',#2685,(#2695,#2705),.PCURVE_S1.);
#2685 = B_SPLINE_CURVE_WITH_KNOTS('',8,(#2686,#2687,#2688,#2689,#2690,
    #2691,#2692,#2693,#2694),.UNSPECIFIED.,.F.,.F.,(9,9),(0.,1.),
  .PIECEWISE_BEZIER_KNOTS.);
#2686 = CARTESIAN_POINT('',(2.,17.,13.));
#2687 = CARTESIAN_POINT('',(1.607300932253,17.,13.));
#2688 = CARTESIAN_POINT('',(1.214601678299,17.088121569678,13.));
#2689 = CARTESIAN_POINT('',(0.844973577615,17.264363897065,13.));
#2690 = CARTESIAN_POINT('',(0.521482443371,17.521482443377,13.));
#2691 = CARTESIAN_POINT('',(0.264363897068,17.844973577608,13.));
#2692 = CARTESIAN_POINT('',(8.81215696774E-02,18.214601678304,13.));
#2693 = CARTESIAN_POINT('',(-1.006139616067E-15,18.607300932251,13.));
#2694 = CARTESIAN_POINT('',(-9.992007221626E-16,19.,13.));
#2695 = PCURVE('',#1130,#2696);
#2696 = DEFINITIONAL_REPRESENTATION('',(#2697),#2704);
#2697 = B_SPLINE_CURVE_WITH_KNOTS('',5,(#2698,#2699,#2700,#2701,#2702,
    #2703),.UNSPECIFIED.,.F.,.F.,(6,6),(0.,1.),
  .PIECEWISE_BEZIER_KNOTS.);
#2698 = CARTESIAN_POINT('',(1.570796326795,29.));
#2699 = CARTESIAN_POINT('',(1.256637072598,29.));
#2700 = CARTESIAN_POINT('',(0.942477734348,29.));
#2701 = CARTESIAN_POINT('',(0.628318592445,29.));
#2702 = CARTESIAN_POINT('',(0.314159254199,29.));
#2703 = CARTESIAN_POINT('',(-1.110223024625E-16,29.));
#2704 = ( GEOMETRIC_REPRESENTATION_CONTEXT(2) 
PARAMETRIC_REPRESENTATION_CONTEXT() REPRESENTATION_CONTEXT('2D SPACE',''
  ) );
#2705 = PCURVE('',#2706,#2788);
#2706 = B_SPLINE_SURFACE_WITH_KNOTS('',8,8,(
    (#2707,#2708,#2709,#2710,#2711,#2712,#2713,#2714,#2715)
    ,(#2716,#2717,#2718,#2719,#2720,#2721,#2722,#2723,#2724)
    ,(#2725,#2726,#2727,#2728,#2729,#2730,#2731,#2732,#2733)
    ,(#2734,#2735,#2736,#2737,#2738,#2739,#2740,#2741,#2742)
    ,(#2743,#2744,#2745,#2746,#2747,#2748,#2749,#2750,#2751)
    ,(#2752,#2753,#2754,#2755,#2756,#2757,#2758,#2759,#2760)
    ,(#2761,#2762,#2763,#2764,#2765,#2766,#2767,#2768,#2769)
    ,(#2770,#2771,#2772,#2773,#2774,#2775,#2776,#2777,#2778)
    ,(#2779,#2780,#2781,#2782,#2783,#2784,#2785,#2786,#2787
  )),.UNSPECIFIED.,.F.,.F.,.F.,(9,9),(9,9),(0.,1.),(0.,1.),
  .PIECEWISE_BEZIER_KNOTS.);
#2707 = CARTESIAN_POINT('',(2.,17.,13.));
#2708 = CARTESIAN_POINT('',(2.125,17.,13.589048622548));
#2709 = CARTESIAN_POINT('',(2.25,17.132182366884,14.178097430513));
#2710 = CARTESIAN_POINT('',(2.375,17.396545802386,14.732539703005));
#2711 = CARTESIAN_POINT('',(2.5,17.78222373266,15.21777626734));
#2712 = CARTESIAN_POINT('',(2.625,18.267460296995,15.603454197614));
#2713 = CARTESIAN_POINT('',(2.75,18.821902569487,15.867817633116));
#2714 = CARTESIAN_POINT('',(2.875,19.410951377452,16.));
#2715 = CARTESIAN_POINT('',(3.,20.,16.));
#2716 = CARTESIAN_POINT('',(1.607300932253,17.,13.));
#2717 = CARTESIAN_POINT('',(1.734513315722,16.987728154133,
    13.589048622548));
#2718 = CARTESIAN_POINT('',(1.87824849505,17.114752844658,
    14.199079924142));
#2719 = CARTESIAN_POINT('',(2.038506307957,17.395013511556,
    14.782910556767));
#2720 = CARTESIAN_POINT('',(2.213928432709,17.819462755572,
    15.277807988076));
#2721 = CARTESIAN_POINT('',(2.401795386719,18.325542941767,
    15.639023974264));
#2722 = CARTESIAN_POINT('',(2.598313054249,18.871833932736,
    15.879912433894));
#2723 = CARTESIAN_POINT('',(2.799156538713,19.43770745527,16.));
#2724 = CARTESIAN_POINT('',(3.,20.,16.));
#2725 = CARTESIAN_POINT('',(1.214601678299,17.088121569678,13.));
#2726 = CARTESIAN_POINT('',(1.315457685476,17.055589659937,
    13.589048622548));
#2727 = CARTESIAN_POINT('',(1.401837696812,17.238788275314,
    14.214067419592));
#2728 = CARTESIAN_POINT('',(1.582138882638,17.53855468042,
    14.818889738025));
#2729 = CARTESIAN_POINT('',(1.818838389454,17.979711966464,
    15.320687788602));
#2730 = CARTESIAN_POINT('',(2.092019155896,18.48018044957,
    15.664430957585));
#2731 = CARTESIAN_POINT('',(2.386575253438,18.99360355568,
    15.888551577307));
#2732 = CARTESIAN_POINT('',(2.658284636187,19.543516941033,16.));
#2733 = CARTESIAN_POINT('',(3.,20.,16.));
#2734 = CARTESIAN_POINT('',(0.844973577615,17.264363897065,13.));
#2735 = CARTESIAN_POINT('',(0.894321832805,17.227495951685,
    13.589048622548));
#2736 = CARTESIAN_POINT('',(0.996171922673,17.385229566102,
    14.223059916862));
#2737 = CARTESIAN_POINT('',(1.215660149692,17.670868292035,
    14.84047724678));
#2738 = CARTESIAN_POINT('',(1.525263727546,18.095206634988,
    15.346415668918));
#2739 = CARTESIAN_POINT('',(1.880484867685,18.574731872567,
    15.679675147578));
#2740 = CARTESIAN_POINT('',(2.253305665281,19.062268468283,
    15.893735063355));
#2741 = CARTESIAN_POINT('',(2.611745448862,19.5690186783,16.));
#2742 = CARTESIAN_POINT('',(3.,20.,16.));
#2743 = CARTESIAN_POINT('',(0.521482443371,17.521482443377,13.));
#2744 = CARTESIAN_POINT('',(0.514126825071,17.514126825076,
    13.589048622548));
#2745 = CARTESIAN_POINT('',(0.640653771775,17.640653771778,
    14.226057415952));
#2746 = CARTESIAN_POINT('',(0.897513225057,17.897513225058,
    14.847673083032));
#2747 = CARTESIAN_POINT('',(1.275176401901,18.275176401903,
    15.354991629023));
#2748 = CARTESIAN_POINT('',(1.704689779897,18.704689779898,
    15.684756544242));
#2749 = CARTESIAN_POINT('',(2.14555550927,19.145555509271,
    15.895462892037));
#2750 = CARTESIAN_POINT('',(2.586875821905,19.586875821905,16.));
#2751 = CARTESIAN_POINT('',(3.,20.,16.));
#2752 = CARTESIAN_POINT('',(0.264363897068,17.844973577608,13.));
#2753 = CARTESIAN_POINT('',(0.227495951688,17.894321832798,
    13.589048622548));
#2754 = CARTESIAN_POINT('',(0.385229566104,17.996171922669,
    14.223059916862));
#2755 = CARTESIAN_POINT('',(0.670868292036,18.215660149689,
    14.84047724678));
#2756 = CARTESIAN_POINT('',(1.095206634989,18.525263727543,
    15.346415668918));
#2757 = CARTESIAN_POINT('',(1.574731872568,18.880484867683,
    15.679675147578));
#2758 = CARTESIAN_POINT('',(2.062268468283,19.25330566528,
    15.893735063355));
#2759 = CARTESIAN_POINT('',(2.5690186783,19.611745448862,16.));
#2760 = CARTESIAN_POINT('',(3.,20.,16.));
#2761 = CARTESIAN_POINT('',(8.81215696774E-02,18.214601678304,13.));
#2762 = CARTESIAN_POINT('',(5.558965993668E-02,18.31545768548,
    13.589048622548));
#2763 = CARTESIAN_POINT('',(0.238788275314,18.401837696814,
    14.214067419592));
#2764 = CARTESIAN_POINT('',(0.538554680421,18.582138882639,
    14.818889738025));
#2765 = CARTESIAN_POINT('',(0.979711966464,18.818838389456,
    15.320687788602));
#2766 = CARTESIAN_POINT('',(1.48018044957,19.092019155896,
    15.664430957585));
#2767 = CARTESIAN_POINT('',(1.99360355568,19.386575253439,
    15.888551577307));
#2768 = CARTESIAN_POINT('',(2.543516941033,19.658284636187,16.));
#2769 = CARTESIAN_POINT('',(3.,20.,16.));
#2770 = CARTESIAN_POINT('',(-1.006139616067E-15,18.607300932251,13.));
#2771 = CARTESIAN_POINT('',(-1.227184586714E-02,18.73451331572,
    13.589048622548));
#2772 = CARTESIAN_POINT('',(0.114752844658,18.878248495049,
    14.199079924142));
#2773 = CARTESIAN_POINT('',(0.395013511556,19.038506307955,
    14.782910556767));
#2774 = CARTESIAN_POINT('',(0.819462755572,19.213928432708,
    15.277807988076));
#2775 = CARTESIAN_POINT('',(1.325542941767,19.401795386718,
    15.639023974264));
#2776 = CARTESIAN_POINT('',(1.871833932736,19.598313054249,
    15.879912433894));
#2777 = CARTESIAN_POINT('',(2.43770745527,19.799156538713,16.));
#2778 = CARTESIAN_POINT('',(3.,20.,16.));
#2779 = CARTESIAN_POINT('',(-9.992007221626E-16,19.,13.));
#2780 = CARTESIAN_POINT('',(-9.82958865399E-16,19.125,13.589048622548));
#2781 = CARTESIAN_POINT('',(0.132182366884,19.25,14.178097430513));
#2782 = CARTESIAN_POINT('',(0.396545802386,19.375,14.732539703005));
#2783 = CARTESIAN_POINT('',(0.78222373266,19.5,15.21777626734));
#2784 = CARTESIAN_POINT('',(1.267460296995,19.625,15.603454197614));
#2785 = CARTESIAN_POINT('',(1.821902569487,19.75,15.867817633116));
#2786 = CARTESIAN_POINT('',(2.410951377452,19.875,16.));
#2787 = CARTESIAN_POINT('',(3.,20.,16.));
#2788 = DEFINITIONAL_REPRESENTATION('',(#2789),#2793);
#2789 = LINE('',#2790,#2791);
#2790 = CARTESIAN_POINT('',(0.,0.));
#2791 = VECTOR('',#2792,1.);
#2792 = DIRECTION('',(1.,0.));
#2793 = ( GEOMETRIC_REPRESENTATION_CONTEXT(2) 
PARAMETRIC_REPRESENTATION_CONTEXT() REPRESENTATION_CONTEXT('2D SPACE',''
  ) );
#2794 = ADVANCED_FACE('',(#2795),#1211,.T.);
#2795 = FACE_BOUND('',#2796,.F.);
#2796 = EDGE_LOOP('',(#2797,#2827,#2939,#2940,#2941,#2942));
#2797 = ORIENTED_EDGE('',*,*,#2798,.F.);
#2798 = EDGE_CURVE('',#2799,#2801,#2803,.T.);
#2799 = VERTEX_POINT('',#2800);
#2800 = CARTESIAN_POINT('',(26.,19.,-13.));
#2801 = VERTEX_POINT('',#2802);
#2802 = CARTESIAN_POINT('',(26.,19.,13.));
#2803 = SURFACE_CURVE('',#2804,(#2808,#2815),.PCURVE_S1.);
#2804 = LINE('',#2805,#2806);
#2805 = CARTESIAN_POINT('',(26.,19.,-16.));
#2806 = VECTOR('',#2807,1.);
#2807 = DIRECTION('',(0.,0.,1.));
#2808 = PCURVE('',#1211,#2809);
#2809 = DEFINITIONAL_REPRESENTATION('',(#2810),#2814);
#2810 = LINE('',#2811,#2812);
#2811 = CARTESIAN_POINT('',(-0.,0.));
#2812 = VECTOR('',#2813,1.);
#2813 = DIRECTION('',(-0.,1.));
#2814 = ( GEOMETRIC_REPRESENTATION_CONTEXT(2) 
PARAMETRIC_REPRESENTATION_CONTEXT() REPRESENTATION_CONTEXT('2D SPACE',''
  ) );
#2815 = PCURVE('',#2816,#2821);
#2816 = PLANE('',#2817);
#2817 = AXIS2_PLACEMENT_3D('',#2818,#2819,#2820);
#2818 = CARTESIAN_POINT('',(26.,17.,-16.));
#2819 = DIRECTION('',(1.,0.,0.));
#2820 = DIRECTION('',(0.,0.,1.));
#2821 = DEFINITIONAL_REPRESENTATION('',(#2822),#2826);
#2822 = LINE('',#2823,#2824);
#2823 = CARTESIAN_POINT('',(0.,-2.));
#2824 = VECTOR('',#2825,1.);
#2825 = DIRECTION('',(1.,0.));
#2826 = ( GEOMETRIC_REPRESENTATION_CONTEXT(2) 
PARAMETRIC_REPRESENTATION_CONTEXT() REPRESENTATION_CONTEXT('2D SPACE',''
  ) );
#2827 = ORIENTED_EDGE('',*,*,#2828,.T.);
#2828 = EDGE_CURVE('',#2799,#2385,#2829,.T.);
#2829 = SURFACE_CURVE('',#2830,(#2840,#2850),.PCURVE_S1.);
#2830 = B_SPLINE_CURVE_WITH_KNOTS('',8,(#2831,#2832,#2833,#2834,#2835,
    #2836,#2837,#2838,#2839),.UNSPECIFIED.,.F.,.F.,(9,9),(0.,1.),
  .PIECEWISE_BEZIER_KNOTS.);
#2831 = CARTESIAN_POINT('',(26.,19.,-13.));
#2832 = CARTESIAN_POINT('',(26.,18.607300932253,-13.));
#2833 = CARTESIAN_POINT('',(25.911878430323,18.214601678298,-13.));
#2834 = CARTESIAN_POINT('',(25.735636102931,17.844973577615,-13.));
#2835 = CARTESIAN_POINT('',(25.47851755663,17.52148244337,-13.));
#2836 = CARTESIAN_POINT('',(25.155026422384,17.264363897069,-13.));
#2837 = CARTESIAN_POINT('',(24.785398321702,17.088121569677,-13.));
#2838 = CARTESIAN_POINT('',(24.392699067746,17.,-13.));
#2839 = CARTESIAN_POINT('',(24.,17.,-13.));
#2840 = PCURVE('',#1211,#2841);
#2841 = DEFINITIONAL_REPRESENTATION('',(#2842),#2849);
#2842 = B_SPLINE_CURVE_WITH_KNOTS('',5,(#2843,#2844,#2845,#2846,#2847,
    #2848),.UNSPECIFIED.,.F.,.F.,(6,6),(0.,1.),
  .PIECEWISE_BEZIER_KNOTS.);
#2843 = CARTESIAN_POINT('',(0.,3.));
#2844 = CARTESIAN_POINT('',(-0.314159254197,3.));
#2845 = CARTESIAN_POINT('',(-0.628318592448,3.));
#2846 = CARTESIAN_POINT('',(-0.942477734347,3.));
#2847 = CARTESIAN_POINT('',(-1.256637072598,3.));
#2848 = CARTESIAN_POINT('',(-1.570796326795,3.));
#2849 = ( GEOMETRIC_REPRESENTATION_CONTEXT(2) 
PARAMETRIC_REPRESENTATION_CONTEXT() REPRESENTATION_CONTEXT('2D SPACE',''
  ) );
#2850 = PCURVE('',#2851,#2933);
#2851 = B_SPLINE_SURFACE_WITH_KNOTS('',8,8,(
    (#2852,#2853,#2854,#2855,#2856,#2857,#2858,#2859,#2860)
    ,(#2861,#2862,#2863,#2864,#2865,#2866,#2867,#2868,#2869)
    ,(#2870,#2871,#2872,#2873,#2874,#2875,#2876,#2877,#2878)
    ,(#2879,#2880,#2881,#2882,#2883,#2884,#2885,#2886,#2887)
    ,(#2888,#2889,#2890,#2891,#2892,#2893,#2894,#2895,#2896)
    ,(#2897,#2898,#2899,#2900,#2901,#2902,#2903,#2904,#2905)
    ,(#2906,#2907,#2908,#2909,#2910,#2911,#2912,#2913,#2914)
    ,(#2915,#2916,#2917,#2918,#2919,#2920,#2921,#2922,#2923)
    ,(#2924,#2925,#2926,#2927,#2928,#2929,#2930,#2931,#2932
  )),.UNSPECIFIED.,.F.,.F.,.F.,(9,9),(9,9),(0.,1.),(0.,1.),
  .PIECEWISE_BEZIER_KNOTS.);
#2852 = CARTESIAN_POINT('',(26.,19.,-13.));
#2853 = CARTESIAN_POINT('',(26.,19.125,-13.58904862254));
#2854 = CARTESIAN_POINT('',(25.867817633117,19.25,-14.17809743051));
#2855 = CARTESIAN_POINT('',(25.603454197614,19.375,-14.732539703));
#2856 = CARTESIAN_POINT('',(25.21777626734,19.5,-15.21777626734));
#2857 = CARTESIAN_POINT('',(24.732539703005,19.625,-15.60345419761));
#2858 = CARTESIAN_POINT('',(24.178097430513,19.75,-15.86781763311));
#2859 = CARTESIAN_POINT('',(23.589048622548,19.875,-16.));
#2860 = CARTESIAN_POINT('',(23.,20.,-16.));
#2861 = CARTESIAN_POINT('',(26.,18.607300932253,-13.));
#2862 = CARTESIAN_POINT('',(26.012271845867,18.734513315722,
    -13.58904862254));
#2863 = CARTESIAN_POINT('',(25.885247155342,18.87824849505,
    -14.19907992414));
#2864 = CARTESIAN_POINT('',(25.604986488444,19.038506307956,
    -14.78291055676));
#2865 = CARTESIAN_POINT('',(25.180537244428,19.213928432709,
    -15.27780798807));
#2866 = CARTESIAN_POINT('',(24.674457058233,19.401795386719,
    -15.63902397426));
#2867 = CARTESIAN_POINT('',(24.128166067264,19.598313054249,
    -15.87991243389));
#2868 = CARTESIAN_POINT('',(23.56229254473,19.799156538713,-16.));
#2869 = CARTESIAN_POINT('',(23.,20.,-16.));
#2870 = CARTESIAN_POINT('',(25.911878430323,18.214601678298,-13.));
#2871 = CARTESIAN_POINT('',(25.944410340064,18.315457685475,
    -13.58904862254));
#2872 = CARTESIAN_POINT('',(25.761211724687,18.401837696811,
    -14.21406741959));
#2873 = CARTESIAN_POINT('',(25.46144531958,18.582138882638,
    -14.81888973802));
#2874 = CARTESIAN_POINT('',(25.020288033537,18.818838389454,
    -15.3206877886));
#2875 = CARTESIAN_POINT('',(24.51981955043,19.092019155895,
    -15.66443095758));
#2876 = CARTESIAN_POINT('',(24.00639644432,19.386575253438,
    -15.8885515773));
#2877 = CARTESIAN_POINT('',(23.456483058967,19.658284636187,-16.));
#2878 = CARTESIAN_POINT('',(23.,20.,-16.));
#2879 = CARTESIAN_POINT('',(25.735636102931,17.844973577615,-13.));
#2880 = CARTESIAN_POINT('',(25.772504048312,17.894321832805,
    -13.58904862254));
#2881 = CARTESIAN_POINT('',(25.614770433896,17.996171922674,
    -14.22305991686));
#2882 = CARTESIAN_POINT('',(25.329131707963,18.215660149693,
    -14.84047724678));
#2883 = CARTESIAN_POINT('',(24.904793365011,18.525263727546,
    -15.34641566891));
#2884 = CARTESIAN_POINT('',(24.425268127432,18.880484867686,
    -15.67967514757));
#2885 = CARTESIAN_POINT('',(23.937731531717,19.253305665282,
    -15.89373506335));
#2886 = CARTESIAN_POINT('',(23.4309813217,19.611745448862,-16.));
#2887 = CARTESIAN_POINT('',(23.,20.,-16.));
#2888 = CARTESIAN_POINT('',(25.47851755663,17.52148244337,-13.));
#2889 = CARTESIAN_POINT('',(25.485873174931,17.514126825069,
    -13.58904862254));
#2890 = CARTESIAN_POINT('',(25.359346228226,17.640653771774,
    -14.22605741595));
#2891 = CARTESIAN_POINT('',(25.102486774944,17.897513225055,
    -14.84767308303));
#2892 = CARTESIAN_POINT('',(24.7248235981,18.2751764019,-15.35499162902)
  );
#2893 = CARTESIAN_POINT('',(24.295310220103,18.704689779896,
    -15.68475654424));
#2894 = CARTESIAN_POINT('',(23.85444449073,19.14555550927,
    -15.89546289203));
#2895 = CARTESIAN_POINT('',(23.413124178095,19.586875821905,-16.));
#2896 = CARTESIAN_POINT('',(23.,20.,-16.));
#2897 = CARTESIAN_POINT('',(25.155026422384,17.264363897069,-13.));
#2898 = CARTESIAN_POINT('',(25.105678167195,17.227495951689,
    -13.58904862254));
#2899 = CARTESIAN_POINT('',(25.003828077326,17.385229566105,
    -14.22305991686));
#2900 = CARTESIAN_POINT('',(24.784339850307,17.670868292037,
    -14.84047724678));
#2901 = CARTESIAN_POINT('',(24.474736272454,18.095206634989,
    -15.34641566891));
#2902 = CARTESIAN_POINT('',(24.119515132314,18.574731872568,
    -15.67967514757));
#2903 = CARTESIAN_POINT('',(23.746694334718,19.062268468283,
    -15.89373506335));
#2904 = CARTESIAN_POINT('',(23.388254551138,19.5690186783,-16.));
#2905 = CARTESIAN_POINT('',(23.,20.,-16.));
#2906 = CARTESIAN_POINT('',(24.785398321702,17.088121569677,-13.));
#2907 = CARTESIAN_POINT('',(24.684542314525,17.055589659935,
    -13.58904862254));
#2908 = CARTESIAN_POINT('',(24.598162303189,17.238788275313,
    -14.21406741959));
#2909 = CARTESIAN_POINT('',(24.417861117362,17.53855468042,
    -14.81888973802));
#2910 = CARTESIAN_POINT('',(24.181161610546,17.979711966463,
    -15.3206877886));
#2911 = CARTESIAN_POINT('',(23.907980844105,18.480180449569,
    -15.66443095758));
#2912 = CARTESIAN_POINT('',(23.613424746562,18.993603555679,
    -15.8885515773));
#2913 = CARTESIAN_POINT('',(23.341715363813,19.543516941033,-16.));
#2914 = CARTESIAN_POINT('',(23.,20.,-16.));
#2915 = CARTESIAN_POINT('',(24.392699067746,17.,-13.));
#2916 = CARTESIAN_POINT('',(24.265486684278,16.987728154133,
    -13.58904862254));
#2917 = CARTESIAN_POINT('',(24.121751504949,17.114752844658,
    -14.19907992414));
#2918 = CARTESIAN_POINT('',(23.961493692043,17.395013511556,
    -14.78291055676));
#2919 = CARTESIAN_POINT('',(23.786071567291,17.819462755572,
    -15.27780798807));
#2920 = CARTESIAN_POINT('',(23.598204613281,18.325542941767,
    -15.63902397426));
#2921 = CARTESIAN_POINT('',(23.401686945751,18.871833932736,
    -15.87991243389));
#2922 = CARTESIAN_POINT('',(23.200843461287,19.43770745527,-16.));
#2923 = CARTESIAN_POINT('',(23.,20.,-16.));
#2924 = CARTESIAN_POINT('',(24.,17.,-13.));
#2925 = CARTESIAN_POINT('',(23.875,17.,-13.58904862254));
#2926 = CARTESIAN_POINT('',(23.75,17.132182366884,-14.17809743051));
#2927 = CARTESIAN_POINT('',(23.625,17.396545802386,-14.732539703));
#2928 = CARTESIAN_POINT('',(23.5,17.78222373266,-15.21777626734));
#2929 = CARTESIAN_POINT('',(23.375,18.267460296995,-15.60345419761));
#2930 = CARTESIAN_POINT('',(23.25,18.821902569487,-15.86781763311));
#2931 = CARTESIAN_POINT('',(23.125,19.410951377452,-16.));
#2932 = CARTESIAN_POINT('',(23.,20.,-16.));
#2933 = DEFINITIONAL_REPRESENTATION('',(#2934),#2938);
#2934 = LINE('',#2935,#2936);
#2935 = CARTESIAN_POINT('',(0.,0.));
#2936 = VECTOR('',#2937,1.);
#2937 = DIRECTION('',(1.,0.));
#2938 = ( GEOMETRIC_REPRESENTATION_CONTEXT(2) 
PARAMETRIC_REPRESENTATION_CONTEXT() REPRESENTATION_CONTEXT('2D SPACE',''
  ) );
#2939 = ORIENTED_EDGE('',*,*,#2436,.T.);
#2940 = ORIENTED_EDGE('',*,*,#1227,.T.);
#2941 = ORIENTED_EDGE('',*,*,#1197,.T.);
#2942 = ORIENTED_EDGE('',*,*,#2943,.F.);
#2943 = EDGE_CURVE('',#2801,#1170,#2944,.T.);
#2944 = SURFACE_CURVE('',#2945,(#2955,#2965),.PCURVE_S1.);
#2945 = B_SPLINE_CURVE_WITH_KNOTS('',8,(#2946,#2947,#2948,#2949,#2950,
    #2951,#2952,#2953,#2954),.UNSPECIFIED.,.F.,.F.,(9,9),(0.,1.),
  .PIECEWISE_BEZIER_KNOTS.);
#2946 = CARTESIAN_POINT('',(26.,19.,13.));
#2947 = CARTESIAN_POINT('',(26.,18.607300932253,13.));
#2948 = CARTESIAN_POINT('',(25.911878430323,18.214601678298,13.));
#2949 = CARTESIAN_POINT('',(25.735636102931,17.844973577615,13.));
#2950 = CARTESIAN_POINT('',(25.47851755663,17.52148244337,13.));
#2951 = CARTESIAN_POINT('',(25.155026422384,17.264363897069,13.));
#2952 = CARTESIAN_POINT('',(24.785398321702,17.088121569677,13.));
#2953 = CARTESIAN_POINT('',(24.392699067746,17.,13.));
#2954 = CARTESIAN_POINT('',(24.,17.,13.));
#2955 = PCURVE('',#1211,#2956);
#2956 = DEFINITIONAL_REPRESENTATION('',(#2957),#2964);
#2957 = B_SPLINE_CURVE_WITH_KNOTS('',5,(#2958,#2959,#2960,#2961,#2962,
    #2963),.UNSPECIFIED.,.F.,.F.,(6,6),(0.,1.),
  .PIECEWISE_BEZIER_KNOTS.);
#2958 = CARTESIAN_POINT('',(0.,29.));
#2959 = CARTESIAN_POINT('',(-0.314159254197,29.));
#2960 = CARTESIAN_POINT('',(-0.628318592448,29.));
#2961 = CARTESIAN_POINT('',(-0.942477734347,29.));
#2962 = CARTESIAN_POINT('',(-1.256637072598,29.));
#2963 = CARTESIAN_POINT('',(-1.570796326795,29.));
#2964 = ( GEOMETRIC_REPRESENTATION_CONTEXT(2) 
PARAMETRIC_REPRESENTATION_CONTEXT() REPRESENTATION_CONTEXT('2D SPACE',''
  ) );
#2965 = PCURVE('',#2966,#3048);
#2966 = B_SPLINE_SURFACE_WITH_KNOTS('',8,8,(
    (#2967,#2968,#2969,#2970,#2971,#2972,#2973,#2974,#2975)
    ,(#2976,#2977,#2978,#2979,#2980,#2981,#2982,#2983,#2984)
    ,(#2985,#2986,#2987,#2988,#2989,#2990,#2991,#2992,#2993)
    ,(#2994,#2995,#2996,#2997,#2998,#2999,#3000,#3001,#3002)
    ,(#3003,#3004,#3005,#3006,#3007,#3008,#3009,#3010,#3011)
    ,(#3012,#3013,#3014,#3015,#3016,#3017,#3018,#3019,#3020)
    ,(#3021,#3022,#3023,#3024,#3025,#3026,#3027,#3028,#3029)
    ,(#3030,#3031,#3032,#3033,#3034,#3035,#3036,#3037,#3038)
    ,(#3039,#3040,#3041,#3042,#3043,#3044,#3045,#3046,#3047
  )),.UNSPECIFIED.,.F.,.F.,.F.,(9,9),(9,9),(0.,1.),(0.,1.),
  .PIECEWISE_BEZIER_KNOTS.);
#2967 = CARTESIAN_POINT('',(26.,19.,13.));
#2968 = CARTESIAN_POINT('',(26.,19.125,13.589048622548));
#2969 = CARTESIAN_POINT('',(25.867817633117,19.25,14.178097430513));
#2970 = CARTESIAN_POINT('',(25.603454197614,19.375,14.732539703005));
#2971 = CARTESIAN_POINT('',(25.21777626734,19.5,15.21777626734));
#2972 = CARTESIAN_POINT('',(24.732539703005,19.625,15.603454197614));
#2973 = CARTESIAN_POINT('',(24.178097430513,19.75,15.867817633116));
#2974 = CARTESIAN_POINT('',(23.589048622548,19.875,16.));
#2975 = CARTESIAN_POINT('',(23.,20.,16.));
#2976 = CARTESIAN_POINT('',(26.,18.607300932253,13.));
#2977 = CARTESIAN_POINT('',(26.012271845867,18.734513315722,
    13.589048622548));
#2978 = CARTESIAN_POINT('',(25.885247155342,18.87824849505,
    14.199079924142));
#2979 = CARTESIAN_POINT('',(25.604986488444,19.038506307956,
    14.782910556767));
#2980 = CARTESIAN_POINT('',(25.180537244428,19.213928432709,
    15.277807988076));
#2981 = CARTESIAN_POINT('',(24.674457058233,19.401795386719,
    15.639023974264));
#2982 = CARTESIAN_POINT('',(24.128166067264,19.598313054249,
    15.879912433894));
#2983 = CARTESIAN_POINT('',(23.56229254473,19.799156538713,16.));
#2984 = CARTESIAN_POINT('',(23.,20.,16.));
#2985 = CARTESIAN_POINT('',(25.911878430323,18.214601678298,13.));
#2986 = CARTESIAN_POINT('',(25.944410340064,18.315457685475,
    13.589048622548));
#2987 = CARTESIAN_POINT('',(25.761211724687,18.401837696811,
    14.214067419592));
#2988 = CARTESIAN_POINT('',(25.46144531958,18.582138882638,
    14.818889738025));
#2989 = CARTESIAN_POINT('',(25.020288033537,18.818838389454,
    15.320687788602));
#2990 = CARTESIAN_POINT('',(24.51981955043,19.092019155895,
    15.664430957585));
#2991 = CARTESIAN_POINT('',(24.00639644432,19.386575253438,
    15.888551577307));
#2992 = CARTESIAN_POINT('',(23.456483058967,19.658284636187,16.));
#2993 = CARTESIAN_POINT('',(23.,20.,16.));
#2994 = CARTESIAN_POINT('',(25.735636102931,17.844973577615,13.));
#2995 = CARTESIAN_POINT('',(25.772504048312,17.894321832805,
    13.589048622548));
#2996 = CARTESIAN_POINT('',(25.614770433896,17.996171922674,
    14.223059916862));
#2997 = CARTESIAN_POINT('',(25.329131707963,18.215660149693,
    14.84047724678));
#2998 = CARTESIAN_POINT('',(24.904793365011,18.525263727546,
    15.346415668918));
#2999 = CARTESIAN_POINT('',(24.425268127432,18.880484867686,
    15.679675147578));
#3000 = CARTESIAN_POINT('',(23.937731531717,19.253305665282,
    15.893735063355));
#3001 = CARTESIAN_POINT('',(23.4309813217,19.611745448862,16.));
#3002 = CARTESIAN_POINT('',(23.,20.,16.));
#3003 = CARTESIAN_POINT('',(25.47851755663,17.52148244337,13.));
#3004 = CARTESIAN_POINT('',(25.485873174931,17.514126825069,
    13.589048622548));
#3005 = CARTESIAN_POINT('',(25.359346228226,17.640653771774,
    14.226057415952));
#3006 = CARTESIAN_POINT('',(25.102486774944,17.897513225055,
    14.847673083032));
#3007 = CARTESIAN_POINT('',(24.7248235981,18.2751764019,15.354991629023)
  );
#3008 = CARTESIAN_POINT('',(24.295310220103,18.704689779896,
    15.684756544242));
#3009 = CARTESIAN_POINT('',(23.85444449073,19.14555550927,
    15.895462892037));
#3010 = CARTESIAN_POINT('',(23.413124178095,19.586875821905,16.));
#3011 = CARTESIAN_POINT('',(23.,20.,16.));
#3012 = CARTESIAN_POINT('',(25.155026422384,17.264363897069,13.));
#3013 = CARTESIAN_POINT('',(25.105678167195,17.227495951689,
    13.589048622548));
#3014 = CARTESIAN_POINT('',(25.003828077326,17.385229566105,
    14.223059916862));
#3015 = CARTESIAN_POINT('',(24.784339850307,17.670868292037,
    14.84047724678));
#3016 = CARTESIAN_POINT('',(24.474736272454,18.095206634989,
    15.346415668918));
#3017 = CARTESIAN_POINT('',(24.119515132314,18.574731872568,
    15.679675147578));
#3018 = CARTESIAN_POINT('',(23.746694334718,19.062268468283,
    15.893735063355));
#3019 = CARTESIAN_POINT('',(23.388254551138,19.5690186783,16.));
#3020 = CARTESIAN_POINT('',(23.,20.,16.));
#3021 = CARTESIAN_POINT('',(24.785398321702,17.088121569677,13.));
#3022 = CARTESIAN_POINT('',(24.684542314525,17.055589659935,
    13.589048622548));
#3023 = CARTESIAN_POINT('',(24.598162303189,17.238788275313,
    14.214067419592));
#3024 = CARTESIAN_POINT('',(24.417861117362,17.53855468042,
    14.818889738025));
#3025 = CARTESIAN_POINT('',(24.181161610546,17.979711966463,
    15.320687788602));
#3026 = CARTESIAN_POINT('',(23.907980844105,18.480180449569,
    15.664430957585));
#3027 = CARTESIAN_POINT('',(23.613424746562,18.993603555679,
    15.888551577307));
#3028 = CARTESIAN_POINT('',(23.341715363813,19.543516941033,16.));
#3029 = CARTESIAN_POINT('',(23.,20.,16.));
#3030 = CARTESIAN_POINT('',(24.392699067746,17.,13.));
#3031 = CARTESIAN_POINT('',(24.265486684278,16.987728154133,
    13.589048622548));
#3032 = CARTESIAN_POINT('',(24.121751504949,17.114752844658,
    14.199079924142));
#3033 = CARTESIAN_POINT('',(23.961493692043,17.395013511556,
    14.782910556767));
#3034 = CARTESIAN_POINT('',(23.786071567291,17.819462755572,
    15.277807988076));
#3035 = CARTESIAN_POINT('',(23.598204613281,18.325542941767,
    15.639023974264));
#3036 = CARTESIAN_POINT('',(23.401686945751,18.871833932736,
    15.879912433894));
#3037 = CARTESIAN_POINT('',(23.200843461287,19.43770745527,16.));
#3038 = CARTESIAN_POINT('',(23.,20.,16.));
#3039 = CARTESIAN_POINT('',(24.,17.,13.));
#3040 = CARTESIAN_POINT('',(23.875,17.,13.589048622548));
#3041 = CARTESIAN_POINT('',(23.75,17.132182366884,14.178097430513));
#3042 = CARTESIAN_POINT('',(23.625,17.396545802386,14.732539703005));
#3043 = CARTESIAN_POINT('',(23.5,17.78222373266,15.21777626734));
#3044 = CARTESIAN_POINT('',(23.375,18.267460296995,15.603454197614));
#3045 = CARTESIAN_POINT('',(23.25,18.821902569487,15.867817633116));
#3046 = CARTESIAN_POINT('',(23.125,19.410951377452,16.));
#3047 = CARTESIAN_POINT('',(23.,20.,16.));
#3048 = DEFINITIONAL_REPRESENTATION('',(#3049),#3053);
#3049 = LINE('',#3050,#3051);
#3050 = CARTESIAN_POINT('',(0.,0.));
#3051 = VECTOR('',#3052,1.);
#3052 = DIRECTION('',(1.,0.));
#3053 = ( GEOMETRIC_REPRESENTATION_CONTEXT(2) 
PARAMETRIC_REPRESENTATION_CONTEXT() REPRESENTATION_CONTEXT('2D SPACE',''
  ) );
#3054 = ADVANCED_FACE('',(#3055),#1185,.T.);
#3055 = FACE_BOUND('',#3056,.T.);
#3056 = EDGE_LOOP('',(#3057,#3084,#3112,#3147));
#3057 = ORIENTED_EDGE('',*,*,#3058,.T.);
#3058 = EDGE_CURVE('',#1170,#3059,#3061,.T.);
#3059 = VERTEX_POINT('',#3060);
#3060 = CARTESIAN_POINT('',(23.,20.,16.));
#3061 = SURFACE_CURVE('',#3062,(#3072,#3078),.PCURVE_S1.);
#3062 = B_SPLINE_CURVE_WITH_KNOTS('',8,(#3063,#3064,#3065,#3066,#3067,
    #3068,#3069,#3070,#3071),.UNSPECIFIED.,.F.,.F.,(9,9),(0.,1.),
  .PIECEWISE_BEZIER_KNOTS.);
#3063 = CARTESIAN_POINT('',(24.,17.,13.));
#3064 = CARTESIAN_POINT('',(23.875,17.,13.589048622548));
#3065 = CARTESIAN_POINT('',(23.75,17.132182366884,14.178097430513));
#3066 = CARTESIAN_POINT('',(23.625,17.396545802386,14.732539703005));
#3067 = CARTESIAN_POINT('',(23.5,17.78222373266,15.21777626734));
#3068 = CARTESIAN_POINT('',(23.375,18.267460296995,15.603454197614));
#3069 = CARTESIAN_POINT('',(23.25,18.821902569487,15.867817633116));
#3070 = CARTESIAN_POINT('',(23.125,19.410951377452,16.));
#3071 = CARTESIAN_POINT('',(23.,20.,16.));
#3072 = PCURVE('',#1185,#3073);
#3073 = DEFINITIONAL_REPRESENTATION('',(#3074),#3077);
#3074 = B_SPLINE_CURVE_WITH_KNOTS('',1,(#3075,#3076),.UNSPECIFIED.,.F.,
  .F.,(2,2),(0.,1.),.PIECEWISE_BEZIER_KNOTS.);
#3075 = CARTESIAN_POINT('',(0.,0.));
#3076 = CARTESIAN_POINT('',(1.570796326795,1.));
#3077 = ( GEOMETRIC_REPRESENTATION_CONTEXT(2) 
PARAMETRIC_REPRESENTATION_CONTEXT() REPRESENTATION_CONTEXT('2D SPACE',''
  ) );
#3078 = PCURVE('',#2966,#3079);
#3079 = DEFINITIONAL_REPRESENTATION('',(#3080),#3083);
#3080 = B_SPLINE_CURVE_WITH_KNOTS('',1,(#3081,#3082),.UNSPECIFIED.,.F.,
  .F.,(2,2),(0.,1.),.PIECEWISE_BEZIER_KNOTS.);
#3081 = CARTESIAN_POINT('',(1.,0.));
#3082 = CARTESIAN_POINT('',(1.,1.));
#3083 = ( GEOMETRIC_REPRESENTATION_CONTEXT(2) 
PARAMETRIC_REPRESENTATION_CONTEXT() REPRESENTATION_CONTEXT('2D SPACE',''
  ) );
#3084 = ORIENTED_EDGE('',*,*,#3085,.T.);
#3085 = EDGE_CURVE('',#3059,#3086,#3088,.T.);
#3086 = VERTEX_POINT('',#3087);
#3087 = CARTESIAN_POINT('',(3.,20.,16.));
#3088 = SURFACE_CURVE('',#3089,(#3093,#3100),.PCURVE_S1.);
#3089 = LINE('',#3090,#3091);
#3090 = CARTESIAN_POINT('',(24.,20.,16.));
#3091 = VECTOR('',#3092,1.);
#3092 = DIRECTION('',(-1.,-0.,-0.));
#3093 = PCURVE('',#1185,#3094);
#3094 = DEFINITIONAL_REPRESENTATION('',(#3095),#3099);
#3095 = LINE('',#3096,#3097);
#3096 = CARTESIAN_POINT('',(1.570796326795,0.));
#3097 = VECTOR('',#3098,1.);
#3098 = DIRECTION('',(0.,1.));
#3099 = ( GEOMETRIC_REPRESENTATION_CONTEXT(2) 
PARAMETRIC_REPRESENTATION_CONTEXT() REPRESENTATION_CONTEXT('2D SPACE',''
  ) );
#3100 = PCURVE('',#3101,#3106);
#3101 = PLANE('',#3102);
#3102 = AXIS2_PLACEMENT_3D('',#3103,#3104,#3105);
#3103 = CARTESIAN_POINT('',(0.,17.,16.));
#3104 = DIRECTION('',(0.,0.,1.));
#3105 = DIRECTION('',(1.,0.,0.));
#3106 = DEFINITIONAL_REPRESENTATION('',(#3107),#3111);
#3107 = LINE('',#3108,#3109);
#3108 = CARTESIAN_POINT('',(24.,3.));
#3109 = VECTOR('',#3110,1.);
#3110 = DIRECTION('',(-1.,-0.));
#3111 = ( GEOMETRIC_REPRESENTATION_CONTEXT(2) 
PARAMETRIC_REPRESENTATION_CONTEXT() REPRESENTATION_CONTEXT('2D SPACE',''
  ) );
#3112 = ORIENTED_EDGE('',*,*,#3113,.F.);
#3113 = EDGE_CURVE('',#1147,#3086,#3114,.T.);
#3114 = SURFACE_CURVE('',#3115,(#3123,#3135),.PCURVE_S1.);
#3115 = B_SPLINE_CURVE_WITH_KNOTS('',6,(#3116,#3117,#3118,#3119,#3120,
    #3121,#3122),.UNSPECIFIED.,.F.,.F.,(7,7),(0.,1.),
  .PIECEWISE_BEZIER_KNOTS.);
#3116 = CARTESIAN_POINT('',(2.,17.,13.));
#3117 = CARTESIAN_POINT('',(2.166666666667,17.,13.785398163397));
#3118 = CARTESIAN_POINT('',(2.333333333333,17.246683058061,
    14.570729502115));
#3119 = CARTESIAN_POINT('',(2.5,17.740429551079,15.259570448921));
#3120 = CARTESIAN_POINT('',(2.666666666667,18.429270497885,
    15.753316941939));
#3121 = CARTESIAN_POINT('',(2.833333333333,19.214601836603,16.));
#3122 = CARTESIAN_POINT('',(3.,20.,16.));
#3123 = PCURVE('',#1185,#3124);
#3124 = DEFINITIONAL_REPRESENTATION('',(#3125),#3134);
#3125 = B_SPLINE_CURVE_WITH_KNOTS('',7,(#3126,#3127,#3128,#3129,#3130,
    #3131,#3132,#3133),.UNSPECIFIED.,.F.,.F.,(8,8),(0.,1.),
  .PIECEWISE_BEZIER_KNOTS.);
#3126 = CARTESIAN_POINT('',(0.,22.));
#3127 = CARTESIAN_POINT('',(0.224399475256,21.857142857143));
#3128 = CARTESIAN_POINT('',(0.448780948517,21.714297174711));
#3129 = CARTESIAN_POINT('',(0.673244369879,21.571399322501));
#3130 = CARTESIAN_POINT('',(0.897551956916,21.428600677499));
#3131 = CARTESIAN_POINT('',(1.122015378278,21.285702825289));
#3132 = CARTESIAN_POINT('',(1.346396851538,21.142857142857));
#3133 = CARTESIAN_POINT('',(1.570796326795,21.));
#3134 = ( GEOMETRIC_REPRESENTATION_CONTEXT(2) 
PARAMETRIC_REPRESENTATION_CONTEXT() REPRESENTATION_CONTEXT('2D SPACE',''
  ) );
#3135 = PCURVE('',#2706,#3136);
#3136 = DEFINITIONAL_REPRESENTATION('',(#3137),#3146);
#3137 = B_SPLINE_CURVE_WITH_KNOTS('',7,(#3138,#3139,#3140,#3141,#3142,
    #3143,#3144,#3145),.UNSPECIFIED.,.F.,.F.,(8,8),(0.,1.),
  .PIECEWISE_BEZIER_KNOTS.);
#3138 = CARTESIAN_POINT('',(0.,-5.551115123126E-17));
#3139 = CARTESIAN_POINT('',(0.,0.142857142857));
#3140 = CARTESIAN_POINT('',(0.,0.285702826527));
#3141 = CARTESIAN_POINT('',(0.,0.428600674372));
#3142 = CARTESIAN_POINT('',(0.,0.571399325628));
#3143 = CARTESIAN_POINT('',(0.,0.714297173473));
#3144 = CARTESIAN_POINT('',(0.,0.857142857143));
#3145 = CARTESIAN_POINT('',(0.,1.));
#3146 = ( GEOMETRIC_REPRESENTATION_CONTEXT(2) 
PARAMETRIC_REPRESENTATION_CONTEXT() REPRESENTATION_CONTEXT('2D SPACE',''
  ) );
#3147 = ORIENTED_EDGE('',*,*,#1169,.F.);
#3148 = ADVANCED_FACE('',(#3149),#1263,.T.);
#3149 = FACE_BOUND('',#3150,.F.);
#3150 = EDGE_LOOP('',(#3151,#3152,#3181,#3209,#3236,#3237));
#3151 = ORIENTED_EDGE('',*,*,#1448,.F.);
#3152 = ORIENTED_EDGE('',*,*,#3153,.T.);
#3153 = EDGE_CURVE('',#1421,#3154,#3156,.T.);
#3154 = VERTEX_POINT('',#3155);
#3155 = CARTESIAN_POINT('',(155.,19.,-12.));
#3156 = SURFACE_CURVE('',#3157,(#3162,#3169),.PCURVE_S1.);
#3157 = CIRCLE('',#3158,2.);
#3158 = AXIS2_PLACEMENT_3D('',#3159,#3160,#3161);
#3159 = CARTESIAN_POINT('',(155.,17.,-12.));
#3160 = DIRECTION('',(-0.,0.,-1.));
#3161 = DIRECTION('',(-1.,0.,0.));
#3162 = PCURVE('',#1263,#3163);
#3163 = DEFINITIONAL_REPRESENTATION('',(#3164),#3168);
#3164 = LINE('',#3165,#3166);
#3165 = CARTESIAN_POINT('',(-0.,2.));
#3166 = VECTOR('',#3167,1.);
#3167 = DIRECTION('',(-1.,0.));
#3168 = ( GEOMETRIC_REPRESENTATION_CONTEXT(2) 
PARAMETRIC_REPRESENTATION_CONTEXT() REPRESENTATION_CONTEXT('2D SPACE',''
  ) );
#3169 = PCURVE('',#3170,#3175);
#3170 = SPHERICAL_SURFACE('',#3171,2.);
#3171 = AXIS2_PLACEMENT_3D('',#3172,#3173,#3174);
#3172 = CARTESIAN_POINT('',(155.,17.,-12.));
#3173 = DIRECTION('',(-0.,-0.,-1.));
#3174 = DIRECTION('',(-1.,0.,0.));
#3175 = DEFINITIONAL_REPRESENTATION('',(#3176),#3180);
#3176 = LINE('',#3177,#3178);
#3177 = CARTESIAN_POINT('',(0.,0.));
#3178 = VECTOR('',#3179,1.);
#3179 = DIRECTION('',(1.,0.));
#3180 = ( GEOMETRIC_REPRESENTATION_CONTEXT(2) 
PARAMETRIC_REPRESENTATION_CONTEXT() REPRESENTATION_CONTEXT('2D SPACE',''
  ) );
#3181 = ORIENTED_EDGE('',*,*,#3182,.T.);
#3182 = EDGE_CURVE('',#3154,#3183,#3185,.T.);
#3183 = VERTEX_POINT('',#3184);
#3184 = CARTESIAN_POINT('',(155.,19.,12.));
#3185 = SURFACE_CURVE('',#3186,(#3190,#3197),.PCURVE_S1.);
#3186 = LINE('',#3187,#3188);
#3187 = CARTESIAN_POINT('',(155.,19.,-14.));
#3188 = VECTOR('',#3189,1.);
#3189 = DIRECTION('',(0.,0.,1.));
#3190 = PCURVE('',#1263,#3191);
#3191 = DEFINITIONAL_REPRESENTATION('',(#3192),#3196);
#3192 = LINE('',#3193,#3194);
#3193 = CARTESIAN_POINT('',(-1.570796326795,0.));
#3194 = VECTOR('',#3195,1.);
#3195 = DIRECTION('',(-0.,1.));
#3196 = ( GEOMETRIC_REPRESENTATION_CONTEXT(2) 
PARAMETRIC_REPRESENTATION_CONTEXT() REPRESENTATION_CONTEXT('2D SPACE',''
  ) );
#3197 = PCURVE('',#3198,#3203);
#3198 = PLANE('',#3199);
#3199 = AXIS2_PLACEMENT_3D('',#3200,#3201,#3202);
#3200 = CARTESIAN_POINT('',(153.,19.,-14.));
#3201 = DIRECTION('',(0.,1.,0.));
#3202 = DIRECTION('',(0.,0.,1.));
#3203 = DEFINITIONAL_REPRESENTATION('',(#3204),#3208);
#3204 = LINE('',#3205,#3206);
#3205 = CARTESIAN_POINT('',(0.,2.));
#3206 = VECTOR('',#3207,1.);
#3207 = DIRECTION('',(1.,0.));
#3208 = ( GEOMETRIC_REPRESENTATION_CONTEXT(2) 
PARAMETRIC_REPRESENTATION_CONTEXT() REPRESENTATION_CONTEXT('2D SPACE',''
  ) );
#3209 = ORIENTED_EDGE('',*,*,#3210,.F.);
#3210 = EDGE_CURVE('',#1491,#3183,#3211,.T.);
#3211 = SURFACE_CURVE('',#3212,(#3217,#3224),.PCURVE_S1.);
#3212 = CIRCLE('',#3213,2.);
#3213 = AXIS2_PLACEMENT_3D('',#3214,#3215,#3216);
#3214 = CARTESIAN_POINT('',(155.,17.,12.));
#3215 = DIRECTION('',(-0.,0.,-1.));
#3216 = DIRECTION('',(-1.,0.,0.));
#3217 = PCURVE('',#1263,#3218);
#3218 = DEFINITIONAL_REPRESENTATION('',(#3219),#3223);
#3219 = LINE('',#3220,#3221);
#3220 = CARTESIAN_POINT('',(-0.,26.));
#3221 = VECTOR('',#3222,1.);
#3222 = DIRECTION('',(-1.,0.));
#3223 = ( GEOMETRIC_REPRESENTATION_CONTEXT(2) 
PARAMETRIC_REPRESENTATION_CONTEXT() REPRESENTATION_CONTEXT('2D SPACE',''
  ) );
#3224 = PCURVE('',#3225,#3230);
#3225 = SPHERICAL_SURFACE('',#3226,2.);
#3226 = AXIS2_PLACEMENT_3D('',#3227,#3228,#3229);
#3227 = CARTESIAN_POINT('',(155.,17.,12.));
#3228 = DIRECTION('',(0.,0.,1.));
#3229 = DIRECTION('',(-1.,0.,0.));
#3230 = DEFINITIONAL_REPRESENTATION('',(#3231),#3235);
#3231 = LINE('',#3232,#3233);
#3232 = CARTESIAN_POINT('',(-0.,0.));
#3233 = VECTOR('',#3234,1.);
#3234 = DIRECTION('',(-1.,0.));
#3235 = ( GEOMETRIC_REPRESENTATION_CONTEXT(2) 
PARAMETRIC_REPRESENTATION_CONTEXT() REPRESENTATION_CONTEXT('2D SPACE',''
  ) );
#3236 = ORIENTED_EDGE('',*,*,#1490,.F.);
#3237 = ORIENTED_EDGE('',*,*,#1249,.F.);
#3238 = ADVANCED_FACE('',(#3239),#1295,.T.);
#3239 = FACE_BOUND('',#3240,.T.);
#3240 = EDGE_LOOP('',(#3241,#3271,#3298,#3299));
#3241 = ORIENTED_EDGE('',*,*,#3242,.F.);
#3242 = EDGE_CURVE('',#3243,#3245,#3247,.T.);
#3243 = VERTEX_POINT('',#3244);
#3244 = CARTESIAN_POINT('',(26.5,18.5,-3.5));
#3245 = VERTEX_POINT('',#3246);
#3246 = CARTESIAN_POINT('',(26.5,18.5,3.5));
#3247 = SURFACE_CURVE('',#3248,(#3252,#3259),.PCURVE_S1.);
#3248 = LINE('',#3249,#3250);
#3249 = CARTESIAN_POINT('',(26.5,18.5,-5.));
#3250 = VECTOR('',#3251,1.);
#3251 = DIRECTION('',(0.,0.,1.));
#3252 = PCURVE('',#1295,#3253);
#3253 = DEFINITIONAL_REPRESENTATION('',(#3254),#3258);
#3254 = LINE('',#3255,#3256);
#3255 = CARTESIAN_POINT('',(0.,0.));
#3256 = VECTOR('',#3257,1.);
#3257 = DIRECTION('',(0.,1.));
#3258 = ( GEOMETRIC_REPRESENTATION_CONTEXT(2) 
PARAMETRIC_REPRESENTATION_CONTEXT() REPRESENTATION_CONTEXT('2D SPACE',''
  ) );
#3259 = PCURVE('',#3260,#3265);
#3260 = PLANE('',#3261);
#3261 = AXIS2_PLACEMENT_3D('',#3262,#3263,#3264);
#3262 = CARTESIAN_POINT('',(26.5,17.,-5.));
#3263 = DIRECTION('',(1.,0.,0.));
#3264 = DIRECTION('',(0.,0.,1.));
#3265 = DEFINITIONAL_REPRESENTATION('',(#3266),#3270);
#3266 = LINE('',#3267,#3268);
#3267 = CARTESIAN_POINT('',(0.,-1.5));
#3268 = VECTOR('',#3269,1.);
#3269 = DIRECTION('',(1.,0.));
#3270 = ( GEOMETRIC_REPRESENTATION_CONTEXT(2) 
PARAMETRIC_REPRESENTATION_CONTEXT() REPRESENTATION_CONTEXT('2D SPACE',''
  ) );
#3271 = ORIENTED_EDGE('',*,*,#3272,.T.);
#3272 = EDGE_CURVE('',#3243,#1278,#3273,.T.);
#3273 = SURFACE_CURVE('',#3274,(#3279,#3286),.PCURVE_S1.);
#3274 = CIRCLE('',#3275,1.5);
#3275 = AXIS2_PLACEMENT_3D('',#3276,#3277,#3278);
#3276 = CARTESIAN_POINT('',(28.,18.5,-3.5));
#3277 = DIRECTION('',(0.,0.,1.));
#3278 = DIRECTION('',(-1.,0.,0.));
#3279 = PCURVE('',#1295,#3280);
#3280 = DEFINITIONAL_REPRESENTATION('',(#3281),#3285);
#3281 = LINE('',#3282,#3283);
#3282 = CARTESIAN_POINT('',(0.,1.5));
#3283 = VECTOR('',#3284,1.);
#3284 = DIRECTION('',(1.,0.));
#3285 = ( GEOMETRIC_REPRESENTATION_CONTEXT(2) 
PARAMETRIC_REPRESENTATION_CONTEXT() REPRESENTATION_CONTEXT('2D SPACE',''
  ) );
#3286 = PCURVE('',#3287,#3292);
#3287 = SPHERICAL_SURFACE('',#3288,1.5);
#3288 = AXIS2_PLACEMENT_3D('',#3289,#3290,#3291);
#3289 = CARTESIAN_POINT('',(28.,18.5,-3.5));
#3290 = DIRECTION('',(0.,0.,1.));
#3291 = DIRECTION('',(-1.,0.,0.));
#3292 = DEFINITIONAL_REPRESENTATION('',(#3293),#3297);
#3293 = LINE('',#3294,#3295);
#3294 = CARTESIAN_POINT('',(0.,0.));
#3295 = VECTOR('',#3296,1.);
#3296 = DIRECTION('',(1.,0.));
#3297 = ( GEOMETRIC_REPRESENTATION_CONTEXT(2) 
PARAMETRIC_REPRESENTATION_CONTEXT() REPRESENTATION_CONTEXT('2D SPACE',''
  ) );
#3298 = ORIENTED_EDGE('',*,*,#1277,.T.);
#3299 = ORIENTED_EDGE('',*,*,#3300,.F.);
#3300 = EDGE_CURVE('',#3245,#1280,#3301,.T.);
#3301 = SURFACE_CURVE('',#3302,(#3307,#3314),.PCURVE_S1.);
#3302 = CIRCLE('',#3303,1.5);
#3303 = AXIS2_PLACEMENT_3D('',#3304,#3305,#3306);
#3304 = CARTESIAN_POINT('',(28.,18.5,3.5));
#3305 = DIRECTION('',(0.,0.,1.));
#3306 = DIRECTION('',(-1.,0.,0.));
#3307 = PCURVE('',#1295,#3308);
#3308 = DEFINITIONAL_REPRESENTATION('',(#3309),#3313);
#3309 = LINE('',#3310,#3311);
#3310 = CARTESIAN_POINT('',(0.,8.5));
#3311 = VECTOR('',#3312,1.);
#3312 = DIRECTION('',(1.,0.));
#3313 = ( GEOMETRIC_REPRESENTATION_CONTEXT(2) 
PARAMETRIC_REPRESENTATION_CONTEXT() REPRESENTATION_CONTEXT('2D SPACE',''
  ) );
#3314 = PCURVE('',#3315,#3320);
#3315 = SPHERICAL_SURFACE('',#3316,1.5);
#3316 = AXIS2_PLACEMENT_3D('',#3317,#3318,#3319);
#3317 = CARTESIAN_POINT('',(28.,18.5,3.5));
#3318 = DIRECTION('',(-0.,-0.,-1.));
#3319 = DIRECTION('',(-1.,0.,0.));
#3320 = DEFINITIONAL_REPRESENTATION('',(#3321),#3325);
#3321 = LINE('',#3322,#3323);
#3322 = CARTESIAN_POINT('',(-0.,0.));
#3323 = VECTOR('',#3324,1.);
#3324 = DIRECTION('',(-1.,0.));
#3325 = ( GEOMETRIC_REPRESENTATION_CONTEXT(2) 
PARAMETRIC_REPRESENTATION_CONTEXT() REPRESENTATION_CONTEXT('2D SPACE',''
  ) );
#3326 = ADVANCED_FACE('',(#3327),#1323,.T.);
#3327 = FACE_BOUND('',#3328,.T.);
#3328 = EDGE_LOOP('',(#3329,#3351,#3379,#3404));
#3329 = ORIENTED_EDGE('',*,*,#3330,.F.);
#3330 = EDGE_CURVE('',#3331,#1278,#3333,.T.);
#3331 = VERTEX_POINT('',#3332);
#3332 = CARTESIAN_POINT('',(28.,18.5,-5.));
#3333 = SURFACE_CURVE('',#3334,(#3339,#3345),.PCURVE_S1.);
#3334 = CIRCLE('',#3335,1.5);
#3335 = AXIS2_PLACEMENT_3D('',#3336,#3337,#3338);
#3336 = CARTESIAN_POINT('',(28.,18.5,-3.5));
#3337 = DIRECTION('',(-1.,6.123233995737E-17,0.));
#3338 = DIRECTION('',(-6.123233995737E-17,-1.,0.));
#3339 = PCURVE('',#1323,#3340);
#3340 = DEFINITIONAL_REPRESENTATION('',(#3341),#3344);
#3341 = B_SPLINE_CURVE_WITH_KNOTS('',1,(#3342,#3343),.UNSPECIFIED.,.F.,
  .F.,(2,2),(4.712388980385,6.28318530718),.PIECEWISE_BEZIER_KNOTS.);
#3342 = CARTESIAN_POINT('',(1.570796326795,1.5));
#3343 = CARTESIAN_POINT('',(0.,1.5));
#3344 = ( GEOMETRIC_REPRESENTATION_CONTEXT(2) 
PARAMETRIC_REPRESENTATION_CONTEXT() REPRESENTATION_CONTEXT('2D SPACE',''
  ) );
#3345 = PCURVE('',#3287,#3346);
#3346 = DEFINITIONAL_REPRESENTATION('',(#3347),#3350);
#3347 = B_SPLINE_CURVE_WITH_KNOTS('',1,(#3348,#3349),.UNSPECIFIED.,.F.,
  .F.,(2,2),(4.712388980385,6.28318530718),.PIECEWISE_BEZIER_KNOTS.);
#3348 = CARTESIAN_POINT('',(1.570796326795,-1.570796326795));
#3349 = CARTESIAN_POINT('',(1.570796326795,0.));
#3350 = ( GEOMETRIC_REPRESENTATION_CONTEXT(2) 
PARAMETRIC_REPRESENTATION_CONTEXT() REPRESENTATION_CONTEXT('2D SPACE',''
  ) );
#3351 = ORIENTED_EDGE('',*,*,#3352,.T.);
#3352 = EDGE_CURVE('',#3331,#3353,#3355,.T.);
#3353 = VERTEX_POINT('',#3354);
#3354 = CARTESIAN_POINT('',(35.,18.5,-5.));
#3355 = SURFACE_CURVE('',#3356,(#3360,#3367),.PCURVE_S1.);
#3356 = LINE('',#3357,#3358);
#3357 = CARTESIAN_POINT('',(26.5,18.5,-5.));
#3358 = VECTOR('',#3359,1.);
#3359 = DIRECTION('',(1.,0.,0.));
#3360 = PCURVE('',#1323,#3361);
#3361 = DEFINITIONAL_REPRESENTATION('',(#3362),#3366);
#3362 = LINE('',#3363,#3364);
#3363 = CARTESIAN_POINT('',(1.570796326795,0.));
#3364 = VECTOR('',#3365,1.);
#3365 = DIRECTION('',(0.,1.));
#3366 = ( GEOMETRIC_REPRESENTATION_CONTEXT(2) 
PARAMETRIC_REPRESENTATION_CONTEXT() REPRESENTATION_CONTEXT('2D SPACE',''
  ) );
#3367 = PCURVE('',#3368,#3373);
#3368 = PLANE('',#3369);
#3369 = AXIS2_PLACEMENT_3D('',#3370,#3371,#3372);
#3370 = CARTESIAN_POINT('',(26.5,17.,-5.));
#3371 = DIRECTION('',(0.,0.,1.));
#3372 = DIRECTION('',(1.,0.,0.));
#3373 = DEFINITIONAL_REPRESENTATION('',(#3374),#3378);
#3374 = LINE('',#3375,#3376);
#3375 = CARTESIAN_POINT('',(0.,1.5));
#3376 = VECTOR('',#3377,1.);
#3377 = DIRECTION('',(1.,0.));
#3378 = ( GEOMETRIC_REPRESENTATION_CONTEXT(2) 
PARAMETRIC_REPRESENTATION_CONTEXT() REPRESENTATION_CONTEXT('2D SPACE',''
  ) );
#3379 = ORIENTED_EDGE('',*,*,#3380,.T.);
#3380 = EDGE_CURVE('',#3353,#1308,#3381,.T.);
#3381 = SURFACE_CURVE('',#3382,(#3387,#3393),.PCURVE_S1.);
#3382 = CIRCLE('',#3383,1.5);
#3383 = AXIS2_PLACEMENT_3D('',#3384,#3385,#3386);
#3384 = CARTESIAN_POINT('',(35.,18.5,-3.5));
#3385 = DIRECTION('',(-1.,-6.123233995737E-17,0.));
#3386 = DIRECTION('',(6.123233995737E-17,-1.,-0.));
#3387 = PCURVE('',#1323,#3388);
#3388 = DEFINITIONAL_REPRESENTATION('',(#3389),#3392);
#3389 = B_SPLINE_CURVE_WITH_KNOTS('',1,(#3390,#3391),.UNSPECIFIED.,.F.,
  .F.,(2,2),(4.712388980385,6.28318530718),.PIECEWISE_BEZIER_KNOTS.);
#3390 = CARTESIAN_POINT('',(1.570796326795,8.5));
#3391 = CARTESIAN_POINT('',(0.,8.5));
#3392 = ( GEOMETRIC_REPRESENTATION_CONTEXT(2) 
PARAMETRIC_REPRESENTATION_CONTEXT() REPRESENTATION_CONTEXT('2D SPACE',''
  ) );
#3393 = PCURVE('',#3394,#3399);
#3394 = SPHERICAL_SURFACE('',#3395,1.5);
#3395 = AXIS2_PLACEMENT_3D('',#3396,#3397,#3398);
#3396 = CARTESIAN_POINT('',(35.,18.5,-3.5));
#3397 = DIRECTION('',(0.,0.,1.));
#3398 = DIRECTION('',(1.,0.,-0.));
#3399 = DEFINITIONAL_REPRESENTATION('',(#3400),#3403);
#3400 = B_SPLINE_CURVE_WITH_KNOTS('',1,(#3401,#3402),.UNSPECIFIED.,.F.,
  .F.,(2,2),(4.712388980385,6.28318530718),.PIECEWISE_BEZIER_KNOTS.);
#3401 = CARTESIAN_POINT('',(-1.570796326795,-1.570796326795));
#3402 = CARTESIAN_POINT('',(-1.570796326795,0.));
#3403 = ( GEOMETRIC_REPRESENTATION_CONTEXT(2) 
PARAMETRIC_REPRESENTATION_CONTEXT() REPRESENTATION_CONTEXT('2D SPACE',''
  ) );
#3404 = ORIENTED_EDGE('',*,*,#1307,.F.);
#3405 = ADVANCED_FACE('',(#3406),#1377,.T.);
#3406 = FACE_BOUND('',#3407,.F.);
#3407 = EDGE_LOOP('',(#3408,#3430,#3458,#3483));
#3408 = ORIENTED_EDGE('',*,*,#3409,.F.);
#3409 = EDGE_CURVE('',#3410,#1280,#3412,.T.);
#3410 = VERTEX_POINT('',#3411);
#3411 = CARTESIAN_POINT('',(28.,18.5,5.));
#3412 = SURFACE_CURVE('',#3413,(#3418,#3424),.PCURVE_S1.);
#3413 = CIRCLE('',#3414,1.5);
#3414 = AXIS2_PLACEMENT_3D('',#3415,#3416,#3417);
#3415 = CARTESIAN_POINT('',(28.,18.5,3.5));
#3416 = DIRECTION('',(1.,-6.123233995737E-17,0.));
#3417 = DIRECTION('',(-6.123233995737E-17,-1.,0.));
#3418 = PCURVE('',#1377,#3419);
#3419 = DEFINITIONAL_REPRESENTATION('',(#3420),#3423);
#3420 = B_SPLINE_CURVE_WITH_KNOTS('',1,(#3421,#3422),.UNSPECIFIED.,.F.,
  .F.,(2,2),(4.712388980385,6.28318530718),.PIECEWISE_BEZIER_KNOTS.);
#3421 = CARTESIAN_POINT('',(-1.570796326795,1.5));
#3422 = CARTESIAN_POINT('',(0.,1.5));
#3423 = ( GEOMETRIC_REPRESENTATION_CONTEXT(2) 
PARAMETRIC_REPRESENTATION_CONTEXT() REPRESENTATION_CONTEXT('2D SPACE',''
  ) );
#3424 = PCURVE('',#3315,#3425);
#3425 = DEFINITIONAL_REPRESENTATION('',(#3426),#3429);
#3426 = B_SPLINE_CURVE_WITH_KNOTS('',1,(#3427,#3428),.UNSPECIFIED.,.F.,
  .F.,(2,2),(4.712388980385,6.28318530718),.PIECEWISE_BEZIER_KNOTS.);
#3427 = CARTESIAN_POINT('',(-1.570796326795,-1.570796326795));
#3428 = CARTESIAN_POINT('',(-1.570796326795,0.));
#3429 = ( GEOMETRIC_REPRESENTATION_CONTEXT(2) 
PARAMETRIC_REPRESENTATION_CONTEXT() REPRESENTATION_CONTEXT('2D SPACE',''
  ) );
#3430 = ORIENTED_EDGE('',*,*,#3431,.T.);
#3431 = EDGE_CURVE('',#3410,#3432,#3434,.T.);
#3432 = VERTEX_POINT('',#3433);
#3433 = CARTESIAN_POINT('',(35.,18.5,5.));
#3434 = SURFACE_CURVE('',#3435,(#3439,#3446),.PCURVE_S1.);
#3435 = LINE('',#3436,#3437);
#3436 = CARTESIAN_POINT('',(26.5,18.5,5.));
#3437 = VECTOR('',#3438,1.);
#3438 = DIRECTION('',(1.,0.,0.));
#3439 = PCURVE('',#1377,#3440);
#3440 = DEFINITIONAL_REPRESENTATION('',(#3441),#3445);
#3441 = LINE('',#3442,#3443);
#3442 = CARTESIAN_POINT('',(-1.570796326795,0.));
#3443 = VECTOR('',#3444,1.);
#3444 = DIRECTION('',(-0.,1.));
#3445 = ( GEOMETRIC_REPRESENTATION_CONTEXT(2) 
PARAMETRIC_REPRESENTATION_CONTEXT() REPRESENTATION_CONTEXT('2D SPACE',''
  ) );
#3446 = PCURVE('',#3447,#3452);
#3447 = PLANE('',#3448);
#3448 = AXIS2_PLACEMENT_3D('',#3449,#3450,#3451);
#3449 = CARTESIAN_POINT('',(26.5,17.,5.));
#3450 = DIRECTION('',(0.,0.,1.));
#3451 = DIRECTION('',(1.,0.,0.));
#3452 = DEFINITIONAL_REPRESENTATION('',(#3453),#3457);
#3453 = LINE('',#3454,#3455);
#3454 = CARTESIAN_POINT('',(0.,1.5));
#3455 = VECTOR('',#3456,1.);
#3456 = DIRECTION('',(1.,0.));
#3457 = ( GEOMETRIC_REPRESENTATION_CONTEXT(2) 
PARAMETRIC_REPRESENTATION_CONTEXT() REPRESENTATION_CONTEXT('2D SPACE',''
  ) );
#3458 = ORIENTED_EDGE('',*,*,#3459,.T.);
#3459 = EDGE_CURVE('',#3432,#1336,#3460,.T.);
#3460 = SURFACE_CURVE('',#3461,(#3466,#3472),.PCURVE_S1.);
#3461 = CIRCLE('',#3462,1.5);
#3462 = AXIS2_PLACEMENT_3D('',#3463,#3464,#3465);
#3463 = CARTESIAN_POINT('',(35.,18.5,3.5));
#3464 = DIRECTION('',(1.,6.123233995737E-17,0.));
#3465 = DIRECTION('',(6.123233995737E-17,-1.,0.));
#3466 = PCURVE('',#1377,#3467);
#3467 = DEFINITIONAL_REPRESENTATION('',(#3468),#3471);
#3468 = B_SPLINE_CURVE_WITH_KNOTS('',1,(#3469,#3470),.UNSPECIFIED.,.F.,
  .F.,(2,2),(4.712388980385,6.28318530718),.PIECEWISE_BEZIER_KNOTS.);
#3469 = CARTESIAN_POINT('',(-1.570796326795,8.5));
#3470 = CARTESIAN_POINT('',(0.,8.5));
#3471 = ( GEOMETRIC_REPRESENTATION_CONTEXT(2) 
PARAMETRIC_REPRESENTATION_CONTEXT() REPRESENTATION_CONTEXT('2D SPACE',''
  ) );
#3472 = PCURVE('',#3473,#3478);
#3473 = SPHERICAL_SURFACE('',#3474,1.5);
#3474 = AXIS2_PLACEMENT_3D('',#3475,#3476,#3477);
#3475 = CARTESIAN_POINT('',(35.,18.5,3.5));
#3476 = DIRECTION('',(-0.,-0.,-1.));
#3477 = DIRECTION('',(1.,0.,0.));
#3478 = DEFINITIONAL_REPRESENTATION('',(#3479),#3482);
#3479 = B_SPLINE_CURVE_WITH_KNOTS('',1,(#3480,#3481),.UNSPECIFIED.,.F.,
  .F.,(2,2),(4.712388980385,6.28318530718),.PIECEWISE_BEZIER_KNOTS.);
#3480 = CARTESIAN_POINT('',(1.570796326795,-1.570796326795));
#3481 = CARTESIAN_POINT('',(1.570796326795,0.));
#3482 = ( GEOMETRIC_REPRESENTATION_CONTEXT(2) 
PARAMETRIC_REPRESENTATION_CONTEXT() REPRESENTATION_CONTEXT('2D SPACE',''
  ) );
#3483 = ORIENTED_EDGE('',*,*,#1363,.F.);
#3484 = ADVANCED_FACE('',(#3485),#1351,.T.);
#3485 = FACE_BOUND('',#3486,.F.);
#3486 = EDGE_LOOP('',(#3487,#3517,#3539,#3540));
#3487 = ORIENTED_EDGE('',*,*,#3488,.F.);
#3488 = EDGE_CURVE('',#3489,#3491,#3493,.T.);
#3489 = VERTEX_POINT('',#3490);
#3490 = CARTESIAN_POINT('',(36.5,18.5,-3.5));
#3491 = VERTEX_POINT('',#3492);
#3492 = CARTESIAN_POINT('',(36.5,18.5,3.5));
#3493 = SURFACE_CURVE('',#3494,(#3498,#3505),.PCURVE_S1.);
#3494 = LINE('',#3495,#3496);
#3495 = CARTESIAN_POINT('',(36.5,18.5,-5.));
#3496 = VECTOR('',#3497,1.);
#3497 = DIRECTION('',(0.,0.,1.));
#3498 = PCURVE('',#1351,#3499);
#3499 = DEFINITIONAL_REPRESENTATION('',(#3500),#3504);
#3500 = LINE('',#3501,#3502);
#3501 = CARTESIAN_POINT('',(-0.,0.));
#3502 = VECTOR('',#3503,1.);
#3503 = DIRECTION('',(-0.,1.));
#3504 = ( GEOMETRIC_REPRESENTATION_CONTEXT(2) 
PARAMETRIC_REPRESENTATION_CONTEXT() REPRESENTATION_CONTEXT('2D SPACE',''
  ) );
#3505 = PCURVE('',#3506,#3511);
#3506 = PLANE('',#3507);
#3507 = AXIS2_PLACEMENT_3D('',#3508,#3509,#3510);
#3508 = CARTESIAN_POINT('',(36.5,17.,-5.));
#3509 = DIRECTION('',(1.,0.,0.));
#3510 = DIRECTION('',(0.,0.,1.));
#3511 = DEFINITIONAL_REPRESENTATION('',(#3512),#3516);
#3512 = LINE('',#3513,#3514);
#3513 = CARTESIAN_POINT('',(0.,-1.5));
#3514 = VECTOR('',#3515,1.);
#3515 = DIRECTION('',(1.,0.));
#3516 = ( GEOMETRIC_REPRESENTATION_CONTEXT(2) 
PARAMETRIC_REPRESENTATION_CONTEXT() REPRESENTATION_CONTEXT('2D SPACE',''
  ) );
#3517 = ORIENTED_EDGE('',*,*,#3518,.T.);
#3518 = EDGE_CURVE('',#3489,#1308,#3519,.T.);
#3519 = SURFACE_CURVE('',#3520,(#3525,#3532),.PCURVE_S1.);
#3520 = CIRCLE('',#3521,1.5);
#3521 = AXIS2_PLACEMENT_3D('',#3522,#3523,#3524);
#3522 = CARTESIAN_POINT('',(35.,18.5,-3.5));
#3523 = DIRECTION('',(0.,-0.,-1.));
#3524 = DIRECTION('',(1.,0.,-0.));
#3525 = PCURVE('',#1351,#3526);
#3526 = DEFINITIONAL_REPRESENTATION('',(#3527),#3531);
#3527 = LINE('',#3528,#3529);
#3528 = CARTESIAN_POINT('',(-0.,1.5));
#3529 = VECTOR('',#3530,1.);
#3530 = DIRECTION('',(-1.,0.));
#3531 = ( GEOMETRIC_REPRESENTATION_CONTEXT(2) 
PARAMETRIC_REPRESENTATION_CONTEXT() REPRESENTATION_CONTEXT('2D SPACE',''
  ) );
#3532 = PCURVE('',#3394,#3533);
#3533 = DEFINITIONAL_REPRESENTATION('',(#3534),#3538);
#3534 = LINE('',#3535,#3536);
#3535 = CARTESIAN_POINT('',(-0.,0.));
#3536 = VECTOR('',#3537,1.);
#3537 = DIRECTION('',(-1.,0.));
#3538 = ( GEOMETRIC_REPRESENTATION_CONTEXT(2) 
PARAMETRIC_REPRESENTATION_CONTEXT() REPRESENTATION_CONTEXT('2D SPACE',''
  ) );
#3539 = ORIENTED_EDGE('',*,*,#1335,.T.);
#3540 = ORIENTED_EDGE('',*,*,#3541,.F.);
#3541 = EDGE_CURVE('',#3491,#1336,#3542,.T.);
#3542 = SURFACE_CURVE('',#3543,(#3548,#3555),.PCURVE_S1.);
#3543 = CIRCLE('',#3544,1.5);
#3544 = AXIS2_PLACEMENT_3D('',#3545,#3546,#3547);
#3545 = CARTESIAN_POINT('',(35.,18.5,3.5));
#3546 = DIRECTION('',(0.,0.,-1.));
#3547 = DIRECTION('',(1.,0.,0.));
#3548 = PCURVE('',#1351,#3549);
#3549 = DEFINITIONAL_REPRESENTATION('',(#3550),#3554);
#3550 = LINE('',#3551,#3552);
#3551 = CARTESIAN_POINT('',(-0.,8.5));
#3552 = VECTOR('',#3553,1.);
#3553 = DIRECTION('',(-1.,0.));
#3554 = ( GEOMETRIC_REPRESENTATION_CONTEXT(2) 
PARAMETRIC_REPRESENTATION_CONTEXT() REPRESENTATION_CONTEXT('2D SPACE',''
  ) );
#3555 = PCURVE('',#3473,#3556);
#3556 = DEFINITIONAL_REPRESENTATION('',(#3557),#3561);
#3557 = LINE('',#3558,#3559);
#3558 = CARTESIAN_POINT('',(0.,0.));
#3559 = VECTOR('',#3560,1.);
#3560 = DIRECTION('',(1.,0.));
#3561 = ( GEOMETRIC_REPRESENTATION_CONTEXT(2) 
PARAMETRIC_REPRESENTATION_CONTEXT() REPRESENTATION_CONTEXT('2D SPACE',''
  ) );
#3562 = ADVANCED_FACE('',(#3563),#1408,.T.);
#3563 = FACE_BOUND('',#3564,.T.);
#3564 = EDGE_LOOP('',(#3565,#3566,#3595,#3623,#3650,#3651));
#3565 = ORIENTED_EDGE('',*,*,#1392,.F.);
#3566 = ORIENTED_EDGE('',*,*,#3567,.F.);
#3567 = EDGE_CURVE('',#3568,#1393,#3570,.T.);
#3568 = VERTEX_POINT('',#3569);
#3569 = CARTESIAN_POINT('',(155.,-19.,-12.));
#3570 = SURFACE_CURVE('',#3571,(#3576,#3583),.PCURVE_S1.);
#3571 = CIRCLE('',#3572,2.);
#3572 = AXIS2_PLACEMENT_3D('',#3573,#3574,#3575);
#3573 = CARTESIAN_POINT('',(155.,-17.,-12.));
#3574 = DIRECTION('',(-0.,-0.,-1.));
#3575 = DIRECTION('',(0.,-1.,0.));
#3576 = PCURVE('',#1408,#3577);
#3577 = DEFINITIONAL_REPRESENTATION('',(#3578),#3582);
#3578 = LINE('',#3579,#3580);
#3579 = CARTESIAN_POINT('',(1.570796326795,2.));
#3580 = VECTOR('',#3581,1.);
#3581 = DIRECTION('',(-1.,-0.));
#3582 = ( GEOMETRIC_REPRESENTATION_CONTEXT(2) 
PARAMETRIC_REPRESENTATION_CONTEXT() REPRESENTATION_CONTEXT('2D SPACE',''
  ) );
#3583 = PCURVE('',#3584,#3589);
#3584 = SPHERICAL_SURFACE('',#3585,2.);
#3585 = AXIS2_PLACEMENT_3D('',#3586,#3587,#3588);
#3586 = CARTESIAN_POINT('',(155.,-17.,-12.));
#3587 = DIRECTION('',(-0.,-0.,-1.));
#3588 = DIRECTION('',(0.,-1.,0.));
#3589 = DEFINITIONAL_REPRESENTATION('',(#3590),#3594);
#3590 = LINE('',#3591,#3592);
#3591 = CARTESIAN_POINT('',(0.,0.));
#3592 = VECTOR('',#3593,1.);
#3593 = DIRECTION('',(1.,0.));
#3594 = ( GEOMETRIC_REPRESENTATION_CONTEXT(2) 
PARAMETRIC_REPRESENTATION_CONTEXT() REPRESENTATION_CONTEXT('2D SPACE',''
  ) );
#3595 = ORIENTED_EDGE('',*,*,#3596,.T.);
#3596 = EDGE_CURVE('',#3568,#3597,#3599,.T.);
#3597 = VERTEX_POINT('',#3598);
#3598 = CARTESIAN_POINT('',(155.,-19.,12.));
#3599 = SURFACE_CURVE('',#3600,(#3604,#3611),.PCURVE_S1.);
#3600 = LINE('',#3601,#3602);
#3601 = CARTESIAN_POINT('',(155.,-19.,-14.));
#3602 = VECTOR('',#3603,1.);
#3603 = DIRECTION('',(0.,0.,1.));
#3604 = PCURVE('',#1408,#3605);
#3605 = DEFINITIONAL_REPRESENTATION('',(#3606),#3610);
#3606 = LINE('',#3607,#3608);
#3607 = CARTESIAN_POINT('',(1.570796326795,0.));
#3608 = VECTOR('',#3609,1.);
#3609 = DIRECTION('',(0.,1.));
#3610 = ( GEOMETRIC_REPRESENTATION_CONTEXT(2) 
PARAMETRIC_REPRESENTATION_CONTEXT() REPRESENTATION_CONTEXT('2D SPACE',''
  ) );
#3611 = PCURVE('',#3612,#3617);
#3612 = PLANE('',#3613);
#3613 = AXIS2_PLACEMENT_3D('',#3614,#3615,#3616);
#3614 = CARTESIAN_POINT('',(153.,-19.,-14.));
#3615 = DIRECTION('',(0.,1.,0.));
#3616 = DIRECTION('',(0.,0.,1.));
#3617 = DEFINITIONAL_REPRESENTATION('',(#3618),#3622);
#3618 = LINE('',#3619,#3620);
#3619 = CARTESIAN_POINT('',(0.,2.));
#3620 = VECTOR('',#3621,1.);
#3621 = DIRECTION('',(1.,0.));
#3622 = ( GEOMETRIC_REPRESENTATION_CONTEXT(2) 
PARAMETRIC_REPRESENTATION_CONTEXT() REPRESENTATION_CONTEXT('2D SPACE',''
  ) );
#3623 = ORIENTED_EDGE('',*,*,#3624,.T.);
#3624 = EDGE_CURVE('',#3597,#1514,#3625,.T.);
#3625 = SURFACE_CURVE('',#3626,(#3631,#3638),.PCURVE_S1.);
#3626 = CIRCLE('',#3627,2.);
#3627 = AXIS2_PLACEMENT_3D('',#3628,#3629,#3630);
#3628 = CARTESIAN_POINT('',(155.,-17.,12.));
#3629 = DIRECTION('',(-0.,-0.,-1.));
#3630 = DIRECTION('',(0.,-1.,0.));
#3631 = PCURVE('',#1408,#3632);
#3632 = DEFINITIONAL_REPRESENTATION('',(#3633),#3637);
#3633 = LINE('',#3634,#3635);
#3634 = CARTESIAN_POINT('',(1.570796326795,26.));
#3635 = VECTOR('',#3636,1.);
#3636 = DIRECTION('',(-1.,-0.));
#3637 = ( GEOMETRIC_REPRESENTATION_CONTEXT(2) 
PARAMETRIC_REPRESENTATION_CONTEXT() REPRESENTATION_CONTEXT('2D SPACE',''
  ) );
#3638 = PCURVE('',#3639,#3644);
#3639 = SPHERICAL_SURFACE('',#3640,2.);
#3640 = AXIS2_PLACEMENT_3D('',#3641,#3642,#3643);
#3641 = CARTESIAN_POINT('',(155.,-17.,12.));
#3642 = DIRECTION('',(0.,0.,1.));
#3643 = DIRECTION('',(0.,-1.,0.));
#3644 = DEFINITIONAL_REPRESENTATION('',(#3645),#3649);
#3645 = LINE('',#3646,#3647);
#3646 = CARTESIAN_POINT('',(-0.,0.));
#3647 = VECTOR('',#3648,1.);
#3648 = DIRECTION('',(-1.,0.));
#3649 = ( GEOMETRIC_REPRESENTATION_CONTEXT(2) 
PARAMETRIC_REPRESENTATION_CONTEXT() REPRESENTATION_CONTEXT('2D SPACE',''
  ) );
#3650 = ORIENTED_EDGE('',*,*,#1541,.F.);
#3651 = ORIENTED_EDGE('',*,*,#2073,.F.);
#3652 = ADVANCED_FACE('',(#3653),#1529,.T.);
#3653 = FACE_BOUND('',#3654,.T.);
#3654 = EDGE_LOOP('',(#3655,#3677,#3705,#3725));
#3655 = ORIENTED_EDGE('',*,*,#3656,.T.);
#3656 = EDGE_CURVE('',#1514,#3657,#3659,.T.);
#3657 = VERTEX_POINT('',#3658);
#3658 = CARTESIAN_POINT('',(155.,-17.,14.));
#3659 = SURFACE_CURVE('',#3660,(#3665,#3671),.PCURVE_S1.);
#3660 = CIRCLE('',#3661,2.);
#3661 = AXIS2_PLACEMENT_3D('',#3662,#3663,#3664);
#3662 = CARTESIAN_POINT('',(155.,-17.,12.));
#3663 = DIRECTION('',(0.,1.,0.));
#3664 = DIRECTION('',(-1.,0.,0.));
#3665 = PCURVE('',#1529,#3666);
#3666 = DEFINITIONAL_REPRESENTATION('',(#3667),#3670);
#3667 = B_SPLINE_CURVE_WITH_KNOTS('',1,(#3668,#3669),.UNSPECIFIED.,.F.,
  .F.,(2,2),(0.,1.570796326795),.PIECEWISE_BEZIER_KNOTS.);
#3668 = CARTESIAN_POINT('',(0.,0.));
#3669 = CARTESIAN_POINT('',(1.570796326795,0.));
#3670 = ( GEOMETRIC_REPRESENTATION_CONTEXT(2) 
PARAMETRIC_REPRESENTATION_CONTEXT() REPRESENTATION_CONTEXT('2D SPACE',''
  ) );
#3671 = PCURVE('',#3639,#3672);
#3672 = DEFINITIONAL_REPRESENTATION('',(#3673),#3676);
#3673 = B_SPLINE_CURVE_WITH_KNOTS('',1,(#3674,#3675),.UNSPECIFIED.,.F.,
  .F.,(2,2),(0.,1.570796326795),.PIECEWISE_BEZIER_KNOTS.);
#3674 = CARTESIAN_POINT('',(-1.570796326795,0.));
#3675 = CARTESIAN_POINT('',(-1.570796326795,1.570796326795));
#3676 = ( GEOMETRIC_REPRESENTATION_CONTEXT(2) 
PARAMETRIC_REPRESENTATION_CONTEXT() REPRESENTATION_CONTEXT('2D SPACE',''
  ) );
#3677 = ORIENTED_EDGE('',*,*,#3678,.T.);
#3678 = EDGE_CURVE('',#3657,#3679,#3681,.T.);
#3679 = VERTEX_POINT('',#3680);
#3680 = CARTESIAN_POINT('',(155.,17.,14.));
#3681 = SURFACE_CURVE('',#3682,(#3686,#3693),.PCURVE_S1.);
#3682 = LINE('',#3683,#3684);
#3683 = CARTESIAN_POINT('',(155.,-17.,14.));
#3684 = VECTOR('',#3685,1.);
#3685 = DIRECTION('',(0.,1.,0.));
#3686 = PCURVE('',#1529,#3687);
#3687 = DEFINITIONAL_REPRESENTATION('',(#3688),#3692);
#3688 = LINE('',#3689,#3690);
#3689 = CARTESIAN_POINT('',(1.570796326795,0.));
#3690 = VECTOR('',#3691,1.);
#3691 = DIRECTION('',(0.,1.));
#3692 = ( GEOMETRIC_REPRESENTATION_CONTEXT(2) 
PARAMETRIC_REPRESENTATION_CONTEXT() REPRESENTATION_CONTEXT('2D SPACE',''
  ) );
#3693 = PCURVE('',#3694,#3699);
#3694 = PLANE('',#3695);
#3695 = AXIS2_PLACEMENT_3D('',#3696,#3697,#3698);
#3696 = CARTESIAN_POINT('',(153.,-19.,14.));
#3697 = DIRECTION('',(0.,0.,1.));
#3698 = DIRECTION('',(1.,0.,0.));
#3699 = DEFINITIONAL_REPRESENTATION('',(#3700),#3704);
#3700 = LINE('',#3701,#3702);
#3701 = CARTESIAN_POINT('',(2.,2.));
#3702 = VECTOR('',#3703,1.);
#3703 = DIRECTION('',(0.,1.));
#3704 = ( GEOMETRIC_REPRESENTATION_CONTEXT(2) 
PARAMETRIC_REPRESENTATION_CONTEXT() REPRESENTATION_CONTEXT('2D SPACE',''
  ) );
#3705 = ORIENTED_EDGE('',*,*,#3706,.F.);
#3706 = EDGE_CURVE('',#1491,#3679,#3707,.T.);
#3707 = SURFACE_CURVE('',#3708,(#3713,#3719),.PCURVE_S1.);
#3708 = CIRCLE('',#3709,2.);
#3709 = AXIS2_PLACEMENT_3D('',#3710,#3711,#3712);
#3710 = CARTESIAN_POINT('',(155.,17.,12.));
#3711 = DIRECTION('',(0.,1.,0.));
#3712 = DIRECTION('',(-1.,0.,0.));
#3713 = PCURVE('',#1529,#3714);
#3714 = DEFINITIONAL_REPRESENTATION('',(#3715),#3718);
#3715 = B_SPLINE_CURVE_WITH_KNOTS('',1,(#3716,#3717),.UNSPECIFIED.,.F.,
  .F.,(2,2),(0.,1.570796326795),.PIECEWISE_BEZIER_KNOTS.);
#3716 = CARTESIAN_POINT('',(0.,34.));
#3717 = CARTESIAN_POINT('',(1.570796326795,34.));
#3718 = ( GEOMETRIC_REPRESENTATION_CONTEXT(2) 
PARAMETRIC_REPRESENTATION_CONTEXT() REPRESENTATION_CONTEXT('2D SPACE',''
  ) );
#3719 = PCURVE('',#3225,#3720);
#3720 = DEFINITIONAL_REPRESENTATION('',(#3721),#3724);
#3721 = B_SPLINE_CURVE_WITH_KNOTS('',1,(#3722,#3723),.UNSPECIFIED.,.F.,
  .F.,(2,2),(0.,1.570796326795),.PIECEWISE_BEZIER_KNOTS.);
#3722 = CARTESIAN_POINT('',(0.,0.));
#3723 = CARTESIAN_POINT('',(0.,1.570796326795));
#3724 = ( GEOMETRIC_REPRESENTATION_CONTEXT(2) 
PARAMETRIC_REPRESENTATION_CONTEXT() REPRESENTATION_CONTEXT('2D SPACE',''
  ) );
#3725 = ORIENTED_EDGE('',*,*,#1513,.F.);
#3726 = ADVANCED_FACE('',(#3727),#1436,.T.);
#3727 = FACE_BOUND('',#3728,.F.);
#3728 = EDGE_LOOP('',(#3729,#3751,#3779,#3799));
#3729 = ORIENTED_EDGE('',*,*,#3730,.T.);
#3730 = EDGE_CURVE('',#1393,#3731,#3733,.T.);
#3731 = VERTEX_POINT('',#3732);
#3732 = CARTESIAN_POINT('',(155.,-17.,-14.));
#3733 = SURFACE_CURVE('',#3734,(#3739,#3745),.PCURVE_S1.);
#3734 = CIRCLE('',#3735,2.);
#3735 = AXIS2_PLACEMENT_3D('',#3736,#3737,#3738);
#3736 = CARTESIAN_POINT('',(155.,-17.,-12.));
#3737 = DIRECTION('',(-0.,-1.,-0.));
#3738 = DIRECTION('',(-1.,0.,0.));
#3739 = PCURVE('',#1436,#3740);
#3740 = DEFINITIONAL_REPRESENTATION('',(#3741),#3744);
#3741 = B_SPLINE_CURVE_WITH_KNOTS('',1,(#3742,#3743),.UNSPECIFIED.,.F.,
  .F.,(2,2),(0.,1.570796326795),.PIECEWISE_BEZIER_KNOTS.);
#3742 = CARTESIAN_POINT('',(0.,0.));
#3743 = CARTESIAN_POINT('',(-1.570796326795,0.));
#3744 = ( GEOMETRIC_REPRESENTATION_CONTEXT(2) 
PARAMETRIC_REPRESENTATION_CONTEXT() REPRESENTATION_CONTEXT('2D SPACE',''
  ) );
#3745 = PCURVE('',#3584,#3746);
#3746 = DEFINITIONAL_REPRESENTATION('',(#3747),#3750);
#3747 = B_SPLINE_CURVE_WITH_KNOTS('',1,(#3748,#3749),.UNSPECIFIED.,.F.,
  .F.,(2,2),(0.,1.570796326795),.PIECEWISE_BEZIER_KNOTS.);
#3748 = CARTESIAN_POINT('',(1.570796326795,0.));
#3749 = CARTESIAN_POINT('',(1.570796326795,1.570796326795));
#3750 = ( GEOMETRIC_REPRESENTATION_CONTEXT(2) 
PARAMETRIC_REPRESENTATION_CONTEXT() REPRESENTATION_CONTEXT('2D SPACE',''
  ) );
#3751 = ORIENTED_EDGE('',*,*,#3752,.T.);
#3752 = EDGE_CURVE('',#3731,#3753,#3755,.T.);
#3753 = VERTEX_POINT('',#3754);
#3754 = CARTESIAN_POINT('',(155.,17.,-14.));
#3755 = SURFACE_CURVE('',#3756,(#3760,#3767),.PCURVE_S1.);
#3756 = LINE('',#3757,#3758);
#3757 = CARTESIAN_POINT('',(155.,-17.,-14.));
#3758 = VECTOR('',#3759,1.);
#3759 = DIRECTION('',(0.,1.,0.));
#3760 = PCURVE('',#1436,#3761);
#3761 = DEFINITIONAL_REPRESENTATION('',(#3762),#3766);
#3762 = LINE('',#3763,#3764);
#3763 = CARTESIAN_POINT('',(-1.570796326795,0.));
#3764 = VECTOR('',#3765,1.);
#3765 = DIRECTION('',(-0.,1.));
#3766 = ( GEOMETRIC_REPRESENTATION_CONTEXT(2) 
PARAMETRIC_REPRESENTATION_CONTEXT() REPRESENTATION_CONTEXT('2D SPACE',''
  ) );
#3767 = PCURVE('',#3768,#3773);
#3768 = PLANE('',#3769);
#3769 = AXIS2_PLACEMENT_3D('',#3770,#3771,#3772);
#3770 = CARTESIAN_POINT('',(153.,-19.,-14.));
#3771 = DIRECTION('',(0.,0.,1.));
#3772 = DIRECTION('',(1.,0.,0.));
#3773 = DEFINITIONAL_REPRESENTATION('',(#3774),#3778);
#3774 = LINE('',#3775,#3776);
#3775 = CARTESIAN_POINT('',(2.,2.));
#3776 = VECTOR('',#3777,1.);
#3777 = DIRECTION('',(0.,1.));
#3778 = ( GEOMETRIC_REPRESENTATION_CONTEXT(2) 
PARAMETRIC_REPRESENTATION_CONTEXT() REPRESENTATION_CONTEXT('2D SPACE',''
  ) );
#3779 = ORIENTED_EDGE('',*,*,#3780,.F.);
#3780 = EDGE_CURVE('',#1421,#3753,#3781,.T.);
#3781 = SURFACE_CURVE('',#3782,(#3787,#3793),.PCURVE_S1.);
#3782 = CIRCLE('',#3783,2.);
#3783 = AXIS2_PLACEMENT_3D('',#3784,#3785,#3786);
#3784 = CARTESIAN_POINT('',(155.,17.,-12.));
#3785 = DIRECTION('',(-0.,-1.,-0.));
#3786 = DIRECTION('',(-1.,0.,0.));
#3787 = PCURVE('',#1436,#3788);
#3788 = DEFINITIONAL_REPRESENTATION('',(#3789),#3792);
#3789 = B_SPLINE_CURVE_WITH_KNOTS('',1,(#3790,#3791),.UNSPECIFIED.,.F.,
  .F.,(2,2),(0.,1.570796326795),.PIECEWISE_BEZIER_KNOTS.);
#3790 = CARTESIAN_POINT('',(0.,34.));
#3791 = CARTESIAN_POINT('',(-1.570796326795,34.));
#3792 = ( GEOMETRIC_REPRESENTATION_CONTEXT(2) 
PARAMETRIC_REPRESENTATION_CONTEXT() REPRESENTATION_CONTEXT('2D SPACE',''
  ) );
#3793 = PCURVE('',#3170,#3794);
#3794 = DEFINITIONAL_REPRESENTATION('',(#3795),#3798);
#3795 = B_SPLINE_CURVE_WITH_KNOTS('',1,(#3796,#3797),.UNSPECIFIED.,.F.,
  .F.,(2,2),(0.,1.570796326795),.PIECEWISE_BEZIER_KNOTS.);
#3796 = CARTESIAN_POINT('',(0.,0.));
#3797 = CARTESIAN_POINT('',(0.,1.570796326795));
#3798 = ( GEOMETRIC_REPRESENTATION_CONTEXT(2) 
PARAMETRIC_REPRESENTATION_CONTEXT() REPRESENTATION_CONTEXT('2D SPACE',''
  ) );
#3799 = ORIENTED_EDGE('',*,*,#1420,.F.);
#3800 = ADVANCED_FACE('',(#3801,#3832,#3867),#1646,.F.);
#3801 = FACE_BOUND('',#3802,.F.);
#3802 = EDGE_LOOP('',(#3803,#3804,#3805,#3831));
#3803 = ORIENTED_EDGE('',*,*,#1631,.F.);
#3804 = ORIENTED_EDGE('',*,*,#1785,.T.);
#3805 = ORIENTED_EDGE('',*,*,#3806,.F.);
#3806 = EDGE_CURVE('',#1682,#1765,#3807,.T.);
#3807 = SURFACE_CURVE('',#3808,(#3813,#3824),.PCURVE_S1.);
#3808 = CIRCLE('',#3809,3.5);
#3809 = AXIS2_PLACEMENT_3D('',#3810,#3811,#3812);
#3810 = CARTESIAN_POINT('',(10.,6.25,6.));
#3811 = DIRECTION('',(0.,0.,-1.));
#3812 = DIRECTION('',(0.450340007604,0.892857142857,0.));
#3813 = PCURVE('',#1646,#3814);
#3814 = DEFINITIONAL_REPRESENTATION('',(#3815),#3823);
#3815 = ( BOUNDED_CURVE() B_SPLINE_CURVE(2,(#3816,#3817,#3818,#3819,
#3820,#3821,#3822),.UNSPECIFIED.,.T.,.F.) B_SPLINE_CURVE_WITH_KNOTS((1,2
    ,2,2,2,1),(-2.094395102393,0.,2.094395102393,4.188790204786,
6.28318530718,8.377580409573),.UNSPECIFIED.) CURVE() 
GEOMETRIC_REPRESENTATION_ITEM() RATIONAL_B_SPLINE_CURVE((1.,0.5,1.,0.5,
1.,0.5,1.)) REPRESENTATION_ITEM('') );
#3816 = CARTESIAN_POINT('',(1.576190026615,-3.125));
#3817 = CARTESIAN_POINT('',(6.988848800268,-5.85504120848));
#3818 = CARTESIAN_POINT('',(1.918234373519,-9.17752060424));
#3819 = CARTESIAN_POINT('',(-3.152380053229,-12.5));
#3820 = CARTESIAN_POINT('',(-3.494424400134,-6.44747939576));
#3821 = CARTESIAN_POINT('',(-3.836468747038,-0.39495879152));
#3822 = CARTESIAN_POINT('',(1.576190026615,-3.125));
#3823 = ( GEOMETRIC_REPRESENTATION_CONTEXT(2) 
PARAMETRIC_REPRESENTATION_CONTEXT() REPRESENTATION_CONTEXT('2D SPACE',''
  ) );
#3824 = PCURVE('',#1720,#3825);
#3825 = DEFINITIONAL_REPRESENTATION('',(#3826),#3830);
#3826 = LINE('',#3827,#3828);
#3827 = CARTESIAN_POINT('',(-7.386835522966,0.));
#3828 = VECTOR('',#3829,1.);
#3829 = DIRECTION('',(1.,-0.));
#3830 = ( GEOMETRIC_REPRESENTATION_CONTEXT(2) 
PARAMETRIC_REPRESENTATION_CONTEXT() REPRESENTATION_CONTEXT('2D SPACE',''
  ) );
#3831 = ORIENTED_EDGE('',*,*,#1681,.T.);
#3832 = FACE_BOUND('',#3833,.F.);
#3833 = EDGE_LOOP('',(#3834));
#3834 = ORIENTED_EDGE('',*,*,#3835,.T.);
#3835 = EDGE_CURVE('',#3836,#3836,#3838,.T.);
#3836 = VERTEX_POINT('',#3837);
#3837 = CARTESIAN_POINT('',(11.,6.25,6.));
#3838 = SURFACE_CURVE('',#3839,(#3844,#3855),.PCURVE_S1.);
#3839 = CIRCLE('',#3840,1.);
#3840 = AXIS2_PLACEMENT_3D('',#3841,#3842,#3843);
#3841 = CARTESIAN_POINT('',(10.,6.25,6.));
#3842 = DIRECTION('',(0.,0.,-1.));
#3843 = DIRECTION('',(1.,0.,0.));
#3844 = PCURVE('',#1646,#3845);
#3845 = DEFINITIONAL_REPRESENTATION('',(#3846),#3854);
#3846 = ( BOUNDED_CURVE() B_SPLINE_CURVE(2,(#3847,#3848,#3849,#3850,
#3851,#3852,#3853),.UNSPECIFIED.,.T.,.F.) B_SPLINE_CURVE_WITH_KNOTS((1,2
    ,2,2,2,1),(-2.094395102393,0.,2.094395102393,4.188790204786,
6.28318530718,8.377580409573),.UNSPECIFIED.) CURVE() 
GEOMETRIC_REPRESENTATION_ITEM() RATIONAL_B_SPLINE_CURVE((1.,0.5,1.,0.5,
1.,0.5,1.)) REPRESENTATION_ITEM('') );
#3847 = CARTESIAN_POINT('',(1.,-6.25));
#3848 = CARTESIAN_POINT('',(1.,-7.982050807569));
#3849 = CARTESIAN_POINT('',(-0.5,-7.116025403784));
#3850 = CARTESIAN_POINT('',(-2.,-6.25));
#3851 = CARTESIAN_POINT('',(-0.5,-5.383974596216));
#3852 = CARTESIAN_POINT('',(1.,-4.517949192431));
#3853 = CARTESIAN_POINT('',(1.,-6.25));
#3854 = ( GEOMETRIC_REPRESENTATION_CONTEXT(2) 
PARAMETRIC_REPRESENTATION_CONTEXT() REPRESENTATION_CONTEXT('2D SPACE',''
  ) );
#3855 = PCURVE('',#3856,#3861);
#3856 = CYLINDRICAL_SURFACE('',#3857,1.);
#3857 = AXIS2_PLACEMENT_3D('',#3858,#3859,#3860);
#3858 = CARTESIAN_POINT('',(10.,6.25,3.));
#3859 = DIRECTION('',(-0.,-0.,-1.));
#3860 = DIRECTION('',(1.,0.,0.));
#3861 = DEFINITIONAL_REPRESENTATION('',(#3862),#3866);
#3862 = LINE('',#3863,#3864);
#3863 = CARTESIAN_POINT('',(-6.28318530718,-3.));
#3864 = VECTOR('',#3865,1.);
#3865 = DIRECTION('',(1.,-0.));
#3866 = ( GEOMETRIC_REPRESENTATION_CONTEXT(2) 
PARAMETRIC_REPRESENTATION_CONTEXT() REPRESENTATION_CONTEXT('2D SPACE',''
  ) );
#3867 = FACE_BOUND('',#3868,.F.);
#3868 = EDGE_LOOP('',(#3869));
#3869 = ORIENTED_EDGE('',*,*,#3870,.T.);
#3870 = EDGE_CURVE('',#3871,#3871,#3873,.T.);
#3871 = VERTEX_POINT('',#3872);
#3872 = CARTESIAN_POINT('',(11.,12.5,6.));
#3873 = SURFACE_CURVE('',#3874,(#3879,#3890),.PCURVE_S1.);
#3874 = CIRCLE('',#3875,1.);
#3875 = AXIS2_PLACEMENT_3D('',#3876,#3877,#3878);
#3876 = CARTESIAN_POINT('',(10.,12.5,6.));
#3877 = DIRECTION('',(0.,0.,-1.));
#3878 = DIRECTION('',(1.,0.,0.));
#3879 = PCURVE('',#1646,#3880);
#3880 = DEFINITIONAL_REPRESENTATION('',(#3881),#3889);
#3881 = ( BOUNDED_CURVE() B_SPLINE_CURVE(2,(#3882,#3883,#3884,#3885,
#3886,#3887,#3888),.UNSPECIFIED.,.T.,.F.) B_SPLINE_CURVE_WITH_KNOTS((1,2
    ,2,2,2,1),(-2.094395102393,0.,2.094395102393,4.188790204786,
6.28318530718,8.377580409573),.UNSPECIFIED.) CURVE() 
GEOMETRIC_REPRESENTATION_ITEM() RATIONAL_B_SPLINE_CURVE((1.,0.5,1.,0.5,
1.,0.5,1.)) REPRESENTATION_ITEM('') );
#3882 = CARTESIAN_POINT('',(1.,0.));
#3883 = CARTESIAN_POINT('',(1.,-1.732050807569));
#3884 = CARTESIAN_POINT('',(-0.5,-0.866025403784));
#3885 = CARTESIAN_POINT('',(-2.,-2.449293598295E-16));
#3886 = CARTESIAN_POINT('',(-0.5,0.866025403784));
#3887 = CARTESIAN_POINT('',(1.,1.732050807569));
#3888 = CARTESIAN_POINT('',(1.,0.));
#3889 = ( GEOMETRIC_REPRESENTATION_CONTEXT(2) 
PARAMETRIC_REPRESENTATION_CONTEXT() REPRESENTATION_CONTEXT('2D SPACE',''
  ) );
#3890 = PCURVE('',#3891,#3896);
#3891 = CYLINDRICAL_SURFACE('',#3892,1.);
#3892 = AXIS2_PLACEMENT_3D('',#3893,#3894,#3895);
#3893 = CARTESIAN_POINT('',(10.,12.5,3.));
#3894 = DIRECTION('',(-0.,-0.,-1.));
#3895 = DIRECTION('',(1.,0.,0.));
#3896 = DEFINITIONAL_REPRESENTATION('',(#3897),#3901);
#3897 = LINE('',#3898,#3899);
#3898 = CARTESIAN_POINT('',(-6.28318530718,-3.));
#3899 = VECTOR('',#3900,1.);
#3900 = DIRECTION('',(1.,-0.));
#3901 = ( GEOMETRIC_REPRESENTATION_CONTEXT(2) 
PARAMETRIC_REPRESENTATION_CONTEXT() REPRESENTATION_CONTEXT('2D SPACE',''
  ) );
#3902 = ADVANCED_FACE('',(#3903),#1720,.T.);
#3903 = FACE_BOUND('',#3904,.F.);
#3904 = EDGE_LOOP('',(#3905,#3931,#3932,#3933));
#3905 = ORIENTED_EDGE('',*,*,#3906,.F.);
#3906 = EDGE_CURVE('',#1706,#1732,#3907,.T.);
#3907 = SURFACE_CURVE('',#3908,(#3913,#3920),.PCURVE_S1.);
#3908 = CIRCLE('',#3909,3.5);
#3909 = AXIS2_PLACEMENT_3D('',#3910,#3911,#3912);
#3910 = CARTESIAN_POINT('',(10.,6.25,15.));
#3911 = DIRECTION('',(0.,0.,-1.));
#3912 = DIRECTION('',(0.450340007604,0.892857142857,0.));
#3913 = PCURVE('',#1720,#3914);
#3914 = DEFINITIONAL_REPRESENTATION('',(#3915),#3919);
#3915 = LINE('',#3916,#3917);
#3916 = CARTESIAN_POINT('',(-7.386835522966,-9.));
#3917 = VECTOR('',#3918,1.);
#3918 = DIRECTION('',(1.,-0.));
#3919 = ( GEOMETRIC_REPRESENTATION_CONTEXT(2) 
PARAMETRIC_REPRESENTATION_CONTEXT() REPRESENTATION_CONTEXT('2D SPACE',''
  ) );
#3920 = PCURVE('',#1748,#3921);
#3921 = DEFINITIONAL_REPRESENTATION('',(#3922),#3930);
#3922 = ( BOUNDED_CURVE() B_SPLINE_CURVE(2,(#3923,#3924,#3925,#3926,
#3927,#3928,#3929),.UNSPECIFIED.,.T.,.F.) B_SPLINE_CURVE_WITH_KNOTS((1,2
    ,2,2,2,1),(-2.094395102393,0.,2.094395102393,4.188790204786,
6.28318530718,8.377580409573),.UNSPECIFIED.) CURVE() 
GEOMETRIC_REPRESENTATION_ITEM() RATIONAL_B_SPLINE_CURVE((1.,0.5,1.,0.5,
1.,0.5,1.)) REPRESENTATION_ITEM('') );
#3923 = CARTESIAN_POINT('',(1.576190026615,-3.125));
#3924 = CARTESIAN_POINT('',(6.988848800268,-5.85504120848));
#3925 = CARTESIAN_POINT('',(1.918234373519,-9.17752060424));
#3926 = CARTESIAN_POINT('',(-3.15238005323,-12.5));
#3927 = CARTESIAN_POINT('',(-3.494424400134,-6.44747939576));
#3928 = CARTESIAN_POINT('',(-3.836468747038,-0.39495879152));
#3929 = CARTESIAN_POINT('',(1.576190026615,-3.125));
#3930 = ( GEOMETRIC_REPRESENTATION_CONTEXT(2) 
PARAMETRIC_REPRESENTATION_CONTEXT() REPRESENTATION_CONTEXT('2D SPACE',''
  ) );
#3931 = ORIENTED_EDGE('',*,*,#1705,.T.);
#3932 = ORIENTED_EDGE('',*,*,#3806,.T.);
#3933 = ORIENTED_EDGE('',*,*,#1764,.F.);
#3934 = ADVANCED_FACE('',(#3935,#3939,#3965),#1748,.T.);
#3935 = FACE_BOUND('',#3936,.T.);
#3936 = EDGE_LOOP('',(#3937,#3938));
#3937 = ORIENTED_EDGE('',*,*,#1731,.F.);
#3938 = ORIENTED_EDGE('',*,*,#3906,.F.);
#3939 = FACE_BOUND('',#3940,.T.);
#3940 = EDGE_LOOP('',(#3941));
#3941 = ORIENTED_EDGE('',*,*,#3942,.F.);
#3942 = EDGE_CURVE('',#3943,#3943,#3945,.T.);
#3943 = VERTEX_POINT('',#3944);
#3944 = CARTESIAN_POINT('',(11.,6.25,15.));
#3945 = SURFACE_CURVE('',#3946,(#3951,#3958),.PCURVE_S1.);
#3946 = CIRCLE('',#3947,1.);
#3947 = AXIS2_PLACEMENT_3D('',#3948,#3949,#3950);
#3948 = CARTESIAN_POINT('',(10.,6.25,15.));
#3949 = DIRECTION('',(0.,0.,1.));
#3950 = DIRECTION('',(1.,0.,0.));
#3951 = PCURVE('',#1748,#3952);
#3952 = DEFINITIONAL_REPRESENTATION('',(#3953),#3957);
#3953 = CIRCLE('',#3954,1.);
#3954 = AXIS2_PLACEMENT_2D('',#3955,#3956);
#3955 = CARTESIAN_POINT('',(0.,-6.25));
#3956 = DIRECTION('',(1.,0.));
#3957 = ( GEOMETRIC_REPRESENTATION_CONTEXT(2) 
PARAMETRIC_REPRESENTATION_CONTEXT() REPRESENTATION_CONTEXT('2D SPACE',''
  ) );
#3958 = PCURVE('',#3856,#3959);
#3959 = DEFINITIONAL_REPRESENTATION('',(#3960),#3964);
#3960 = LINE('',#3961,#3962);
#3961 = CARTESIAN_POINT('',(-0.,-12.));
#3962 = VECTOR('',#3963,1.);
#3963 = DIRECTION('',(-1.,0.));
#3964 = ( GEOMETRIC_REPRESENTATION_CONTEXT(2) 
PARAMETRIC_REPRESENTATION_CONTEXT() REPRESENTATION_CONTEXT('2D SPACE',''
  ) );
#3965 = FACE_BOUND('',#3966,.T.);
#3966 = EDGE_LOOP('',(#3967));
#3967 = ORIENTED_EDGE('',*,*,#3968,.F.);
#3968 = EDGE_CURVE('',#3969,#3969,#3971,.T.);
#3969 = VERTEX_POINT('',#3970);
#3970 = CARTESIAN_POINT('',(11.,12.5,15.));
#3971 = SURFACE_CURVE('',#3972,(#3977,#3984),.PCURVE_S1.);
#3972 = CIRCLE('',#3973,1.);
#3973 = AXIS2_PLACEMENT_3D('',#3974,#3975,#3976);
#3974 = CARTESIAN_POINT('',(10.,12.5,15.));
#3975 = DIRECTION('',(0.,0.,1.));
#3976 = DIRECTION('',(1.,0.,0.));
#3977 = PCURVE('',#1748,#3978);
#3978 = DEFINITIONAL_REPRESENTATION('',(#3979),#3983);
#3979 = CIRCLE('',#3980,1.);
#3980 = AXIS2_PLACEMENT_2D('',#3981,#3982);
#3981 = CARTESIAN_POINT('',(0.,0.));
#3982 = DIRECTION('',(1.,0.));
#3983 = ( GEOMETRIC_REPRESENTATION_CONTEXT(2) 
PARAMETRIC_REPRESENTATION_CONTEXT() REPRESENTATION_CONTEXT('2D SPACE',''
  ) );
#3984 = PCURVE('',#3891,#3985);
#3985 = DEFINITIONAL_REPRESENTATION('',(#3986),#3990);
#3986 = LINE('',#3987,#3988);
#3987 = CARTESIAN_POINT('',(-0.,-12.));
#3988 = VECTOR('',#3989,1.);
#3989 = DIRECTION('',(-1.,0.));
#3990 = ( GEOMETRIC_REPRESENTATION_CONTEXT(2) 
PARAMETRIC_REPRESENTATION_CONTEXT() REPRESENTATION_CONTEXT('2D SPACE',''
  ) );
#3991 = ADVANCED_FACE('',(#3992,#4023,#4058),#1879,.F.);
#3992 = FACE_BOUND('',#3993,.F.);
#3993 = EDGE_LOOP('',(#3994,#3995,#3996,#4022));
#3994 = ORIENTED_EDGE('',*,*,#1864,.T.);
#3995 = ORIENTED_EDGE('',*,*,#1975,.T.);
#3996 = ORIENTED_EDGE('',*,*,#3997,.F.);
#3997 = EDGE_CURVE('',#2001,#1950,#3998,.T.);
#3998 = SURFACE_CURVE('',#3999,(#4004,#4015),.PCURVE_S1.);
#3999 = CIRCLE('',#4000,3.5);
#4000 = AXIS2_PLACEMENT_3D('',#4001,#4002,#4003);
#4001 = CARTESIAN_POINT('',(10.,-6.25,6.));
#4002 = DIRECTION('',(-0.,0.,-1.));
#4003 = DIRECTION('',(-0.450340007604,-0.892857142857,0.));
#4004 = PCURVE('',#1879,#4005);
#4005 = DEFINITIONAL_REPRESENTATION('',(#4006),#4014);
#4006 = ( BOUNDED_CURVE() B_SPLINE_CURVE(2,(#4007,#4008,#4009,#4010,
#4011,#4012,#4013),.UNSPECIFIED.,.T.,.F.) B_SPLINE_CURVE_WITH_KNOTS((1,2
    ,2,2,2,1),(-2.094395102393,0.,2.094395102393,4.188790204786,
6.28318530718,8.377580409573),.UNSPECIFIED.) CURVE() 
GEOMETRIC_REPRESENTATION_ITEM() RATIONAL_B_SPLINE_CURVE((1.,0.5,1.,0.5,
1.,0.5,1.)) REPRESENTATION_ITEM('') );
#4007 = CARTESIAN_POINT('',(-1.576190026615,3.125));
#4008 = CARTESIAN_POINT('',(-6.988848800268,5.85504120848));
#4009 = CARTESIAN_POINT('',(-1.918234373519,9.17752060424));
#4010 = CARTESIAN_POINT('',(3.152380053229,12.5));
#4011 = CARTESIAN_POINT('',(3.494424400134,6.44747939576));
#4012 = CARTESIAN_POINT('',(3.836468747038,0.39495879152));
#4013 = CARTESIAN_POINT('',(-1.576190026615,3.125));
#4014 = ( GEOMETRIC_REPRESENTATION_CONTEXT(2) 
PARAMETRIC_REPRESENTATION_CONTEXT() REPRESENTATION_CONTEXT('2D SPACE',''
  ) );
#4015 = PCURVE('',#1964,#4016);
#4016 = DEFINITIONAL_REPRESENTATION('',(#4017),#4021);
#4017 = LINE('',#4018,#4019);
#4018 = CARTESIAN_POINT('',(-4.245242869376,0.));
#4019 = VECTOR('',#4020,1.);
#4020 = DIRECTION('',(1.,-0.));
#4021 = ( GEOMETRIC_REPRESENTATION_CONTEXT(2) 
PARAMETRIC_REPRESENTATION_CONTEXT() REPRESENTATION_CONTEXT('2D SPACE',''
  ) );
#4022 = ORIENTED_EDGE('',*,*,#2000,.T.);
#4023 = FACE_BOUND('',#4024,.F.);
#4024 = EDGE_LOOP('',(#4025));
#4025 = ORIENTED_EDGE('',*,*,#4026,.T.);
#4026 = EDGE_CURVE('',#4027,#4027,#4029,.T.);
#4027 = VERTEX_POINT('',#4028);
#4028 = CARTESIAN_POINT('',(11.,-12.5,6.));
#4029 = SURFACE_CURVE('',#4030,(#4035,#4046),.PCURVE_S1.);
#4030 = CIRCLE('',#4031,1.);
#4031 = AXIS2_PLACEMENT_3D('',#4032,#4033,#4034);
#4032 = CARTESIAN_POINT('',(10.,-12.5,6.));
#4033 = DIRECTION('',(0.,0.,-1.));
#4034 = DIRECTION('',(1.,0.,0.));
#4035 = PCURVE('',#1879,#4036);
#4036 = DEFINITIONAL_REPRESENTATION('',(#4037),#4045);
#4037 = ( BOUNDED_CURVE() B_SPLINE_CURVE(2,(#4038,#4039,#4040,#4041,
#4042,#4043,#4044),.UNSPECIFIED.,.T.,.F.) B_SPLINE_CURVE_WITH_KNOTS((1,2
    ,2,2,2,1),(-2.094395102393,0.,2.094395102393,4.188790204786,
6.28318530718,8.377580409573),.UNSPECIFIED.) CURVE() 
GEOMETRIC_REPRESENTATION_ITEM() RATIONAL_B_SPLINE_CURVE((1.,0.5,1.,0.5,
1.,0.5,1.)) REPRESENTATION_ITEM('') );
#4038 = CARTESIAN_POINT('',(1.,0.));
#4039 = CARTESIAN_POINT('',(1.,-1.732050807569));
#4040 = CARTESIAN_POINT('',(-0.5,-0.866025403784));
#4041 = CARTESIAN_POINT('',(-2.,-2.449293598295E-16));
#4042 = CARTESIAN_POINT('',(-0.5,0.866025403784));
#4043 = CARTESIAN_POINT('',(1.,1.732050807569));
#4044 = CARTESIAN_POINT('',(1.,0.));
#4045 = ( GEOMETRIC_REPRESENTATION_CONTEXT(2) 
PARAMETRIC_REPRESENTATION_CONTEXT() REPRESENTATION_CONTEXT('2D SPACE',''
  ) );
#4046 = PCURVE('',#4047,#4052);
#4047 = CYLINDRICAL_SURFACE('',#4048,1.);
#4048 = AXIS2_PLACEMENT_3D('',#4049,#4050,#4051);
#4049 = CARTESIAN_POINT('',(10.,-12.5,3.));
#4050 = DIRECTION('',(-0.,-0.,-1.));
#4051 = DIRECTION('',(1.,0.,0.));
#4052 = DEFINITIONAL_REPRESENTATION('',(#4053),#4057);
#4053 = LINE('',#4054,#4055);
#4054 = CARTESIAN_POINT('',(-6.28318530718,-3.));
#4055 = VECTOR('',#4056,1.);
#4056 = DIRECTION('',(1.,-0.));
#4057 = ( GEOMETRIC_REPRESENTATION_CONTEXT(2) 
PARAMETRIC_REPRESENTATION_CONTEXT() REPRESENTATION_CONTEXT('2D SPACE',''
  ) );
#4058 = FACE_BOUND('',#4059,.F.);
#4059 = EDGE_LOOP('',(#4060));
#4060 = ORIENTED_EDGE('',*,*,#4061,.T.);
#4061 = EDGE_CURVE('',#4062,#4062,#4064,.T.);
#4062 = VERTEX_POINT('',#4063);
#4063 = CARTESIAN_POINT('',(11.,-6.25,6.));
#4064 = SURFACE_CURVE('',#4065,(#4070,#4081),.PCURVE_S1.);
#4065 = CIRCLE('',#4066,1.);
#4066 = AXIS2_PLACEMENT_3D('',#4067,#4068,#4069);
#4067 = CARTESIAN_POINT('',(10.,-6.25,6.));
#4068 = DIRECTION('',(0.,0.,-1.));
#4069 = DIRECTION('',(1.,0.,0.));
#4070 = PCURVE('',#1879,#4071);
#4071 = DEFINITIONAL_REPRESENTATION('',(#4072),#4080);
#4072 = ( BOUNDED_CURVE() B_SPLINE_CURVE(2,(#4073,#4074,#4075,#4076,
#4077,#4078,#4079),.UNSPECIFIED.,.T.,.F.) B_SPLINE_CURVE_WITH_KNOTS((1,2
    ,2,2,2,1),(-2.094395102393,0.,2.094395102393,4.188790204786,
6.28318530718,8.377580409573),.UNSPECIFIED.) CURVE() 
GEOMETRIC_REPRESENTATION_ITEM() RATIONAL_B_SPLINE_CURVE((1.,0.5,1.,0.5,
1.,0.5,1.)) REPRESENTATION_ITEM('') );
#4073 = CARTESIAN_POINT('',(1.,6.25));
#4074 = CARTESIAN_POINT('',(1.,4.517949192431));
#4075 = CARTESIAN_POINT('',(-0.5,5.383974596216));
#4076 = CARTESIAN_POINT('',(-2.,6.25));
#4077 = CARTESIAN_POINT('',(-0.5,7.116025403784));
#4078 = CARTESIAN_POINT('',(1.,7.982050807569));
#4079 = CARTESIAN_POINT('',(1.,6.25));
#4080 = ( GEOMETRIC_REPRESENTATION_CONTEXT(2) 
PARAMETRIC_REPRESENTATION_CONTEXT() REPRESENTATION_CONTEXT('2D SPACE',''
  ) );
#4081 = PCURVE('',#4082,#4087);
#4082 = CYLINDRICAL_SURFACE('',#4083,1.);
#4083 = AXIS2_PLACEMENT_3D('',#4084,#4085,#4086);
#4084 = CARTESIAN_POINT('',(10.,-6.25,3.));
#4085 = DIRECTION('',(-0.,-0.,-1.));
#4086 = DIRECTION('',(1.,0.,0.));
#4087 = DEFINITIONAL_REPRESENTATION('',(#4088),#4092);
#4088 = LINE('',#4089,#4090);
#4089 = CARTESIAN_POINT('',(-6.28318530718,-3.));
#4090 = VECTOR('',#4091,1.);
#4091 = DIRECTION('',(1.,-0.));
#4092 = ( GEOMETRIC_REPRESENTATION_CONTEXT(2) 
PARAMETRIC_REPRESENTATION_CONTEXT() REPRESENTATION_CONTEXT('2D SPACE',''
  ) );
#4093 = ADVANCED_FACE('',(#4094,#4119,#4145),#1933,.T.);
#4094 = FACE_BOUND('',#4095,.T.);
#4095 = EDGE_LOOP('',(#4096,#4097));
#4096 = ORIENTED_EDGE('',*,*,#1914,.F.);
#4097 = ORIENTED_EDGE('',*,*,#4098,.T.);
#4098 = EDGE_CURVE('',#1915,#1917,#4099,.T.);
#4099 = SURFACE_CURVE('',#4100,(#4105,#4112),.PCURVE_S1.);
#4100 = CIRCLE('',#4101,3.5);
#4101 = AXIS2_PLACEMENT_3D('',#4102,#4103,#4104);
#4102 = CARTESIAN_POINT('',(10.,-6.25,15.));
#4103 = DIRECTION('',(0.,0.,1.));
#4104 = DIRECTION('',(0.450340007604,-0.892857142857,0.));
#4105 = PCURVE('',#1933,#4106);
#4106 = DEFINITIONAL_REPRESENTATION('',(#4107),#4111);
#4107 = CIRCLE('',#4108,3.5);
#4108 = AXIS2_PLACEMENT_2D('',#4109,#4110);
#4109 = CARTESIAN_POINT('',(0.,6.25));
#4110 = DIRECTION('',(0.450340007604,-0.892857142857));
#4111 = ( GEOMETRIC_REPRESENTATION_CONTEXT(2) 
PARAMETRIC_REPRESENTATION_CONTEXT() REPRESENTATION_CONTEXT('2D SPACE',''
  ) );
#4112 = PCURVE('',#1964,#4113);
#4113 = DEFINITIONAL_REPRESENTATION('',(#4114),#4118);
#4114 = LINE('',#4115,#4116);
#4115 = CARTESIAN_POINT('',(1.103650215786,-9.));
#4116 = VECTOR('',#4117,1.);
#4117 = DIRECTION('',(-1.,0.));
#4118 = ( GEOMETRIC_REPRESENTATION_CONTEXT(2) 
PARAMETRIC_REPRESENTATION_CONTEXT() REPRESENTATION_CONTEXT('2D SPACE',''
  ) );
#4119 = FACE_BOUND('',#4120,.T.);
#4120 = EDGE_LOOP('',(#4121));
#4121 = ORIENTED_EDGE('',*,*,#4122,.F.);
#4122 = EDGE_CURVE('',#4123,#4123,#4125,.T.);
#4123 = VERTEX_POINT('',#4124);
#4124 = CARTESIAN_POINT('',(11.,-12.5,15.));
#4125 = SURFACE_CURVE('',#4126,(#4131,#4138),.PCURVE_S1.);
#4126 = CIRCLE('',#4127,1.);
#4127 = AXIS2_PLACEMENT_3D('',#4128,#4129,#4130);
#4128 = CARTESIAN_POINT('',(10.,-12.5,15.));
#4129 = DIRECTION('',(0.,0.,1.));
#4130 = DIRECTION('',(1.,0.,0.));
#4131 = PCURVE('',#1933,#4132);
#4132 = DEFINITIONAL_REPRESENTATION('',(#4133),#4137);
#4133 = CIRCLE('',#4134,1.);
#4134 = AXIS2_PLACEMENT_2D('',#4135,#4136);
#4135 = CARTESIAN_POINT('',(0.,0.));
#4136 = DIRECTION('',(1.,0.));
#4137 = ( GEOMETRIC_REPRESENTATION_CONTEXT(2) 
PARAMETRIC_REPRESENTATION_CONTEXT() REPRESENTATION_CONTEXT('2D SPACE',''
  ) );
#4138 = PCURVE('',#4047,#4139);
#4139 = DEFINITIONAL_REPRESENTATION('',(#4140),#4144);
#4140 = LINE('',#4141,#4142);
#4141 = CARTESIAN_POINT('',(-0.,-12.));
#4142 = VECTOR('',#4143,1.);
#4143 = DIRECTION('',(-1.,0.));
#4144 = ( GEOMETRIC_REPRESENTATION_CONTEXT(2) 
PARAMETRIC_REPRESENTATION_CONTEXT() REPRESENTATION_CONTEXT('2D SPACE',''
  ) );
#4145 = FACE_BOUND('',#4146,.T.);
#4146 = EDGE_LOOP('',(#4147));
#4147 = ORIENTED_EDGE('',*,*,#4148,.F.);
#4148 = EDGE_CURVE('',#4149,#4149,#4151,.T.);
#4149 = VERTEX_POINT('',#4150);
#4150 = CARTESIAN_POINT('',(11.,-6.25,15.));
#4151 = SURFACE_CURVE('',#4152,(#4157,#4164),.PCURVE_S1.);
#4152 = CIRCLE('',#4153,1.);
#4153 = AXIS2_PLACEMENT_3D('',#4154,#4155,#4156);
#4154 = CARTESIAN_POINT('',(10.,-6.25,15.));
#4155 = DIRECTION('',(0.,0.,1.));
#4156 = DIRECTION('',(1.,0.,0.));
#4157 = PCURVE('',#1933,#4158);
#4158 = DEFINITIONAL_REPRESENTATION('',(#4159),#4163);
#4159 = CIRCLE('',#4160,1.);
#4160 = AXIS2_PLACEMENT_2D('',#4161,#4162);
#4161 = CARTESIAN_POINT('',(0.,6.25));
#4162 = DIRECTION('',(1.,0.));
#4163 = ( GEOMETRIC_REPRESENTATION_CONTEXT(2) 
PARAMETRIC_REPRESENTATION_CONTEXT() REPRESENTATION_CONTEXT('2D SPACE',''
  ) );
#4164 = PCURVE('',#4082,#4165);
#4165 = DEFINITIONAL_REPRESENTATION('',(#4166),#4170);
#4166 = LINE('',#4167,#4168);
#4167 = CARTESIAN_POINT('',(-0.,-12.));
#4168 = VECTOR('',#4169,1.);
#4169 = DIRECTION('',(-1.,0.));
#4170 = ( GEOMETRIC_REPRESENTATION_CONTEXT(2) 
PARAMETRIC_REPRESENTATION_CONTEXT() REPRESENTATION_CONTEXT('2D SPACE',''
  ) );
#4171 = ADVANCED_FACE('',(#4172),#1964,.T.);
#4172 = FACE_BOUND('',#4173,.F.);
#4173 = EDGE_LOOP('',(#4174,#4175,#4176,#4177));
#4174 = ORIENTED_EDGE('',*,*,#4098,.T.);
#4175 = ORIENTED_EDGE('',*,*,#2023,.T.);
#4176 = ORIENTED_EDGE('',*,*,#3997,.T.);
#4177 = ORIENTED_EDGE('',*,*,#1949,.F.);
#4178 = ADVANCED_FACE('',(#4179),#2060,.T.);
#4179 = FACE_BOUND('',#4180,.T.);
#4180 = EDGE_LOOP('',(#4181,#4211,#4323,#4324,#4325,#4326));
#4181 = ORIENTED_EDGE('',*,*,#4182,.F.);
#4182 = EDGE_CURVE('',#4183,#4185,#4187,.T.);
#4183 = VERTEX_POINT('',#4184);
#4184 = CARTESIAN_POINT('',(26.,-19.,-13.));
#4185 = VERTEX_POINT('',#4186);
#4186 = CARTESIAN_POINT('',(26.,-19.,13.));
#4187 = SURFACE_CURVE('',#4188,(#4192,#4199),.PCURVE_S1.);
#4188 = LINE('',#4189,#4190);
#4189 = CARTESIAN_POINT('',(26.,-19.,-16.));
#4190 = VECTOR('',#4191,1.);
#4191 = DIRECTION('',(0.,0.,1.));
#4192 = PCURVE('',#2060,#4193);
#4193 = DEFINITIONAL_REPRESENTATION('',(#4194),#4198);
#4194 = LINE('',#4195,#4196);
#4195 = CARTESIAN_POINT('',(0.,0.));
#4196 = VECTOR('',#4197,1.);
#4197 = DIRECTION('',(0.,1.));
#4198 = ( GEOMETRIC_REPRESENTATION_CONTEXT(2) 
PARAMETRIC_REPRESENTATION_CONTEXT() REPRESENTATION_CONTEXT('2D SPACE',''
  ) );
#4199 = PCURVE('',#4200,#4205);
#4200 = PLANE('',#4201);
#4201 = AXIS2_PLACEMENT_3D('',#4202,#4203,#4204);
#4202 = CARTESIAN_POINT('',(26.,-26.,-16.));
#4203 = DIRECTION('',(1.,0.,0.));
#4204 = DIRECTION('',(0.,0.,1.));
#4205 = DEFINITIONAL_REPRESENTATION('',(#4206),#4210);
#4206 = LINE('',#4207,#4208);
#4207 = CARTESIAN_POINT('',(0.,-7.));
#4208 = VECTOR('',#4209,1.);
#4209 = DIRECTION('',(1.,0.));
#4210 = ( GEOMETRIC_REPRESENTATION_CONTEXT(2) 
PARAMETRIC_REPRESENTATION_CONTEXT() REPRESENTATION_CONTEXT('2D SPACE',''
  ) );
#4211 = ORIENTED_EDGE('',*,*,#4212,.F.);
#4212 = EDGE_CURVE('',#2463,#4183,#4213,.T.);
#4213 = SURFACE_CURVE('',#4214,(#4224,#4234),.PCURVE_S1.);
#4214 = B_SPLINE_CURVE_WITH_KNOTS('',8,(#4215,#4216,#4217,#4218,#4219,
    #4220,#4221,#4222,#4223),.UNSPECIFIED.,.F.,.F.,(9,9),(0.,1.),
  .PIECEWISE_BEZIER_KNOTS.);
#4215 = CARTESIAN_POINT('',(24.,-17.,-13.));
#4216 = CARTESIAN_POINT('',(24.392699067747,-17.,-13.));
#4217 = CARTESIAN_POINT('',(24.785398321701,-17.08812156967,-13.));
#4218 = CARTESIAN_POINT('',(25.155026422385,-17.26436389706,-13.));
#4219 = CARTESIAN_POINT('',(25.478517556629,-17.52148244337,-13.));
#4220 = CARTESIAN_POINT('',(25.735636102932,-17.84497357761,-13.));
#4221 = CARTESIAN_POINT('',(25.911878430323,-18.21460167829,-13.));
#4222 = CARTESIAN_POINT('',(26.,-18.60730093225,-13.));
#4223 = CARTESIAN_POINT('',(26.,-19.,-13.));
#4224 = PCURVE('',#2060,#4225);
#4225 = DEFINITIONAL_REPRESENTATION('',(#4226),#4233);
#4226 = B_SPLINE_CURVE_WITH_KNOTS('',5,(#4227,#4228,#4229,#4230,#4231,
    #4232),.UNSPECIFIED.,.F.,.F.,(6,6),(0.,1.),
  .PIECEWISE_BEZIER_KNOTS.);
#4227 = CARTESIAN_POINT('',(1.570796326795,3.));
#4228 = CARTESIAN_POINT('',(1.256637072598,3.));
#4229 = CARTESIAN_POINT('',(0.942477734347,3.));
#4230 = CARTESIAN_POINT('',(0.628318592448,3.));
#4231 = CARTESIAN_POINT('',(0.314159254197,3.));
#4232 = CARTESIAN_POINT('',(0.,3.));
#4233 = ( GEOMETRIC_REPRESENTATION_CONTEXT(2) 
PARAMETRIC_REPRESENTATION_CONTEXT() REPRESENTATION_CONTEXT('2D SPACE',''
  ) );
#4234 = PCURVE('',#4235,#4317);
#4235 = B_SPLINE_SURFACE_WITH_KNOTS('',8,8,(
    (#4236,#4237,#4238,#4239,#4240,#4241,#4242,#4243,#4244)
    ,(#4245,#4246,#4247,#4248,#4249,#4250,#4251,#4252,#4253)
    ,(#4254,#4255,#4256,#4257,#4258,#4259,#4260,#4261,#4262)
    ,(#4263,#4264,#4265,#4266,#4267,#4268,#4269,#4270,#4271)
    ,(#4272,#4273,#4274,#4275,#4276,#4277,#4278,#4279,#4280)
    ,(#4281,#4282,#4283,#4284,#4285,#4286,#4287,#4288,#4289)
    ,(#4290,#4291,#4292,#4293,#4294,#4295,#4296,#4297,#4298)
    ,(#4299,#4300,#4301,#4302,#4303,#4304,#4305,#4306,#4307)
    ,(#4308,#4309,#4310,#4311,#4312,#4313,#4314,#4315,#4316
  )),.UNSPECIFIED.,.F.,.F.,.F.,(9,9),(9,9),(0.,1.),(0.,1.),
  .PIECEWISE_BEZIER_KNOTS.);
#4236 = CARTESIAN_POINT('',(24.,-17.,-13.));
#4237 = CARTESIAN_POINT('',(23.875,-17.,-13.58904862254));
#4238 = CARTESIAN_POINT('',(23.75,-17.13218236688,-14.17809743051));
#4239 = CARTESIAN_POINT('',(23.625,-17.39654580238,-14.732539703));
#4240 = CARTESIAN_POINT('',(23.5,-17.78222373266,-15.21777626734));
#4241 = CARTESIAN_POINT('',(23.375,-18.26746029699,-15.60345419761));
#4242 = CARTESIAN_POINT('',(23.25,-18.82190256948,-15.86781763311));
#4243 = CARTESIAN_POINT('',(23.125,-19.41095137745,-16.));
#4244 = CARTESIAN_POINT('',(23.,-20.,-16.));
#4245 = CARTESIAN_POINT('',(24.392699067747,-17.,-13.));
#4246 = CARTESIAN_POINT('',(24.265486684278,-16.98772815413,
    -13.58904862254));
#4247 = CARTESIAN_POINT('',(24.12175150495,-17.11475284465,
    -14.19907992414));
#4248 = CARTESIAN_POINT('',(23.961493692043,-17.39501351155,
    -14.78291055676));
#4249 = CARTESIAN_POINT('',(23.786071567291,-17.81946275557,
    -15.27780798807));
#4250 = CARTESIAN_POINT('',(23.598204613281,-18.32554294176,
    -15.63902397426));
#4251 = CARTESIAN_POINT('',(23.401686945751,-18.87183393273,
    -15.87991243389));
#4252 = CARTESIAN_POINT('',(23.200843461287,-19.43770745527,-16.));
#4253 = CARTESIAN_POINT('',(23.,-20.,-16.));
#4254 = CARTESIAN_POINT('',(24.785398321701,-17.08812156967,-13.));
#4255 = CARTESIAN_POINT('',(24.684542314524,-17.05558965993,
    -13.58904862254));
#4256 = CARTESIAN_POINT('',(24.598162303188,-17.23878827531,
    -14.21406741959));
#4257 = CARTESIAN_POINT('',(24.417861117362,-17.53855468042,
    -14.81888973802));
#4258 = CARTESIAN_POINT('',(24.181161610546,-17.97971196646,
    -15.3206877886));
#4259 = CARTESIAN_POINT('',(23.907980844105,-18.48018044956,
    -15.66443095758));
#4260 = CARTESIAN_POINT('',(23.613424746562,-18.99360355568,
    -15.8885515773));
#4261 = CARTESIAN_POINT('',(23.341715363813,-19.54351694103,-16.));
#4262 = CARTESIAN_POINT('',(23.,-20.,-16.));
#4263 = CARTESIAN_POINT('',(25.155026422385,-17.26436389706,-13.));
#4264 = CARTESIAN_POINT('',(25.105678167195,-17.22749595168,
    -13.58904862254));
#4265 = CARTESIAN_POINT('',(25.003828077327,-17.3852295661,
    -14.22305991686));
#4266 = CARTESIAN_POINT('',(24.784339850308,-17.67086829203,
    -14.84047724678));
#4267 = CARTESIAN_POINT('',(24.474736272454,-18.09520663498,
    -15.34641566891));
#4268 = CARTESIAN_POINT('',(24.119515132315,-18.57473187256,
    -15.67967514757));
#4269 = CARTESIAN_POINT('',(23.746694334719,-19.06226846828,
    -15.89373506335));
#4270 = CARTESIAN_POINT('',(23.388254551138,-19.5690186783,-16.));
#4271 = CARTESIAN_POINT('',(23.,-20.,-16.));
#4272 = CARTESIAN_POINT('',(25.478517556629,-17.52148244337,-13.));
#4273 = CARTESIAN_POINT('',(25.48587317493,-17.51412682507,
    -13.58904862254));
#4274 = CARTESIAN_POINT('',(25.359346228225,-17.64065377177,
    -14.22605741595));
#4275 = CARTESIAN_POINT('',(25.102486774944,-17.89751322505,
    -14.84767308303));
#4276 = CARTESIAN_POINT('',(24.724823598099,-18.2751764019,
    -15.35499162902));
#4277 = CARTESIAN_POINT('',(24.295310220103,-18.70468977989,
    -15.68475654424));
#4278 = CARTESIAN_POINT('',(23.85444449073,-19.14555550927,
    -15.89546289203));
#4279 = CARTESIAN_POINT('',(23.413124178095,-19.5868758219,-16.));
#4280 = CARTESIAN_POINT('',(23.,-20.,-16.));
#4281 = CARTESIAN_POINT('',(25.735636102932,-17.84497357761,-13.));
#4282 = CARTESIAN_POINT('',(25.772504048312,-17.8943218328,
    -13.58904862254));
#4283 = CARTESIAN_POINT('',(25.614770433896,-17.99617192267,
    -14.22305991686));
#4284 = CARTESIAN_POINT('',(25.329131707963,-18.21566014969,
    -14.84047724678));
#4285 = CARTESIAN_POINT('',(24.904793365011,-18.52526372754,
    -15.34641566891));
#4286 = CARTESIAN_POINT('',(24.425268127432,-18.88048486768,
    -15.67967514757));
#4287 = CARTESIAN_POINT('',(23.937731531717,-19.25330566528,
    -15.89373506335));
#4288 = CARTESIAN_POINT('',(23.4309813217,-19.61174544886,-16.));
#4289 = CARTESIAN_POINT('',(23.,-20.,-16.));
#4290 = CARTESIAN_POINT('',(25.911878430323,-18.21460167829,-13.));
#4291 = CARTESIAN_POINT('',(25.944410340064,-18.31545768547,
    -13.58904862254));
#4292 = CARTESIAN_POINT('',(25.761211724686,-18.40183769681,
    -14.21406741959));
#4293 = CARTESIAN_POINT('',(25.46144531958,-18.58213888263,
    -14.81888973802));
#4294 = CARTESIAN_POINT('',(25.020288033536,-18.81883838945,
    -15.3206877886));
#4295 = CARTESIAN_POINT('',(24.519819550431,-19.09201915589,
    -15.66443095758));
#4296 = CARTESIAN_POINT('',(24.00639644432,-19.38657525343,
    -15.8885515773));
#4297 = CARTESIAN_POINT('',(23.456483058967,-19.65828463618,-16.));
#4298 = CARTESIAN_POINT('',(23.,-20.,-16.));
#4299 = CARTESIAN_POINT('',(26.,-18.60730093225,-13.));
#4300 = CARTESIAN_POINT('',(26.012271845867,-18.73451331572,
    -13.58904862254));
#4301 = CARTESIAN_POINT('',(25.885247155341,-18.87824849505,
    -14.19907992414));
#4302 = CARTESIAN_POINT('',(25.604986488445,-19.03850630795,
    -14.78291055676));
#4303 = CARTESIAN_POINT('',(25.180537244427,-19.2139284327,
    -15.27780798807));
#4304 = CARTESIAN_POINT('',(24.674457058233,-19.40179538671,
    -15.63902397426));
#4305 = CARTESIAN_POINT('',(24.128166067264,-19.59831305424,
    -15.87991243389));
#4306 = CARTESIAN_POINT('',(23.56229254473,-19.79915653871,-16.));
#4307 = CARTESIAN_POINT('',(23.,-20.,-16.));
#4308 = CARTESIAN_POINT('',(26.,-19.,-13.));
#4309 = CARTESIAN_POINT('',(26.,-19.125,-13.58904862254));
#4310 = CARTESIAN_POINT('',(25.867817633116,-19.25,-14.17809743051));
#4311 = CARTESIAN_POINT('',(25.603454197615,-19.375,-14.732539703));
#4312 = CARTESIAN_POINT('',(25.217776267339,-19.5,-15.21777626734));
#4313 = CARTESIAN_POINT('',(24.732539703005,-19.625,-15.60345419761));
#4314 = CARTESIAN_POINT('',(24.178097430513,-19.75,-15.86781763311));
#4315 = CARTESIAN_POINT('',(23.589048622548,-19.875,-16.));
#4316 = CARTESIAN_POINT('',(23.,-20.,-16.));
#4317 = DEFINITIONAL_REPRESENTATION('',(#4318),#4322);
#4318 = LINE('',#4319,#4320);
#4319 = CARTESIAN_POINT('',(0.,0.));
#4320 = VECTOR('',#4321,1.);
#4321 = DIRECTION('',(1.,0.));
#4322 = ( GEOMETRIC_REPRESENTATION_CONTEXT(2) 
PARAMETRIC_REPRESENTATION_CONTEXT() REPRESENTATION_CONTEXT('2D SPACE',''
  ) );
#4323 = ORIENTED_EDGE('',*,*,#2512,.T.);
#4324 = ORIENTED_EDGE('',*,*,#2046,.T.);
#4325 = ORIENTED_EDGE('',*,*,#2154,.T.);
#4326 = ORIENTED_EDGE('',*,*,#4327,.T.);
#4327 = EDGE_CURVE('',#2127,#4185,#4328,.T.);
#4328 = SURFACE_CURVE('',#4329,(#4339,#4349),.PCURVE_S1.);
#4329 = B_SPLINE_CURVE_WITH_KNOTS('',8,(#4330,#4331,#4332,#4333,#4334,
    #4335,#4336,#4337,#4338),.UNSPECIFIED.,.F.,.F.,(9,9),(0.,1.),
  .PIECEWISE_BEZIER_KNOTS.);
#4330 = CARTESIAN_POINT('',(24.,-17.,13.));
#4331 = CARTESIAN_POINT('',(24.392699067747,-17.,13.));
#4332 = CARTESIAN_POINT('',(24.785398321701,-17.08812156967,13.));
#4333 = CARTESIAN_POINT('',(25.155026422385,-17.26436389706,13.));
#4334 = CARTESIAN_POINT('',(25.478517556629,-17.52148244337,13.));
#4335 = CARTESIAN_POINT('',(25.735636102932,-17.84497357761,13.));
#4336 = CARTESIAN_POINT('',(25.911878430323,-18.21460167829,13.));
#4337 = CARTESIAN_POINT('',(26.,-18.60730093225,13.));
#4338 = CARTESIAN_POINT('',(26.,-19.,13.));
#4339 = PCURVE('',#2060,#4340);
#4340 = DEFINITIONAL_REPRESENTATION('',(#4341),#4348);
#4341 = B_SPLINE_CURVE_WITH_KNOTS('',5,(#4342,#4343,#4344,#4345,#4346,
    #4347),.UNSPECIFIED.,.F.,.F.,(6,6),(0.,1.),
  .PIECEWISE_BEZIER_KNOTS.);
#4342 = CARTESIAN_POINT('',(1.570796326795,29.));
#4343 = CARTESIAN_POINT('',(1.256637072598,29.));
#4344 = CARTESIAN_POINT('',(0.942477734347,29.));
#4345 = CARTESIAN_POINT('',(0.628318592448,29.));
#4346 = CARTESIAN_POINT('',(0.314159254197,29.));
#4347 = CARTESIAN_POINT('',(0.,29.));
#4348 = ( GEOMETRIC_REPRESENTATION_CONTEXT(2) 
PARAMETRIC_REPRESENTATION_CONTEXT() REPRESENTATION_CONTEXT('2D SPACE',''
  ) );
#4349 = PCURVE('',#4350,#4432);
#4350 = B_SPLINE_SURFACE_WITH_KNOTS('',8,8,(
    (#4351,#4352,#4353,#4354,#4355,#4356,#4357,#4358,#4359)
    ,(#4360,#4361,#4362,#4363,#4364,#4365,#4366,#4367,#4368)
    ,(#4369,#4370,#4371,#4372,#4373,#4374,#4375,#4376,#4377)
    ,(#4378,#4379,#4380,#4381,#4382,#4383,#4384,#4385,#4386)
    ,(#4387,#4388,#4389,#4390,#4391,#4392,#4393,#4394,#4395)
    ,(#4396,#4397,#4398,#4399,#4400,#4401,#4402,#4403,#4404)
    ,(#4405,#4406,#4407,#4408,#4409,#4410,#4411,#4412,#4413)
    ,(#4414,#4415,#4416,#4417,#4418,#4419,#4420,#4421,#4422)
    ,(#4423,#4424,#4425,#4426,#4427,#4428,#4429,#4430,#4431
  )),.UNSPECIFIED.,.F.,.F.,.F.,(9,9),(9,9),(0.,1.),(0.,1.),
  .PIECEWISE_BEZIER_KNOTS.);
#4351 = CARTESIAN_POINT('',(24.,-17.,13.));
#4352 = CARTESIAN_POINT('',(23.875,-17.,13.589048622548));
#4353 = CARTESIAN_POINT('',(23.75,-17.13218236688,14.178097430513));
#4354 = CARTESIAN_POINT('',(23.625,-17.39654580238,14.732539703005));
#4355 = CARTESIAN_POINT('',(23.5,-17.78222373266,15.21777626734));
#4356 = CARTESIAN_POINT('',(23.375,-18.26746029699,15.603454197614));
#4357 = CARTESIAN_POINT('',(23.25,-18.82190256948,15.867817633116));
#4358 = CARTESIAN_POINT('',(23.125,-19.41095137745,16.));
#4359 = CARTESIAN_POINT('',(23.,-20.,16.));
#4360 = CARTESIAN_POINT('',(24.392699067747,-17.,13.));
#4361 = CARTESIAN_POINT('',(24.265486684278,-16.98772815413,
    13.589048622548));
#4362 = CARTESIAN_POINT('',(24.12175150495,-17.11475284465,
    14.199079924142));
#4363 = CARTESIAN_POINT('',(23.961493692043,-17.39501351155,
    14.782910556767));
#4364 = CARTESIAN_POINT('',(23.786071567291,-17.81946275557,
    15.277807988076));
#4365 = CARTESIAN_POINT('',(23.598204613281,-18.32554294176,
    15.639023974264));
#4366 = CARTESIAN_POINT('',(23.401686945751,-18.87183393273,
    15.879912433894));
#4367 = CARTESIAN_POINT('',(23.200843461287,-19.43770745527,16.));
#4368 = CARTESIAN_POINT('',(23.,-20.,16.));
#4369 = CARTESIAN_POINT('',(24.785398321701,-17.08812156967,13.));
#4370 = CARTESIAN_POINT('',(24.684542314524,-17.05558965993,
    13.589048622548));
#4371 = CARTESIAN_POINT('',(24.598162303188,-17.23878827531,
    14.214067419592));
#4372 = CARTESIAN_POINT('',(24.417861117362,-17.53855468042,
    14.818889738025));
#4373 = CARTESIAN_POINT('',(24.181161610546,-17.97971196646,
    15.320687788602));
#4374 = CARTESIAN_POINT('',(23.907980844105,-18.48018044956,
    15.664430957585));
#4375 = CARTESIAN_POINT('',(23.613424746562,-18.99360355568,
    15.888551577307));
#4376 = CARTESIAN_POINT('',(23.341715363813,-19.54351694103,16.));
#4377 = CARTESIAN_POINT('',(23.,-20.,16.));
#4378 = CARTESIAN_POINT('',(25.155026422385,-17.26436389706,13.));
#4379 = CARTESIAN_POINT('',(25.105678167195,-17.22749595168,
    13.589048622548));
#4380 = CARTESIAN_POINT('',(25.003828077327,-17.3852295661,
    14.223059916862));
#4381 = CARTESIAN_POINT('',(24.784339850308,-17.67086829203,
    14.84047724678));
#4382 = CARTESIAN_POINT('',(24.474736272454,-18.09520663498,
    15.346415668918));
#4383 = CARTESIAN_POINT('',(24.119515132315,-18.57473187256,
    15.679675147578));
#4384 = CARTESIAN_POINT('',(23.746694334719,-19.06226846828,
    15.893735063355));
#4385 = CARTESIAN_POINT('',(23.388254551138,-19.5690186783,16.));
#4386 = CARTESIAN_POINT('',(23.,-20.,16.));
#4387 = CARTESIAN_POINT('',(25.478517556629,-17.52148244337,13.));
#4388 = CARTESIAN_POINT('',(25.48587317493,-17.51412682507,
    13.589048622548));
#4389 = CARTESIAN_POINT('',(25.359346228225,-17.64065377177,
    14.226057415952));
#4390 = CARTESIAN_POINT('',(25.102486774944,-17.89751322505,
    14.847673083032));
#4391 = CARTESIAN_POINT('',(24.724823598099,-18.2751764019,
    15.354991629023));
#4392 = CARTESIAN_POINT('',(24.295310220103,-18.70468977989,
    15.684756544242));
#4393 = CARTESIAN_POINT('',(23.85444449073,-19.14555550927,
    15.895462892037));
#4394 = CARTESIAN_POINT('',(23.413124178095,-19.5868758219,16.));
#4395 = CARTESIAN_POINT('',(23.,-20.,16.));
#4396 = CARTESIAN_POINT('',(25.735636102932,-17.84497357761,13.));
#4397 = CARTESIAN_POINT('',(25.772504048312,-17.8943218328,
    13.589048622548));
#4398 = CARTESIAN_POINT('',(25.614770433896,-17.99617192267,
    14.223059916862));
#4399 = CARTESIAN_POINT('',(25.329131707963,-18.21566014969,
    14.84047724678));
#4400 = CARTESIAN_POINT('',(24.904793365011,-18.52526372754,
    15.346415668918));
#4401 = CARTESIAN_POINT('',(24.425268127432,-18.88048486768,
    15.679675147578));
#4402 = CARTESIAN_POINT('',(23.937731531717,-19.25330566528,
    15.893735063355));
#4403 = CARTESIAN_POINT('',(23.4309813217,-19.61174544886,16.));
#4404 = CARTESIAN_POINT('',(23.,-20.,16.));
#4405 = CARTESIAN_POINT('',(25.911878430323,-18.21460167829,13.));
#4406 = CARTESIAN_POINT('',(25.944410340064,-18.31545768547,
    13.589048622548));
#4407 = CARTESIAN_POINT('',(25.761211724686,-18.40183769681,
    14.214067419592));
#4408 = CARTESIAN_POINT('',(25.46144531958,-18.58213888263,
    14.818889738025));
#4409 = CARTESIAN_POINT('',(25.020288033536,-18.81883838945,
    15.320687788602));
#4410 = CARTESIAN_POINT('',(24.519819550431,-19.09201915589,
    15.664430957585));
#4411 = CARTESIAN_POINT('',(24.00639644432,-19.38657525343,
    15.888551577307));
#4412 = CARTESIAN_POINT('',(23.456483058967,-19.65828463618,16.));
#4413 = CARTESIAN_POINT('',(23.,-20.,16.));
#4414 = CARTESIAN_POINT('',(26.,-18.60730093225,13.));
#4415 = CARTESIAN_POINT('',(26.012271845867,-18.73451331572,
    13.589048622548));
#4416 = CARTESIAN_POINT('',(25.885247155341,-18.87824849505,
    14.199079924142));
#4417 = CARTESIAN_POINT('',(25.604986488445,-19.03850630795,
    14.782910556767));
#4418 = CARTESIAN_POINT('',(25.180537244427,-19.2139284327,
    15.277807988076));
#4419 = CARTESIAN_POINT('',(24.674457058233,-19.40179538671,
    15.639023974264));
#4420 = CARTESIAN_POINT('',(24.128166067264,-19.59831305424,
    15.879912433894));
#4421 = CARTESIAN_POINT('',(23.56229254473,-19.79915653871,16.));
#4422 = CARTESIAN_POINT('',(23.,-20.,16.));
#4423 = CARTESIAN_POINT('',(26.,-19.,13.));
#4424 = CARTESIAN_POINT('',(26.,-19.125,13.589048622548));
#4425 = CARTESIAN_POINT('',(25.867817633116,-19.25,14.178097430513));
#4426 = CARTESIAN_POINT('',(25.603454197615,-19.375,14.732539703005));
#4427 = CARTESIAN_POINT('',(25.217776267339,-19.5,15.21777626734));
#4428 = CARTESIAN_POINT('',(24.732539703005,-19.625,15.603454197614));
#4429 = CARTESIAN_POINT('',(24.178097430513,-19.75,15.867817633116));
#4430 = CARTESIAN_POINT('',(23.589048622548,-19.875,16.));
#4431 = CARTESIAN_POINT('',(23.,-20.,16.));
#4432 = DEFINITIONAL_REPRESENTATION('',(#4433),#4437);
#4433 = LINE('',#4434,#4435);
#4434 = CARTESIAN_POINT('',(0.,0.));
#4435 = VECTOR('',#4436,1.);
#4436 = DIRECTION('',(1.,0.));
#4437 = ( GEOMETRIC_REPRESENTATION_CONTEXT(2) 
PARAMETRIC_REPRESENTATION_CONTEXT() REPRESENTATION_CONTEXT('2D SPACE',''
  ) );
#4438 = ADVANCED_FACE('',(#4439),#2142,.T.);
#4439 = FACE_BOUND('',#4440,.T.);
#4440 = EDGE_LOOP('',(#4441,#4550,#4578,#4613));
#4441 = ORIENTED_EDGE('',*,*,#4442,.T.);
#4442 = EDGE_CURVE('',#2099,#4443,#4445,.T.);
#4443 = VERTEX_POINT('',#4444);
#4444 = CARTESIAN_POINT('',(3.,-20.,16.));
#4445 = SURFACE_CURVE('',#4446,(#4456,#4462),.PCURVE_S1.);
#4446 = B_SPLINE_CURVE_WITH_KNOTS('',8,(#4447,#4448,#4449,#4450,#4451,
    #4452,#4453,#4454,#4455),.UNSPECIFIED.,.F.,.F.,(9,9),(0.,1.),
  .PIECEWISE_BEZIER_KNOTS.);
#4447 = CARTESIAN_POINT('',(2.,-17.,13.));
#4448 = CARTESIAN_POINT('',(2.125,-17.,13.589048622548));
#4449 = CARTESIAN_POINT('',(2.25,-17.13218236688,14.178097430513));
#4450 = CARTESIAN_POINT('',(2.375,-17.39654580238,14.732539703005));
#4451 = CARTESIAN_POINT('',(2.5,-17.78222373266,15.217776267339));
#4452 = CARTESIAN_POINT('',(2.625,-18.26746029699,15.603454197615));
#4453 = CARTESIAN_POINT('',(2.75,-18.82190256948,15.867817633116));
#4454 = CARTESIAN_POINT('',(2.875,-19.41095137745,16.));
#4455 = CARTESIAN_POINT('',(3.,-20.,16.));
#4456 = PCURVE('',#2142,#4457);
#4457 = DEFINITIONAL_REPRESENTATION('',(#4458),#4461);
#4458 = B_SPLINE_CURVE_WITH_KNOTS('',1,(#4459,#4460),.UNSPECIFIED.,.F.,
  .F.,(2,2),(0.,1.),.PIECEWISE_BEZIER_KNOTS.);
#4459 = CARTESIAN_POINT('',(0.,0.));
#4460 = CARTESIAN_POINT('',(1.570796326795,1.));
#4461 = ( GEOMETRIC_REPRESENTATION_CONTEXT(2) 
PARAMETRIC_REPRESENTATION_CONTEXT() REPRESENTATION_CONTEXT('2D SPACE',''
  ) );
#4462 = PCURVE('',#4463,#4545);
#4463 = B_SPLINE_SURFACE_WITH_KNOTS('',8,8,(
    (#4464,#4465,#4466,#4467,#4468,#4469,#4470,#4471,#4472)
    ,(#4473,#4474,#4475,#4476,#4477,#4478,#4479,#4480,#4481)
    ,(#4482,#4483,#4484,#4485,#4486,#4487,#4488,#4489,#4490)
    ,(#4491,#4492,#4493,#4494,#4495,#4496,#4497,#4498,#4499)
    ,(#4500,#4501,#4502,#4503,#4504,#4505,#4506,#4507,#4508)
    ,(#4509,#4510,#4511,#4512,#4513,#4514,#4515,#4516,#4517)
    ,(#4518,#4519,#4520,#4521,#4522,#4523,#4524,#4525,#4526)
    ,(#4527,#4528,#4529,#4530,#4531,#4532,#4533,#4534,#4535)
    ,(#4536,#4537,#4538,#4539,#4540,#4541,#4542,#4543,#4544
  )),.UNSPECIFIED.,.F.,.F.,.F.,(9,9),(9,9),(0.,1.),(0.,1.),
  .PIECEWISE_BEZIER_KNOTS.);
#4464 = CARTESIAN_POINT('',(-3.330669073875E-16,-19.,13.));
#4465 = CARTESIAN_POINT('',(-3.319928696104E-16,-19.125,13.589048622548)
  );
#4466 = CARTESIAN_POINT('',(0.132182366884,-19.25,14.178097430513));
#4467 = CARTESIAN_POINT('',(0.396545802386,-19.375,14.732539703005));
#4468 = CARTESIAN_POINT('',(0.78222373266,-19.5,15.217776267339));
#4469 = CARTESIAN_POINT('',(1.267460296995,-19.625,15.603454197615));
#4470 = CARTESIAN_POINT('',(1.821902569487,-19.75,15.867817633116));
#4471 = CARTESIAN_POINT('',(2.410951377452,-19.875,16.));
#4472 = CARTESIAN_POINT('',(3.,-20.,16.));
#4473 = CARTESIAN_POINT('',(-3.191891195797E-16,-18.60730093225,13.));
#4474 = CARTESIAN_POINT('',(-1.227184586708E-02,-18.73451331572,
    13.589048622548));
#4475 = CARTESIAN_POINT('',(0.114752844658,-18.87824849505,
    14.199079924142));
#4476 = CARTESIAN_POINT('',(0.395013511556,-19.03850630795,
    14.782910556767));
#4477 = CARTESIAN_POINT('',(0.819462755572,-19.2139284327,
    15.277807988076));
#4478 = CARTESIAN_POINT('',(1.325542941767,-19.40179538671,
    15.639023974264));
#4479 = CARTESIAN_POINT('',(1.871833932736,-19.59831305424,
    15.879912433894));
#4480 = CARTESIAN_POINT('',(2.43770745527,-19.79915653871,16.));
#4481 = CARTESIAN_POINT('',(3.,-20.,16.));
#4482 = CARTESIAN_POINT('',(8.812156967702E-02,-18.21460167829,13.));
#4483 = CARTESIAN_POINT('',(5.558965993595E-02,-18.31545768547,
    13.589048622548));
#4484 = CARTESIAN_POINT('',(0.238788275313,-18.40183769681,
    14.214067419592));
#4485 = CARTESIAN_POINT('',(0.53855468042,-18.58213888263,
    14.818889738025));
#4486 = CARTESIAN_POINT('',(0.979711966464,-18.81883838945,
    15.320687788602));
#4487 = CARTESIAN_POINT('',(1.480180449569,-19.09201915589,
    15.664430957585));
#4488 = CARTESIAN_POINT('',(1.99360355568,-19.38657525343,
    15.888551577307));
#4489 = CARTESIAN_POINT('',(2.543516941033,-19.65828463618,16.));
#4490 = CARTESIAN_POINT('',(3.,-20.,16.));
#4491 = CARTESIAN_POINT('',(0.264363897069,-17.84497357761,13.));
#4492 = CARTESIAN_POINT('',(0.227495951688,-17.8943218328,
    13.589048622548));
#4493 = CARTESIAN_POINT('',(0.385229566105,-17.99617192267,
    14.223059916862));
#4494 = CARTESIAN_POINT('',(0.670868292037,-18.21566014969,
    14.84047724678));
#4495 = CARTESIAN_POINT('',(1.095206634989,-18.52526372754,
    15.346415668918));
#4496 = CARTESIAN_POINT('',(1.574731872568,-18.88048486768,
    15.679675147578));
#4497 = CARTESIAN_POINT('',(2.062268468283,-19.25330566528,
    15.893735063355));
#4498 = CARTESIAN_POINT('',(2.5690186783,-19.61174544886,16.));
#4499 = CARTESIAN_POINT('',(3.,-20.,16.));
#4500 = CARTESIAN_POINT('',(0.52148244337,-17.52148244337,
    13.000000000001));
#4501 = CARTESIAN_POINT('',(0.514126825069,-17.51412682507,
    13.589048622549));
#4502 = CARTESIAN_POINT('',(0.640653771774,-17.64065377177,
    14.226057415952));
#4503 = CARTESIAN_POINT('',(0.897513225056,-17.89751322505,
    14.847673083032));
#4504 = CARTESIAN_POINT('',(1.275176401901,-18.2751764019,
    15.354991629024));
#4505 = CARTESIAN_POINT('',(1.704689779896,-18.70468977989,
    15.684756544242));
#4506 = CARTESIAN_POINT('',(2.14555550927,-19.14555550927,
    15.895462892037));
#4507 = CARTESIAN_POINT('',(2.586875821905,-19.5868758219,16.));
#4508 = CARTESIAN_POINT('',(3.,-20.,16.));
#4509 = CARTESIAN_POINT('',(0.844973577616,-17.26436389706,13.));
#4510 = CARTESIAN_POINT('',(0.894321832805,-17.22749595168,
    13.589048622548));
#4511 = CARTESIAN_POINT('',(0.996171922674,-17.3852295661,
    14.223059916862));
#4512 = CARTESIAN_POINT('',(1.215660149693,-17.67086829203,
    14.84047724678));
#4513 = CARTESIAN_POINT('',(1.525263727546,-18.09520663498,
    15.346415668918));
#4514 = CARTESIAN_POINT('',(1.880484867686,-18.57473187256,
    15.679675147578));
#4515 = CARTESIAN_POINT('',(2.253305665282,-19.06226846828,
    15.893735063355));
#4516 = CARTESIAN_POINT('',(2.611745448862,-19.5690186783,16.));
#4517 = CARTESIAN_POINT('',(3.,-20.,16.));
#4518 = CARTESIAN_POINT('',(1.214601678298,-17.08812156967,13.));
#4519 = CARTESIAN_POINT('',(1.315457685475,-17.05558965993,
    13.589048622548));
#4520 = CARTESIAN_POINT('',(1.401837696811,-17.23878827531,
    14.214067419592));
#4521 = CARTESIAN_POINT('',(1.582138882638,-17.53855468042,
    14.818889738025));
#4522 = CARTESIAN_POINT('',(1.818838389454,-17.97971196646,
    15.320687788602));
#4523 = CARTESIAN_POINT('',(2.092019155895,-18.48018044957,
    15.664430957585));
#4524 = CARTESIAN_POINT('',(2.386575253438,-18.99360355567,
    15.888551577307));
#4525 = CARTESIAN_POINT('',(2.658284636187,-19.54351694103,16.));
#4526 = CARTESIAN_POINT('',(3.,-20.,16.));
#4527 = CARTESIAN_POINT('',(1.607300932254,-17.,13.));
#4528 = CARTESIAN_POINT('',(1.734513315722,-16.98772815413,
    13.589048622548));
#4529 = CARTESIAN_POINT('',(1.878248495051,-17.11475284465,
    14.199079924142));
#4530 = CARTESIAN_POINT('',(2.038506307957,-17.39501351155,
    14.782910556767));
#4531 = CARTESIAN_POINT('',(2.213928432709,-17.81946275557,
    15.277807988076));
#4532 = CARTESIAN_POINT('',(2.401795386719,-18.32554294176,
    15.639023974264));
#4533 = CARTESIAN_POINT('',(2.598313054249,-18.87183393273,
    15.879912433894));
#4534 = CARTESIAN_POINT('',(2.799156538713,-19.43770745527,16.));
#4535 = CARTESIAN_POINT('',(3.,-20.,16.));
#4536 = CARTESIAN_POINT('',(2.,-17.,13.));
#4537 = CARTESIAN_POINT('',(2.125,-17.,13.589048622548));
#4538 = CARTESIAN_POINT('',(2.25,-17.13218236688,14.178097430513));
#4539 = CARTESIAN_POINT('',(2.375,-17.39654580238,14.732539703005));
#4540 = CARTESIAN_POINT('',(2.5,-17.78222373266,15.217776267339));
#4541 = CARTESIAN_POINT('',(2.625,-18.26746029699,15.603454197615));
#4542 = CARTESIAN_POINT('',(2.75,-18.82190256948,15.867817633116));
#4543 = CARTESIAN_POINT('',(2.875,-19.41095137745,16.));
#4544 = CARTESIAN_POINT('',(3.,-20.,16.));
#4545 = DEFINITIONAL_REPRESENTATION('',(#4546),#4549);
#4546 = B_SPLINE_CURVE_WITH_KNOTS('',1,(#4547,#4548),.UNSPECIFIED.,.F.,
  .F.,(2,2),(0.,1.),.PIECEWISE_BEZIER_KNOTS.);
#4547 = CARTESIAN_POINT('',(1.,0.));
#4548 = CARTESIAN_POINT('',(1.,1.));
#4549 = ( GEOMETRIC_REPRESENTATION_CONTEXT(2) 
PARAMETRIC_REPRESENTATION_CONTEXT() REPRESENTATION_CONTEXT('2D SPACE',''
  ) );
#4550 = ORIENTED_EDGE('',*,*,#4551,.T.);
#4551 = EDGE_CURVE('',#4443,#4552,#4554,.T.);
#4552 = VERTEX_POINT('',#4553);
#4553 = CARTESIAN_POINT('',(23.,-20.,16.));
#4554 = SURFACE_CURVE('',#4555,(#4559,#4566),.PCURVE_S1.);
#4555 = LINE('',#4556,#4557);
#4556 = CARTESIAN_POINT('',(2.,-20.,16.));
#4557 = VECTOR('',#4558,1.);
#4558 = DIRECTION('',(1.,0.,0.));
#4559 = PCURVE('',#2142,#4560);
#4560 = DEFINITIONAL_REPRESENTATION('',(#4561),#4565);
#4561 = LINE('',#4562,#4563);
#4562 = CARTESIAN_POINT('',(1.570796326795,0.));
#4563 = VECTOR('',#4564,1.);
#4564 = DIRECTION('',(0.,1.));
#4565 = ( GEOMETRIC_REPRESENTATION_CONTEXT(2) 
PARAMETRIC_REPRESENTATION_CONTEXT() REPRESENTATION_CONTEXT('2D SPACE',''
  ) );
#4566 = PCURVE('',#4567,#4572);
#4567 = PLANE('',#4568);
#4568 = AXIS2_PLACEMENT_3D('',#4569,#4570,#4571);
#4569 = CARTESIAN_POINT('',(0.,-26.,16.));
#4570 = DIRECTION('',(0.,0.,1.));
#4571 = DIRECTION('',(1.,0.,0.));
#4572 = DEFINITIONAL_REPRESENTATION('',(#4573),#4577);
#4573 = LINE('',#4574,#4575);
#4574 = CARTESIAN_POINT('',(2.,6.));
#4575 = VECTOR('',#4576,1.);
#4576 = DIRECTION('',(1.,0.));
#4577 = ( GEOMETRIC_REPRESENTATION_CONTEXT(2) 
PARAMETRIC_REPRESENTATION_CONTEXT() REPRESENTATION_CONTEXT('2D SPACE',''
  ) );
#4578 = ORIENTED_EDGE('',*,*,#4579,.F.);
#4579 = EDGE_CURVE('',#2127,#4552,#4580,.T.);
#4580 = SURFACE_CURVE('',#4581,(#4589,#4601),.PCURVE_S1.);
#4581 = B_SPLINE_CURVE_WITH_KNOTS('',6,(#4582,#4583,#4584,#4585,#4586,
    #4587,#4588),.UNSPECIFIED.,.F.,.F.,(7,7),(0.,1.),
  .PIECEWISE_BEZIER_KNOTS.);
#4582 = CARTESIAN_POINT('',(24.,-17.,13.));
#4583 = CARTESIAN_POINT('',(23.833333333333,-17.,13.785398163397));
#4584 = CARTESIAN_POINT('',(23.666666666667,-17.24668305806,
    14.570729502115));
#4585 = CARTESIAN_POINT('',(23.5,-17.74042955107,15.259570448921));
#4586 = CARTESIAN_POINT('',(23.333333333333,-18.42927049788,
    15.753316941939));
#4587 = CARTESIAN_POINT('',(23.166666666667,-19.2146018366,16.));
#4588 = CARTESIAN_POINT('',(23.,-20.,16.));
#4589 = PCURVE('',#2142,#4590);
#4590 = DEFINITIONAL_REPRESENTATION('',(#4591),#4600);
#4591 = B_SPLINE_CURVE_WITH_KNOTS('',7,(#4592,#4593,#4594,#4595,#4596,
    #4597,#4598,#4599),.UNSPECIFIED.,.F.,.F.,(8,8),(0.,1.),
  .PIECEWISE_BEZIER_KNOTS.);
#4592 = CARTESIAN_POINT('',(-1.110223024625E-16,22.));
#4593 = CARTESIAN_POINT('',(0.224399475256,21.857142857143));
#4594 = CARTESIAN_POINT('',(0.448780948517,21.714297174711));
#4595 = CARTESIAN_POINT('',(0.673244369879,21.571399322501));
#4596 = CARTESIAN_POINT('',(0.897551956916,21.428600677499));
#4597 = CARTESIAN_POINT('',(1.122015378278,21.285702825288));
#4598 = CARTESIAN_POINT('',(1.346396851538,21.142857142857));
#4599 = CARTESIAN_POINT('',(1.570796326795,21.));
#4600 = ( GEOMETRIC_REPRESENTATION_CONTEXT(2) 
PARAMETRIC_REPRESENTATION_CONTEXT() REPRESENTATION_CONTEXT('2D SPACE',''
  ) );
#4601 = PCURVE('',#4350,#4602);
#4602 = DEFINITIONAL_REPRESENTATION('',(#4603),#4612);
#4603 = B_SPLINE_CURVE_WITH_KNOTS('',7,(#4604,#4605,#4606,#4607,#4608,
    #4609,#4610,#4611),.UNSPECIFIED.,.F.,.F.,(8,8),(0.,1.),
  .PIECEWISE_BEZIER_KNOTS.);
#4604 = CARTESIAN_POINT('',(0.,0.));
#4605 = CARTESIAN_POINT('',(0.,0.142857142857));
#4606 = CARTESIAN_POINT('',(0.,0.285702826527));
#4607 = CARTESIAN_POINT('',(0.,0.428600674372));
#4608 = CARTESIAN_POINT('',(0.,0.571399325628));
#4609 = CARTESIAN_POINT('',(0.,0.714297173473));
#4610 = CARTESIAN_POINT('',(0.,0.857142857143));
#4611 = CARTESIAN_POINT('',(0.,1.));
#4612 = ( GEOMETRIC_REPRESENTATION_CONTEXT(2) 
PARAMETRIC_REPRESENTATION_CONTEXT() REPRESENTATION_CONTEXT('2D SPACE',''
  ) );
#4613 = ORIENTED_EDGE('',*,*,#2126,.F.);
#4614 = ADVANCED_FACE('',(#4615),#2114,.T.);
#4615 = FACE_BOUND('',#4616,.F.);
#4616 = EDGE_LOOP('',(#4617,#4647,#4759,#4760,#4761,#4762));
#4617 = ORIENTED_EDGE('',*,*,#4618,.F.);
#4618 = EDGE_CURVE('',#4619,#4621,#4623,.T.);
#4619 = VERTEX_POINT('',#4620);
#4620 = CARTESIAN_POINT('',(-4.440892098501E-16,-19.,-13.));
#4621 = VERTEX_POINT('',#4622);
#4622 = CARTESIAN_POINT('',(-4.440892098501E-16,-19.,13.));
#4623 = SURFACE_CURVE('',#4624,(#4628,#4635),.PCURVE_S1.);
#4624 = LINE('',#4625,#4626);
#4625 = CARTESIAN_POINT('',(-4.440892098501E-16,-19.,-16.));
#4626 = VECTOR('',#4627,1.);
#4627 = DIRECTION('',(0.,0.,1.));
#4628 = PCURVE('',#2114,#4629);
#4629 = DEFINITIONAL_REPRESENTATION('',(#4630),#4634);
#4630 = LINE('',#4631,#4632);
#4631 = CARTESIAN_POINT('',(-0.,0.));
#4632 = VECTOR('',#4633,1.);
#4633 = DIRECTION('',(-0.,1.));
#4634 = ( GEOMETRIC_REPRESENTATION_CONTEXT(2) 
PARAMETRIC_REPRESENTATION_CONTEXT() REPRESENTATION_CONTEXT('2D SPACE',''
  ) );
#4635 = PCURVE('',#4636,#4641);
#4636 = PLANE('',#4637);
#4637 = AXIS2_PLACEMENT_3D('',#4638,#4639,#4640);
#4638 = CARTESIAN_POINT('',(0.,-26.,-16.));
#4639 = DIRECTION('',(1.,0.,0.));
#4640 = DIRECTION('',(0.,0.,1.));
#4641 = DEFINITIONAL_REPRESENTATION('',(#4642),#4646);
#4642 = LINE('',#4643,#4644);
#4643 = CARTESIAN_POINT('',(0.,-7.));
#4644 = VECTOR('',#4645,1.);
#4645 = DIRECTION('',(1.,0.));
#4646 = ( GEOMETRIC_REPRESENTATION_CONTEXT(2) 
PARAMETRIC_REPRESENTATION_CONTEXT() REPRESENTATION_CONTEXT('2D SPACE',''
  ) );
#4647 = ORIENTED_EDGE('',*,*,#4648,.T.);
#4648 = EDGE_CURVE('',#4619,#2461,#4649,.T.);
#4649 = SURFACE_CURVE('',#4650,(#4660,#4670),.PCURVE_S1.);
#4650 = B_SPLINE_CURVE_WITH_KNOTS('',8,(#4651,#4652,#4653,#4654,#4655,
    #4656,#4657,#4658,#4659),.UNSPECIFIED.,.F.,.F.,(9,9),(0.,1.),
  .PIECEWISE_BEZIER_KNOTS.);
#4651 = CARTESIAN_POINT('',(-3.330669073875E-16,-19.,-13.));
#4652 = CARTESIAN_POINT('',(-3.469446951954E-16,-18.60730093225,-13.));
#4653 = CARTESIAN_POINT('',(8.812156967702E-02,-18.21460167829,-13.));
#4654 = CARTESIAN_POINT('',(0.264363897069,-17.84497357761,-13.));
#4655 = CARTESIAN_POINT('',(0.52148244337,-17.52148244337,-13.));
#4656 = CARTESIAN_POINT('',(0.844973577616,-17.26436389706,-13.));
#4657 = CARTESIAN_POINT('',(1.214601678298,-17.08812156967,-13.));
#4658 = CARTESIAN_POINT('',(1.607300932254,-17.,-13.));
#4659 = CARTESIAN_POINT('',(2.,-17.,-13.));
#4660 = PCURVE('',#2114,#4661);
#4661 = DEFINITIONAL_REPRESENTATION('',(#4662),#4669);
#4662 = B_SPLINE_CURVE_WITH_KNOTS('',5,(#4663,#4664,#4665,#4666,#4667,
    #4668),.UNSPECIFIED.,.F.,.F.,(6,6),(0.,1.),
  .PIECEWISE_BEZIER_KNOTS.);
#4663 = CARTESIAN_POINT('',(1.110223024625E-16,3.));
#4664 = CARTESIAN_POINT('',(-0.314159254197,3.));
#4665 = CARTESIAN_POINT('',(-0.628318592448,3.));
#4666 = CARTESIAN_POINT('',(-0.942477734347,3.));
#4667 = CARTESIAN_POINT('',(-1.256637072598,3.));
#4668 = CARTESIAN_POINT('',(-1.570796326795,3.));
#4669 = ( GEOMETRIC_REPRESENTATION_CONTEXT(2) 
PARAMETRIC_REPRESENTATION_CONTEXT() REPRESENTATION_CONTEXT('2D SPACE',''
  ) );
#4670 = PCURVE('',#4671,#4753);
#4671 = B_SPLINE_SURFACE_WITH_KNOTS('',8,8,(
    (#4672,#4673,#4674,#4675,#4676,#4677,#4678,#4679,#4680)
    ,(#4681,#4682,#4683,#4684,#4685,#4686,#4687,#4688,#4689)
    ,(#4690,#4691,#4692,#4693,#4694,#4695,#4696,#4697,#4698)
    ,(#4699,#4700,#4701,#4702,#4703,#4704,#4705,#4706,#4707)
    ,(#4708,#4709,#4710,#4711,#4712,#4713,#4714,#4715,#4716)
    ,(#4717,#4718,#4719,#4720,#4721,#4722,#4723,#4724,#4725)
    ,(#4726,#4727,#4728,#4729,#4730,#4731,#4732,#4733,#4734)
    ,(#4735,#4736,#4737,#4738,#4739,#4740,#4741,#4742,#4743)
    ,(#4744,#4745,#4746,#4747,#4748,#4749,#4750,#4751,#4752
  )),.UNSPECIFIED.,.F.,.F.,.F.,(9,9),(9,9),(0.,1.),(0.,1.),
  .PIECEWISE_BEZIER_KNOTS.);
#4672 = CARTESIAN_POINT('',(-3.330669073875E-16,-19.,-13.));
#4673 = CARTESIAN_POINT('',(-3.319928696104E-16,-19.125,-13.58904862254)
  );
#4674 = CARTESIAN_POINT('',(0.132182366884,-19.25,-14.17809743051));
#4675 = CARTESIAN_POINT('',(0.396545802386,-19.375,-14.732539703));
#4676 = CARTESIAN_POINT('',(0.78222373266,-19.5,-15.21777626733));
#4677 = CARTESIAN_POINT('',(1.267460296995,-19.625,-15.60345419761));
#4678 = CARTESIAN_POINT('',(1.821902569487,-19.75,-15.86781763311));
#4679 = CARTESIAN_POINT('',(2.410951377452,-19.875,-16.));
#4680 = CARTESIAN_POINT('',(3.,-20.,-16.));
#4681 = CARTESIAN_POINT('',(-3.469446951954E-16,-18.60730093225,-13.));
#4682 = CARTESIAN_POINT('',(-1.227184586708E-02,-18.73451331572,
    -13.58904862254));
#4683 = CARTESIAN_POINT('',(0.114752844658,-18.87824849505,
    -14.19907992414));
#4684 = CARTESIAN_POINT('',(0.395013511556,-19.03850630795,
    -14.78291055676));
#4685 = CARTESIAN_POINT('',(0.819462755572,-19.2139284327,
    -15.27780798807));
#4686 = CARTESIAN_POINT('',(1.325542941767,-19.40179538671,
    -15.63902397426));
#4687 = CARTESIAN_POINT('',(1.871833932736,-19.59831305424,
    -15.87991243389));
#4688 = CARTESIAN_POINT('',(2.43770745527,-19.79915653871,-16.));
#4689 = CARTESIAN_POINT('',(3.,-20.,-16.));
#4690 = CARTESIAN_POINT('',(8.812156967702E-02,-18.21460167829,-13.));
#4691 = CARTESIAN_POINT('',(5.558965993595E-02,-18.31545768547,
    -13.58904862254));
#4692 = CARTESIAN_POINT('',(0.238788275313,-18.40183769681,
    -14.21406741959));
#4693 = CARTESIAN_POINT('',(0.53855468042,-18.58213888263,
    -14.81888973802));
#4694 = CARTESIAN_POINT('',(0.979711966464,-18.81883838945,
    -15.3206877886));
#4695 = CARTESIAN_POINT('',(1.480180449569,-19.09201915589,
    -15.66443095758));
#4696 = CARTESIAN_POINT('',(1.99360355568,-19.38657525343,-15.8885515773
    ));
#4697 = CARTESIAN_POINT('',(2.543516941033,-19.65828463618,-16.));
#4698 = CARTESIAN_POINT('',(3.,-20.,-16.));
#4699 = CARTESIAN_POINT('',(0.264363897069,-17.84497357761,-13.));
#4700 = CARTESIAN_POINT('',(0.227495951688,-17.8943218328,
    -13.58904862254));
#4701 = CARTESIAN_POINT('',(0.385229566105,-17.99617192267,
    -14.22305991686));
#4702 = CARTESIAN_POINT('',(0.670868292037,-18.21566014969,
    -14.84047724678));
#4703 = CARTESIAN_POINT('',(1.095206634989,-18.52526372754,
    -15.34641566891));
#4704 = CARTESIAN_POINT('',(1.574731872568,-18.88048486768,
    -15.67967514757));
#4705 = CARTESIAN_POINT('',(2.062268468283,-19.25330566528,
    -15.89373506335));
#4706 = CARTESIAN_POINT('',(2.5690186783,-19.61174544886,-16.));
#4707 = CARTESIAN_POINT('',(3.,-20.,-16.));
#4708 = CARTESIAN_POINT('',(0.52148244337,-17.52148244337,-13.));
#4709 = CARTESIAN_POINT('',(0.514126825069,-17.51412682507,
    -13.58904862254));
#4710 = CARTESIAN_POINT('',(0.640653771774,-17.64065377177,
    -14.22605741595));
#4711 = CARTESIAN_POINT('',(0.897513225056,-17.89751322505,
    -14.84767308303));
#4712 = CARTESIAN_POINT('',(1.275176401901,-18.2751764019,
    -15.35499162902));
#4713 = CARTESIAN_POINT('',(1.704689779896,-18.70468977989,
    -15.68475654424));
#4714 = CARTESIAN_POINT('',(2.14555550927,-19.14555550927,
    -15.89546289203));
#4715 = CARTESIAN_POINT('',(2.586875821905,-19.5868758219,-16.));
#4716 = CARTESIAN_POINT('',(3.,-20.,-16.));
#4717 = CARTESIAN_POINT('',(0.844973577616,-17.26436389706,-13.));
#4718 = CARTESIAN_POINT('',(0.894321832805,-17.22749595168,
    -13.58904862254));
#4719 = CARTESIAN_POINT('',(0.996171922674,-17.3852295661,
    -14.22305991686));
#4720 = CARTESIAN_POINT('',(1.215660149693,-17.67086829203,
    -14.84047724678));
#4721 = CARTESIAN_POINT('',(1.525263727546,-18.09520663498,
    -15.34641566891));
#4722 = CARTESIAN_POINT('',(1.880484867686,-18.57473187256,
    -15.67967514757));
#4723 = CARTESIAN_POINT('',(2.253305665282,-19.06226846828,
    -15.89373506335));
#4724 = CARTESIAN_POINT('',(2.611745448862,-19.5690186783,-16.));
#4725 = CARTESIAN_POINT('',(3.,-20.,-16.));
#4726 = CARTESIAN_POINT('',(1.214601678298,-17.08812156967,-13.));
#4727 = CARTESIAN_POINT('',(1.315457685475,-17.05558965993,
    -13.58904862254));
#4728 = CARTESIAN_POINT('',(1.401837696811,-17.23878827531,
    -14.21406741959));
#4729 = CARTESIAN_POINT('',(1.582138882638,-17.53855468042,
    -14.81888973802));
#4730 = CARTESIAN_POINT('',(1.818838389454,-17.97971196646,
    -15.3206877886));
#4731 = CARTESIAN_POINT('',(2.092019155895,-18.48018044957,
    -15.66443095758));
#4732 = CARTESIAN_POINT('',(2.386575253438,-18.99360355567,
    -15.8885515773));
#4733 = CARTESIAN_POINT('',(2.658284636187,-19.54351694103,-16.));
#4734 = CARTESIAN_POINT('',(3.,-20.,-16.));
#4735 = CARTESIAN_POINT('',(1.607300932254,-17.,-13.));
#4736 = CARTESIAN_POINT('',(1.734513315722,-16.98772815413,
    -13.58904862254));
#4737 = CARTESIAN_POINT('',(1.878248495051,-17.11475284465,
    -14.19907992414));
#4738 = CARTESIAN_POINT('',(2.038506307957,-17.39501351155,
    -14.78291055676));
#4739 = CARTESIAN_POINT('',(2.213928432709,-17.81946275557,
    -15.27780798807));
#4740 = CARTESIAN_POINT('',(2.401795386719,-18.32554294176,
    -15.63902397426));
#4741 = CARTESIAN_POINT('',(2.598313054249,-18.87183393273,
    -15.87991243389));
#4742 = CARTESIAN_POINT('',(2.799156538713,-19.43770745527,-16.));
#4743 = CARTESIAN_POINT('',(3.,-20.,-16.));
#4744 = CARTESIAN_POINT('',(2.,-17.,-13.));
#4745 = CARTESIAN_POINT('',(2.125,-17.,-13.58904862254));
#4746 = CARTESIAN_POINT('',(2.25,-17.13218236688,-14.17809743051));
#4747 = CARTESIAN_POINT('',(2.375,-17.39654580238,-14.732539703));
#4748 = CARTESIAN_POINT('',(2.5,-17.78222373266,-15.21777626733));
#4749 = CARTESIAN_POINT('',(2.625,-18.26746029699,-15.60345419761));
#4750 = CARTESIAN_POINT('',(2.75,-18.82190256948,-15.86781763311));
#4751 = CARTESIAN_POINT('',(2.875,-19.41095137745,-16.));
#4752 = CARTESIAN_POINT('',(3.,-20.,-16.));
#4753 = DEFINITIONAL_REPRESENTATION('',(#4754),#4758);
#4754 = LINE('',#4755,#4756);
#4755 = CARTESIAN_POINT('',(0.,0.));
#4756 = VECTOR('',#4757,1.);
#4757 = DIRECTION('',(1.,0.));
#4758 = ( GEOMETRIC_REPRESENTATION_CONTEXT(2) 
PARAMETRIC_REPRESENTATION_CONTEXT() REPRESENTATION_CONTEXT('2D SPACE',''
  ) );
#4759 = ORIENTED_EDGE('',*,*,#2490,.T.);
#4760 = ORIENTED_EDGE('',*,*,#2181,.T.);
#4761 = ORIENTED_EDGE('',*,*,#2098,.T.);
#4762 = ORIENTED_EDGE('',*,*,#4763,.F.);
#4763 = EDGE_CURVE('',#4621,#2099,#4764,.T.);
#4764 = SURFACE_CURVE('',#4765,(#4775,#4785),.PCURVE_S1.);
#4765 = B_SPLINE_CURVE_WITH_KNOTS('',8,(#4766,#4767,#4768,#4769,#4770,
    #4771,#4772,#4773,#4774),.UNSPECIFIED.,.F.,.F.,(9,9),(0.,1.),
  .PIECEWISE_BEZIER_KNOTS.);
#4766 = CARTESIAN_POINT('',(-3.330669073875E-16,-19.,13.));
#4767 = CARTESIAN_POINT('',(-3.191891195797E-16,-18.60730093225,13.));
#4768 = CARTESIAN_POINT('',(8.812156967702E-02,-18.21460167829,13.));
#4769 = CARTESIAN_POINT('',(0.264363897069,-17.84497357761,13.));
#4770 = CARTESIAN_POINT('',(0.52148244337,-17.52148244337,
    13.000000000001));
#4771 = CARTESIAN_POINT('',(0.844973577616,-17.26436389706,13.));
#4772 = CARTESIAN_POINT('',(1.214601678298,-17.08812156967,13.));
#4773 = CARTESIAN_POINT('',(1.607300932254,-17.,13.));
#4774 = CARTESIAN_POINT('',(2.,-17.,13.));
#4775 = PCURVE('',#2114,#4776);
#4776 = DEFINITIONAL_REPRESENTATION('',(#4777),#4784);
#4777 = B_SPLINE_CURVE_WITH_KNOTS('',5,(#4778,#4779,#4780,#4781,#4782,
    #4783),.UNSPECIFIED.,.F.,.F.,(6,6),(0.,1.),
  .PIECEWISE_BEZIER_KNOTS.);
#4778 = CARTESIAN_POINT('',(1.110223024625E-16,29.));
#4779 = CARTESIAN_POINT('',(-0.314159254197,29.));
#4780 = CARTESIAN_POINT('',(-0.628318592448,29.));
#4781 = CARTESIAN_POINT('',(-0.942477734347,29.));
#4782 = CARTESIAN_POINT('',(-1.256637072598,29.));
#4783 = CARTESIAN_POINT('',(-1.570796326795,29.));
#4784 = ( GEOMETRIC_REPRESENTATION_CONTEXT(2) 
PARAMETRIC_REPRESENTATION_CONTEXT() REPRESENTATION_CONTEXT('2D SPACE',''
  ) );
#4785 = PCURVE('',#4463,#4786);
#4786 = DEFINITIONAL_REPRESENTATION('',(#4787),#4791);
#4787 = LINE('',#4788,#4789);
#4788 = CARTESIAN_POINT('',(0.,0.));
#4789 = VECTOR('',#4790,1.);
#4790 = DIRECTION('',(1.,0.));
#4791 = ( GEOMETRIC_REPRESENTATION_CONTEXT(2) 
PARAMETRIC_REPRESENTATION_CONTEXT() REPRESENTATION_CONTEXT('2D SPACE',''
  ) );
#4792 = ADVANCED_FACE('',(#4793),#2402,.T.);
#4793 = FACE_BOUND('',#4794,.F.);
#4794 = EDGE_LOOP('',(#4795,#4822,#4850,#4885));
#4795 = ORIENTED_EDGE('',*,*,#4796,.T.);
#4796 = EDGE_CURVE('',#2385,#4797,#4799,.T.);
#4797 = VERTEX_POINT('',#4798);
#4798 = CARTESIAN_POINT('',(23.,20.,-16.));
#4799 = SURFACE_CURVE('',#4800,(#4810,#4816),.PCURVE_S1.);
#4800 = B_SPLINE_CURVE_WITH_KNOTS('',8,(#4801,#4802,#4803,#4804,#4805,
    #4806,#4807,#4808,#4809),.UNSPECIFIED.,.F.,.F.,(9,9),(0.,1.),
  .PIECEWISE_BEZIER_KNOTS.);
#4801 = CARTESIAN_POINT('',(24.,17.,-13.));
#4802 = CARTESIAN_POINT('',(23.875,17.,-13.58904862254));
#4803 = CARTESIAN_POINT('',(23.75,17.132182366884,-14.17809743051));
#4804 = CARTESIAN_POINT('',(23.625,17.396545802386,-14.732539703));
#4805 = CARTESIAN_POINT('',(23.5,17.78222373266,-15.21777626734));
#4806 = CARTESIAN_POINT('',(23.375,18.267460296995,-15.60345419761));
#4807 = CARTESIAN_POINT('',(23.25,18.821902569487,-15.86781763311));
#4808 = CARTESIAN_POINT('',(23.125,19.410951377452,-16.));
#4809 = CARTESIAN_POINT('',(23.,20.,-16.));
#4810 = PCURVE('',#2402,#4811);
#4811 = DEFINITIONAL_REPRESENTATION('',(#4812),#4815);
#4812 = B_SPLINE_CURVE_WITH_KNOTS('',1,(#4813,#4814),.UNSPECIFIED.,.F.,
  .F.,(2,2),(0.,1.),.PIECEWISE_BEZIER_KNOTS.);
#4813 = CARTESIAN_POINT('',(0.,0.));
#4814 = CARTESIAN_POINT('',(-1.570796326795,1.));
#4815 = ( GEOMETRIC_REPRESENTATION_CONTEXT(2) 
PARAMETRIC_REPRESENTATION_CONTEXT() REPRESENTATION_CONTEXT('2D SPACE',''
  ) );
#4816 = PCURVE('',#2851,#4817);
#4817 = DEFINITIONAL_REPRESENTATION('',(#4818),#4821);
#4818 = B_SPLINE_CURVE_WITH_KNOTS('',1,(#4819,#4820),.UNSPECIFIED.,.F.,
  .F.,(2,2),(0.,1.),.PIECEWISE_BEZIER_KNOTS.);
#4819 = CARTESIAN_POINT('',(1.,0.));
#4820 = CARTESIAN_POINT('',(1.,1.));
#4821 = ( GEOMETRIC_REPRESENTATION_CONTEXT(2) 
PARAMETRIC_REPRESENTATION_CONTEXT() REPRESENTATION_CONTEXT('2D SPACE',''
  ) );
#4822 = ORIENTED_EDGE('',*,*,#4823,.T.);
#4823 = EDGE_CURVE('',#4797,#4824,#4826,.T.);
#4824 = VERTEX_POINT('',#4825);
#4825 = CARTESIAN_POINT('',(3.,20.,-16.));
#4826 = SURFACE_CURVE('',#4827,(#4831,#4838),.PCURVE_S1.);
#4827 = LINE('',#4828,#4829);
#4828 = CARTESIAN_POINT('',(24.,20.,-16.));
#4829 = VECTOR('',#4830,1.);
#4830 = DIRECTION('',(-1.,-0.,-0.));
#4831 = PCURVE('',#2402,#4832);
#4832 = DEFINITIONAL_REPRESENTATION('',(#4833),#4837);
#4833 = LINE('',#4834,#4835);
#4834 = CARTESIAN_POINT('',(-1.570796326795,0.));
#4835 = VECTOR('',#4836,1.);
#4836 = DIRECTION('',(-0.,1.));
#4837 = ( GEOMETRIC_REPRESENTATION_CONTEXT(2) 
PARAMETRIC_REPRESENTATION_CONTEXT() REPRESENTATION_CONTEXT('2D SPACE',''
  ) );
#4838 = PCURVE('',#4839,#4844);
#4839 = PLANE('',#4840);
#4840 = AXIS2_PLACEMENT_3D('',#4841,#4842,#4843);
#4841 = CARTESIAN_POINT('',(0.,17.,-16.));
#4842 = DIRECTION('',(0.,0.,1.));
#4843 = DIRECTION('',(1.,0.,0.));
#4844 = DEFINITIONAL_REPRESENTATION('',(#4845),#4849);
#4845 = LINE('',#4846,#4847);
#4846 = CARTESIAN_POINT('',(24.,3.));
#4847 = VECTOR('',#4848,1.);
#4848 = DIRECTION('',(-1.,-0.));
#4849 = ( GEOMETRIC_REPRESENTATION_CONTEXT(2) 
PARAMETRIC_REPRESENTATION_CONTEXT() REPRESENTATION_CONTEXT('2D SPACE',''
  ) );
#4850 = ORIENTED_EDGE('',*,*,#4851,.F.);
#4851 = EDGE_CURVE('',#2387,#4824,#4852,.T.);
#4852 = SURFACE_CURVE('',#4853,(#4861,#4873),.PCURVE_S1.);
#4853 = B_SPLINE_CURVE_WITH_KNOTS('',6,(#4854,#4855,#4856,#4857,#4858,
    #4859,#4860),.UNSPECIFIED.,.F.,.F.,(7,7),(0.,1.),
  .PIECEWISE_BEZIER_KNOTS.);
#4854 = CARTESIAN_POINT('',(2.,17.,-13.));
#4855 = CARTESIAN_POINT('',(2.166666666667,17.,-13.78539816339));
#4856 = CARTESIAN_POINT('',(2.333333333333,17.246683058061,
    -14.57072950211));
#4857 = CARTESIAN_POINT('',(2.5,17.740429551079,-15.25957044892));
#4858 = CARTESIAN_POINT('',(2.666666666667,18.429270497885,
    -15.75331694193));
#4859 = CARTESIAN_POINT('',(2.833333333333,19.214601836603,-16.));
#4860 = CARTESIAN_POINT('',(3.,20.,-16.));
#4861 = PCURVE('',#2402,#4862);
#4862 = DEFINITIONAL_REPRESENTATION('',(#4863),#4872);
#4863 = B_SPLINE_CURVE_WITH_KNOTS('',7,(#4864,#4865,#4866,#4867,#4868,
    #4869,#4870,#4871),.UNSPECIFIED.,.F.,.F.,(8,8),(0.,1.),
  .PIECEWISE_BEZIER_KNOTS.);
#4864 = CARTESIAN_POINT('',(0.,22.));
#4865 = CARTESIAN_POINT('',(-0.224399475256,21.857142857143));
#4866 = CARTESIAN_POINT('',(-0.448780948517,21.714297174711));
#4867 = CARTESIAN_POINT('',(-0.673244369879,21.571399322501));
#4868 = CARTESIAN_POINT('',(-0.897551956916,21.428600677499));
#4869 = CARTESIAN_POINT('',(-1.122015378278,21.285702825289));
#4870 = CARTESIAN_POINT('',(-1.346396851538,21.142857142857));
#4871 = CARTESIAN_POINT('',(-1.570796326795,21.));
#4872 = ( GEOMETRIC_REPRESENTATION_CONTEXT(2) 
PARAMETRIC_REPRESENTATION_CONTEXT() REPRESENTATION_CONTEXT('2D SPACE',''
  ) );
#4873 = PCURVE('',#2589,#4874);
#4874 = DEFINITIONAL_REPRESENTATION('',(#4875),#4884);
#4875 = B_SPLINE_CURVE_WITH_KNOTS('',7,(#4876,#4877,#4878,#4879,#4880,
    #4881,#4882,#4883),.UNSPECIFIED.,.F.,.F.,(8,8),(0.,1.),
  .PIECEWISE_BEZIER_KNOTS.);
#4876 = CARTESIAN_POINT('',(0.,0.));
#4877 = CARTESIAN_POINT('',(0.,0.142857142857));
#4878 = CARTESIAN_POINT('',(0.,0.285702826527));
#4879 = CARTESIAN_POINT('',(0.,0.428600674372));
#4880 = CARTESIAN_POINT('',(0.,0.571399325628));
#4881 = CARTESIAN_POINT('',(0.,0.714297173473));
#4882 = CARTESIAN_POINT('',(0.,0.857142857143));
#4883 = CARTESIAN_POINT('',(0.,1.));
#4884 = ( GEOMETRIC_REPRESENTATION_CONTEXT(2) 
PARAMETRIC_REPRESENTATION_CONTEXT() REPRESENTATION_CONTEXT('2D SPACE',''
  ) );
#4885 = ORIENTED_EDGE('',*,*,#2384,.F.);
#4886 = ADVANCED_FACE('',(#4887),#2478,.T.);
#4887 = FACE_BOUND('',#4888,.F.);
#4888 = EDGE_LOOP('',(#4889,#4916,#4944,#4979));
#4889 = ORIENTED_EDGE('',*,*,#4890,.T.);
#4890 = EDGE_CURVE('',#2461,#4891,#4893,.T.);
#4891 = VERTEX_POINT('',#4892);
#4892 = CARTESIAN_POINT('',(3.,-20.,-16.));
#4893 = SURFACE_CURVE('',#4894,(#4904,#4910),.PCURVE_S1.);
#4894 = B_SPLINE_CURVE_WITH_KNOTS('',8,(#4895,#4896,#4897,#4898,#4899,
    #4900,#4901,#4902,#4903),.UNSPECIFIED.,.F.,.F.,(9,9),(0.,1.),
  .PIECEWISE_BEZIER_KNOTS.);
#4895 = CARTESIAN_POINT('',(2.,-17.,-13.));
#4896 = CARTESIAN_POINT('',(2.125,-17.,-13.58904862254));
#4897 = CARTESIAN_POINT('',(2.25,-17.13218236688,-14.17809743051));
#4898 = CARTESIAN_POINT('',(2.375,-17.39654580238,-14.732539703));
#4899 = CARTESIAN_POINT('',(2.5,-17.78222373266,-15.21777626733));
#4900 = CARTESIAN_POINT('',(2.625,-18.26746029699,-15.60345419761));
#4901 = CARTESIAN_POINT('',(2.75,-18.82190256948,-15.86781763311));
#4902 = CARTESIAN_POINT('',(2.875,-19.41095137745,-16.));
#4903 = CARTESIAN_POINT('',(3.,-20.,-16.));
#4904 = PCURVE('',#2478,#4905);
#4905 = DEFINITIONAL_REPRESENTATION('',(#4906),#4909);
#4906 = B_SPLINE_CURVE_WITH_KNOTS('',1,(#4907,#4908),.UNSPECIFIED.,.F.,
  .F.,(2,2),(0.,1.),.PIECEWISE_BEZIER_KNOTS.);
#4907 = CARTESIAN_POINT('',(0.,0.));
#4908 = CARTESIAN_POINT('',(-1.570796326795,1.));
#4909 = ( GEOMETRIC_REPRESENTATION_CONTEXT(2) 
PARAMETRIC_REPRESENTATION_CONTEXT() REPRESENTATION_CONTEXT('2D SPACE',''
  ) );
#4910 = PCURVE('',#4671,#4911);
#4911 = DEFINITIONAL_REPRESENTATION('',(#4912),#4915);
#4912 = B_SPLINE_CURVE_WITH_KNOTS('',1,(#4913,#4914),.UNSPECIFIED.,.F.,
  .F.,(2,2),(0.,1.),.PIECEWISE_BEZIER_KNOTS.);
#4913 = CARTESIAN_POINT('',(1.,0.));
#4914 = CARTESIAN_POINT('',(1.,1.));
#4915 = ( GEOMETRIC_REPRESENTATION_CONTEXT(2) 
PARAMETRIC_REPRESENTATION_CONTEXT() REPRESENTATION_CONTEXT('2D SPACE',''
  ) );
#4916 = ORIENTED_EDGE('',*,*,#4917,.T.);
#4917 = EDGE_CURVE('',#4891,#4918,#4920,.T.);
#4918 = VERTEX_POINT('',#4919);
#4919 = CARTESIAN_POINT('',(23.,-20.,-16.));
#4920 = SURFACE_CURVE('',#4921,(#4925,#4932),.PCURVE_S1.);
#4921 = LINE('',#4922,#4923);
#4922 = CARTESIAN_POINT('',(2.,-20.,-16.));
#4923 = VECTOR('',#4924,1.);
#4924 = DIRECTION('',(1.,0.,0.));
#4925 = PCURVE('',#2478,#4926);
#4926 = DEFINITIONAL_REPRESENTATION('',(#4927),#4931);
#4927 = LINE('',#4928,#4929);
#4928 = CARTESIAN_POINT('',(-1.570796326795,0.));
#4929 = VECTOR('',#4930,1.);
#4930 = DIRECTION('',(-0.,1.));
#4931 = ( GEOMETRIC_REPRESENTATION_CONTEXT(2) 
PARAMETRIC_REPRESENTATION_CONTEXT() REPRESENTATION_CONTEXT('2D SPACE',''
  ) );
#4932 = PCURVE('',#4933,#4938);
#4933 = PLANE('',#4934);
#4934 = AXIS2_PLACEMENT_3D('',#4935,#4936,#4937);
#4935 = CARTESIAN_POINT('',(0.,-26.,-16.));
#4936 = DIRECTION('',(0.,0.,1.));
#4937 = DIRECTION('',(1.,0.,0.));
#4938 = DEFINITIONAL_REPRESENTATION('',(#4939),#4943);
#4939 = LINE('',#4940,#4941);
#4940 = CARTESIAN_POINT('',(2.,6.));
#4941 = VECTOR('',#4942,1.);
#4942 = DIRECTION('',(1.,0.));
#4943 = ( GEOMETRIC_REPRESENTATION_CONTEXT(2) 
PARAMETRIC_REPRESENTATION_CONTEXT() REPRESENTATION_CONTEXT('2D SPACE',''
  ) );
#4944 = ORIENTED_EDGE('',*,*,#4945,.F.);
#4945 = EDGE_CURVE('',#2463,#4918,#4946,.T.);
#4946 = SURFACE_CURVE('',#4947,(#4955,#4967),.PCURVE_S1.);
#4947 = B_SPLINE_CURVE_WITH_KNOTS('',6,(#4948,#4949,#4950,#4951,#4952,
    #4953,#4954),.UNSPECIFIED.,.F.,.F.,(7,7),(0.,1.),
  .PIECEWISE_BEZIER_KNOTS.);
#4948 = CARTESIAN_POINT('',(24.,-17.,-13.));
#4949 = CARTESIAN_POINT('',(23.833333333333,-17.,-13.78539816339));
#4950 = CARTESIAN_POINT('',(23.666666666667,-17.24668305806,
    -14.57072950211));
#4951 = CARTESIAN_POINT('',(23.5,-17.74042955107,-15.25957044892));
#4952 = CARTESIAN_POINT('',(23.333333333333,-18.42927049788,
    -15.75331694193));
#4953 = CARTESIAN_POINT('',(23.166666666667,-19.2146018366,-16.));
#4954 = CARTESIAN_POINT('',(23.,-20.,-16.));
#4955 = PCURVE('',#2478,#4956);
#4956 = DEFINITIONAL_REPRESENTATION('',(#4957),#4966);
#4957 = B_SPLINE_CURVE_WITH_KNOTS('',7,(#4958,#4959,#4960,#4961,#4962,
    #4963,#4964,#4965),.UNSPECIFIED.,.F.,.F.,(8,8),(0.,1.),
  .PIECEWISE_BEZIER_KNOTS.);
#4958 = CARTESIAN_POINT('',(1.110223024625E-16,22.));
#4959 = CARTESIAN_POINT('',(-0.224399475256,21.857142857143));
#4960 = CARTESIAN_POINT('',(-0.448780948517,21.714297174711));
#4961 = CARTESIAN_POINT('',(-0.673244369879,21.571399322501));
#4962 = CARTESIAN_POINT('',(-0.897551956916,21.428600677499));
#4963 = CARTESIAN_POINT('',(-1.122015378278,21.285702825288));
#4964 = CARTESIAN_POINT('',(-1.346396851538,21.142857142857));
#4965 = CARTESIAN_POINT('',(-1.570796326795,21.));
#4966 = ( GEOMETRIC_REPRESENTATION_CONTEXT(2) 
PARAMETRIC_REPRESENTATION_CONTEXT() REPRESENTATION_CONTEXT('2D SPACE',''
  ) );
#4967 = PCURVE('',#4235,#4968);
#4968 = DEFINITIONAL_REPRESENTATION('',(#4969),#4978);
#4969 = B_SPLINE_CURVE_WITH_KNOTS('',7,(#4970,#4971,#4972,#4973,#4974,
    #4975,#4976,#4977),.UNSPECIFIED.,.F.,.F.,(8,8),(0.,1.),
  .PIECEWISE_BEZIER_KNOTS.);
#4970 = CARTESIAN_POINT('',(0.,0.));
#4971 = CARTESIAN_POINT('',(0.,0.142857142857));
#4972 = CARTESIAN_POINT('',(0.,0.285702826527));
#4973 = CARTESIAN_POINT('',(0.,0.428600674372));
#4974 = CARTESIAN_POINT('',(0.,0.571399325628));
#4975 = CARTESIAN_POINT('',(0.,0.714297173473));
#4976 = CARTESIAN_POINT('',(0.,0.857142857143));
#4977 = CARTESIAN_POINT('',(0.,1.));
#4978 = ( GEOMETRIC_REPRESENTATION_CONTEXT(2) 
PARAMETRIC_REPRESENTATION_CONTEXT() REPRESENTATION_CONTEXT('2D SPACE',''
  ) );
#4979 = ORIENTED_EDGE('',*,*,#2460,.F.);
#4980 = ADVANCED_FACE('',(#4981),#2554,.F.);
#4981 = FACE_BOUND('',#4982,.F.);
#4982 = EDGE_LOOP('',(#4983,#4984,#5012,#5040));
#4983 = ORIENTED_EDGE('',*,*,#2536,.F.);
#4984 = ORIENTED_EDGE('',*,*,#4985,.T.);
#4985 = EDGE_CURVE('',#2537,#4986,#4988,.T.);
#4986 = VERTEX_POINT('',#4987);
#4987 = CARTESIAN_POINT('',(-4.440892098501E-16,24.,-13.));
#4988 = SURFACE_CURVE('',#4989,(#4993,#5000),.PCURVE_S1.);
#4989 = LINE('',#4990,#4991);
#4990 = CARTESIAN_POINT('',(-4.440892098501E-16,19.,-13.));
#4991 = VECTOR('',#4992,1.);
#4992 = DIRECTION('',(0.,1.,0.));
#4993 = PCURVE('',#2554,#4994);
#4994 = DEFINITIONAL_REPRESENTATION('',(#4995),#4999);
#4995 = LINE('',#4996,#4997);
#4996 = CARTESIAN_POINT('',(3.,-2.));
#4997 = VECTOR('',#4998,1.);
#4998 = DIRECTION('',(0.,-1.));
#4999 = ( GEOMETRIC_REPRESENTATION_CONTEXT(2) 
PARAMETRIC_REPRESENTATION_CONTEXT() REPRESENTATION_CONTEXT('2D SPACE',''
  ) );
#5000 = PCURVE('',#5001,#5006);
#5001 = CYLINDRICAL_SURFACE('',#5002,3.);
#5002 = AXIS2_PLACEMENT_3D('',#5003,#5004,#5005);
#5003 = CARTESIAN_POINT('',(3.,19.,-13.));
#5004 = DIRECTION('',(0.,1.,0.));
#5005 = DIRECTION('',(-1.,0.,0.));
#5006 = DEFINITIONAL_REPRESENTATION('',(#5007),#5011);
#5007 = LINE('',#5008,#5009);
#5008 = CARTESIAN_POINT('',(-0.,0.));
#5009 = VECTOR('',#5010,1.);
#5010 = DIRECTION('',(-0.,1.));
#5011 = ( GEOMETRIC_REPRESENTATION_CONTEXT(2) 
PARAMETRIC_REPRESENTATION_CONTEXT() REPRESENTATION_CONTEXT('2D SPACE',''
  ) );
#5012 = ORIENTED_EDGE('',*,*,#5013,.T.);
#5013 = EDGE_CURVE('',#4986,#5014,#5016,.T.);
#5014 = VERTEX_POINT('',#5015);
#5015 = CARTESIAN_POINT('',(-4.440892098501E-16,24.,13.));
#5016 = SURFACE_CURVE('',#5017,(#5021,#5028),.PCURVE_S1.);
#5017 = LINE('',#5018,#5019);
#5018 = CARTESIAN_POINT('',(-4.440892098501E-16,24.,-16.));
#5019 = VECTOR('',#5020,1.);
#5020 = DIRECTION('',(0.,0.,1.));
#5021 = PCURVE('',#2554,#5022);
#5022 = DEFINITIONAL_REPRESENTATION('',(#5023),#5027);
#5023 = LINE('',#5024,#5025);
#5024 = CARTESIAN_POINT('',(0.,-7.));
#5025 = VECTOR('',#5026,1.);
#5026 = DIRECTION('',(1.,0.));
#5027 = ( GEOMETRIC_REPRESENTATION_CONTEXT(2) 
PARAMETRIC_REPRESENTATION_CONTEXT() REPRESENTATION_CONTEXT('2D SPACE',''
  ) );
#5028 = PCURVE('',#5029,#5034);
#5029 = CYLINDRICAL_SURFACE('',#5030,2.);
#5030 = AXIS2_PLACEMENT_3D('',#5031,#5032,#5033);
#5031 = CARTESIAN_POINT('',(2.,24.,-16.));
#5032 = DIRECTION('',(0.,0.,1.));
#5033 = DIRECTION('',(-1.,-0.,0.));
#5034 = DEFINITIONAL_REPRESENTATION('',(#5035),#5039);
#5035 = LINE('',#5036,#5037);
#5036 = CARTESIAN_POINT('',(-0.,0.));
#5037 = VECTOR('',#5038,1.);
#5038 = DIRECTION('',(-0.,1.));
#5039 = ( GEOMETRIC_REPRESENTATION_CONTEXT(2) 
PARAMETRIC_REPRESENTATION_CONTEXT() REPRESENTATION_CONTEXT('2D SPACE',''
  ) );
#5040 = ORIENTED_EDGE('',*,*,#5041,.F.);
#5041 = EDGE_CURVE('',#2539,#5014,#5042,.T.);
#5042 = SURFACE_CURVE('',#5043,(#5047,#5054),.PCURVE_S1.);
#5043 = LINE('',#5044,#5045);
#5044 = CARTESIAN_POINT('',(-4.440892098501E-16,19.,13.));
#5045 = VECTOR('',#5046,1.);
#5046 = DIRECTION('',(0.,1.,0.));
#5047 = PCURVE('',#2554,#5048);
#5048 = DEFINITIONAL_REPRESENTATION('',(#5049),#5053);
#5049 = LINE('',#5050,#5051);
#5050 = CARTESIAN_POINT('',(29.,-2.));
#5051 = VECTOR('',#5052,1.);
#5052 = DIRECTION('',(0.,-1.));
#5053 = ( GEOMETRIC_REPRESENTATION_CONTEXT(2) 
PARAMETRIC_REPRESENTATION_CONTEXT() REPRESENTATION_CONTEXT('2D SPACE',''
  ) );
#5054 = PCURVE('',#5055,#5060);
#5055 = CYLINDRICAL_SURFACE('',#5056,3.);
#5056 = AXIS2_PLACEMENT_3D('',#5057,#5058,#5059);
#5057 = CARTESIAN_POINT('',(3.,19.,13.));
#5058 = DIRECTION('',(0.,1.,0.));
#5059 = DIRECTION('',(-1.,0.,0.));
#5060 = DEFINITIONAL_REPRESENTATION('',(#5061),#5065);
#5061 = LINE('',#5062,#5063);
#5062 = CARTESIAN_POINT('',(0.,0.));
#5063 = VECTOR('',#5064,1.);
#5064 = DIRECTION('',(0.,1.));
#5065 = ( GEOMETRIC_REPRESENTATION_CONTEXT(2) 
PARAMETRIC_REPRESENTATION_CONTEXT() REPRESENTATION_CONTEXT('2D SPACE',''
  ) );
#5066 = ADVANCED_FACE('',(#5067),#2706,.F.);
#5067 = FACE_BOUND('',#5068,.F.);
#5068 = EDGE_LOOP('',(#5069,#5070,#5071));
#5069 = ORIENTED_EDGE('',*,*,#3113,.F.);
#5070 = ORIENTED_EDGE('',*,*,#2683,.T.);
#5071 = ORIENTED_EDGE('',*,*,#5072,.T.);
#5072 = EDGE_CURVE('',#2539,#3086,#5073,.T.);
#5073 = SURFACE_CURVE('',#5074,(#5082,#5094),.PCURVE_S1.);
#5074 = B_SPLINE_CURVE_WITH_KNOTS('',6,(#5075,#5076,#5077,#5078,#5079,
    #5080,#5081),.UNSPECIFIED.,.F.,.F.,(7,7),(0.,1.),
  .PIECEWISE_BEZIER_KNOTS.);
#5075 = CARTESIAN_POINT('',(-2.22044604925E-16,19.,13.));
#5076 = CARTESIAN_POINT('',(8.287770469906E-16,19.166666666667,
    13.785398163397));
#5077 = CARTESIAN_POINT('',(0.246683058061,19.333333333333,
    14.570729502115));
#5078 = CARTESIAN_POINT('',(0.740429551079,19.5,15.259570448921));
#5079 = CARTESIAN_POINT('',(1.429270497885,19.666666666667,
    15.753316941939));
#5080 = CARTESIAN_POINT('',(2.214601836603,19.833333333333,16.));
#5081 = CARTESIAN_POINT('',(3.,20.,16.));
#5082 = PCURVE('',#2706,#5083);
#5083 = DEFINITIONAL_REPRESENTATION('',(#5084),#5093);
#5084 = B_SPLINE_CURVE_WITH_KNOTS('',7,(#5085,#5086,#5087,#5088,#5089,
    #5090,#5091,#5092),.UNSPECIFIED.,.F.,.F.,(8,8),(0.,1.),
  .PIECEWISE_BEZIER_KNOTS.);
#5085 = CARTESIAN_POINT('',(1.,-1.110223024625E-16));
#5086 = CARTESIAN_POINT('',(1.,0.142857142857));
#5087 = CARTESIAN_POINT('',(1.,0.285702826527));
#5088 = CARTESIAN_POINT('',(1.,0.428600674372));
#5089 = CARTESIAN_POINT('',(1.,0.571399325628));
#5090 = CARTESIAN_POINT('',(1.,0.714297173473));
#5091 = CARTESIAN_POINT('',(1.,0.857142857143));
#5092 = CARTESIAN_POINT('',(1.,1.));
#5093 = ( GEOMETRIC_REPRESENTATION_CONTEXT(2) 
PARAMETRIC_REPRESENTATION_CONTEXT() REPRESENTATION_CONTEXT('2D SPACE',''
  ) );
#5094 = PCURVE('',#5055,#5095);
#5095 = DEFINITIONAL_REPRESENTATION('',(#5096),#5105);
#5096 = B_SPLINE_CURVE_WITH_KNOTS('',7,(#5097,#5098,#5099,#5100,#5101,
    #5102,#5103,#5104),.UNSPECIFIED.,.F.,.F.,(8,8),(0.,1.),
  .PIECEWISE_BEZIER_KNOTS.);
#5097 = CARTESIAN_POINT('',(0.,5.551115123126E-17));
#5098 = CARTESIAN_POINT('',(0.224399475256,0.142857142857));
#5099 = CARTESIAN_POINT('',(0.448780948517,0.285702825288));
#5100 = CARTESIAN_POINT('',(0.673244369879,0.4286006775));
#5101 = CARTESIAN_POINT('',(0.897551956916,0.5713993225));
#5102 = CARTESIAN_POINT('',(1.122015378278,0.714297174712));
#5103 = CARTESIAN_POINT('',(1.346396851538,0.857142857143));
#5104 = CARTESIAN_POINT('',(1.570796326795,1.));
#5105 = ( GEOMETRIC_REPRESENTATION_CONTEXT(2) 
PARAMETRIC_REPRESENTATION_CONTEXT() REPRESENTATION_CONTEXT('2D SPACE',''
  ) );
#5106 = ADVANCED_FACE('',(#5107),#2589,.T.);
#5107 = FACE_BOUND('',#5108,.T.);
#5108 = EDGE_LOOP('',(#5109,#5110,#5111));
#5109 = ORIENTED_EDGE('',*,*,#4851,.F.);
#5110 = ORIENTED_EDGE('',*,*,#2566,.T.);
#5111 = ORIENTED_EDGE('',*,*,#5112,.T.);
#5112 = EDGE_CURVE('',#2537,#4824,#5113,.T.);
#5113 = SURFACE_CURVE('',#5114,(#5122,#5134),.PCURVE_S1.);
#5114 = B_SPLINE_CURVE_WITH_KNOTS('',6,(#5115,#5116,#5117,#5118,#5119,
    #5120,#5121),.UNSPECIFIED.,.F.,.F.,(7,7),(0.,1.),
  .PIECEWISE_BEZIER_KNOTS.);
#5115 = CARTESIAN_POINT('',(-2.22044604925E-16,19.,-13.));
#5116 = CARTESIAN_POINT('',(8.287770469906E-16,19.166666666667,
    -13.78539816339));
#5117 = CARTESIAN_POINT('',(0.246683058061,19.333333333333,
    -14.57072950211));
#5118 = CARTESIAN_POINT('',(0.740429551079,19.5,-15.25957044892));
#5119 = CARTESIAN_POINT('',(1.429270497885,19.666666666667,
    -15.75331694193));
#5120 = CARTESIAN_POINT('',(2.214601836603,19.833333333333,-16.));
#5121 = CARTESIAN_POINT('',(3.,20.,-16.));
#5122 = PCURVE('',#2589,#5123);
#5123 = DEFINITIONAL_REPRESENTATION('',(#5124),#5133);
#5124 = B_SPLINE_CURVE_WITH_KNOTS('',7,(#5125,#5126,#5127,#5128,#5129,
    #5130,#5131,#5132),.UNSPECIFIED.,.F.,.F.,(8,8),(0.,1.),
  .PIECEWISE_BEZIER_KNOTS.);
#5125 = CARTESIAN_POINT('',(1.,1.110223024625E-16));
#5126 = CARTESIAN_POINT('',(1.,0.142857142857));
#5127 = CARTESIAN_POINT('',(1.,0.285702826527));
#5128 = CARTESIAN_POINT('',(1.,0.428600674372));
#5129 = CARTESIAN_POINT('',(1.,0.571399325628));
#5130 = CARTESIAN_POINT('',(1.,0.714297173473));
#5131 = CARTESIAN_POINT('',(1.,0.857142857143));
#5132 = CARTESIAN_POINT('',(1.,1.));
#5133 = ( GEOMETRIC_REPRESENTATION_CONTEXT(2) 
PARAMETRIC_REPRESENTATION_CONTEXT() REPRESENTATION_CONTEXT('2D SPACE',''
  ) );
#5134 = PCURVE('',#5001,#5135);
#5135 = DEFINITIONAL_REPRESENTATION('',(#5136),#5145);
#5136 = B_SPLINE_CURVE_WITH_KNOTS('',7,(#5137,#5138,#5139,#5140,#5141,
    #5142,#5143,#5144),.UNSPECIFIED.,.F.,.F.,(8,8),(0.,1.),
  .PIECEWISE_BEZIER_KNOTS.);
#5137 = CARTESIAN_POINT('',(0.,5.551115123126E-17));
#5138 = CARTESIAN_POINT('',(-0.224399475256,0.142857142857));
#5139 = CARTESIAN_POINT('',(-0.448780948517,0.285702825288));
#5140 = CARTESIAN_POINT('',(-0.673244369879,0.4286006775));
#5141 = CARTESIAN_POINT('',(-0.897551956916,0.5713993225));
#5142 = CARTESIAN_POINT('',(-1.122015378278,0.714297174712));
#5143 = CARTESIAN_POINT('',(-1.346396851538,0.857142857143));
#5144 = CARTESIAN_POINT('',(-1.570796326795,1.));
#5145 = ( GEOMETRIC_REPRESENTATION_CONTEXT(2) 
PARAMETRIC_REPRESENTATION_CONTEXT() REPRESENTATION_CONTEXT('2D SPACE',''
  ) );
#5146 = ADVANCED_FACE('',(#5147),#2816,.T.);
#5147 = FACE_BOUND('',#5148,.T.);
#5148 = EDGE_LOOP('',(#5149,#5150,#5178,#5206));
#5149 = ORIENTED_EDGE('',*,*,#2798,.F.);
#5150 = ORIENTED_EDGE('',*,*,#5151,.F.);
#5151 = EDGE_CURVE('',#5152,#2799,#5154,.T.);
#5152 = VERTEX_POINT('',#5153);
#5153 = CARTESIAN_POINT('',(26.,24.,-13.));
#5154 = SURFACE_CURVE('',#5155,(#5159,#5166),.PCURVE_S1.);
#5155 = LINE('',#5156,#5157);
#5156 = CARTESIAN_POINT('',(26.,24.,-13.));
#5157 = VECTOR('',#5158,1.);
#5158 = DIRECTION('',(-0.,-1.,-0.));
#5159 = PCURVE('',#2816,#5160);
#5160 = DEFINITIONAL_REPRESENTATION('',(#5161),#5165);
#5161 = LINE('',#5162,#5163);
#5162 = CARTESIAN_POINT('',(3.,-7.));
#5163 = VECTOR('',#5164,1.);
#5164 = DIRECTION('',(-0.,1.));
#5165 = ( GEOMETRIC_REPRESENTATION_CONTEXT(2) 
PARAMETRIC_REPRESENTATION_CONTEXT() REPRESENTATION_CONTEXT('2D SPACE',''
  ) );
#5166 = PCURVE('',#5167,#5172);
#5167 = CYLINDRICAL_SURFACE('',#5168,3.);
#5168 = AXIS2_PLACEMENT_3D('',#5169,#5170,#5171);
#5169 = CARTESIAN_POINT('',(23.,24.,-13.));
#5170 = DIRECTION('',(-0.,-1.,-0.));
#5171 = DIRECTION('',(1.,0.,-0.));
#5172 = DEFINITIONAL_REPRESENTATION('',(#5173),#5177);
#5173 = LINE('',#5174,#5175);
#5174 = CARTESIAN_POINT('',(-0.,0.));
#5175 = VECTOR('',#5176,1.);
#5176 = DIRECTION('',(-0.,1.));
#5177 = ( GEOMETRIC_REPRESENTATION_CONTEXT(2) 
PARAMETRIC_REPRESENTATION_CONTEXT() REPRESENTATION_CONTEXT('2D SPACE',''
  ) );
#5178 = ORIENTED_EDGE('',*,*,#5179,.T.);
#5179 = EDGE_CURVE('',#5152,#5180,#5182,.T.);
#5180 = VERTEX_POINT('',#5181);
#5181 = CARTESIAN_POINT('',(26.,24.,13.));
#5182 = SURFACE_CURVE('',#5183,(#5187,#5194),.PCURVE_S1.);
#5183 = LINE('',#5184,#5185);
#5184 = CARTESIAN_POINT('',(26.,24.,-16.));
#5185 = VECTOR('',#5186,1.);
#5186 = DIRECTION('',(0.,0.,1.));
#5187 = PCURVE('',#2816,#5188);
#5188 = DEFINITIONAL_REPRESENTATION('',(#5189),#5193);
#5189 = LINE('',#5190,#5191);
#5190 = CARTESIAN_POINT('',(0.,-7.));
#5191 = VECTOR('',#5192,1.);
#5192 = DIRECTION('',(1.,0.));
#5193 = ( GEOMETRIC_REPRESENTATION_CONTEXT(2) 
PARAMETRIC_REPRESENTATION_CONTEXT() REPRESENTATION_CONTEXT('2D SPACE',''
  ) );
#5194 = PCURVE('',#5195,#5200);
#5195 = CYLINDRICAL_SURFACE('',#5196,2.);
#5196 = AXIS2_PLACEMENT_3D('',#5197,#5198,#5199);
#5197 = CARTESIAN_POINT('',(24.,24.,-16.));
#5198 = DIRECTION('',(0.,0.,1.));
#5199 = DIRECTION('',(1.,0.,-0.));
#5200 = DEFINITIONAL_REPRESENTATION('',(#5201),#5205);
#5201 = LINE('',#5202,#5203);
#5202 = CARTESIAN_POINT('',(0.,0.));
#5203 = VECTOR('',#5204,1.);
#5204 = DIRECTION('',(0.,1.));
#5205 = ( GEOMETRIC_REPRESENTATION_CONTEXT(2) 
PARAMETRIC_REPRESENTATION_CONTEXT() REPRESENTATION_CONTEXT('2D SPACE',''
  ) );
#5206 = ORIENTED_EDGE('',*,*,#5207,.T.);
#5207 = EDGE_CURVE('',#5180,#2801,#5208,.T.);
#5208 = SURFACE_CURVE('',#5209,(#5213,#5220),.PCURVE_S1.);
#5209 = LINE('',#5210,#5211);
#5210 = CARTESIAN_POINT('',(26.,24.,13.));
#5211 = VECTOR('',#5212,1.);
#5212 = DIRECTION('',(-0.,-1.,-0.));
#5213 = PCURVE('',#2816,#5214);
#5214 = DEFINITIONAL_REPRESENTATION('',(#5215),#5219);
#5215 = LINE('',#5216,#5217);
#5216 = CARTESIAN_POINT('',(29.,-7.));
#5217 = VECTOR('',#5218,1.);
#5218 = DIRECTION('',(-0.,1.));
#5219 = ( GEOMETRIC_REPRESENTATION_CONTEXT(2) 
PARAMETRIC_REPRESENTATION_CONTEXT() REPRESENTATION_CONTEXT('2D SPACE',''
  ) );
#5220 = PCURVE('',#5221,#5226);
#5221 = CYLINDRICAL_SURFACE('',#5222,3.);
#5222 = AXIS2_PLACEMENT_3D('',#5223,#5224,#5225);
#5223 = CARTESIAN_POINT('',(23.,24.,13.));
#5224 = DIRECTION('',(-0.,-1.,-0.));
#5225 = DIRECTION('',(1.,0.,-0.));
#5226 = DEFINITIONAL_REPRESENTATION('',(#5227),#5231);
#5227 = LINE('',#5228,#5229);
#5228 = CARTESIAN_POINT('',(0.,0.));
#5229 = VECTOR('',#5230,1.);
#5230 = DIRECTION('',(0.,1.));
#5231 = ( GEOMETRIC_REPRESENTATION_CONTEXT(2) 
PARAMETRIC_REPRESENTATION_CONTEXT() REPRESENTATION_CONTEXT('2D SPACE',''
  ) );
#5232 = ADVANCED_FACE('',(#5233),#2851,.T.);
#5233 = FACE_BOUND('',#5234,.T.);
#5234 = EDGE_LOOP('',(#5235,#5270,#5271));
#5235 = ORIENTED_EDGE('',*,*,#5236,.F.);
#5236 = EDGE_CURVE('',#2799,#4797,#5237,.T.);
#5237 = SURFACE_CURVE('',#5238,(#5246,#5258),.PCURVE_S1.);
#5238 = B_SPLINE_CURVE_WITH_KNOTS('',6,(#5239,#5240,#5241,#5242,#5243,
    #5244,#5245),.UNSPECIFIED.,.F.,.F.,(7,7),(0.,1.),
  .PIECEWISE_BEZIER_KNOTS.);
#5239 = CARTESIAN_POINT('',(26.,19.,-13.));
#5240 = CARTESIAN_POINT('',(26.,19.166666666667,-13.78539816339));
#5241 = CARTESIAN_POINT('',(25.753316941939,19.333333333333,
    -14.57072950211));
#5242 = CARTESIAN_POINT('',(25.259570448921,19.5,-15.25957044892));
#5243 = CARTESIAN_POINT('',(24.570729502115,19.666666666667,
    -15.75331694193));
#5244 = CARTESIAN_POINT('',(23.785398163398,19.833333333333,-16.));
#5245 = CARTESIAN_POINT('',(23.,20.,-16.));
#5246 = PCURVE('',#2851,#5247);
#5247 = DEFINITIONAL_REPRESENTATION('',(#5248),#5257);
#5248 = B_SPLINE_CURVE_WITH_KNOTS('',7,(#5249,#5250,#5251,#5252,#5253,
    #5254,#5255,#5256),.UNSPECIFIED.,.F.,.F.,(8,8),(0.,1.),
  .PIECEWISE_BEZIER_KNOTS.);
#5249 = CARTESIAN_POINT('',(0.,0.));
#5250 = CARTESIAN_POINT('',(0.,0.142857142857));
#5251 = CARTESIAN_POINT('',(0.,0.285702826527));
#5252 = CARTESIAN_POINT('',(0.,0.428600674372));
#5253 = CARTESIAN_POINT('',(0.,0.571399325628));
#5254 = CARTESIAN_POINT('',(0.,0.714297173473));
#5255 = CARTESIAN_POINT('',(0.,0.857142857143));
#5256 = CARTESIAN_POINT('',(0.,1.));
#5257 = ( GEOMETRIC_REPRESENTATION_CONTEXT(2) 
PARAMETRIC_REPRESENTATION_CONTEXT() REPRESENTATION_CONTEXT('2D SPACE',''
  ) );
#5258 = PCURVE('',#5167,#5259);
#5259 = DEFINITIONAL_REPRESENTATION('',(#5260),#5269);
#5260 = B_SPLINE_CURVE_WITH_KNOTS('',7,(#5261,#5262,#5263,#5264,#5265,
    #5266,#5267,#5268),.UNSPECIFIED.,.F.,.F.,(8,8),(0.,1.),
  .PIECEWISE_BEZIER_KNOTS.);
#5261 = CARTESIAN_POINT('',(3.330669073875E-16,5.));
#5262 = CARTESIAN_POINT('',(-0.224399475256,4.857142857143));
#5263 = CARTESIAN_POINT('',(-0.448780948517,4.714297174712));
#5264 = CARTESIAN_POINT('',(-0.673244369879,4.5713993225));
#5265 = CARTESIAN_POINT('',(-0.897551956916,4.4286006775));
#5266 = CARTESIAN_POINT('',(-1.122015378278,4.285702825288));
#5267 = CARTESIAN_POINT('',(-1.346396851538,4.142857142857));
#5268 = CARTESIAN_POINT('',(-1.570796326795,4.));
#5269 = ( GEOMETRIC_REPRESENTATION_CONTEXT(2) 
PARAMETRIC_REPRESENTATION_CONTEXT() REPRESENTATION_CONTEXT('2D SPACE',''
  ) );
#5270 = ORIENTED_EDGE('',*,*,#2828,.T.);
#5271 = ORIENTED_EDGE('',*,*,#4796,.T.);
#5272 = ADVANCED_FACE('',(#5273),#2966,.F.);
#5273 = FACE_BOUND('',#5274,.F.);
#5274 = EDGE_LOOP('',(#5275,#5310,#5311));
#5275 = ORIENTED_EDGE('',*,*,#5276,.F.);
#5276 = EDGE_CURVE('',#2801,#3059,#5277,.T.);
#5277 = SURFACE_CURVE('',#5278,(#5286,#5298),.PCURVE_S1.);
#5278 = B_SPLINE_CURVE_WITH_KNOTS('',6,(#5279,#5280,#5281,#5282,#5283,
    #5284,#5285),.UNSPECIFIED.,.F.,.F.,(7,7),(0.,1.),
  .PIECEWISE_BEZIER_KNOTS.);
#5279 = CARTESIAN_POINT('',(26.,19.,13.));
#5280 = CARTESIAN_POINT('',(26.,19.166666666667,13.785398163397));
#5281 = CARTESIAN_POINT('',(25.753316941939,19.333333333333,
    14.570729502115));
#5282 = CARTESIAN_POINT('',(25.259570448921,19.5,15.259570448921));
#5283 = CARTESIAN_POINT('',(24.570729502115,19.666666666667,
    15.753316941939));
#5284 = CARTESIAN_POINT('',(23.785398163398,19.833333333333,16.));
#5285 = CARTESIAN_POINT('',(23.,20.,16.));
#5286 = PCURVE('',#2966,#5287);
#5287 = DEFINITIONAL_REPRESENTATION('',(#5288),#5297);
#5288 = B_SPLINE_CURVE_WITH_KNOTS('',7,(#5289,#5290,#5291,#5292,#5293,
    #5294,#5295,#5296),.UNSPECIFIED.,.F.,.F.,(8,8),(0.,1.),
  .PIECEWISE_BEZIER_KNOTS.);
#5289 = CARTESIAN_POINT('',(0.,0.));
#5290 = CARTESIAN_POINT('',(0.,0.142857142857));
#5291 = CARTESIAN_POINT('',(0.,0.285702826527));
#5292 = CARTESIAN_POINT('',(0.,0.428600674372));
#5293 = CARTESIAN_POINT('',(0.,0.571399325628));
#5294 = CARTESIAN_POINT('',(0.,0.714297173473));
#5295 = CARTESIAN_POINT('',(0.,0.857142857143));
#5296 = CARTESIAN_POINT('',(0.,1.));
#5297 = ( GEOMETRIC_REPRESENTATION_CONTEXT(2) 
PARAMETRIC_REPRESENTATION_CONTEXT() REPRESENTATION_CONTEXT('2D SPACE',''
  ) );
#5298 = PCURVE('',#5221,#5299);
#5299 = DEFINITIONAL_REPRESENTATION('',(#5300),#5309);
#5300 = B_SPLINE_CURVE_WITH_KNOTS('',7,(#5301,#5302,#5303,#5304,#5305,
    #5306,#5307,#5308),.UNSPECIFIED.,.F.,.F.,(8,8),(0.,1.),
  .PIECEWISE_BEZIER_KNOTS.);
#5301 = CARTESIAN_POINT('',(-3.330669073875E-16,5.));
#5302 = CARTESIAN_POINT('',(0.224399475256,4.857142857143));
#5303 = CARTESIAN_POINT('',(0.448780948517,4.714297174712));
#5304 = CARTESIAN_POINT('',(0.673244369879,4.5713993225));
#5305 = CARTESIAN_POINT('',(0.897551956916,4.4286006775));
#5306 = CARTESIAN_POINT('',(1.122015378278,4.285702825288));
#5307 = CARTESIAN_POINT('',(1.346396851538,4.142857142857));
#5308 = CARTESIAN_POINT('',(1.570796326795,4.));
#5309 = ( GEOMETRIC_REPRESENTATION_CONTEXT(2) 
PARAMETRIC_REPRESENTATION_CONTEXT() REPRESENTATION_CONTEXT('2D SPACE',''
  ) );
#5310 = ORIENTED_EDGE('',*,*,#2943,.T.);
#5311 = ORIENTED_EDGE('',*,*,#3058,.T.);
#5312 = ADVANCED_FACE('',(#5313),#3101,.T.);
#5313 = FACE_BOUND('',#5314,.T.);
#5314 = EDGE_LOOP('',(#5315,#5338,#5339,#5362));
#5315 = ORIENTED_EDGE('',*,*,#5316,.F.);
#5316 = EDGE_CURVE('',#3086,#5317,#5319,.T.);
#5317 = VERTEX_POINT('',#5318);
#5318 = CARTESIAN_POINT('',(3.,23.,16.));
#5319 = SURFACE_CURVE('',#5320,(#5324,#5331),.PCURVE_S1.);
#5320 = LINE('',#5321,#5322);
#5321 = CARTESIAN_POINT('',(3.,19.,16.));
#5322 = VECTOR('',#5323,1.);
#5323 = DIRECTION('',(0.,1.,0.));
#5324 = PCURVE('',#3101,#5325);
#5325 = DEFINITIONAL_REPRESENTATION('',(#5326),#5330);
#5326 = LINE('',#5327,#5328);
#5327 = CARTESIAN_POINT('',(3.,2.));
#5328 = VECTOR('',#5329,1.);
#5329 = DIRECTION('',(0.,1.));
#5330 = ( GEOMETRIC_REPRESENTATION_CONTEXT(2) 
PARAMETRIC_REPRESENTATION_CONTEXT() REPRESENTATION_CONTEXT('2D SPACE',''
  ) );
#5331 = PCURVE('',#5055,#5332);
#5332 = DEFINITIONAL_REPRESENTATION('',(#5333),#5337);
#5333 = LINE('',#5334,#5335);
#5334 = CARTESIAN_POINT('',(1.570796326795,0.));
#5335 = VECTOR('',#5336,1.);
#5336 = DIRECTION('',(0.,1.));
#5337 = ( GEOMETRIC_REPRESENTATION_CONTEXT(2) 
PARAMETRIC_REPRESENTATION_CONTEXT() REPRESENTATION_CONTEXT('2D SPACE',''
  ) );
#5338 = ORIENTED_EDGE('',*,*,#3085,.F.);
#5339 = ORIENTED_EDGE('',*,*,#5340,.F.);
#5340 = EDGE_CURVE('',#5341,#3059,#5343,.T.);
#5341 = VERTEX_POINT('',#5342);
#5342 = CARTESIAN_POINT('',(23.,23.,16.));
#5343 = SURFACE_CURVE('',#5344,(#5348,#5355),.PCURVE_S1.);
#5344 = LINE('',#5345,#5346);
#5345 = CARTESIAN_POINT('',(23.,24.,16.));
#5346 = VECTOR('',#5347,1.);
#5347 = DIRECTION('',(-0.,-1.,-0.));
#5348 = PCURVE('',#3101,#5349);
#5349 = DEFINITIONAL_REPRESENTATION('',(#5350),#5354);
#5350 = LINE('',#5351,#5352);
#5351 = CARTESIAN_POINT('',(23.,7.));
#5352 = VECTOR('',#5353,1.);
#5353 = DIRECTION('',(-0.,-1.));
#5354 = ( GEOMETRIC_REPRESENTATION_CONTEXT(2) 
PARAMETRIC_REPRESENTATION_CONTEXT() REPRESENTATION_CONTEXT('2D SPACE',''
  ) );
#5355 = PCURVE('',#5221,#5356);
#5356 = DEFINITIONAL_REPRESENTATION('',(#5357),#5361);
#5357 = LINE('',#5358,#5359);
#5358 = CARTESIAN_POINT('',(1.570796326795,0.));
#5359 = VECTOR('',#5360,1.);
#5360 = DIRECTION('',(0.,1.));
#5361 = ( GEOMETRIC_REPRESENTATION_CONTEXT(2) 
PARAMETRIC_REPRESENTATION_CONTEXT() REPRESENTATION_CONTEXT('2D SPACE',''
  ) );
#5362 = ORIENTED_EDGE('',*,*,#5363,.F.);
#5363 = EDGE_CURVE('',#5317,#5341,#5364,.T.);
#5364 = SURFACE_CURVE('',#5365,(#5369,#5376),.PCURVE_S1.);
#5365 = LINE('',#5366,#5367);
#5366 = CARTESIAN_POINT('',(2.,23.,16.));
#5367 = VECTOR('',#5368,1.);
#5368 = DIRECTION('',(1.,0.,0.));
#5369 = PCURVE('',#3101,#5370);
#5370 = DEFINITIONAL_REPRESENTATION('',(#5371),#5375);
#5371 = LINE('',#5372,#5373);
#5372 = CARTESIAN_POINT('',(2.,6.));
#5373 = VECTOR('',#5374,1.);
#5374 = DIRECTION('',(1.,0.));
#5375 = ( GEOMETRIC_REPRESENTATION_CONTEXT(2) 
PARAMETRIC_REPRESENTATION_CONTEXT() REPRESENTATION_CONTEXT('2D SPACE',''
  ) );
#5376 = PCURVE('',#5377,#5382);
#5377 = CYLINDRICAL_SURFACE('',#5378,3.);
#5378 = AXIS2_PLACEMENT_3D('',#5379,#5380,#5381);
#5379 = CARTESIAN_POINT('',(2.,23.,13.));
#5380 = DIRECTION('',(1.,0.,0.));
#5381 = DIRECTION('',(-0.,1.,0.));
#5382 = DEFINITIONAL_REPRESENTATION('',(#5383),#5387);
#5383 = LINE('',#5384,#5385);
#5384 = CARTESIAN_POINT('',(1.570796326795,0.));
#5385 = VECTOR('',#5386,1.);
#5386 = DIRECTION('',(0.,1.));
#5387 = ( GEOMETRIC_REPRESENTATION_CONTEXT(2) 
PARAMETRIC_REPRESENTATION_CONTEXT() REPRESENTATION_CONTEXT('2D SPACE',''
  ) );
#5388 = ADVANCED_FACE('',(#5389),#3170,.T.);
#5389 = FACE_BOUND('',#5390,.T.);
#5390 = EDGE_LOOP('',(#5391,#5392,#5393));
#5391 = ORIENTED_EDGE('',*,*,#3780,.F.);
#5392 = ORIENTED_EDGE('',*,*,#3153,.T.);
#5393 = ORIENTED_EDGE('',*,*,#5394,.T.);
#5394 = EDGE_CURVE('',#3154,#3753,#5395,.T.);
#5395 = SURFACE_CURVE('',#5396,(#5401,#5407),.PCURVE_S1.);
#5396 = CIRCLE('',#5397,2.);
#5397 = AXIS2_PLACEMENT_3D('',#5398,#5399,#5400);
#5398 = CARTESIAN_POINT('',(155.,17.,-12.));
#5399 = DIRECTION('',(-1.,-6.123233995737E-17,0.));
#5400 = DIRECTION('',(-6.123233995737E-17,1.,0.));
#5401 = PCURVE('',#3170,#5402);
#5402 = DEFINITIONAL_REPRESENTATION('',(#5403),#5406);
#5403 = B_SPLINE_CURVE_WITH_KNOTS('',1,(#5404,#5405),.UNSPECIFIED.,.F.,
  .F.,(2,2),(0.,1.570796326795),.PIECEWISE_BEZIER_KNOTS.);
#5404 = CARTESIAN_POINT('',(1.570796326795,0.));
#5405 = CARTESIAN_POINT('',(1.570796326795,1.570796326795));
#5406 = ( GEOMETRIC_REPRESENTATION_CONTEXT(2) 
PARAMETRIC_REPRESENTATION_CONTEXT() REPRESENTATION_CONTEXT('2D SPACE',''
  ) );
#5407 = PCURVE('',#5408,#5413);
#5408 = CYLINDRICAL_SURFACE('',#5409,2.);
#5409 = AXIS2_PLACEMENT_3D('',#5410,#5411,#5412);
#5410 = CARTESIAN_POINT('',(155.,17.,-12.));
#5411 = DIRECTION('',(1.,0.,0.));
#5412 = DIRECTION('',(-0.,1.,0.));
#5413 = DEFINITIONAL_REPRESENTATION('',(#5414),#5417);
#5414 = B_SPLINE_CURVE_WITH_KNOTS('',1,(#5415,#5416),.UNSPECIFIED.,.F.,
  .F.,(2,2),(0.,1.570796326795),.PIECEWISE_BEZIER_KNOTS.);
#5415 = CARTESIAN_POINT('',(0.,0.));
#5416 = CARTESIAN_POINT('',(-1.570796326795,0.));
#5417 = ( GEOMETRIC_REPRESENTATION_CONTEXT(2) 
PARAMETRIC_REPRESENTATION_CONTEXT() REPRESENTATION_CONTEXT('2D SPACE',''
  ) );
#5418 = ADVANCED_FACE('',(#5419),#3225,.T.);
#5419 = FACE_BOUND('',#5420,.F.);
#5420 = EDGE_LOOP('',(#5421,#5422,#5423));
#5421 = ORIENTED_EDGE('',*,*,#3706,.F.);
#5422 = ORIENTED_EDGE('',*,*,#3210,.T.);
#5423 = ORIENTED_EDGE('',*,*,#5424,.T.);
#5424 = EDGE_CURVE('',#3183,#3679,#5425,.T.);
#5425 = SURFACE_CURVE('',#5426,(#5431,#5437),.PCURVE_S1.);
#5426 = CIRCLE('',#5427,2.);
#5427 = AXIS2_PLACEMENT_3D('',#5428,#5429,#5430);
#5428 = CARTESIAN_POINT('',(155.,17.,12.));
#5429 = DIRECTION('',(1.,6.123233995737E-17,-0.));
#5430 = DIRECTION('',(-6.123233995737E-17,1.,0.));
#5431 = PCURVE('',#3225,#5432);
#5432 = DEFINITIONAL_REPRESENTATION('',(#5433),#5436);
#5433 = B_SPLINE_CURVE_WITH_KNOTS('',1,(#5434,#5435),.UNSPECIFIED.,.F.,
  .F.,(2,2),(0.,1.570796326795),.PIECEWISE_BEZIER_KNOTS.);
#5434 = CARTESIAN_POINT('',(-1.570796326795,0.));
#5435 = CARTESIAN_POINT('',(-1.570796326795,1.570796326795));
#5436 = ( GEOMETRIC_REPRESENTATION_CONTEXT(2) 
PARAMETRIC_REPRESENTATION_CONTEXT() REPRESENTATION_CONTEXT('2D SPACE',''
  ) );
#5437 = PCURVE('',#5438,#5443);
#5438 = CYLINDRICAL_SURFACE('',#5439,2.);
#5439 = AXIS2_PLACEMENT_3D('',#5440,#5441,#5442);
#5440 = CARTESIAN_POINT('',(155.,17.,12.));
#5441 = DIRECTION('',(1.,0.,0.));
#5442 = DIRECTION('',(-0.,1.,0.));
#5443 = DEFINITIONAL_REPRESENTATION('',(#5444),#5447);
#5444 = B_SPLINE_CURVE_WITH_KNOTS('',1,(#5445,#5446),.UNSPECIFIED.,.F.,
  .F.,(2,2),(0.,1.570796326795),.PIECEWISE_BEZIER_KNOTS.);
#5445 = CARTESIAN_POINT('',(0.,0.));
#5446 = CARTESIAN_POINT('',(1.570796326795,0.));
#5447 = ( GEOMETRIC_REPRESENTATION_CONTEXT(2) 
PARAMETRIC_REPRESENTATION_CONTEXT() REPRESENTATION_CONTEXT('2D SPACE',''
  ) );
#5448 = ADVANCED_FACE('',(#5449),#3198,.T.);
#5449 = FACE_BOUND('',#5450,.T.);
#5450 = EDGE_LOOP('',(#5451,#5452,#5475,#5503));
#5451 = ORIENTED_EDGE('',*,*,#3182,.T.);
#5452 = ORIENTED_EDGE('',*,*,#5453,.T.);
#5453 = EDGE_CURVE('',#3183,#5454,#5456,.T.);
#5454 = VERTEX_POINT('',#5455);
#5455 = CARTESIAN_POINT('',(173.,19.,12.));
#5456 = SURFACE_CURVE('',#5457,(#5461,#5468),.PCURVE_S1.);
#5457 = LINE('',#5458,#5459);
#5458 = CARTESIAN_POINT('',(155.,19.,12.));
#5459 = VECTOR('',#5460,1.);
#5460 = DIRECTION('',(1.,0.,0.));
#5461 = PCURVE('',#3198,#5462);
#5462 = DEFINITIONAL_REPRESENTATION('',(#5463),#5467);
#5463 = LINE('',#5464,#5465);
#5464 = CARTESIAN_POINT('',(26.,2.));
#5465 = VECTOR('',#5466,1.);
#5466 = DIRECTION('',(0.,1.));
#5467 = ( GEOMETRIC_REPRESENTATION_CONTEXT(2) 
PARAMETRIC_REPRESENTATION_CONTEXT() REPRESENTATION_CONTEXT('2D SPACE',''
  ) );
#5468 = PCURVE('',#5438,#5469);
#5469 = DEFINITIONAL_REPRESENTATION('',(#5470),#5474);
#5470 = LINE('',#5471,#5472);
#5471 = CARTESIAN_POINT('',(0.,0.));
#5472 = VECTOR('',#5473,1.);
#5473 = DIRECTION('',(0.,1.));
#5474 = ( GEOMETRIC_REPRESENTATION_CONTEXT(2) 
PARAMETRIC_REPRESENTATION_CONTEXT() REPRESENTATION_CONTEXT('2D SPACE',''
  ) );
#5475 = ORIENTED_EDGE('',*,*,#5476,.F.);
#5476 = EDGE_CURVE('',#5477,#5454,#5479,.T.);
#5477 = VERTEX_POINT('',#5478);
#5478 = CARTESIAN_POINT('',(173.,19.,-12.));
#5479 = SURFACE_CURVE('',#5480,(#5484,#5491),.PCURVE_S1.);
#5480 = LINE('',#5481,#5482);
#5481 = CARTESIAN_POINT('',(173.,19.,-14.));
#5482 = VECTOR('',#5483,1.);
#5483 = DIRECTION('',(0.,0.,1.));
#5484 = PCURVE('',#3198,#5485);
#5485 = DEFINITIONAL_REPRESENTATION('',(#5486),#5490);
#5486 = LINE('',#5487,#5488);
#5487 = CARTESIAN_POINT('',(0.,20.));
#5488 = VECTOR('',#5489,1.);
#5489 = DIRECTION('',(1.,0.));
#5490 = ( GEOMETRIC_REPRESENTATION_CONTEXT(2) 
PARAMETRIC_REPRESENTATION_CONTEXT() REPRESENTATION_CONTEXT('2D SPACE',''
  ) );
#5491 = PCURVE('',#5492,#5497);
#5492 = CYLINDRICAL_SURFACE('',#5493,2.);
#5493 = AXIS2_PLACEMENT_3D('',#5494,#5495,#5496);
#5494 = CARTESIAN_POINT('',(173.,17.,-14.));
#5495 = DIRECTION('',(0.,0.,1.));
#5496 = DIRECTION('',(1.,0.,-0.));
#5497 = DEFINITIONAL_REPRESENTATION('',(#5498),#5502);
#5498 = LINE('',#5499,#5500);
#5499 = CARTESIAN_POINT('',(1.570796326795,0.));
#5500 = VECTOR('',#5501,1.);
#5501 = DIRECTION('',(0.,1.));
#5502 = ( GEOMETRIC_REPRESENTATION_CONTEXT(2) 
PARAMETRIC_REPRESENTATION_CONTEXT() REPRESENTATION_CONTEXT('2D SPACE',''
  ) );
#5503 = ORIENTED_EDGE('',*,*,#5504,.F.);
#5504 = EDGE_CURVE('',#3154,#5477,#5505,.T.);
#5505 = SURFACE_CURVE('',#5506,(#5510,#5517),.PCURVE_S1.);
#5506 = LINE('',#5507,#5508);
#5507 = CARTESIAN_POINT('',(155.,19.,-12.));
#5508 = VECTOR('',#5509,1.);
#5509 = DIRECTION('',(1.,0.,0.));
#5510 = PCURVE('',#3198,#5511);
#5511 = DEFINITIONAL_REPRESENTATION('',(#5512),#5516);
#5512 = LINE('',#5513,#5514);
#5513 = CARTESIAN_POINT('',(2.,2.));
#5514 = VECTOR('',#5515,1.);
#5515 = DIRECTION('',(0.,1.));
#5516 = ( GEOMETRIC_REPRESENTATION_CONTEXT(2) 
PARAMETRIC_REPRESENTATION_CONTEXT() REPRESENTATION_CONTEXT('2D SPACE',''
  ) );
#5517 = PCURVE('',#5408,#5518);
#5518 = DEFINITIONAL_REPRESENTATION('',(#5519),#5523);
#5519 = LINE('',#5520,#5521);
#5520 = CARTESIAN_POINT('',(-0.,0.));
#5521 = VECTOR('',#5522,1.);
#5522 = DIRECTION('',(-0.,1.));
#5523 = ( GEOMETRIC_REPRESENTATION_CONTEXT(2) 
PARAMETRIC_REPRESENTATION_CONTEXT() REPRESENTATION_CONTEXT('2D SPACE',''
  ) );
#5524 = ADVANCED_FACE('',(#5525),#3260,.F.);
#5525 = FACE_BOUND('',#5526,.F.);
#5526 = EDGE_LOOP('',(#5527,#5528,#5556,#5584));
#5527 = ORIENTED_EDGE('',*,*,#3242,.F.);
#5528 = ORIENTED_EDGE('',*,*,#5529,.T.);
#5529 = EDGE_CURVE('',#3243,#5530,#5532,.T.);
#5530 = VERTEX_POINT('',#5531);
#5531 = CARTESIAN_POINT('',(26.5,25.5,-3.5));
#5532 = SURFACE_CURVE('',#5533,(#5537,#5544),.PCURVE_S1.);
#5533 = LINE('',#5534,#5535);
#5534 = CARTESIAN_POINT('',(26.5,17.,-3.5));
#5535 = VECTOR('',#5536,1.);
#5536 = DIRECTION('',(0.,1.,0.));
#5537 = PCURVE('',#3260,#5538);
#5538 = DEFINITIONAL_REPRESENTATION('',(#5539),#5543);
#5539 = LINE('',#5540,#5541);
#5540 = CARTESIAN_POINT('',(1.5,0.));
#5541 = VECTOR('',#5542,1.);
#5542 = DIRECTION('',(0.,-1.));
#5543 = ( GEOMETRIC_REPRESENTATION_CONTEXT(2) 
PARAMETRIC_REPRESENTATION_CONTEXT() REPRESENTATION_CONTEXT('2D SPACE',''
  ) );
#5544 = PCURVE('',#5545,#5550);
#5545 = CYLINDRICAL_SURFACE('',#5546,1.5);
#5546 = AXIS2_PLACEMENT_3D('',#5547,#5548,#5549);
#5547 = CARTESIAN_POINT('',(28.,17.,-3.5));
#5548 = DIRECTION('',(0.,1.,0.));
#5549 = DIRECTION('',(-1.,0.,0.));
#5550 = DEFINITIONAL_REPRESENTATION('',(#5551),#5555);
#5551 = LINE('',#5552,#5553);
#5552 = CARTESIAN_POINT('',(-0.,0.));
#5553 = VECTOR('',#5554,1.);
#5554 = DIRECTION('',(-0.,1.));
#5555 = ( GEOMETRIC_REPRESENTATION_CONTEXT(2) 
PARAMETRIC_REPRESENTATION_CONTEXT() REPRESENTATION_CONTEXT('2D SPACE',''
  ) );
#5556 = ORIENTED_EDGE('',*,*,#5557,.T.);
#5557 = EDGE_CURVE('',#5530,#5558,#5560,.T.);
#5558 = VERTEX_POINT('',#5559);
#5559 = CARTESIAN_POINT('',(26.5,25.5,3.5));
#5560 = SURFACE_CURVE('',#5561,(#5565,#5572),.PCURVE_S1.);
#5561 = LINE('',#5562,#5563);
#5562 = CARTESIAN_POINT('',(26.5,25.5,-5.));
#5563 = VECTOR('',#5564,1.);
#5564 = DIRECTION('',(0.,0.,1.));
#5565 = PCURVE('',#3260,#5566);
#5566 = DEFINITIONAL_REPRESENTATION('',(#5567),#5571);
#5567 = LINE('',#5568,#5569);
#5568 = CARTESIAN_POINT('',(0.,-8.5));
#5569 = VECTOR('',#5570,1.);
#5570 = DIRECTION('',(1.,0.));
#5571 = ( GEOMETRIC_REPRESENTATION_CONTEXT(2) 
PARAMETRIC_REPRESENTATION_CONTEXT() REPRESENTATION_CONTEXT('2D SPACE',''
  ) );
#5572 = PCURVE('',#5573,#5578);
#5573 = CYLINDRICAL_SURFACE('',#5574,1.5);
#5574 = AXIS2_PLACEMENT_3D('',#5575,#5576,#5577);
#5575 = CARTESIAN_POINT('',(28.,25.5,-5.));
#5576 = DIRECTION('',(0.,0.,1.));
#5577 = DIRECTION('',(-1.,-0.,0.));
#5578 = DEFINITIONAL_REPRESENTATION('',(#5579),#5583);
#5579 = LINE('',#5580,#5581);
#5580 = CARTESIAN_POINT('',(-0.,0.));
#5581 = VECTOR('',#5582,1.);
#5582 = DIRECTION('',(-0.,1.));
#5583 = ( GEOMETRIC_REPRESENTATION_CONTEXT(2) 
PARAMETRIC_REPRESENTATION_CONTEXT() REPRESENTATION_CONTEXT('2D SPACE',''
  ) );
#5584 = ORIENTED_EDGE('',*,*,#5585,.F.);
#5585 = EDGE_CURVE('',#3245,#5558,#5586,.T.);
#5586 = SURFACE_CURVE('',#5587,(#5591,#5598),.PCURVE_S1.);
#5587 = LINE('',#5588,#5589);
#5588 = CARTESIAN_POINT('',(26.5,17.,3.5));
#5589 = VECTOR('',#5590,1.);
#5590 = DIRECTION('',(0.,1.,0.));
#5591 = PCURVE('',#3260,#5592);
#5592 = DEFINITIONAL_REPRESENTATION('',(#5593),#5597);
#5593 = LINE('',#5594,#5595);
#5594 = CARTESIAN_POINT('',(8.5,0.));
#5595 = VECTOR('',#5596,1.);
#5596 = DIRECTION('',(0.,-1.));
#5597 = ( GEOMETRIC_REPRESENTATION_CONTEXT(2) 
PARAMETRIC_REPRESENTATION_CONTEXT() REPRESENTATION_CONTEXT('2D SPACE',''
  ) );
#5598 = PCURVE('',#5599,#5604);
#5599 = CYLINDRICAL_SURFACE('',#5600,1.5);
#5600 = AXIS2_PLACEMENT_3D('',#5601,#5602,#5603);
#5601 = CARTESIAN_POINT('',(28.,17.,3.5));
#5602 = DIRECTION('',(0.,1.,0.));
#5603 = DIRECTION('',(-1.,0.,0.));
#5604 = DEFINITIONAL_REPRESENTATION('',(#5605),#5609);
#5605 = LINE('',#5606,#5607);
#5606 = CARTESIAN_POINT('',(0.,0.));
#5607 = VECTOR('',#5608,1.);
#5608 = DIRECTION('',(0.,1.));
#5609 = ( GEOMETRIC_REPRESENTATION_CONTEXT(2) 
PARAMETRIC_REPRESENTATION_CONTEXT() REPRESENTATION_CONTEXT('2D SPACE',''
  ) );
#5610 = ADVANCED_FACE('',(#5611),#3287,.T.);
#5611 = FACE_BOUND('',#5612,.T.);
#5612 = EDGE_LOOP('',(#5613,#5633,#5634));
#5613 = ORIENTED_EDGE('',*,*,#5614,.F.);
#5614 = EDGE_CURVE('',#3331,#3243,#5615,.T.);
#5615 = SURFACE_CURVE('',#5616,(#5621,#5627),.PCURVE_S1.);
#5616 = CIRCLE('',#5617,1.5);
#5617 = AXIS2_PLACEMENT_3D('',#5618,#5619,#5620);
#5618 = CARTESIAN_POINT('',(28.,18.5,-3.5));
#5619 = DIRECTION('',(0.,1.,-0.));
#5620 = DIRECTION('',(-1.,0.,0.));
#5621 = PCURVE('',#3287,#5622);
#5622 = DEFINITIONAL_REPRESENTATION('',(#5623),#5626);
#5623 = B_SPLINE_CURVE_WITH_KNOTS('',1,(#5624,#5625),.UNSPECIFIED.,.F.,
  .F.,(2,2),(4.712388980385,6.28318530718),.PIECEWISE_BEZIER_KNOTS.);
#5624 = CARTESIAN_POINT('',(0.,-1.570796326795));
#5625 = CARTESIAN_POINT('',(0.,0.));
#5626 = ( GEOMETRIC_REPRESENTATION_CONTEXT(2) 
PARAMETRIC_REPRESENTATION_CONTEXT() REPRESENTATION_CONTEXT('2D SPACE',''
  ) );
#5627 = PCURVE('',#5545,#5628);
#5628 = DEFINITIONAL_REPRESENTATION('',(#5629),#5632);
#5629 = B_SPLINE_CURVE_WITH_KNOTS('',1,(#5630,#5631),.UNSPECIFIED.,.F.,
  .F.,(2,2),(4.712388980385,6.28318530718),.PIECEWISE_BEZIER_KNOTS.);
#5630 = CARTESIAN_POINT('',(-1.570796326795,1.5));
#5631 = CARTESIAN_POINT('',(0.,1.5));
#5632 = ( GEOMETRIC_REPRESENTATION_CONTEXT(2) 
PARAMETRIC_REPRESENTATION_CONTEXT() REPRESENTATION_CONTEXT('2D SPACE',''
  ) );
#5633 = ORIENTED_EDGE('',*,*,#3330,.T.);
#5634 = ORIENTED_EDGE('',*,*,#3272,.F.);
#5635 = ADVANCED_FACE('',(#5636),#3315,.T.);
#5636 = FACE_BOUND('',#5637,.F.);
#5637 = EDGE_LOOP('',(#5638,#5658,#5659));
#5638 = ORIENTED_EDGE('',*,*,#5639,.F.);
#5639 = EDGE_CURVE('',#3410,#3245,#5640,.T.);
#5640 = SURFACE_CURVE('',#5641,(#5646,#5652),.PCURVE_S1.);
#5641 = CIRCLE('',#5642,1.5);
#5642 = AXIS2_PLACEMENT_3D('',#5643,#5644,#5645);
#5643 = CARTESIAN_POINT('',(28.,18.5,3.5));
#5644 = DIRECTION('',(0.,-1.,0.));
#5645 = DIRECTION('',(-1.,0.,0.));
#5646 = PCURVE('',#3315,#5647);
#5647 = DEFINITIONAL_REPRESENTATION('',(#5648),#5651);
#5648 = B_SPLINE_CURVE_WITH_KNOTS('',1,(#5649,#5650),.UNSPECIFIED.,.F.,
  .F.,(2,2),(4.712388980385,6.28318530718),.PIECEWISE_BEZIER_KNOTS.);
#5649 = CARTESIAN_POINT('',(0.,-1.570796326795));
#5650 = CARTESIAN_POINT('',(0.,0.));
#5651 = ( GEOMETRIC_REPRESENTATION_CONTEXT(2) 
PARAMETRIC_REPRESENTATION_CONTEXT() REPRESENTATION_CONTEXT('2D SPACE',''
  ) );
#5652 = PCURVE('',#5599,#5653);
#5653 = DEFINITIONAL_REPRESENTATION('',(#5654),#5657);
#5654 = B_SPLINE_CURVE_WITH_KNOTS('',1,(#5655,#5656),.UNSPECIFIED.,.F.,
  .F.,(2,2),(4.712388980385,6.28318530718),.PIECEWISE_BEZIER_KNOTS.);
#5655 = CARTESIAN_POINT('',(1.570796326795,1.5));
#5656 = CARTESIAN_POINT('',(0.,1.5));
#5657 = ( GEOMETRIC_REPRESENTATION_CONTEXT(2) 
PARAMETRIC_REPRESENTATION_CONTEXT() REPRESENTATION_CONTEXT('2D SPACE',''
  ) );
#5658 = ORIENTED_EDGE('',*,*,#3409,.T.);
#5659 = ORIENTED_EDGE('',*,*,#3300,.F.);
#5660 = ADVANCED_FACE('',(#5661),#3368,.F.);
#5661 = FACE_BOUND('',#5662,.F.);
#5662 = EDGE_LOOP('',(#5663,#5686,#5687,#5715));
#5663 = ORIENTED_EDGE('',*,*,#5664,.F.);
#5664 = EDGE_CURVE('',#3331,#5665,#5667,.T.);
#5665 = VERTEX_POINT('',#5666);
#5666 = CARTESIAN_POINT('',(28.,25.5,-5.));
#5667 = SURFACE_CURVE('',#5668,(#5672,#5679),.PCURVE_S1.);
#5668 = LINE('',#5669,#5670);
#5669 = CARTESIAN_POINT('',(28.,17.,-5.));
#5670 = VECTOR('',#5671,1.);
#5671 = DIRECTION('',(0.,1.,0.));
#5672 = PCURVE('',#3368,#5673);
#5673 = DEFINITIONAL_REPRESENTATION('',(#5674),#5678);
#5674 = LINE('',#5675,#5676);
#5675 = CARTESIAN_POINT('',(1.5,0.));
#5676 = VECTOR('',#5677,1.);
#5677 = DIRECTION('',(0.,1.));
#5678 = ( GEOMETRIC_REPRESENTATION_CONTEXT(2) 
PARAMETRIC_REPRESENTATION_CONTEXT() REPRESENTATION_CONTEXT('2D SPACE',''
  ) );
#5679 = PCURVE('',#5545,#5680);
#5680 = DEFINITIONAL_REPRESENTATION('',(#5681),#5685);
#5681 = LINE('',#5682,#5683);
#5682 = CARTESIAN_POINT('',(-1.570796326795,0.));
#5683 = VECTOR('',#5684,1.);
#5684 = DIRECTION('',(-0.,1.));
#5685 = ( GEOMETRIC_REPRESENTATION_CONTEXT(2) 
PARAMETRIC_REPRESENTATION_CONTEXT() REPRESENTATION_CONTEXT('2D SPACE',''
  ) );
#5686 = ORIENTED_EDGE('',*,*,#3352,.T.);
#5687 = ORIENTED_EDGE('',*,*,#5688,.T.);
#5688 = EDGE_CURVE('',#3353,#5689,#5691,.T.);
#5689 = VERTEX_POINT('',#5690);
#5690 = CARTESIAN_POINT('',(35.,25.5,-5.));
#5691 = SURFACE_CURVE('',#5692,(#5696,#5703),.PCURVE_S1.);
#5692 = LINE('',#5693,#5694);
#5693 = CARTESIAN_POINT('',(35.,17.,-5.));
#5694 = VECTOR('',#5695,1.);
#5695 = DIRECTION('',(0.,1.,0.));
#5696 = PCURVE('',#3368,#5697);
#5697 = DEFINITIONAL_REPRESENTATION('',(#5698),#5702);
#5698 = LINE('',#5699,#5700);
#5699 = CARTESIAN_POINT('',(8.5,0.));
#5700 = VECTOR('',#5701,1.);
#5701 = DIRECTION('',(0.,1.));
#5702 = ( GEOMETRIC_REPRESENTATION_CONTEXT(2) 
PARAMETRIC_REPRESENTATION_CONTEXT() REPRESENTATION_CONTEXT('2D SPACE',''
  ) );
#5703 = PCURVE('',#5704,#5709);
#5704 = CYLINDRICAL_SURFACE('',#5705,1.5);
#5705 = AXIS2_PLACEMENT_3D('',#5706,#5707,#5708);
#5706 = CARTESIAN_POINT('',(35.,17.,-3.5));
#5707 = DIRECTION('',(0.,1.,0.));
#5708 = DIRECTION('',(1.,0.,-0.));
#5709 = DEFINITIONAL_REPRESENTATION('',(#5710),#5714);
#5710 = LINE('',#5711,#5712);
#5711 = CARTESIAN_POINT('',(1.570796326795,0.));
#5712 = VECTOR('',#5713,1.);
#5713 = DIRECTION('',(0.,1.));
#5714 = ( GEOMETRIC_REPRESENTATION_CONTEXT(2) 
PARAMETRIC_REPRESENTATION_CONTEXT() REPRESENTATION_CONTEXT('2D SPACE',''
  ) );
#5715 = ORIENTED_EDGE('',*,*,#5716,.F.);
#5716 = EDGE_CURVE('',#5665,#5689,#5717,.T.);
#5717 = SURFACE_CURVE('',#5718,(#5722,#5729),.PCURVE_S1.);
#5718 = LINE('',#5719,#5720);
#5719 = CARTESIAN_POINT('',(26.5,25.5,-5.));
#5720 = VECTOR('',#5721,1.);
#5721 = DIRECTION('',(1.,0.,0.));
#5722 = PCURVE('',#3368,#5723);
#5723 = DEFINITIONAL_REPRESENTATION('',(#5724),#5728);
#5724 = LINE('',#5725,#5726);
#5725 = CARTESIAN_POINT('',(0.,8.5));
#5726 = VECTOR('',#5727,1.);
#5727 = DIRECTION('',(1.,0.));
#5728 = ( GEOMETRIC_REPRESENTATION_CONTEXT(2) 
PARAMETRIC_REPRESENTATION_CONTEXT() REPRESENTATION_CONTEXT('2D SPACE',''
  ) );
#5729 = PCURVE('',#5730,#5735);
#5730 = CYLINDRICAL_SURFACE('',#5731,1.5);
#5731 = AXIS2_PLACEMENT_3D('',#5732,#5733,#5734);
#5732 = CARTESIAN_POINT('',(26.5,25.5,-3.5));
#5733 = DIRECTION('',(1.,0.,0.));
#5734 = DIRECTION('',(-0.,1.,0.));
#5735 = DEFINITIONAL_REPRESENTATION('',(#5736),#5740);
#5736 = LINE('',#5737,#5738);
#5737 = CARTESIAN_POINT('',(-1.570796326795,0.));
#5738 = VECTOR('',#5739,1.);
#5739 = DIRECTION('',(-0.,1.));
#5740 = ( GEOMETRIC_REPRESENTATION_CONTEXT(2) 
PARAMETRIC_REPRESENTATION_CONTEXT() REPRESENTATION_CONTEXT('2D SPACE',''
  ) );
#5741 = ADVANCED_FACE('',(#5742),#3394,.T.);
#5742 = FACE_BOUND('',#5743,.F.);
#5743 = EDGE_LOOP('',(#5744,#5764,#5765));
#5744 = ORIENTED_EDGE('',*,*,#5745,.F.);
#5745 = EDGE_CURVE('',#3353,#3489,#5746,.T.);
#5746 = SURFACE_CURVE('',#5747,(#5752,#5758),.PCURVE_S1.);
#5747 = CIRCLE('',#5748,1.5);
#5748 = AXIS2_PLACEMENT_3D('',#5749,#5750,#5751);
#5749 = CARTESIAN_POINT('',(35.,18.5,-3.5));
#5750 = DIRECTION('',(0.,-1.,0.));
#5751 = DIRECTION('',(1.,0.,0.));
#5752 = PCURVE('',#3394,#5753);
#5753 = DEFINITIONAL_REPRESENTATION('',(#5754),#5757);
#5754 = B_SPLINE_CURVE_WITH_KNOTS('',1,(#5755,#5756),.UNSPECIFIED.,.F.,
  .F.,(2,2),(4.712388980385,6.28318530718),.PIECEWISE_BEZIER_KNOTS.);
#5755 = CARTESIAN_POINT('',(0.,-1.570796326795));
#5756 = CARTESIAN_POINT('',(0.,0.));
#5757 = ( GEOMETRIC_REPRESENTATION_CONTEXT(2) 
PARAMETRIC_REPRESENTATION_CONTEXT() REPRESENTATION_CONTEXT('2D SPACE',''
  ) );
#5758 = PCURVE('',#5704,#5759);
#5759 = DEFINITIONAL_REPRESENTATION('',(#5760),#5763);
#5760 = B_SPLINE_CURVE_WITH_KNOTS('',1,(#5761,#5762),.UNSPECIFIED.,.F.,
  .F.,(2,2),(4.712388980385,6.28318530718),.PIECEWISE_BEZIER_KNOTS.);
#5761 = CARTESIAN_POINT('',(1.570796326795,1.5));
#5762 = CARTESIAN_POINT('',(0.,1.5));
#5763 = ( GEOMETRIC_REPRESENTATION_CONTEXT(2) 
PARAMETRIC_REPRESENTATION_CONTEXT() REPRESENTATION_CONTEXT('2D SPACE',''
  ) );
#5764 = ORIENTED_EDGE('',*,*,#3380,.T.);
#5765 = ORIENTED_EDGE('',*,*,#3518,.F.);
#5766 = ADVANCED_FACE('',(#5767),#3447,.T.);
#5767 = FACE_BOUND('',#5768,.T.);
#5768 = EDGE_LOOP('',(#5769,#5792,#5793,#5821));
#5769 = ORIENTED_EDGE('',*,*,#5770,.F.);
#5770 = EDGE_CURVE('',#3410,#5771,#5773,.T.);
#5771 = VERTEX_POINT('',#5772);
#5772 = CARTESIAN_POINT('',(28.,25.5,5.));
#5773 = SURFACE_CURVE('',#5774,(#5778,#5785),.PCURVE_S1.);
#5774 = LINE('',#5775,#5776);
#5775 = CARTESIAN_POINT('',(28.,17.,5.));
#5776 = VECTOR('',#5777,1.);
#5777 = DIRECTION('',(0.,1.,0.));
#5778 = PCURVE('',#3447,#5779);
#5779 = DEFINITIONAL_REPRESENTATION('',(#5780),#5784);
#5780 = LINE('',#5781,#5782);
#5781 = CARTESIAN_POINT('',(1.5,0.));
#5782 = VECTOR('',#5783,1.);
#5783 = DIRECTION('',(0.,1.));
#5784 = ( GEOMETRIC_REPRESENTATION_CONTEXT(2) 
PARAMETRIC_REPRESENTATION_CONTEXT() REPRESENTATION_CONTEXT('2D SPACE',''
  ) );
#5785 = PCURVE('',#5599,#5786);
#5786 = DEFINITIONAL_REPRESENTATION('',(#5787),#5791);
#5787 = LINE('',#5788,#5789);
#5788 = CARTESIAN_POINT('',(1.570796326795,0.));
#5789 = VECTOR('',#5790,1.);
#5790 = DIRECTION('',(0.,1.));
#5791 = ( GEOMETRIC_REPRESENTATION_CONTEXT(2) 
PARAMETRIC_REPRESENTATION_CONTEXT() REPRESENTATION_CONTEXT('2D SPACE',''
  ) );
#5792 = ORIENTED_EDGE('',*,*,#3431,.T.);
#5793 = ORIENTED_EDGE('',*,*,#5794,.T.);
#5794 = EDGE_CURVE('',#3432,#5795,#5797,.T.);
#5795 = VERTEX_POINT('',#5796);
#5796 = CARTESIAN_POINT('',(35.,25.5,5.));
#5797 = SURFACE_CURVE('',#5798,(#5802,#5809),.PCURVE_S1.);
#5798 = LINE('',#5799,#5800);
#5799 = CARTESIAN_POINT('',(35.,17.,5.));
#5800 = VECTOR('',#5801,1.);
#5801 = DIRECTION('',(0.,1.,0.));
#5802 = PCURVE('',#3447,#5803);
#5803 = DEFINITIONAL_REPRESENTATION('',(#5804),#5808);
#5804 = LINE('',#5805,#5806);
#5805 = CARTESIAN_POINT('',(8.5,0.));
#5806 = VECTOR('',#5807,1.);
#5807 = DIRECTION('',(0.,1.));
#5808 = ( GEOMETRIC_REPRESENTATION_CONTEXT(2) 
PARAMETRIC_REPRESENTATION_CONTEXT() REPRESENTATION_CONTEXT('2D SPACE',''
  ) );
#5809 = PCURVE('',#5810,#5815);
#5810 = CYLINDRICAL_SURFACE('',#5811,1.5);
#5811 = AXIS2_PLACEMENT_3D('',#5812,#5813,#5814);
#5812 = CARTESIAN_POINT('',(35.,17.,3.5));
#5813 = DIRECTION('',(0.,1.,0.));
#5814 = DIRECTION('',(1.,0.,-0.));
#5815 = DEFINITIONAL_REPRESENTATION('',(#5816),#5820);
#5816 = LINE('',#5817,#5818);
#5817 = CARTESIAN_POINT('',(-1.570796326795,0.));
#5818 = VECTOR('',#5819,1.);
#5819 = DIRECTION('',(-0.,1.));
#5820 = ( GEOMETRIC_REPRESENTATION_CONTEXT(2) 
PARAMETRIC_REPRESENTATION_CONTEXT() REPRESENTATION_CONTEXT('2D SPACE',''
  ) );
#5821 = ORIENTED_EDGE('',*,*,#5822,.F.);
#5822 = EDGE_CURVE('',#5771,#5795,#5823,.T.);
#5823 = SURFACE_CURVE('',#5824,(#5828,#5835),.PCURVE_S1.);
#5824 = LINE('',#5825,#5826);
#5825 = CARTESIAN_POINT('',(26.5,25.5,5.));
#5826 = VECTOR('',#5827,1.);
#5827 = DIRECTION('',(1.,0.,0.));
#5828 = PCURVE('',#3447,#5829);
#5829 = DEFINITIONAL_REPRESENTATION('',(#5830),#5834);
#5830 = LINE('',#5831,#5832);
#5831 = CARTESIAN_POINT('',(0.,8.5));
#5832 = VECTOR('',#5833,1.);
#5833 = DIRECTION('',(1.,0.));
#5834 = ( GEOMETRIC_REPRESENTATION_CONTEXT(2) 
PARAMETRIC_REPRESENTATION_CONTEXT() REPRESENTATION_CONTEXT('2D SPACE',''
  ) );
#5835 = PCURVE('',#5836,#5841);
#5836 = CYLINDRICAL_SURFACE('',#5837,1.5);
#5837 = AXIS2_PLACEMENT_3D('',#5838,#5839,#5840);
#5838 = CARTESIAN_POINT('',(26.5,25.5,3.5));
#5839 = DIRECTION('',(1.,0.,0.));
#5840 = DIRECTION('',(-0.,1.,0.));
#5841 = DEFINITIONAL_REPRESENTATION('',(#5842),#5846);
#5842 = LINE('',#5843,#5844);
#5843 = CARTESIAN_POINT('',(1.570796326795,0.));
#5844 = VECTOR('',#5845,1.);
#5845 = DIRECTION('',(0.,1.));
#5846 = ( GEOMETRIC_REPRESENTATION_CONTEXT(2) 
PARAMETRIC_REPRESENTATION_CONTEXT() REPRESENTATION_CONTEXT('2D SPACE',''
  ) );
#5847 = ADVANCED_FACE('',(#5848),#3473,.T.);
#5848 = FACE_BOUND('',#5849,.T.);
#5849 = EDGE_LOOP('',(#5850,#5870,#5871));
#5850 = ORIENTED_EDGE('',*,*,#5851,.F.);
#5851 = EDGE_CURVE('',#3432,#3491,#5852,.T.);
#5852 = SURFACE_CURVE('',#5853,(#5858,#5864),.PCURVE_S1.);
#5853 = CIRCLE('',#5854,1.5);
#5854 = AXIS2_PLACEMENT_3D('',#5855,#5856,#5857);
#5855 = CARTESIAN_POINT('',(35.,18.5,3.5));
#5856 = DIRECTION('',(-0.,1.,0.));
#5857 = DIRECTION('',(1.,0.,0.));
#5858 = PCURVE('',#3473,#5859);
#5859 = DEFINITIONAL_REPRESENTATION('',(#5860),#5863);
#5860 = B_SPLINE_CURVE_WITH_KNOTS('',1,(#5861,#5862),.UNSPECIFIED.,.F.,
  .F.,(2,2),(4.712388980385,6.28318530718),.PIECEWISE_BEZIER_KNOTS.);
#5861 = CARTESIAN_POINT('',(0.,-1.570796326795));
#5862 = CARTESIAN_POINT('',(0.,0.));
#5863 = ( GEOMETRIC_REPRESENTATION_CONTEXT(2) 
PARAMETRIC_REPRESENTATION_CONTEXT() REPRESENTATION_CONTEXT('2D SPACE',''
  ) );
#5864 = PCURVE('',#5810,#5865);
#5865 = DEFINITIONAL_REPRESENTATION('',(#5866),#5869);
#5866 = B_SPLINE_CURVE_WITH_KNOTS('',1,(#5867,#5868),.UNSPECIFIED.,.F.,
  .F.,(2,2),(4.712388980385,6.28318530718),.PIECEWISE_BEZIER_KNOTS.);
#5867 = CARTESIAN_POINT('',(-1.570796326795,1.5));
#5868 = CARTESIAN_POINT('',(0.,1.5));
#5869 = ( GEOMETRIC_REPRESENTATION_CONTEXT(2) 
PARAMETRIC_REPRESENTATION_CONTEXT() REPRESENTATION_CONTEXT('2D SPACE',''
  ) );
#5870 = ORIENTED_EDGE('',*,*,#3459,.T.);
#5871 = ORIENTED_EDGE('',*,*,#3541,.F.);
#5872 = ADVANCED_FACE('',(#5873),#3506,.T.);
#5873 = FACE_BOUND('',#5874,.T.);
#5874 = EDGE_LOOP('',(#5875,#5876,#5899,#5927));
#5875 = ORIENTED_EDGE('',*,*,#3488,.F.);
#5876 = ORIENTED_EDGE('',*,*,#5877,.T.);
#5877 = EDGE_CURVE('',#3489,#5878,#5880,.T.);
#5878 = VERTEX_POINT('',#5879);
#5879 = CARTESIAN_POINT('',(36.5,25.5,-3.5));
#5880 = SURFACE_CURVE('',#5881,(#5885,#5892),.PCURVE_S1.);
#5881 = LINE('',#5882,#5883);
#5882 = CARTESIAN_POINT('',(36.5,17.,-3.5));
#5883 = VECTOR('',#5884,1.);
#5884 = DIRECTION('',(0.,1.,0.));
#5885 = PCURVE('',#3506,#5886);
#5886 = DEFINITIONAL_REPRESENTATION('',(#5887),#5891);
#5887 = LINE('',#5888,#5889);
#5888 = CARTESIAN_POINT('',(1.5,0.));
#5889 = VECTOR('',#5890,1.);
#5890 = DIRECTION('',(0.,-1.));
#5891 = ( GEOMETRIC_REPRESENTATION_CONTEXT(2) 
PARAMETRIC_REPRESENTATION_CONTEXT() REPRESENTATION_CONTEXT('2D SPACE',''
  ) );
#5892 = PCURVE('',#5704,#5893);
#5893 = DEFINITIONAL_REPRESENTATION('',(#5894),#5898);
#5894 = LINE('',#5895,#5896);
#5895 = CARTESIAN_POINT('',(0.,0.));
#5896 = VECTOR('',#5897,1.);
#5897 = DIRECTION('',(0.,1.));
#5898 = ( GEOMETRIC_REPRESENTATION_CONTEXT(2) 
PARAMETRIC_REPRESENTATION_CONTEXT() REPRESENTATION_CONTEXT('2D SPACE',''
  ) );
#5899 = ORIENTED_EDGE('',*,*,#5900,.T.);
#5900 = EDGE_CURVE('',#5878,#5901,#5903,.T.);
#5901 = VERTEX_POINT('',#5902);
#5902 = CARTESIAN_POINT('',(36.5,25.5,3.5));
#5903 = SURFACE_CURVE('',#5904,(#5908,#5915),.PCURVE_S1.);
#5904 = LINE('',#5905,#5906);
#5905 = CARTESIAN_POINT('',(36.5,25.5,-5.));
#5906 = VECTOR('',#5907,1.);
#5907 = DIRECTION('',(0.,0.,1.));
#5908 = PCURVE('',#3506,#5909);
#5909 = DEFINITIONAL_REPRESENTATION('',(#5910),#5914);
#5910 = LINE('',#5911,#5912);
#5911 = CARTESIAN_POINT('',(0.,-8.5));
#5912 = VECTOR('',#5913,1.);
#5913 = DIRECTION('',(1.,0.));
#5914 = ( GEOMETRIC_REPRESENTATION_CONTEXT(2) 
PARAMETRIC_REPRESENTATION_CONTEXT() REPRESENTATION_CONTEXT('2D SPACE',''
  ) );
#5915 = PCURVE('',#5916,#5921);
#5916 = CYLINDRICAL_SURFACE('',#5917,1.5);
#5917 = AXIS2_PLACEMENT_3D('',#5918,#5919,#5920);
#5918 = CARTESIAN_POINT('',(35.,25.5,-5.));
#5919 = DIRECTION('',(0.,0.,1.));
#5920 = DIRECTION('',(1.,0.,-0.));
#5921 = DEFINITIONAL_REPRESENTATION('',(#5922),#5926);
#5922 = LINE('',#5923,#5924);
#5923 = CARTESIAN_POINT('',(0.,0.));
#5924 = VECTOR('',#5925,1.);
#5925 = DIRECTION('',(0.,1.));
#5926 = ( GEOMETRIC_REPRESENTATION_CONTEXT(2) 
PARAMETRIC_REPRESENTATION_CONTEXT() REPRESENTATION_CONTEXT('2D SPACE',''
  ) );
#5927 = ORIENTED_EDGE('',*,*,#5928,.F.);
#5928 = EDGE_CURVE('',#3491,#5901,#5929,.T.);
#5929 = SURFACE_CURVE('',#5930,(#5934,#5941),.PCURVE_S1.);
#5930 = LINE('',#5931,#5932);
#5931 = CARTESIAN_POINT('',(36.5,17.,3.5));
#5932 = VECTOR('',#5933,1.);
#5933 = DIRECTION('',(0.,1.,0.));
#5934 = PCURVE('',#3506,#5935);
#5935 = DEFINITIONAL_REPRESENTATION('',(#5936),#5940);
#5936 = LINE('',#5937,#5938);
#5937 = CARTESIAN_POINT('',(8.5,0.));
#5938 = VECTOR('',#5939,1.);
#5939 = DIRECTION('',(0.,-1.));
#5940 = ( GEOMETRIC_REPRESENTATION_CONTEXT(2) 
PARAMETRIC_REPRESENTATION_CONTEXT() REPRESENTATION_CONTEXT('2D SPACE',''
  ) );
#5941 = PCURVE('',#5810,#5942);
#5942 = DEFINITIONAL_REPRESENTATION('',(#5943),#5947);
#5943 = LINE('',#5944,#5945);
#5944 = CARTESIAN_POINT('',(-0.,0.));
#5945 = VECTOR('',#5946,1.);
#5946 = DIRECTION('',(-0.,1.));
#5947 = ( GEOMETRIC_REPRESENTATION_CONTEXT(2) 
PARAMETRIC_REPRESENTATION_CONTEXT() REPRESENTATION_CONTEXT('2D SPACE',''
  ) );
#5948 = ADVANCED_FACE('',(#5949),#3584,.T.);
#5949 = FACE_BOUND('',#5950,.T.);
#5950 = EDGE_LOOP('',(#5951,#5976,#5977));
#5951 = ORIENTED_EDGE('',*,*,#5952,.F.);
#5952 = EDGE_CURVE('',#3568,#3731,#5953,.T.);
#5953 = SURFACE_CURVE('',#5954,(#5959,#5965),.PCURVE_S1.);
#5954 = CIRCLE('',#5955,2.);
#5955 = AXIS2_PLACEMENT_3D('',#5956,#5957,#5958);
#5956 = CARTESIAN_POINT('',(155.,-17.,-12.));
#5957 = DIRECTION('',(1.,0.,0.));
#5958 = DIRECTION('',(0.,-1.,0.));
#5959 = PCURVE('',#3584,#5960);
#5960 = DEFINITIONAL_REPRESENTATION('',(#5961),#5964);
#5961 = B_SPLINE_CURVE_WITH_KNOTS('',1,(#5962,#5963),.UNSPECIFIED.,.F.,
  .F.,(2,2),(0.,1.570796326795),.PIECEWISE_BEZIER_KNOTS.);
#5962 = CARTESIAN_POINT('',(0.,0.));
#5963 = CARTESIAN_POINT('',(0.,1.570796326795));
#5964 = ( GEOMETRIC_REPRESENTATION_CONTEXT(2) 
PARAMETRIC_REPRESENTATION_CONTEXT() REPRESENTATION_CONTEXT('2D SPACE',''
  ) );
#5965 = PCURVE('',#5966,#5971);
#5966 = CYLINDRICAL_SURFACE('',#5967,2.);
#5967 = AXIS2_PLACEMENT_3D('',#5968,#5969,#5970);
#5968 = CARTESIAN_POINT('',(173.,-17.,-12.));
#5969 = DIRECTION('',(-1.,-0.,-0.));
#5970 = DIRECTION('',(0.,-1.,0.));
#5971 = DEFINITIONAL_REPRESENTATION('',(#5972),#5975);
#5972 = B_SPLINE_CURVE_WITH_KNOTS('',1,(#5973,#5974),.UNSPECIFIED.,.F.,
  .F.,(2,2),(0.,1.570796326795),.PIECEWISE_BEZIER_KNOTS.);
#5973 = CARTESIAN_POINT('',(0.,18.));
#5974 = CARTESIAN_POINT('',(-1.570796326795,18.));
#5975 = ( GEOMETRIC_REPRESENTATION_CONTEXT(2) 
PARAMETRIC_REPRESENTATION_CONTEXT() REPRESENTATION_CONTEXT('2D SPACE',''
  ) );
#5976 = ORIENTED_EDGE('',*,*,#3567,.T.);
#5977 = ORIENTED_EDGE('',*,*,#3730,.T.);
#5978 = ADVANCED_FACE('',(#5979),#3639,.T.);
#5979 = FACE_BOUND('',#5980,.F.);
#5980 = EDGE_LOOP('',(#5981,#6006,#6007));
#5981 = ORIENTED_EDGE('',*,*,#5982,.F.);
#5982 = EDGE_CURVE('',#3597,#3657,#5983,.T.);
#5983 = SURFACE_CURVE('',#5984,(#5989,#5995),.PCURVE_S1.);
#5984 = CIRCLE('',#5985,2.);
#5985 = AXIS2_PLACEMENT_3D('',#5986,#5987,#5988);
#5986 = CARTESIAN_POINT('',(155.,-17.,12.));
#5987 = DIRECTION('',(-1.,-0.,0.));
#5988 = DIRECTION('',(0.,-1.,0.));
#5989 = PCURVE('',#3639,#5990);
#5990 = DEFINITIONAL_REPRESENTATION('',(#5991),#5994);
#5991 = B_SPLINE_CURVE_WITH_KNOTS('',1,(#5992,#5993),.UNSPECIFIED.,.F.,
  .F.,(2,2),(0.,1.570796326795),.PIECEWISE_BEZIER_KNOTS.);
#5992 = CARTESIAN_POINT('',(0.,0.));
#5993 = CARTESIAN_POINT('',(0.,1.570796326795));
#5994 = ( GEOMETRIC_REPRESENTATION_CONTEXT(2) 
PARAMETRIC_REPRESENTATION_CONTEXT() REPRESENTATION_CONTEXT('2D SPACE',''
  ) );
#5995 = PCURVE('',#5996,#6001);
#5996 = CYLINDRICAL_SURFACE('',#5997,2.);
#5997 = AXIS2_PLACEMENT_3D('',#5998,#5999,#6000);
#5998 = CARTESIAN_POINT('',(173.,-17.,12.));
#5999 = DIRECTION('',(-1.,-0.,-0.));
#6000 = DIRECTION('',(0.,-1.,0.));
#6001 = DEFINITIONAL_REPRESENTATION('',(#6002),#6005);
#6002 = B_SPLINE_CURVE_WITH_KNOTS('',1,(#6003,#6004),.UNSPECIFIED.,.F.,
  .F.,(2,2),(0.,1.570796326795),.PIECEWISE_BEZIER_KNOTS.);
#6003 = CARTESIAN_POINT('',(0.,18.));
#6004 = CARTESIAN_POINT('',(1.570796326795,18.));
#6005 = ( GEOMETRIC_REPRESENTATION_CONTEXT(2) 
PARAMETRIC_REPRESENTATION_CONTEXT() REPRESENTATION_CONTEXT('2D SPACE',''
  ) );
#6006 = ORIENTED_EDGE('',*,*,#3624,.T.);
#6007 = ORIENTED_EDGE('',*,*,#3656,.T.);
#6008 = ADVANCED_FACE('',(#6009),#3612,.F.);
#6009 = FACE_BOUND('',#6010,.F.);
#6010 = EDGE_LOOP('',(#6011,#6012,#6035,#6063));
#6011 = ORIENTED_EDGE('',*,*,#3596,.T.);
#6012 = ORIENTED_EDGE('',*,*,#6013,.F.);
#6013 = EDGE_CURVE('',#6014,#3597,#6016,.T.);
#6014 = VERTEX_POINT('',#6015);
#6015 = CARTESIAN_POINT('',(173.,-19.,12.));
#6016 = SURFACE_CURVE('',#6017,(#6021,#6028),.PCURVE_S1.);
#6017 = LINE('',#6018,#6019);
#6018 = CARTESIAN_POINT('',(173.,-19.,12.));
#6019 = VECTOR('',#6020,1.);
#6020 = DIRECTION('',(-1.,-0.,-0.));
#6021 = PCURVE('',#3612,#6022);
#6022 = DEFINITIONAL_REPRESENTATION('',(#6023),#6027);
#6023 = LINE('',#6024,#6025);
#6024 = CARTESIAN_POINT('',(26.,20.));
#6025 = VECTOR('',#6026,1.);
#6026 = DIRECTION('',(-0.,-1.));
#6027 = ( GEOMETRIC_REPRESENTATION_CONTEXT(2) 
PARAMETRIC_REPRESENTATION_CONTEXT() REPRESENTATION_CONTEXT('2D SPACE',''
  ) );
#6028 = PCURVE('',#5996,#6029);
#6029 = DEFINITIONAL_REPRESENTATION('',(#6030),#6034);
#6030 = LINE('',#6031,#6032);
#6031 = CARTESIAN_POINT('',(0.,0.));
#6032 = VECTOR('',#6033,1.);
#6033 = DIRECTION('',(0.,1.));
#6034 = ( GEOMETRIC_REPRESENTATION_CONTEXT(2) 
PARAMETRIC_REPRESENTATION_CONTEXT() REPRESENTATION_CONTEXT('2D SPACE',''
  ) );
#6035 = ORIENTED_EDGE('',*,*,#6036,.F.);
#6036 = EDGE_CURVE('',#6037,#6014,#6039,.T.);
#6037 = VERTEX_POINT('',#6038);
#6038 = CARTESIAN_POINT('',(173.,-19.,-12.));
#6039 = SURFACE_CURVE('',#6040,(#6044,#6051),.PCURVE_S1.);
#6040 = LINE('',#6041,#6042);
#6041 = CARTESIAN_POINT('',(173.,-19.,-14.));
#6042 = VECTOR('',#6043,1.);
#6043 = DIRECTION('',(0.,0.,1.));
#6044 = PCURVE('',#3612,#6045);
#6045 = DEFINITIONAL_REPRESENTATION('',(#6046),#6050);
#6046 = LINE('',#6047,#6048);
#6047 = CARTESIAN_POINT('',(0.,20.));
#6048 = VECTOR('',#6049,1.);
#6049 = DIRECTION('',(1.,0.));
#6050 = ( GEOMETRIC_REPRESENTATION_CONTEXT(2) 
PARAMETRIC_REPRESENTATION_CONTEXT() REPRESENTATION_CONTEXT('2D SPACE',''
  ) );
#6051 = PCURVE('',#6052,#6057);
#6052 = CYLINDRICAL_SURFACE('',#6053,2.);
#6053 = AXIS2_PLACEMENT_3D('',#6054,#6055,#6056);
#6054 = CARTESIAN_POINT('',(173.,-17.,-14.));
#6055 = DIRECTION('',(0.,0.,1.));
#6056 = DIRECTION('',(1.,0.,-0.));
#6057 = DEFINITIONAL_REPRESENTATION('',(#6058),#6062);
#6058 = LINE('',#6059,#6060);
#6059 = CARTESIAN_POINT('',(-1.570796326795,0.));
#6060 = VECTOR('',#6061,1.);
#6061 = DIRECTION('',(-0.,1.));
#6062 = ( GEOMETRIC_REPRESENTATION_CONTEXT(2) 
PARAMETRIC_REPRESENTATION_CONTEXT() REPRESENTATION_CONTEXT('2D SPACE',''
  ) );
#6063 = ORIENTED_EDGE('',*,*,#6064,.T.);
#6064 = EDGE_CURVE('',#6037,#3568,#6065,.T.);
#6065 = SURFACE_CURVE('',#6066,(#6070,#6077),.PCURVE_S1.);
#6066 = LINE('',#6067,#6068);
#6067 = CARTESIAN_POINT('',(173.,-19.,-12.));
#6068 = VECTOR('',#6069,1.);
#6069 = DIRECTION('',(-1.,-0.,-0.));
#6070 = PCURVE('',#3612,#6071);
#6071 = DEFINITIONAL_REPRESENTATION('',(#6072),#6076);
#6072 = LINE('',#6073,#6074);
#6073 = CARTESIAN_POINT('',(2.,20.));
#6074 = VECTOR('',#6075,1.);
#6075 = DIRECTION('',(-0.,-1.));
#6076 = ( GEOMETRIC_REPRESENTATION_CONTEXT(2) 
PARAMETRIC_REPRESENTATION_CONTEXT() REPRESENTATION_CONTEXT('2D SPACE',''
  ) );
#6077 = PCURVE('',#5966,#6078);
#6078 = DEFINITIONAL_REPRESENTATION('',(#6079),#6083);
#6079 = LINE('',#6080,#6081);
#6080 = CARTESIAN_POINT('',(-0.,0.));
#6081 = VECTOR('',#6082,1.);
#6082 = DIRECTION('',(-0.,1.));
#6083 = ( GEOMETRIC_REPRESENTATION_CONTEXT(2) 
PARAMETRIC_REPRESENTATION_CONTEXT() REPRESENTATION_CONTEXT('2D SPACE',''
  ) );
#6084 = ADVANCED_FACE('',(#6085),#3694,.T.);
#6085 = FACE_BOUND('',#6086,.T.);
#6086 = EDGE_LOOP('',(#6087,#6088,#6111,#6139));
#6087 = ORIENTED_EDGE('',*,*,#3678,.F.);
#6088 = ORIENTED_EDGE('',*,*,#6089,.F.);
#6089 = EDGE_CURVE('',#6090,#3657,#6092,.T.);
#6090 = VERTEX_POINT('',#6091);
#6091 = CARTESIAN_POINT('',(173.,-17.,14.));
#6092 = SURFACE_CURVE('',#6093,(#6097,#6104),.PCURVE_S1.);
#6093 = LINE('',#6094,#6095);
#6094 = CARTESIAN_POINT('',(173.,-17.,14.));
#6095 = VECTOR('',#6096,1.);
#6096 = DIRECTION('',(-1.,-0.,-0.));
#6097 = PCURVE('',#3694,#6098);
#6098 = DEFINITIONAL_REPRESENTATION('',(#6099),#6103);
#6099 = LINE('',#6100,#6101);
#6100 = CARTESIAN_POINT('',(20.,2.));
#6101 = VECTOR('',#6102,1.);
#6102 = DIRECTION('',(-1.,-0.));
#6103 = ( GEOMETRIC_REPRESENTATION_CONTEXT(2) 
PARAMETRIC_REPRESENTATION_CONTEXT() REPRESENTATION_CONTEXT('2D SPACE',''
  ) );
#6104 = PCURVE('',#5996,#6105);
#6105 = DEFINITIONAL_REPRESENTATION('',(#6106),#6110);
#6106 = LINE('',#6107,#6108);
#6107 = CARTESIAN_POINT('',(1.570796326795,0.));
#6108 = VECTOR('',#6109,1.);
#6109 = DIRECTION('',(0.,1.));
#6110 = ( GEOMETRIC_REPRESENTATION_CONTEXT(2) 
PARAMETRIC_REPRESENTATION_CONTEXT() REPRESENTATION_CONTEXT('2D SPACE',''
  ) );
#6111 = ORIENTED_EDGE('',*,*,#6112,.F.);
#6112 = EDGE_CURVE('',#6113,#6090,#6115,.T.);
#6113 = VERTEX_POINT('',#6114);
#6114 = CARTESIAN_POINT('',(173.,17.,14.));
#6115 = SURFACE_CURVE('',#6116,(#6120,#6127),.PCURVE_S1.);
#6116 = LINE('',#6117,#6118);
#6117 = CARTESIAN_POINT('',(173.,17.,14.));
#6118 = VECTOR('',#6119,1.);
#6119 = DIRECTION('',(-0.,-1.,-0.));
#6120 = PCURVE('',#3694,#6121);
#6121 = DEFINITIONAL_REPRESENTATION('',(#6122),#6126);
#6122 = LINE('',#6123,#6124);
#6123 = CARTESIAN_POINT('',(20.,36.));
#6124 = VECTOR('',#6125,1.);
#6125 = DIRECTION('',(-0.,-1.));
#6126 = ( GEOMETRIC_REPRESENTATION_CONTEXT(2) 
PARAMETRIC_REPRESENTATION_CONTEXT() REPRESENTATION_CONTEXT('2D SPACE',''
  ) );
#6127 = PCURVE('',#6128,#6133);
#6128 = CYLINDRICAL_SURFACE('',#6129,2.);
#6129 = AXIS2_PLACEMENT_3D('',#6130,#6131,#6132);
#6130 = CARTESIAN_POINT('',(173.,17.,12.));
#6131 = DIRECTION('',(-0.,-1.,-0.));
#6132 = DIRECTION('',(1.,0.,-0.));
#6133 = DEFINITIONAL_REPRESENTATION('',(#6134),#6138);
#6134 = LINE('',#6135,#6136);
#6135 = CARTESIAN_POINT('',(1.570796326795,0.));
#6136 = VECTOR('',#6137,1.);
#6137 = DIRECTION('',(0.,1.));
#6138 = ( GEOMETRIC_REPRESENTATION_CONTEXT(2) 
PARAMETRIC_REPRESENTATION_CONTEXT() REPRESENTATION_CONTEXT('2D SPACE',''
  ) );
#6139 = ORIENTED_EDGE('',*,*,#6140,.F.);
#6140 = EDGE_CURVE('',#3679,#6113,#6141,.T.);
#6141 = SURFACE_CURVE('',#6142,(#6146,#6153),.PCURVE_S1.);
#6142 = LINE('',#6143,#6144);
#6143 = CARTESIAN_POINT('',(155.,17.,14.));
#6144 = VECTOR('',#6145,1.);
#6145 = DIRECTION('',(1.,0.,0.));
#6146 = PCURVE('',#3694,#6147);
#6147 = DEFINITIONAL_REPRESENTATION('',(#6148),#6152);
#6148 = LINE('',#6149,#6150);
#6149 = CARTESIAN_POINT('',(2.,36.));
#6150 = VECTOR('',#6151,1.);
#6151 = DIRECTION('',(1.,0.));
#6152 = ( GEOMETRIC_REPRESENTATION_CONTEXT(2) 
PARAMETRIC_REPRESENTATION_CONTEXT() REPRESENTATION_CONTEXT('2D SPACE',''
  ) );
#6153 = PCURVE('',#5438,#6154);
#6154 = DEFINITIONAL_REPRESENTATION('',(#6155),#6159);
#6155 = LINE('',#6156,#6157);
#6156 = CARTESIAN_POINT('',(1.570796326795,0.));
#6157 = VECTOR('',#6158,1.);
#6158 = DIRECTION('',(0.,1.));
#6159 = ( GEOMETRIC_REPRESENTATION_CONTEXT(2) 
PARAMETRIC_REPRESENTATION_CONTEXT() REPRESENTATION_CONTEXT('2D SPACE',''
  ) );
#6160 = ADVANCED_FACE('',(#6161),#3768,.F.);
#6161 = FACE_BOUND('',#6162,.F.);
#6162 = EDGE_LOOP('',(#6163,#6164,#6187,#6215));
#6163 = ORIENTED_EDGE('',*,*,#3752,.F.);
#6164 = ORIENTED_EDGE('',*,*,#6165,.F.);
#6165 = EDGE_CURVE('',#6166,#3731,#6168,.T.);
#6166 = VERTEX_POINT('',#6167);
#6167 = CARTESIAN_POINT('',(173.,-17.,-14.));
#6168 = SURFACE_CURVE('',#6169,(#6173,#6180),.PCURVE_S1.);
#6169 = LINE('',#6170,#6171);
#6170 = CARTESIAN_POINT('',(173.,-17.,-14.));
#6171 = VECTOR('',#6172,1.);
#6172 = DIRECTION('',(-1.,-0.,-0.));
#6173 = PCURVE('',#3768,#6174);
#6174 = DEFINITIONAL_REPRESENTATION('',(#6175),#6179);
#6175 = LINE('',#6176,#6177);
#6176 = CARTESIAN_POINT('',(20.,2.));
#6177 = VECTOR('',#6178,1.);
#6178 = DIRECTION('',(-1.,-0.));
#6179 = ( GEOMETRIC_REPRESENTATION_CONTEXT(2) 
PARAMETRIC_REPRESENTATION_CONTEXT() REPRESENTATION_CONTEXT('2D SPACE',''
  ) );
#6180 = PCURVE('',#5966,#6181);
#6181 = DEFINITIONAL_REPRESENTATION('',(#6182),#6186);
#6182 = LINE('',#6183,#6184);
#6183 = CARTESIAN_POINT('',(-1.570796326795,0.));
#6184 = VECTOR('',#6185,1.);
#6185 = DIRECTION('',(-0.,1.));
#6186 = ( GEOMETRIC_REPRESENTATION_CONTEXT(2) 
PARAMETRIC_REPRESENTATION_CONTEXT() REPRESENTATION_CONTEXT('2D SPACE',''
  ) );
#6187 = ORIENTED_EDGE('',*,*,#6188,.F.);
#6188 = EDGE_CURVE('',#6189,#6166,#6191,.T.);
#6189 = VERTEX_POINT('',#6190);
#6190 = CARTESIAN_POINT('',(173.,17.,-14.));
#6191 = SURFACE_CURVE('',#6192,(#6196,#6203),.PCURVE_S1.);
#6192 = LINE('',#6193,#6194);
#6193 = CARTESIAN_POINT('',(173.,17.,-14.));
#6194 = VECTOR('',#6195,1.);
#6195 = DIRECTION('',(-0.,-1.,-0.));
#6196 = PCURVE('',#3768,#6197);
#6197 = DEFINITIONAL_REPRESENTATION('',(#6198),#6202);
#6198 = LINE('',#6199,#6200);
#6199 = CARTESIAN_POINT('',(20.,36.));
#6200 = VECTOR('',#6201,1.);
#6201 = DIRECTION('',(-0.,-1.));
#6202 = ( GEOMETRIC_REPRESENTATION_CONTEXT(2) 
PARAMETRIC_REPRESENTATION_CONTEXT() REPRESENTATION_CONTEXT('2D SPACE',''
  ) );
#6203 = PCURVE('',#6204,#6209);
#6204 = CYLINDRICAL_SURFACE('',#6205,2.);
#6205 = AXIS2_PLACEMENT_3D('',#6206,#6207,#6208);
#6206 = CARTESIAN_POINT('',(173.,17.,-12.));
#6207 = DIRECTION('',(-0.,-1.,-0.));
#6208 = DIRECTION('',(1.,0.,-0.));
#6209 = DEFINITIONAL_REPRESENTATION('',(#6210),#6214);
#6210 = LINE('',#6211,#6212);
#6211 = CARTESIAN_POINT('',(-1.570796326795,0.));
#6212 = VECTOR('',#6213,1.);
#6213 = DIRECTION('',(-0.,1.));
#6214 = ( GEOMETRIC_REPRESENTATION_CONTEXT(2) 
PARAMETRIC_REPRESENTATION_CONTEXT() REPRESENTATION_CONTEXT('2D SPACE',''
  ) );
#6215 = ORIENTED_EDGE('',*,*,#6216,.F.);
#6216 = EDGE_CURVE('',#3753,#6189,#6217,.T.);
#6217 = SURFACE_CURVE('',#6218,(#6222,#6229),.PCURVE_S1.);
#6218 = LINE('',#6219,#6220);
#6219 = CARTESIAN_POINT('',(155.,17.,-14.));
#6220 = VECTOR('',#6221,1.);
#6221 = DIRECTION('',(1.,0.,0.));
#6222 = PCURVE('',#3768,#6223);
#6223 = DEFINITIONAL_REPRESENTATION('',(#6224),#6228);
#6224 = LINE('',#6225,#6226);
#6225 = CARTESIAN_POINT('',(2.,36.));
#6226 = VECTOR('',#6227,1.);
#6227 = DIRECTION('',(1.,0.));
#6228 = ( GEOMETRIC_REPRESENTATION_CONTEXT(2) 
PARAMETRIC_REPRESENTATION_CONTEXT() REPRESENTATION_CONTEXT('2D SPACE',''
  ) );
#6229 = PCURVE('',#5408,#6230);
#6230 = DEFINITIONAL_REPRESENTATION('',(#6231),#6235);
#6231 = LINE('',#6232,#6233);
#6232 = CARTESIAN_POINT('',(-1.570796326795,0.));
#6233 = VECTOR('',#6234,1.);
#6234 = DIRECTION('',(-0.,1.));
#6235 = ( GEOMETRIC_REPRESENTATION_CONTEXT(2) 
PARAMETRIC_REPRESENTATION_CONTEXT() REPRESENTATION_CONTEXT('2D SPACE',''
  ) );
#6236 = ADVANCED_FACE('',(#6237),#3856,.F.);
#6237 = FACE_BOUND('',#6238,.T.);
#6238 = EDGE_LOOP('',(#6239,#6240,#6261,#6262));
#6239 = ORIENTED_EDGE('',*,*,#3835,.T.);
#6240 = ORIENTED_EDGE('',*,*,#6241,.T.);
#6241 = EDGE_CURVE('',#3836,#3943,#6242,.T.);
#6242 = SEAM_CURVE('',#6243,(#6247,#6254),.PCURVE_S1.);
#6243 = LINE('',#6244,#6245);
#6244 = CARTESIAN_POINT('',(11.,6.25,3.));
#6245 = VECTOR('',#6246,1.);
#6246 = DIRECTION('',(0.,0.,1.));
#6247 = PCURVE('',#3856,#6248);
#6248 = DEFINITIONAL_REPRESENTATION('',(#6249),#6253);
#6249 = LINE('',#6250,#6251);
#6250 = CARTESIAN_POINT('',(-6.28318530718,0.));
#6251 = VECTOR('',#6252,1.);
#6252 = DIRECTION('',(-0.,-1.));
#6253 = ( GEOMETRIC_REPRESENTATION_CONTEXT(2) 
PARAMETRIC_REPRESENTATION_CONTEXT() REPRESENTATION_CONTEXT('2D SPACE',''
  ) );
#6254 = PCURVE('',#3856,#6255);
#6255 = DEFINITIONAL_REPRESENTATION('',(#6256),#6260);
#6256 = LINE('',#6257,#6258);
#6257 = CARTESIAN_POINT('',(-0.,0.));
#6258 = VECTOR('',#6259,1.);
#6259 = DIRECTION('',(-0.,-1.));
#6260 = ( GEOMETRIC_REPRESENTATION_CONTEXT(2) 
PARAMETRIC_REPRESENTATION_CONTEXT() REPRESENTATION_CONTEXT('2D SPACE',''
  ) );
#6261 = ORIENTED_EDGE('',*,*,#3942,.T.);
#6262 = ORIENTED_EDGE('',*,*,#6241,.F.);
#6263 = ADVANCED_FACE('',(#6264),#3891,.F.);
#6264 = FACE_BOUND('',#6265,.T.);
#6265 = EDGE_LOOP('',(#6266,#6267,#6288,#6289));
#6266 = ORIENTED_EDGE('',*,*,#3870,.T.);
#6267 = ORIENTED_EDGE('',*,*,#6268,.T.);
#6268 = EDGE_CURVE('',#3871,#3969,#6269,.T.);
#6269 = SEAM_CURVE('',#6270,(#6274,#6281),.PCURVE_S1.);
#6270 = LINE('',#6271,#6272);
#6271 = CARTESIAN_POINT('',(11.,12.5,3.));
#6272 = VECTOR('',#6273,1.);
#6273 = DIRECTION('',(0.,0.,1.));
#6274 = PCURVE('',#3891,#6275);
#6275 = DEFINITIONAL_REPRESENTATION('',(#6276),#6280);
#6276 = LINE('',#6277,#6278);
#6277 = CARTESIAN_POINT('',(-6.28318530718,0.));
#6278 = VECTOR('',#6279,1.);
#6279 = DIRECTION('',(-0.,-1.));
#6280 = ( GEOMETRIC_REPRESENTATION_CONTEXT(2) 
PARAMETRIC_REPRESENTATION_CONTEXT() REPRESENTATION_CONTEXT('2D SPACE',''
  ) );
#6281 = PCURVE('',#3891,#6282);
#6282 = DEFINITIONAL_REPRESENTATION('',(#6283),#6287);
#6283 = LINE('',#6284,#6285);
#6284 = CARTESIAN_POINT('',(-0.,0.));
#6285 = VECTOR('',#6286,1.);
#6286 = DIRECTION('',(-0.,-1.));
#6287 = ( GEOMETRIC_REPRESENTATION_CONTEXT(2) 
PARAMETRIC_REPRESENTATION_CONTEXT() REPRESENTATION_CONTEXT('2D SPACE',''
  ) );
#6288 = ORIENTED_EDGE('',*,*,#3968,.T.);
#6289 = ORIENTED_EDGE('',*,*,#6268,.F.);
#6290 = ADVANCED_FACE('',(#6291),#4047,.F.);
#6291 = FACE_BOUND('',#6292,.T.);
#6292 = EDGE_LOOP('',(#6293,#6294,#6315,#6316));
#6293 = ORIENTED_EDGE('',*,*,#4026,.T.);
#6294 = ORIENTED_EDGE('',*,*,#6295,.T.);
#6295 = EDGE_CURVE('',#4027,#4123,#6296,.T.);
#6296 = SEAM_CURVE('',#6297,(#6301,#6308),.PCURVE_S1.);
#6297 = LINE('',#6298,#6299);
#6298 = CARTESIAN_POINT('',(11.,-12.5,3.));
#6299 = VECTOR('',#6300,1.);
#6300 = DIRECTION('',(0.,0.,1.));
#6301 = PCURVE('',#4047,#6302);
#6302 = DEFINITIONAL_REPRESENTATION('',(#6303),#6307);
#6303 = LINE('',#6304,#6305);
#6304 = CARTESIAN_POINT('',(-6.28318530718,0.));
#6305 = VECTOR('',#6306,1.);
#6306 = DIRECTION('',(-0.,-1.));
#6307 = ( GEOMETRIC_REPRESENTATION_CONTEXT(2) 
PARAMETRIC_REPRESENTATION_CONTEXT() REPRESENTATION_CONTEXT('2D SPACE',''
  ) );
#6308 = PCURVE('',#4047,#6309);
#6309 = DEFINITIONAL_REPRESENTATION('',(#6310),#6314);
#6310 = LINE('',#6311,#6312);
#6311 = CARTESIAN_POINT('',(-0.,0.));
#6312 = VECTOR('',#6313,1.);
#6313 = DIRECTION('',(-0.,-1.));
#6314 = ( GEOMETRIC_REPRESENTATION_CONTEXT(2) 
PARAMETRIC_REPRESENTATION_CONTEXT() REPRESENTATION_CONTEXT('2D SPACE',''
  ) );
#6315 = ORIENTED_EDGE('',*,*,#4122,.T.);
#6316 = ORIENTED_EDGE('',*,*,#6295,.F.);
#6317 = ADVANCED_FACE('',(#6318),#4082,.F.);
#6318 = FACE_BOUND('',#6319,.T.);
#6319 = EDGE_LOOP('',(#6320,#6321,#6342,#6343));
#6320 = ORIENTED_EDGE('',*,*,#4061,.T.);
#6321 = ORIENTED_EDGE('',*,*,#6322,.T.);
#6322 = EDGE_CURVE('',#4062,#4149,#6323,.T.);
#6323 = SEAM_CURVE('',#6324,(#6328,#6335),.PCURVE_S1.);
#6324 = LINE('',#6325,#6326);
#6325 = CARTESIAN_POINT('',(11.,-6.25,3.));
#6326 = VECTOR('',#6327,1.);
#6327 = DIRECTION('',(0.,0.,1.));
#6328 = PCURVE('',#4082,#6329);
#6329 = DEFINITIONAL_REPRESENTATION('',(#6330),#6334);
#6330 = LINE('',#6331,#6332);
#6331 = CARTESIAN_POINT('',(-6.28318530718,0.));
#6332 = VECTOR('',#6333,1.);
#6333 = DIRECTION('',(-0.,-1.));
#6334 = ( GEOMETRIC_REPRESENTATION_CONTEXT(2) 
PARAMETRIC_REPRESENTATION_CONTEXT() REPRESENTATION_CONTEXT('2D SPACE',''
  ) );
#6335 = PCURVE('',#4082,#6336);
#6336 = DEFINITIONAL_REPRESENTATION('',(#6337),#6341);
#6337 = LINE('',#6338,#6339);
#6338 = CARTESIAN_POINT('',(-0.,0.));
#6339 = VECTOR('',#6340,1.);
#6340 = DIRECTION('',(-0.,-1.));
#6341 = ( GEOMETRIC_REPRESENTATION_CONTEXT(2) 
PARAMETRIC_REPRESENTATION_CONTEXT() REPRESENTATION_CONTEXT('2D SPACE',''
  ) );
#6342 = ORIENTED_EDGE('',*,*,#4148,.T.);
#6343 = ORIENTED_EDGE('',*,*,#6322,.F.);
#6344 = ADVANCED_FACE('',(#6345),#4200,.T.);
#6345 = FACE_BOUND('',#6346,.T.);
#6346 = EDGE_LOOP('',(#6347,#6377,#6403,#6404));
#6347 = ORIENTED_EDGE('',*,*,#6348,.F.);
#6348 = EDGE_CURVE('',#6349,#6351,#6353,.T.);
#6349 = VERTEX_POINT('',#6350);
#6350 = CARTESIAN_POINT('',(26.,-24.,-13.));
#6351 = VERTEX_POINT('',#6352);
#6352 = CARTESIAN_POINT('',(26.,-24.,13.));
#6353 = SURFACE_CURVE('',#6354,(#6358,#6365),.PCURVE_S1.);
#6354 = LINE('',#6355,#6356);
#6355 = CARTESIAN_POINT('',(26.,-24.,-16.));
#6356 = VECTOR('',#6357,1.);
#6357 = DIRECTION('',(0.,0.,1.));
#6358 = PCURVE('',#4200,#6359);
#6359 = DEFINITIONAL_REPRESENTATION('',(#6360),#6364);
#6360 = LINE('',#6361,#6362);
#6361 = CARTESIAN_POINT('',(0.,-2.));
#6362 = VECTOR('',#6363,1.);
#6363 = DIRECTION('',(1.,0.));
#6364 = ( GEOMETRIC_REPRESENTATION_CONTEXT(2) 
PARAMETRIC_REPRESENTATION_CONTEXT() REPRESENTATION_CONTEXT('2D SPACE',''
  ) );
#6365 = PCURVE('',#6366,#6371);
#6366 = CYLINDRICAL_SURFACE('',#6367,2.);
#6367 = AXIS2_PLACEMENT_3D('',#6368,#6369,#6370);
#6368 = CARTESIAN_POINT('',(24.,-24.,-16.));
#6369 = DIRECTION('',(0.,0.,1.));
#6370 = DIRECTION('',(1.,0.,-0.));
#6371 = DEFINITIONAL_REPRESENTATION('',(#6372),#6376);
#6372 = LINE('',#6373,#6374);
#6373 = CARTESIAN_POINT('',(-0.,0.));
#6374 = VECTOR('',#6375,1.);
#6375 = DIRECTION('',(-0.,1.));
#6376 = ( GEOMETRIC_REPRESENTATION_CONTEXT(2) 
PARAMETRIC_REPRESENTATION_CONTEXT() REPRESENTATION_CONTEXT('2D SPACE',''
  ) );
#6377 = ORIENTED_EDGE('',*,*,#6378,.F.);
#6378 = EDGE_CURVE('',#4183,#6349,#6379,.T.);
#6379 = SURFACE_CURVE('',#6380,(#6384,#6391),.PCURVE_S1.);
#6380 = LINE('',#6381,#6382);
#6381 = CARTESIAN_POINT('',(26.,-19.,-13.));
#6382 = VECTOR('',#6383,1.);
#6383 = DIRECTION('',(-0.,-1.,-0.));
#6384 = PCURVE('',#4200,#6385);
#6385 = DEFINITIONAL_REPRESENTATION('',(#6386),#6390);
#6386 = LINE('',#6387,#6388);
#6387 = CARTESIAN_POINT('',(3.,-7.));
#6388 = VECTOR('',#6389,1.);
#6389 = DIRECTION('',(-0.,1.));
#6390 = ( GEOMETRIC_REPRESENTATION_CONTEXT(2) 
PARAMETRIC_REPRESENTATION_CONTEXT() REPRESENTATION_CONTEXT('2D SPACE',''
  ) );
#6391 = PCURVE('',#6392,#6397);
#6392 = CYLINDRICAL_SURFACE('',#6393,3.);
#6393 = AXIS2_PLACEMENT_3D('',#6394,#6395,#6396);
#6394 = CARTESIAN_POINT('',(23.,-19.,-13.));
#6395 = DIRECTION('',(-0.,-1.,-0.));
#6396 = DIRECTION('',(1.,0.,-0.));
#6397 = DEFINITIONAL_REPRESENTATION('',(#6398),#6402);
#6398 = LINE('',#6399,#6400);
#6399 = CARTESIAN_POINT('',(-0.,0.));
#6400 = VECTOR('',#6401,1.);
#6401 = DIRECTION('',(-0.,1.));
#6402 = ( GEOMETRIC_REPRESENTATION_CONTEXT(2) 
PARAMETRIC_REPRESENTATION_CONTEXT() REPRESENTATION_CONTEXT('2D SPACE',''
  ) );
#6403 = ORIENTED_EDGE('',*,*,#4182,.T.);
#6404 = ORIENTED_EDGE('',*,*,#6405,.T.);
#6405 = EDGE_CURVE('',#4185,#6351,#6406,.T.);
#6406 = SURFACE_CURVE('',#6407,(#6411,#6418),.PCURVE_S1.);
#6407 = LINE('',#6408,#6409);
#6408 = CARTESIAN_POINT('',(26.,-19.,13.));
#6409 = VECTOR('',#6410,1.);
#6410 = DIRECTION('',(-0.,-1.,-0.));
#6411 = PCURVE('',#4200,#6412);
#6412 = DEFINITIONAL_REPRESENTATION('',(#6413),#6417);
#6413 = LINE('',#6414,#6415);
#6414 = CARTESIAN_POINT('',(29.,-7.));
#6415 = VECTOR('',#6416,1.);
#6416 = DIRECTION('',(-0.,1.));
#6417 = ( GEOMETRIC_REPRESENTATION_CONTEXT(2) 
PARAMETRIC_REPRESENTATION_CONTEXT() REPRESENTATION_CONTEXT('2D SPACE',''
  ) );
#6418 = PCURVE('',#6419,#6424);
#6419 = CYLINDRICAL_SURFACE('',#6420,3.);
#6420 = AXIS2_PLACEMENT_3D('',#6421,#6422,#6423);
#6421 = CARTESIAN_POINT('',(23.,-19.,13.));
#6422 = DIRECTION('',(-0.,-1.,-0.));
#6423 = DIRECTION('',(1.,0.,-0.));
#6424 = DEFINITIONAL_REPRESENTATION('',(#6425),#6429);
#6425 = LINE('',#6426,#6427);
#6426 = CARTESIAN_POINT('',(0.,0.));
#6427 = VECTOR('',#6428,1.);
#6428 = DIRECTION('',(0.,1.));
#6429 = ( GEOMETRIC_REPRESENTATION_CONTEXT(2) 
PARAMETRIC_REPRESENTATION_CONTEXT() REPRESENTATION_CONTEXT('2D SPACE',''
  ) );
#6430 = ADVANCED_FACE('',(#6431),#4235,.T.);
#6431 = FACE_BOUND('',#6432,.T.);
#6432 = EDGE_LOOP('',(#6433,#6434,#6435));
#6433 = ORIENTED_EDGE('',*,*,#4945,.F.);
#6434 = ORIENTED_EDGE('',*,*,#4212,.T.);
#6435 = ORIENTED_EDGE('',*,*,#6436,.T.);
#6436 = EDGE_CURVE('',#4183,#4918,#6437,.T.);
#6437 = SURFACE_CURVE('',#6438,(#6448,#6454),.PCURVE_S1.);
#6438 = B_SPLINE_CURVE_WITH_KNOTS('',8,(#6439,#6440,#6441,#6442,#6443,
    #6444,#6445,#6446,#6447),.UNSPECIFIED.,.F.,.F.,(9,9),(0.,1.),
  .PIECEWISE_BEZIER_KNOTS.);
#6439 = CARTESIAN_POINT('',(26.,-19.,-13.));
#6440 = CARTESIAN_POINT('',(26.,-19.125,-13.58904862254));
#6441 = CARTESIAN_POINT('',(25.867817633116,-19.25,-14.17809743051));
#6442 = CARTESIAN_POINT('',(25.603454197615,-19.375,-14.732539703));
#6443 = CARTESIAN_POINT('',(25.217776267339,-19.5,-15.21777626734));
#6444 = CARTESIAN_POINT('',(24.732539703005,-19.625,-15.60345419761));
#6445 = CARTESIAN_POINT('',(24.178097430513,-19.75,-15.86781763311));
#6446 = CARTESIAN_POINT('',(23.589048622548,-19.875,-16.));
#6447 = CARTESIAN_POINT('',(23.,-20.,-16.));
#6448 = PCURVE('',#4235,#6449);
#6449 = DEFINITIONAL_REPRESENTATION('',(#6450),#6453);
#6450 = B_SPLINE_CURVE_WITH_KNOTS('',1,(#6451,#6452),.UNSPECIFIED.,.F.,
  .F.,(2,2),(0.,1.),.PIECEWISE_BEZIER_KNOTS.);
#6451 = CARTESIAN_POINT('',(1.,0.));
#6452 = CARTESIAN_POINT('',(1.,1.));
#6453 = ( GEOMETRIC_REPRESENTATION_CONTEXT(2) 
PARAMETRIC_REPRESENTATION_CONTEXT() REPRESENTATION_CONTEXT('2D SPACE',''
  ) );
#6454 = PCURVE('',#6392,#6455);
#6455 = DEFINITIONAL_REPRESENTATION('',(#6456),#6459);
#6456 = B_SPLINE_CURVE_WITH_KNOTS('',1,(#6457,#6458),.UNSPECIFIED.,.F.,
  .F.,(2,2),(0.,1.),.PIECEWISE_BEZIER_KNOTS.);
#6457 = CARTESIAN_POINT('',(0.,0.));
#6458 = CARTESIAN_POINT('',(-1.570796326795,1.));
#6459 = ( GEOMETRIC_REPRESENTATION_CONTEXT(2) 
PARAMETRIC_REPRESENTATION_CONTEXT() REPRESENTATION_CONTEXT('2D SPACE',''
  ) );
#6460 = ADVANCED_FACE('',(#6461),#4350,.F.);
#6461 = FACE_BOUND('',#6462,.F.);
#6462 = EDGE_LOOP('',(#6463,#6464,#6465));
#6463 = ORIENTED_EDGE('',*,*,#4579,.F.);
#6464 = ORIENTED_EDGE('',*,*,#4327,.T.);
#6465 = ORIENTED_EDGE('',*,*,#6466,.T.);
#6466 = EDGE_CURVE('',#4185,#4552,#6467,.T.);
#6467 = SURFACE_CURVE('',#6468,(#6478,#6484),.PCURVE_S1.);
#6468 = B_SPLINE_CURVE_WITH_KNOTS('',8,(#6469,#6470,#6471,#6472,#6473,
    #6474,#6475,#6476,#6477),.UNSPECIFIED.,.F.,.F.,(9,9),(0.,1.),
  .PIECEWISE_BEZIER_KNOTS.);
#6469 = CARTESIAN_POINT('',(26.,-19.,13.));
#6470 = CARTESIAN_POINT('',(26.,-19.125,13.589048622548));
#6471 = CARTESIAN_POINT('',(25.867817633116,-19.25,14.178097430513));
#6472 = CARTESIAN_POINT('',(25.603454197615,-19.375,14.732539703005));
#6473 = CARTESIAN_POINT('',(25.217776267339,-19.5,15.21777626734));
#6474 = CARTESIAN_POINT('',(24.732539703005,-19.625,15.603454197614));
#6475 = CARTESIAN_POINT('',(24.178097430513,-19.75,15.867817633116));
#6476 = CARTESIAN_POINT('',(23.589048622548,-19.875,16.));
#6477 = CARTESIAN_POINT('',(23.,-20.,16.));
#6478 = PCURVE('',#4350,#6479);
#6479 = DEFINITIONAL_REPRESENTATION('',(#6480),#6483);
#6480 = B_SPLINE_CURVE_WITH_KNOTS('',1,(#6481,#6482),.UNSPECIFIED.,.F.,
  .F.,(2,2),(0.,1.),.PIECEWISE_BEZIER_KNOTS.);
#6481 = CARTESIAN_POINT('',(1.,0.));
#6482 = CARTESIAN_POINT('',(1.,1.));
#6483 = ( GEOMETRIC_REPRESENTATION_CONTEXT(2) 
PARAMETRIC_REPRESENTATION_CONTEXT() REPRESENTATION_CONTEXT('2D SPACE',''
  ) );
#6484 = PCURVE('',#6419,#6485);
#6485 = DEFINITIONAL_REPRESENTATION('',(#6486),#6489);
#6486 = B_SPLINE_CURVE_WITH_KNOTS('',1,(#6487,#6488),.UNSPECIFIED.,.F.,
  .F.,(2,2),(0.,1.),.PIECEWISE_BEZIER_KNOTS.);
#6487 = CARTESIAN_POINT('',(0.,0.));
#6488 = CARTESIAN_POINT('',(1.570796326795,1.));
#6489 = ( GEOMETRIC_REPRESENTATION_CONTEXT(2) 
PARAMETRIC_REPRESENTATION_CONTEXT() REPRESENTATION_CONTEXT('2D SPACE',''
  ) );
#6490 = ADVANCED_FACE('',(#6491),#4463,.F.);
#6491 = FACE_BOUND('',#6492,.F.);
#6492 = EDGE_LOOP('',(#6493,#6533,#6534));
#6493 = ORIENTED_EDGE('',*,*,#6494,.F.);
#6494 = EDGE_CURVE('',#4621,#4443,#6495,.T.);
#6495 = SURFACE_CURVE('',#6496,(#6504,#6516),.PCURVE_S1.);
#6496 = B_SPLINE_CURVE_WITH_KNOTS('',6,(#6497,#6498,#6499,#6500,#6501,
    #6502,#6503),.UNSPECIFIED.,.F.,.F.,(7,7),(0.,1.),
  .PIECEWISE_BEZIER_KNOTS.);
#6497 = CARTESIAN_POINT('',(-2.22044604925E-16,-19.,13.));
#6498 = CARTESIAN_POINT('',(8.287770469906E-16,-19.16666666666,
    13.785398163397));
#6499 = CARTESIAN_POINT('',(0.246683058061,-19.33333333333,
    14.570729502115));
#6500 = CARTESIAN_POINT('',(0.740429551079,-19.5,15.259570448921));
#6501 = CARTESIAN_POINT('',(1.429270497885,-19.66666666666,
    15.753316941939));
#6502 = CARTESIAN_POINT('',(2.214601836603,-19.83333333333,16.));
#6503 = CARTESIAN_POINT('',(3.,-20.,16.));
#6504 = PCURVE('',#4463,#6505);
#6505 = DEFINITIONAL_REPRESENTATION('',(#6506),#6515);
#6506 = B_SPLINE_CURVE_WITH_KNOTS('',7,(#6507,#6508,#6509,#6510,#6511,
    #6512,#6513,#6514),.UNSPECIFIED.,.F.,.F.,(8,8),(0.,1.),
  .PIECEWISE_BEZIER_KNOTS.);
#6507 = CARTESIAN_POINT('',(0.,-1.110223024625E-16));
#6508 = CARTESIAN_POINT('',(0.,0.142857142857));
#6509 = CARTESIAN_POINT('',(0.,0.285702826527));
#6510 = CARTESIAN_POINT('',(0.,0.428600674372));
#6511 = CARTESIAN_POINT('',(0.,0.571399325628));
#6512 = CARTESIAN_POINT('',(0.,0.714297173473));
#6513 = CARTESIAN_POINT('',(0.,0.857142857143));
#6514 = CARTESIAN_POINT('',(0.,1.));
#6515 = ( GEOMETRIC_REPRESENTATION_CONTEXT(2) 
PARAMETRIC_REPRESENTATION_CONTEXT() REPRESENTATION_CONTEXT('2D SPACE',''
  ) );
#6516 = PCURVE('',#6517,#6522);
#6517 = CYLINDRICAL_SURFACE('',#6518,3.);
#6518 = AXIS2_PLACEMENT_3D('',#6519,#6520,#6521);
#6519 = CARTESIAN_POINT('',(3.,-24.,13.));
#6520 = DIRECTION('',(0.,1.,0.));
#6521 = DIRECTION('',(-1.,0.,0.));
#6522 = DEFINITIONAL_REPRESENTATION('',(#6523),#6532);
#6523 = B_SPLINE_CURVE_WITH_KNOTS('',7,(#6524,#6525,#6526,#6527,#6528,
    #6529,#6530,#6531),.UNSPECIFIED.,.F.,.F.,(8,8),(0.,1.),
  .PIECEWISE_BEZIER_KNOTS.);
#6524 = CARTESIAN_POINT('',(-1.110223024625E-16,5.));
#6525 = CARTESIAN_POINT('',(0.224399475256,4.857142857143));
#6526 = CARTESIAN_POINT('',(0.448780948517,4.714297174712));
#6527 = CARTESIAN_POINT('',(0.673244369879,4.5713993225));
#6528 = CARTESIAN_POINT('',(0.897551956916,4.4286006775));
#6529 = CARTESIAN_POINT('',(1.122015378278,4.285702825288));
#6530 = CARTESIAN_POINT('',(1.346396851538,4.142857142857));
#6531 = CARTESIAN_POINT('',(1.570796326795,4.));
#6532 = ( GEOMETRIC_REPRESENTATION_CONTEXT(2) 
PARAMETRIC_REPRESENTATION_CONTEXT() REPRESENTATION_CONTEXT('2D SPACE',''
  ) );
#6533 = ORIENTED_EDGE('',*,*,#4763,.T.);
#6534 = ORIENTED_EDGE('',*,*,#4442,.T.);
#6535 = ADVANCED_FACE('',(#6536),#4567,.T.);
#6536 = FACE_BOUND('',#6537,.T.);
#6537 = EDGE_LOOP('',(#6538,#6561,#6589,#6610));
#6538 = ORIENTED_EDGE('',*,*,#6539,.F.);
#6539 = EDGE_CURVE('',#6540,#4443,#6542,.T.);
#6540 = VERTEX_POINT('',#6541);
#6541 = CARTESIAN_POINT('',(3.,-23.,16.));
#6542 = SURFACE_CURVE('',#6543,(#6547,#6554),.PCURVE_S1.);
#6543 = LINE('',#6544,#6545);
#6544 = CARTESIAN_POINT('',(3.,-24.,16.));
#6545 = VECTOR('',#6546,1.);
#6546 = DIRECTION('',(0.,1.,0.));
#6547 = PCURVE('',#4567,#6548);
#6548 = DEFINITIONAL_REPRESENTATION('',(#6549),#6553);
#6549 = LINE('',#6550,#6551);
#6550 = CARTESIAN_POINT('',(3.,2.));
#6551 = VECTOR('',#6552,1.);
#6552 = DIRECTION('',(0.,1.));
#6553 = ( GEOMETRIC_REPRESENTATION_CONTEXT(2) 
PARAMETRIC_REPRESENTATION_CONTEXT() REPRESENTATION_CONTEXT('2D SPACE',''
  ) );
#6554 = PCURVE('',#6517,#6555);
#6555 = DEFINITIONAL_REPRESENTATION('',(#6556),#6560);
#6556 = LINE('',#6557,#6558);
#6557 = CARTESIAN_POINT('',(1.570796326795,0.));
#6558 = VECTOR('',#6559,1.);
#6559 = DIRECTION('',(0.,1.));
#6560 = ( GEOMETRIC_REPRESENTATION_CONTEXT(2) 
PARAMETRIC_REPRESENTATION_CONTEXT() REPRESENTATION_CONTEXT('2D SPACE',''
  ) );
#6561 = ORIENTED_EDGE('',*,*,#6562,.F.);
#6562 = EDGE_CURVE('',#6563,#6540,#6565,.T.);
#6563 = VERTEX_POINT('',#6564);
#6564 = CARTESIAN_POINT('',(23.,-23.,16.));
#6565 = SURFACE_CURVE('',#6566,(#6570,#6577),.PCURVE_S1.);
#6566 = LINE('',#6567,#6568);
#6567 = CARTESIAN_POINT('',(24.,-23.,16.));
#6568 = VECTOR('',#6569,1.);
#6569 = DIRECTION('',(-1.,-0.,-0.));
#6570 = PCURVE('',#4567,#6571);
#6571 = DEFINITIONAL_REPRESENTATION('',(#6572),#6576);
#6572 = LINE('',#6573,#6574);
#6573 = CARTESIAN_POINT('',(24.,3.));
#6574 = VECTOR('',#6575,1.);
#6575 = DIRECTION('',(-1.,-0.));
#6576 = ( GEOMETRIC_REPRESENTATION_CONTEXT(2) 
PARAMETRIC_REPRESENTATION_CONTEXT() REPRESENTATION_CONTEXT('2D SPACE',''
  ) );
#6577 = PCURVE('',#6578,#6583);
#6578 = CYLINDRICAL_SURFACE('',#6579,3.);
#6579 = AXIS2_PLACEMENT_3D('',#6580,#6581,#6582);
#6580 = CARTESIAN_POINT('',(24.,-23.,13.));
#6581 = DIRECTION('',(-1.,-0.,-0.));
#6582 = DIRECTION('',(0.,-1.,0.));
#6583 = DEFINITIONAL_REPRESENTATION('',(#6584),#6588);
#6584 = LINE('',#6585,#6586);
#6585 = CARTESIAN_POINT('',(1.570796326795,0.));
#6586 = VECTOR('',#6587,1.);
#6587 = DIRECTION('',(0.,1.));
#6588 = ( GEOMETRIC_REPRESENTATION_CONTEXT(2) 
PARAMETRIC_REPRESENTATION_CONTEXT() REPRESENTATION_CONTEXT('2D SPACE',''
  ) );
#6589 = ORIENTED_EDGE('',*,*,#6590,.F.);
#6590 = EDGE_CURVE('',#4552,#6563,#6591,.T.);
#6591 = SURFACE_CURVE('',#6592,(#6596,#6603),.PCURVE_S1.);
#6592 = LINE('',#6593,#6594);
#6593 = CARTESIAN_POINT('',(23.,-19.,16.));
#6594 = VECTOR('',#6595,1.);
#6595 = DIRECTION('',(-0.,-1.,-0.));
#6596 = PCURVE('',#4567,#6597);
#6597 = DEFINITIONAL_REPRESENTATION('',(#6598),#6602);
#6598 = LINE('',#6599,#6600);
#6599 = CARTESIAN_POINT('',(23.,7.));
#6600 = VECTOR('',#6601,1.);
#6601 = DIRECTION('',(-0.,-1.));
#6602 = ( GEOMETRIC_REPRESENTATION_CONTEXT(2) 
PARAMETRIC_REPRESENTATION_CONTEXT() REPRESENTATION_CONTEXT('2D SPACE',''
  ) );
#6603 = PCURVE('',#6419,#6604);
#6604 = DEFINITIONAL_REPRESENTATION('',(#6605),#6609);
#6605 = LINE('',#6606,#6607);
#6606 = CARTESIAN_POINT('',(1.570796326795,0.));
#6607 = VECTOR('',#6608,1.);
#6608 = DIRECTION('',(0.,1.));
#6609 = ( GEOMETRIC_REPRESENTATION_CONTEXT(2) 
PARAMETRIC_REPRESENTATION_CONTEXT() REPRESENTATION_CONTEXT('2D SPACE',''
  ) );
#6610 = ORIENTED_EDGE('',*,*,#4551,.F.);
#6611 = ADVANCED_FACE('',(#6612),#4636,.F.);
#6612 = FACE_BOUND('',#6613,.F.);
#6613 = EDGE_LOOP('',(#6614,#6644,#6670,#6671));
#6614 = ORIENTED_EDGE('',*,*,#6615,.F.);
#6615 = EDGE_CURVE('',#6616,#6618,#6620,.T.);
#6616 = VERTEX_POINT('',#6617);
#6617 = CARTESIAN_POINT('',(-4.440892098501E-16,-24.,-13.));
#6618 = VERTEX_POINT('',#6619);
#6619 = CARTESIAN_POINT('',(-4.440892098501E-16,-24.,13.));
#6620 = SURFACE_CURVE('',#6621,(#6625,#6632),.PCURVE_S1.);
#6621 = LINE('',#6622,#6623);
#6622 = CARTESIAN_POINT('',(-4.440892098501E-16,-24.,-16.));
#6623 = VECTOR('',#6624,1.);
#6624 = DIRECTION('',(0.,0.,1.));
#6625 = PCURVE('',#4636,#6626);
#6626 = DEFINITIONAL_REPRESENTATION('',(#6627),#6631);
#6627 = LINE('',#6628,#6629);
#6628 = CARTESIAN_POINT('',(0.,-2.));
#6629 = VECTOR('',#6630,1.);
#6630 = DIRECTION('',(1.,0.));
#6631 = ( GEOMETRIC_REPRESENTATION_CONTEXT(2) 
PARAMETRIC_REPRESENTATION_CONTEXT() REPRESENTATION_CONTEXT('2D SPACE',''
  ) );
#6632 = PCURVE('',#6633,#6638);
#6633 = CYLINDRICAL_SURFACE('',#6634,2.);
#6634 = AXIS2_PLACEMENT_3D('',#6635,#6636,#6637);
#6635 = CARTESIAN_POINT('',(2.,-24.,-16.));
#6636 = DIRECTION('',(0.,0.,1.));
#6637 = DIRECTION('',(-1.,-0.,0.));
#6638 = DEFINITIONAL_REPRESENTATION('',(#6639),#6643);
#6639 = LINE('',#6640,#6641);
#6640 = CARTESIAN_POINT('',(0.,0.));
#6641 = VECTOR('',#6642,1.);
#6642 = DIRECTION('',(0.,1.));
#6643 = ( GEOMETRIC_REPRESENTATION_CONTEXT(2) 
PARAMETRIC_REPRESENTATION_CONTEXT() REPRESENTATION_CONTEXT('2D SPACE',''
  ) );
#6644 = ORIENTED_EDGE('',*,*,#6645,.T.);
#6645 = EDGE_CURVE('',#6616,#4619,#6646,.T.);
#6646 = SURFACE_CURVE('',#6647,(#6651,#6658),.PCURVE_S1.);
#6647 = LINE('',#6648,#6649);
#6648 = CARTESIAN_POINT('',(-4.440892098501E-16,-24.,-13.));
#6649 = VECTOR('',#6650,1.);
#6650 = DIRECTION('',(0.,1.,0.));
#6651 = PCURVE('',#4636,#6652);
#6652 = DEFINITIONAL_REPRESENTATION('',(#6653),#6657);
#6653 = LINE('',#6654,#6655);
#6654 = CARTESIAN_POINT('',(3.,-2.));
#6655 = VECTOR('',#6656,1.);
#6656 = DIRECTION('',(0.,-1.));
#6657 = ( GEOMETRIC_REPRESENTATION_CONTEXT(2) 
PARAMETRIC_REPRESENTATION_CONTEXT() REPRESENTATION_CONTEXT('2D SPACE',''
  ) );
#6658 = PCURVE('',#6659,#6664);
#6659 = CYLINDRICAL_SURFACE('',#6660,3.);
#6660 = AXIS2_PLACEMENT_3D('',#6661,#6662,#6663);
#6661 = CARTESIAN_POINT('',(3.,-24.,-13.));
#6662 = DIRECTION('',(0.,1.,0.));
#6663 = DIRECTION('',(-1.,0.,0.));
#6664 = DEFINITIONAL_REPRESENTATION('',(#6665),#6669);
#6665 = LINE('',#6666,#6667);
#6666 = CARTESIAN_POINT('',(-0.,0.));
#6667 = VECTOR('',#6668,1.);
#6668 = DIRECTION('',(-0.,1.));
#6669 = ( GEOMETRIC_REPRESENTATION_CONTEXT(2) 
PARAMETRIC_REPRESENTATION_CONTEXT() REPRESENTATION_CONTEXT('2D SPACE',''
  ) );
#6670 = ORIENTED_EDGE('',*,*,#4618,.T.);
#6671 = ORIENTED_EDGE('',*,*,#6672,.F.);
#6672 = EDGE_CURVE('',#6618,#4621,#6673,.T.);
#6673 = SURFACE_CURVE('',#6674,(#6678,#6685),.PCURVE_S1.);
#6674 = LINE('',#6675,#6676);
#6675 = CARTESIAN_POINT('',(-4.440892098501E-16,-24.,13.));
#6676 = VECTOR('',#6677,1.);
#6677 = DIRECTION('',(0.,1.,0.));
#6678 = PCURVE('',#4636,#6679);
#6679 = DEFINITIONAL_REPRESENTATION('',(#6680),#6684);
#6680 = LINE('',#6681,#6682);
#6681 = CARTESIAN_POINT('',(29.,-2.));
#6682 = VECTOR('',#6683,1.);
#6683 = DIRECTION('',(0.,-1.));
#6684 = ( GEOMETRIC_REPRESENTATION_CONTEXT(2) 
PARAMETRIC_REPRESENTATION_CONTEXT() REPRESENTATION_CONTEXT('2D SPACE',''
  ) );
#6685 = PCURVE('',#6517,#6686);
#6686 = DEFINITIONAL_REPRESENTATION('',(#6687),#6691);
#6687 = LINE('',#6688,#6689);
#6688 = CARTESIAN_POINT('',(0.,0.));
#6689 = VECTOR('',#6690,1.);
#6690 = DIRECTION('',(0.,1.));
#6691 = ( GEOMETRIC_REPRESENTATION_CONTEXT(2) 
PARAMETRIC_REPRESENTATION_CONTEXT() REPRESENTATION_CONTEXT('2D SPACE',''
  ) );
#6692 = ADVANCED_FACE('',(#6693),#4671,.T.);
#6693 = FACE_BOUND('',#6694,.T.);
#6694 = EDGE_LOOP('',(#6695,#6730,#6731));
#6695 = ORIENTED_EDGE('',*,*,#6696,.F.);
#6696 = EDGE_CURVE('',#4619,#4891,#6697,.T.);
#6697 = SURFACE_CURVE('',#6698,(#6706,#6718),.PCURVE_S1.);
#6698 = B_SPLINE_CURVE_WITH_KNOTS('',6,(#6699,#6700,#6701,#6702,#6703,
    #6704,#6705),.UNSPECIFIED.,.F.,.F.,(7,7),(0.,1.),
  .PIECEWISE_BEZIER_KNOTS.);
#6699 = CARTESIAN_POINT('',(-2.22044604925E-16,-19.,-13.));
#6700 = CARTESIAN_POINT('',(8.287770469906E-16,-19.16666666666,
    -13.78539816339));
#6701 = CARTESIAN_POINT('',(0.246683058061,-19.33333333333,
    -14.57072950211));
#6702 = CARTESIAN_POINT('',(0.740429551079,-19.5,-15.25957044892));
#6703 = CARTESIAN_POINT('',(1.429270497885,-19.66666666666,
    -15.75331694193));
#6704 = CARTESIAN_POINT('',(2.214601836603,-19.83333333333,-16.));
#6705 = CARTESIAN_POINT('',(3.,-20.,-16.));
#6706 = PCURVE('',#4671,#6707);
#6707 = DEFINITIONAL_REPRESENTATION('',(#6708),#6717);
#6708 = B_SPLINE_CURVE_WITH_KNOTS('',7,(#6709,#6710,#6711,#6712,#6713,
    #6714,#6715,#6716),.UNSPECIFIED.,.F.,.F.,(8,8),(0.,1.),
  .PIECEWISE_BEZIER_KNOTS.);
#6709 = CARTESIAN_POINT('',(0.,0.));
#6710 = CARTESIAN_POINT('',(0.,0.142857142857));
#6711 = CARTESIAN_POINT('',(0.,0.285702826527));
#6712 = CARTESIAN_POINT('',(0.,0.428600674372));
#6713 = CARTESIAN_POINT('',(0.,0.571399325628));
#6714 = CARTESIAN_POINT('',(0.,0.714297173473));
#6715 = CARTESIAN_POINT('',(0.,0.857142857143));
#6716 = CARTESIAN_POINT('',(0.,1.));
#6717 = ( GEOMETRIC_REPRESENTATION_CONTEXT(2) 
PARAMETRIC_REPRESENTATION_CONTEXT() REPRESENTATION_CONTEXT('2D SPACE',''
  ) );
#6718 = PCURVE('',#6659,#6719);
#6719 = DEFINITIONAL_REPRESENTATION('',(#6720),#6729);
#6720 = B_SPLINE_CURVE_WITH_KNOTS('',7,(#6721,#6722,#6723,#6724,#6725,
    #6726,#6727,#6728),.UNSPECIFIED.,.F.,.F.,(8,8),(0.,1.),
  .PIECEWISE_BEZIER_KNOTS.);
#6721 = CARTESIAN_POINT('',(1.110223024625E-16,5.));
#6722 = CARTESIAN_POINT('',(-0.224399475256,4.857142857143));
#6723 = CARTESIAN_POINT('',(-0.448780948517,4.714297174712));
#6724 = CARTESIAN_POINT('',(-0.673244369879,4.5713993225));
#6725 = CARTESIAN_POINT('',(-0.897551956916,4.4286006775));
#6726 = CARTESIAN_POINT('',(-1.122015378278,4.285702825288));
#6727 = CARTESIAN_POINT('',(-1.346396851538,4.142857142857));
#6728 = CARTESIAN_POINT('',(-1.570796326795,4.));
#6729 = ( GEOMETRIC_REPRESENTATION_CONTEXT(2) 
PARAMETRIC_REPRESENTATION_CONTEXT() REPRESENTATION_CONTEXT('2D SPACE',''
  ) );
#6730 = ORIENTED_EDGE('',*,*,#4648,.T.);
#6731 = ORIENTED_EDGE('',*,*,#4890,.T.);
#6732 = ADVANCED_FACE('',(#6733),#4839,.F.);
#6733 = FACE_BOUND('',#6734,.F.);
#6734 = EDGE_LOOP('',(#6735,#6758,#6759,#6782));
#6735 = ORIENTED_EDGE('',*,*,#6736,.F.);
#6736 = EDGE_CURVE('',#4824,#6737,#6739,.T.);
#6737 = VERTEX_POINT('',#6738);
#6738 = CARTESIAN_POINT('',(3.,23.,-16.));
#6739 = SURFACE_CURVE('',#6740,(#6744,#6751),.PCURVE_S1.);
#6740 = LINE('',#6741,#6742);
#6741 = CARTESIAN_POINT('',(3.,19.,-16.));
#6742 = VECTOR('',#6743,1.);
#6743 = DIRECTION('',(0.,1.,0.));
#6744 = PCURVE('',#4839,#6745);
#6745 = DEFINITIONAL_REPRESENTATION('',(#6746),#6750);
#6746 = LINE('',#6747,#6748);
#6747 = CARTESIAN_POINT('',(3.,2.));
#6748 = VECTOR('',#6749,1.);
#6749 = DIRECTION('',(0.,1.));
#6750 = ( GEOMETRIC_REPRESENTATION_CONTEXT(2) 
PARAMETRIC_REPRESENTATION_CONTEXT() REPRESENTATION_CONTEXT('2D SPACE',''
  ) );
#6751 = PCURVE('',#5001,#6752);
#6752 = DEFINITIONAL_REPRESENTATION('',(#6753),#6757);
#6753 = LINE('',#6754,#6755);
#6754 = CARTESIAN_POINT('',(-1.570796326795,0.));
#6755 = VECTOR('',#6756,1.);
#6756 = DIRECTION('',(-0.,1.));
#6757 = ( GEOMETRIC_REPRESENTATION_CONTEXT(2) 
PARAMETRIC_REPRESENTATION_CONTEXT() REPRESENTATION_CONTEXT('2D SPACE',''
  ) );
#6758 = ORIENTED_EDGE('',*,*,#4823,.F.);
#6759 = ORIENTED_EDGE('',*,*,#6760,.F.);
#6760 = EDGE_CURVE('',#6761,#4797,#6763,.T.);
#6761 = VERTEX_POINT('',#6762);
#6762 = CARTESIAN_POINT('',(23.,23.,-16.));
#6763 = SURFACE_CURVE('',#6764,(#6768,#6775),.PCURVE_S1.);
#6764 = LINE('',#6765,#6766);
#6765 = CARTESIAN_POINT('',(23.,24.,-16.));
#6766 = VECTOR('',#6767,1.);
#6767 = DIRECTION('',(-0.,-1.,-0.));
#6768 = PCURVE('',#4839,#6769);
#6769 = DEFINITIONAL_REPRESENTATION('',(#6770),#6774);
#6770 = LINE('',#6771,#6772);
#6771 = CARTESIAN_POINT('',(23.,7.));
#6772 = VECTOR('',#6773,1.);
#6773 = DIRECTION('',(-0.,-1.));
#6774 = ( GEOMETRIC_REPRESENTATION_CONTEXT(2) 
PARAMETRIC_REPRESENTATION_CONTEXT() REPRESENTATION_CONTEXT('2D SPACE',''
  ) );
#6775 = PCURVE('',#5167,#6776);
#6776 = DEFINITIONAL_REPRESENTATION('',(#6777),#6781);
#6777 = LINE('',#6778,#6779);
#6778 = CARTESIAN_POINT('',(-1.570796326795,0.));
#6779 = VECTOR('',#6780,1.);
#6780 = DIRECTION('',(-0.,1.));
#6781 = ( GEOMETRIC_REPRESENTATION_CONTEXT(2) 
PARAMETRIC_REPRESENTATION_CONTEXT() REPRESENTATION_CONTEXT('2D SPACE',''
  ) );
#6782 = ORIENTED_EDGE('',*,*,#6783,.F.);
#6783 = EDGE_CURVE('',#6737,#6761,#6784,.T.);
#6784 = SURFACE_CURVE('',#6785,(#6789,#6796),.PCURVE_S1.);
#6785 = LINE('',#6786,#6787);
#6786 = CARTESIAN_POINT('',(2.,23.,-16.));
#6787 = VECTOR('',#6788,1.);
#6788 = DIRECTION('',(1.,0.,0.));
#6789 = PCURVE('',#4839,#6790);
#6790 = DEFINITIONAL_REPRESENTATION('',(#6791),#6795);
#6791 = LINE('',#6792,#6793);
#6792 = CARTESIAN_POINT('',(2.,6.));
#6793 = VECTOR('',#6794,1.);
#6794 = DIRECTION('',(1.,0.));
#6795 = ( GEOMETRIC_REPRESENTATION_CONTEXT(2) 
PARAMETRIC_REPRESENTATION_CONTEXT() REPRESENTATION_CONTEXT('2D SPACE',''
  ) );
#6796 = PCURVE('',#6797,#6802);
#6797 = CYLINDRICAL_SURFACE('',#6798,3.);
#6798 = AXIS2_PLACEMENT_3D('',#6799,#6800,#6801);
#6799 = CARTESIAN_POINT('',(2.,23.,-13.));
#6800 = DIRECTION('',(1.,0.,0.));
#6801 = DIRECTION('',(-0.,1.,0.));
#6802 = DEFINITIONAL_REPRESENTATION('',(#6803),#6807);
#6803 = LINE('',#6804,#6805);
#6804 = CARTESIAN_POINT('',(-1.570796326795,0.));
#6805 = VECTOR('',#6806,1.);
#6806 = DIRECTION('',(-0.,1.));
#6807 = ( GEOMETRIC_REPRESENTATION_CONTEXT(2) 
PARAMETRIC_REPRESENTATION_CONTEXT() REPRESENTATION_CONTEXT('2D SPACE',''
  ) );
#6808 = ADVANCED_FACE('',(#6809),#4933,.F.);
#6809 = FACE_BOUND('',#6810,.F.);
#6810 = EDGE_LOOP('',(#6811,#6834,#6862,#6883));
#6811 = ORIENTED_EDGE('',*,*,#6812,.F.);
#6812 = EDGE_CURVE('',#6813,#4891,#6815,.T.);
#6813 = VERTEX_POINT('',#6814);
#6814 = CARTESIAN_POINT('',(3.,-23.,-16.));
#6815 = SURFACE_CURVE('',#6816,(#6820,#6827),.PCURVE_S1.);
#6816 = LINE('',#6817,#6818);
#6817 = CARTESIAN_POINT('',(3.,-24.,-16.));
#6818 = VECTOR('',#6819,1.);
#6819 = DIRECTION('',(0.,1.,0.));
#6820 = PCURVE('',#4933,#6821);
#6821 = DEFINITIONAL_REPRESENTATION('',(#6822),#6826);
#6822 = LINE('',#6823,#6824);
#6823 = CARTESIAN_POINT('',(3.,2.));
#6824 = VECTOR('',#6825,1.);
#6825 = DIRECTION('',(0.,1.));
#6826 = ( GEOMETRIC_REPRESENTATION_CONTEXT(2) 
PARAMETRIC_REPRESENTATION_CONTEXT() REPRESENTATION_CONTEXT('2D SPACE',''
  ) );
#6827 = PCURVE('',#6659,#6828);
#6828 = DEFINITIONAL_REPRESENTATION('',(#6829),#6833);
#6829 = LINE('',#6830,#6831);
#6830 = CARTESIAN_POINT('',(-1.570796326795,0.));
#6831 = VECTOR('',#6832,1.);
#6832 = DIRECTION('',(-0.,1.));
#6833 = ( GEOMETRIC_REPRESENTATION_CONTEXT(2) 
PARAMETRIC_REPRESENTATION_CONTEXT() REPRESENTATION_CONTEXT('2D SPACE',''
  ) );
#6834 = ORIENTED_EDGE('',*,*,#6835,.F.);
#6835 = EDGE_CURVE('',#6836,#6813,#6838,.T.);
#6836 = VERTEX_POINT('',#6837);
#6837 = CARTESIAN_POINT('',(23.,-23.,-16.));
#6838 = SURFACE_CURVE('',#6839,(#6843,#6850),.PCURVE_S1.);
#6839 = LINE('',#6840,#6841);
#6840 = CARTESIAN_POINT('',(24.,-23.,-16.));
#6841 = VECTOR('',#6842,1.);
#6842 = DIRECTION('',(-1.,-0.,-0.));
#6843 = PCURVE('',#4933,#6844);
#6844 = DEFINITIONAL_REPRESENTATION('',(#6845),#6849);
#6845 = LINE('',#6846,#6847);
#6846 = CARTESIAN_POINT('',(24.,3.));
#6847 = VECTOR('',#6848,1.);
#6848 = DIRECTION('',(-1.,-0.));
#6849 = ( GEOMETRIC_REPRESENTATION_CONTEXT(2) 
PARAMETRIC_REPRESENTATION_CONTEXT() REPRESENTATION_CONTEXT('2D SPACE',''
  ) );
#6850 = PCURVE('',#6851,#6856);
#6851 = CYLINDRICAL_SURFACE('',#6852,3.);
#6852 = AXIS2_PLACEMENT_3D('',#6853,#6854,#6855);
#6853 = CARTESIAN_POINT('',(24.,-23.,-13.));
#6854 = DIRECTION('',(-1.,-0.,-0.));
#6855 = DIRECTION('',(0.,-1.,0.));
#6856 = DEFINITIONAL_REPRESENTATION('',(#6857),#6861);
#6857 = LINE('',#6858,#6859);
#6858 = CARTESIAN_POINT('',(-1.570796326795,0.));
#6859 = VECTOR('',#6860,1.);
#6860 = DIRECTION('',(-0.,1.));
#6861 = ( GEOMETRIC_REPRESENTATION_CONTEXT(2) 
PARAMETRIC_REPRESENTATION_CONTEXT() REPRESENTATION_CONTEXT('2D SPACE',''
  ) );
#6862 = ORIENTED_EDGE('',*,*,#6863,.F.);
#6863 = EDGE_CURVE('',#4918,#6836,#6864,.T.);
#6864 = SURFACE_CURVE('',#6865,(#6869,#6876),.PCURVE_S1.);
#6865 = LINE('',#6866,#6867);
#6866 = CARTESIAN_POINT('',(23.,-19.,-16.));
#6867 = VECTOR('',#6868,1.);
#6868 = DIRECTION('',(-0.,-1.,-0.));
#6869 = PCURVE('',#4933,#6870);
#6870 = DEFINITIONAL_REPRESENTATION('',(#6871),#6875);
#6871 = LINE('',#6872,#6873);
#6872 = CARTESIAN_POINT('',(23.,7.));
#6873 = VECTOR('',#6874,1.);
#6874 = DIRECTION('',(-0.,-1.));
#6875 = ( GEOMETRIC_REPRESENTATION_CONTEXT(2) 
PARAMETRIC_REPRESENTATION_CONTEXT() REPRESENTATION_CONTEXT('2D SPACE',''
  ) );
#6876 = PCURVE('',#6392,#6877);
#6877 = DEFINITIONAL_REPRESENTATION('',(#6878),#6882);
#6878 = LINE('',#6879,#6880);
#6879 = CARTESIAN_POINT('',(-1.570796326795,0.));
#6880 = VECTOR('',#6881,1.);
#6881 = DIRECTION('',(-0.,1.));
#6882 = ( GEOMETRIC_REPRESENTATION_CONTEXT(2) 
PARAMETRIC_REPRESENTATION_CONTEXT() REPRESENTATION_CONTEXT('2D SPACE',''
  ) );
#6883 = ORIENTED_EDGE('',*,*,#4917,.F.);
#6884 = ADVANCED_FACE('',(#6885),#5001,.T.);
#6885 = FACE_BOUND('',#6886,.F.);
#6886 = EDGE_LOOP('',(#6887,#6888,#6889,#7006));
#6887 = ORIENTED_EDGE('',*,*,#5112,.T.);
#6888 = ORIENTED_EDGE('',*,*,#6736,.T.);
#6889 = ORIENTED_EDGE('',*,*,#6890,.F.);
#6890 = EDGE_CURVE('',#4986,#6737,#6891,.T.);
#6891 = SURFACE_CURVE('',#6892,(#6900,#6912),.PCURVE_S1.);
#6892 = B_SPLINE_CURVE_WITH_KNOTS('',6,(#6893,#6894,#6895,#6896,#6897,
    #6898,#6899),.UNSPECIFIED.,.F.,.F.,(7,7),(0.,1.),
  .PIECEWISE_BEZIER_KNOTS.);
#6893 = CARTESIAN_POINT('',(-2.22044604925E-16,24.,-13.));
#6894 = CARTESIAN_POINT('',(8.287770469906E-16,23.833333333333,
    -13.78539816339));
#6895 = CARTESIAN_POINT('',(0.246683058061,23.666666666667,
    -14.57072950211));
#6896 = CARTESIAN_POINT('',(0.740429551079,23.5,-15.25957044892));
#6897 = CARTESIAN_POINT('',(1.429270497885,23.333333333333,
    -15.75331694193));
#6898 = CARTESIAN_POINT('',(2.214601836603,23.166666666667,-16.));
#6899 = CARTESIAN_POINT('',(3.,23.,-16.));
#6900 = PCURVE('',#5001,#6901);
#6901 = DEFINITIONAL_REPRESENTATION('',(#6902),#6911);
#6902 = B_SPLINE_CURVE_WITH_KNOTS('',7,(#6903,#6904,#6905,#6906,#6907,
    #6908,#6909,#6910),.UNSPECIFIED.,.F.,.F.,(8,8),(0.,1.),
  .PIECEWISE_BEZIER_KNOTS.);
#6903 = CARTESIAN_POINT('',(0.,5.));
#6904 = CARTESIAN_POINT('',(-0.224399475256,4.857142857143));
#6905 = CARTESIAN_POINT('',(-0.448780948517,4.714297174712));
#6906 = CARTESIAN_POINT('',(-0.673244369879,4.5713993225));
#6907 = CARTESIAN_POINT('',(-0.897551956916,4.4286006775));
#6908 = CARTESIAN_POINT('',(-1.122015378278,4.285702825288));
#6909 = CARTESIAN_POINT('',(-1.346396851538,4.142857142857));
#6910 = CARTESIAN_POINT('',(-1.570796326795,4.));
#6911 = ( GEOMETRIC_REPRESENTATION_CONTEXT(2) 
PARAMETRIC_REPRESENTATION_CONTEXT() REPRESENTATION_CONTEXT('2D SPACE',''
  ) );
#6912 = PCURVE('',#6913,#6995);
#6913 = B_SPLINE_SURFACE_WITH_KNOTS('',8,8,(
    (#6914,#6915,#6916,#6917,#6918,#6919,#6920,#6921,#6922)
    ,(#6923,#6924,#6925,#6926,#6927,#6928,#6929,#6930,#6931)
    ,(#6932,#6933,#6934,#6935,#6936,#6937,#6938,#6939,#6940)
    ,(#6941,#6942,#6943,#6944,#6945,#6946,#6947,#6948,#6949)
    ,(#6950,#6951,#6952,#6953,#6954,#6955,#6956,#6957,#6958)
    ,(#6959,#6960,#6961,#6962,#6963,#6964,#6965,#6966,#6967)
    ,(#6968,#6969,#6970,#6971,#6972,#6973,#6974,#6975,#6976)
    ,(#6977,#6978,#6979,#6980,#6981,#6982,#6983,#6984,#6985)
    ,(#6986,#6987,#6988,#6989,#6990,#6991,#6992,#6993,#6994
  )),.UNSPECIFIED.,.F.,.F.,.F.,(9,9),(9,9),(0.,1.),(0.,1.),
  .PIECEWISE_BEZIER_KNOTS.);
#6914 = CARTESIAN_POINT('',(-4.440892098501E-16,24.,-13.));
#6915 = CARTESIAN_POINT('',(-4.343076733752E-16,23.875,-13.58904862254)
  );
#6916 = CARTESIAN_POINT('',(0.132182366884,23.75,-14.17809743051));
#6917 = CARTESIAN_POINT('',(0.396545802386,23.625,-14.732539703));
#6918 = CARTESIAN_POINT('',(0.78222373266,23.499999999999,
    -15.21777626733));
#6919 = CARTESIAN_POINT('',(1.267460296995,23.375,-15.60345419761));
#6920 = CARTESIAN_POINT('',(1.821902569487,23.25,-15.86781763311));
#6921 = CARTESIAN_POINT('',(2.410951377452,23.125,-16.));
#6922 = CARTESIAN_POINT('',(3.,23.,-16.));
#6923 = CARTESIAN_POINT('',(-4.579669976579E-16,24.392699067747,-13.));
#6924 = CARTESIAN_POINT('',(-1.227184586708E-02,24.265486684278,
    -13.58904862254));
#6925 = CARTESIAN_POINT('',(0.114752844658,24.121751504949,
    -14.19907992414));
#6926 = CARTESIAN_POINT('',(0.395013511556,23.961493692044,
    -14.78291055676));
#6927 = CARTESIAN_POINT('',(0.819462755572,23.78607156729,
    -15.27780798807));
#6928 = CARTESIAN_POINT('',(1.325542941767,23.598204613281,
    -15.63902397426));
#6929 = CARTESIAN_POINT('',(1.871833932736,23.40168694575,
    -15.87991243389));
#6930 = CARTESIAN_POINT('',(2.43770745527,23.200843461287,-16.));
#6931 = CARTESIAN_POINT('',(3.,23.,-16.));
#6932 = CARTESIAN_POINT('',(8.812156967704E-02,24.785398321701,-13.));
#6933 = CARTESIAN_POINT('',(5.558965993597E-02,24.684542314524,
    -13.58904862254));
#6934 = CARTESIAN_POINT('',(0.238788275313,24.598162303188,
    -14.21406741959));
#6935 = CARTESIAN_POINT('',(0.53855468042,24.417861117362,
    -14.81888973802));
#6936 = CARTESIAN_POINT('',(0.979711966464,24.181161610545,
    -15.3206877886));
#6937 = CARTESIAN_POINT('',(1.480180449569,23.907980844105,
    -15.66443095758));
#6938 = CARTESIAN_POINT('',(1.99360355568,23.613424746562,-15.8885515773
    ));
#6939 = CARTESIAN_POINT('',(2.543516941033,23.341715363813,-16.));
#6940 = CARTESIAN_POINT('',(3.,23.,-16.));
#6941 = CARTESIAN_POINT('',(0.264363897068,25.155026422385,-13.));
#6942 = CARTESIAN_POINT('',(0.227495951688,25.105678167195,
    -13.58904862254));
#6943 = CARTESIAN_POINT('',(0.385229566105,25.003828077327,
    -14.22305991686));
#6944 = CARTESIAN_POINT('',(0.670868292037,24.784339850308,
    -14.84047724678));
#6945 = CARTESIAN_POINT('',(1.095206634989,24.474736272454,
    -15.34641566891));
#6946 = CARTESIAN_POINT('',(1.574731872568,24.119515132315,
    -15.67967514757));
#6947 = CARTESIAN_POINT('',(2.062268468283,23.746694334718,
    -15.89373506335));
#6948 = CARTESIAN_POINT('',(2.5690186783,23.388254551138,-16.));
#6949 = CARTESIAN_POINT('',(3.,23.,-16.));
#6950 = CARTESIAN_POINT('',(0.52148244337,25.478517556629,-13.));
#6951 = CARTESIAN_POINT('',(0.514126825069,25.48587317493,
    -13.58904862254));
#6952 = CARTESIAN_POINT('',(0.640653771774,25.359346228226,
    -14.22605741595));
#6953 = CARTESIAN_POINT('',(0.897513225056,25.102486774944,
    -14.84767308303));
#6954 = CARTESIAN_POINT('',(1.275176401901,24.724823598099,
    -15.35499162902));
#6955 = CARTESIAN_POINT('',(1.704689779896,24.295310220104,
    -15.68475654424));
#6956 = CARTESIAN_POINT('',(2.14555550927,23.85444449073,-15.89546289203
    ));
#6957 = CARTESIAN_POINT('',(2.586875821905,23.413124178095,-16.));
#6958 = CARTESIAN_POINT('',(3.,23.,-16.));
#6959 = CARTESIAN_POINT('',(0.844973577616,25.735636102932,-13.));
#6960 = CARTESIAN_POINT('',(0.894321832805,25.772504048312,
    -13.58904862254));
#6961 = CARTESIAN_POINT('',(0.996171922674,25.614770433896,
    -14.22305991686));
#6962 = CARTESIAN_POINT('',(1.215660149693,25.329131707963,
    -14.84047724678));
#6963 = CARTESIAN_POINT('',(1.525263727546,24.904793365011,
    -15.34641566891));
#6964 = CARTESIAN_POINT('',(1.880484867686,24.425268127432,
    -15.67967514757));
#6965 = CARTESIAN_POINT('',(2.253305665282,23.937731531717,
    -15.89373506335));
#6966 = CARTESIAN_POINT('',(2.611745448862,23.4309813217,-16.));
#6967 = CARTESIAN_POINT('',(3.,23.,-16.));
#6968 = CARTESIAN_POINT('',(1.214601678298,25.911878430323,-13.));
#6969 = CARTESIAN_POINT('',(1.315457685475,25.944410340064,
    -13.58904862254));
#6970 = CARTESIAN_POINT('',(1.401837696811,25.761211724687,
    -14.21406741959));
#6971 = CARTESIAN_POINT('',(1.582138882638,25.46144531958,
    -14.81888973802));
#6972 = CARTESIAN_POINT('',(1.818838389454,25.020288033536,
    -15.3206877886));
#6973 = CARTESIAN_POINT('',(2.092019155895,24.519819550431,
    -15.66443095758));
#6974 = CARTESIAN_POINT('',(2.386575253438,24.00639644432,-15.8885515773
    ));
#6975 = CARTESIAN_POINT('',(2.658284636187,23.456483058967,-16.));
#6976 = CARTESIAN_POINT('',(3.,23.,-16.));
#6977 = CARTESIAN_POINT('',(1.607300932253,26.,-13.));
#6978 = CARTESIAN_POINT('',(1.734513315722,26.012271845867,
    -13.58904862254));
#6979 = CARTESIAN_POINT('',(1.878248495051,25.885247155342,
    -14.19907992414));
#6980 = CARTESIAN_POINT('',(2.038506307957,25.604986488444,
    -14.78291055676));
#6981 = CARTESIAN_POINT('',(2.213928432709,25.180537244428,
    -15.27780798807));
#6982 = CARTESIAN_POINT('',(2.401795386719,24.674457058233,
    -15.63902397426));
#6983 = CARTESIAN_POINT('',(2.598313054249,24.128166067264,
    -15.87991243389));
#6984 = CARTESIAN_POINT('',(2.799156538713,23.56229254473,-16.));
#6985 = CARTESIAN_POINT('',(3.,23.,-16.));
#6986 = CARTESIAN_POINT('',(2.,26.,-13.));
#6987 = CARTESIAN_POINT('',(2.125,26.,-13.58904862254));
#6988 = CARTESIAN_POINT('',(2.25,25.867817633117,-14.17809743051));
#6989 = CARTESIAN_POINT('',(2.375,25.603454197614,-14.732539703));
#6990 = CARTESIAN_POINT('',(2.5,25.21777626734,-15.21777626733));
#6991 = CARTESIAN_POINT('',(2.625,24.732539703005,-15.60345419761));
#6992 = CARTESIAN_POINT('',(2.75,24.178097430513,-15.86781763311));
#6993 = CARTESIAN_POINT('',(2.875,23.589048622548,-16.));
#6994 = CARTESIAN_POINT('',(3.,23.,-16.));
#6995 = DEFINITIONAL_REPRESENTATION('',(#6996),#7005);
#6996 = B_SPLINE_CURVE_WITH_KNOTS('',7,(#6997,#6998,#6999,#7000,#7001,
    #7002,#7003,#7004),.UNSPECIFIED.,.F.,.F.,(8,8),(0.,1.),
  .PIECEWISE_BEZIER_KNOTS.);
#6997 = CARTESIAN_POINT('',(0.,0.));
#6998 = CARTESIAN_POINT('',(0.,0.142857142857));
#6999 = CARTESIAN_POINT('',(0.,0.285702826527));
#7000 = CARTESIAN_POINT('',(0.,0.428600674372));
#7001 = CARTESIAN_POINT('',(0.,0.571399325628));
#7002 = CARTESIAN_POINT('',(0.,0.714297173473));
#7003 = CARTESIAN_POINT('',(0.,0.857142857143));
#7004 = CARTESIAN_POINT('',(0.,1.));
#7005 = ( GEOMETRIC_REPRESENTATION_CONTEXT(2) 
PARAMETRIC_REPRESENTATION_CONTEXT() REPRESENTATION_CONTEXT('2D SPACE',''
  ) );
#7006 = ORIENTED_EDGE('',*,*,#4985,.F.);
#7007 = ADVANCED_FACE('',(#7008),#5055,.T.);
#7008 = FACE_BOUND('',#7009,.T.);
#7009 = EDGE_LOOP('',(#7010,#7011,#7012,#7129));
#7010 = ORIENTED_EDGE('',*,*,#5072,.T.);
#7011 = ORIENTED_EDGE('',*,*,#5316,.T.);
#7012 = ORIENTED_EDGE('',*,*,#7013,.F.);
#7013 = EDGE_CURVE('',#5014,#5317,#7014,.T.);
#7014 = SURFACE_CURVE('',#7015,(#7023,#7035),.PCURVE_S1.);
#7015 = B_SPLINE_CURVE_WITH_KNOTS('',6,(#7016,#7017,#7018,#7019,#7020,
    #7021,#7022),.UNSPECIFIED.,.F.,.F.,(7,7),(0.,1.),
  .PIECEWISE_BEZIER_KNOTS.);
#7016 = CARTESIAN_POINT('',(-2.22044604925E-16,24.,13.));
#7017 = CARTESIAN_POINT('',(8.287770469906E-16,23.833333333333,
    13.785398163397));
#7018 = CARTESIAN_POINT('',(0.246683058061,23.666666666667,
    14.570729502115));
#7019 = CARTESIAN_POINT('',(0.740429551079,23.5,15.259570448921));
#7020 = CARTESIAN_POINT('',(1.429270497885,23.333333333333,
    15.753316941939));
#7021 = CARTESIAN_POINT('',(2.214601836603,23.166666666667,16.));
#7022 = CARTESIAN_POINT('',(3.,23.,16.));
#7023 = PCURVE('',#5055,#7024);
#7024 = DEFINITIONAL_REPRESENTATION('',(#7025),#7034);
#7025 = B_SPLINE_CURVE_WITH_KNOTS('',7,(#7026,#7027,#7028,#7029,#7030,
    #7031,#7032,#7033),.UNSPECIFIED.,.F.,.F.,(8,8),(0.,1.),
  .PIECEWISE_BEZIER_KNOTS.);
#7026 = CARTESIAN_POINT('',(0.,5.));
#7027 = CARTESIAN_POINT('',(0.224399475256,4.857142857143));
#7028 = CARTESIAN_POINT('',(0.448780948517,4.714297174712));
#7029 = CARTESIAN_POINT('',(0.673244369879,4.5713993225));
#7030 = CARTESIAN_POINT('',(0.897551956916,4.4286006775));
#7031 = CARTESIAN_POINT('',(1.122015378278,4.285702825288));
#7032 = CARTESIAN_POINT('',(1.346396851538,4.142857142857));
#7033 = CARTESIAN_POINT('',(1.570796326795,4.));
#7034 = ( GEOMETRIC_REPRESENTATION_CONTEXT(2) 
PARAMETRIC_REPRESENTATION_CONTEXT() REPRESENTATION_CONTEXT('2D SPACE',''
  ) );
#7035 = PCURVE('',#7036,#7118);
#7036 = B_SPLINE_SURFACE_WITH_KNOTS('',8,8,(
    (#7037,#7038,#7039,#7040,#7041,#7042,#7043,#7044,#7045)
    ,(#7046,#7047,#7048,#7049,#7050,#7051,#7052,#7053,#7054)
    ,(#7055,#7056,#7057,#7058,#7059,#7060,#7061,#7062,#7063)
    ,(#7064,#7065,#7066,#7067,#7068,#7069,#7070,#7071,#7072)
    ,(#7073,#7074,#7075,#7076,#7077,#7078,#7079,#7080,#7081)
    ,(#7082,#7083,#7084,#7085,#7086,#7087,#7088,#7089,#7090)
    ,(#7091,#7092,#7093,#7094,#7095,#7096,#7097,#7098,#7099)
    ,(#7100,#7101,#7102,#7103,#7104,#7105,#7106,#7107,#7108)
    ,(#7109,#7110,#7111,#7112,#7113,#7114,#7115,#7116,#7117
  )),.UNSPECIFIED.,.F.,.F.,.F.,(9,9),(9,9),(0.,1.),(0.,1.),
  .PIECEWISE_BEZIER_KNOTS.);
#7037 = CARTESIAN_POINT('',(-4.440892098501E-16,24.,13.));
#7038 = CARTESIAN_POINT('',(-4.343076733752E-16,23.875,13.589048622548)
  );
#7039 = CARTESIAN_POINT('',(0.132182366884,23.75,14.178097430513));
#7040 = CARTESIAN_POINT('',(0.396545802386,23.625,14.732539703005));
#7041 = CARTESIAN_POINT('',(0.78222373266,23.499999999999,
    15.217776267339));
#7042 = CARTESIAN_POINT('',(1.267460296995,23.375,15.603454197615));
#7043 = CARTESIAN_POINT('',(1.821902569487,23.25,15.867817633116));
#7044 = CARTESIAN_POINT('',(2.410951377452,23.125,16.));
#7045 = CARTESIAN_POINT('',(3.,23.,16.));
#7046 = CARTESIAN_POINT('',(-4.440892098501E-16,24.392699067747,13.));
#7047 = CARTESIAN_POINT('',(-1.227184586708E-02,24.265486684278,
    13.589048622548));
#7048 = CARTESIAN_POINT('',(0.114752844658,24.121751504949,
    14.199079924142));
#7049 = CARTESIAN_POINT('',(0.395013511556,23.961493692044,
    14.782910556767));
#7050 = CARTESIAN_POINT('',(0.819462755572,23.78607156729,
    15.277807988076));
#7051 = CARTESIAN_POINT('',(1.325542941767,23.598204613281,
    15.639023974264));
#7052 = CARTESIAN_POINT('',(1.871833932736,23.40168694575,
    15.879912433894));
#7053 = CARTESIAN_POINT('',(2.43770745527,23.200843461287,16.));
#7054 = CARTESIAN_POINT('',(3.,23.,16.));
#7055 = CARTESIAN_POINT('',(8.812156967704E-02,24.785398321701,13.));
#7056 = CARTESIAN_POINT('',(5.558965993597E-02,24.684542314524,
    13.589048622548));
#7057 = CARTESIAN_POINT('',(0.238788275313,24.598162303188,
    14.214067419592));
#7058 = CARTESIAN_POINT('',(0.53855468042,24.417861117362,
    14.818889738025));
#7059 = CARTESIAN_POINT('',(0.979711966464,24.181161610545,
    15.320687788602));
#7060 = CARTESIAN_POINT('',(1.480180449569,23.907980844105,
    15.664430957585));
#7061 = CARTESIAN_POINT('',(1.99360355568,23.613424746562,
    15.888551577307));
#7062 = CARTESIAN_POINT('',(2.543516941033,23.341715363813,16.));
#7063 = CARTESIAN_POINT('',(3.,23.,16.));
#7064 = CARTESIAN_POINT('',(0.264363897068,25.155026422385,13.));
#7065 = CARTESIAN_POINT('',(0.227495951688,25.105678167195,
    13.589048622548));
#7066 = CARTESIAN_POINT('',(0.385229566105,25.003828077327,
    14.223059916862));
#7067 = CARTESIAN_POINT('',(0.670868292037,24.784339850308,
    14.84047724678));
#7068 = CARTESIAN_POINT('',(1.095206634989,24.474736272454,
    15.346415668918));
#7069 = CARTESIAN_POINT('',(1.574731872568,24.119515132315,
    15.679675147578));
#7070 = CARTESIAN_POINT('',(2.062268468283,23.746694334718,
    15.893735063355));
#7071 = CARTESIAN_POINT('',(2.5690186783,23.388254551138,16.));
#7072 = CARTESIAN_POINT('',(3.,23.,16.));
#7073 = CARTESIAN_POINT('',(0.52148244337,25.478517556629,
    13.000000000001));
#7074 = CARTESIAN_POINT('',(0.514126825069,25.48587317493,
    13.589048622549));
#7075 = CARTESIAN_POINT('',(0.640653771774,25.359346228226,
    14.226057415952));
#7076 = CARTESIAN_POINT('',(0.897513225056,25.102486774944,
    14.847673083032));
#7077 = CARTESIAN_POINT('',(1.275176401901,24.724823598099,
    15.354991629024));
#7078 = CARTESIAN_POINT('',(1.704689779896,24.295310220104,
    15.684756544242));
#7079 = CARTESIAN_POINT('',(2.14555550927,23.85444449073,15.895462892037
    ));
#7080 = CARTESIAN_POINT('',(2.586875821905,23.413124178095,16.));
#7081 = CARTESIAN_POINT('',(3.,23.,16.));
#7082 = CARTESIAN_POINT('',(0.844973577616,25.735636102932,13.));
#7083 = CARTESIAN_POINT('',(0.894321832805,25.772504048312,
    13.589048622548));
#7084 = CARTESIAN_POINT('',(0.996171922674,25.614770433896,
    14.223059916862));
#7085 = CARTESIAN_POINT('',(1.215660149693,25.329131707963,
    14.84047724678));
#7086 = CARTESIAN_POINT('',(1.525263727546,24.904793365011,
    15.346415668918));
#7087 = CARTESIAN_POINT('',(1.880484867686,24.425268127432,
    15.679675147578));
#7088 = CARTESIAN_POINT('',(2.253305665282,23.937731531717,
    15.893735063355));
#7089 = CARTESIAN_POINT('',(2.611745448862,23.4309813217,16.));
#7090 = CARTESIAN_POINT('',(3.,23.,16.));
#7091 = CARTESIAN_POINT('',(1.214601678298,25.911878430323,13.));
#7092 = CARTESIAN_POINT('',(1.315457685475,25.944410340064,
    13.589048622548));
#7093 = CARTESIAN_POINT('',(1.401837696811,25.761211724687,
    14.214067419592));
#7094 = CARTESIAN_POINT('',(1.582138882638,25.46144531958,
    14.818889738025));
#7095 = CARTESIAN_POINT('',(1.818838389454,25.020288033536,
    15.320687788602));
#7096 = CARTESIAN_POINT('',(2.092019155895,24.519819550431,
    15.664430957585));
#7097 = CARTESIAN_POINT('',(2.386575253438,24.00639644432,
    15.888551577307));
#7098 = CARTESIAN_POINT('',(2.658284636187,23.456483058967,16.));
#7099 = CARTESIAN_POINT('',(3.,23.,16.));
#7100 = CARTESIAN_POINT('',(1.607300932253,26.,13.));
#7101 = CARTESIAN_POINT('',(1.734513315722,26.012271845867,
    13.589048622548));
#7102 = CARTESIAN_POINT('',(1.878248495051,25.885247155342,
    14.199079924142));
#7103 = CARTESIAN_POINT('',(2.038506307957,25.604986488444,
    14.782910556767));
#7104 = CARTESIAN_POINT('',(2.213928432709,25.180537244428,
    15.277807988076));
#7105 = CARTESIAN_POINT('',(2.401795386719,24.674457058233,
    15.639023974264));
#7106 = CARTESIAN_POINT('',(2.598313054249,24.128166067264,
    15.879912433894));
#7107 = CARTESIAN_POINT('',(2.799156538713,23.56229254473,16.));
#7108 = CARTESIAN_POINT('',(3.,23.,16.));
#7109 = CARTESIAN_POINT('',(2.,26.,13.));
#7110 = CARTESIAN_POINT('',(2.125,26.,13.589048622548));
#7111 = CARTESIAN_POINT('',(2.25,25.867817633117,14.178097430513));
#7112 = CARTESIAN_POINT('',(2.375,25.603454197614,14.732539703005));
#7113 = CARTESIAN_POINT('',(2.5,25.21777626734,15.217776267339));
#7114 = CARTESIAN_POINT('',(2.625,24.732539703005,15.603454197615));
#7115 = CARTESIAN_POINT('',(2.75,24.178097430513,15.867817633116));
#7116 = CARTESIAN_POINT('',(2.875,23.589048622548,16.));
#7117 = CARTESIAN_POINT('',(3.,23.,16.));
#7118 = DEFINITIONAL_REPRESENTATION('',(#7119),#7128);
#7119 = B_SPLINE_CURVE_WITH_KNOTS('',7,(#7120,#7121,#7122,#7123,#7124,
    #7125,#7126,#7127),.UNSPECIFIED.,.F.,.F.,(8,8),(0.,1.),
  .PIECEWISE_BEZIER_KNOTS.);
#7120 = CARTESIAN_POINT('',(0.,0.));
#7121 = CARTESIAN_POINT('',(0.,0.142857142857));
#7122 = CARTESIAN_POINT('',(0.,0.285702826527));
#7123 = CARTESIAN_POINT('',(0.,0.428600674372));
#7124 = CARTESIAN_POINT('',(0.,0.571399325628));
#7125 = CARTESIAN_POINT('',(0.,0.714297173473));
#7126 = CARTESIAN_POINT('',(0.,0.857142857143));
#7127 = CARTESIAN_POINT('',(0.,1.));
#7128 = ( GEOMETRIC_REPRESENTATION_CONTEXT(2) 
PARAMETRIC_REPRESENTATION_CONTEXT() REPRESENTATION_CONTEXT('2D SPACE',''
  ) );
#7129 = ORIENTED_EDGE('',*,*,#5041,.F.);
#7130 = ADVANCED_FACE('',(#7131),#5029,.T.);
#7131 = FACE_BOUND('',#7132,.F.);
#7132 = EDGE_LOOP('',(#7133,#7134,#7166,#7194));
#7133 = ORIENTED_EDGE('',*,*,#5013,.F.);
#7134 = ORIENTED_EDGE('',*,*,#7135,.T.);
#7135 = EDGE_CURVE('',#4986,#7136,#7138,.T.);
#7136 = VERTEX_POINT('',#7137);
#7137 = CARTESIAN_POINT('',(2.,26.,-13.));
#7138 = SURFACE_CURVE('',#7139,(#7149,#7159),.PCURVE_S1.);
#7139 = B_SPLINE_CURVE_WITH_KNOTS('',8,(#7140,#7141,#7142,#7143,#7144,
    #7145,#7146,#7147,#7148),.UNSPECIFIED.,.F.,.F.,(9,9),(0.,1.),
  .PIECEWISE_BEZIER_KNOTS.);
#7140 = CARTESIAN_POINT('',(-4.440892098501E-16,24.,-13.));
#7141 = CARTESIAN_POINT('',(-4.579669976579E-16,24.392699067747,-13.));
#7142 = CARTESIAN_POINT('',(8.812156967704E-02,24.785398321701,-13.));
#7143 = CARTESIAN_POINT('',(0.264363897068,25.155026422385,-13.));
#7144 = CARTESIAN_POINT('',(0.52148244337,25.478517556629,-13.));
#7145 = CARTESIAN_POINT('',(0.844973577616,25.735636102932,-13.));
#7146 = CARTESIAN_POINT('',(1.214601678298,25.911878430323,-13.));
#7147 = CARTESIAN_POINT('',(1.607300932253,26.,-13.));
#7148 = CARTESIAN_POINT('',(2.,26.,-13.));
#7149 = PCURVE('',#5029,#7150);
#7150 = DEFINITIONAL_REPRESENTATION('',(#7151),#7158);
#7151 = B_SPLINE_CURVE_WITH_KNOTS('',5,(#7152,#7153,#7154,#7155,#7156,
    #7157),.UNSPECIFIED.,.F.,.F.,(6,6),(0.,1.),
  .PIECEWISE_BEZIER_KNOTS.);
#7152 = CARTESIAN_POINT('',(0.,3.));
#7153 = CARTESIAN_POINT('',(-0.314159254197,3.));
#7154 = CARTESIAN_POINT('',(-0.628318592448,3.));
#7155 = CARTESIAN_POINT('',(-0.942477734347,3.));
#7156 = CARTESIAN_POINT('',(-1.256637072598,3.));
#7157 = CARTESIAN_POINT('',(-1.570796326795,3.));
#7158 = ( GEOMETRIC_REPRESENTATION_CONTEXT(2) 
PARAMETRIC_REPRESENTATION_CONTEXT() REPRESENTATION_CONTEXT('2D SPACE',''
  ) );
#7159 = PCURVE('',#6913,#7160);
#7160 = DEFINITIONAL_REPRESENTATION('',(#7161),#7165);
#7161 = LINE('',#7162,#7163);
#7162 = CARTESIAN_POINT('',(0.,0.));
#7163 = VECTOR('',#7164,1.);
#7164 = DIRECTION('',(1.,0.));
#7165 = ( GEOMETRIC_REPRESENTATION_CONTEXT(2) 
PARAMETRIC_REPRESENTATION_CONTEXT() REPRESENTATION_CONTEXT('2D SPACE',''
  ) );
#7166 = ORIENTED_EDGE('',*,*,#7167,.T.);
#7167 = EDGE_CURVE('',#7136,#7168,#7170,.T.);
#7168 = VERTEX_POINT('',#7169);
#7169 = CARTESIAN_POINT('',(2.,26.,13.));
#7170 = SURFACE_CURVE('',#7171,(#7175,#7182),.PCURVE_S1.);
#7171 = LINE('',#7172,#7173);
#7172 = CARTESIAN_POINT('',(2.,26.,-16.));
#7173 = VECTOR('',#7174,1.);
#7174 = DIRECTION('',(0.,0.,1.));
#7175 = PCURVE('',#5029,#7176);
#7176 = DEFINITIONAL_REPRESENTATION('',(#7177),#7181);
#7177 = LINE('',#7178,#7179);
#7178 = CARTESIAN_POINT('',(-1.570796326795,0.));
#7179 = VECTOR('',#7180,1.);
#7180 = DIRECTION('',(-0.,1.));
#7181 = ( GEOMETRIC_REPRESENTATION_CONTEXT(2) 
PARAMETRIC_REPRESENTATION_CONTEXT() REPRESENTATION_CONTEXT('2D SPACE',''
  ) );
#7182 = PCURVE('',#7183,#7188);
#7183 = PLANE('',#7184);
#7184 = AXIS2_PLACEMENT_3D('',#7185,#7186,#7187);
#7185 = CARTESIAN_POINT('',(0.,26.,-16.));
#7186 = DIRECTION('',(0.,1.,0.));
#7187 = DIRECTION('',(0.,0.,1.));
#7188 = DEFINITIONAL_REPRESENTATION('',(#7189),#7193);
#7189 = LINE('',#7190,#7191);
#7190 = CARTESIAN_POINT('',(0.,2.));
#7191 = VECTOR('',#7192,1.);
#7192 = DIRECTION('',(1.,0.));
#7193 = ( GEOMETRIC_REPRESENTATION_CONTEXT(2) 
PARAMETRIC_REPRESENTATION_CONTEXT() REPRESENTATION_CONTEXT('2D SPACE',''
  ) );
#7194 = ORIENTED_EDGE('',*,*,#7195,.F.);
#7195 = EDGE_CURVE('',#5014,#7168,#7196,.T.);
#7196 = SURFACE_CURVE('',#7197,(#7207,#7217),.PCURVE_S1.);
#7197 = B_SPLINE_CURVE_WITH_KNOTS('',8,(#7198,#7199,#7200,#7201,#7202,
    #7203,#7204,#7205,#7206),.UNSPECIFIED.,.F.,.F.,(9,9),(0.,1.),
  .PIECEWISE_BEZIER_KNOTS.);
#7198 = CARTESIAN_POINT('',(-4.440892098501E-16,24.,13.));
#7199 = CARTESIAN_POINT('',(-4.440892098501E-16,24.392699067747,13.));
#7200 = CARTESIAN_POINT('',(8.812156967704E-02,24.785398321701,13.));
#7201 = CARTESIAN_POINT('',(0.264363897068,25.155026422385,13.));
#7202 = CARTESIAN_POINT('',(0.52148244337,25.478517556629,
    13.000000000001));
#7203 = CARTESIAN_POINT('',(0.844973577616,25.735636102932,13.));
#7204 = CARTESIAN_POINT('',(1.214601678298,25.911878430323,13.));
#7205 = CARTESIAN_POINT('',(1.607300932253,26.,13.));
#7206 = CARTESIAN_POINT('',(2.,26.,13.));
#7207 = PCURVE('',#5029,#7208);
#7208 = DEFINITIONAL_REPRESENTATION('',(#7209),#7216);
#7209 = B_SPLINE_CURVE_WITH_KNOTS('',5,(#7210,#7211,#7212,#7213,#7214,
    #7215),.UNSPECIFIED.,.F.,.F.,(6,6),(0.,1.),
  .PIECEWISE_BEZIER_KNOTS.);
#7210 = CARTESIAN_POINT('',(0.,29.));
#7211 = CARTESIAN_POINT('',(-0.314159254197,29.));
#7212 = CARTESIAN_POINT('',(-0.628318592448,29.));
#7213 = CARTESIAN_POINT('',(-0.942477734347,29.));
#7214 = CARTESIAN_POINT('',(-1.256637072598,29.));
#7215 = CARTESIAN_POINT('',(-1.570796326795,29.));
#7216 = ( GEOMETRIC_REPRESENTATION_CONTEXT(2) 
PARAMETRIC_REPRESENTATION_CONTEXT() REPRESENTATION_CONTEXT('2D SPACE',''
  ) );
#7217 = PCURVE('',#7036,#7218);
#7218 = DEFINITIONAL_REPRESENTATION('',(#7219),#7223);
#7219 = LINE('',#7220,#7221);
#7220 = CARTESIAN_POINT('',(0.,0.));
#7221 = VECTOR('',#7222,1.);
#7222 = DIRECTION('',(1.,0.));
#7223 = ( GEOMETRIC_REPRESENTATION_CONTEXT(2) 
PARAMETRIC_REPRESENTATION_CONTEXT() REPRESENTATION_CONTEXT('2D SPACE',''
  ) );
#7224 = ADVANCED_FACE('',(#7225),#5167,.T.);
#7225 = FACE_BOUND('',#7226,.F.);
#7226 = EDGE_LOOP('',(#7227,#7334,#7335,#7336));
#7227 = ORIENTED_EDGE('',*,*,#7228,.T.);
#7228 = EDGE_CURVE('',#5152,#6761,#7229,.T.);
#7229 = SURFACE_CURVE('',#7230,(#7240,#7246),.PCURVE_S1.);
#7230 = B_SPLINE_CURVE_WITH_KNOTS('',8,(#7231,#7232,#7233,#7234,#7235,
    #7236,#7237,#7238,#7239),.UNSPECIFIED.,.F.,.F.,(9,9),(0.,1.),
  .PIECEWISE_BEZIER_KNOTS.);
#7231 = CARTESIAN_POINT('',(26.,24.,-13.));
#7232 = CARTESIAN_POINT('',(26.,23.875,-13.58904862254));
#7233 = CARTESIAN_POINT('',(25.867817633116,23.75,-14.17809743051));
#7234 = CARTESIAN_POINT('',(25.603454197615,23.625,-14.732539703));
#7235 = CARTESIAN_POINT('',(25.217776267339,23.5,-15.21777626734));
#7236 = CARTESIAN_POINT('',(24.732539703005,23.375,-15.60345419761));
#7237 = CARTESIAN_POINT('',(24.178097430513,23.25,-15.86781763311));
#7238 = CARTESIAN_POINT('',(23.589048622548,23.125,-16.));
#7239 = CARTESIAN_POINT('',(23.,23.,-16.));
#7240 = PCURVE('',#5167,#7241);
#7241 = DEFINITIONAL_REPRESENTATION('',(#7242),#7245);
#7242 = B_SPLINE_CURVE_WITH_KNOTS('',1,(#7243,#7244),.UNSPECIFIED.,.F.,
  .F.,(2,2),(0.,1.),.PIECEWISE_BEZIER_KNOTS.);
#7243 = CARTESIAN_POINT('',(0.,0.));
#7244 = CARTESIAN_POINT('',(-1.570796326795,1.));
#7245 = ( GEOMETRIC_REPRESENTATION_CONTEXT(2) 
PARAMETRIC_REPRESENTATION_CONTEXT() REPRESENTATION_CONTEXT('2D SPACE',''
  ) );
#7246 = PCURVE('',#7247,#7329);
#7247 = B_SPLINE_SURFACE_WITH_KNOTS('',8,8,(
    (#7248,#7249,#7250,#7251,#7252,#7253,#7254,#7255,#7256)
    ,(#7257,#7258,#7259,#7260,#7261,#7262,#7263,#7264,#7265)
    ,(#7266,#7267,#7268,#7269,#7270,#7271,#7272,#7273,#7274)
    ,(#7275,#7276,#7277,#7278,#7279,#7280,#7281,#7282,#7283)
    ,(#7284,#7285,#7286,#7287,#7288,#7289,#7290,#7291,#7292)
    ,(#7293,#7294,#7295,#7296,#7297,#7298,#7299,#7300,#7301)
    ,(#7302,#7303,#7304,#7305,#7306,#7307,#7308,#7309,#7310)
    ,(#7311,#7312,#7313,#7314,#7315,#7316,#7317,#7318,#7319)
    ,(#7320,#7321,#7322,#7323,#7324,#7325,#7326,#7327,#7328
  )),.UNSPECIFIED.,.F.,.F.,.F.,(9,9),(9,9),(0.,1.),(0.,1.),
  .PIECEWISE_BEZIER_KNOTS.);
#7248 = CARTESIAN_POINT('',(24.,26.,-13.));
#7249 = CARTESIAN_POINT('',(23.875,26.,-13.58904862254));
#7250 = CARTESIAN_POINT('',(23.75,25.867817633116,-14.17809743051));
#7251 = CARTESIAN_POINT('',(23.625,25.603454197614,-14.732539703));
#7252 = CARTESIAN_POINT('',(23.5,25.217776267339,-15.21777626734));
#7253 = CARTESIAN_POINT('',(23.375,24.732539703005,-15.60345419761));
#7254 = CARTESIAN_POINT('',(23.25,24.178097430513,-15.86781763311));
#7255 = CARTESIAN_POINT('',(23.125,23.589048622548,-16.));
#7256 = CARTESIAN_POINT('',(23.,23.,-16.));
#7257 = CARTESIAN_POINT('',(24.392699067747,26.,-13.));
#7258 = CARTESIAN_POINT('',(24.265486684278,26.012271845867,
    -13.58904862254));
#7259 = CARTESIAN_POINT('',(24.12175150495,25.885247155341,
    -14.19907992414));
#7260 = CARTESIAN_POINT('',(23.961493692043,25.604986488445,
    -14.78291055676));
#7261 = CARTESIAN_POINT('',(23.786071567291,25.180537244427,
    -15.27780798807));
#7262 = CARTESIAN_POINT('',(23.598204613281,24.674457058233,
    -15.63902397426));
#7263 = CARTESIAN_POINT('',(23.401686945751,24.128166067264,
    -15.87991243389));
#7264 = CARTESIAN_POINT('',(23.200843461287,23.56229254473,-16.));
#7265 = CARTESIAN_POINT('',(23.,23.,-16.));
#7266 = CARTESIAN_POINT('',(24.785398321701,25.911878430323,-13.));
#7267 = CARTESIAN_POINT('',(24.684542314524,25.944410340064,
    -13.58904862254));
#7268 = CARTESIAN_POINT('',(24.598162303188,25.761211724686,
    -14.21406741959));
#7269 = CARTESIAN_POINT('',(24.417861117362,25.46144531958,
    -14.81888973802));
#7270 = CARTESIAN_POINT('',(24.181161610546,25.020288033536,
    -15.3206877886));
#7271 = CARTESIAN_POINT('',(23.907980844105,24.519819550431,
    -15.66443095758));
#7272 = CARTESIAN_POINT('',(23.613424746562,24.00639644432,
    -15.8885515773));
#7273 = CARTESIAN_POINT('',(23.341715363813,23.456483058967,-16.));
#7274 = CARTESIAN_POINT('',(23.,23.,-16.));
#7275 = CARTESIAN_POINT('',(25.155026422385,25.735636102932,-13.));
#7276 = CARTESIAN_POINT('',(25.105678167195,25.772504048312,
    -13.58904862254));
#7277 = CARTESIAN_POINT('',(25.003828077327,25.614770433896,
    -14.22305991686));
#7278 = CARTESIAN_POINT('',(24.784339850308,25.329131707963,
    -14.84047724678));
#7279 = CARTESIAN_POINT('',(24.474736272454,24.90479336501,
    -15.34641566891));
#7280 = CARTESIAN_POINT('',(24.119515132315,24.425268127432,
    -15.67967514757));
#7281 = CARTESIAN_POINT('',(23.746694334719,23.937731531717,
    -15.89373506335));
#7282 = CARTESIAN_POINT('',(23.388254551138,23.4309813217,-16.));
#7283 = CARTESIAN_POINT('',(23.,23.,-16.));
#7284 = CARTESIAN_POINT('',(25.478517556629,25.478517556629,-13.));
#7285 = CARTESIAN_POINT('',(25.48587317493,25.48587317493,
    -13.58904862254));
#7286 = CARTESIAN_POINT('',(25.359346228225,25.359346228225,
    -14.22605741595));
#7287 = CARTESIAN_POINT('',(25.102486774944,25.102486774944,
    -14.84767308303));
#7288 = CARTESIAN_POINT('',(24.724823598099,24.724823598099,
    -15.35499162902));
#7289 = CARTESIAN_POINT('',(24.295310220103,24.295310220103,
    -15.68475654424));
#7290 = CARTESIAN_POINT('',(23.85444449073,23.85444449073,
    -15.89546289203));
#7291 = CARTESIAN_POINT('',(23.413124178095,23.413124178095,-16.));
#7292 = CARTESIAN_POINT('',(23.,23.,-16.));
#7293 = CARTESIAN_POINT('',(25.735636102932,25.155026422385,-13.));
#7294 = CARTESIAN_POINT('',(25.772504048312,25.105678167195,
    -13.58904862254));
#7295 = CARTESIAN_POINT('',(25.614770433896,25.003828077327,
    -14.22305991686));
#7296 = CARTESIAN_POINT('',(25.329131707963,24.784339850308,
    -14.84047724678));
#7297 = CARTESIAN_POINT('',(24.904793365011,24.474736272454,
    -15.34641566891));
#7298 = CARTESIAN_POINT('',(24.425268127432,24.119515132315,
    -15.67967514757));
#7299 = CARTESIAN_POINT('',(23.937731531717,23.746694334718,
    -15.89373506335));
#7300 = CARTESIAN_POINT('',(23.4309813217,23.388254551138,-16.));
#7301 = CARTESIAN_POINT('',(23.,23.,-16.));
#7302 = CARTESIAN_POINT('',(25.911878430323,24.785398321701,-13.));
#7303 = CARTESIAN_POINT('',(25.944410340064,24.684542314524,
    -13.58904862254));
#7304 = CARTESIAN_POINT('',(25.761211724686,24.598162303188,
    -14.21406741959));
#7305 = CARTESIAN_POINT('',(25.46144531958,24.417861117362,
    -14.81888973802));
#7306 = CARTESIAN_POINT('',(25.020288033536,24.181161610546,
    -15.3206877886));
#7307 = CARTESIAN_POINT('',(24.519819550431,23.907980844105,
    -15.66443095758));
#7308 = CARTESIAN_POINT('',(24.00639644432,23.613424746562,
    -15.8885515773));
#7309 = CARTESIAN_POINT('',(23.456483058967,23.341715363813,-16.));
#7310 = CARTESIAN_POINT('',(23.,23.,-16.));
#7311 = CARTESIAN_POINT('',(26.,24.392699067747,-13.));
#7312 = CARTESIAN_POINT('',(26.012271845867,24.265486684278,
    -13.58904862254));
#7313 = CARTESIAN_POINT('',(25.885247155341,24.12175150495,
    -14.19907992414));
#7314 = CARTESIAN_POINT('',(25.604986488445,23.961493692043,
    -14.78291055676));
#7315 = CARTESIAN_POINT('',(25.180537244427,23.786071567291,
    -15.27780798807));
#7316 = CARTESIAN_POINT('',(24.674457058233,23.598204613281,
    -15.63902397426));
#7317 = CARTESIAN_POINT('',(24.128166067264,23.401686945751,
    -15.87991243389));
#7318 = CARTESIAN_POINT('',(23.56229254473,23.200843461287,-16.));
#7319 = CARTESIAN_POINT('',(23.,23.,-16.));
#7320 = CARTESIAN_POINT('',(26.,24.,-13.));
#7321 = CARTESIAN_POINT('',(26.,23.875,-13.58904862254));
#7322 = CARTESIAN_POINT('',(25.867817633116,23.75,-14.17809743051));
#7323 = CARTESIAN_POINT('',(25.603454197615,23.625,-14.732539703));
#7324 = CARTESIAN_POINT('',(25.217776267339,23.5,-15.21777626734));
#7325 = CARTESIAN_POINT('',(24.732539703005,23.375,-15.60345419761));
#7326 = CARTESIAN_POINT('',(24.178097430513,23.25,-15.86781763311));
#7327 = CARTESIAN_POINT('',(23.589048622548,23.125,-16.));
#7328 = CARTESIAN_POINT('',(23.,23.,-16.));
#7329 = DEFINITIONAL_REPRESENTATION('',(#7330),#7333);
#7330 = B_SPLINE_CURVE_WITH_KNOTS('',1,(#7331,#7332),.UNSPECIFIED.,.F.,
  .F.,(2,2),(0.,1.),.PIECEWISE_BEZIER_KNOTS.);
#7331 = CARTESIAN_POINT('',(1.,0.));
#7332 = CARTESIAN_POINT('',(1.,1.));
#7333 = ( GEOMETRIC_REPRESENTATION_CONTEXT(2) 
PARAMETRIC_REPRESENTATION_CONTEXT() REPRESENTATION_CONTEXT('2D SPACE',''
  ) );
#7334 = ORIENTED_EDGE('',*,*,#6760,.T.);
#7335 = ORIENTED_EDGE('',*,*,#5236,.F.);
#7336 = ORIENTED_EDGE('',*,*,#5151,.F.);
#7337 = ADVANCED_FACE('',(#7338),#5221,.T.);
#7338 = FACE_BOUND('',#7339,.T.);
#7339 = EDGE_LOOP('',(#7340,#7447,#7448,#7449));
#7340 = ORIENTED_EDGE('',*,*,#7341,.T.);
#7341 = EDGE_CURVE('',#5180,#5341,#7342,.T.);
#7342 = SURFACE_CURVE('',#7343,(#7353,#7359),.PCURVE_S1.);
#7343 = B_SPLINE_CURVE_WITH_KNOTS('',8,(#7344,#7345,#7346,#7347,#7348,
    #7349,#7350,#7351,#7352),.UNSPECIFIED.,.F.,.F.,(9,9),(0.,1.),
  .PIECEWISE_BEZIER_KNOTS.);
#7344 = CARTESIAN_POINT('',(26.,24.,13.));
#7345 = CARTESIAN_POINT('',(26.,23.875,13.589048622548));
#7346 = CARTESIAN_POINT('',(25.867817633116,23.75,14.178097430513));
#7347 = CARTESIAN_POINT('',(25.603454197615,23.625,14.732539703005));
#7348 = CARTESIAN_POINT('',(25.217776267339,23.5,15.21777626734));
#7349 = CARTESIAN_POINT('',(24.732539703005,23.375,15.603454197614));
#7350 = CARTESIAN_POINT('',(24.178097430513,23.25,15.867817633116));
#7351 = CARTESIAN_POINT('',(23.589048622548,23.125,16.));
#7352 = CARTESIAN_POINT('',(23.,23.,16.));
#7353 = PCURVE('',#5221,#7354);
#7354 = DEFINITIONAL_REPRESENTATION('',(#7355),#7358);
#7355 = B_SPLINE_CURVE_WITH_KNOTS('',1,(#7356,#7357),.UNSPECIFIED.,.F.,
  .F.,(2,2),(0.,1.),.PIECEWISE_BEZIER_KNOTS.);
#7356 = CARTESIAN_POINT('',(0.,0.));
#7357 = CARTESIAN_POINT('',(1.570796326795,1.));
#7358 = ( GEOMETRIC_REPRESENTATION_CONTEXT(2) 
PARAMETRIC_REPRESENTATION_CONTEXT() REPRESENTATION_CONTEXT('2D SPACE',''
  ) );
#7359 = PCURVE('',#7360,#7442);
#7360 = B_SPLINE_SURFACE_WITH_KNOTS('',8,8,(
    (#7361,#7362,#7363,#7364,#7365,#7366,#7367,#7368,#7369)
    ,(#7370,#7371,#7372,#7373,#7374,#7375,#7376,#7377,#7378)
    ,(#7379,#7380,#7381,#7382,#7383,#7384,#7385,#7386,#7387)
    ,(#7388,#7389,#7390,#7391,#7392,#7393,#7394,#7395,#7396)
    ,(#7397,#7398,#7399,#7400,#7401,#7402,#7403,#7404,#7405)
    ,(#7406,#7407,#7408,#7409,#7410,#7411,#7412,#7413,#7414)
    ,(#7415,#7416,#7417,#7418,#7419,#7420,#7421,#7422,#7423)
    ,(#7424,#7425,#7426,#7427,#7428,#7429,#7430,#7431,#7432)
    ,(#7433,#7434,#7435,#7436,#7437,#7438,#7439,#7440,#7441
  )),.UNSPECIFIED.,.F.,.F.,.F.,(9,9),(9,9),(0.,1.),(0.,1.),
  .PIECEWISE_BEZIER_KNOTS.);
#7361 = CARTESIAN_POINT('',(24.,26.,13.));
#7362 = CARTESIAN_POINT('',(23.875,26.,13.589048622548));
#7363 = CARTESIAN_POINT('',(23.75,25.867817633116,14.178097430513));
#7364 = CARTESIAN_POINT('',(23.625,25.603454197614,14.732539703005));
#7365 = CARTESIAN_POINT('',(23.5,25.217776267339,15.21777626734));
#7366 = CARTESIAN_POINT('',(23.375,24.732539703005,15.603454197614));
#7367 = CARTESIAN_POINT('',(23.25,24.178097430513,15.867817633116));
#7368 = CARTESIAN_POINT('',(23.125,23.589048622548,16.));
#7369 = CARTESIAN_POINT('',(23.,23.,16.));
#7370 = CARTESIAN_POINT('',(24.392699067747,26.,13.));
#7371 = CARTESIAN_POINT('',(24.265486684278,26.012271845867,
    13.589048622548));
#7372 = CARTESIAN_POINT('',(24.12175150495,25.885247155341,
    14.199079924142));
#7373 = CARTESIAN_POINT('',(23.961493692043,25.604986488445,
    14.782910556767));
#7374 = CARTESIAN_POINT('',(23.786071567291,25.180537244427,
    15.277807988076));
#7375 = CARTESIAN_POINT('',(23.598204613281,24.674457058233,
    15.639023974264));
#7376 = CARTESIAN_POINT('',(23.401686945751,24.128166067264,
    15.879912433894));
#7377 = CARTESIAN_POINT('',(23.200843461287,23.56229254473,16.));
#7378 = CARTESIAN_POINT('',(23.,23.,16.));
#7379 = CARTESIAN_POINT('',(24.785398321701,25.911878430323,13.));
#7380 = CARTESIAN_POINT('',(24.684542314524,25.944410340064,
    13.589048622548));
#7381 = CARTESIAN_POINT('',(24.598162303188,25.761211724686,
    14.214067419592));
#7382 = CARTESIAN_POINT('',(24.417861117362,25.46144531958,
    14.818889738025));
#7383 = CARTESIAN_POINT('',(24.181161610546,25.020288033536,
    15.320687788602));
#7384 = CARTESIAN_POINT('',(23.907980844105,24.519819550431,
    15.664430957585));
#7385 = CARTESIAN_POINT('',(23.613424746562,24.00639644432,
    15.888551577307));
#7386 = CARTESIAN_POINT('',(23.341715363813,23.456483058967,16.));
#7387 = CARTESIAN_POINT('',(23.,23.,16.));
#7388 = CARTESIAN_POINT('',(25.155026422385,25.735636102932,13.));
#7389 = CARTESIAN_POINT('',(25.105678167195,25.772504048312,
    13.589048622548));
#7390 = CARTESIAN_POINT('',(25.003828077327,25.614770433896,
    14.223059916862));
#7391 = CARTESIAN_POINT('',(24.784339850308,25.329131707963,
    14.84047724678));
#7392 = CARTESIAN_POINT('',(24.474736272454,24.90479336501,
    15.346415668918));
#7393 = CARTESIAN_POINT('',(24.119515132315,24.425268127432,
    15.679675147578));
#7394 = CARTESIAN_POINT('',(23.746694334719,23.937731531717,
    15.893735063355));
#7395 = CARTESIAN_POINT('',(23.388254551138,23.4309813217,16.));
#7396 = CARTESIAN_POINT('',(23.,23.,16.));
#7397 = CARTESIAN_POINT('',(25.478517556629,25.478517556629,13.));
#7398 = CARTESIAN_POINT('',(25.48587317493,25.48587317493,
    13.589048622548));
#7399 = CARTESIAN_POINT('',(25.359346228225,25.359346228225,
    14.226057415952));
#7400 = CARTESIAN_POINT('',(25.102486774944,25.102486774944,
    14.847673083032));
#7401 = CARTESIAN_POINT('',(24.724823598099,24.724823598099,
    15.354991629023));
#7402 = CARTESIAN_POINT('',(24.295310220103,24.295310220103,
    15.684756544242));
#7403 = CARTESIAN_POINT('',(23.85444449073,23.85444449073,
    15.895462892037));
#7404 = CARTESIAN_POINT('',(23.413124178095,23.413124178095,16.));
#7405 = CARTESIAN_POINT('',(23.,23.,16.));
#7406 = CARTESIAN_POINT('',(25.735636102932,25.155026422385,13.));
#7407 = CARTESIAN_POINT('',(25.772504048312,25.105678167195,
    13.589048622548));
#7408 = CARTESIAN_POINT('',(25.614770433896,25.003828077327,
    14.223059916862));
#7409 = CARTESIAN_POINT('',(25.329131707963,24.784339850308,
    14.84047724678));
#7410 = CARTESIAN_POINT('',(24.904793365011,24.474736272454,
    15.346415668918));
#7411 = CARTESIAN_POINT('',(24.425268127432,24.119515132315,
    15.679675147578));
#7412 = CARTESIAN_POINT('',(23.937731531717,23.746694334718,
    15.893735063355));
#7413 = CARTESIAN_POINT('',(23.4309813217,23.388254551138,16.));
#7414 = CARTESIAN_POINT('',(23.,23.,16.));
#7415 = CARTESIAN_POINT('',(25.911878430323,24.785398321701,13.));
#7416 = CARTESIAN_POINT('',(25.944410340064,24.684542314524,
    13.589048622548));
#7417 = CARTESIAN_POINT('',(25.761211724686,24.598162303188,
    14.214067419592));
#7418 = CARTESIAN_POINT('',(25.46144531958,24.417861117362,
    14.818889738025));
#7419 = CARTESIAN_POINT('',(25.020288033536,24.181161610546,
    15.320687788602));
#7420 = CARTESIAN_POINT('',(24.519819550431,23.907980844105,
    15.664430957585));
#7421 = CARTESIAN_POINT('',(24.00639644432,23.613424746562,
    15.888551577307));
#7422 = CARTESIAN_POINT('',(23.456483058967,23.341715363813,16.));
#7423 = CARTESIAN_POINT('',(23.,23.,16.));
#7424 = CARTESIAN_POINT('',(26.,24.392699067747,13.));
#7425 = CARTESIAN_POINT('',(26.012271845867,24.265486684278,
    13.589048622548));
#7426 = CARTESIAN_POINT('',(25.885247155341,24.12175150495,
    14.199079924142));
#7427 = CARTESIAN_POINT('',(25.604986488445,23.961493692043,
    14.782910556767));
#7428 = CARTESIAN_POINT('',(25.180537244427,23.786071567291,
    15.277807988076));
#7429 = CARTESIAN_POINT('',(24.674457058233,23.598204613281,
    15.639023974264));
#7430 = CARTESIAN_POINT('',(24.128166067264,23.401686945751,
    15.879912433894));
#7431 = CARTESIAN_POINT('',(23.56229254473,23.200843461287,16.));
#7432 = CARTESIAN_POINT('',(23.,23.,16.));
#7433 = CARTESIAN_POINT('',(26.,24.,13.));
#7434 = CARTESIAN_POINT('',(26.,23.875,13.589048622548));
#7435 = CARTESIAN_POINT('',(25.867817633116,23.75,14.178097430513));
#7436 = CARTESIAN_POINT('',(25.603454197615,23.625,14.732539703005));
#7437 = CARTESIAN_POINT('',(25.217776267339,23.5,15.21777626734));
#7438 = CARTESIAN_POINT('',(24.732539703005,23.375,15.603454197614));
#7439 = CARTESIAN_POINT('',(24.178097430513,23.25,15.867817633116));
#7440 = CARTESIAN_POINT('',(23.589048622548,23.125,16.));
#7441 = CARTESIAN_POINT('',(23.,23.,16.));
#7442 = DEFINITIONAL_REPRESENTATION('',(#7443),#7446);
#7443 = B_SPLINE_CURVE_WITH_KNOTS('',1,(#7444,#7445),.UNSPECIFIED.,.F.,
  .F.,(2,2),(0.,1.),.PIECEWISE_BEZIER_KNOTS.);
#7444 = CARTESIAN_POINT('',(1.,0.));
#7445 = CARTESIAN_POINT('',(1.,1.));
#7446 = ( GEOMETRIC_REPRESENTATION_CONTEXT(2) 
PARAMETRIC_REPRESENTATION_CONTEXT() REPRESENTATION_CONTEXT('2D SPACE',''
  ) );
#7447 = ORIENTED_EDGE('',*,*,#5340,.T.);
#7448 = ORIENTED_EDGE('',*,*,#5276,.F.);
#7449 = ORIENTED_EDGE('',*,*,#5207,.F.);
#7450 = ADVANCED_FACE('',(#7451),#5195,.T.);
#7451 = FACE_BOUND('',#7452,.T.);
#7452 = EDGE_LOOP('',(#7453,#7454,#7486,#7509));
#7453 = ORIENTED_EDGE('',*,*,#5179,.F.);
#7454 = ORIENTED_EDGE('',*,*,#7455,.F.);
#7455 = EDGE_CURVE('',#7456,#5152,#7458,.T.);
#7456 = VERTEX_POINT('',#7457);
#7457 = CARTESIAN_POINT('',(24.,26.,-13.));
#7458 = SURFACE_CURVE('',#7459,(#7469,#7479),.PCURVE_S1.);
#7459 = B_SPLINE_CURVE_WITH_KNOTS('',8,(#7460,#7461,#7462,#7463,#7464,
    #7465,#7466,#7467,#7468),.UNSPECIFIED.,.F.,.F.,(9,9),(0.,1.),
  .PIECEWISE_BEZIER_KNOTS.);
#7460 = CARTESIAN_POINT('',(24.,26.,-13.));
#7461 = CARTESIAN_POINT('',(24.392699067747,26.,-13.));
#7462 = CARTESIAN_POINT('',(24.785398321701,25.911878430323,-13.));
#7463 = CARTESIAN_POINT('',(25.155026422385,25.735636102932,-13.));
#7464 = CARTESIAN_POINT('',(25.478517556629,25.478517556629,-13.));
#7465 = CARTESIAN_POINT('',(25.735636102932,25.155026422385,-13.));
#7466 = CARTESIAN_POINT('',(25.911878430323,24.785398321701,-13.));
#7467 = CARTESIAN_POINT('',(26.,24.392699067747,-13.));
#7468 = CARTESIAN_POINT('',(26.,24.,-13.));
#7469 = PCURVE('',#5195,#7470);
#7470 = DEFINITIONAL_REPRESENTATION('',(#7471),#7478);
#7471 = B_SPLINE_CURVE_WITH_KNOTS('',5,(#7472,#7473,#7474,#7475,#7476,
    #7477),.UNSPECIFIED.,.F.,.F.,(6,6),(0.,1.),
  .PIECEWISE_BEZIER_KNOTS.);
#7472 = CARTESIAN_POINT('',(1.570796326795,3.));
#7473 = CARTESIAN_POINT('',(1.256637072598,3.));
#7474 = CARTESIAN_POINT('',(0.942477734347,3.));
#7475 = CARTESIAN_POINT('',(0.628318592448,3.));
#7476 = CARTESIAN_POINT('',(0.314159254197,3.));
#7477 = CARTESIAN_POINT('',(1.110223024625E-16,3.));
#7478 = ( GEOMETRIC_REPRESENTATION_CONTEXT(2) 
PARAMETRIC_REPRESENTATION_CONTEXT() REPRESENTATION_CONTEXT('2D SPACE',''
  ) );
#7479 = PCURVE('',#7247,#7480);
#7480 = DEFINITIONAL_REPRESENTATION('',(#7481),#7485);
#7481 = LINE('',#7482,#7483);
#7482 = CARTESIAN_POINT('',(0.,0.));
#7483 = VECTOR('',#7484,1.);
#7484 = DIRECTION('',(1.,0.));
#7485 = ( GEOMETRIC_REPRESENTATION_CONTEXT(2) 
PARAMETRIC_REPRESENTATION_CONTEXT() REPRESENTATION_CONTEXT('2D SPACE',''
  ) );
#7486 = ORIENTED_EDGE('',*,*,#7487,.T.);
#7487 = EDGE_CURVE('',#7456,#7488,#7490,.T.);
#7488 = VERTEX_POINT('',#7489);
#7489 = CARTESIAN_POINT('',(24.,26.,13.));
#7490 = SURFACE_CURVE('',#7491,(#7495,#7502),.PCURVE_S1.);
#7491 = LINE('',#7492,#7493);
#7492 = CARTESIAN_POINT('',(24.,26.,-16.));
#7493 = VECTOR('',#7494,1.);
#7494 = DIRECTION('',(0.,0.,1.));
#7495 = PCURVE('',#5195,#7496);
#7496 = DEFINITIONAL_REPRESENTATION('',(#7497),#7501);
#7497 = LINE('',#7498,#7499);
#7498 = CARTESIAN_POINT('',(1.570796326795,0.));
#7499 = VECTOR('',#7500,1.);
#7500 = DIRECTION('',(0.,1.));
#7501 = ( GEOMETRIC_REPRESENTATION_CONTEXT(2) 
PARAMETRIC_REPRESENTATION_CONTEXT() REPRESENTATION_CONTEXT('2D SPACE',''
  ) );
#7502 = PCURVE('',#7183,#7503);
#7503 = DEFINITIONAL_REPRESENTATION('',(#7504),#7508);
#7504 = LINE('',#7505,#7506);
#7505 = CARTESIAN_POINT('',(0.,24.));
#7506 = VECTOR('',#7507,1.);
#7507 = DIRECTION('',(1.,0.));
#7508 = ( GEOMETRIC_REPRESENTATION_CONTEXT(2) 
PARAMETRIC_REPRESENTATION_CONTEXT() REPRESENTATION_CONTEXT('2D SPACE',''
  ) );
#7509 = ORIENTED_EDGE('',*,*,#7510,.T.);
#7510 = EDGE_CURVE('',#7488,#5180,#7511,.T.);
#7511 = SURFACE_CURVE('',#7512,(#7522,#7532),.PCURVE_S1.);
#7512 = B_SPLINE_CURVE_WITH_KNOTS('',8,(#7513,#7514,#7515,#7516,#7517,
    #7518,#7519,#7520,#7521),.UNSPECIFIED.,.F.,.F.,(9,9),(0.,1.),
  .PIECEWISE_BEZIER_KNOTS.);
#7513 = CARTESIAN_POINT('',(24.,26.,13.));
#7514 = CARTESIAN_POINT('',(24.392699067747,26.,13.));
#7515 = CARTESIAN_POINT('',(24.785398321701,25.911878430323,13.));
#7516 = CARTESIAN_POINT('',(25.155026422385,25.735636102932,13.));
#7517 = CARTESIAN_POINT('',(25.478517556629,25.478517556629,13.));
#7518 = CARTESIAN_POINT('',(25.735636102932,25.155026422385,13.));
#7519 = CARTESIAN_POINT('',(25.911878430323,24.785398321701,13.));
#7520 = CARTESIAN_POINT('',(26.,24.392699067747,13.));
#7521 = CARTESIAN_POINT('',(26.,24.,13.));
#7522 = PCURVE('',#5195,#7523);
#7523 = DEFINITIONAL_REPRESENTATION('',(#7524),#7531);
#7524 = B_SPLINE_CURVE_WITH_KNOTS('',5,(#7525,#7526,#7527,#7528,#7529,
    #7530),.UNSPECIFIED.,.F.,.F.,(6,6),(0.,1.),
  .PIECEWISE_BEZIER_KNOTS.);
#7525 = CARTESIAN_POINT('',(1.570796326795,29.));
#7526 = CARTESIAN_POINT('',(1.256637072598,29.));
#7527 = CARTESIAN_POINT('',(0.942477734347,29.));
#7528 = CARTESIAN_POINT('',(0.628318592448,29.));
#7529 = CARTESIAN_POINT('',(0.314159254197,29.));
#7530 = CARTESIAN_POINT('',(1.110223024625E-16,29.));
#7531 = ( GEOMETRIC_REPRESENTATION_CONTEXT(2) 
PARAMETRIC_REPRESENTATION_CONTEXT() REPRESENTATION_CONTEXT('2D SPACE',''
  ) );
#7532 = PCURVE('',#7360,#7533);
#7533 = DEFINITIONAL_REPRESENTATION('',(#7534),#7538);
#7534 = LINE('',#7535,#7536);
#7535 = CARTESIAN_POINT('',(0.,0.));
#7536 = VECTOR('',#7537,1.);
#7537 = DIRECTION('',(1.,0.));
#7538 = ( GEOMETRIC_REPRESENTATION_CONTEXT(2) 
PARAMETRIC_REPRESENTATION_CONTEXT() REPRESENTATION_CONTEXT('2D SPACE',''
  ) );
#7539 = ADVANCED_FACE('',(#7540),#5377,.T.);
#7540 = FACE_BOUND('',#7541,.T.);
#7541 = EDGE_LOOP('',(#7542,#7567,#7568,#7603));
#7542 = ORIENTED_EDGE('',*,*,#7543,.T.);
#7543 = EDGE_CURVE('',#7168,#5317,#7544,.T.);
#7544 = SURFACE_CURVE('',#7545,(#7555,#7561),.PCURVE_S1.);
#7545 = B_SPLINE_CURVE_WITH_KNOTS('',8,(#7546,#7547,#7548,#7549,#7550,
    #7551,#7552,#7553,#7554),.UNSPECIFIED.,.F.,.F.,(9,9),(0.,1.),
  .PIECEWISE_BEZIER_KNOTS.);
#7546 = CARTESIAN_POINT('',(2.,26.,13.));
#7547 = CARTESIAN_POINT('',(2.125,26.,13.589048622548));
#7548 = CARTESIAN_POINT('',(2.25,25.867817633117,14.178097430513));
#7549 = CARTESIAN_POINT('',(2.375,25.603454197614,14.732539703005));
#7550 = CARTESIAN_POINT('',(2.5,25.21777626734,15.217776267339));
#7551 = CARTESIAN_POINT('',(2.625,24.732539703005,15.603454197615));
#7552 = CARTESIAN_POINT('',(2.75,24.178097430513,15.867817633116));
#7553 = CARTESIAN_POINT('',(2.875,23.589048622548,16.));
#7554 = CARTESIAN_POINT('',(3.,23.,16.));
#7555 = PCURVE('',#5377,#7556);
#7556 = DEFINITIONAL_REPRESENTATION('',(#7557),#7560);
#7557 = B_SPLINE_CURVE_WITH_KNOTS('',1,(#7558,#7559),.UNSPECIFIED.,.F.,
  .F.,(2,2),(0.,1.),.PIECEWISE_BEZIER_KNOTS.);
#7558 = CARTESIAN_POINT('',(0.,0.));
#7559 = CARTESIAN_POINT('',(1.570796326795,1.));
#7560 = ( GEOMETRIC_REPRESENTATION_CONTEXT(2) 
PARAMETRIC_REPRESENTATION_CONTEXT() REPRESENTATION_CONTEXT('2D SPACE',''
  ) );
#7561 = PCURVE('',#7036,#7562);
#7562 = DEFINITIONAL_REPRESENTATION('',(#7563),#7566);
#7563 = B_SPLINE_CURVE_WITH_KNOTS('',1,(#7564,#7565),.UNSPECIFIED.,.F.,
  .F.,(2,2),(0.,1.),.PIECEWISE_BEZIER_KNOTS.);
#7564 = CARTESIAN_POINT('',(1.,0.));
#7565 = CARTESIAN_POINT('',(1.,1.));
#7566 = ( GEOMETRIC_REPRESENTATION_CONTEXT(2) 
PARAMETRIC_REPRESENTATION_CONTEXT() REPRESENTATION_CONTEXT('2D SPACE',''
  ) );
#7567 = ORIENTED_EDGE('',*,*,#5363,.T.);
#7568 = ORIENTED_EDGE('',*,*,#7569,.F.);
#7569 = EDGE_CURVE('',#7488,#5341,#7570,.T.);
#7570 = SURFACE_CURVE('',#7571,(#7579,#7591),.PCURVE_S1.);
#7571 = B_SPLINE_CURVE_WITH_KNOTS('',6,(#7572,#7573,#7574,#7575,#7576,
    #7577,#7578),.UNSPECIFIED.,.F.,.F.,(7,7),(0.,1.),
  .PIECEWISE_BEZIER_KNOTS.);
#7572 = CARTESIAN_POINT('',(24.,26.,13.));
#7573 = CARTESIAN_POINT('',(23.833333333333,26.,13.785398163397));
#7574 = CARTESIAN_POINT('',(23.666666666667,25.753316941939,
    14.570729502115));
#7575 = CARTESIAN_POINT('',(23.5,25.259570448921,15.259570448921));
#7576 = CARTESIAN_POINT('',(23.333333333333,24.570729502115,
    15.753316941939));
#7577 = CARTESIAN_POINT('',(23.166666666667,23.785398163398,16.));
#7578 = CARTESIAN_POINT('',(23.,23.,16.));
#7579 = PCURVE('',#5377,#7580);
#7580 = DEFINITIONAL_REPRESENTATION('',(#7581),#7590);
#7581 = B_SPLINE_CURVE_WITH_KNOTS('',7,(#7582,#7583,#7584,#7585,#7586,
    #7587,#7588,#7589),.UNSPECIFIED.,.F.,.F.,(8,8),(0.,1.),
  .PIECEWISE_BEZIER_KNOTS.);
#7582 = CARTESIAN_POINT('',(2.22044604925E-16,22.));
#7583 = CARTESIAN_POINT('',(0.224399475256,21.857142857143));
#7584 = CARTESIAN_POINT('',(0.448780948517,21.714297174711));
#7585 = CARTESIAN_POINT('',(0.673244369879,21.571399322501));
#7586 = CARTESIAN_POINT('',(0.897551956916,21.428600677499));
#7587 = CARTESIAN_POINT('',(1.122015378278,21.285702825288));
#7588 = CARTESIAN_POINT('',(1.346396851538,21.142857142857));
#7589 = CARTESIAN_POINT('',(1.570796326795,21.));
#7590 = ( GEOMETRIC_REPRESENTATION_CONTEXT(2) 
PARAMETRIC_REPRESENTATION_CONTEXT() REPRESENTATION_CONTEXT('2D SPACE',''
  ) );
#7591 = PCURVE('',#7360,#7592);
#7592 = DEFINITIONAL_REPRESENTATION('',(#7593),#7602);
#7593 = B_SPLINE_CURVE_WITH_KNOTS('',7,(#7594,#7595,#7596,#7597,#7598,
    #7599,#7600,#7601),.UNSPECIFIED.,.F.,.F.,(8,8),(0.,1.),
  .PIECEWISE_BEZIER_KNOTS.);
#7594 = CARTESIAN_POINT('',(0.,0.));
#7595 = CARTESIAN_POINT('',(0.,0.142857142857));
#7596 = CARTESIAN_POINT('',(0.,0.285702826527));
#7597 = CARTESIAN_POINT('',(0.,0.428600674372));
#7598 = CARTESIAN_POINT('',(0.,0.571399325628));
#7599 = CARTESIAN_POINT('',(0.,0.714297173473));
#7600 = CARTESIAN_POINT('',(0.,0.857142857143));
#7601 = CARTESIAN_POINT('',(0.,1.));
#7602 = ( GEOMETRIC_REPRESENTATION_CONTEXT(2) 
PARAMETRIC_REPRESENTATION_CONTEXT() REPRESENTATION_CONTEXT('2D SPACE',''
  ) );
#7603 = ORIENTED_EDGE('',*,*,#7604,.F.);
#7604 = EDGE_CURVE('',#7168,#7488,#7605,.T.);
#7605 = SURFACE_CURVE('',#7606,(#7610,#7617),.PCURVE_S1.);
#7606 = LINE('',#7607,#7608);
#7607 = CARTESIAN_POINT('',(2.,26.,13.));
#7608 = VECTOR('',#7609,1.);
#7609 = DIRECTION('',(1.,0.,0.));
#7610 = PCURVE('',#5377,#7611);
#7611 = DEFINITIONAL_REPRESENTATION('',(#7612),#7616);
#7612 = LINE('',#7613,#7614);
#7613 = CARTESIAN_POINT('',(0.,0.));
#7614 = VECTOR('',#7615,1.);
#7615 = DIRECTION('',(0.,1.));
#7616 = ( GEOMETRIC_REPRESENTATION_CONTEXT(2) 
PARAMETRIC_REPRESENTATION_CONTEXT() REPRESENTATION_CONTEXT('2D SPACE',''
  ) );
#7617 = PCURVE('',#7183,#7618);
#7618 = DEFINITIONAL_REPRESENTATION('',(#7619),#7623);
#7619 = LINE('',#7620,#7621);
#7620 = CARTESIAN_POINT('',(29.,2.));
#7621 = VECTOR('',#7622,1.);
#7622 = DIRECTION('',(0.,1.));
#7623 = ( GEOMETRIC_REPRESENTATION_CONTEXT(2) 
PARAMETRIC_REPRESENTATION_CONTEXT() REPRESENTATION_CONTEXT('2D SPACE',''
  ) );
#7624 = ADVANCED_FACE('',(#7625),#5408,.T.);
#7625 = FACE_BOUND('',#7626,.F.);
#7626 = EDGE_LOOP('',(#7627,#7628,#7629,#7654));
#7627 = ORIENTED_EDGE('',*,*,#5394,.T.);
#7628 = ORIENTED_EDGE('',*,*,#6216,.T.);
#7629 = ORIENTED_EDGE('',*,*,#7630,.F.);
#7630 = EDGE_CURVE('',#5477,#6189,#7631,.T.);
#7631 = SURFACE_CURVE('',#7632,(#7637,#7643),.PCURVE_S1.);
#7632 = CIRCLE('',#7633,2.);
#7633 = AXIS2_PLACEMENT_3D('',#7634,#7635,#7636);
#7634 = CARTESIAN_POINT('',(173.,17.,-12.));
#7635 = DIRECTION('',(-1.,0.,-0.));
#7636 = DIRECTION('',(-0.,1.,0.));
#7637 = PCURVE('',#5408,#7638);
#7638 = DEFINITIONAL_REPRESENTATION('',(#7639),#7642);
#7639 = B_SPLINE_CURVE_WITH_KNOTS('',1,(#7640,#7641),.UNSPECIFIED.,.F.,
  .F.,(2,2),(0.,1.570796326795),.PIECEWISE_BEZIER_KNOTS.);
#7640 = CARTESIAN_POINT('',(0.,18.));
#7641 = CARTESIAN_POINT('',(-1.570796326795,18.));
#7642 = ( GEOMETRIC_REPRESENTATION_CONTEXT(2) 
PARAMETRIC_REPRESENTATION_CONTEXT() REPRESENTATION_CONTEXT('2D SPACE',''
  ) );
#7643 = PCURVE('',#7644,#7649);
#7644 = SPHERICAL_SURFACE('',#7645,2.);
#7645 = AXIS2_PLACEMENT_3D('',#7646,#7647,#7648);
#7646 = CARTESIAN_POINT('',(173.,17.,-12.));
#7647 = DIRECTION('',(-0.,-0.,-1.));
#7648 = DIRECTION('',(0.,1.,-0.));
#7649 = DEFINITIONAL_REPRESENTATION('',(#7650),#7653);
#7650 = B_SPLINE_CURVE_WITH_KNOTS('',1,(#7651,#7652),.UNSPECIFIED.,.F.,
  .F.,(2,2),(0.,1.570796326795),.PIECEWISE_BEZIER_KNOTS.);
#7651 = CARTESIAN_POINT('',(0.,0.));
#7652 = CARTESIAN_POINT('',(0.,1.570796326795));
#7653 = ( GEOMETRIC_REPRESENTATION_CONTEXT(2) 
PARAMETRIC_REPRESENTATION_CONTEXT() REPRESENTATION_CONTEXT('2D SPACE',''
  ) );
#7654 = ORIENTED_EDGE('',*,*,#5504,.F.);
#7655 = ADVANCED_FACE('',(#7656),#5438,.T.);
#7656 = FACE_BOUND('',#7657,.T.);
#7657 = EDGE_LOOP('',(#7658,#7659,#7660,#7685));
#7658 = ORIENTED_EDGE('',*,*,#5424,.T.);
#7659 = ORIENTED_EDGE('',*,*,#6140,.T.);
#7660 = ORIENTED_EDGE('',*,*,#7661,.F.);
#7661 = EDGE_CURVE('',#5454,#6113,#7662,.T.);
#7662 = SURFACE_CURVE('',#7663,(#7668,#7674),.PCURVE_S1.);
#7663 = CIRCLE('',#7664,2.);
#7664 = AXIS2_PLACEMENT_3D('',#7665,#7666,#7667);
#7665 = CARTESIAN_POINT('',(173.,17.,12.));
#7666 = DIRECTION('',(1.,0.,0.));
#7667 = DIRECTION('',(-0.,1.,0.));
#7668 = PCURVE('',#5438,#7669);
#7669 = DEFINITIONAL_REPRESENTATION('',(#7670),#7673);
#7670 = B_SPLINE_CURVE_WITH_KNOTS('',1,(#7671,#7672),.UNSPECIFIED.,.F.,
  .F.,(2,2),(0.,1.570796326795),.PIECEWISE_BEZIER_KNOTS.);
#7671 = CARTESIAN_POINT('',(0.,18.));
#7672 = CARTESIAN_POINT('',(1.570796326795,18.));
#7673 = ( GEOMETRIC_REPRESENTATION_CONTEXT(2) 
PARAMETRIC_REPRESENTATION_CONTEXT() REPRESENTATION_CONTEXT('2D SPACE',''
  ) );
#7674 = PCURVE('',#7675,#7680);
#7675 = SPHERICAL_SURFACE('',#7676,2.);
#7676 = AXIS2_PLACEMENT_3D('',#7677,#7678,#7679);
#7677 = CARTESIAN_POINT('',(173.,17.,12.));
#7678 = DIRECTION('',(0.,0.,1.));
#7679 = DIRECTION('',(0.,1.,-0.));
#7680 = DEFINITIONAL_REPRESENTATION('',(#7681),#7684);
#7681 = B_SPLINE_CURVE_WITH_KNOTS('',1,(#7682,#7683),.UNSPECIFIED.,.F.,
  .F.,(2,2),(0.,1.570796326795),.PIECEWISE_BEZIER_KNOTS.);
#7682 = CARTESIAN_POINT('',(0.,0.));
#7683 = CARTESIAN_POINT('',(0.,1.570796326795));
#7684 = ( GEOMETRIC_REPRESENTATION_CONTEXT(2) 
PARAMETRIC_REPRESENTATION_CONTEXT() REPRESENTATION_CONTEXT('2D SPACE',''
  ) );
#7685 = ORIENTED_EDGE('',*,*,#5453,.F.);
#7686 = ADVANCED_FACE('',(#7687),#5492,.T.);
#7687 = FACE_BOUND('',#7688,.T.);
#7688 = EDGE_LOOP('',(#7689,#7719,#7741,#7742));
#7689 = ORIENTED_EDGE('',*,*,#7690,.F.);
#7690 = EDGE_CURVE('',#7691,#7693,#7695,.T.);
#7691 = VERTEX_POINT('',#7692);
#7692 = CARTESIAN_POINT('',(175.,17.,-12.));
#7693 = VERTEX_POINT('',#7694);
#7694 = CARTESIAN_POINT('',(175.,17.,12.));
#7695 = SURFACE_CURVE('',#7696,(#7700,#7707),.PCURVE_S1.);
#7696 = LINE('',#7697,#7698);
#7697 = CARTESIAN_POINT('',(175.,17.,-14.));
#7698 = VECTOR('',#7699,1.);
#7699 = DIRECTION('',(0.,0.,1.));
#7700 = PCURVE('',#5492,#7701);
#7701 = DEFINITIONAL_REPRESENTATION('',(#7702),#7706);
#7702 = LINE('',#7703,#7704);
#7703 = CARTESIAN_POINT('',(0.,0.));
#7704 = VECTOR('',#7705,1.);
#7705 = DIRECTION('',(0.,1.));
#7706 = ( GEOMETRIC_REPRESENTATION_CONTEXT(2) 
PARAMETRIC_REPRESENTATION_CONTEXT() REPRESENTATION_CONTEXT('2D SPACE',''
  ) );
#7707 = PCURVE('',#7708,#7713);
#7708 = PLANE('',#7709);
#7709 = AXIS2_PLACEMENT_3D('',#7710,#7711,#7712);
#7710 = CARTESIAN_POINT('',(175.,-19.,-14.));
#7711 = DIRECTION('',(1.,0.,0.));
#7712 = DIRECTION('',(0.,0.,1.));
#7713 = DEFINITIONAL_REPRESENTATION('',(#7714),#7718);
#7714 = LINE('',#7715,#7716);
#7715 = CARTESIAN_POINT('',(0.,-36.));
#7716 = VECTOR('',#7717,1.);
#7717 = DIRECTION('',(1.,0.));
#7718 = ( GEOMETRIC_REPRESENTATION_CONTEXT(2) 
PARAMETRIC_REPRESENTATION_CONTEXT() REPRESENTATION_CONTEXT('2D SPACE',''
  ) );
#7719 = ORIENTED_EDGE('',*,*,#7720,.F.);
#7720 = EDGE_CURVE('',#5477,#7691,#7721,.T.);
#7721 = SURFACE_CURVE('',#7722,(#7727,#7734),.PCURVE_S1.);
#7722 = CIRCLE('',#7723,2.);
#7723 = AXIS2_PLACEMENT_3D('',#7724,#7725,#7726);
#7724 = CARTESIAN_POINT('',(173.,17.,-12.));
#7725 = DIRECTION('',(0.,-0.,-1.));
#7726 = DIRECTION('',(0.,1.,-0.));
#7727 = PCURVE('',#5492,#7728);
#7728 = DEFINITIONAL_REPRESENTATION('',(#7729),#7733);
#7729 = LINE('',#7730,#7731);
#7730 = CARTESIAN_POINT('',(1.570796326795,2.));
#7731 = VECTOR('',#7732,1.);
#7732 = DIRECTION('',(-1.,-0.));
#7733 = ( GEOMETRIC_REPRESENTATION_CONTEXT(2) 
PARAMETRIC_REPRESENTATION_CONTEXT() REPRESENTATION_CONTEXT('2D SPACE',''
  ) );
#7734 = PCURVE('',#7644,#7735);
#7735 = DEFINITIONAL_REPRESENTATION('',(#7736),#7740);
#7736 = LINE('',#7737,#7738);
#7737 = CARTESIAN_POINT('',(0.,0.));
#7738 = VECTOR('',#7739,1.);
#7739 = DIRECTION('',(1.,0.));
#7740 = ( GEOMETRIC_REPRESENTATION_CONTEXT(2) 
PARAMETRIC_REPRESENTATION_CONTEXT() REPRESENTATION_CONTEXT('2D SPACE',''
  ) );
#7741 = ORIENTED_EDGE('',*,*,#5476,.T.);
#7742 = ORIENTED_EDGE('',*,*,#7743,.T.);
#7743 = EDGE_CURVE('',#5454,#7693,#7744,.T.);
#7744 = SURFACE_CURVE('',#7745,(#7750,#7757),.PCURVE_S1.);
#7745 = CIRCLE('',#7746,2.);
#7746 = AXIS2_PLACEMENT_3D('',#7747,#7748,#7749);
#7747 = CARTESIAN_POINT('',(173.,17.,12.));
#7748 = DIRECTION('',(0.,-0.,-1.));
#7749 = DIRECTION('',(0.,1.,-0.));
#7750 = PCURVE('',#5492,#7751);
#7751 = DEFINITIONAL_REPRESENTATION('',(#7752),#7756);
#7752 = LINE('',#7753,#7754);
#7753 = CARTESIAN_POINT('',(1.570796326795,26.));
#7754 = VECTOR('',#7755,1.);
#7755 = DIRECTION('',(-1.,-0.));
#7756 = ( GEOMETRIC_REPRESENTATION_CONTEXT(2) 
PARAMETRIC_REPRESENTATION_CONTEXT() REPRESENTATION_CONTEXT('2D SPACE',''
  ) );
#7757 = PCURVE('',#7675,#7758);
#7758 = DEFINITIONAL_REPRESENTATION('',(#7759),#7763);
#7759 = LINE('',#7760,#7761);
#7760 = CARTESIAN_POINT('',(-0.,0.));
#7761 = VECTOR('',#7762,1.);
#7762 = DIRECTION('',(-1.,0.));
#7763 = ( GEOMETRIC_REPRESENTATION_CONTEXT(2) 
PARAMETRIC_REPRESENTATION_CONTEXT() REPRESENTATION_CONTEXT('2D SPACE',''
  ) );
#7764 = ADVANCED_FACE('',(#7765),#5545,.T.);
#7765 = FACE_BOUND('',#7766,.F.);
#7766 = EDGE_LOOP('',(#7767,#7768,#7769,#7794));
#7767 = ORIENTED_EDGE('',*,*,#5614,.F.);
#7768 = ORIENTED_EDGE('',*,*,#5664,.T.);
#7769 = ORIENTED_EDGE('',*,*,#7770,.T.);
#7770 = EDGE_CURVE('',#5665,#5530,#7771,.T.);
#7771 = SURFACE_CURVE('',#7772,(#7777,#7783),.PCURVE_S1.);
#7772 = CIRCLE('',#7773,1.5);
#7773 = AXIS2_PLACEMENT_3D('',#7774,#7775,#7776);
#7774 = CARTESIAN_POINT('',(28.,25.5,-3.5));
#7775 = DIRECTION('',(0.,1.,-0.));
#7776 = DIRECTION('',(-1.,0.,0.));
#7777 = PCURVE('',#5545,#7778);
#7778 = DEFINITIONAL_REPRESENTATION('',(#7779),#7782);
#7779 = B_SPLINE_CURVE_WITH_KNOTS('',1,(#7780,#7781),.UNSPECIFIED.,.F.,
  .F.,(2,2),(4.712388980385,6.28318530718),.PIECEWISE_BEZIER_KNOTS.);
#7780 = CARTESIAN_POINT('',(-1.570796326795,8.5));
#7781 = CARTESIAN_POINT('',(0.,8.5));
#7782 = ( GEOMETRIC_REPRESENTATION_CONTEXT(2) 
PARAMETRIC_REPRESENTATION_CONTEXT() REPRESENTATION_CONTEXT('2D SPACE',''
  ) );
#7783 = PCURVE('',#7784,#7789);
#7784 = SPHERICAL_SURFACE('',#7785,1.5);
#7785 = AXIS2_PLACEMENT_3D('',#7786,#7787,#7788);
#7786 = CARTESIAN_POINT('',(28.,25.5,-3.5));
#7787 = DIRECTION('',(0.,0.,1.));
#7788 = DIRECTION('',(-1.,0.,0.));
#7789 = DEFINITIONAL_REPRESENTATION('',(#7790),#7793);
#7790 = B_SPLINE_CURVE_WITH_KNOTS('',1,(#7791,#7792),.UNSPECIFIED.,.F.,
  .F.,(2,2),(4.712388980385,6.28318530718),.PIECEWISE_BEZIER_KNOTS.);
#7791 = CARTESIAN_POINT('',(0.,-1.570796326795));
#7792 = CARTESIAN_POINT('',(0.,0.));
#7793 = ( GEOMETRIC_REPRESENTATION_CONTEXT(2) 
PARAMETRIC_REPRESENTATION_CONTEXT() REPRESENTATION_CONTEXT('2D SPACE',''
  ) );
#7794 = ORIENTED_EDGE('',*,*,#5529,.F.);
#7795 = ADVANCED_FACE('',(#7796),#5599,.T.);
#7796 = FACE_BOUND('',#7797,.T.);
#7797 = EDGE_LOOP('',(#7798,#7799,#7800,#7827));
#7798 = ORIENTED_EDGE('',*,*,#5639,.F.);
#7799 = ORIENTED_EDGE('',*,*,#5770,.T.);
#7800 = ORIENTED_EDGE('',*,*,#7801,.F.);
#7801 = EDGE_CURVE('',#5558,#5771,#7802,.T.);
#7802 = SURFACE_CURVE('',#7803,(#7808,#7815),.PCURVE_S1.);
#7803 = CIRCLE('',#7804,1.5);
#7804 = AXIS2_PLACEMENT_3D('',#7805,#7806,#7807);
#7805 = CARTESIAN_POINT('',(28.,25.5,3.5));
#7806 = DIRECTION('',(0.,1.,0.));
#7807 = DIRECTION('',(-1.,0.,0.));
#7808 = PCURVE('',#5599,#7809);
#7809 = DEFINITIONAL_REPRESENTATION('',(#7810),#7814);
#7810 = LINE('',#7811,#7812);
#7811 = CARTESIAN_POINT('',(0.,8.5));
#7812 = VECTOR('',#7813,1.);
#7813 = DIRECTION('',(1.,0.));
#7814 = ( GEOMETRIC_REPRESENTATION_CONTEXT(2) 
PARAMETRIC_REPRESENTATION_CONTEXT() REPRESENTATION_CONTEXT('2D SPACE',''
  ) );
#7815 = PCURVE('',#7816,#7821);
#7816 = SPHERICAL_SURFACE('',#7817,1.5);
#7817 = AXIS2_PLACEMENT_3D('',#7818,#7819,#7820);
#7818 = CARTESIAN_POINT('',(28.,25.5,3.5));
#7819 = DIRECTION('',(-0.,-1.,-0.));
#7820 = DIRECTION('',(-1.,0.,0.));
#7821 = DEFINITIONAL_REPRESENTATION('',(#7822),#7826);
#7822 = LINE('',#7823,#7824);
#7823 = CARTESIAN_POINT('',(-0.,0.));
#7824 = VECTOR('',#7825,1.);
#7825 = DIRECTION('',(-1.,0.));
#7826 = ( GEOMETRIC_REPRESENTATION_CONTEXT(2) 
PARAMETRIC_REPRESENTATION_CONTEXT() REPRESENTATION_CONTEXT('2D SPACE',''
  ) );
#7827 = ORIENTED_EDGE('',*,*,#5585,.F.);
#7828 = ADVANCED_FACE('',(#7829),#5573,.T.);
#7829 = FACE_BOUND('',#7830,.F.);
#7830 = EDGE_LOOP('',(#7831,#7832,#7856,#7884));
#7831 = ORIENTED_EDGE('',*,*,#5557,.F.);
#7832 = ORIENTED_EDGE('',*,*,#7833,.T.);
#7833 = EDGE_CURVE('',#5530,#7834,#7836,.T.);
#7834 = VERTEX_POINT('',#7835);
#7835 = CARTESIAN_POINT('',(28.,27.,-3.5));
#7836 = SURFACE_CURVE('',#7837,(#7842,#7849),.PCURVE_S1.);
#7837 = CIRCLE('',#7838,1.5);
#7838 = AXIS2_PLACEMENT_3D('',#7839,#7840,#7841);
#7839 = CARTESIAN_POINT('',(28.,25.5,-3.5));
#7840 = DIRECTION('',(-0.,0.,-1.));
#7841 = DIRECTION('',(-1.,0.,0.));
#7842 = PCURVE('',#5573,#7843);
#7843 = DEFINITIONAL_REPRESENTATION('',(#7844),#7848);
#7844 = LINE('',#7845,#7846);
#7845 = CARTESIAN_POINT('',(-0.,1.5));
#7846 = VECTOR('',#7847,1.);
#7847 = DIRECTION('',(-1.,0.));
#7848 = ( GEOMETRIC_REPRESENTATION_CONTEXT(2) 
PARAMETRIC_REPRESENTATION_CONTEXT() REPRESENTATION_CONTEXT('2D SPACE',''
  ) );
#7849 = PCURVE('',#7784,#7850);
#7850 = DEFINITIONAL_REPRESENTATION('',(#7851),#7855);
#7851 = LINE('',#7852,#7853);
#7852 = CARTESIAN_POINT('',(-0.,0.));
#7853 = VECTOR('',#7854,1.);
#7854 = DIRECTION('',(-1.,0.));
#7855 = ( GEOMETRIC_REPRESENTATION_CONTEXT(2) 
PARAMETRIC_REPRESENTATION_CONTEXT() REPRESENTATION_CONTEXT('2D SPACE',''
  ) );
#7856 = ORIENTED_EDGE('',*,*,#7857,.T.);
#7857 = EDGE_CURVE('',#7834,#7858,#7860,.T.);
#7858 = VERTEX_POINT('',#7859);
#7859 = CARTESIAN_POINT('',(28.,27.,3.5));
#7860 = SURFACE_CURVE('',#7861,(#7865,#7872),.PCURVE_S1.);
#7861 = LINE('',#7862,#7863);
#7862 = CARTESIAN_POINT('',(28.,27.,-5.));
#7863 = VECTOR('',#7864,1.);
#7864 = DIRECTION('',(0.,0.,1.));
#7865 = PCURVE('',#5573,#7866);
#7866 = DEFINITIONAL_REPRESENTATION('',(#7867),#7871);
#7867 = LINE('',#7868,#7869);
#7868 = CARTESIAN_POINT('',(-1.570796326795,0.));
#7869 = VECTOR('',#7870,1.);
#7870 = DIRECTION('',(-0.,1.));
#7871 = ( GEOMETRIC_REPRESENTATION_CONTEXT(2) 
PARAMETRIC_REPRESENTATION_CONTEXT() REPRESENTATION_CONTEXT('2D SPACE',''
  ) );
#7872 = PCURVE('',#7873,#7878);
#7873 = PLANE('',#7874);
#7874 = AXIS2_PLACEMENT_3D('',#7875,#7876,#7877);
#7875 = CARTESIAN_POINT('',(26.5,27.,-5.));
#7876 = DIRECTION('',(0.,1.,0.));
#7877 = DIRECTION('',(0.,0.,1.));
#7878 = DEFINITIONAL_REPRESENTATION('',(#7879),#7883);
#7879 = LINE('',#7880,#7881);
#7880 = CARTESIAN_POINT('',(0.,1.5));
#7881 = VECTOR('',#7882,1.);
#7882 = DIRECTION('',(1.,0.));
#7883 = ( GEOMETRIC_REPRESENTATION_CONTEXT(2) 
PARAMETRIC_REPRESENTATION_CONTEXT() REPRESENTATION_CONTEXT('2D SPACE',''
  ) );
#7884 = ORIENTED_EDGE('',*,*,#7885,.T.);
#7885 = EDGE_CURVE('',#7858,#5558,#7886,.T.);
#7886 = SURFACE_CURVE('',#7887,(#7892,#7898),.PCURVE_S1.);
#7887 = CIRCLE('',#7888,1.5);
#7888 = AXIS2_PLACEMENT_3D('',#7889,#7890,#7891);
#7889 = CARTESIAN_POINT('',(28.,25.5,3.5));
#7890 = DIRECTION('',(0.,0.,1.));
#7891 = DIRECTION('',(-1.,0.,0.));
#7892 = PCURVE('',#5573,#7893);
#7893 = DEFINITIONAL_REPRESENTATION('',(#7894),#7897);
#7894 = B_SPLINE_CURVE_WITH_KNOTS('',1,(#7895,#7896),.UNSPECIFIED.,.F.,
  .F.,(2,2),(4.712388980385,6.28318530718),.PIECEWISE_BEZIER_KNOTS.);
#7895 = CARTESIAN_POINT('',(-1.570796326795,8.5));
#7896 = CARTESIAN_POINT('',(0.,8.5));
#7897 = ( GEOMETRIC_REPRESENTATION_CONTEXT(2) 
PARAMETRIC_REPRESENTATION_CONTEXT() REPRESENTATION_CONTEXT('2D SPACE',''
  ) );
#7898 = PCURVE('',#7816,#7899);
#7899 = DEFINITIONAL_REPRESENTATION('',(#7900),#7903);
#7900 = B_SPLINE_CURVE_WITH_KNOTS('',1,(#7901,#7902),.UNSPECIFIED.,.F.,
  .F.,(2,2),(4.712388980385,6.28318530718),.PIECEWISE_BEZIER_KNOTS.);
#7901 = CARTESIAN_POINT('',(0.,-1.570796326795));
#7902 = CARTESIAN_POINT('',(0.,0.));
#7903 = ( GEOMETRIC_REPRESENTATION_CONTEXT(2) 
PARAMETRIC_REPRESENTATION_CONTEXT() REPRESENTATION_CONTEXT('2D SPACE',''
  ) );
#7904 = ADVANCED_FACE('',(#7905),#5730,.T.);
#7905 = FACE_BOUND('',#7906,.F.);
#7906 = EDGE_LOOP('',(#7907,#7927,#7928,#7955));
#7907 = ORIENTED_EDGE('',*,*,#7908,.F.);
#7908 = EDGE_CURVE('',#5665,#7834,#7909,.T.);
#7909 = SURFACE_CURVE('',#7910,(#7915,#7921),.PCURVE_S1.);
#7910 = CIRCLE('',#7911,1.5);
#7911 = AXIS2_PLACEMENT_3D('',#7912,#7913,#7914);
#7912 = CARTESIAN_POINT('',(28.,25.5,-3.5));
#7913 = DIRECTION('',(1.,6.123233995737E-17,-0.));
#7914 = DIRECTION('',(-6.123233995737E-17,1.,0.));
#7915 = PCURVE('',#5730,#7916);
#7916 = DEFINITIONAL_REPRESENTATION('',(#7917),#7920);
#7917 = B_SPLINE_CURVE_WITH_KNOTS('',1,(#7918,#7919),.UNSPECIFIED.,.F.,
  .F.,(2,2),(4.712388980385,6.28318530718),.PIECEWISE_BEZIER_KNOTS.);
#7918 = CARTESIAN_POINT('',(-1.570796326795,1.5));
#7919 = CARTESIAN_POINT('',(0.,1.5));
#7920 = ( GEOMETRIC_REPRESENTATION_CONTEXT(2) 
PARAMETRIC_REPRESENTATION_CONTEXT() REPRESENTATION_CONTEXT('2D SPACE',''
  ) );
#7921 = PCURVE('',#7784,#7922);
#7922 = DEFINITIONAL_REPRESENTATION('',(#7923),#7926);
#7923 = B_SPLINE_CURVE_WITH_KNOTS('',1,(#7924,#7925),.UNSPECIFIED.,.F.,
  .F.,(2,2),(4.712388980385,6.28318530718),.PIECEWISE_BEZIER_KNOTS.);
#7924 = CARTESIAN_POINT('',(-1.570796326795,-1.570796326795));
#7925 = CARTESIAN_POINT('',(-1.570796326795,0.));
#7926 = ( GEOMETRIC_REPRESENTATION_CONTEXT(2) 
PARAMETRIC_REPRESENTATION_CONTEXT() REPRESENTATION_CONTEXT('2D SPACE',''
  ) );
#7927 = ORIENTED_EDGE('',*,*,#5716,.T.);
#7928 = ORIENTED_EDGE('',*,*,#7929,.T.);
#7929 = EDGE_CURVE('',#5689,#7930,#7932,.T.);
#7930 = VERTEX_POINT('',#7931);
#7931 = CARTESIAN_POINT('',(35.,27.,-3.5));
#7932 = SURFACE_CURVE('',#7933,(#7938,#7944),.PCURVE_S1.);
#7933 = CIRCLE('',#7934,1.5);
#7934 = AXIS2_PLACEMENT_3D('',#7935,#7936,#7937);
#7935 = CARTESIAN_POINT('',(35.,25.5,-3.5));
#7936 = DIRECTION('',(1.,-6.123233995737E-17,0.));
#7937 = DIRECTION('',(6.123233995737E-17,1.,0.));
#7938 = PCURVE('',#5730,#7939);
#7939 = DEFINITIONAL_REPRESENTATION('',(#7940),#7943);
#7940 = B_SPLINE_CURVE_WITH_KNOTS('',1,(#7941,#7942),.UNSPECIFIED.,.F.,
  .F.,(2,2),(4.712388980385,6.28318530718),.PIECEWISE_BEZIER_KNOTS.);
#7941 = CARTESIAN_POINT('',(-1.570796326795,8.5));
#7942 = CARTESIAN_POINT('',(0.,8.5));
#7943 = ( GEOMETRIC_REPRESENTATION_CONTEXT(2) 
PARAMETRIC_REPRESENTATION_CONTEXT() REPRESENTATION_CONTEXT('2D SPACE',''
  ) );
#7944 = PCURVE('',#7945,#7950);
#7945 = SPHERICAL_SURFACE('',#7946,1.5);
#7946 = AXIS2_PLACEMENT_3D('',#7947,#7948,#7949);
#7947 = CARTESIAN_POINT('',(35.,25.5,-3.5));
#7948 = DIRECTION('',(0.,0.,1.));
#7949 = DIRECTION('',(1.,0.,-0.));
#7950 = DEFINITIONAL_REPRESENTATION('',(#7951),#7954);
#7951 = B_SPLINE_CURVE_WITH_KNOTS('',1,(#7952,#7953),.UNSPECIFIED.,.F.,
  .F.,(2,2),(4.712388980385,6.28318530718),.PIECEWISE_BEZIER_KNOTS.);
#7952 = CARTESIAN_POINT('',(1.570796326795,-1.570796326795));
#7953 = CARTESIAN_POINT('',(1.570796326795,0.));
#7954 = ( GEOMETRIC_REPRESENTATION_CONTEXT(2) 
PARAMETRIC_REPRESENTATION_CONTEXT() REPRESENTATION_CONTEXT('2D SPACE',''
  ) );
#7955 = ORIENTED_EDGE('',*,*,#7956,.F.);
#7956 = EDGE_CURVE('',#7834,#7930,#7957,.T.);
#7957 = SURFACE_CURVE('',#7958,(#7962,#7969),.PCURVE_S1.);
#7958 = LINE('',#7959,#7960);
#7959 = CARTESIAN_POINT('',(26.5,27.,-3.5));
#7960 = VECTOR('',#7961,1.);
#7961 = DIRECTION('',(1.,0.,0.));
#7962 = PCURVE('',#5730,#7963);
#7963 = DEFINITIONAL_REPRESENTATION('',(#7964),#7968);
#7964 = LINE('',#7965,#7966);
#7965 = CARTESIAN_POINT('',(-0.,0.));
#7966 = VECTOR('',#7967,1.);
#7967 = DIRECTION('',(-0.,1.));
#7968 = ( GEOMETRIC_REPRESENTATION_CONTEXT(2) 
PARAMETRIC_REPRESENTATION_CONTEXT() REPRESENTATION_CONTEXT('2D SPACE',''
  ) );
#7969 = PCURVE('',#7873,#7970);
#7970 = DEFINITIONAL_REPRESENTATION('',(#7971),#7975);
#7971 = LINE('',#7972,#7973);
#7972 = CARTESIAN_POINT('',(1.5,0.));
#7973 = VECTOR('',#7974,1.);
#7974 = DIRECTION('',(0.,1.));
#7975 = ( GEOMETRIC_REPRESENTATION_CONTEXT(2) 
PARAMETRIC_REPRESENTATION_CONTEXT() REPRESENTATION_CONTEXT('2D SPACE',''
  ) );
#7976 = ADVANCED_FACE('',(#7977),#5704,.T.);
#7977 = FACE_BOUND('',#7978,.T.);
#7978 = EDGE_LOOP('',(#7979,#7980,#7981,#8001));
#7979 = ORIENTED_EDGE('',*,*,#5745,.F.);
#7980 = ORIENTED_EDGE('',*,*,#5688,.T.);
#7981 = ORIENTED_EDGE('',*,*,#7982,.T.);
#7982 = EDGE_CURVE('',#5689,#5878,#7983,.T.);
#7983 = SURFACE_CURVE('',#7984,(#7989,#7995),.PCURVE_S1.);
#7984 = CIRCLE('',#7985,1.5);
#7985 = AXIS2_PLACEMENT_3D('',#7986,#7987,#7988);
#7986 = CARTESIAN_POINT('',(35.,25.5,-3.5));
#7987 = DIRECTION('',(0.,-1.,0.));
#7988 = DIRECTION('',(1.,0.,0.));
#7989 = PCURVE('',#5704,#7990);
#7990 = DEFINITIONAL_REPRESENTATION('',(#7991),#7994);
#7991 = B_SPLINE_CURVE_WITH_KNOTS('',1,(#7992,#7993),.UNSPECIFIED.,.F.,
  .F.,(2,2),(4.712388980385,6.28318530718),.PIECEWISE_BEZIER_KNOTS.);
#7992 = CARTESIAN_POINT('',(1.570796326795,8.5));
#7993 = CARTESIAN_POINT('',(0.,8.5));
#7994 = ( GEOMETRIC_REPRESENTATION_CONTEXT(2) 
PARAMETRIC_REPRESENTATION_CONTEXT() REPRESENTATION_CONTEXT('2D SPACE',''
  ) );
#7995 = PCURVE('',#7945,#7996);
#7996 = DEFINITIONAL_REPRESENTATION('',(#7997),#8000);
#7997 = B_SPLINE_CURVE_WITH_KNOTS('',1,(#7998,#7999),.UNSPECIFIED.,.F.,
  .F.,(2,2),(4.712388980385,6.28318530718),.PIECEWISE_BEZIER_KNOTS.);
#7998 = CARTESIAN_POINT('',(0.,-1.570796326795));
#7999 = CARTESIAN_POINT('',(0.,0.));
#8000 = ( GEOMETRIC_REPRESENTATION_CONTEXT(2) 
PARAMETRIC_REPRESENTATION_CONTEXT() REPRESENTATION_CONTEXT('2D SPACE',''
  ) );
#8001 = ORIENTED_EDGE('',*,*,#5877,.F.);
#8002 = ADVANCED_FACE('',(#8003),#5836,.T.);
#8003 = FACE_BOUND('',#8004,.T.);
#8004 = EDGE_LOOP('',(#8005,#8025,#8026,#8053));
#8005 = ORIENTED_EDGE('',*,*,#8006,.T.);
#8006 = EDGE_CURVE('',#7858,#5771,#8007,.T.);
#8007 = SURFACE_CURVE('',#8008,(#8013,#8019),.PCURVE_S1.);
#8008 = CIRCLE('',#8009,1.5);
#8009 = AXIS2_PLACEMENT_3D('',#8010,#8011,#8012);
#8010 = CARTESIAN_POINT('',(28.,25.5,3.5));
#8011 = DIRECTION('',(1.,0.,6.123233995737E-17));
#8012 = DIRECTION('',(-6.123233995737E-17,0.,1.));
#8013 = PCURVE('',#5836,#8014);
#8014 = DEFINITIONAL_REPRESENTATION('',(#8015),#8018);
#8015 = B_SPLINE_CURVE_WITH_KNOTS('',1,(#8016,#8017),.UNSPECIFIED.,.F.,
  .F.,(2,2),(4.712388980385,6.28318530718),.PIECEWISE_BEZIER_KNOTS.);
#8016 = CARTESIAN_POINT('',(0.,1.5));
#8017 = CARTESIAN_POINT('',(1.570796326795,1.5));
#8018 = ( GEOMETRIC_REPRESENTATION_CONTEXT(2) 
PARAMETRIC_REPRESENTATION_CONTEXT() REPRESENTATION_CONTEXT('2D SPACE',''
  ) );
#8019 = PCURVE('',#7816,#8020);
#8020 = DEFINITIONAL_REPRESENTATION('',(#8021),#8024);
#8021 = B_SPLINE_CURVE_WITH_KNOTS('',1,(#8022,#8023),.UNSPECIFIED.,.F.,
  .F.,(2,2),(4.712388980385,6.28318530718),.PIECEWISE_BEZIER_KNOTS.);
#8022 = CARTESIAN_POINT('',(-1.570796326795,-1.570796326795));
#8023 = CARTESIAN_POINT('',(-1.570796326795,0.));
#8024 = ( GEOMETRIC_REPRESENTATION_CONTEXT(2) 
PARAMETRIC_REPRESENTATION_CONTEXT() REPRESENTATION_CONTEXT('2D SPACE',''
  ) );
#8025 = ORIENTED_EDGE('',*,*,#5822,.T.);
#8026 = ORIENTED_EDGE('',*,*,#8027,.F.);
#8027 = EDGE_CURVE('',#8028,#5795,#8030,.T.);
#8028 = VERTEX_POINT('',#8029);
#8029 = CARTESIAN_POINT('',(35.,27.,3.5));
#8030 = SURFACE_CURVE('',#8031,(#8036,#8042),.PCURVE_S1.);
#8031 = CIRCLE('',#8032,1.5);
#8032 = AXIS2_PLACEMENT_3D('',#8033,#8034,#8035);
#8033 = CARTESIAN_POINT('',(35.,25.5,3.5));
#8034 = DIRECTION('',(1.,0.,-6.123233995737E-17));
#8035 = DIRECTION('',(6.123233995737E-17,0.,1.));
#8036 = PCURVE('',#5836,#8037);
#8037 = DEFINITIONAL_REPRESENTATION('',(#8038),#8041);
#8038 = B_SPLINE_CURVE_WITH_KNOTS('',1,(#8039,#8040),.UNSPECIFIED.,.F.,
  .F.,(2,2),(4.712388980385,6.28318530718),.PIECEWISE_BEZIER_KNOTS.);
#8039 = CARTESIAN_POINT('',(0.,8.5));
#8040 = CARTESIAN_POINT('',(1.570796326795,8.5));
#8041 = ( GEOMETRIC_REPRESENTATION_CONTEXT(2) 
PARAMETRIC_REPRESENTATION_CONTEXT() REPRESENTATION_CONTEXT('2D SPACE',''
  ) );
#8042 = PCURVE('',#8043,#8048);
#8043 = SPHERICAL_SURFACE('',#8044,1.5);
#8044 = AXIS2_PLACEMENT_3D('',#8045,#8046,#8047);
#8045 = CARTESIAN_POINT('',(35.,25.5,3.5));
#8046 = DIRECTION('',(-0.,-1.,-0.));
#8047 = DIRECTION('',(1.,-0.,0.));
#8048 = DEFINITIONAL_REPRESENTATION('',(#8049),#8052);
#8049 = B_SPLINE_CURVE_WITH_KNOTS('',1,(#8050,#8051),.UNSPECIFIED.,.F.,
  .F.,(2,2),(4.712388980385,6.28318530718),.PIECEWISE_BEZIER_KNOTS.);
#8050 = CARTESIAN_POINT('',(1.570796326795,-1.570796326795));
#8051 = CARTESIAN_POINT('',(1.570796326795,0.));
#8052 = ( GEOMETRIC_REPRESENTATION_CONTEXT(2) 
PARAMETRIC_REPRESENTATION_CONTEXT() REPRESENTATION_CONTEXT('2D SPACE',''
  ) );
#8053 = ORIENTED_EDGE('',*,*,#8054,.F.);
#8054 = EDGE_CURVE('',#7858,#8028,#8055,.T.);
#8055 = SURFACE_CURVE('',#8056,(#8060,#8067),.PCURVE_S1.);
#8056 = LINE('',#8057,#8058);
#8057 = CARTESIAN_POINT('',(26.5,27.,3.5));
#8058 = VECTOR('',#8059,1.);
#8059 = DIRECTION('',(1.,0.,0.));
#8060 = PCURVE('',#5836,#8061);
#8061 = DEFINITIONAL_REPRESENTATION('',(#8062),#8066);
#8062 = LINE('',#8063,#8064);
#8063 = CARTESIAN_POINT('',(0.,0.));
#8064 = VECTOR('',#8065,1.);
#8065 = DIRECTION('',(0.,1.));
#8066 = ( GEOMETRIC_REPRESENTATION_CONTEXT(2) 
PARAMETRIC_REPRESENTATION_CONTEXT() REPRESENTATION_CONTEXT('2D SPACE',''
  ) );
#8067 = PCURVE('',#7873,#8068);
#8068 = DEFINITIONAL_REPRESENTATION('',(#8069),#8073);
#8069 = LINE('',#8070,#8071);
#8070 = CARTESIAN_POINT('',(8.5,0.));
#8071 = VECTOR('',#8072,1.);
#8072 = DIRECTION('',(0.,1.));
#8073 = ( GEOMETRIC_REPRESENTATION_CONTEXT(2) 
PARAMETRIC_REPRESENTATION_CONTEXT() REPRESENTATION_CONTEXT('2D SPACE',''
  ) );
#8074 = ADVANCED_FACE('',(#8075),#5810,.T.);
#8075 = FACE_BOUND('',#8076,.F.);
#8076 = EDGE_LOOP('',(#8077,#8078,#8079,#8101));
#8077 = ORIENTED_EDGE('',*,*,#5851,.F.);
#8078 = ORIENTED_EDGE('',*,*,#5794,.T.);
#8079 = ORIENTED_EDGE('',*,*,#8080,.F.);
#8080 = EDGE_CURVE('',#5901,#5795,#8081,.T.);
#8081 = SURFACE_CURVE('',#8082,(#8087,#8094),.PCURVE_S1.);
#8082 = CIRCLE('',#8083,1.5);
#8083 = AXIS2_PLACEMENT_3D('',#8084,#8085,#8086);
#8084 = CARTESIAN_POINT('',(35.,25.5,3.5));
#8085 = DIRECTION('',(-0.,-1.,0.));
#8086 = DIRECTION('',(1.,-0.,0.));
#8087 = PCURVE('',#5810,#8088);
#8088 = DEFINITIONAL_REPRESENTATION('',(#8089),#8093);
#8089 = LINE('',#8090,#8091);
#8090 = CARTESIAN_POINT('',(-0.,8.5));
#8091 = VECTOR('',#8092,1.);
#8092 = DIRECTION('',(-1.,0.));
#8093 = ( GEOMETRIC_REPRESENTATION_CONTEXT(2) 
PARAMETRIC_REPRESENTATION_CONTEXT() REPRESENTATION_CONTEXT('2D SPACE',''
  ) );
#8094 = PCURVE('',#8043,#8095);
#8095 = DEFINITIONAL_REPRESENTATION('',(#8096),#8100);
#8096 = LINE('',#8097,#8098);
#8097 = CARTESIAN_POINT('',(0.,0.));
#8098 = VECTOR('',#8099,1.);
#8099 = DIRECTION('',(1.,0.));
#8100 = ( GEOMETRIC_REPRESENTATION_CONTEXT(2) 
PARAMETRIC_REPRESENTATION_CONTEXT() REPRESENTATION_CONTEXT('2D SPACE',''
  ) );
#8101 = ORIENTED_EDGE('',*,*,#5928,.F.);
#8102 = ADVANCED_FACE('',(#8103),#5916,.T.);
#8103 = FACE_BOUND('',#8104,.T.);
#8104 = EDGE_LOOP('',(#8105,#8106,#8128,#8149));
#8105 = ORIENTED_EDGE('',*,*,#5900,.F.);
#8106 = ORIENTED_EDGE('',*,*,#8107,.T.);
#8107 = EDGE_CURVE('',#5878,#7930,#8108,.T.);
#8108 = SURFACE_CURVE('',#8109,(#8114,#8121),.PCURVE_S1.);
#8109 = CIRCLE('',#8110,1.5);
#8110 = AXIS2_PLACEMENT_3D('',#8111,#8112,#8113);
#8111 = CARTESIAN_POINT('',(35.,25.5,-3.5));
#8112 = DIRECTION('',(0.,0.,1.));
#8113 = DIRECTION('',(1.,0.,-0.));
#8114 = PCURVE('',#5916,#8115);
#8115 = DEFINITIONAL_REPRESENTATION('',(#8116),#8120);
#8116 = LINE('',#8117,#8118);
#8117 = CARTESIAN_POINT('',(0.,1.5));
#8118 = VECTOR('',#8119,1.);
#8119 = DIRECTION('',(1.,0.));
#8120 = ( GEOMETRIC_REPRESENTATION_CONTEXT(2) 
PARAMETRIC_REPRESENTATION_CONTEXT() REPRESENTATION_CONTEXT('2D SPACE',''
  ) );
#8121 = PCURVE('',#7945,#8122);
#8122 = DEFINITIONAL_REPRESENTATION('',(#8123),#8127);
#8123 = LINE('',#8124,#8125);
#8124 = CARTESIAN_POINT('',(0.,0.));
#8125 = VECTOR('',#8126,1.);
#8126 = DIRECTION('',(1.,0.));
#8127 = ( GEOMETRIC_REPRESENTATION_CONTEXT(2) 
PARAMETRIC_REPRESENTATION_CONTEXT() REPRESENTATION_CONTEXT('2D SPACE',''
  ) );
#8128 = ORIENTED_EDGE('',*,*,#8129,.T.);
#8129 = EDGE_CURVE('',#7930,#8028,#8130,.T.);
#8130 = SURFACE_CURVE('',#8131,(#8135,#8142),.PCURVE_S1.);
#8131 = LINE('',#8132,#8133);
#8132 = CARTESIAN_POINT('',(35.,27.,-5.));
#8133 = VECTOR('',#8134,1.);
#8134 = DIRECTION('',(0.,0.,1.));
#8135 = PCURVE('',#5916,#8136);
#8136 = DEFINITIONAL_REPRESENTATION('',(#8137),#8141);
#8137 = LINE('',#8138,#8139);
#8138 = CARTESIAN_POINT('',(1.570796326795,0.));
#8139 = VECTOR('',#8140,1.);
#8140 = DIRECTION('',(0.,1.));
#8141 = ( GEOMETRIC_REPRESENTATION_CONTEXT(2) 
PARAMETRIC_REPRESENTATION_CONTEXT() REPRESENTATION_CONTEXT('2D SPACE',''
  ) );
#8142 = PCURVE('',#7873,#8143);
#8143 = DEFINITIONAL_REPRESENTATION('',(#8144),#8148);
#8144 = LINE('',#8145,#8146);
#8145 = CARTESIAN_POINT('',(0.,8.5));
#8146 = VECTOR('',#8147,1.);
#8147 = DIRECTION('',(1.,0.));
#8148 = ( GEOMETRIC_REPRESENTATION_CONTEXT(2) 
PARAMETRIC_REPRESENTATION_CONTEXT() REPRESENTATION_CONTEXT('2D SPACE',''
  ) );
#8149 = ORIENTED_EDGE('',*,*,#8150,.T.);
#8150 = EDGE_CURVE('',#8028,#5901,#8151,.T.);
#8151 = SURFACE_CURVE('',#8152,(#8157,#8163),.PCURVE_S1.);
#8152 = CIRCLE('',#8153,1.5);
#8153 = AXIS2_PLACEMENT_3D('',#8154,#8155,#8156);
#8154 = CARTESIAN_POINT('',(35.,25.5,3.5));
#8155 = DIRECTION('',(0.,0.,-1.));
#8156 = DIRECTION('',(1.,0.,0.));
#8157 = PCURVE('',#5916,#8158);
#8158 = DEFINITIONAL_REPRESENTATION('',(#8159),#8162);
#8159 = B_SPLINE_CURVE_WITH_KNOTS('',1,(#8160,#8161),.UNSPECIFIED.,.F.,
  .F.,(2,2),(4.712388980385,6.28318530718),.PIECEWISE_BEZIER_KNOTS.);
#8160 = CARTESIAN_POINT('',(1.570796326795,8.5));
#8161 = CARTESIAN_POINT('',(0.,8.5));
#8162 = ( GEOMETRIC_REPRESENTATION_CONTEXT(2) 
PARAMETRIC_REPRESENTATION_CONTEXT() REPRESENTATION_CONTEXT('2D SPACE',''
  ) );
#8163 = PCURVE('',#8043,#8164);
#8164 = DEFINITIONAL_REPRESENTATION('',(#8165),#8168);
#8165 = B_SPLINE_CURVE_WITH_KNOTS('',1,(#8166,#8167),.UNSPECIFIED.,.F.,
  .F.,(2,2),(4.712388980385,6.28318530718),.PIECEWISE_BEZIER_KNOTS.);
#8166 = CARTESIAN_POINT('',(0.,-1.570796326795));
#8167 = CARTESIAN_POINT('',(0.,0.));
#8168 = ( GEOMETRIC_REPRESENTATION_CONTEXT(2) 
PARAMETRIC_REPRESENTATION_CONTEXT() REPRESENTATION_CONTEXT('2D SPACE',''
  ) );
#8169 = ADVANCED_FACE('',(#8170),#5966,.T.);
#8170 = FACE_BOUND('',#8171,.F.);
#8171 = EDGE_LOOP('',(#8172,#8197,#8198,#8199));
#8172 = ORIENTED_EDGE('',*,*,#8173,.T.);
#8173 = EDGE_CURVE('',#6037,#6166,#8174,.T.);
#8174 = SURFACE_CURVE('',#8175,(#8180,#8186),.PCURVE_S1.);
#8175 = CIRCLE('',#8176,2.);
#8176 = AXIS2_PLACEMENT_3D('',#8177,#8178,#8179);
#8177 = CARTESIAN_POINT('',(173.,-17.,-12.));
#8178 = DIRECTION('',(1.,6.123233995737E-17,0.));
#8179 = DIRECTION('',(6.123233995737E-17,-1.,0.));
#8180 = PCURVE('',#5966,#8181);
#8181 = DEFINITIONAL_REPRESENTATION('',(#8182),#8185);
#8182 = B_SPLINE_CURVE_WITH_KNOTS('',1,(#8183,#8184),.UNSPECIFIED.,.F.,
  .F.,(2,2),(0.,1.570796326795),.PIECEWISE_BEZIER_KNOTS.);
#8183 = CARTESIAN_POINT('',(0.,0.));
#8184 = CARTESIAN_POINT('',(-1.570796326795,0.));
#8185 = ( GEOMETRIC_REPRESENTATION_CONTEXT(2) 
PARAMETRIC_REPRESENTATION_CONTEXT() REPRESENTATION_CONTEXT('2D SPACE',''
  ) );
#8186 = PCURVE('',#8187,#8192);
#8187 = SPHERICAL_SURFACE('',#8188,2.);
#8188 = AXIS2_PLACEMENT_3D('',#8189,#8190,#8191);
#8189 = CARTESIAN_POINT('',(173.,-17.,-12.));
#8190 = DIRECTION('',(-0.,-0.,-1.));
#8191 = DIRECTION('',(1.,0.,-0.));
#8192 = DEFINITIONAL_REPRESENTATION('',(#8193),#8196);
#8193 = B_SPLINE_CURVE_WITH_KNOTS('',1,(#8194,#8195),.UNSPECIFIED.,.F.,
  .F.,(2,2),(0.,1.570796326795),.PIECEWISE_BEZIER_KNOTS.);
#8194 = CARTESIAN_POINT('',(1.570796326795,0.));
#8195 = CARTESIAN_POINT('',(1.570796326795,1.570796326795));
#8196 = ( GEOMETRIC_REPRESENTATION_CONTEXT(2) 
PARAMETRIC_REPRESENTATION_CONTEXT() REPRESENTATION_CONTEXT('2D SPACE',''
  ) );
#8197 = ORIENTED_EDGE('',*,*,#6165,.T.);
#8198 = ORIENTED_EDGE('',*,*,#5952,.F.);
#8199 = ORIENTED_EDGE('',*,*,#6064,.F.);
#8200 = ADVANCED_FACE('',(#8201),#5996,.T.);
#8201 = FACE_BOUND('',#8202,.T.);
#8202 = EDGE_LOOP('',(#8203,#8228,#8229,#8230));
#8203 = ORIENTED_EDGE('',*,*,#8204,.T.);
#8204 = EDGE_CURVE('',#6014,#6090,#8205,.T.);
#8205 = SURFACE_CURVE('',#8206,(#8211,#8217),.PCURVE_S1.);
#8206 = CIRCLE('',#8207,2.);
#8207 = AXIS2_PLACEMENT_3D('',#8208,#8209,#8210);
#8208 = CARTESIAN_POINT('',(173.,-17.,12.));
#8209 = DIRECTION('',(-1.,-6.123233995737E-17,0.));
#8210 = DIRECTION('',(6.123233995737E-17,-1.,-0.));
#8211 = PCURVE('',#5996,#8212);
#8212 = DEFINITIONAL_REPRESENTATION('',(#8213),#8216);
#8213 = B_SPLINE_CURVE_WITH_KNOTS('',1,(#8214,#8215),.UNSPECIFIED.,.F.,
  .F.,(2,2),(0.,1.570796326795),.PIECEWISE_BEZIER_KNOTS.);
#8214 = CARTESIAN_POINT('',(0.,0.));
#8215 = CARTESIAN_POINT('',(1.570796326795,0.));
#8216 = ( GEOMETRIC_REPRESENTATION_CONTEXT(2) 
PARAMETRIC_REPRESENTATION_CONTEXT() REPRESENTATION_CONTEXT('2D SPACE',''
  ) );
#8217 = PCURVE('',#8218,#8223);
#8218 = SPHERICAL_SURFACE('',#8219,2.);
#8219 = AXIS2_PLACEMENT_3D('',#8220,#8221,#8222);
#8220 = CARTESIAN_POINT('',(173.,-17.,12.));
#8221 = DIRECTION('',(0.,0.,1.));
#8222 = DIRECTION('',(1.,0.,-0.));
#8223 = DEFINITIONAL_REPRESENTATION('',(#8224),#8227);
#8224 = B_SPLINE_CURVE_WITH_KNOTS('',1,(#8225,#8226),.UNSPECIFIED.,.F.,
  .F.,(2,2),(0.,1.570796326795),.PIECEWISE_BEZIER_KNOTS.);
#8225 = CARTESIAN_POINT('',(-1.570796326795,0.));
#8226 = CARTESIAN_POINT('',(-1.570796326795,1.570796326795));
#8227 = ( GEOMETRIC_REPRESENTATION_CONTEXT(2) 
PARAMETRIC_REPRESENTATION_CONTEXT() REPRESENTATION_CONTEXT('2D SPACE',''
  ) );
#8228 = ORIENTED_EDGE('',*,*,#6089,.T.);
#8229 = ORIENTED_EDGE('',*,*,#5982,.F.);
#8230 = ORIENTED_EDGE('',*,*,#6013,.F.);
#8231 = ADVANCED_FACE('',(#8232),#6052,.T.);
#8232 = FACE_BOUND('',#8233,.F.);
#8233 = EDGE_LOOP('',(#8234,#8259,#8281,#8282));
#8234 = ORIENTED_EDGE('',*,*,#8235,.F.);
#8235 = EDGE_CURVE('',#8236,#8238,#8240,.T.);
#8236 = VERTEX_POINT('',#8237);
#8237 = CARTESIAN_POINT('',(175.,-17.,-12.));
#8238 = VERTEX_POINT('',#8239);
#8239 = CARTESIAN_POINT('',(175.,-17.,12.));
#8240 = SURFACE_CURVE('',#8241,(#8245,#8252),.PCURVE_S1.);
#8241 = LINE('',#8242,#8243);
#8242 = CARTESIAN_POINT('',(175.,-17.,-14.));
#8243 = VECTOR('',#8244,1.);
#8244 = DIRECTION('',(0.,0.,1.));
#8245 = PCURVE('',#6052,#8246);
#8246 = DEFINITIONAL_REPRESENTATION('',(#8247),#8251);
#8247 = LINE('',#8248,#8249);
#8248 = CARTESIAN_POINT('',(-0.,0.));
#8249 = VECTOR('',#8250,1.);
#8250 = DIRECTION('',(-0.,1.));
#8251 = ( GEOMETRIC_REPRESENTATION_CONTEXT(2) 
PARAMETRIC_REPRESENTATION_CONTEXT() REPRESENTATION_CONTEXT('2D SPACE',''
  ) );
#8252 = PCURVE('',#7708,#8253);
#8253 = DEFINITIONAL_REPRESENTATION('',(#8254),#8258);
#8254 = LINE('',#8255,#8256);
#8255 = CARTESIAN_POINT('',(0.,-2.));
#8256 = VECTOR('',#8257,1.);
#8257 = DIRECTION('',(1.,0.));
#8258 = ( GEOMETRIC_REPRESENTATION_CONTEXT(2) 
PARAMETRIC_REPRESENTATION_CONTEXT() REPRESENTATION_CONTEXT('2D SPACE',''
  ) );
#8259 = ORIENTED_EDGE('',*,*,#8260,.T.);
#8260 = EDGE_CURVE('',#8236,#6037,#8261,.T.);
#8261 = SURFACE_CURVE('',#8262,(#8267,#8274),.PCURVE_S1.);
#8262 = CIRCLE('',#8263,2.);
#8263 = AXIS2_PLACEMENT_3D('',#8264,#8265,#8266);
#8264 = CARTESIAN_POINT('',(173.,-17.,-12.));
#8265 = DIRECTION('',(0.,-0.,-1.));
#8266 = DIRECTION('',(1.,0.,-0.));
#8267 = PCURVE('',#6052,#8268);
#8268 = DEFINITIONAL_REPRESENTATION('',(#8269),#8273);
#8269 = LINE('',#8270,#8271);
#8270 = CARTESIAN_POINT('',(-0.,2.));
#8271 = VECTOR('',#8272,1.);
#8272 = DIRECTION('',(-1.,0.));
#8273 = ( GEOMETRIC_REPRESENTATION_CONTEXT(2) 
PARAMETRIC_REPRESENTATION_CONTEXT() REPRESENTATION_CONTEXT('2D SPACE',''
  ) );
#8274 = PCURVE('',#8187,#8275);
#8275 = DEFINITIONAL_REPRESENTATION('',(#8276),#8280);
#8276 = LINE('',#8277,#8278);
#8277 = CARTESIAN_POINT('',(0.,0.));
#8278 = VECTOR('',#8279,1.);
#8279 = DIRECTION('',(1.,0.));
#8280 = ( GEOMETRIC_REPRESENTATION_CONTEXT(2) 
PARAMETRIC_REPRESENTATION_CONTEXT() REPRESENTATION_CONTEXT('2D SPACE',''
  ) );
#8281 = ORIENTED_EDGE('',*,*,#6036,.T.);
#8282 = ORIENTED_EDGE('',*,*,#8283,.F.);
#8283 = EDGE_CURVE('',#8238,#6014,#8284,.T.);
#8284 = SURFACE_CURVE('',#8285,(#8290,#8297),.PCURVE_S1.);
#8285 = CIRCLE('',#8286,2.);
#8286 = AXIS2_PLACEMENT_3D('',#8287,#8288,#8289);
#8287 = CARTESIAN_POINT('',(173.,-17.,12.));
#8288 = DIRECTION('',(0.,-0.,-1.));
#8289 = DIRECTION('',(1.,0.,-0.));
#8290 = PCURVE('',#6052,#8291);
#8291 = DEFINITIONAL_REPRESENTATION('',(#8292),#8296);
#8292 = LINE('',#8293,#8294);
#8293 = CARTESIAN_POINT('',(-0.,26.));
#8294 = VECTOR('',#8295,1.);
#8295 = DIRECTION('',(-1.,0.));
#8296 = ( GEOMETRIC_REPRESENTATION_CONTEXT(2) 
PARAMETRIC_REPRESENTATION_CONTEXT() REPRESENTATION_CONTEXT('2D SPACE',''
  ) );
#8297 = PCURVE('',#8218,#8298);
#8298 = DEFINITIONAL_REPRESENTATION('',(#8299),#8303);
#8299 = LINE('',#8300,#8301);
#8300 = CARTESIAN_POINT('',(-0.,0.));
#8301 = VECTOR('',#8302,1.);
#8302 = DIRECTION('',(-1.,0.));
#8303 = ( GEOMETRIC_REPRESENTATION_CONTEXT(2) 
PARAMETRIC_REPRESENTATION_CONTEXT() REPRESENTATION_CONTEXT('2D SPACE',''
  ) );
#8304 = ADVANCED_FACE('',(#8305),#6128,.T.);
#8305 = FACE_BOUND('',#8306,.T.);
#8306 = EDGE_LOOP('',(#8307,#8327,#8328,#8348));
#8307 = ORIENTED_EDGE('',*,*,#8308,.T.);
#8308 = EDGE_CURVE('',#7693,#6113,#8309,.T.);
#8309 = SURFACE_CURVE('',#8310,(#8315,#8321),.PCURVE_S1.);
#8310 = CIRCLE('',#8311,2.);
#8311 = AXIS2_PLACEMENT_3D('',#8312,#8313,#8314);
#8312 = CARTESIAN_POINT('',(173.,17.,12.));
#8313 = DIRECTION('',(6.123233995737E-17,-1.,0.));
#8314 = DIRECTION('',(1.,6.123233995737E-17,0.));
#8315 = PCURVE('',#6128,#8316);
#8316 = DEFINITIONAL_REPRESENTATION('',(#8317),#8320);
#8317 = B_SPLINE_CURVE_WITH_KNOTS('',1,(#8318,#8319),.UNSPECIFIED.,.F.,
  .F.,(2,2),(0.,1.570796326795),.PIECEWISE_BEZIER_KNOTS.);
#8318 = CARTESIAN_POINT('',(0.,0.));
#8319 = CARTESIAN_POINT('',(1.570796326795,0.));
#8320 = ( GEOMETRIC_REPRESENTATION_CONTEXT(2) 
PARAMETRIC_REPRESENTATION_CONTEXT() REPRESENTATION_CONTEXT('2D SPACE',''
  ) );
#8321 = PCURVE('',#7675,#8322);
#8322 = DEFINITIONAL_REPRESENTATION('',(#8323),#8326);
#8323 = B_SPLINE_CURVE_WITH_KNOTS('',1,(#8324,#8325),.UNSPECIFIED.,.F.,
  .F.,(2,2),(0.,1.570796326795),.PIECEWISE_BEZIER_KNOTS.);
#8324 = CARTESIAN_POINT('',(-1.570796326795,0.));
#8325 = CARTESIAN_POINT('',(-1.570796326795,1.570796326795));
#8326 = ( GEOMETRIC_REPRESENTATION_CONTEXT(2) 
PARAMETRIC_REPRESENTATION_CONTEXT() REPRESENTATION_CONTEXT('2D SPACE',''
  ) );
#8327 = ORIENTED_EDGE('',*,*,#6112,.T.);
#8328 = ORIENTED_EDGE('',*,*,#8329,.F.);
#8329 = EDGE_CURVE('',#8238,#6090,#8330,.T.);
#8330 = SURFACE_CURVE('',#8331,(#8336,#8342),.PCURVE_S1.);
#8331 = CIRCLE('',#8332,2.);
#8332 = AXIS2_PLACEMENT_3D('',#8333,#8334,#8335);
#8333 = CARTESIAN_POINT('',(173.,-17.,12.));
#8334 = DIRECTION('',(0.,-1.,-0.));
#8335 = DIRECTION('',(1.,0.,-0.));
#8336 = PCURVE('',#6128,#8337);
#8337 = DEFINITIONAL_REPRESENTATION('',(#8338),#8341);
#8338 = B_SPLINE_CURVE_WITH_KNOTS('',1,(#8339,#8340),.UNSPECIFIED.,.F.,
  .F.,(2,2),(0.,1.570796326795),.PIECEWISE_BEZIER_KNOTS.);
#8339 = CARTESIAN_POINT('',(0.,34.));
#8340 = CARTESIAN_POINT('',(1.570796326795,34.));
#8341 = ( GEOMETRIC_REPRESENTATION_CONTEXT(2) 
PARAMETRIC_REPRESENTATION_CONTEXT() REPRESENTATION_CONTEXT('2D SPACE',''
  ) );
#8342 = PCURVE('',#8218,#8343);
#8343 = DEFINITIONAL_REPRESENTATION('',(#8344),#8347);
#8344 = B_SPLINE_CURVE_WITH_KNOTS('',1,(#8345,#8346),.UNSPECIFIED.,.F.,
  .F.,(2,2),(0.,1.570796326795),.PIECEWISE_BEZIER_KNOTS.);
#8345 = CARTESIAN_POINT('',(0.,0.));
#8346 = CARTESIAN_POINT('',(0.,1.570796326795));
#8347 = ( GEOMETRIC_REPRESENTATION_CONTEXT(2) 
PARAMETRIC_REPRESENTATION_CONTEXT() REPRESENTATION_CONTEXT('2D SPACE',''
  ) );
#8348 = ORIENTED_EDGE('',*,*,#8349,.F.);
#8349 = EDGE_CURVE('',#7693,#8238,#8350,.T.);
#8350 = SURFACE_CURVE('',#8351,(#8355,#8362),.PCURVE_S1.);
#8351 = LINE('',#8352,#8353);
#8352 = CARTESIAN_POINT('',(175.,17.,12.));
#8353 = VECTOR('',#8354,1.);
#8354 = DIRECTION('',(-0.,-1.,-0.));
#8355 = PCURVE('',#6128,#8356);
#8356 = DEFINITIONAL_REPRESENTATION('',(#8357),#8361);
#8357 = LINE('',#8358,#8359);
#8358 = CARTESIAN_POINT('',(0.,0.));
#8359 = VECTOR('',#8360,1.);
#8360 = DIRECTION('',(0.,1.));
#8361 = ( GEOMETRIC_REPRESENTATION_CONTEXT(2) 
PARAMETRIC_REPRESENTATION_CONTEXT() REPRESENTATION_CONTEXT('2D SPACE',''
  ) );
#8362 = PCURVE('',#7708,#8363);
#8363 = DEFINITIONAL_REPRESENTATION('',(#8364),#8368);
#8364 = LINE('',#8365,#8366);
#8365 = CARTESIAN_POINT('',(26.,-36.));
#8366 = VECTOR('',#8367,1.);
#8367 = DIRECTION('',(0.,1.));
#8368 = ( GEOMETRIC_REPRESENTATION_CONTEXT(2) 
PARAMETRIC_REPRESENTATION_CONTEXT() REPRESENTATION_CONTEXT('2D SPACE',''
  ) );
#8369 = ADVANCED_FACE('',(#8370),#6204,.T.);
#8370 = FACE_BOUND('',#8371,.F.);
#8371 = EDGE_LOOP('',(#8372,#8392,#8393,#8413));
#8372 = ORIENTED_EDGE('',*,*,#8373,.T.);
#8373 = EDGE_CURVE('',#7691,#6189,#8374,.T.);
#8374 = SURFACE_CURVE('',#8375,(#8380,#8386),.PCURVE_S1.);
#8375 = CIRCLE('',#8376,2.);
#8376 = AXIS2_PLACEMENT_3D('',#8377,#8378,#8379);
#8377 = CARTESIAN_POINT('',(173.,17.,-12.));
#8378 = DIRECTION('',(-6.123233995737E-17,1.,0.));
#8379 = DIRECTION('',(1.,6.123233995737E-17,0.));
#8380 = PCURVE('',#6204,#8381);
#8381 = DEFINITIONAL_REPRESENTATION('',(#8382),#8385);
#8382 = B_SPLINE_CURVE_WITH_KNOTS('',1,(#8383,#8384),.UNSPECIFIED.,.F.,
  .F.,(2,2),(0.,1.570796326795),.PIECEWISE_BEZIER_KNOTS.);
#8383 = CARTESIAN_POINT('',(0.,0.));
#8384 = CARTESIAN_POINT('',(-1.570796326795,0.));
#8385 = ( GEOMETRIC_REPRESENTATION_CONTEXT(2) 
PARAMETRIC_REPRESENTATION_CONTEXT() REPRESENTATION_CONTEXT('2D SPACE',''
  ) );
#8386 = PCURVE('',#7644,#8387);
#8387 = DEFINITIONAL_REPRESENTATION('',(#8388),#8391);
#8388 = B_SPLINE_CURVE_WITH_KNOTS('',1,(#8389,#8390),.UNSPECIFIED.,.F.,
  .F.,(2,2),(0.,1.570796326795),.PIECEWISE_BEZIER_KNOTS.);
#8389 = CARTESIAN_POINT('',(1.570796326795,0.));
#8390 = CARTESIAN_POINT('',(1.570796326795,1.570796326795));
#8391 = ( GEOMETRIC_REPRESENTATION_CONTEXT(2) 
PARAMETRIC_REPRESENTATION_CONTEXT() REPRESENTATION_CONTEXT('2D SPACE',''
  ) );
#8392 = ORIENTED_EDGE('',*,*,#6188,.T.);
#8393 = ORIENTED_EDGE('',*,*,#8394,.F.);
#8394 = EDGE_CURVE('',#8236,#6166,#8395,.T.);
#8395 = SURFACE_CURVE('',#8396,(#8401,#8407),.PCURVE_S1.);
#8396 = CIRCLE('',#8397,2.);
#8397 = AXIS2_PLACEMENT_3D('',#8398,#8399,#8400);
#8398 = CARTESIAN_POINT('',(173.,-17.,-12.));
#8399 = DIRECTION('',(0.,1.,0.));
#8400 = DIRECTION('',(1.,0.,-0.));
#8401 = PCURVE('',#6204,#8402);
#8402 = DEFINITIONAL_REPRESENTATION('',(#8403),#8406);
#8403 = B_SPLINE_CURVE_WITH_KNOTS('',1,(#8404,#8405),.UNSPECIFIED.,.F.,
  .F.,(2,2),(0.,1.570796326795),.PIECEWISE_BEZIER_KNOTS.);
#8404 = CARTESIAN_POINT('',(0.,34.));
#8405 = CARTESIAN_POINT('',(-1.570796326795,34.));
#8406 = ( GEOMETRIC_REPRESENTATION_CONTEXT(2) 
PARAMETRIC_REPRESENTATION_CONTEXT() REPRESENTATION_CONTEXT('2D SPACE',''
  ) );
#8407 = PCURVE('',#8187,#8408);
#8408 = DEFINITIONAL_REPRESENTATION('',(#8409),#8412);
#8409 = B_SPLINE_CURVE_WITH_KNOTS('',1,(#8410,#8411),.UNSPECIFIED.,.F.,
  .F.,(2,2),(0.,1.570796326795),.PIECEWISE_BEZIER_KNOTS.);
#8410 = CARTESIAN_POINT('',(0.,0.));
#8411 = CARTESIAN_POINT('',(0.,1.570796326795));
#8412 = ( GEOMETRIC_REPRESENTATION_CONTEXT(2) 
PARAMETRIC_REPRESENTATION_CONTEXT() REPRESENTATION_CONTEXT('2D SPACE',''
  ) );
#8413 = ORIENTED_EDGE('',*,*,#8414,.F.);
#8414 = EDGE_CURVE('',#7691,#8236,#8415,.T.);
#8415 = SURFACE_CURVE('',#8416,(#8420,#8427),.PCURVE_S1.);
#8416 = LINE('',#8417,#8418);
#8417 = CARTESIAN_POINT('',(175.,17.,-12.));
#8418 = VECTOR('',#8419,1.);
#8419 = DIRECTION('',(-0.,-1.,-0.));
#8420 = PCURVE('',#6204,#8421);
#8421 = DEFINITIONAL_REPRESENTATION('',(#8422),#8426);
#8422 = LINE('',#8423,#8424);
#8423 = CARTESIAN_POINT('',(-0.,0.));
#8424 = VECTOR('',#8425,1.);
#8425 = DIRECTION('',(-0.,1.));
#8426 = ( GEOMETRIC_REPRESENTATION_CONTEXT(2) 
PARAMETRIC_REPRESENTATION_CONTEXT() REPRESENTATION_CONTEXT('2D SPACE',''
  ) );
#8427 = PCURVE('',#7708,#8428);
#8428 = DEFINITIONAL_REPRESENTATION('',(#8429),#8433);
#8429 = LINE('',#8430,#8431);
#8430 = CARTESIAN_POINT('',(2.,-36.));
#8431 = VECTOR('',#8432,1.);
#8432 = DIRECTION('',(0.,1.));
#8433 = ( GEOMETRIC_REPRESENTATION_CONTEXT(2) 
PARAMETRIC_REPRESENTATION_CONTEXT() REPRESENTATION_CONTEXT('2D SPACE',''
  ) );
#8434 = ADVANCED_FACE('',(#8435),#6366,.T.);
#8435 = FACE_BOUND('',#8436,.F.);
#8436 = EDGE_LOOP('',(#8437,#8438,#8552,#8580));
#8437 = ORIENTED_EDGE('',*,*,#6348,.F.);
#8438 = ORIENTED_EDGE('',*,*,#8439,.T.);
#8439 = EDGE_CURVE('',#6349,#8440,#8442,.T.);
#8440 = VERTEX_POINT('',#8441);
#8441 = CARTESIAN_POINT('',(24.,-26.,-13.));
#8442 = SURFACE_CURVE('',#8443,(#8453,#8463),.PCURVE_S1.);
#8443 = B_SPLINE_CURVE_WITH_KNOTS('',8,(#8444,#8445,#8446,#8447,#8448,
    #8449,#8450,#8451,#8452),.UNSPECIFIED.,.F.,.F.,(9,9),(0.,1.),
  .PIECEWISE_BEZIER_KNOTS.);
#8444 = CARTESIAN_POINT('',(26.,-24.,-13.));
#8445 = CARTESIAN_POINT('',(26.,-24.39269906774,-13.));
#8446 = CARTESIAN_POINT('',(25.911878430323,-24.7853983217,-13.));
#8447 = CARTESIAN_POINT('',(25.735636102931,-25.15502642238,-13.));
#8448 = CARTESIAN_POINT('',(25.47851755663,-25.47851755663,-13.));
#8449 = CARTESIAN_POINT('',(25.155026422384,-25.73563610293,-13.));
#8450 = CARTESIAN_POINT('',(24.785398321702,-25.91187843032,-13.));
#8451 = CARTESIAN_POINT('',(24.392699067746,-26.,-13.));
#8452 = CARTESIAN_POINT('',(24.,-26.,-13.));
#8453 = PCURVE('',#6366,#8454);
#8454 = DEFINITIONAL_REPRESENTATION('',(#8455),#8462);
#8455 = B_SPLINE_CURVE_WITH_KNOTS('',5,(#8456,#8457,#8458,#8459,#8460,
    #8461),.UNSPECIFIED.,.F.,.F.,(6,6),(0.,1.),
  .PIECEWISE_BEZIER_KNOTS.);
#8456 = CARTESIAN_POINT('',(-1.110223024625E-16,3.));
#8457 = CARTESIAN_POINT('',(-0.314159254197,3.));
#8458 = CARTESIAN_POINT('',(-0.628318592448,3.));
#8459 = CARTESIAN_POINT('',(-0.942477734347,3.));
#8460 = CARTESIAN_POINT('',(-1.256637072598,3.));
#8461 = CARTESIAN_POINT('',(-1.570796326795,3.));
#8462 = ( GEOMETRIC_REPRESENTATION_CONTEXT(2) 
PARAMETRIC_REPRESENTATION_CONTEXT() REPRESENTATION_CONTEXT('2D SPACE',''
  ) );
#8463 = PCURVE('',#8464,#8546);
#8464 = B_SPLINE_SURFACE_WITH_KNOTS('',8,8,(
    (#8465,#8466,#8467,#8468,#8469,#8470,#8471,#8472,#8473)
    ,(#8474,#8475,#8476,#8477,#8478,#8479,#8480,#8481,#8482)
    ,(#8483,#8484,#8485,#8486,#8487,#8488,#8489,#8490,#8491)
    ,(#8492,#8493,#8494,#8495,#8496,#8497,#8498,#8499,#8500)
    ,(#8501,#8502,#8503,#8504,#8505,#8506,#8507,#8508,#8509)
    ,(#8510,#8511,#8512,#8513,#8514,#8515,#8516,#8517,#8518)
    ,(#8519,#8520,#8521,#8522,#8523,#8524,#8525,#8526,#8527)
    ,(#8528,#8529,#8530,#8531,#8532,#8533,#8534,#8535,#8536)
    ,(#8537,#8538,#8539,#8540,#8541,#8542,#8543,#8544,#8545
  )),.UNSPECIFIED.,.F.,.F.,.F.,(9,9),(9,9),(0.,1.),(0.,1.),
  .PIECEWISE_BEZIER_KNOTS.);
#8465 = CARTESIAN_POINT('',(26.,-24.,-13.));
#8466 = CARTESIAN_POINT('',(26.,-23.875,-13.58904862254));
#8467 = CARTESIAN_POINT('',(25.867817633117,-23.75,-14.17809743051));
#8468 = CARTESIAN_POINT('',(25.603454197614,-23.625,-14.732539703));
#8469 = CARTESIAN_POINT('',(25.21777626734,-23.5,-15.21777626734));
#8470 = CARTESIAN_POINT('',(24.732539703005,-23.375,-15.60345419761));
#8471 = CARTESIAN_POINT('',(24.178097430513,-23.25,-15.86781763311));
#8472 = CARTESIAN_POINT('',(23.589048622548,-23.125,-16.));
#8473 = CARTESIAN_POINT('',(23.,-23.,-16.));
#8474 = CARTESIAN_POINT('',(26.,-24.39269906774,-13.));
#8475 = CARTESIAN_POINT('',(26.012271845867,-24.26548668427,
    -13.58904862254));
#8476 = CARTESIAN_POINT('',(25.885247155342,-24.12175150495,
    -14.19907992414));
#8477 = CARTESIAN_POINT('',(25.604986488444,-23.96149369204,
    -14.78291055676));
#8478 = CARTESIAN_POINT('',(25.180537244428,-23.78607156729,
    -15.27780798807));
#8479 = CARTESIAN_POINT('',(24.674457058233,-23.59820461328,
    -15.63902397426));
#8480 = CARTESIAN_POINT('',(24.128166067264,-23.40168694575,
    -15.87991243389));
#8481 = CARTESIAN_POINT('',(23.56229254473,-23.20084346128,-16.));
#8482 = CARTESIAN_POINT('',(23.,-23.,-16.));
#8483 = CARTESIAN_POINT('',(25.911878430323,-24.7853983217,-13.));
#8484 = CARTESIAN_POINT('',(25.944410340064,-24.68454231452,
    -13.58904862254));
#8485 = CARTESIAN_POINT('',(25.761211724687,-24.59816230318,
    -14.21406741959));
#8486 = CARTESIAN_POINT('',(25.46144531958,-24.41786111736,
    -14.81888973802));
#8487 = CARTESIAN_POINT('',(25.020288033537,-24.18116161054,
    -15.3206877886));
#8488 = CARTESIAN_POINT('',(24.51981955043,-23.9079808441,
    -15.66443095758));
#8489 = CARTESIAN_POINT('',(24.00639644432,-23.61342474656,
    -15.8885515773));
#8490 = CARTESIAN_POINT('',(23.456483058967,-23.34171536381,-16.));
#8491 = CARTESIAN_POINT('',(23.,-23.,-16.));
#8492 = CARTESIAN_POINT('',(25.735636102931,-25.15502642238,-13.));
#8493 = CARTESIAN_POINT('',(25.772504048312,-25.10567816719,
    -13.58904862254));
#8494 = CARTESIAN_POINT('',(25.614770433896,-25.00382807732,
    -14.22305991686));
#8495 = CARTESIAN_POINT('',(25.329131707963,-24.7843398503,
    -14.84047724678));
#8496 = CARTESIAN_POINT('',(24.904793365011,-24.47473627245,
    -15.34641566891));
#8497 = CARTESIAN_POINT('',(24.425268127432,-24.11951513231,
    -15.67967514757));
#8498 = CARTESIAN_POINT('',(23.937731531717,-23.74669433471,
    -15.89373506335));
#8499 = CARTESIAN_POINT('',(23.4309813217,-23.38825455113,-16.));
#8500 = CARTESIAN_POINT('',(23.,-23.,-16.));
#8501 = CARTESIAN_POINT('',(25.47851755663,-25.47851755663,-13.));
#8502 = CARTESIAN_POINT('',(25.485873174931,-25.48587317493,
    -13.58904862254));
#8503 = CARTESIAN_POINT('',(25.359346228226,-25.35934622822,
    -14.22605741595));
#8504 = CARTESIAN_POINT('',(25.102486774944,-25.10248677494,
    -14.84767308303));
#8505 = CARTESIAN_POINT('',(24.7248235981,-24.72482359809,
    -15.35499162902));
#8506 = CARTESIAN_POINT('',(24.295310220103,-24.2953102201,
    -15.68475654424));
#8507 = CARTESIAN_POINT('',(23.85444449073,-23.85444449073,
    -15.89546289203));
#8508 = CARTESIAN_POINT('',(23.413124178095,-23.41312417809,-16.));
#8509 = CARTESIAN_POINT('',(23.,-23.,-16.));
#8510 = CARTESIAN_POINT('',(25.155026422384,-25.73563610293,-13.));
#8511 = CARTESIAN_POINT('',(25.105678167195,-25.77250404831,
    -13.58904862254));
#8512 = CARTESIAN_POINT('',(25.003828077326,-25.61477043389,
    -14.22305991686));
#8513 = CARTESIAN_POINT('',(24.784339850307,-25.32913170796,
    -14.84047724678));
#8514 = CARTESIAN_POINT('',(24.474736272454,-24.90479336501,
    -15.34641566891));
#8515 = CARTESIAN_POINT('',(24.119515132314,-24.42526812743,
    -15.67967514757));
#8516 = CARTESIAN_POINT('',(23.746694334718,-23.93773153171,
    -15.89373506335));
#8517 = CARTESIAN_POINT('',(23.388254551138,-23.4309813217,-16.));
#8518 = CARTESIAN_POINT('',(23.,-23.,-16.));
#8519 = CARTESIAN_POINT('',(24.785398321702,-25.91187843032,-13.));
#8520 = CARTESIAN_POINT('',(24.684542314525,-25.94441034006,
    -13.58904862254));
#8521 = CARTESIAN_POINT('',(24.598162303189,-25.76121172468,
    -14.21406741959));
#8522 = CARTESIAN_POINT('',(24.417861117362,-25.46144531958,
    -14.81888973802));
#8523 = CARTESIAN_POINT('',(24.181161610546,-25.02028803353,
    -15.3206877886));
#8524 = CARTESIAN_POINT('',(23.907980844105,-24.51981955043,
    -15.66443095758));
#8525 = CARTESIAN_POINT('',(23.613424746562,-24.00639644432,
    -15.8885515773));
#8526 = CARTESIAN_POINT('',(23.341715363813,-23.45648305896,-16.));
#8527 = CARTESIAN_POINT('',(23.,-23.,-16.));
#8528 = CARTESIAN_POINT('',(24.392699067746,-26.,-13.));
#8529 = CARTESIAN_POINT('',(24.265486684278,-26.01227184586,
    -13.58904862254));
#8530 = CARTESIAN_POINT('',(24.121751504949,-25.88524715534,
    -14.19907992414));
#8531 = CARTESIAN_POINT('',(23.961493692043,-25.60498648844,
    -14.78291055676));
#8532 = CARTESIAN_POINT('',(23.786071567291,-25.18053724442,
    -15.27780798807));
#8533 = CARTESIAN_POINT('',(23.598204613281,-24.67445705823,
    -15.63902397426));
#8534 = CARTESIAN_POINT('',(23.401686945751,-24.12816606726,
    -15.87991243389));
#8535 = CARTESIAN_POINT('',(23.200843461287,-23.56229254473,-16.));
#8536 = CARTESIAN_POINT('',(23.,-23.,-16.));
#8537 = CARTESIAN_POINT('',(24.,-26.,-13.));
#8538 = CARTESIAN_POINT('',(23.875,-26.,-13.58904862254));
#8539 = CARTESIAN_POINT('',(23.75,-25.86781763311,-14.17809743051));
#8540 = CARTESIAN_POINT('',(23.625,-25.60345419761,-14.732539703));
#8541 = CARTESIAN_POINT('',(23.5,-25.21777626733,-15.21777626734));
#8542 = CARTESIAN_POINT('',(23.375,-24.732539703,-15.60345419761));
#8543 = CARTESIAN_POINT('',(23.25,-24.17809743051,-15.86781763311));
#8544 = CARTESIAN_POINT('',(23.125,-23.58904862254,-16.));
#8545 = CARTESIAN_POINT('',(23.,-23.,-16.));
#8546 = DEFINITIONAL_REPRESENTATION('',(#8547),#8551);
#8547 = LINE('',#8548,#8549);
#8548 = CARTESIAN_POINT('',(0.,0.));
#8549 = VECTOR('',#8550,1.);
#8550 = DIRECTION('',(1.,0.));
#8551 = ( GEOMETRIC_REPRESENTATION_CONTEXT(2) 
PARAMETRIC_REPRESENTATION_CONTEXT() REPRESENTATION_CONTEXT('2D SPACE',''
  ) );
#8552 = ORIENTED_EDGE('',*,*,#8553,.T.);
#8553 = EDGE_CURVE('',#8440,#8554,#8556,.T.);
#8554 = VERTEX_POINT('',#8555);
#8555 = CARTESIAN_POINT('',(24.,-26.,13.));
#8556 = SURFACE_CURVE('',#8557,(#8561,#8568),.PCURVE_S1.);
#8557 = LINE('',#8558,#8559);
#8558 = CARTESIAN_POINT('',(24.,-26.,-16.));
#8559 = VECTOR('',#8560,1.);
#8560 = DIRECTION('',(0.,0.,1.));
#8561 = PCURVE('',#6366,#8562);
#8562 = DEFINITIONAL_REPRESENTATION('',(#8563),#8567);
#8563 = LINE('',#8564,#8565);
#8564 = CARTESIAN_POINT('',(-1.570796326795,0.));
#8565 = VECTOR('',#8566,1.);
#8566 = DIRECTION('',(-0.,1.));
#8567 = ( GEOMETRIC_REPRESENTATION_CONTEXT(2) 
PARAMETRIC_REPRESENTATION_CONTEXT() REPRESENTATION_CONTEXT('2D SPACE',''
  ) );
#8568 = PCURVE('',#8569,#8574);
#8569 = PLANE('',#8570);
#8570 = AXIS2_PLACEMENT_3D('',#8571,#8572,#8573);
#8571 = CARTESIAN_POINT('',(0.,-26.,-16.));
#8572 = DIRECTION('',(0.,1.,0.));
#8573 = DIRECTION('',(0.,0.,1.));
#8574 = DEFINITIONAL_REPRESENTATION('',(#8575),#8579);
#8575 = LINE('',#8576,#8577);
#8576 = CARTESIAN_POINT('',(0.,24.));
#8577 = VECTOR('',#8578,1.);
#8578 = DIRECTION('',(1.,0.));
#8579 = ( GEOMETRIC_REPRESENTATION_CONTEXT(2) 
PARAMETRIC_REPRESENTATION_CONTEXT() REPRESENTATION_CONTEXT('2D SPACE',''
  ) );
#8580 = ORIENTED_EDGE('',*,*,#8581,.F.);
#8581 = EDGE_CURVE('',#6351,#8554,#8582,.T.);
#8582 = SURFACE_CURVE('',#8583,(#8593,#8603),.PCURVE_S1.);
#8583 = B_SPLINE_CURVE_WITH_KNOTS('',8,(#8584,#8585,#8586,#8587,#8588,
    #8589,#8590,#8591,#8592),.UNSPECIFIED.,.F.,.F.,(9,9),(0.,1.),
  .PIECEWISE_BEZIER_KNOTS.);
#8584 = CARTESIAN_POINT('',(26.,-24.,13.));
#8585 = CARTESIAN_POINT('',(26.,-24.39269906774,13.));
#8586 = CARTESIAN_POINT('',(25.911878430323,-24.7853983217,13.));
#8587 = CARTESIAN_POINT('',(25.735636102931,-25.15502642238,13.));
#8588 = CARTESIAN_POINT('',(25.47851755663,-25.47851755663,13.));
#8589 = CARTESIAN_POINT('',(25.155026422384,-25.73563610293,13.));
#8590 = CARTESIAN_POINT('',(24.785398321702,-25.91187843032,13.));
#8591 = CARTESIAN_POINT('',(24.392699067746,-26.,13.));
#8592 = CARTESIAN_POINT('',(24.,-26.,13.));
#8593 = PCURVE('',#6366,#8594);
#8594 = DEFINITIONAL_REPRESENTATION('',(#8595),#8602);
#8595 = B_SPLINE_CURVE_WITH_KNOTS('',5,(#8596,#8597,#8598,#8599,#8600,
    #8601),.UNSPECIFIED.,.F.,.F.,(6,6),(0.,1.),
  .PIECEWISE_BEZIER_KNOTS.);
#8596 = CARTESIAN_POINT('',(-1.110223024625E-16,29.));
#8597 = CARTESIAN_POINT('',(-0.314159254197,29.));
#8598 = CARTESIAN_POINT('',(-0.628318592448,29.));
#8599 = CARTESIAN_POINT('',(-0.942477734347,29.));
#8600 = CARTESIAN_POINT('',(-1.256637072598,29.));
#8601 = CARTESIAN_POINT('',(-1.570796326795,29.));
#8602 = ( GEOMETRIC_REPRESENTATION_CONTEXT(2) 
PARAMETRIC_REPRESENTATION_CONTEXT() REPRESENTATION_CONTEXT('2D SPACE',''
  ) );
#8603 = PCURVE('',#8604,#8686);
#8604 = B_SPLINE_SURFACE_WITH_KNOTS('',8,8,(
    (#8605,#8606,#8607,#8608,#8609,#8610,#8611,#8612,#8613)
    ,(#8614,#8615,#8616,#8617,#8618,#8619,#8620,#8621,#8622)
    ,(#8623,#8624,#8625,#8626,#8627,#8628,#8629,#8630,#8631)
    ,(#8632,#8633,#8634,#8635,#8636,#8637,#8638,#8639,#8640)
    ,(#8641,#8642,#8643,#8644,#8645,#8646,#8647,#8648,#8649)
    ,(#8650,#8651,#8652,#8653,#8654,#8655,#8656,#8657,#8658)
    ,(#8659,#8660,#8661,#8662,#8663,#8664,#8665,#8666,#8667)
    ,(#8668,#8669,#8670,#8671,#8672,#8673,#8674,#8675,#8676)
    ,(#8677,#8678,#8679,#8680,#8681,#8682,#8683,#8684,#8685
  )),.UNSPECIFIED.,.F.,.F.,.F.,(9,9),(9,9),(0.,1.),(0.,1.),
  .PIECEWISE_BEZIER_KNOTS.);
#8605 = CARTESIAN_POINT('',(26.,-24.,13.));
#8606 = CARTESIAN_POINT('',(26.,-23.875,13.589048622548));
#8607 = CARTESIAN_POINT('',(25.867817633117,-23.75,14.178097430513));
#8608 = CARTESIAN_POINT('',(25.603454197614,-23.625,14.732539703005));
#8609 = CARTESIAN_POINT('',(25.21777626734,-23.5,15.21777626734));
#8610 = CARTESIAN_POINT('',(24.732539703005,-23.375,15.603454197614));
#8611 = CARTESIAN_POINT('',(24.178097430513,-23.25,15.867817633116));
#8612 = CARTESIAN_POINT('',(23.589048622548,-23.125,16.));
#8613 = CARTESIAN_POINT('',(23.,-23.,16.));
#8614 = CARTESIAN_POINT('',(26.,-24.39269906774,13.));
#8615 = CARTESIAN_POINT('',(26.012271845867,-24.26548668427,
    13.589048622548));
#8616 = CARTESIAN_POINT('',(25.885247155342,-24.12175150495,
    14.199079924142));
#8617 = CARTESIAN_POINT('',(25.604986488444,-23.96149369204,
    14.782910556767));
#8618 = CARTESIAN_POINT('',(25.180537244428,-23.78607156729,
    15.277807988076));
#8619 = CARTESIAN_POINT('',(24.674457058233,-23.59820461328,
    15.639023974264));
#8620 = CARTESIAN_POINT('',(24.128166067264,-23.40168694575,
    15.879912433894));
#8621 = CARTESIAN_POINT('',(23.56229254473,-23.20084346128,16.));
#8622 = CARTESIAN_POINT('',(23.,-23.,16.));
#8623 = CARTESIAN_POINT('',(25.911878430323,-24.7853983217,13.));
#8624 = CARTESIAN_POINT('',(25.944410340064,-24.68454231452,
    13.589048622548));
#8625 = CARTESIAN_POINT('',(25.761211724687,-24.59816230318,
    14.214067419592));
#8626 = CARTESIAN_POINT('',(25.46144531958,-24.41786111736,
    14.818889738025));
#8627 = CARTESIAN_POINT('',(25.020288033537,-24.18116161054,
    15.320687788602));
#8628 = CARTESIAN_POINT('',(24.51981955043,-23.9079808441,
    15.664430957585));
#8629 = CARTESIAN_POINT('',(24.00639644432,-23.61342474656,
    15.888551577307));
#8630 = CARTESIAN_POINT('',(23.456483058967,-23.34171536381,16.));
#8631 = CARTESIAN_POINT('',(23.,-23.,16.));
#8632 = CARTESIAN_POINT('',(25.735636102931,-25.15502642238,13.));
#8633 = CARTESIAN_POINT('',(25.772504048312,-25.10567816719,
    13.589048622548));
#8634 = CARTESIAN_POINT('',(25.614770433896,-25.00382807732,
    14.223059916862));
#8635 = CARTESIAN_POINT('',(25.329131707963,-24.7843398503,
    14.84047724678));
#8636 = CARTESIAN_POINT('',(24.904793365011,-24.47473627245,
    15.346415668918));
#8637 = CARTESIAN_POINT('',(24.425268127432,-24.11951513231,
    15.679675147578));
#8638 = CARTESIAN_POINT('',(23.937731531717,-23.74669433471,
    15.893735063355));
#8639 = CARTESIAN_POINT('',(23.4309813217,-23.38825455113,16.));
#8640 = CARTESIAN_POINT('',(23.,-23.,16.));
#8641 = CARTESIAN_POINT('',(25.47851755663,-25.47851755663,13.));
#8642 = CARTESIAN_POINT('',(25.485873174931,-25.48587317493,
    13.589048622548));
#8643 = CARTESIAN_POINT('',(25.359346228226,-25.35934622822,
    14.226057415952));
#8644 = CARTESIAN_POINT('',(25.102486774944,-25.10248677494,
    14.847673083032));
#8645 = CARTESIAN_POINT('',(24.7248235981,-24.72482359809,
    15.354991629023));
#8646 = CARTESIAN_POINT('',(24.295310220103,-24.2953102201,
    15.684756544242));
#8647 = CARTESIAN_POINT('',(23.85444449073,-23.85444449073,
    15.895462892037));
#8648 = CARTESIAN_POINT('',(23.413124178095,-23.41312417809,16.));
#8649 = CARTESIAN_POINT('',(23.,-23.,16.));
#8650 = CARTESIAN_POINT('',(25.155026422384,-25.73563610293,13.));
#8651 = CARTESIAN_POINT('',(25.105678167195,-25.77250404831,
    13.589048622548));
#8652 = CARTESIAN_POINT('',(25.003828077326,-25.61477043389,
    14.223059916862));
#8653 = CARTESIAN_POINT('',(24.784339850307,-25.32913170796,
    14.84047724678));
#8654 = CARTESIAN_POINT('',(24.474736272454,-24.90479336501,
    15.346415668918));
#8655 = CARTESIAN_POINT('',(24.119515132314,-24.42526812743,
    15.679675147578));
#8656 = CARTESIAN_POINT('',(23.746694334718,-23.93773153171,
    15.893735063355));
#8657 = CARTESIAN_POINT('',(23.388254551138,-23.4309813217,16.));
#8658 = CARTESIAN_POINT('',(23.,-23.,16.));
#8659 = CARTESIAN_POINT('',(24.785398321702,-25.91187843032,13.));
#8660 = CARTESIAN_POINT('',(24.684542314525,-25.94441034006,
    13.589048622548));
#8661 = CARTESIAN_POINT('',(24.598162303189,-25.76121172468,
    14.214067419592));
#8662 = CARTESIAN_POINT('',(24.417861117362,-25.46144531958,
    14.818889738025));
#8663 = CARTESIAN_POINT('',(24.181161610546,-25.02028803353,
    15.320687788602));
#8664 = CARTESIAN_POINT('',(23.907980844105,-24.51981955043,
    15.664430957585));
#8665 = CARTESIAN_POINT('',(23.613424746562,-24.00639644432,
    15.888551577307));
#8666 = CARTESIAN_POINT('',(23.341715363813,-23.45648305896,16.));
#8667 = CARTESIAN_POINT('',(23.,-23.,16.));
#8668 = CARTESIAN_POINT('',(24.392699067746,-26.,13.));
#8669 = CARTESIAN_POINT('',(24.265486684278,-26.01227184586,
    13.589048622548));
#8670 = CARTESIAN_POINT('',(24.121751504949,-25.88524715534,
    14.199079924142));
#8671 = CARTESIAN_POINT('',(23.961493692043,-25.60498648844,
    14.782910556767));
#8672 = CARTESIAN_POINT('',(23.786071567291,-25.18053724442,
    15.277807988076));
#8673 = CARTESIAN_POINT('',(23.598204613281,-24.67445705823,
    15.639023974264));
#8674 = CARTESIAN_POINT('',(23.401686945751,-24.12816606726,
    15.879912433894));
#8675 = CARTESIAN_POINT('',(23.200843461287,-23.56229254473,16.));
#8676 = CARTESIAN_POINT('',(23.,-23.,16.));
#8677 = CARTESIAN_POINT('',(24.,-26.,13.));
#8678 = CARTESIAN_POINT('',(23.875,-26.,13.589048622548));
#8679 = CARTESIAN_POINT('',(23.75,-25.86781763311,14.178097430513));
#8680 = CARTESIAN_POINT('',(23.625,-25.60345419761,14.732539703005));
#8681 = CARTESIAN_POINT('',(23.5,-25.21777626733,15.21777626734));
#8682 = CARTESIAN_POINT('',(23.375,-24.732539703,15.603454197614));
#8683 = CARTESIAN_POINT('',(23.25,-24.17809743051,15.867817633116));
#8684 = CARTESIAN_POINT('',(23.125,-23.58904862254,16.));
#8685 = CARTESIAN_POINT('',(23.,-23.,16.));
#8686 = DEFINITIONAL_REPRESENTATION('',(#8687),#8691);
#8687 = LINE('',#8688,#8689);
#8688 = CARTESIAN_POINT('',(0.,0.));
#8689 = VECTOR('',#8690,1.);
#8690 = DIRECTION('',(1.,0.));
#8691 = ( GEOMETRIC_REPRESENTATION_CONTEXT(2) 
PARAMETRIC_REPRESENTATION_CONTEXT() REPRESENTATION_CONTEXT('2D SPACE',''
  ) );
#8692 = ADVANCED_FACE('',(#8693),#6392,.T.);
#8693 = FACE_BOUND('',#8694,.F.);
#8694 = EDGE_LOOP('',(#8695,#8696,#8697,#8732));
#8695 = ORIENTED_EDGE('',*,*,#6436,.T.);
#8696 = ORIENTED_EDGE('',*,*,#6863,.T.);
#8697 = ORIENTED_EDGE('',*,*,#8698,.F.);
#8698 = EDGE_CURVE('',#6349,#6836,#8699,.T.);
#8699 = SURFACE_CURVE('',#8700,(#8708,#8720),.PCURVE_S1.);
#8700 = B_SPLINE_CURVE_WITH_KNOTS('',6,(#8701,#8702,#8703,#8704,#8705,
    #8706,#8707),.UNSPECIFIED.,.F.,.F.,(7,7),(0.,1.),
  .PIECEWISE_BEZIER_KNOTS.);
#8701 = CARTESIAN_POINT('',(26.,-24.,-13.));
#8702 = CARTESIAN_POINT('',(26.,-23.83333333333,-13.78539816339));
#8703 = CARTESIAN_POINT('',(25.753316941939,-23.66666666666,
    -14.57072950211));
#8704 = CARTESIAN_POINT('',(25.259570448921,-23.5,-15.25957044892));
#8705 = CARTESIAN_POINT('',(24.570729502115,-23.33333333333,
    -15.75331694193));
#8706 = CARTESIAN_POINT('',(23.785398163398,-23.16666666666,-16.));
#8707 = CARTESIAN_POINT('',(23.,-23.,-16.));
#8708 = PCURVE('',#6392,#8709);
#8709 = DEFINITIONAL_REPRESENTATION('',(#8710),#8719);
#8710 = B_SPLINE_CURVE_WITH_KNOTS('',7,(#8711,#8712,#8713,#8714,#8715,
    #8716,#8717,#8718),.UNSPECIFIED.,.F.,.F.,(8,8),(0.,1.),
  .PIECEWISE_BEZIER_KNOTS.);
#8711 = CARTESIAN_POINT('',(0.,5.));
#8712 = CARTESIAN_POINT('',(-0.224399475256,4.857142857143));
#8713 = CARTESIAN_POINT('',(-0.448780948517,4.714297174712));
#8714 = CARTESIAN_POINT('',(-0.673244369879,4.5713993225));
#8715 = CARTESIAN_POINT('',(-0.897551956916,4.4286006775));
#8716 = CARTESIAN_POINT('',(-1.122015378278,4.285702825288));
#8717 = CARTESIAN_POINT('',(-1.346396851538,4.142857142857));
#8718 = CARTESIAN_POINT('',(-1.570796326795,4.));
#8719 = ( GEOMETRIC_REPRESENTATION_CONTEXT(2) 
PARAMETRIC_REPRESENTATION_CONTEXT() REPRESENTATION_CONTEXT('2D SPACE',''
  ) );
#8720 = PCURVE('',#8464,#8721);
#8721 = DEFINITIONAL_REPRESENTATION('',(#8722),#8731);
#8722 = B_SPLINE_CURVE_WITH_KNOTS('',7,(#8723,#8724,#8725,#8726,#8727,
    #8728,#8729,#8730),.UNSPECIFIED.,.F.,.F.,(8,8),(0.,1.),
  .PIECEWISE_BEZIER_KNOTS.);
#8723 = CARTESIAN_POINT('',(0.,1.110223024625E-16));
#8724 = CARTESIAN_POINT('',(0.,0.142857142857));
#8725 = CARTESIAN_POINT('',(0.,0.285702826527));
#8726 = CARTESIAN_POINT('',(0.,0.428600674372));
#8727 = CARTESIAN_POINT('',(0.,0.571399325628));
#8728 = CARTESIAN_POINT('',(0.,0.714297173473));
#8729 = CARTESIAN_POINT('',(0.,0.857142857143));
#8730 = CARTESIAN_POINT('',(0.,1.));
#8731 = ( GEOMETRIC_REPRESENTATION_CONTEXT(2) 
PARAMETRIC_REPRESENTATION_CONTEXT() REPRESENTATION_CONTEXT('2D SPACE',''
  ) );
#8732 = ORIENTED_EDGE('',*,*,#6378,.F.);
#8733 = ADVANCED_FACE('',(#8734),#6419,.T.);
#8734 = FACE_BOUND('',#8735,.T.);
#8735 = EDGE_LOOP('',(#8736,#8737,#8738,#8773));
#8736 = ORIENTED_EDGE('',*,*,#6466,.T.);
#8737 = ORIENTED_EDGE('',*,*,#6590,.T.);
#8738 = ORIENTED_EDGE('',*,*,#8739,.F.);
#8739 = EDGE_CURVE('',#6351,#6563,#8740,.T.);
#8740 = SURFACE_CURVE('',#8741,(#8749,#8761),.PCURVE_S1.);
#8741 = B_SPLINE_CURVE_WITH_KNOTS('',6,(#8742,#8743,#8744,#8745,#8746,
    #8747,#8748),.UNSPECIFIED.,.F.,.F.,(7,7),(0.,1.),
  .PIECEWISE_BEZIER_KNOTS.);
#8742 = CARTESIAN_POINT('',(26.,-24.,13.));
#8743 = CARTESIAN_POINT('',(26.,-23.83333333333,13.785398163397));
#8744 = CARTESIAN_POINT('',(25.753316941939,-23.66666666666,
    14.570729502115));
#8745 = CARTESIAN_POINT('',(25.259570448921,-23.5,15.259570448921));
#8746 = CARTESIAN_POINT('',(24.570729502115,-23.33333333333,
    15.753316941939));
#8747 = CARTESIAN_POINT('',(23.785398163398,-23.16666666666,16.));
#8748 = CARTESIAN_POINT('',(23.,-23.,16.));
#8749 = PCURVE('',#6419,#8750);
#8750 = DEFINITIONAL_REPRESENTATION('',(#8751),#8760);
#8751 = B_SPLINE_CURVE_WITH_KNOTS('',7,(#8752,#8753,#8754,#8755,#8756,
    #8757,#8758,#8759),.UNSPECIFIED.,.F.,.F.,(8,8),(0.,1.),
  .PIECEWISE_BEZIER_KNOTS.);
#8752 = CARTESIAN_POINT('',(0.,5.));
#8753 = CARTESIAN_POINT('',(0.224399475256,4.857142857143));
#8754 = CARTESIAN_POINT('',(0.448780948517,4.714297174712));
#8755 = CARTESIAN_POINT('',(0.673244369879,4.5713993225));
#8756 = CARTESIAN_POINT('',(0.897551956916,4.4286006775));
#8757 = CARTESIAN_POINT('',(1.122015378278,4.285702825288));
#8758 = CARTESIAN_POINT('',(1.346396851538,4.142857142857));
#8759 = CARTESIAN_POINT('',(1.570796326795,4.));
#8760 = ( GEOMETRIC_REPRESENTATION_CONTEXT(2) 
PARAMETRIC_REPRESENTATION_CONTEXT() REPRESENTATION_CONTEXT('2D SPACE',''
  ) );
#8761 = PCURVE('',#8604,#8762);
#8762 = DEFINITIONAL_REPRESENTATION('',(#8763),#8772);
#8763 = B_SPLINE_CURVE_WITH_KNOTS('',7,(#8764,#8765,#8766,#8767,#8768,
    #8769,#8770,#8771),.UNSPECIFIED.,.F.,.F.,(8,8),(0.,1.),
  .PIECEWISE_BEZIER_KNOTS.);
#8764 = CARTESIAN_POINT('',(0.,1.110223024625E-16));
#8765 = CARTESIAN_POINT('',(0.,0.142857142857));
#8766 = CARTESIAN_POINT('',(0.,0.285702826527));
#8767 = CARTESIAN_POINT('',(0.,0.428600674372));
#8768 = CARTESIAN_POINT('',(0.,0.571399325628));
#8769 = CARTESIAN_POINT('',(0.,0.714297173473));
#8770 = CARTESIAN_POINT('',(0.,0.857142857143));
#8771 = CARTESIAN_POINT('',(0.,1.));
#8772 = ( GEOMETRIC_REPRESENTATION_CONTEXT(2) 
PARAMETRIC_REPRESENTATION_CONTEXT() REPRESENTATION_CONTEXT('2D SPACE',''
  ) );
#8773 = ORIENTED_EDGE('',*,*,#6405,.F.);
#8774 = ADVANCED_FACE('',(#8775),#6517,.T.);
#8775 = FACE_BOUND('',#8776,.T.);
#8776 = EDGE_LOOP('',(#8777,#8894,#8895,#8896));
#8777 = ORIENTED_EDGE('',*,*,#8778,.T.);
#8778 = EDGE_CURVE('',#6618,#6540,#8779,.T.);
#8779 = SURFACE_CURVE('',#8780,(#8788,#8800),.PCURVE_S1.);
#8780 = B_SPLINE_CURVE_WITH_KNOTS('',6,(#8781,#8782,#8783,#8784,#8785,
    #8786,#8787),.UNSPECIFIED.,.F.,.F.,(7,7),(0.,1.),
  .PIECEWISE_BEZIER_KNOTS.);
#8781 = CARTESIAN_POINT('',(-2.22044604925E-16,-24.,13.));
#8782 = CARTESIAN_POINT('',(8.287770469906E-16,-23.83333333333,
    13.785398163397));
#8783 = CARTESIAN_POINT('',(0.246683058061,-23.66666666666,
    14.570729502115));
#8784 = CARTESIAN_POINT('',(0.740429551079,-23.5,15.259570448921));
#8785 = CARTESIAN_POINT('',(1.429270497885,-23.33333333333,
    15.753316941939));
#8786 = CARTESIAN_POINT('',(2.214601836603,-23.16666666666,16.));
#8787 = CARTESIAN_POINT('',(3.,-23.,16.));
#8788 = PCURVE('',#6517,#8789);
#8789 = DEFINITIONAL_REPRESENTATION('',(#8790),#8799);
#8790 = B_SPLINE_CURVE_WITH_KNOTS('',7,(#8791,#8792,#8793,#8794,#8795,
    #8796,#8797,#8798),.UNSPECIFIED.,.F.,.F.,(8,8),(0.,1.),
  .PIECEWISE_BEZIER_KNOTS.);
#8791 = CARTESIAN_POINT('',(0.,0.));
#8792 = CARTESIAN_POINT('',(0.224399475256,0.142857142857));
#8793 = CARTESIAN_POINT('',(0.448780948517,0.285702825288));
#8794 = CARTESIAN_POINT('',(0.673244369879,0.4286006775));
#8795 = CARTESIAN_POINT('',(0.897551956916,0.5713993225));
#8796 = CARTESIAN_POINT('',(1.122015378278,0.714297174712));
#8797 = CARTESIAN_POINT('',(1.346396851538,0.857142857143));
#8798 = CARTESIAN_POINT('',(1.570796326795,1.));
#8799 = ( GEOMETRIC_REPRESENTATION_CONTEXT(2) 
PARAMETRIC_REPRESENTATION_CONTEXT() REPRESENTATION_CONTEXT('2D SPACE',''
  ) );
#8800 = PCURVE('',#8801,#8883);
#8801 = B_SPLINE_SURFACE_WITH_KNOTS('',8,8,(
    (#8802,#8803,#8804,#8805,#8806,#8807,#8808,#8809,#8810)
    ,(#8811,#8812,#8813,#8814,#8815,#8816,#8817,#8818,#8819)
    ,(#8820,#8821,#8822,#8823,#8824,#8825,#8826,#8827,#8828)
    ,(#8829,#8830,#8831,#8832,#8833,#8834,#8835,#8836,#8837)
    ,(#8838,#8839,#8840,#8841,#8842,#8843,#8844,#8845,#8846)
    ,(#8847,#8848,#8849,#8850,#8851,#8852,#8853,#8854,#8855)
    ,(#8856,#8857,#8858,#8859,#8860,#8861,#8862,#8863,#8864)
    ,(#8865,#8866,#8867,#8868,#8869,#8870,#8871,#8872,#8873)
    ,(#8874,#8875,#8876,#8877,#8878,#8879,#8880,#8881,#8882
  )),.UNSPECIFIED.,.F.,.F.,.F.,(9,9),(9,9),(0.,1.),(0.,1.),
  .PIECEWISE_BEZIER_KNOTS.);
#8802 = CARTESIAN_POINT('',(2.,-26.,13.));
#8803 = CARTESIAN_POINT('',(2.125,-26.,13.589048622548));
#8804 = CARTESIAN_POINT('',(2.25,-25.86781763311,14.178097430513));
#8805 = CARTESIAN_POINT('',(2.375,-25.60345419761,14.732539703005));
#8806 = CARTESIAN_POINT('',(2.5,-25.21777626733,15.21777626734));
#8807 = CARTESIAN_POINT('',(2.625,-24.732539703,15.603454197614));
#8808 = CARTESIAN_POINT('',(2.75,-24.17809743051,15.867817633116));
#8809 = CARTESIAN_POINT('',(2.875,-23.58904862254,16.));
#8810 = CARTESIAN_POINT('',(3.,-23.,16.));
#8811 = CARTESIAN_POINT('',(1.607300932253,-26.,13.));
#8812 = CARTESIAN_POINT('',(1.734513315722,-26.01227184586,
    13.589048622548));
#8813 = CARTESIAN_POINT('',(1.87824849505,-25.88524715534,
    14.199079924142));
#8814 = CARTESIAN_POINT('',(2.038506307957,-25.60498648844,
    14.782910556767));
#8815 = CARTESIAN_POINT('',(2.213928432709,-25.18053724442,
    15.277807988076));
#8816 = CARTESIAN_POINT('',(2.401795386719,-24.67445705823,
    15.639023974264));
#8817 = CARTESIAN_POINT('',(2.598313054249,-24.12816606726,
    15.879912433894));
#8818 = CARTESIAN_POINT('',(2.799156538713,-23.56229254473,16.));
#8819 = CARTESIAN_POINT('',(3.,-23.,16.));
#8820 = CARTESIAN_POINT('',(1.214601678299,-25.91187843032,13.));
#8821 = CARTESIAN_POINT('',(1.315457685476,-25.94441034006,
    13.589048622548));
#8822 = CARTESIAN_POINT('',(1.401837696812,-25.76121172468,
    14.214067419592));
#8823 = CARTESIAN_POINT('',(1.582138882638,-25.46144531958,
    14.818889738025));
#8824 = CARTESIAN_POINT('',(1.818838389454,-25.02028803353,
    15.320687788602));
#8825 = CARTESIAN_POINT('',(2.092019155896,-24.51981955043,
    15.664430957585));
#8826 = CARTESIAN_POINT('',(2.386575253438,-24.00639644432,
    15.888551577307));
#8827 = CARTESIAN_POINT('',(2.658284636187,-23.45648305896,16.));
#8828 = CARTESIAN_POINT('',(3.,-23.,16.));
#8829 = CARTESIAN_POINT('',(0.844973577615,-25.73563610293,13.));
#8830 = CARTESIAN_POINT('',(0.894321832805,-25.77250404831,
    13.589048622548));
#8831 = CARTESIAN_POINT('',(0.996171922673,-25.61477043389,
    14.223059916862));
#8832 = CARTESIAN_POINT('',(1.215660149692,-25.32913170796,
    14.84047724678));
#8833 = CARTESIAN_POINT('',(1.525263727546,-24.90479336501,
    15.346415668918));
#8834 = CARTESIAN_POINT('',(1.880484867685,-24.42526812743,
    15.679675147578));
#8835 = CARTESIAN_POINT('',(2.253305665281,-23.93773153171,
    15.893735063355));
#8836 = CARTESIAN_POINT('',(2.611745448862,-23.4309813217,16.));
#8837 = CARTESIAN_POINT('',(3.,-23.,16.));
#8838 = CARTESIAN_POINT('',(0.521482443371,-25.47851755662,13.));
#8839 = CARTESIAN_POINT('',(0.514126825071,-25.48587317492,
    13.589048622548));
#8840 = CARTESIAN_POINT('',(0.640653771775,-25.35934622822,
    14.226057415952));
#8841 = CARTESIAN_POINT('',(0.897513225057,-25.10248677494,
    14.847673083032));
#8842 = CARTESIAN_POINT('',(1.275176401901,-24.72482359809,
    15.354991629023));
#8843 = CARTESIAN_POINT('',(1.704689779897,-24.2953102201,
    15.684756544242));
#8844 = CARTESIAN_POINT('',(2.14555550927,-23.85444449072,
    15.895462892037));
#8845 = CARTESIAN_POINT('',(2.586875821905,-23.41312417809,16.));
#8846 = CARTESIAN_POINT('',(3.,-23.,16.));
#8847 = CARTESIAN_POINT('',(0.264363897068,-25.15502642239,13.));
#8848 = CARTESIAN_POINT('',(0.227495951688,-25.1056781672,
    13.589048622548));
#8849 = CARTESIAN_POINT('',(0.385229566104,-25.00382807733,
    14.223059916862));
#8850 = CARTESIAN_POINT('',(0.670868292036,-24.78433985031,
    14.84047724678));
#8851 = CARTESIAN_POINT('',(1.095206634989,-24.47473627245,
    15.346415668918));
#8852 = CARTESIAN_POINT('',(1.574731872568,-24.11951513231,
    15.679675147578));
#8853 = CARTESIAN_POINT('',(2.062268468283,-23.74669433472,
    15.893735063355));
#8854 = CARTESIAN_POINT('',(2.5690186783,-23.38825455113,16.));
#8855 = CARTESIAN_POINT('',(3.,-23.,16.));
#8856 = CARTESIAN_POINT('',(8.81215696774E-02,-24.78539832169,13.));
#8857 = CARTESIAN_POINT('',(5.558965993667E-02,-24.68454231452,
    13.589048622548));
#8858 = CARTESIAN_POINT('',(0.238788275314,-24.59816230318,
    14.214067419592));
#8859 = CARTESIAN_POINT('',(0.538554680421,-24.41786111736,
    14.818889738025));
#8860 = CARTESIAN_POINT('',(0.979711966464,-24.18116161054,
    15.320687788602));
#8861 = CARTESIAN_POINT('',(1.48018044957,-23.9079808441,15.664430957585
    ));
#8862 = CARTESIAN_POINT('',(1.99360355568,-23.61342474656,
    15.888551577307));
#8863 = CARTESIAN_POINT('',(2.543516941033,-23.34171536381,16.));
#8864 = CARTESIAN_POINT('',(3.,-23.,16.));
#8865 = CARTESIAN_POINT('',(-7.563394355259E-16,-24.39269906774,13.));
#8866 = CARTESIAN_POINT('',(-1.227184586714E-02,-24.26548668428,
    13.589048622548));
#8867 = CARTESIAN_POINT('',(0.114752844658,-24.12175150495,
    14.199079924142));
#8868 = CARTESIAN_POINT('',(0.395013511556,-23.96149369204,
    14.782910556767));
#8869 = CARTESIAN_POINT('',(0.819462755572,-23.78607156729,
    15.277807988076));
#8870 = CARTESIAN_POINT('',(1.325542941767,-23.59820461328,
    15.639023974264));
#8871 = CARTESIAN_POINT('',(1.871833932736,-23.40168694575,
    15.879912433894));
#8872 = CARTESIAN_POINT('',(2.43770745527,-23.20084346128,16.));
#8873 = CARTESIAN_POINT('',(3.,-23.,16.));
#8874 = CARTESIAN_POINT('',(-7.771561172376E-16,-24.,13.));
#8875 = CARTESIAN_POINT('',(-7.704069587139E-16,-23.875,13.589048622548)
  );
#8876 = CARTESIAN_POINT('',(0.132182366884,-23.75,14.178097430513));
#8877 = CARTESIAN_POINT('',(0.396545802386,-23.625,14.732539703005));
#8878 = CARTESIAN_POINT('',(0.78222373266,-23.5,15.21777626734));
#8879 = CARTESIAN_POINT('',(1.267460296995,-23.375,15.603454197614));
#8880 = CARTESIAN_POINT('',(1.821902569487,-23.25,15.867817633116));
#8881 = CARTESIAN_POINT('',(2.410951377452,-23.125,16.));
#8882 = CARTESIAN_POINT('',(3.,-23.,16.));
#8883 = DEFINITIONAL_REPRESENTATION('',(#8884),#8893);
#8884 = B_SPLINE_CURVE_WITH_KNOTS('',7,(#8885,#8886,#8887,#8888,#8889,
    #8890,#8891,#8892),.UNSPECIFIED.,.F.,.F.,(8,8),(0.,1.),
  .PIECEWISE_BEZIER_KNOTS.);
#8885 = CARTESIAN_POINT('',(1.,1.110223024625E-16));
#8886 = CARTESIAN_POINT('',(1.,0.142857142857));
#8887 = CARTESIAN_POINT('',(1.,0.285702826527));
#8888 = CARTESIAN_POINT('',(1.,0.428600674372));
#8889 = CARTESIAN_POINT('',(1.,0.571399325628));
#8890 = CARTESIAN_POINT('',(1.,0.714297173473));
#8891 = CARTESIAN_POINT('',(1.,0.857142857143));
#8892 = CARTESIAN_POINT('',(1.,1.));
#8893 = ( GEOMETRIC_REPRESENTATION_CONTEXT(2) 
PARAMETRIC_REPRESENTATION_CONTEXT() REPRESENTATION_CONTEXT('2D SPACE',''
  ) );
#8894 = ORIENTED_EDGE('',*,*,#6539,.T.);
#8895 = ORIENTED_EDGE('',*,*,#6494,.F.);
#8896 = ORIENTED_EDGE('',*,*,#6672,.F.);
#8897 = ADVANCED_FACE('',(#8898),#6578,.T.);
#8898 = FACE_BOUND('',#8899,.T.);
#8899 = EDGE_LOOP('',(#8900,#8925,#8926,#8963));
#8900 = ORIENTED_EDGE('',*,*,#8901,.T.);
#8901 = EDGE_CURVE('',#8554,#6563,#8902,.T.);
#8902 = SURFACE_CURVE('',#8903,(#8913,#8919),.PCURVE_S1.);
#8903 = B_SPLINE_CURVE_WITH_KNOTS('',8,(#8904,#8905,#8906,#8907,#8908,
    #8909,#8910,#8911,#8912),.UNSPECIFIED.,.F.,.F.,(9,9),(0.,1.),
  .PIECEWISE_BEZIER_KNOTS.);
#8904 = CARTESIAN_POINT('',(24.,-26.,13.));
#8905 = CARTESIAN_POINT('',(23.875,-26.,13.589048622548));
#8906 = CARTESIAN_POINT('',(23.75,-25.86781763311,14.178097430513));
#8907 = CARTESIAN_POINT('',(23.625,-25.60345419761,14.732539703005));
#8908 = CARTESIAN_POINT('',(23.5,-25.21777626733,15.21777626734));
#8909 = CARTESIAN_POINT('',(23.375,-24.732539703,15.603454197614));
#8910 = CARTESIAN_POINT('',(23.25,-24.17809743051,15.867817633116));
#8911 = CARTESIAN_POINT('',(23.125,-23.58904862254,16.));
#8912 = CARTESIAN_POINT('',(23.,-23.,16.));
#8913 = PCURVE('',#6578,#8914);
#8914 = DEFINITIONAL_REPRESENTATION('',(#8915),#8918);
#8915 = B_SPLINE_CURVE_WITH_KNOTS('',1,(#8916,#8917),.UNSPECIFIED.,.F.,
  .F.,(2,2),(0.,1.),.PIECEWISE_BEZIER_KNOTS.);
#8916 = CARTESIAN_POINT('',(0.,0.));
#8917 = CARTESIAN_POINT('',(1.570796326795,1.));
#8918 = ( GEOMETRIC_REPRESENTATION_CONTEXT(2) 
PARAMETRIC_REPRESENTATION_CONTEXT() REPRESENTATION_CONTEXT('2D SPACE',''
  ) );
#8919 = PCURVE('',#8604,#8920);
#8920 = DEFINITIONAL_REPRESENTATION('',(#8921),#8924);
#8921 = B_SPLINE_CURVE_WITH_KNOTS('',1,(#8922,#8923),.UNSPECIFIED.,.F.,
  .F.,(2,2),(0.,1.),.PIECEWISE_BEZIER_KNOTS.);
#8922 = CARTESIAN_POINT('',(1.,0.));
#8923 = CARTESIAN_POINT('',(1.,1.));
#8924 = ( GEOMETRIC_REPRESENTATION_CONTEXT(2) 
PARAMETRIC_REPRESENTATION_CONTEXT() REPRESENTATION_CONTEXT('2D SPACE',''
  ) );
#8925 = ORIENTED_EDGE('',*,*,#6562,.T.);
#8926 = ORIENTED_EDGE('',*,*,#8927,.F.);
#8927 = EDGE_CURVE('',#8928,#6540,#8930,.T.);
#8928 = VERTEX_POINT('',#8929);
#8929 = CARTESIAN_POINT('',(2.,-26.,13.));
#8930 = SURFACE_CURVE('',#8931,(#8939,#8951),.PCURVE_S1.);
#8931 = B_SPLINE_CURVE_WITH_KNOTS('',6,(#8932,#8933,#8934,#8935,#8936,
    #8937,#8938),.UNSPECIFIED.,.F.,.F.,(7,7),(0.,1.),
  .PIECEWISE_BEZIER_KNOTS.);
#8932 = CARTESIAN_POINT('',(2.,-26.,13.));
#8933 = CARTESIAN_POINT('',(2.166666666667,-26.,13.785398163397));
#8934 = CARTESIAN_POINT('',(2.333333333333,-25.75331694193,
    14.570729502115));
#8935 = CARTESIAN_POINT('',(2.5,-25.25957044892,15.259570448921));
#8936 = CARTESIAN_POINT('',(2.666666666667,-24.57072950211,
    15.753316941939));
#8937 = CARTESIAN_POINT('',(2.833333333333,-23.78539816339,16.));
#8938 = CARTESIAN_POINT('',(3.,-23.,16.));
#8939 = PCURVE('',#6578,#8940);
#8940 = DEFINITIONAL_REPRESENTATION('',(#8941),#8950);
#8941 = B_SPLINE_CURVE_WITH_KNOTS('',7,(#8942,#8943,#8944,#8945,#8946,
    #8947,#8948,#8949),.UNSPECIFIED.,.F.,.F.,(8,8),(0.,1.),
  .PIECEWISE_BEZIER_KNOTS.);
#8942 = CARTESIAN_POINT('',(-2.22044604925E-16,22.));
#8943 = CARTESIAN_POINT('',(0.224399475256,21.857142857143));
#8944 = CARTESIAN_POINT('',(0.448780948517,21.714297174712));
#8945 = CARTESIAN_POINT('',(0.673244369879,21.571399322501));
#8946 = CARTESIAN_POINT('',(0.897551956916,21.428600677499));
#8947 = CARTESIAN_POINT('',(1.122015378278,21.285702825288));
#8948 = CARTESIAN_POINT('',(1.346396851538,21.142857142857));
#8949 = CARTESIAN_POINT('',(1.570796326795,21.));
#8950 = ( GEOMETRIC_REPRESENTATION_CONTEXT(2) 
PARAMETRIC_REPRESENTATION_CONTEXT() REPRESENTATION_CONTEXT('2D SPACE',''
  ) );
#8951 = PCURVE('',#8801,#8952);
#8952 = DEFINITIONAL_REPRESENTATION('',(#8953),#8962);
#8953 = B_SPLINE_CURVE_WITH_KNOTS('',7,(#8954,#8955,#8956,#8957,#8958,
    #8959,#8960,#8961),.UNSPECIFIED.,.F.,.F.,(8,8),(0.,1.),
  .PIECEWISE_BEZIER_KNOTS.);
#8954 = CARTESIAN_POINT('',(0.,-5.551115123126E-17));
#8955 = CARTESIAN_POINT('',(0.,0.142857142857));
#8956 = CARTESIAN_POINT('',(0.,0.285702826527));
#8957 = CARTESIAN_POINT('',(0.,0.428600674372));
#8958 = CARTESIAN_POINT('',(0.,0.571399325628));
#8959 = CARTESIAN_POINT('',(0.,0.714297173473));
#8960 = CARTESIAN_POINT('',(0.,0.857142857143));
#8961 = CARTESIAN_POINT('',(0.,1.));
#8962 = ( GEOMETRIC_REPRESENTATION_CONTEXT(2) 
PARAMETRIC_REPRESENTATION_CONTEXT() REPRESENTATION_CONTEXT('2D SPACE',''
  ) );
#8963 = ORIENTED_EDGE('',*,*,#8964,.F.);
#8964 = EDGE_CURVE('',#8554,#8928,#8965,.T.);
#8965 = SURFACE_CURVE('',#8966,(#8970,#8977),.PCURVE_S1.);
#8966 = LINE('',#8967,#8968);
#8967 = CARTESIAN_POINT('',(24.,-26.,13.));
#8968 = VECTOR('',#8969,1.);
#8969 = DIRECTION('',(-1.,-0.,-0.));
#8970 = PCURVE('',#6578,#8971);
#8971 = DEFINITIONAL_REPRESENTATION('',(#8972),#8976);
#8972 = LINE('',#8973,#8974);
#8973 = CARTESIAN_POINT('',(0.,0.));
#8974 = VECTOR('',#8975,1.);
#8975 = DIRECTION('',(0.,1.));
#8976 = ( GEOMETRIC_REPRESENTATION_CONTEXT(2) 
PARAMETRIC_REPRESENTATION_CONTEXT() REPRESENTATION_CONTEXT('2D SPACE',''
  ) );
#8977 = PCURVE('',#8569,#8978);
#8978 = DEFINITIONAL_REPRESENTATION('',(#8979),#8983);
#8979 = LINE('',#8980,#8981);
#8980 = CARTESIAN_POINT('',(29.,24.));
#8981 = VECTOR('',#8982,1.);
#8982 = DIRECTION('',(-0.,-1.));
#8983 = ( GEOMETRIC_REPRESENTATION_CONTEXT(2) 
PARAMETRIC_REPRESENTATION_CONTEXT() REPRESENTATION_CONTEXT('2D SPACE',''
  ) );
#8984 = ADVANCED_FACE('',(#8985),#6633,.T.);
#8985 = FACE_BOUND('',#8986,.T.);
#8986 = EDGE_LOOP('',(#8987,#8988,#9102,#9125,#9255,#9276));
#8987 = ORIENTED_EDGE('',*,*,#6615,.F.);
#8988 = ORIENTED_EDGE('',*,*,#8989,.F.);
#8989 = EDGE_CURVE('',#8990,#6616,#8992,.T.);
#8990 = VERTEX_POINT('',#8991);
#8991 = CARTESIAN_POINT('',(2.,-26.,-13.));
#8992 = SURFACE_CURVE('',#8993,(#9003,#9013),.PCURVE_S1.);
#8993 = B_SPLINE_CURVE_WITH_KNOTS('',8,(#8994,#8995,#8996,#8997,#8998,
    #8999,#9000,#9001,#9002),.UNSPECIFIED.,.F.,.F.,(9,9),(0.,1.),
  .PIECEWISE_BEZIER_KNOTS.);
#8994 = CARTESIAN_POINT('',(2.,-26.,-13.));
#8995 = CARTESIAN_POINT('',(1.607300932253,-26.,-13.));
#8996 = CARTESIAN_POINT('',(1.214601678299,-25.91187843032,-13.));
#8997 = CARTESIAN_POINT('',(0.844973577615,-25.73563610293,-13.));
#8998 = CARTESIAN_POINT('',(0.521482443371,-25.47851755662,
    -12.99999999999));
#8999 = CARTESIAN_POINT('',(0.264363897068,-25.15502642239,-13.));
#9000 = CARTESIAN_POINT('',(8.81215696774E-02,-24.78539832169,-13.));
#9001 = CARTESIAN_POINT('',(-7.702172233337E-16,-24.39269906774,-13.));
#9002 = CARTESIAN_POINT('',(-7.771561172376E-16,-24.,-13.));
#9003 = PCURVE('',#6633,#9004);
#9004 = DEFINITIONAL_REPRESENTATION('',(#9005),#9012);
#9005 = B_SPLINE_CURVE_WITH_KNOTS('',5,(#9006,#9007,#9008,#9009,#9010,
    #9011),.UNSPECIFIED.,.F.,.F.,(6,6),(0.,1.),
  .PIECEWISE_BEZIER_KNOTS.);
#9006 = CARTESIAN_POINT('',(1.570796326795,3.));
#9007 = CARTESIAN_POINT('',(1.256637072598,3.));
#9008 = CARTESIAN_POINT('',(0.942477734348,3.));
#9009 = CARTESIAN_POINT('',(0.628318592446,3.));
#9010 = CARTESIAN_POINT('',(0.314159254199,3.));
#9011 = CARTESIAN_POINT('',(0.,3.));
#9012 = ( GEOMETRIC_REPRESENTATION_CONTEXT(2) 
PARAMETRIC_REPRESENTATION_CONTEXT() REPRESENTATION_CONTEXT('2D SPACE',''
  ) );
#9013 = PCURVE('',#9014,#9096);
#9014 = B_SPLINE_SURFACE_WITH_KNOTS('',8,8,(
    (#9015,#9016,#9017,#9018,#9019,#9020,#9021,#9022,#9023)
    ,(#9024,#9025,#9026,#9027,#9028,#9029,#9030,#9031,#9032)
    ,(#9033,#9034,#9035,#9036,#9037,#9038,#9039,#9040,#9041)
    ,(#9042,#9043,#9044,#9045,#9046,#9047,#9048,#9049,#9050)
    ,(#9051,#9052,#9053,#9054,#9055,#9056,#9057,#9058,#9059)
    ,(#9060,#9061,#9062,#9063,#9064,#9065,#9066,#9067,#9068)
    ,(#9069,#9070,#9071,#9072,#9073,#9074,#9075,#9076,#9077)
    ,(#9078,#9079,#9080,#9081,#9082,#9083,#9084,#9085,#9086)
    ,(#9087,#9088,#9089,#9090,#9091,#9092,#9093,#9094,#9095
  )),.UNSPECIFIED.,.F.,.F.,.F.,(9,9),(9,9),(0.,1.),(0.,1.),
  .PIECEWISE_BEZIER_KNOTS.);
#9015 = CARTESIAN_POINT('',(2.,-26.,-13.));
#9016 = CARTESIAN_POINT('',(2.125,-26.,-13.58904862254));
#9017 = CARTESIAN_POINT('',(2.25,-25.86781763311,-14.17809743051));
#9018 = CARTESIAN_POINT('',(2.375,-25.60345419761,-14.732539703));
#9019 = CARTESIAN_POINT('',(2.5,-25.21777626733,-15.21777626734));
#9020 = CARTESIAN_POINT('',(2.625,-24.732539703,-15.60345419761));
#9021 = CARTESIAN_POINT('',(2.75,-24.17809743051,-15.86781763311));
#9022 = CARTESIAN_POINT('',(2.875,-23.58904862254,-16.));
#9023 = CARTESIAN_POINT('',(3.,-23.,-16.));
#9024 = CARTESIAN_POINT('',(1.607300932253,-26.,-13.));
#9025 = CARTESIAN_POINT('',(1.734513315722,-26.01227184586,
    -13.58904862254));
#9026 = CARTESIAN_POINT('',(1.87824849505,-25.88524715534,
    -14.19907992414));
#9027 = CARTESIAN_POINT('',(2.038506307957,-25.60498648844,
    -14.78291055676));
#9028 = CARTESIAN_POINT('',(2.213928432709,-25.18053724442,
    -15.27780798807));
#9029 = CARTESIAN_POINT('',(2.401795386719,-24.67445705823,
    -15.63902397426));
#9030 = CARTESIAN_POINT('',(2.598313054249,-24.12816606726,
    -15.87991243389));
#9031 = CARTESIAN_POINT('',(2.799156538713,-23.56229254473,-16.));
#9032 = CARTESIAN_POINT('',(3.,-23.,-16.));
#9033 = CARTESIAN_POINT('',(1.214601678299,-25.91187843032,-13.));
#9034 = CARTESIAN_POINT('',(1.315457685476,-25.94441034006,
    -13.58904862254));
#9035 = CARTESIAN_POINT('',(1.401837696812,-25.76121172468,
    -14.21406741959));
#9036 = CARTESIAN_POINT('',(1.582138882638,-25.46144531958,
    -14.81888973802));
#9037 = CARTESIAN_POINT('',(1.818838389454,-25.02028803353,
    -15.3206877886));
#9038 = CARTESIAN_POINT('',(2.092019155896,-24.51981955043,
    -15.66443095758));
#9039 = CARTESIAN_POINT('',(2.386575253438,-24.00639644432,
    -15.8885515773));
#9040 = CARTESIAN_POINT('',(2.658284636187,-23.45648305896,-16.));
#9041 = CARTESIAN_POINT('',(3.,-23.,-16.));
#9042 = CARTESIAN_POINT('',(0.844973577615,-25.73563610293,-13.));
#9043 = CARTESIAN_POINT('',(0.894321832805,-25.77250404831,
    -13.58904862254));
#9044 = CARTESIAN_POINT('',(0.996171922673,-25.61477043389,
    -14.22305991686));
#9045 = CARTESIAN_POINT('',(1.215660149692,-25.32913170796,
    -14.84047724678));
#9046 = CARTESIAN_POINT('',(1.525263727546,-24.90479336501,
    -15.34641566891));
#9047 = CARTESIAN_POINT('',(1.880484867685,-24.42526812743,
    -15.67967514757));
#9048 = CARTESIAN_POINT('',(2.253305665281,-23.93773153171,
    -15.89373506335));
#9049 = CARTESIAN_POINT('',(2.611745448862,-23.4309813217,-16.));
#9050 = CARTESIAN_POINT('',(3.,-23.,-16.));
#9051 = CARTESIAN_POINT('',(0.521482443371,-25.47851755662,
    -12.99999999999));
#9052 = CARTESIAN_POINT('',(0.514126825071,-25.48587317492,
    -13.58904862254));
#9053 = CARTESIAN_POINT('',(0.640653771775,-25.35934622822,
    -14.22605741595));
#9054 = CARTESIAN_POINT('',(0.897513225057,-25.10248677494,
    -14.84767308303));
#9055 = CARTESIAN_POINT('',(1.275176401901,-24.72482359809,
    -15.35499162902));
#9056 = CARTESIAN_POINT('',(1.704689779897,-24.2953102201,
    -15.68475654424));
#9057 = CARTESIAN_POINT('',(2.14555550927,-23.85444449072,
    -15.89546289203));
#9058 = CARTESIAN_POINT('',(2.586875821905,-23.41312417809,-16.));
#9059 = CARTESIAN_POINT('',(3.,-23.,-16.));
#9060 = CARTESIAN_POINT('',(0.264363897068,-25.15502642239,-13.));
#9061 = CARTESIAN_POINT('',(0.227495951688,-25.1056781672,
    -13.58904862254));
#9062 = CARTESIAN_POINT('',(0.385229566104,-25.00382807733,
    -14.22305991686));
#9063 = CARTESIAN_POINT('',(0.670868292036,-24.78433985031,
    -14.84047724678));
#9064 = CARTESIAN_POINT('',(1.095206634989,-24.47473627245,
    -15.34641566891));
#9065 = CARTESIAN_POINT('',(1.574731872568,-24.11951513231,
    -15.67967514757));
#9066 = CARTESIAN_POINT('',(2.062268468283,-23.74669433472,
    -15.89373506335));
#9067 = CARTESIAN_POINT('',(2.5690186783,-23.38825455113,-16.));
#9068 = CARTESIAN_POINT('',(3.,-23.,-16.));
#9069 = CARTESIAN_POINT('',(8.81215696774E-02,-24.78539832169,-13.));
#9070 = CARTESIAN_POINT('',(5.558965993666E-02,-24.68454231452,
    -13.58904862254));
#9071 = CARTESIAN_POINT('',(0.238788275314,-24.59816230318,
    -14.21406741959));
#9072 = CARTESIAN_POINT('',(0.538554680421,-24.41786111736,
    -14.81888973802));
#9073 = CARTESIAN_POINT('',(0.979711966464,-24.18116161054,
    -15.3206877886));
#9074 = CARTESIAN_POINT('',(1.48018044957,-23.9079808441,-15.66443095758
    ));
#9075 = CARTESIAN_POINT('',(1.99360355568,-23.61342474656,-15.8885515773
    ));
#9076 = CARTESIAN_POINT('',(2.543516941033,-23.34171536381,-16.));
#9077 = CARTESIAN_POINT('',(3.,-23.,-16.));
#9078 = CARTESIAN_POINT('',(-7.702172233337E-16,-24.39269906774,-13.));
#9079 = CARTESIAN_POINT('',(-1.227184586715E-02,-24.26548668428,
    -13.58904862254));
#9080 = CARTESIAN_POINT('',(0.114752844658,-24.12175150495,
    -14.19907992414));
#9081 = CARTESIAN_POINT('',(0.395013511556,-23.96149369204,
    -14.78291055676));
#9082 = CARTESIAN_POINT('',(0.819462755572,-23.78607156729,
    -15.27780798807));
#9083 = CARTESIAN_POINT('',(1.325542941767,-23.59820461328,
    -15.63902397426));
#9084 = CARTESIAN_POINT('',(1.871833932736,-23.40168694575,
    -15.87991243389));
#9085 = CARTESIAN_POINT('',(2.43770745527,-23.20084346128,-16.));
#9086 = CARTESIAN_POINT('',(3.,-23.,-16.));
#9087 = CARTESIAN_POINT('',(-7.771561172376E-16,-24.,-13.));
#9088 = CARTESIAN_POINT('',(-7.704069587139E-16,-23.875,-13.58904862254)
  );
#9089 = CARTESIAN_POINT('',(0.132182366884,-23.75,-14.17809743051));
#9090 = CARTESIAN_POINT('',(0.396545802386,-23.625,-14.732539703));
#9091 = CARTESIAN_POINT('',(0.78222373266,-23.5,-15.21777626734));
#9092 = CARTESIAN_POINT('',(1.267460296995,-23.375,-15.60345419761));
#9093 = CARTESIAN_POINT('',(1.821902569487,-23.25,-15.86781763311));
#9094 = CARTESIAN_POINT('',(2.410951377452,-23.125,-16.));
#9095 = CARTESIAN_POINT('',(3.,-23.,-16.));
#9096 = DEFINITIONAL_REPRESENTATION('',(#9097),#9101);
#9097 = LINE('',#9098,#9099);
#9098 = CARTESIAN_POINT('',(0.,0.));
#9099 = VECTOR('',#9100,1.);
#9100 = DIRECTION('',(1.,0.));
#9101 = ( GEOMETRIC_REPRESENTATION_CONTEXT(2) 
PARAMETRIC_REPRESENTATION_CONTEXT() REPRESENTATION_CONTEXT('2D SPACE',''
  ) );
#9102 = ORIENTED_EDGE('',*,*,#9103,.T.);
#9103 = EDGE_CURVE('',#8990,#9104,#9106,.T.);
#9104 = VERTEX_POINT('',#9105);
#9105 = CARTESIAN_POINT('',(2.,-26.,-5.12347538298));
#9106 = SURFACE_CURVE('',#9107,(#9111,#9118),.PCURVE_S1.);
#9107 = LINE('',#9108,#9109);
#9108 = CARTESIAN_POINT('',(2.,-26.,-16.));
#9109 = VECTOR('',#9110,1.);
#9110 = DIRECTION('',(0.,0.,1.));
#9111 = PCURVE('',#6633,#9112);
#9112 = DEFINITIONAL_REPRESENTATION('',(#9113),#9117);
#9113 = LINE('',#9114,#9115);
#9114 = CARTESIAN_POINT('',(1.570796326795,0.));
#9115 = VECTOR('',#9116,1.);
#9116 = DIRECTION('',(0.,1.));
#9117 = ( GEOMETRIC_REPRESENTATION_CONTEXT(2) 
PARAMETRIC_REPRESENTATION_CONTEXT() REPRESENTATION_CONTEXT('2D SPACE',''
  ) );
#9118 = PCURVE('',#8569,#9119);
#9119 = DEFINITIONAL_REPRESENTATION('',(#9120),#9124);
#9120 = LINE('',#9121,#9122);
#9121 = CARTESIAN_POINT('',(0.,2.));
#9122 = VECTOR('',#9123,1.);
#9123 = DIRECTION('',(1.,0.));
#9124 = ( GEOMETRIC_REPRESENTATION_CONTEXT(2) 
PARAMETRIC_REPRESENTATION_CONTEXT() REPRESENTATION_CONTEXT('2D SPACE',''
  ) );
#9125 = ORIENTED_EDGE('',*,*,#9126,.F.);
#9126 = EDGE_CURVE('',#9127,#9104,#9129,.T.);
#9127 = VERTEX_POINT('',#9128);
#9128 = CARTESIAN_POINT('',(2.,-26.,5.12347538298));
#9129 = SURFACE_CURVE('',#9130,(#9168,#9209),.PCURVE_S1.);
#9130 = B_SPLINE_CURVE_WITH_KNOTS('',8,(#9131,#9132,#9133,#9134,#9135,
    #9136,#9137,#9138,#9139,#9140,#9141,#9142,#9143,#9144,#9145,#9146,
    #9147,#9148,#9149,#9150,#9151,#9152,#9153,#9154,#9155,#9156,#9157,
    #9158,#9159,#9160,#9161,#9162,#9163,#9164,#9165,#9166,#9167),
  .UNSPECIFIED.,.F.,.F.,(9,7,7,7,7,9),(0.,0.249174907562,0.502965126791,
    0.622064747587,0.755750238797,1.),.UNSPECIFIED.);
#9131 = CARTESIAN_POINT('',(2.,-26.,5.12347538298));
#9132 = CARTESIAN_POINT('',(1.81173152937,-26.,4.829505440225));
#9133 = CARTESIAN_POINT('',(1.636838200383,-25.97974542975,
    4.529236885347));
#9134 = CARTESIAN_POINT('',(1.476403994977,-25.94427387934,
    4.224882175733));
#9135 = CARTESIAN_POINT('',(1.330543076854,-25.89762341305,
    3.917969296322));
#9136 = CARTESIAN_POINT('',(1.1989073073,-25.84314274964,3.609379408969)
  );
#9137 = CARTESIAN_POINT('',(1.080904570773,-25.78363149388,
    3.299321799068));
#9138 = CARTESIAN_POINT('',(0.975843081061,-25.72150207124,
    2.987160184735));
#9139 = CARTESIAN_POINT('',(0.788874938428,-25.59565314741,
    2.348992767248));
#9140 = CARTESIAN_POINT('',(0.706541220366,-25.53132537026,
    2.019792676976));
#9141 = CARTESIAN_POINT('',(0.637757418032,-25.46981604299,1.68689593081
    ));
#9142 = CARTESIAN_POINT('',(0.582937325474,-25.41496667503,
    1.352579165965));
#9143 = CARTESIAN_POINT('',(0.541884707684,-25.37036630073,
    1.017867183059));
#9144 = CARTESIAN_POINT('',(0.514223329117,-25.33900379669,
    0.682273538891));
#9145 = CARTESIAN_POINT('',(0.5,-25.32287565553,0.343847427954));
#9146 = CARTESIAN_POINT('',(0.5,-25.32287565553,-0.161362003648));
#9147 = CARTESIAN_POINT('',(0.503132338077,-25.32642737821,
    -0.322443692203));
#9148 = CARTESIAN_POINT('',(0.509378044443,-25.33350937466,
    -0.483288108323));
#9149 = CARTESIAN_POINT('',(0.51872845692,-25.34401681977,
    -0.643914700518));
#9150 = CARTESIAN_POINT('',(0.531181384075,-25.35776015347,
    -0.804288623809));
#9151 = CARTESIAN_POINT('',(0.546728737917,-25.37446825334,
    -0.964290156283));
#9152 = CARTESIAN_POINT('',(0.565335636173,-25.39379613858,
    -1.123684231519));
#9153 = CARTESIAN_POINT('',(0.611128596586,-25.43951635958,
    -1.459895561385));
#9154 = CARTESIAN_POINT('',(0.639127724267,-25.4665253403,
    -1.636760441787));
#9155 = CARTESIAN_POINT('',(0.670893757749,-25.49589744005,
    -1.812813956185));
#9156 = CARTESIAN_POINT('',(0.706427675846,-25.52714565,-1.988119655502)
  );
#9157 = CARTESIAN_POINT('',(0.745735740988,-25.55978102571,
    -2.162692839959));
#9158 = CARTESIAN_POINT('',(0.788825089921,-25.59332436298,
    -2.336518591889));
#9159 = CARTESIAN_POINT('',(0.835705209718,-25.6273111837,
    -2.509570414876));
#9160 = CARTESIAN_POINT('',(0.979008507276,-25.72337100634,
    -2.996554996256));
#9161 = CARTESIAN_POINT('',(1.083955380059,-25.78516722094,
    -3.307328108851));
#9162 = CARTESIAN_POINT('',(1.201739913202,-25.84431160835,
    -3.616010114642));
#9163 = CARTESIAN_POINT('',(1.333046295536,-25.8984206167,
    -3.923228530295));
#9164 = CARTESIAN_POINT('',(1.478459248918,-25.94472525489,
    -4.228775483918));
#9165 = CARTESIAN_POINT('',(1.638321372195,-25.97991489301,
    -4.531780117411));
#9166 = CARTESIAN_POINT('',(1.812520489104,-26.,-4.830737353604));
#9167 = CARTESIAN_POINT('',(2.,-26.,-5.12347538298));
#9168 = PCURVE('',#6633,#9169);
#9169 = DEFINITIONAL_REPRESENTATION('',(#9170),#9208);
#9170 = B_SPLINE_CURVE_WITH_KNOTS('',8,(#9171,#9172,#9173,#9174,#9175,
    #9176,#9177,#9178,#9179,#9180,#9181,#9182,#9183,#9184,#9185,#9186,
    #9187,#9188,#9189,#9190,#9191,#9192,#9193,#9194,#9195,#9196,#9197,
    #9198,#9199,#9200,#9201,#9202,#9203,#9204,#9205,#9206,#9207),
  .UNSPECIFIED.,.F.,.F.,(9,7,7,7,7,9),(0.,0.249174907562,0.502965126791,
    0.622064747587,0.755750238797,1.),.UNSPECIFIED.);
#9171 = CARTESIAN_POINT('',(1.570796326795,21.12347538298));
#9172 = CARTESIAN_POINT('',(1.47666209148,20.829505440225));
#9173 = CARTESIAN_POINT('',(1.389214730929,20.529236885347));
#9174 = CARTESIAN_POINT('',(1.307729595604,20.224882175733));
#9175 = CARTESIAN_POINT('',(1.231738175112,19.917969296322));
#9176 = CARTESIAN_POINT('',(1.160930598856,19.609379408969));
#9177 = CARTESIAN_POINT('',(1.095102139119,19.299321799068));
#9178 = CARTESIAN_POINT('',(1.034177995106,18.987160184735));
#9179 = CARTESIAN_POINT('',(0.921489222389,18.348992767248));
#9180 = CARTESIAN_POINT('',(0.869378066496,18.019792676976));
#9181 = CARTESIAN_POINT('',(0.823394046202,17.686895930809));
#9182 = CARTESIAN_POINT('',(0.784697919365,17.352579165965));
#9183 = CARTESIAN_POINT('',(0.754395146247,17.017867183059));
#9184 = CARTESIAN_POINT('',(0.733486249157,16.682273538891));
#9185 = CARTESIAN_POINT('',(0.722734247813,16.343847427954));
#9186 = CARTESIAN_POINT('',(0.722734247813,15.838637996352));
#9187 = CARTESIAN_POINT('',(0.725102012587,15.677556307797));
#9188 = CARTESIAN_POINT('',(0.729823469089,15.516711891677));
#9189 = CARTESIAN_POINT('',(0.736856061545,15.356085299482));
#9190 = CARTESIAN_POINT('',(0.746128093499,15.195711376191));
#9191 = CARTESIAN_POINT('',(0.75753735845,15.035709843717));
#9192 = CARTESIAN_POINT('',(0.770949059064,14.876315768481));
#9193 = CARTESIAN_POINT('',(0.803303864857,14.540104438615));
#9194 = CARTESIAN_POINT('',(0.822752474184,14.363239558213));
#9195 = CARTESIAN_POINT('',(0.844376288177,14.187186043815));
#9196 = CARTESIAN_POINT('',(0.86802021708,14.011880344498));
#9197 = CARTESIAN_POINT('',(0.893542596016,13.837307160041));
#9198 = CARTESIAN_POINT('',(0.920820244841,13.663481408111));
#9199 = CARTESIAN_POINT('',(0.949752627991,13.490429585124));
#9200 = CARTESIAN_POINT('',(1.036012880449,13.003445003744));
#9201 = CARTESIAN_POINT('',(1.096803343556,12.692671891149));
#9202 = CARTESIAN_POINT('',(1.162453671964,12.383989885358));
#9203 = CARTESIAN_POINT('',(1.233041747443,12.076771469705));
#9204 = CARTESIAN_POINT('',(1.308773102595,11.771224516082));
#9205 = CARTESIAN_POINT('',(1.389956343141,11.468219882589));
#9206 = CARTESIAN_POINT('',(1.477056571347,11.169262646396));
#9207 = CARTESIAN_POINT('',(1.570796326795,10.87652461702));
#9208 = ( GEOMETRIC_REPRESENTATION_CONTEXT(2) 
PARAMETRIC_REPRESENTATION_CONTEXT() REPRESENTATION_CONTEXT('2D SPACE',''
  ) );
#9209 = PCURVE('',#9210,#9215);
#9210 = CYLINDRICAL_SURFACE('',#9211,9.5);
#9211 = AXIS2_PLACEMENT_3D('',#9212,#9213,#9214);
#9212 = CARTESIAN_POINT('',(10.,-21.5,-3.330669073875E-16));
#9213 = DIRECTION('',(0.,1.,0.));
#9214 = DIRECTION('',(1.110223024625E-16,0.,-1.));
#9215 = DEFINITIONAL_REPRESENTATION('',(#9216),#9254);
#9216 = B_SPLINE_CURVE_WITH_KNOTS('',8,(#9217,#9218,#9219,#9220,#9221,
    #9222,#9223,#9224,#9225,#9226,#9227,#9228,#9229,#9230,#9231,#9232,
    #9233,#9234,#9235,#9236,#9237,#9238,#9239,#9240,#9241,#9242,#9243,
    #9244,#9245,#9246,#9247,#9248,#9249,#9250,#9251,#9252,#9253),
  .UNSPECIFIED.,.F.,.F.,(9,7,7,7,7,9),(0.,0.249174907562,0.502965126791,
    0.622064747587,0.755750238797,1.),.UNSPECIFIED.);
#9217 = CARTESIAN_POINT('',(-4.142767661312,-4.5));
#9218 = CARTESIAN_POINT('',(-4.179513904156,-4.5));
#9219 = CARTESIAN_POINT('',(-4.216059125474,-4.479745429755));
#9220 = CARTESIAN_POINT('',(-4.252221541938,-4.444273879344));
#9221 = CARTESIAN_POINT('',(-4.287930647217,-4.397623413059));
#9222 = CARTESIAN_POINT('',(-4.323189752415,-4.343142749643));
#9223 = CARTESIAN_POINT('',(-4.3580665715,-4.283631493886));
#9224 = CARTESIAN_POINT('',(-4.392709599309,-4.221502071241));
#9225 = CARTESIAN_POINT('',(-4.462708787203,-4.095653147419));
#9226 = CARTESIAN_POINT('',(-4.498400303701,-4.031325370267));
#9227 = CARTESIAN_POINT('',(-4.534131388222,-3.969816042992));
#9228 = CARTESIAN_POINT('',(-4.569732818204,-3.914966675037));
#9229 = CARTESIAN_POINT('',(-4.605172801946,-3.870366300732));
#9230 = CARTESIAN_POINT('',(-4.640570715196,-3.839003796694));
#9231 = CARTESIAN_POINT('',(-4.676194514284,-3.822875655532));
#9232 = CARTESIAN_POINT('',(-4.729374454453,-3.822875655532));
#9233 = CARTESIAN_POINT('',(-4.746330415837,-3.826427378213));
#9234 = CARTESIAN_POINT('',(-4.763268889409,-3.83350937466));
#9235 = CARTESIAN_POINT('',(-4.780199235642,-3.84401681977));
#9236 = CARTESIAN_POINT('',(-4.797125164046,-3.857760153474));
#9237 = CARTESIAN_POINT('',(-4.81404149091,-3.874468253346));
#9238 = CARTESIAN_POINT('',(-4.830930641335,-3.893796138584));
#9239 = CARTESIAN_POINT('',(-4.86664806937,-3.939516359586));
#9240 = CARTESIAN_POINT('',(-4.88549286352,-3.966525340307));
#9241 = CARTESIAN_POINT('',(-4.904316798582,-3.995897440053));
#9242 = CARTESIAN_POINT('',(-4.923136618909,-4.02714565));
#9243 = CARTESIAN_POINT('',(-4.941964114085,-4.059781025719));
#9244 = CARTESIAN_POINT('',(-4.960808048858,-4.093324362986));
#9245 = CARTESIAN_POINT('',(-4.979676201593,-4.127311183704));
#9246 = CARTESIAN_POINT('',(-5.033111104396,-4.223371006342));
#9247 = CARTESIAN_POINT('',(-5.06761211975,-4.285167220946));
#9248 = CARTESIAN_POINT('',(-5.102345990089,-4.344311608351));
#9249 = CARTESIAN_POINT('',(-5.137459391503,-4.398420616705));
#9250 = CARTESIAN_POINT('',(-5.173019162342,-4.44472525489));
#9251 = CARTESIAN_POINT('',(-5.209028470309,-4.479914893016));
#9252 = CARTESIAN_POINT('',(-5.245418045786,-4.5));
#9253 = CARTESIAN_POINT('',(-5.282010299458,-4.5));
#9254 = ( GEOMETRIC_REPRESENTATION_CONTEXT(2) 
PARAMETRIC_REPRESENTATION_CONTEXT() REPRESENTATION_CONTEXT('2D SPACE',''
  ) );
#9255 = ORIENTED_EDGE('',*,*,#9256,.T.);
#9256 = EDGE_CURVE('',#9127,#8928,#9257,.T.);
#9257 = SURFACE_CURVE('',#9258,(#9262,#9269),.PCURVE_S1.);
#9258 = LINE('',#9259,#9260);
#9259 = CARTESIAN_POINT('',(2.,-26.,-16.));
#9260 = VECTOR('',#9261,1.);
#9261 = DIRECTION('',(0.,0.,1.));
#9262 = PCURVE('',#6633,#9263);
#9263 = DEFINITIONAL_REPRESENTATION('',(#9264),#9268);
#9264 = LINE('',#9265,#9266);
#9265 = CARTESIAN_POINT('',(1.570796326795,0.));
#9266 = VECTOR('',#9267,1.);
#9267 = DIRECTION('',(0.,1.));
#9268 = ( GEOMETRIC_REPRESENTATION_CONTEXT(2) 
PARAMETRIC_REPRESENTATION_CONTEXT() REPRESENTATION_CONTEXT('2D SPACE',''
  ) );
#9269 = PCURVE('',#8569,#9270);
#9270 = DEFINITIONAL_REPRESENTATION('',(#9271),#9275);
#9271 = LINE('',#9272,#9273);
#9272 = CARTESIAN_POINT('',(0.,2.));
#9273 = VECTOR('',#9274,1.);
#9274 = DIRECTION('',(1.,0.));
#9275 = ( GEOMETRIC_REPRESENTATION_CONTEXT(2) 
PARAMETRIC_REPRESENTATION_CONTEXT() REPRESENTATION_CONTEXT('2D SPACE',''
  ) );
#9276 = ORIENTED_EDGE('',*,*,#9277,.T.);
#9277 = EDGE_CURVE('',#8928,#6618,#9278,.T.);
#9278 = SURFACE_CURVE('',#9279,(#9289,#9299),.PCURVE_S1.);
#9279 = B_SPLINE_CURVE_WITH_KNOTS('',8,(#9280,#9281,#9282,#9283,#9284,
    #9285,#9286,#9287,#9288),.UNSPECIFIED.,.F.,.F.,(9,9),(0.,1.),
  .PIECEWISE_BEZIER_KNOTS.);
#9280 = CARTESIAN_POINT('',(2.,-26.,13.));
#9281 = CARTESIAN_POINT('',(1.607300932253,-26.,13.));
#9282 = CARTESIAN_POINT('',(1.214601678299,-25.91187843032,13.));
#9283 = CARTESIAN_POINT('',(0.844973577615,-25.73563610293,13.));
#9284 = CARTESIAN_POINT('',(0.521482443371,-25.47851755662,13.));
#9285 = CARTESIAN_POINT('',(0.264363897068,-25.15502642239,13.));
#9286 = CARTESIAN_POINT('',(8.81215696774E-02,-24.78539832169,13.));
#9287 = CARTESIAN_POINT('',(-7.563394355259E-16,-24.39269906774,13.));
#9288 = CARTESIAN_POINT('',(-7.771561172376E-16,-24.,13.));
#9289 = PCURVE('',#6633,#9290);
#9290 = DEFINITIONAL_REPRESENTATION('',(#9291),#9298);
#9291 = B_SPLINE_CURVE_WITH_KNOTS('',5,(#9292,#9293,#9294,#9295,#9296,
    #9297),.UNSPECIFIED.,.F.,.F.,(6,6),(0.,1.),
  .PIECEWISE_BEZIER_KNOTS.);
#9292 = CARTESIAN_POINT('',(1.570796326795,29.));
#9293 = CARTESIAN_POINT('',(1.256637072598,29.));
#9294 = CARTESIAN_POINT('',(0.942477734348,29.));
#9295 = CARTESIAN_POINT('',(0.628318592446,29.));
#9296 = CARTESIAN_POINT('',(0.314159254199,29.));
#9297 = CARTESIAN_POINT('',(0.,29.));
#9298 = ( GEOMETRIC_REPRESENTATION_CONTEXT(2) 
PARAMETRIC_REPRESENTATION_CONTEXT() REPRESENTATION_CONTEXT('2D SPACE',''
  ) );
#9299 = PCURVE('',#8801,#9300);
#9300 = DEFINITIONAL_REPRESENTATION('',(#9301),#9305);
#9301 = LINE('',#9302,#9303);
#9302 = CARTESIAN_POINT('',(0.,0.));
#9303 = VECTOR('',#9304,1.);
#9304 = DIRECTION('',(1.,0.));
#9305 = ( GEOMETRIC_REPRESENTATION_CONTEXT(2) 
PARAMETRIC_REPRESENTATION_CONTEXT() REPRESENTATION_CONTEXT('2D SPACE',''
  ) );
#9306 = ADVANCED_FACE('',(#9307),#6659,.T.);
#9307 = FACE_BOUND('',#9308,.F.);
#9308 = EDGE_LOOP('',(#9309,#9344,#9345,#9346));
#9309 = ORIENTED_EDGE('',*,*,#9310,.T.);
#9310 = EDGE_CURVE('',#6616,#6813,#9311,.T.);
#9311 = SURFACE_CURVE('',#9312,(#9320,#9332),.PCURVE_S1.);
#9312 = B_SPLINE_CURVE_WITH_KNOTS('',6,(#9313,#9314,#9315,#9316,#9317,
    #9318,#9319),.UNSPECIFIED.,.F.,.F.,(7,7),(0.,1.),
  .PIECEWISE_BEZIER_KNOTS.);
#9313 = CARTESIAN_POINT('',(-2.22044604925E-16,-24.,-13.));
#9314 = CARTESIAN_POINT('',(8.287770469906E-16,-23.83333333333,
    -13.78539816339));
#9315 = CARTESIAN_POINT('',(0.246683058061,-23.66666666666,
    -14.57072950211));
#9316 = CARTESIAN_POINT('',(0.740429551079,-23.5,-15.25957044892));
#9317 = CARTESIAN_POINT('',(1.429270497885,-23.33333333333,
    -15.75331694193));
#9318 = CARTESIAN_POINT('',(2.214601836603,-23.16666666666,-16.));
#9319 = CARTESIAN_POINT('',(3.,-23.,-16.));
#9320 = PCURVE('',#6659,#9321);
#9321 = DEFINITIONAL_REPRESENTATION('',(#9322),#9331);
#9322 = B_SPLINE_CURVE_WITH_KNOTS('',7,(#9323,#9324,#9325,#9326,#9327,
    #9328,#9329,#9330),.UNSPECIFIED.,.F.,.F.,(8,8),(0.,1.),
  .PIECEWISE_BEZIER_KNOTS.);
#9323 = CARTESIAN_POINT('',(0.,0.));
#9324 = CARTESIAN_POINT('',(-0.224399475256,0.142857142857));
#9325 = CARTESIAN_POINT('',(-0.448780948517,0.285702825288));
#9326 = CARTESIAN_POINT('',(-0.673244369879,0.4286006775));
#9327 = CARTESIAN_POINT('',(-0.897551956916,0.5713993225));
#9328 = CARTESIAN_POINT('',(-1.122015378278,0.714297174712));
#9329 = CARTESIAN_POINT('',(-1.346396851538,0.857142857143));
#9330 = CARTESIAN_POINT('',(-1.570796326795,1.));
#9331 = ( GEOMETRIC_REPRESENTATION_CONTEXT(2) 
PARAMETRIC_REPRESENTATION_CONTEXT() REPRESENTATION_CONTEXT('2D SPACE',''
  ) );
#9332 = PCURVE('',#9014,#9333);
#9333 = DEFINITIONAL_REPRESENTATION('',(#9334),#9343);
#9334 = B_SPLINE_CURVE_WITH_KNOTS('',7,(#9335,#9336,#9337,#9338,#9339,
    #9340,#9341,#9342),.UNSPECIFIED.,.F.,.F.,(8,8),(0.,1.),
  .PIECEWISE_BEZIER_KNOTS.);
#9335 = CARTESIAN_POINT('',(1.,-1.110223024625E-16));
#9336 = CARTESIAN_POINT('',(1.,0.142857142857));
#9337 = CARTESIAN_POINT('',(1.,0.285702826527));
#9338 = CARTESIAN_POINT('',(1.,0.428600674372));
#9339 = CARTESIAN_POINT('',(1.,0.571399325628));
#9340 = CARTESIAN_POINT('',(1.,0.714297173473));
#9341 = CARTESIAN_POINT('',(1.,0.857142857143));
#9342 = CARTESIAN_POINT('',(1.,1.));
#9343 = ( GEOMETRIC_REPRESENTATION_CONTEXT(2) 
PARAMETRIC_REPRESENTATION_CONTEXT() REPRESENTATION_CONTEXT('2D SPACE',''
  ) );
#9344 = ORIENTED_EDGE('',*,*,#6812,.T.);
#9345 = ORIENTED_EDGE('',*,*,#6696,.F.);
#9346 = ORIENTED_EDGE('',*,*,#6645,.F.);
#9347 = ADVANCED_FACE('',(#9348),#6797,.T.);
#9348 = FACE_BOUND('',#9349,.F.);
#9349 = EDGE_LOOP('',(#9350,#9375,#9376,#9411));
#9350 = ORIENTED_EDGE('',*,*,#9351,.T.);
#9351 = EDGE_CURVE('',#7136,#6737,#9352,.T.);
#9352 = SURFACE_CURVE('',#9353,(#9363,#9369),.PCURVE_S1.);
#9353 = B_SPLINE_CURVE_WITH_KNOTS('',8,(#9354,#9355,#9356,#9357,#9358,
    #9359,#9360,#9361,#9362),.UNSPECIFIED.,.F.,.F.,(9,9),(0.,1.),
  .PIECEWISE_BEZIER_KNOTS.);
#9354 = CARTESIAN_POINT('',(2.,26.,-13.));
#9355 = CARTESIAN_POINT('',(2.125,26.,-13.58904862254));
#9356 = CARTESIAN_POINT('',(2.25,25.867817633117,-14.17809743051));
#9357 = CARTESIAN_POINT('',(2.375,25.603454197614,-14.732539703));
#9358 = CARTESIAN_POINT('',(2.5,25.21777626734,-15.21777626733));
#9359 = CARTESIAN_POINT('',(2.625,24.732539703005,-15.60345419761));
#9360 = CARTESIAN_POINT('',(2.75,24.178097430513,-15.86781763311));
#9361 = CARTESIAN_POINT('',(2.875,23.589048622548,-16.));
#9362 = CARTESIAN_POINT('',(3.,23.,-16.));
#9363 = PCURVE('',#6797,#9364);
#9364 = DEFINITIONAL_REPRESENTATION('',(#9365),#9368);
#9365 = B_SPLINE_CURVE_WITH_KNOTS('',1,(#9366,#9367),.UNSPECIFIED.,.F.,
  .F.,(2,2),(0.,1.),.PIECEWISE_BEZIER_KNOTS.);
#9366 = CARTESIAN_POINT('',(0.,0.));
#9367 = CARTESIAN_POINT('',(-1.570796326795,1.));
#9368 = ( GEOMETRIC_REPRESENTATION_CONTEXT(2) 
PARAMETRIC_REPRESENTATION_CONTEXT() REPRESENTATION_CONTEXT('2D SPACE',''
  ) );
#9369 = PCURVE('',#6913,#9370);
#9370 = DEFINITIONAL_REPRESENTATION('',(#9371),#9374);
#9371 = B_SPLINE_CURVE_WITH_KNOTS('',1,(#9372,#9373),.UNSPECIFIED.,.F.,
  .F.,(2,2),(0.,1.),.PIECEWISE_BEZIER_KNOTS.);
#9372 = CARTESIAN_POINT('',(1.,0.));
#9373 = CARTESIAN_POINT('',(1.,1.));
#9374 = ( GEOMETRIC_REPRESENTATION_CONTEXT(2) 
PARAMETRIC_REPRESENTATION_CONTEXT() REPRESENTATION_CONTEXT('2D SPACE',''
  ) );
#9375 = ORIENTED_EDGE('',*,*,#6783,.T.);
#9376 = ORIENTED_EDGE('',*,*,#9377,.F.);
#9377 = EDGE_CURVE('',#7456,#6761,#9378,.T.);
#9378 = SURFACE_CURVE('',#9379,(#9387,#9399),.PCURVE_S1.);
#9379 = B_SPLINE_CURVE_WITH_KNOTS('',6,(#9380,#9381,#9382,#9383,#9384,
    #9385,#9386),.UNSPECIFIED.,.F.,.F.,(7,7),(0.,1.),
  .PIECEWISE_BEZIER_KNOTS.);
#9380 = CARTESIAN_POINT('',(24.,26.,-13.));
#9381 = CARTESIAN_POINT('',(23.833333333333,26.,-13.78539816339));
#9382 = CARTESIAN_POINT('',(23.666666666667,25.753316941939,
    -14.57072950211));
#9383 = CARTESIAN_POINT('',(23.5,25.259570448921,-15.25957044892));
#9384 = CARTESIAN_POINT('',(23.333333333333,24.570729502115,
    -15.75331694193));
#9385 = CARTESIAN_POINT('',(23.166666666667,23.785398163398,-16.));
#9386 = CARTESIAN_POINT('',(23.,23.,-16.));
#9387 = PCURVE('',#6797,#9388);
#9388 = DEFINITIONAL_REPRESENTATION('',(#9389),#9398);
#9389 = B_SPLINE_CURVE_WITH_KNOTS('',7,(#9390,#9391,#9392,#9393,#9394,
    #9395,#9396,#9397),.UNSPECIFIED.,.F.,.F.,(8,8),(0.,1.),
  .PIECEWISE_BEZIER_KNOTS.);
#9390 = CARTESIAN_POINT('',(-2.22044604925E-16,22.));
#9391 = CARTESIAN_POINT('',(-0.224399475256,21.857142857143));
#9392 = CARTESIAN_POINT('',(-0.448780948517,21.714297174711));
#9393 = CARTESIAN_POINT('',(-0.673244369879,21.571399322501));
#9394 = CARTESIAN_POINT('',(-0.897551956916,21.428600677499));
#9395 = CARTESIAN_POINT('',(-1.122015378278,21.285702825288));
#9396 = CARTESIAN_POINT('',(-1.346396851538,21.142857142857));
#9397 = CARTESIAN_POINT('',(-1.570796326795,21.));
#9398 = ( GEOMETRIC_REPRESENTATION_CONTEXT(2) 
PARAMETRIC_REPRESENTATION_CONTEXT() REPRESENTATION_CONTEXT('2D SPACE',''
  ) );
#9399 = PCURVE('',#7247,#9400);
#9400 = DEFINITIONAL_REPRESENTATION('',(#9401),#9410);
#9401 = B_SPLINE_CURVE_WITH_KNOTS('',7,(#9402,#9403,#9404,#9405,#9406,
    #9407,#9408,#9409),.UNSPECIFIED.,.F.,.F.,(8,8),(0.,1.),
  .PIECEWISE_BEZIER_KNOTS.);
#9402 = CARTESIAN_POINT('',(0.,1.110223024625E-16));
#9403 = CARTESIAN_POINT('',(0.,0.142857142857));
#9404 = CARTESIAN_POINT('',(0.,0.285702826527));
#9405 = CARTESIAN_POINT('',(0.,0.428600674372));
#9406 = CARTESIAN_POINT('',(0.,0.571399325628));
#9407 = CARTESIAN_POINT('',(0.,0.714297173473));
#9408 = CARTESIAN_POINT('',(0.,0.857142857143));
#9409 = CARTESIAN_POINT('',(0.,1.));
#9410 = ( GEOMETRIC_REPRESENTATION_CONTEXT(2) 
PARAMETRIC_REPRESENTATION_CONTEXT() REPRESENTATION_CONTEXT('2D SPACE',''
  ) );
#9411 = ORIENTED_EDGE('',*,*,#9412,.F.);
#9412 = EDGE_CURVE('',#7136,#7456,#9413,.T.);
#9413 = SURFACE_CURVE('',#9414,(#9418,#9425),.PCURVE_S1.);
#9414 = LINE('',#9415,#9416);
#9415 = CARTESIAN_POINT('',(2.,26.,-13.));
#9416 = VECTOR('',#9417,1.);
#9417 = DIRECTION('',(1.,0.,0.));
#9418 = PCURVE('',#6797,#9419);
#9419 = DEFINITIONAL_REPRESENTATION('',(#9420),#9424);
#9420 = LINE('',#9421,#9422);
#9421 = CARTESIAN_POINT('',(-0.,0.));
#9422 = VECTOR('',#9423,1.);
#9423 = DIRECTION('',(-0.,1.));
#9424 = ( GEOMETRIC_REPRESENTATION_CONTEXT(2) 
PARAMETRIC_REPRESENTATION_CONTEXT() REPRESENTATION_CONTEXT('2D SPACE',''
  ) );
#9425 = PCURVE('',#7183,#9426);
#9426 = DEFINITIONAL_REPRESENTATION('',(#9427),#9431);
#9427 = LINE('',#9428,#9429);
#9428 = CARTESIAN_POINT('',(3.,2.));
#9429 = VECTOR('',#9430,1.);
#9430 = DIRECTION('',(0.,1.));
#9431 = ( GEOMETRIC_REPRESENTATION_CONTEXT(2) 
PARAMETRIC_REPRESENTATION_CONTEXT() REPRESENTATION_CONTEXT('2D SPACE',''
  ) );
#9432 = ADVANCED_FACE('',(#9433),#6851,.T.);
#9433 = FACE_BOUND('',#9434,.F.);
#9434 = EDGE_LOOP('',(#9435,#9460,#9461,#9496));
#9435 = ORIENTED_EDGE('',*,*,#9436,.T.);
#9436 = EDGE_CURVE('',#8440,#6836,#9437,.T.);
#9437 = SURFACE_CURVE('',#9438,(#9448,#9454),.PCURVE_S1.);
#9438 = B_SPLINE_CURVE_WITH_KNOTS('',8,(#9439,#9440,#9441,#9442,#9443,
    #9444,#9445,#9446,#9447),.UNSPECIFIED.,.F.,.F.,(9,9),(0.,1.),
  .PIECEWISE_BEZIER_KNOTS.);
#9439 = CARTESIAN_POINT('',(24.,-26.,-13.));
#9440 = CARTESIAN_POINT('',(23.875,-26.,-13.58904862254));
#9441 = CARTESIAN_POINT('',(23.75,-25.86781763311,-14.17809743051));
#9442 = CARTESIAN_POINT('',(23.625,-25.60345419761,-14.732539703));
#9443 = CARTESIAN_POINT('',(23.5,-25.21777626733,-15.21777626734));
#9444 = CARTESIAN_POINT('',(23.375,-24.732539703,-15.60345419761));
#9445 = CARTESIAN_POINT('',(23.25,-24.17809743051,-15.86781763311));
#9446 = CARTESIAN_POINT('',(23.125,-23.58904862254,-16.));
#9447 = CARTESIAN_POINT('',(23.,-23.,-16.));
#9448 = PCURVE('',#6851,#9449);
#9449 = DEFINITIONAL_REPRESENTATION('',(#9450),#9453);
#9450 = B_SPLINE_CURVE_WITH_KNOTS('',1,(#9451,#9452),.UNSPECIFIED.,.F.,
  .F.,(2,2),(0.,1.),.PIECEWISE_BEZIER_KNOTS.);
#9451 = CARTESIAN_POINT('',(0.,0.));
#9452 = CARTESIAN_POINT('',(-1.570796326795,1.));
#9453 = ( GEOMETRIC_REPRESENTATION_CONTEXT(2) 
PARAMETRIC_REPRESENTATION_CONTEXT() REPRESENTATION_CONTEXT('2D SPACE',''
  ) );
#9454 = PCURVE('',#8464,#9455);
#9455 = DEFINITIONAL_REPRESENTATION('',(#9456),#9459);
#9456 = B_SPLINE_CURVE_WITH_KNOTS('',1,(#9457,#9458),.UNSPECIFIED.,.F.,
  .F.,(2,2),(0.,1.),.PIECEWISE_BEZIER_KNOTS.);
#9457 = CARTESIAN_POINT('',(1.,0.));
#9458 = CARTESIAN_POINT('',(1.,1.));
#9459 = ( GEOMETRIC_REPRESENTATION_CONTEXT(2) 
PARAMETRIC_REPRESENTATION_CONTEXT() REPRESENTATION_CONTEXT('2D SPACE',''
  ) );
#9460 = ORIENTED_EDGE('',*,*,#6835,.T.);
#9461 = ORIENTED_EDGE('',*,*,#9462,.F.);
#9462 = EDGE_CURVE('',#8990,#6813,#9463,.T.);
#9463 = SURFACE_CURVE('',#9464,(#9472,#9484),.PCURVE_S1.);
#9464 = B_SPLINE_CURVE_WITH_KNOTS('',6,(#9465,#9466,#9467,#9468,#9469,
    #9470,#9471),.UNSPECIFIED.,.F.,.F.,(7,7),(0.,1.),
  .PIECEWISE_BEZIER_KNOTS.);
#9465 = CARTESIAN_POINT('',(2.,-26.,-13.));
#9466 = CARTESIAN_POINT('',(2.166666666667,-26.,-13.78539816339));
#9467 = CARTESIAN_POINT('',(2.333333333333,-25.75331694193,
    -14.57072950211));
#9468 = CARTESIAN_POINT('',(2.5,-25.25957044892,-15.25957044892));
#9469 = CARTESIAN_POINT('',(2.666666666667,-24.57072950211,
    -15.75331694193));
#9470 = CARTESIAN_POINT('',(2.833333333333,-23.78539816339,-16.));
#9471 = CARTESIAN_POINT('',(3.,-23.,-16.));
#9472 = PCURVE('',#6851,#9473);
#9473 = DEFINITIONAL_REPRESENTATION('',(#9474),#9483);
#9474 = B_SPLINE_CURVE_WITH_KNOTS('',7,(#9475,#9476,#9477,#9478,#9479,
    #9480,#9481,#9482),.UNSPECIFIED.,.F.,.F.,(8,8),(0.,1.),
  .PIECEWISE_BEZIER_KNOTS.);
#9475 = CARTESIAN_POINT('',(2.22044604925E-16,22.));
#9476 = CARTESIAN_POINT('',(-0.224399475256,21.857142857143));
#9477 = CARTESIAN_POINT('',(-0.448780948517,21.714297174712));
#9478 = CARTESIAN_POINT('',(-0.673244369879,21.571399322501));
#9479 = CARTESIAN_POINT('',(-0.897551956916,21.428600677499));
#9480 = CARTESIAN_POINT('',(-1.122015378278,21.285702825288));
#9481 = CARTESIAN_POINT('',(-1.346396851538,21.142857142857));
#9482 = CARTESIAN_POINT('',(-1.570796326795,21.));
#9483 = ( GEOMETRIC_REPRESENTATION_CONTEXT(2) 
PARAMETRIC_REPRESENTATION_CONTEXT() REPRESENTATION_CONTEXT('2D SPACE',''
  ) );
#9484 = PCURVE('',#9014,#9485);
#9485 = DEFINITIONAL_REPRESENTATION('',(#9486),#9495);
#9486 = B_SPLINE_CURVE_WITH_KNOTS('',7,(#9487,#9488,#9489,#9490,#9491,
    #9492,#9493,#9494),.UNSPECIFIED.,.F.,.F.,(8,8),(0.,1.),
  .PIECEWISE_BEZIER_KNOTS.);
#9487 = CARTESIAN_POINT('',(0.,1.110223024625E-16));
#9488 = CARTESIAN_POINT('',(0.,0.142857142857));
#9489 = CARTESIAN_POINT('',(0.,0.285702826527));
#9490 = CARTESIAN_POINT('',(0.,0.428600674372));
#9491 = CARTESIAN_POINT('',(0.,0.571399325628));
#9492 = CARTESIAN_POINT('',(0.,0.714297173473));
#9493 = CARTESIAN_POINT('',(0.,0.857142857143));
#9494 = CARTESIAN_POINT('',(0.,1.));
#9495 = ( GEOMETRIC_REPRESENTATION_CONTEXT(2) 
PARAMETRIC_REPRESENTATION_CONTEXT() REPRESENTATION_CONTEXT('2D SPACE',''
  ) );
#9496 = ORIENTED_EDGE('',*,*,#9497,.F.);
#9497 = EDGE_CURVE('',#8440,#8990,#9498,.T.);
#9498 = SURFACE_CURVE('',#9499,(#9503,#9510),.PCURVE_S1.);
#9499 = LINE('',#9500,#9501);
#9500 = CARTESIAN_POINT('',(24.,-26.,-13.));
#9501 = VECTOR('',#9502,1.);
#9502 = DIRECTION('',(-1.,-0.,-0.));
#9503 = PCURVE('',#6851,#9504);
#9504 = DEFINITIONAL_REPRESENTATION('',(#9505),#9509);
#9505 = LINE('',#9506,#9507);
#9506 = CARTESIAN_POINT('',(-0.,0.));
#9507 = VECTOR('',#9508,1.);
#9508 = DIRECTION('',(-0.,1.));
#9509 = ( GEOMETRIC_REPRESENTATION_CONTEXT(2) 
PARAMETRIC_REPRESENTATION_CONTEXT() REPRESENTATION_CONTEXT('2D SPACE',''
  ) );
#9510 = PCURVE('',#8569,#9511);
#9511 = DEFINITIONAL_REPRESENTATION('',(#9512),#9516);
#9512 = LINE('',#9513,#9514);
#9513 = CARTESIAN_POINT('',(3.,24.));
#9514 = VECTOR('',#9515,1.);
#9515 = DIRECTION('',(-0.,-1.));
#9516 = ( GEOMETRIC_REPRESENTATION_CONTEXT(2) 
PARAMETRIC_REPRESENTATION_CONTEXT() REPRESENTATION_CONTEXT('2D SPACE',''
  ) );
#9517 = ADVANCED_FACE('',(#9518),#6913,.T.);
#9518 = FACE_BOUND('',#9519,.T.);
#9519 = EDGE_LOOP('',(#9520,#9521,#9522));
#9520 = ORIENTED_EDGE('',*,*,#6890,.F.);
#9521 = ORIENTED_EDGE('',*,*,#7135,.T.);
#9522 = ORIENTED_EDGE('',*,*,#9351,.T.);
#9523 = ADVANCED_FACE('',(#9524),#7036,.F.);
#9524 = FACE_BOUND('',#9525,.F.);
#9525 = EDGE_LOOP('',(#9526,#9527,#9528));
#9526 = ORIENTED_EDGE('',*,*,#7013,.F.);
#9527 = ORIENTED_EDGE('',*,*,#7195,.T.);
#9528 = ORIENTED_EDGE('',*,*,#7543,.T.);
#9529 = ADVANCED_FACE('',(#9530),#7183,.T.);
#9530 = FACE_BOUND('',#9531,.T.);
#9531 = EDGE_LOOP('',(#9532,#9533,#9534,#9535));
#9532 = ORIENTED_EDGE('',*,*,#7167,.T.);
#9533 = ORIENTED_EDGE('',*,*,#7604,.T.);
#9534 = ORIENTED_EDGE('',*,*,#7487,.F.);
#9535 = ORIENTED_EDGE('',*,*,#9412,.F.);
#9536 = ADVANCED_FACE('',(#9537),#7247,.T.);
#9537 = FACE_BOUND('',#9538,.T.);
#9538 = EDGE_LOOP('',(#9539,#9540,#9541));
#9539 = ORIENTED_EDGE('',*,*,#9377,.F.);
#9540 = ORIENTED_EDGE('',*,*,#7455,.T.);
#9541 = ORIENTED_EDGE('',*,*,#7228,.T.);
#9542 = ADVANCED_FACE('',(#9543),#7360,.F.);
#9543 = FACE_BOUND('',#9544,.F.);
#9544 = EDGE_LOOP('',(#9545,#9546,#9547));
#9545 = ORIENTED_EDGE('',*,*,#7569,.F.);
#9546 = ORIENTED_EDGE('',*,*,#7510,.T.);
#9547 = ORIENTED_EDGE('',*,*,#7341,.T.);
#9548 = ADVANCED_FACE('',(#9549),#7644,.T.);
#9549 = FACE_BOUND('',#9550,.T.);
#9550 = EDGE_LOOP('',(#9551,#9552,#9553));
#9551 = ORIENTED_EDGE('',*,*,#7630,.F.);
#9552 = ORIENTED_EDGE('',*,*,#7720,.T.);
#9553 = ORIENTED_EDGE('',*,*,#8373,.T.);
#9554 = ADVANCED_FACE('',(#9555),#7675,.T.);
#9555 = FACE_BOUND('',#9556,.F.);
#9556 = EDGE_LOOP('',(#9557,#9558,#9559));
#9557 = ORIENTED_EDGE('',*,*,#7661,.F.);
#9558 = ORIENTED_EDGE('',*,*,#7743,.T.);
#9559 = ORIENTED_EDGE('',*,*,#8308,.T.);
#9560 = ADVANCED_FACE('',(#9561),#7708,.T.);
#9561 = FACE_BOUND('',#9562,.T.);
#9562 = EDGE_LOOP('',(#9563,#9564,#9565,#9566));
#9563 = ORIENTED_EDGE('',*,*,#8235,.F.);
#9564 = ORIENTED_EDGE('',*,*,#8414,.F.);
#9565 = ORIENTED_EDGE('',*,*,#7690,.T.);
#9566 = ORIENTED_EDGE('',*,*,#8349,.T.);
#9567 = ADVANCED_FACE('',(#9568),#7784,.T.);
#9568 = FACE_BOUND('',#9569,.F.);
#9569 = EDGE_LOOP('',(#9570,#9571,#9572));
#9570 = ORIENTED_EDGE('',*,*,#7770,.F.);
#9571 = ORIENTED_EDGE('',*,*,#7908,.T.);
#9572 = ORIENTED_EDGE('',*,*,#7833,.F.);
#9573 = ADVANCED_FACE('',(#9574),#7816,.T.);
#9574 = FACE_BOUND('',#9575,.F.);
#9575 = EDGE_LOOP('',(#9576,#9577,#9578));
#9576 = ORIENTED_EDGE('',*,*,#7885,.F.);
#9577 = ORIENTED_EDGE('',*,*,#8006,.T.);
#9578 = ORIENTED_EDGE('',*,*,#7801,.F.);
#9579 = ADVANCED_FACE('',(#9580),#7873,.T.);
#9580 = FACE_BOUND('',#9581,.T.);
#9581 = EDGE_LOOP('',(#9582,#9583,#9584,#9585));
#9582 = ORIENTED_EDGE('',*,*,#7857,.T.);
#9583 = ORIENTED_EDGE('',*,*,#8054,.T.);
#9584 = ORIENTED_EDGE('',*,*,#8129,.F.);
#9585 = ORIENTED_EDGE('',*,*,#7956,.F.);
#9586 = ADVANCED_FACE('',(#9587),#7945,.T.);
#9587 = FACE_BOUND('',#9588,.T.);
#9588 = EDGE_LOOP('',(#9589,#9590,#9591));
#9589 = ORIENTED_EDGE('',*,*,#7982,.F.);
#9590 = ORIENTED_EDGE('',*,*,#7929,.T.);
#9591 = ORIENTED_EDGE('',*,*,#8107,.F.);
#9592 = ADVANCED_FACE('',(#9593),#8043,.T.);
#9593 = FACE_BOUND('',#9594,.T.);
#9594 = EDGE_LOOP('',(#9595,#9596,#9597));
#9595 = ORIENTED_EDGE('',*,*,#8150,.F.);
#9596 = ORIENTED_EDGE('',*,*,#8027,.T.);
#9597 = ORIENTED_EDGE('',*,*,#8080,.F.);
#9598 = ADVANCED_FACE('',(#9599),#8187,.T.);
#9599 = FACE_BOUND('',#9600,.T.);
#9600 = EDGE_LOOP('',(#9601,#9602,#9603));
#9601 = ORIENTED_EDGE('',*,*,#8394,.F.);
#9602 = ORIENTED_EDGE('',*,*,#8260,.T.);
#9603 = ORIENTED_EDGE('',*,*,#8173,.T.);
#9604 = ADVANCED_FACE('',(#9605),#8218,.T.);
#9605 = FACE_BOUND('',#9606,.F.);
#9606 = EDGE_LOOP('',(#9607,#9608,#9609));
#9607 = ORIENTED_EDGE('',*,*,#8329,.F.);
#9608 = ORIENTED_EDGE('',*,*,#8283,.T.);
#9609 = ORIENTED_EDGE('',*,*,#8204,.T.);
#9610 = ADVANCED_FACE('',(#9611),#8464,.T.);
#9611 = FACE_BOUND('',#9612,.T.);
#9612 = EDGE_LOOP('',(#9613,#9614,#9615));
#9613 = ORIENTED_EDGE('',*,*,#8698,.F.);
#9614 = ORIENTED_EDGE('',*,*,#8439,.T.);
#9615 = ORIENTED_EDGE('',*,*,#9436,.T.);
#9616 = ADVANCED_FACE('',(#9617),#8604,.F.);
#9617 = FACE_BOUND('',#9618,.F.);
#9618 = EDGE_LOOP('',(#9619,#9620,#9621));
#9619 = ORIENTED_EDGE('',*,*,#8739,.F.);
#9620 = ORIENTED_EDGE('',*,*,#8581,.T.);
#9621 = ORIENTED_EDGE('',*,*,#8901,.T.);
#9622 = ADVANCED_FACE('',(#9623),#8569,.F.);
#9623 = FACE_BOUND('',#9624,.F.);
#9624 = EDGE_LOOP('',(#9625,#9626,#9627,#9651,#9673,#9674,#9675));
#9625 = ORIENTED_EDGE('',*,*,#9497,.T.);
#9626 = ORIENTED_EDGE('',*,*,#9103,.T.);
#9627 = ORIENTED_EDGE('',*,*,#9628,.F.);
#9628 = EDGE_CURVE('',#9629,#9104,#9631,.T.);
#9629 = VERTEX_POINT('',#9630);
#9630 = CARTESIAN_POINT('',(10.,-26.,-9.5));
#9631 = SURFACE_CURVE('',#9632,(#9637,#9644),.PCURVE_S1.);
#9632 = CIRCLE('',#9633,9.5);
#9633 = AXIS2_PLACEMENT_3D('',#9634,#9635,#9636);
#9634 = CARTESIAN_POINT('',(10.,-26.,-3.330669073875E-16));
#9635 = DIRECTION('',(0.,1.,0.));
#9636 = DIRECTION('',(1.110223024625E-16,0.,-1.));
#9637 = PCURVE('',#8569,#9638);
#9638 = DEFINITIONAL_REPRESENTATION('',(#9639),#9643);
#9639 = CIRCLE('',#9640,9.5);
#9640 = AXIS2_PLACEMENT_2D('',#9641,#9642);
#9641 = CARTESIAN_POINT('',(16.,10.));
#9642 = DIRECTION('',(-1.,1.110223024625E-16));
#9643 = ( GEOMETRIC_REPRESENTATION_CONTEXT(2) 
PARAMETRIC_REPRESENTATION_CONTEXT() REPRESENTATION_CONTEXT('2D SPACE',''
  ) );
#9644 = PCURVE('',#9210,#9645);
#9645 = DEFINITIONAL_REPRESENTATION('',(#9646),#9650);
#9646 = LINE('',#9647,#9648);
#9647 = CARTESIAN_POINT('',(-6.28318530718,-4.5));
#9648 = VECTOR('',#9649,1.);
#9649 = DIRECTION('',(1.,-0.));
#9650 = ( GEOMETRIC_REPRESENTATION_CONTEXT(2) 
PARAMETRIC_REPRESENTATION_CONTEXT() REPRESENTATION_CONTEXT('2D SPACE',''
  ) );
#9651 = ORIENTED_EDGE('',*,*,#9652,.F.);
#9652 = EDGE_CURVE('',#9127,#9629,#9653,.T.);
#9653 = SURFACE_CURVE('',#9654,(#9659,#9666),.PCURVE_S1.);
#9654 = CIRCLE('',#9655,9.5);
#9655 = AXIS2_PLACEMENT_3D('',#9656,#9657,#9658);
#9656 = CARTESIAN_POINT('',(10.,-26.,-3.330669073875E-16));
#9657 = DIRECTION('',(0.,1.,0.));
#9658 = DIRECTION('',(1.110223024625E-16,0.,-1.));
#9659 = PCURVE('',#8569,#9660);
#9660 = DEFINITIONAL_REPRESENTATION('',(#9661),#9665);
#9661 = CIRCLE('',#9662,9.5);
#9662 = AXIS2_PLACEMENT_2D('',#9663,#9664);
#9663 = CARTESIAN_POINT('',(16.,10.));
#9664 = DIRECTION('',(-1.,1.110223024625E-16));
#9665 = ( GEOMETRIC_REPRESENTATION_CONTEXT(2) 
PARAMETRIC_REPRESENTATION_CONTEXT() REPRESENTATION_CONTEXT('2D SPACE',''
  ) );
#9666 = PCURVE('',#9210,#9667);
#9667 = DEFINITIONAL_REPRESENTATION('',(#9668),#9672);
#9668 = LINE('',#9669,#9670);
#9669 = CARTESIAN_POINT('',(-6.28318530718,-4.5));
#9670 = VECTOR('',#9671,1.);
#9671 = DIRECTION('',(1.,-0.));
#9672 = ( GEOMETRIC_REPRESENTATION_CONTEXT(2) 
PARAMETRIC_REPRESENTATION_CONTEXT() REPRESENTATION_CONTEXT('2D SPACE',''
  ) );
#9673 = ORIENTED_EDGE('',*,*,#9256,.T.);
#9674 = ORIENTED_EDGE('',*,*,#8964,.F.);
#9675 = ORIENTED_EDGE('',*,*,#8553,.F.);
#9676 = ADVANCED_FACE('',(#9677),#8801,.F.);
#9677 = FACE_BOUND('',#9678,.F.);
#9678 = EDGE_LOOP('',(#9679,#9680,#9681));
#9679 = ORIENTED_EDGE('',*,*,#8927,.F.);
#9680 = ORIENTED_EDGE('',*,*,#9277,.T.);
#9681 = ORIENTED_EDGE('',*,*,#8778,.T.);
#9682 = ADVANCED_FACE('',(#9683),#9210,.T.);
#9683 = FACE_BOUND('',#9684,.F.);
#9684 = EDGE_LOOP('',(#9685,#9686,#9709,#9736,#9737,#9738));
#9685 = ORIENTED_EDGE('',*,*,#9652,.T.);
#9686 = ORIENTED_EDGE('',*,*,#9687,.T.);
#9687 = EDGE_CURVE('',#9629,#9688,#9690,.T.);
#9688 = VERTEX_POINT('',#9689);
#9689 = CARTESIAN_POINT('',(10.,-27.5,-9.5));
#9690 = SEAM_CURVE('',#9691,(#9695,#9702),.PCURVE_S1.);
#9691 = LINE('',#9692,#9693);
#9692 = CARTESIAN_POINT('',(10.,-21.5,-9.5));
#9693 = VECTOR('',#9694,1.);
#9694 = DIRECTION('',(0.,-1.,0.));
#9695 = PCURVE('',#9210,#9696);
#9696 = DEFINITIONAL_REPRESENTATION('',(#9697),#9701);
#9697 = LINE('',#9698,#9699);
#9698 = CARTESIAN_POINT('',(-6.28318530718,0.));
#9699 = VECTOR('',#9700,1.);
#9700 = DIRECTION('',(-0.,-1.));
#9701 = ( GEOMETRIC_REPRESENTATION_CONTEXT(2) 
PARAMETRIC_REPRESENTATION_CONTEXT() REPRESENTATION_CONTEXT('2D SPACE',''
  ) );
#9702 = PCURVE('',#9210,#9703);
#9703 = DEFINITIONAL_REPRESENTATION('',(#9704),#9708);
#9704 = LINE('',#9705,#9706);
#9705 = CARTESIAN_POINT('',(-0.,0.));
#9706 = VECTOR('',#9707,1.);
#9707 = DIRECTION('',(-0.,-1.));
#9708 = ( GEOMETRIC_REPRESENTATION_CONTEXT(2) 
PARAMETRIC_REPRESENTATION_CONTEXT() REPRESENTATION_CONTEXT('2D SPACE',''
  ) );
#9709 = ORIENTED_EDGE('',*,*,#9710,.T.);
#9710 = EDGE_CURVE('',#9688,#9688,#9711,.T.);
#9711 = SURFACE_CURVE('',#9712,(#9717,#9724),.PCURVE_S1.);
#9712 = CIRCLE('',#9713,9.5);
#9713 = AXIS2_PLACEMENT_3D('',#9714,#9715,#9716);
#9714 = CARTESIAN_POINT('',(10.,-27.5,-3.330669073875E-16));
#9715 = DIRECTION('',(0.,-1.,0.));
#9716 = DIRECTION('',(1.110223024625E-16,0.,-1.));
#9717 = PCURVE('',#9210,#9718);
#9718 = DEFINITIONAL_REPRESENTATION('',(#9719),#9723);
#9719 = LINE('',#9720,#9721);
#9720 = CARTESIAN_POINT('',(-0.,-6.));
#9721 = VECTOR('',#9722,1.);
#9722 = DIRECTION('',(-1.,0.));
#9723 = ( GEOMETRIC_REPRESENTATION_CONTEXT(2) 
PARAMETRIC_REPRESENTATION_CONTEXT() REPRESENTATION_CONTEXT('2D SPACE',''
  ) );
#9724 = PCURVE('',#9725,#9730);
#9725 = PLANE('',#9726);
#9726 = AXIS2_PLACEMENT_3D('',#9727,#9728,#9729);
#9727 = CARTESIAN_POINT('',(10.,-27.5,5.30579492111E-16));
#9728 = DIRECTION('',(-0.,-1.,0.));
#9729 = DIRECTION('',(-1.,0.,-1.110223024625E-16));
#9730 = DEFINITIONAL_REPRESENTATION('',(#9731),#9735);
#9731 = CIRCLE('',#9732,9.5);
#9732 = AXIS2_PLACEMENT_2D('',#9733,#9734);
#9733 = CARTESIAN_POINT('',(9.588401178579E-32,8.636463994986E-16));
#9734 = DIRECTION('',(0.,1.));
#9735 = ( GEOMETRIC_REPRESENTATION_CONTEXT(2) 
PARAMETRIC_REPRESENTATION_CONTEXT() REPRESENTATION_CONTEXT('2D SPACE',''
  ) );
#9736 = ORIENTED_EDGE('',*,*,#9687,.F.);
#9737 = ORIENTED_EDGE('',*,*,#9628,.T.);
#9738 = ORIENTED_EDGE('',*,*,#9126,.F.);
#9739 = ADVANCED_FACE('',(#9740),#9014,.T.);
#9740 = FACE_BOUND('',#9741,.T.);
#9741 = EDGE_LOOP('',(#9742,#9743,#9744));
#9742 = ORIENTED_EDGE('',*,*,#9462,.F.);
#9743 = ORIENTED_EDGE('',*,*,#8989,.T.);
#9744 = ORIENTED_EDGE('',*,*,#9310,.T.);
#9745 = ADVANCED_FACE('',(#9746,#9749),#9725,.T.);
#9746 = FACE_BOUND('',#9747,.T.);
#9747 = EDGE_LOOP('',(#9748));
#9748 = ORIENTED_EDGE('',*,*,#9710,.T.);
#9749 = FACE_BOUND('',#9750,.T.);
#9750 = EDGE_LOOP('',(#9751));
#9751 = ORIENTED_EDGE('',*,*,#9752,.T.);
#9752 = EDGE_CURVE('',#9753,#9753,#9755,.T.);
#9753 = VERTEX_POINT('',#9754);
#9754 = CARTESIAN_POINT('',(9.,-27.5,-4.));
#9755 = SURFACE_CURVE('',#9756,(#9761,#9772),.PCURVE_S1.);
#9756 = CIRCLE('',#9757,3.);
#9757 = AXIS2_PLACEMENT_3D('',#9758,#9759,#9760);
#9758 = CARTESIAN_POINT('',(9.,-27.5,-1.));
#9759 = DIRECTION('',(0.,1.,0.));
#9760 = DIRECTION('',(1.110223024625E-16,0.,-1.));
#9761 = PCURVE('',#9725,#9762);
#9762 = DEFINITIONAL_REPRESENTATION('',(#9763),#9771);
#9763 = ( BOUNDED_CURVE() B_SPLINE_CURVE(2,(#9764,#9765,#9766,#9767,
#9768,#9769,#9770),.UNSPECIFIED.,.T.,.F.) B_SPLINE_CURVE_WITH_KNOTS((1,2
    ,2,2,2,1),(-2.094395102393,0.,2.094395102393,4.188790204786,
6.28318530718,8.377580409573),.UNSPECIFIED.) CURVE() 
GEOMETRIC_REPRESENTATION_ITEM() RATIONAL_B_SPLINE_CURVE((1.,0.5,1.,0.5,
1.,0.5,1.)) REPRESENTATION_ITEM('') );
#9764 = CARTESIAN_POINT('',(1.,4.));
#9765 = CARTESIAN_POINT('',(6.196152422707,4.));
#9766 = CARTESIAN_POINT('',(3.598076211353,-0.5));
#9767 = CARTESIAN_POINT('',(1.,-5.));
#9768 = CARTESIAN_POINT('',(-1.598076211353,-0.5));
#9769 = CARTESIAN_POINT('',(-4.196152422707,4.));
#9770 = CARTESIAN_POINT('',(1.,4.));
#9771 = ( GEOMETRIC_REPRESENTATION_CONTEXT(2) 
PARAMETRIC_REPRESENTATION_CONTEXT() REPRESENTATION_CONTEXT('2D SPACE',''
  ) );
#9772 = PCURVE('',#9773,#9778);
#9773 = CYLINDRICAL_SURFACE('',#9774,3.);
#9774 = AXIS2_PLACEMENT_3D('',#9775,#9776,#9777);
#9775 = CARTESIAN_POINT('',(9.,-21.5,-1.));
#9776 = DIRECTION('',(0.,1.,0.));
#9777 = DIRECTION('',(1.110223024625E-16,0.,-1.));
#9778 = DEFINITIONAL_REPRESENTATION('',(#9779),#9783);
#9779 = LINE('',#9780,#9781);
#9780 = CARTESIAN_POINT('',(-6.28318530718,-6.));
#9781 = VECTOR('',#9782,1.);
#9782 = DIRECTION('',(1.,-0.));
#9783 = ( GEOMETRIC_REPRESENTATION_CONTEXT(2) 
PARAMETRIC_REPRESENTATION_CONTEXT() REPRESENTATION_CONTEXT('2D SPACE',''
  ) );
#9784 = ADVANCED_FACE('',(#9785),#9773,.F.);
#9785 = FACE_BOUND('',#9786,.T.);
#9786 = EDGE_LOOP('',(#9787,#9816,#9837,#9838));
#9787 = ORIENTED_EDGE('',*,*,#9788,.T.);
#9788 = EDGE_CURVE('',#9789,#9789,#9791,.T.);
#9789 = VERTEX_POINT('',#9790);
#9790 = CARTESIAN_POINT('',(9.,-26.,-4.));
#9791 = SURFACE_CURVE('',#9792,(#9797,#9804),.PCURVE_S1.);
#9792 = CIRCLE('',#9793,3.);
#9793 = AXIS2_PLACEMENT_3D('',#9794,#9795,#9796);
#9794 = CARTESIAN_POINT('',(9.,-26.,-1.));
#9795 = DIRECTION('',(0.,1.,0.));
#9796 = DIRECTION('',(1.110223024625E-16,0.,-1.));
#9797 = PCURVE('',#9773,#9798);
#9798 = DEFINITIONAL_REPRESENTATION('',(#9799),#9803);
#9799 = LINE('',#9800,#9801);
#9800 = CARTESIAN_POINT('',(-6.28318530718,-4.5));
#9801 = VECTOR('',#9802,1.);
#9802 = DIRECTION('',(1.,-0.));
#9803 = ( GEOMETRIC_REPRESENTATION_CONTEXT(2) 
PARAMETRIC_REPRESENTATION_CONTEXT() REPRESENTATION_CONTEXT('2D SPACE',''
  ) );
#9804 = PCURVE('',#9805,#9810);
#9805 = PLANE('',#9806);
#9806 = AXIS2_PLACEMENT_3D('',#9807,#9808,#9809);
#9807 = CARTESIAN_POINT('',(0.,-26.,-16.));
#9808 = DIRECTION('',(0.,1.,0.));
#9809 = DIRECTION('',(0.,0.,1.));
#9810 = DEFINITIONAL_REPRESENTATION('',(#9811),#9815);
#9811 = CIRCLE('',#9812,3.);
#9812 = AXIS2_PLACEMENT_2D('',#9813,#9814);
#9813 = CARTESIAN_POINT('',(15.,9.));
#9814 = DIRECTION('',(-1.,1.110223024625E-16));
#9815 = ( GEOMETRIC_REPRESENTATION_CONTEXT(2) 
PARAMETRIC_REPRESENTATION_CONTEXT() REPRESENTATION_CONTEXT('2D SPACE',''
  ) );
#9816 = ORIENTED_EDGE('',*,*,#9817,.T.);
#9817 = EDGE_CURVE('',#9789,#9753,#9818,.T.);
#9818 = SEAM_CURVE('',#9819,(#9823,#9830),.PCURVE_S1.);
#9819 = LINE('',#9820,#9821);
#9820 = CARTESIAN_POINT('',(9.,-21.5,-4.));
#9821 = VECTOR('',#9822,1.);
#9822 = DIRECTION('',(0.,-1.,0.));
#9823 = PCURVE('',#9773,#9824);
#9824 = DEFINITIONAL_REPRESENTATION('',(#9825),#9829);
#9825 = LINE('',#9826,#9827);
#9826 = CARTESIAN_POINT('',(-6.28318530718,0.));
#9827 = VECTOR('',#9828,1.);
#9828 = DIRECTION('',(-0.,-1.));
#9829 = ( GEOMETRIC_REPRESENTATION_CONTEXT(2) 
PARAMETRIC_REPRESENTATION_CONTEXT() REPRESENTATION_CONTEXT('2D SPACE',''
  ) );
#9830 = PCURVE('',#9773,#9831);
#9831 = DEFINITIONAL_REPRESENTATION('',(#9832),#9836);
#9832 = LINE('',#9833,#9834);
#9833 = CARTESIAN_POINT('',(-0.,0.));
#9834 = VECTOR('',#9835,1.);
#9835 = DIRECTION('',(-0.,-1.));
#9836 = ( GEOMETRIC_REPRESENTATION_CONTEXT(2) 
PARAMETRIC_REPRESENTATION_CONTEXT() REPRESENTATION_CONTEXT('2D SPACE',''
  ) );
#9837 = ORIENTED_EDGE('',*,*,#9752,.F.);
#9838 = ORIENTED_EDGE('',*,*,#9817,.F.);
#9839 = ADVANCED_FACE('',(#9840),#9805,.F.);
#9840 = FACE_BOUND('',#9841,.F.);
#9841 = EDGE_LOOP('',(#9842));
#9842 = ORIENTED_EDGE('',*,*,#9788,.T.);
#9843 = ( GEOMETRIC_REPRESENTATION_CONTEXT(3) 
GLOBAL_UNCERTAINTY_ASSIGNED_CONTEXT((#9847)) 
GLOBAL_UNIT_ASSIGNED_CONTEXT((#9844,#9845,#9846)) REPRESENTATION_CONTEXT
('Context #1','3D Context with UNIT and UNCERTAINTY') );
#9844 = ( LENGTH_UNIT() NAMED_UNIT(*) SI_UNIT(.MILLI.,.METRE.) );
#9845 = ( NAMED_UNIT(*) PLANE_ANGLE_UNIT() SI_UNIT($,.RADIAN.) );
#9846 = ( NAMED_UNIT(*) SI_UNIT($,.STERADIAN.) SOLID_ANGLE_UNIT() );
#9847 = UNCERTAINTY_MEASURE_WITH_UNIT(LENGTH_MEASURE(2.E-05),#9844,
  'distance_accuracy_value','confusion accuracy');
#9848 = PRODUCT_RELATED_PRODUCT_CATEGORY('part',$,(#7));
ENDSEC;
END-ISO-10303-21;
