ISO-10303-21;
HEADER;
FILE_DESCRIPTION(('Open CASCADE Model'),'2;1');
FILE_NAME('Open CASCADE Shape Model','2026-08-25T14:00:48',('Author'),(
    'Open CASCADE'),'Open CASCADE STEP processor 7.9','Open CASCADE 7.9'
  ,'Unknown');
FILE_SCHEMA(('AUTOMOTIVE_DESIGN { 1 0 10303 214 1 1 1 1 }'));
ENDSEC;
DATA;
#1 = APPLICATION_PROTOCOL_DEFINITION('international standard',
  'automotive_design',2000,#2);
#2 = APPLICATION_CONTEXT(
  'core data for automotive mechanical design processes');
#3 = SHAPE_DEFINITION_REPRESENTATION(#4,#10);
#4 = PRODUCT_DEFINITION_SHAPE('','',#5);
#5 = PRODUCT_DEFINITION('design','',#6,#9);
#6 = PRODUCT_DEFINITION_FORMATION('','',#7);
#7 = PRODUCT('Open CASCADE STEP translator 7.9 4',
  'Open CASCADE STEP translator 7.9 4','',(#8));
#8 = PRODUCT_CONTEXT('',#2,'mechanical');
#9 = PRODUCT_DEFINITION_CONTEXT('part definition',#2,'design');
#10 = ADVANCED_BREP_SHAPE_REPRESENTATION('',(#11,#15),#14130);
#11 = AXIS2_PLACEMENT_3D('',#12,#13,#14);
#12 = CARTESIAN_POINT('',(0.,0.,0.));
#13 = DIRECTION('',(0.,0.,1.));
#14 = DIRECTION('',(1.,0.,-0.));
#15 = BREP_WITH_VOIDS('',#16,(#5453,#5555));
#16 = CLOSED_SHELL('',(#17,#361,#1001,#1152,#1200,#1270,#1372,#1471,
    #1650,#1678,#1683,#1737,#1784,#1829,#1932,#2036,#2685,#2790,#2891,
    #2936,#2985,#3035,#3113,#3140,#3361,#3366,#3414,#3496,#3578,#3628,
    #3655,#3702,#3732,#3783,#3811,#3819,#3895,#3945,#4038,#4087,#4114,
    #4161,#4188,#4213,#4219,#4246,#4293,#4385,#4440,#4517,#4569,#4807,
    #4859,#4937,#4965,#4993,#5064,#5091,#5116,#5176,#5203,#5207,#5213,
    #5219,#5226,#5233,#5311,#5315,#5321,#5327,#5386,#5445,#5449));
#17 = ADVANCED_FACE('',(#18),#32,.F.);
#18 = FACE_BOUND('',#19,.F.);
#19 = EDGE_LOOP('',(#20,#55,#83,#111,#139,#167,#195,#223,#251,#279,#307,
    #335));
#20 = ORIENTED_EDGE('',*,*,#21,.F.);
#21 = EDGE_CURVE('',#22,#24,#26,.T.);
#22 = VERTEX_POINT('',#23);
#23 = CARTESIAN_POINT('',(0.,-75.,55.));
#24 = VERTEX_POINT('',#25);
#25 = CARTESIAN_POINT('',(0.,75.,55.));
#26 = SURFACE_CURVE('',#27,(#31,#43),.PCURVE_S1.);
#27 = LINE('',#28,#29);
#28 = CARTESIAN_POINT('',(0.,-75.,55.));
#29 = VECTOR('',#30,1.);
#30 = DIRECTION('',(0.,1.,0.));
#31 = PCURVE('',#32,#37);
#32 = PLANE('',#33);
#33 = AXIS2_PLACEMENT_3D('',#34,#35,#36);
#34 = CARTESIAN_POINT('',(0.,-75.,-55.));
#35 = DIRECTION('',(1.,0.,0.));
#36 = DIRECTION('',(0.,0.,1.));
#37 = DEFINITIONAL_REPRESENTATION('',(#38),#42);
#38 = LINE('',#39,#40);
#39 = CARTESIAN_POINT('',(110.,0.));
#40 = VECTOR('',#41,1.);
#41 = DIRECTION('',(0.,-1.));
#42 = ( GEOMETRIC_REPRESENTATION_CONTEXT(2) 
PARAMETRIC_REPRESENTATION_CONTEXT() REPRESENTATION_CONTEXT('2D SPACE',''
  ) );
#43 = PCURVE('',#44,#49);
#44 = PLANE('',#45);
#45 = AXIS2_PLACEMENT_3D('',#46,#47,#48);
#46 = CARTESIAN_POINT('',(0.,-75.,55.));
#47 = DIRECTION('',(0.,0.,1.));
#48 = DIRECTION('',(1.,0.,0.));
#49 = DEFINITIONAL_REPRESENTATION('',(#50),#54);
#50 = LINE('',#51,#52);
#51 = CARTESIAN_POINT('',(0.,0.));
#52 = VECTOR('',#53,1.);
#53 = DIRECTION('',(0.,1.));
#54 = ( GEOMETRIC_REPRESENTATION_CONTEXT(2) 
PARAMETRIC_REPRESENTATION_CONTEXT() REPRESENTATION_CONTEXT('2D SPACE',''
  ) );
#55 = ORIENTED_EDGE('',*,*,#56,.F.);
#56 = EDGE_CURVE('',#57,#22,#59,.T.);
#57 = VERTEX_POINT('',#58);
#58 = CARTESIAN_POINT('',(0.,-75.,49.));
#59 = SURFACE_CURVE('',#60,(#64,#71),.PCURVE_S1.);
#60 = LINE('',#61,#62);
#61 = CARTESIAN_POINT('',(0.,-75.,49.));
#62 = VECTOR('',#63,1.);
#63 = DIRECTION('',(0.,0.,1.));
#64 = PCURVE('',#32,#65);
#65 = DEFINITIONAL_REPRESENTATION('',(#66),#70);
#66 = LINE('',#67,#68);
#67 = CARTESIAN_POINT('',(104.,0.));
#68 = VECTOR('',#69,1.);
#69 = DIRECTION('',(1.,0.));
#70 = ( GEOMETRIC_REPRESENTATION_CONTEXT(2) 
PARAMETRIC_REPRESENTATION_CONTEXT() REPRESENTATION_CONTEXT('2D SPACE',''
  ) );
#71 = PCURVE('',#72,#77);
#72 = PLANE('',#73);
#73 = AXIS2_PLACEMENT_3D('',#74,#75,#76);
#74 = CARTESIAN_POINT('',(0.,-75.,-55.));
#75 = DIRECTION('',(0.,1.,0.));
#76 = DIRECTION('',(0.,0.,1.));
#77 = DEFINITIONAL_REPRESENTATION('',(#78),#82);
#78 = LINE('',#79,#80);
#79 = CARTESIAN_POINT('',(104.,0.));
#80 = VECTOR('',#81,1.);
#81 = DIRECTION('',(1.,0.));
#82 = ( GEOMETRIC_REPRESENTATION_CONTEXT(2) 
PARAMETRIC_REPRESENTATION_CONTEXT() REPRESENTATION_CONTEXT('2D SPACE',''
  ) );
#83 = ORIENTED_EDGE('',*,*,#84,.T.);
#84 = EDGE_CURVE('',#57,#85,#87,.T.);
#85 = VERTEX_POINT('',#86);
#86 = CARTESIAN_POINT('',(0.,-72.,49.));
#87 = SURFACE_CURVE('',#88,(#92,#99),.PCURVE_S1.);
#88 = LINE('',#89,#90);
#89 = CARTESIAN_POINT('',(0.,-75.,49.));
#90 = VECTOR('',#91,1.);
#91 = DIRECTION('',(0.,1.,0.));
#92 = PCURVE('',#32,#93);
#93 = DEFINITIONAL_REPRESENTATION('',(#94),#98);
#94 = LINE('',#95,#96);
#95 = CARTESIAN_POINT('',(104.,0.));
#96 = VECTOR('',#97,1.);
#97 = DIRECTION('',(0.,-1.));
#98 = ( GEOMETRIC_REPRESENTATION_CONTEXT(2) 
PARAMETRIC_REPRESENTATION_CONTEXT() REPRESENTATION_CONTEXT('2D SPACE',''
  ) );
#99 = PCURVE('',#100,#105);
#100 = PLANE('',#101);
#101 = AXIS2_PLACEMENT_3D('',#102,#103,#104);
#102 = CARTESIAN_POINT('',(0.,-75.,49.));
#103 = DIRECTION('',(0.,0.,1.));
#104 = DIRECTION('',(1.,0.,0.));
#105 = DEFINITIONAL_REPRESENTATION('',(#106),#110);
#106 = LINE('',#107,#108);
#107 = CARTESIAN_POINT('',(0.,0.));
#108 = VECTOR('',#109,1.);
#109 = DIRECTION('',(0.,1.));
#110 = ( GEOMETRIC_REPRESENTATION_CONTEXT(2) 
PARAMETRIC_REPRESENTATION_CONTEXT() REPRESENTATION_CONTEXT('2D SPACE',''
  ) );
#111 = ORIENTED_EDGE('',*,*,#112,.F.);
#112 = EDGE_CURVE('',#113,#85,#115,.T.);
#113 = VERTEX_POINT('',#114);
#114 = CARTESIAN_POINT('',(0.,-72.,-52.));
#115 = SURFACE_CURVE('',#116,(#120,#127),.PCURVE_S1.);
#116 = LINE('',#117,#118);
#117 = CARTESIAN_POINT('',(0.,-72.,-52.));
#118 = VECTOR('',#119,1.);
#119 = DIRECTION('',(0.,0.,1.));
#120 = PCURVE('',#32,#121);
#121 = DEFINITIONAL_REPRESENTATION('',(#122),#126);
#122 = LINE('',#123,#124);
#123 = CARTESIAN_POINT('',(3.,-3.));
#124 = VECTOR('',#125,1.);
#125 = DIRECTION('',(1.,0.));
#126 = ( GEOMETRIC_REPRESENTATION_CONTEXT(2) 
PARAMETRIC_REPRESENTATION_CONTEXT() REPRESENTATION_CONTEXT('2D SPACE',''
  ) );
#127 = PCURVE('',#128,#133);
#128 = PLANE('',#129);
#129 = AXIS2_PLACEMENT_3D('',#130,#131,#132);
#130 = CARTESIAN_POINT('',(0.,-72.,-52.));
#131 = DIRECTION('',(0.,1.,0.));
#132 = DIRECTION('',(0.,0.,1.));
#133 = DEFINITIONAL_REPRESENTATION('',(#134),#138);
#134 = LINE('',#135,#136);
#135 = CARTESIAN_POINT('',(0.,0.));
#136 = VECTOR('',#137,1.);
#137 = DIRECTION('',(1.,0.));
#138 = ( GEOMETRIC_REPRESENTATION_CONTEXT(2) 
PARAMETRIC_REPRESENTATION_CONTEXT() REPRESENTATION_CONTEXT('2D SPACE',''
  ) );
#139 = ORIENTED_EDGE('',*,*,#140,.T.);
#140 = EDGE_CURVE('',#113,#141,#143,.T.);
#141 = VERTEX_POINT('',#142);
#142 = CARTESIAN_POINT('',(0.,-67.,-52.));
#143 = SURFACE_CURVE('',#144,(#148,#155),.PCURVE_S1.);
#144 = LINE('',#145,#146);
#145 = CARTESIAN_POINT('',(0.,-72.,-52.));
#146 = VECTOR('',#147,1.);
#147 = DIRECTION('',(0.,1.,0.));
#148 = PCURVE('',#32,#149);
#149 = DEFINITIONAL_REPRESENTATION('',(#150),#154);
#150 = LINE('',#151,#152);
#151 = CARTESIAN_POINT('',(3.,-3.));
#152 = VECTOR('',#153,1.);
#153 = DIRECTION('',(0.,-1.));
#154 = ( GEOMETRIC_REPRESENTATION_CONTEXT(2) 
PARAMETRIC_REPRESENTATION_CONTEXT() REPRESENTATION_CONTEXT('2D SPACE',''
  ) );
#155 = PCURVE('',#156,#161);
#156 = PLANE('',#157);
#157 = AXIS2_PLACEMENT_3D('',#158,#159,#160);
#158 = CARTESIAN_POINT('',(0.,-72.,-52.));
#159 = DIRECTION('',(0.,0.,1.));
#160 = DIRECTION('',(1.,0.,0.));
#161 = DEFINITIONAL_REPRESENTATION('',(#162),#166);
#162 = LINE('',#163,#164);
#163 = CARTESIAN_POINT('',(0.,0.));
#164 = VECTOR('',#165,1.);
#165 = DIRECTION('',(0.,1.));
#166 = ( GEOMETRIC_REPRESENTATION_CONTEXT(2) 
PARAMETRIC_REPRESENTATION_CONTEXT() REPRESENTATION_CONTEXT('2D SPACE',''
  ) );
#167 = ORIENTED_EDGE('',*,*,#168,.F.);
#168 = EDGE_CURVE('',#169,#141,#171,.T.);
#169 = VERTEX_POINT('',#170);
#170 = CARTESIAN_POINT('',(0.,-67.,-55.));
#171 = SURFACE_CURVE('',#172,(#176,#183),.PCURVE_S1.);
#172 = LINE('',#173,#174);
#173 = CARTESIAN_POINT('',(0.,-67.,-55.));
#174 = VECTOR('',#175,1.);
#175 = DIRECTION('',(0.,0.,1.));
#176 = PCURVE('',#32,#177);
#177 = DEFINITIONAL_REPRESENTATION('',(#178),#182);
#178 = LINE('',#179,#180);
#179 = CARTESIAN_POINT('',(0.,-8.));
#180 = VECTOR('',#181,1.);
#181 = DIRECTION('',(1.,0.));
#182 = ( GEOMETRIC_REPRESENTATION_CONTEXT(2) 
PARAMETRIC_REPRESENTATION_CONTEXT() REPRESENTATION_CONTEXT('2D SPACE',''
  ) );
#183 = PCURVE('',#184,#189);
#184 = CYLINDRICAL_SURFACE('',#185,8.);
#185 = AXIS2_PLACEMENT_3D('',#186,#187,#188);
#186 = CARTESIAN_POINT('',(8.,-67.,-55.));
#187 = DIRECTION('',(0.,0.,1.));
#188 = DIRECTION('',(-1.,-0.,0.));
#189 = DEFINITIONAL_REPRESENTATION('',(#190),#194);
#190 = LINE('',#191,#192);
#191 = CARTESIAN_POINT('',(0.,0.));
#192 = VECTOR('',#193,1.);
#193 = DIRECTION('',(0.,1.));
#194 = ( GEOMETRIC_REPRESENTATION_CONTEXT(2) 
PARAMETRIC_REPRESENTATION_CONTEXT() REPRESENTATION_CONTEXT('2D SPACE',''
  ) );
#195 = ORIENTED_EDGE('',*,*,#196,.T.);
#196 = EDGE_CURVE('',#169,#197,#199,.T.);
#197 = VERTEX_POINT('',#198);
#198 = CARTESIAN_POINT('',(0.,67.,-55.));
#199 = SURFACE_CURVE('',#200,(#204,#211),.PCURVE_S1.);
#200 = LINE('',#201,#202);
#201 = CARTESIAN_POINT('',(0.,-75.,-55.));
#202 = VECTOR('',#203,1.);
#203 = DIRECTION('',(0.,1.,0.));
#204 = PCURVE('',#32,#205);
#205 = DEFINITIONAL_REPRESENTATION('',(#206),#210);
#206 = LINE('',#207,#208);
#207 = CARTESIAN_POINT('',(0.,0.));
#208 = VECTOR('',#209,1.);
#209 = DIRECTION('',(0.,-1.));
#210 = ( GEOMETRIC_REPRESENTATION_CONTEXT(2) 
PARAMETRIC_REPRESENTATION_CONTEXT() REPRESENTATION_CONTEXT('2D SPACE',''
  ) );
#211 = PCURVE('',#212,#217);
#212 = PLANE('',#213);
#213 = AXIS2_PLACEMENT_3D('',#214,#215,#216);
#214 = CARTESIAN_POINT('',(0.,-75.,-55.));
#215 = DIRECTION('',(0.,0.,1.));
#216 = DIRECTION('',(1.,0.,0.));
#217 = DEFINITIONAL_REPRESENTATION('',(#218),#222);
#218 = LINE('',#219,#220);
#219 = CARTESIAN_POINT('',(0.,0.));
#220 = VECTOR('',#221,1.);
#221 = DIRECTION('',(0.,1.));
#222 = ( GEOMETRIC_REPRESENTATION_CONTEXT(2) 
PARAMETRIC_REPRESENTATION_CONTEXT() REPRESENTATION_CONTEXT('2D SPACE',''
  ) );
#223 = ORIENTED_EDGE('',*,*,#224,.T.);
#224 = EDGE_CURVE('',#197,#225,#227,.T.);
#225 = VERTEX_POINT('',#226);
#226 = CARTESIAN_POINT('',(0.,67.,-52.));
#227 = SURFACE_CURVE('',#228,(#232,#239),.PCURVE_S1.);
#228 = LINE('',#229,#230);
#229 = CARTESIAN_POINT('',(0.,67.,-55.));
#230 = VECTOR('',#231,1.);
#231 = DIRECTION('',(0.,0.,1.));
#232 = PCURVE('',#32,#233);
#233 = DEFINITIONAL_REPRESENTATION('',(#234),#238);
#234 = LINE('',#235,#236);
#235 = CARTESIAN_POINT('',(0.,-142.));
#236 = VECTOR('',#237,1.);
#237 = DIRECTION('',(1.,0.));
#238 = ( GEOMETRIC_REPRESENTATION_CONTEXT(2) 
PARAMETRIC_REPRESENTATION_CONTEXT() REPRESENTATION_CONTEXT('2D SPACE',''
  ) );
#239 = PCURVE('',#240,#245);
#240 = CYLINDRICAL_SURFACE('',#241,8.);
#241 = AXIS2_PLACEMENT_3D('',#242,#243,#244);
#242 = CARTESIAN_POINT('',(8.,67.,-55.));
#243 = DIRECTION('',(0.,0.,1.));
#244 = DIRECTION('',(-1.,-0.,0.));
#245 = DEFINITIONAL_REPRESENTATION('',(#246),#250);
#246 = LINE('',#247,#248);
#247 = CARTESIAN_POINT('',(-0.,0.));
#248 = VECTOR('',#249,1.);
#249 = DIRECTION('',(-0.,1.));
#250 = ( GEOMETRIC_REPRESENTATION_CONTEXT(2) 
PARAMETRIC_REPRESENTATION_CONTEXT() REPRESENTATION_CONTEXT('2D SPACE',''
  ) );
#251 = ORIENTED_EDGE('',*,*,#252,.T.);
#252 = EDGE_CURVE('',#225,#253,#255,.T.);
#253 = VERTEX_POINT('',#254);
#254 = CARTESIAN_POINT('',(0.,72.,-52.));
#255 = SURFACE_CURVE('',#256,(#260,#267),.PCURVE_S1.);
#256 = LINE('',#257,#258);
#257 = CARTESIAN_POINT('',(0.,-72.,-52.));
#258 = VECTOR('',#259,1.);
#259 = DIRECTION('',(0.,1.,0.));
#260 = PCURVE('',#32,#261);
#261 = DEFINITIONAL_REPRESENTATION('',(#262),#266);
#262 = LINE('',#263,#264);
#263 = CARTESIAN_POINT('',(3.,-3.));
#264 = VECTOR('',#265,1.);
#265 = DIRECTION('',(0.,-1.));
#266 = ( GEOMETRIC_REPRESENTATION_CONTEXT(2) 
PARAMETRIC_REPRESENTATION_CONTEXT() REPRESENTATION_CONTEXT('2D SPACE',''
  ) );
#267 = PCURVE('',#268,#273);
#268 = PLANE('',#269);
#269 = AXIS2_PLACEMENT_3D('',#270,#271,#272);
#270 = CARTESIAN_POINT('',(0.,-72.,-52.));
#271 = DIRECTION('',(0.,0.,1.));
#272 = DIRECTION('',(1.,0.,0.));
#273 = DEFINITIONAL_REPRESENTATION('',(#274),#278);
#274 = LINE('',#275,#276);
#275 = CARTESIAN_POINT('',(0.,0.));
#276 = VECTOR('',#277,1.);
#277 = DIRECTION('',(0.,1.));
#278 = ( GEOMETRIC_REPRESENTATION_CONTEXT(2) 
PARAMETRIC_REPRESENTATION_CONTEXT() REPRESENTATION_CONTEXT('2D SPACE',''
  ) );
#279 = ORIENTED_EDGE('',*,*,#280,.T.);
#280 = EDGE_CURVE('',#253,#281,#283,.T.);
#281 = VERTEX_POINT('',#282);
#282 = CARTESIAN_POINT('',(0.,72.,49.));
#283 = SURFACE_CURVE('',#284,(#288,#295),.PCURVE_S1.);
#284 = LINE('',#285,#286);
#285 = CARTESIAN_POINT('',(0.,72.,-52.));
#286 = VECTOR('',#287,1.);
#287 = DIRECTION('',(0.,0.,1.));
#288 = PCURVE('',#32,#289);
#289 = DEFINITIONAL_REPRESENTATION('',(#290),#294);
#290 = LINE('',#291,#292);
#291 = CARTESIAN_POINT('',(3.,-147.));
#292 = VECTOR('',#293,1.);
#293 = DIRECTION('',(1.,0.));
#294 = ( GEOMETRIC_REPRESENTATION_CONTEXT(2) 
PARAMETRIC_REPRESENTATION_CONTEXT() REPRESENTATION_CONTEXT('2D SPACE',''
  ) );
#295 = PCURVE('',#296,#301);
#296 = PLANE('',#297);
#297 = AXIS2_PLACEMENT_3D('',#298,#299,#300);
#298 = CARTESIAN_POINT('',(0.,72.,-52.));
#299 = DIRECTION('',(0.,1.,0.));
#300 = DIRECTION('',(0.,0.,1.));
#301 = DEFINITIONAL_REPRESENTATION('',(#302),#306);
#302 = LINE('',#303,#304);
#303 = CARTESIAN_POINT('',(0.,0.));
#304 = VECTOR('',#305,1.);
#305 = DIRECTION('',(1.,0.));
#306 = ( GEOMETRIC_REPRESENTATION_CONTEXT(2) 
PARAMETRIC_REPRESENTATION_CONTEXT() REPRESENTATION_CONTEXT('2D SPACE',''
  ) );
#307 = ORIENTED_EDGE('',*,*,#308,.T.);
#308 = EDGE_CURVE('',#281,#309,#311,.T.);
#309 = VERTEX_POINT('',#310);
#310 = CARTESIAN_POINT('',(0.,75.,49.));
#311 = SURFACE_CURVE('',#312,(#316,#323),.PCURVE_S1.);
#312 = LINE('',#313,#314);
#313 = CARTESIAN_POINT('',(0.,-75.,49.));
#314 = VECTOR('',#315,1.);
#315 = DIRECTION('',(0.,1.,0.));
#316 = PCURVE('',#32,#317);
#317 = DEFINITIONAL_REPRESENTATION('',(#318),#322);
#318 = LINE('',#319,#320);
#319 = CARTESIAN_POINT('',(104.,0.));
#320 = VECTOR('',#321,1.);
#321 = DIRECTION('',(0.,-1.));
#322 = ( GEOMETRIC_REPRESENTATION_CONTEXT(2) 
PARAMETRIC_REPRESENTATION_CONTEXT() REPRESENTATION_CONTEXT('2D SPACE',''
  ) );
#323 = PCURVE('',#324,#329);
#324 = PLANE('',#325);
#325 = AXIS2_PLACEMENT_3D('',#326,#327,#328);
#326 = CARTESIAN_POINT('',(0.,-75.,49.));
#327 = DIRECTION('',(0.,0.,1.));
#328 = DIRECTION('',(1.,0.,0.));
#329 = DEFINITIONAL_REPRESENTATION('',(#330),#334);
#330 = LINE('',#331,#332);
#331 = CARTESIAN_POINT('',(0.,0.));
#332 = VECTOR('',#333,1.);
#333 = DIRECTION('',(0.,1.));
#334 = ( GEOMETRIC_REPRESENTATION_CONTEXT(2) 
PARAMETRIC_REPRESENTATION_CONTEXT() REPRESENTATION_CONTEXT('2D SPACE',''
  ) );
#335 = ORIENTED_EDGE('',*,*,#336,.T.);
#336 = EDGE_CURVE('',#309,#24,#337,.T.);
#337 = SURFACE_CURVE('',#338,(#342,#349),.PCURVE_S1.);
#338 = LINE('',#339,#340);
#339 = CARTESIAN_POINT('',(0.,75.,49.));
#340 = VECTOR('',#341,1.);
#341 = DIRECTION('',(0.,0.,1.));
#342 = PCURVE('',#32,#343);
#343 = DEFINITIONAL_REPRESENTATION('',(#344),#348);
#344 = LINE('',#345,#346);
#345 = CARTESIAN_POINT('',(104.,-150.));
#346 = VECTOR('',#347,1.);
#347 = DIRECTION('',(1.,0.));
#348 = ( GEOMETRIC_REPRESENTATION_CONTEXT(2) 
PARAMETRIC_REPRESENTATION_CONTEXT() REPRESENTATION_CONTEXT('2D SPACE',''
  ) );
#349 = PCURVE('',#350,#355);
#350 = PLANE('',#351);
#351 = AXIS2_PLACEMENT_3D('',#352,#353,#354);
#352 = CARTESIAN_POINT('',(0.,75.,-55.));
#353 = DIRECTION('',(0.,1.,0.));
#354 = DIRECTION('',(0.,0.,1.));
#355 = DEFINITIONAL_REPRESENTATION('',(#356),#360);
#356 = LINE('',#357,#358);
#357 = CARTESIAN_POINT('',(104.,0.));
#358 = VECTOR('',#359,1.);
#359 = DIRECTION('',(1.,0.));
#360 = ( GEOMETRIC_REPRESENTATION_CONTEXT(2) 
PARAMETRIC_REPRESENTATION_CONTEXT() REPRESENTATION_CONTEXT('2D SPACE',''
  ) );
#361 = ADVANCED_FACE('',(#362),#44,.T.);
#362 = FACE_BOUND('',#363,.T.);
#363 = EDGE_LOOP('',(#364,#365,#388,#414,#440,#461,#489,#517,#543,#572,
    #598,#624,#650,#676,#699,#725,#751,#777,#803,#832,#858,#884,#910,
    #931,#952,#980));
#364 = ORIENTED_EDGE('',*,*,#21,.F.);
#365 = ORIENTED_EDGE('',*,*,#366,.T.);
#366 = EDGE_CURVE('',#22,#367,#369,.T.);
#367 = VERTEX_POINT('',#368);
#368 = CARTESIAN_POINT('',(139.41742430504,-75.,55.));
#369 = SURFACE_CURVE('',#370,(#374,#381),.PCURVE_S1.);
#370 = LINE('',#371,#372);
#371 = CARTESIAN_POINT('',(0.,-75.,55.));
#372 = VECTOR('',#373,1.);
#373 = DIRECTION('',(1.,0.,0.));
#374 = PCURVE('',#44,#375);
#375 = DEFINITIONAL_REPRESENTATION('',(#376),#380);
#376 = LINE('',#377,#378);
#377 = CARTESIAN_POINT('',(0.,0.));
#378 = VECTOR('',#379,1.);
#379 = DIRECTION('',(1.,0.));
#380 = ( GEOMETRIC_REPRESENTATION_CONTEXT(2) 
PARAMETRIC_REPRESENTATION_CONTEXT() REPRESENTATION_CONTEXT('2D SPACE',''
  ) );
#381 = PCURVE('',#72,#382);
#382 = DEFINITIONAL_REPRESENTATION('',(#383),#387);
#383 = LINE('',#384,#385);
#384 = CARTESIAN_POINT('',(110.,0.));
#385 = VECTOR('',#386,1.);
#386 = DIRECTION('',(0.,1.));
#387 = ( GEOMETRIC_REPRESENTATION_CONTEXT(2) 
PARAMETRIC_REPRESENTATION_CONTEXT() REPRESENTATION_CONTEXT('2D SPACE',''
  ) );
#388 = ORIENTED_EDGE('',*,*,#389,.T.);
#389 = EDGE_CURVE('',#367,#390,#392,.T.);
#390 = VERTEX_POINT('',#391);
#391 = CARTESIAN_POINT('',(139.41742430504,-70.,55.));
#392 = SURFACE_CURVE('',#393,(#397,#403),.PCURVE_S1.);
#393 = LINE('',#394,#395);
#394 = CARTESIAN_POINT('',(139.41742430504,-70.,55.));
#395 = VECTOR('',#396,1.);
#396 = DIRECTION('',(0.,1.,0.));
#397 = PCURVE('',#44,#398);
#398 = DEFINITIONAL_REPRESENTATION('',(#399),#402);
#399 = B_SPLINE_CURVE_WITH_KNOTS('',1,(#400,#401),.UNSPECIFIED.,.F.,.F.,
  (2,2),(-12.0000006,6.000000070117E-07),.PIECEWISE_BEZIER_KNOTS.);
#400 = CARTESIAN_POINT('',(139.41742430504,-7.0000006));
#401 = CARTESIAN_POINT('',(139.41742430504,5.0000006));
#402 = ( GEOMETRIC_REPRESENTATION_CONTEXT(2) 
PARAMETRIC_REPRESENTATION_CONTEXT() REPRESENTATION_CONTEXT('2D SPACE',''
  ) );
#403 = PCURVE('',#404,#409);
#404 = CYLINDRICAL_SURFACE('',#405,11.);
#405 = AXIS2_PLACEMENT_3D('',#406,#407,#408);
#406 = CARTESIAN_POINT('',(144.,-70.,45.));
#407 = DIRECTION('',(0.,1.,0.));
#408 = DIRECTION('',(1.110223024625E-16,0.,-1.));
#409 = DEFINITIONAL_REPRESENTATION('',(#410),#413);
#410 = B_SPLINE_CURVE_WITH_KNOTS('',1,(#411,#412),.UNSPECIFIED.,.F.,.F.,
  (2,2),(-12.0000006,6.000000070117E-07),.PIECEWISE_BEZIER_KNOTS.);
#411 = CARTESIAN_POINT('',(-3.571292319741,-12.0000006));
#412 = CARTESIAN_POINT('',(-3.571292319741,6.000000070117E-07));
#413 = ( GEOMETRIC_REPRESENTATION_CONTEXT(2) 
PARAMETRIC_REPRESENTATION_CONTEXT() REPRESENTATION_CONTEXT('2D SPACE',''
  ) );
#414 = ORIENTED_EDGE('',*,*,#415,.T.);
#415 = EDGE_CURVE('',#390,#416,#418,.T.);
#416 = VERTEX_POINT('',#417);
#417 = CARTESIAN_POINT('',(148.58257569495,-70.,55.));
#418 = SURFACE_CURVE('',#419,(#423,#429),.PCURVE_S1.);
#419 = LINE('',#420,#421);
#420 = CARTESIAN_POINT('',(72.,-70.,55.));
#421 = VECTOR('',#422,1.);
#422 = DIRECTION('',(1.,-0.,0.));
#423 = PCURVE('',#44,#424);
#424 = DEFINITIONAL_REPRESENTATION('',(#425),#428);
#425 = B_SPLINE_CURVE_WITH_KNOTS('',1,(#426,#427),.UNSPECIFIED.,.F.,.F.,
  (2,2),(61.,78.),.PIECEWISE_BEZIER_KNOTS.);
#426 = CARTESIAN_POINT('',(133.,5.));
#427 = CARTESIAN_POINT('',(150.,5.));
#428 = ( GEOMETRIC_REPRESENTATION_CONTEXT(2) 
PARAMETRIC_REPRESENTATION_CONTEXT() REPRESENTATION_CONTEXT('2D SPACE',''
  ) );
#429 = PCURVE('',#430,#435);
#430 = PLANE('',#431);
#431 = AXIS2_PLACEMENT_3D('',#432,#433,#434);
#432 = CARTESIAN_POINT('',(144.,-70.,45.));
#433 = DIRECTION('',(-0.,-1.,0.));
#434 = DIRECTION('',(-1.,0.,-1.110223024625E-16));
#435 = DEFINITIONAL_REPRESENTATION('',(#436),#439);
#436 = B_SPLINE_CURVE_WITH_KNOTS('',1,(#437,#438),.UNSPECIFIED.,.F.,.F.,
  (2,2),(61.,78.),.PIECEWISE_BEZIER_KNOTS.);
#437 = CARTESIAN_POINT('',(11.,-10.));
#438 = CARTESIAN_POINT('',(-6.,-10.));
#439 = ( GEOMETRIC_REPRESENTATION_CONTEXT(2) 
PARAMETRIC_REPRESENTATION_CONTEXT() REPRESENTATION_CONTEXT('2D SPACE',''
  ) );
#440 = ORIENTED_EDGE('',*,*,#441,.F.);
#441 = EDGE_CURVE('',#442,#416,#444,.T.);
#442 = VERTEX_POINT('',#443);
#443 = CARTESIAN_POINT('',(148.58257569495,-75.,55.));
#444 = SURFACE_CURVE('',#445,(#449,#455),.PCURVE_S1.);
#445 = LINE('',#446,#447);
#446 = CARTESIAN_POINT('',(148.58257569495,-70.,55.));
#447 = VECTOR('',#448,1.);
#448 = DIRECTION('',(0.,1.,0.));
#449 = PCURVE('',#44,#450);
#450 = DEFINITIONAL_REPRESENTATION('',(#451),#454);
#451 = B_SPLINE_CURVE_WITH_KNOTS('',1,(#452,#453),.UNSPECIFIED.,.F.,.F.,
  (2,2),(-12.0000006,6.000000070117E-07),.PIECEWISE_BEZIER_KNOTS.);
#452 = CARTESIAN_POINT('',(148.58257569495,-7.0000006));
#453 = CARTESIAN_POINT('',(148.58257569495,5.0000006));
#454 = ( GEOMETRIC_REPRESENTATION_CONTEXT(2) 
PARAMETRIC_REPRESENTATION_CONTEXT() REPRESENTATION_CONTEXT('2D SPACE',''
  ) );
#455 = PCURVE('',#404,#456);
#456 = DEFINITIONAL_REPRESENTATION('',(#457),#460);
#457 = B_SPLINE_CURVE_WITH_KNOTS('',1,(#458,#459),.UNSPECIFIED.,.F.,.F.,
  (2,2),(-12.0000006,6.000000070117E-07),.PIECEWISE_BEZIER_KNOTS.);
#458 = CARTESIAN_POINT('',(-2.711892987438,-12.0000006));
#459 = CARTESIAN_POINT('',(-2.711892987438,6.000000070117E-07));
#460 = ( GEOMETRIC_REPRESENTATION_CONTEXT(2) 
PARAMETRIC_REPRESENTATION_CONTEXT() REPRESENTATION_CONTEXT('2D SPACE',''
  ) );
#461 = ORIENTED_EDGE('',*,*,#462,.T.);
#462 = EDGE_CURVE('',#442,#463,#465,.T.);
#463 = VERTEX_POINT('',#464);
#464 = CARTESIAN_POINT('',(150.,-75.,55.));
#465 = SURFACE_CURVE('',#466,(#470,#477),.PCURVE_S1.);
#466 = LINE('',#467,#468);
#467 = CARTESIAN_POINT('',(0.,-75.,55.));
#468 = VECTOR('',#469,1.);
#469 = DIRECTION('',(1.,0.,0.));
#470 = PCURVE('',#44,#471);
#471 = DEFINITIONAL_REPRESENTATION('',(#472),#476);
#472 = LINE('',#473,#474);
#473 = CARTESIAN_POINT('',(0.,0.));
#474 = VECTOR('',#475,1.);
#475 = DIRECTION('',(1.,0.));
#476 = ( GEOMETRIC_REPRESENTATION_CONTEXT(2) 
PARAMETRIC_REPRESENTATION_CONTEXT() REPRESENTATION_CONTEXT('2D SPACE',''
  ) );
#477 = PCURVE('',#478,#483);
#478 = PLANE('',#479);
#479 = AXIS2_PLACEMENT_3D('',#480,#481,#482);
#480 = CARTESIAN_POINT('',(0.,-75.,-55.));
#481 = DIRECTION('',(0.,1.,0.));
#482 = DIRECTION('',(0.,0.,1.));
#483 = DEFINITIONAL_REPRESENTATION('',(#484),#488);
#484 = LINE('',#485,#486);
#485 = CARTESIAN_POINT('',(110.,0.));
#486 = VECTOR('',#487,1.);
#487 = DIRECTION('',(0.,1.));
#488 = ( GEOMETRIC_REPRESENTATION_CONTEXT(2) 
PARAMETRIC_REPRESENTATION_CONTEXT() REPRESENTATION_CONTEXT('2D SPACE',''
  ) );
#489 = ORIENTED_EDGE('',*,*,#490,.T.);
#490 = EDGE_CURVE('',#463,#491,#493,.T.);
#491 = VERTEX_POINT('',#492);
#492 = CARTESIAN_POINT('',(150.,-64.,55.));
#493 = SURFACE_CURVE('',#494,(#498,#505),.PCURVE_S1.);
#494 = LINE('',#495,#496);
#495 = CARTESIAN_POINT('',(150.,-75.,55.));
#496 = VECTOR('',#497,1.);
#497 = DIRECTION('',(0.,1.,0.));
#498 = PCURVE('',#44,#499);
#499 = DEFINITIONAL_REPRESENTATION('',(#500),#504);
#500 = LINE('',#501,#502);
#501 = CARTESIAN_POINT('',(150.,0.));
#502 = VECTOR('',#503,1.);
#503 = DIRECTION('',(0.,1.));
#504 = ( GEOMETRIC_REPRESENTATION_CONTEXT(2) 
PARAMETRIC_REPRESENTATION_CONTEXT() REPRESENTATION_CONTEXT('2D SPACE',''
  ) );
#505 = PCURVE('',#506,#511);
#506 = PLANE('',#507);
#507 = AXIS2_PLACEMENT_3D('',#508,#509,#510);
#508 = CARTESIAN_POINT('',(150.,-75.,-55.));
#509 = DIRECTION('',(1.,0.,0.));
#510 = DIRECTION('',(0.,0.,1.));
#511 = DEFINITIONAL_REPRESENTATION('',(#512),#516);
#512 = LINE('',#513,#514);
#513 = CARTESIAN_POINT('',(110.,0.));
#514 = VECTOR('',#515,1.);
#515 = DIRECTION('',(0.,-1.));
#516 = ( GEOMETRIC_REPRESENTATION_CONTEXT(2) 
PARAMETRIC_REPRESENTATION_CONTEXT() REPRESENTATION_CONTEXT('2D SPACE',''
  ) );
#517 = ORIENTED_EDGE('',*,*,#518,.T.);
#518 = EDGE_CURVE('',#491,#519,#521,.T.);
#519 = VERTEX_POINT('',#520);
#520 = CARTESIAN_POINT('',(133.,-64.,55.));
#521 = SURFACE_CURVE('',#522,(#526,#532),.PCURVE_S1.);
#522 = LINE('',#523,#524);
#523 = CARTESIAN_POINT('',(65.,-64.,55.));
#524 = VECTOR('',#525,1.);
#525 = DIRECTION('',(-1.,0.,0.));
#526 = PCURVE('',#44,#527);
#527 = DEFINITIONAL_REPRESENTATION('',(#528),#531);
#528 = B_SPLINE_CURVE_WITH_KNOTS('',1,(#529,#530),.UNSPECIFIED.,.F.,.F.,
  (2,2),(-85.,-68.),.PIECEWISE_BEZIER_KNOTS.);
#529 = CARTESIAN_POINT('',(150.,11.));
#530 = CARTESIAN_POINT('',(133.,11.));
#531 = ( GEOMETRIC_REPRESENTATION_CONTEXT(2) 
PARAMETRIC_REPRESENTATION_CONTEXT() REPRESENTATION_CONTEXT('2D SPACE',''
  ) );
#532 = PCURVE('',#533,#538);
#533 = PLANE('',#534);
#534 = AXIS2_PLACEMENT_3D('',#535,#536,#537);
#535 = CARTESIAN_POINT('',(130.,-64.,25.));
#536 = DIRECTION('',(0.,1.,0.));
#537 = DIRECTION('',(0.,0.,1.));
#538 = DEFINITIONAL_REPRESENTATION('',(#539),#542);
#539 = B_SPLINE_CURVE_WITH_KNOTS('',1,(#540,#541),.UNSPECIFIED.,.F.,.F.,
  (2,2),(-85.,-68.),.PIECEWISE_BEZIER_KNOTS.);
#540 = CARTESIAN_POINT('',(30.,20.));
#541 = CARTESIAN_POINT('',(30.,3.));
#542 = ( GEOMETRIC_REPRESENTATION_CONTEXT(2) 
PARAMETRIC_REPRESENTATION_CONTEXT() REPRESENTATION_CONTEXT('2D SPACE',''
  ) );
#543 = ORIENTED_EDGE('',*,*,#544,.F.);
#544 = EDGE_CURVE('',#545,#519,#547,.T.);
#545 = VERTEX_POINT('',#546);
#546 = CARTESIAN_POINT('',(130.,-61.,55.));
#547 = SURFACE_CURVE('',#548,(#553,#560),.PCURVE_S1.);
#548 = CIRCLE('',#549,3.);
#549 = AXIS2_PLACEMENT_3D('',#550,#551,#552);
#550 = CARTESIAN_POINT('',(133.,-61.,55.));
#551 = DIRECTION('',(0.,0.,1.));
#552 = DIRECTION('',(-1.,-0.,0.));
#553 = PCURVE('',#44,#554);
#554 = DEFINITIONAL_REPRESENTATION('',(#555),#559);
#555 = CIRCLE('',#556,3.);
#556 = AXIS2_PLACEMENT_2D('',#557,#558);
#557 = CARTESIAN_POINT('',(133.,14.));
#558 = DIRECTION('',(-1.,0.));
#559 = ( GEOMETRIC_REPRESENTATION_CONTEXT(2) 
PARAMETRIC_REPRESENTATION_CONTEXT() REPRESENTATION_CONTEXT('2D SPACE',''
  ) );
#560 = PCURVE('',#561,#566);
#561 = CYLINDRICAL_SURFACE('',#562,3.);
#562 = AXIS2_PLACEMENT_3D('',#563,#564,#565);
#563 = CARTESIAN_POINT('',(133.,-61.,25.));
#564 = DIRECTION('',(0.,0.,1.));
#565 = DIRECTION('',(-1.,-0.,0.));
#566 = DEFINITIONAL_REPRESENTATION('',(#567),#571);
#567 = LINE('',#568,#569);
#568 = CARTESIAN_POINT('',(0.,30.));
#569 = VECTOR('',#570,1.);
#570 = DIRECTION('',(1.,0.));
#571 = ( GEOMETRIC_REPRESENTATION_CONTEXT(2) 
PARAMETRIC_REPRESENTATION_CONTEXT() REPRESENTATION_CONTEXT('2D SPACE',''
  ) );
#572 = ORIENTED_EDGE('',*,*,#573,.T.);
#573 = EDGE_CURVE('',#545,#574,#576,.T.);
#574 = VERTEX_POINT('',#575);
#575 = CARTESIAN_POINT('',(130.,-47.,55.));
#576 = SURFACE_CURVE('',#577,(#581,#587),.PCURVE_S1.);
#577 = LINE('',#578,#579);
#578 = CARTESIAN_POINT('',(130.,-69.5,55.));
#579 = VECTOR('',#580,1.);
#580 = DIRECTION('',(0.,1.,0.));
#581 = PCURVE('',#44,#582);
#582 = DEFINITIONAL_REPRESENTATION('',(#583),#586);
#583 = B_SPLINE_CURVE_WITH_KNOTS('',1,(#584,#585),.UNSPECIFIED.,.F.,.F.,
  (2,2),(8.5,22.5),.PIECEWISE_BEZIER_KNOTS.);
#584 = CARTESIAN_POINT('',(130.,14.));
#585 = CARTESIAN_POINT('',(130.,28.));
#586 = ( GEOMETRIC_REPRESENTATION_CONTEXT(2) 
PARAMETRIC_REPRESENTATION_CONTEXT() REPRESENTATION_CONTEXT('2D SPACE',''
  ) );
#587 = PCURVE('',#588,#593);
#588 = PLANE('',#589);
#589 = AXIS2_PLACEMENT_3D('',#590,#591,#592);
#590 = CARTESIAN_POINT('',(130.,-64.,25.));
#591 = DIRECTION('',(1.,0.,0.));
#592 = DIRECTION('',(0.,0.,1.));
#593 = DEFINITIONAL_REPRESENTATION('',(#594),#597);
#594 = B_SPLINE_CURVE_WITH_KNOTS('',1,(#595,#596),.UNSPECIFIED.,.F.,.F.,
  (2,2),(8.5,22.5),.PIECEWISE_BEZIER_KNOTS.);
#595 = CARTESIAN_POINT('',(30.,-3.));
#596 = CARTESIAN_POINT('',(30.,-17.));
#597 = ( GEOMETRIC_REPRESENTATION_CONTEXT(2) 
PARAMETRIC_REPRESENTATION_CONTEXT() REPRESENTATION_CONTEXT('2D SPACE',''
  ) );
#598 = ORIENTED_EDGE('',*,*,#599,.F.);
#599 = EDGE_CURVE('',#600,#574,#602,.T.);
#600 = VERTEX_POINT('',#601);
#601 = CARTESIAN_POINT('',(140.,-47.,55.));
#602 = SURFACE_CURVE('',#603,(#607,#613),.PCURVE_S1.);
#603 = LINE('',#604,#605);
#604 = CARTESIAN_POINT('',(61.5,-47.,55.));
#605 = VECTOR('',#606,1.);
#606 = DIRECTION('',(-1.,0.,0.));
#607 = PCURVE('',#44,#608);
#608 = DEFINITIONAL_REPRESENTATION('',(#609),#612);
#609 = B_SPLINE_CURVE_WITH_KNOTS('',1,(#610,#611),.UNSPECIFIED.,.F.,.F.,
  (2,2),(-88.5,-68.5),.PIECEWISE_BEZIER_KNOTS.);
#610 = CARTESIAN_POINT('',(150.,28.));
#611 = CARTESIAN_POINT('',(130.,28.));
#612 = ( GEOMETRIC_REPRESENTATION_CONTEXT(2) 
PARAMETRIC_REPRESENTATION_CONTEXT() REPRESENTATION_CONTEXT('2D SPACE',''
  ) );
#613 = PCURVE('',#614,#619);
#614 = PLANE('',#615);
#615 = AXIS2_PLACEMENT_3D('',#616,#617,#618);
#616 = CARTESIAN_POINT('',(123.,-47.,24.));
#617 = DIRECTION('',(0.,1.,0.));
#618 = DIRECTION('',(0.,0.,1.));
#619 = DEFINITIONAL_REPRESENTATION('',(#620),#623);
#620 = B_SPLINE_CURVE_WITH_KNOTS('',1,(#621,#622),.UNSPECIFIED.,.F.,.F.,
  (2,2),(-88.5,-68.5),.PIECEWISE_BEZIER_KNOTS.);
#621 = CARTESIAN_POINT('',(31.,27.));
#622 = CARTESIAN_POINT('',(31.,7.));
#623 = ( GEOMETRIC_REPRESENTATION_CONTEXT(2) 
PARAMETRIC_REPRESENTATION_CONTEXT() REPRESENTATION_CONTEXT('2D SPACE',''
  ) );
#624 = ORIENTED_EDGE('',*,*,#625,.T.);
#625 = EDGE_CURVE('',#600,#626,#628,.T.);
#626 = VERTEX_POINT('',#627);
#627 = CARTESIAN_POINT('',(140.,-41.,55.));
#628 = SURFACE_CURVE('',#629,(#633,#639),.PCURVE_S1.);
#629 = LINE('',#630,#631);
#630 = CARTESIAN_POINT('',(140.,-66.,55.));
#631 = VECTOR('',#632,1.);
#632 = DIRECTION('',(0.,1.,0.));
#633 = PCURVE('',#44,#634);
#634 = DEFINITIONAL_REPRESENTATION('',(#635),#638);
#635 = B_SPLINE_CURVE_WITH_KNOTS('',1,(#636,#637),.UNSPECIFIED.,.F.,.F.,
  (2,2),(9.,25.),.PIECEWISE_BEZIER_KNOTS.);
#636 = CARTESIAN_POINT('',(140.,18.));
#637 = CARTESIAN_POINT('',(140.,34.));
#638 = ( GEOMETRIC_REPRESENTATION_CONTEXT(2) 
PARAMETRIC_REPRESENTATION_CONTEXT() REPRESENTATION_CONTEXT('2D SPACE',''
  ) );
#639 = PCURVE('',#640,#645);
#640 = PLANE('',#641);
#641 = AXIS2_PLACEMENT_3D('',#642,#643,#644);
#642 = CARTESIAN_POINT('',(140.,-57.,48.));
#643 = DIRECTION('',(1.,0.,0.));
#644 = DIRECTION('',(0.,0.,1.));
#645 = DEFINITIONAL_REPRESENTATION('',(#646),#649);
#646 = B_SPLINE_CURVE_WITH_KNOTS('',1,(#647,#648),.UNSPECIFIED.,.F.,.F.,
  (2,2),(9.,25.),.PIECEWISE_BEZIER_KNOTS.);
#647 = CARTESIAN_POINT('',(7.,0.));
#648 = CARTESIAN_POINT('',(7.,-16.));
#649 = ( GEOMETRIC_REPRESENTATION_CONTEXT(2) 
PARAMETRIC_REPRESENTATION_CONTEXT() REPRESENTATION_CONTEXT('2D SPACE',''
  ) );
#650 = ORIENTED_EDGE('',*,*,#651,.F.);
#651 = EDGE_CURVE('',#652,#626,#654,.T.);
#652 = VERTEX_POINT('',#653);
#653 = CARTESIAN_POINT('',(150.,-41.,55.));
#654 = SURFACE_CURVE('',#655,(#659,#665),.PCURVE_S1.);
#655 = LINE('',#656,#657);
#656 = CARTESIAN_POINT('',(70.,-41.,55.));
#657 = VECTOR('',#658,1.);
#658 = DIRECTION('',(-1.,0.,0.));
#659 = PCURVE('',#44,#660);
#660 = DEFINITIONAL_REPRESENTATION('',(#661),#664);
#661 = B_SPLINE_CURVE_WITH_KNOTS('',1,(#662,#663),.UNSPECIFIED.,.F.,.F.,
  (2,2),(-80.,-70.),.PIECEWISE_BEZIER_KNOTS.);
#662 = CARTESIAN_POINT('',(150.,34.));
#663 = CARTESIAN_POINT('',(140.,34.));
#664 = ( GEOMETRIC_REPRESENTATION_CONTEXT(2) 
PARAMETRIC_REPRESENTATION_CONTEXT() REPRESENTATION_CONTEXT('2D SPACE',''
  ) );
#665 = PCURVE('',#666,#671);
#666 = PLANE('',#667);
#667 = AXIS2_PLACEMENT_3D('',#668,#669,#670);
#668 = CARTESIAN_POINT('',(140.,-41.,48.));
#669 = DIRECTION('',(0.,1.,0.));
#670 = DIRECTION('',(0.,0.,1.));
#671 = DEFINITIONAL_REPRESENTATION('',(#672),#675);
#672 = B_SPLINE_CURVE_WITH_KNOTS('',1,(#673,#674),.UNSPECIFIED.,.F.,.F.,
  (2,2),(-80.,-70.),.PIECEWISE_BEZIER_KNOTS.);
#673 = CARTESIAN_POINT('',(7.,10.));
#674 = CARTESIAN_POINT('',(7.,0.));
#675 = ( GEOMETRIC_REPRESENTATION_CONTEXT(2) 
PARAMETRIC_REPRESENTATION_CONTEXT() REPRESENTATION_CONTEXT('2D SPACE',''
  ) );
#676 = ORIENTED_EDGE('',*,*,#677,.T.);
#677 = EDGE_CURVE('',#652,#678,#680,.T.);
#678 = VERTEX_POINT('',#679);
#679 = CARTESIAN_POINT('',(150.,41.,55.));
#680 = SURFACE_CURVE('',#681,(#685,#692),.PCURVE_S1.);
#681 = LINE('',#682,#683);
#682 = CARTESIAN_POINT('',(150.,-75.,55.));
#683 = VECTOR('',#684,1.);
#684 = DIRECTION('',(0.,1.,0.));
#685 = PCURVE('',#44,#686);
#686 = DEFINITIONAL_REPRESENTATION('',(#687),#691);
#687 = LINE('',#688,#689);
#688 = CARTESIAN_POINT('',(150.,0.));
#689 = VECTOR('',#690,1.);
#690 = DIRECTION('',(0.,1.));
#691 = ( GEOMETRIC_REPRESENTATION_CONTEXT(2) 
PARAMETRIC_REPRESENTATION_CONTEXT() REPRESENTATION_CONTEXT('2D SPACE',''
  ) );
#692 = PCURVE('',#506,#693);
#693 = DEFINITIONAL_REPRESENTATION('',(#694),#698);
#694 = LINE('',#695,#696);
#695 = CARTESIAN_POINT('',(110.,0.));
#696 = VECTOR('',#697,1.);
#697 = DIRECTION('',(0.,-1.));
#698 = ( GEOMETRIC_REPRESENTATION_CONTEXT(2) 
PARAMETRIC_REPRESENTATION_CONTEXT() REPRESENTATION_CONTEXT('2D SPACE',''
  ) );
#699 = ORIENTED_EDGE('',*,*,#700,.T.);
#700 = EDGE_CURVE('',#678,#701,#703,.T.);
#701 = VERTEX_POINT('',#702);
#702 = CARTESIAN_POINT('',(140.,41.,55.));
#703 = SURFACE_CURVE('',#704,(#708,#714),.PCURVE_S1.);
#704 = LINE('',#705,#706);
#705 = CARTESIAN_POINT('',(70.,41.,55.));
#706 = VECTOR('',#707,1.);
#707 = DIRECTION('',(-1.,0.,0.));
#708 = PCURVE('',#44,#709);
#709 = DEFINITIONAL_REPRESENTATION('',(#710),#713);
#710 = B_SPLINE_CURVE_WITH_KNOTS('',1,(#711,#712),.UNSPECIFIED.,.F.,.F.,
  (2,2),(-80.,-70.),.PIECEWISE_BEZIER_KNOTS.);
#711 = CARTESIAN_POINT('',(150.,116.));
#712 = CARTESIAN_POINT('',(140.,116.));
#713 = ( GEOMETRIC_REPRESENTATION_CONTEXT(2) 
PARAMETRIC_REPRESENTATION_CONTEXT() REPRESENTATION_CONTEXT('2D SPACE',''
  ) );
#714 = PCURVE('',#715,#720);
#715 = PLANE('',#716);
#716 = AXIS2_PLACEMENT_3D('',#717,#718,#719);
#717 = CARTESIAN_POINT('',(140.,41.,48.));
#718 = DIRECTION('',(0.,1.,0.));
#719 = DIRECTION('',(0.,0.,1.));
#720 = DEFINITIONAL_REPRESENTATION('',(#721),#724);
#721 = B_SPLINE_CURVE_WITH_KNOTS('',1,(#722,#723),.UNSPECIFIED.,.F.,.F.,
  (2,2),(-80.,-70.),.PIECEWISE_BEZIER_KNOTS.);
#722 = CARTESIAN_POINT('',(7.,10.));
#723 = CARTESIAN_POINT('',(7.,0.));
#724 = ( GEOMETRIC_REPRESENTATION_CONTEXT(2) 
PARAMETRIC_REPRESENTATION_CONTEXT() REPRESENTATION_CONTEXT('2D SPACE',''
  ) );
#725 = ORIENTED_EDGE('',*,*,#726,.T.);
#726 = EDGE_CURVE('',#701,#727,#729,.T.);
#727 = VERTEX_POINT('',#728);
#728 = CARTESIAN_POINT('',(140.,47.,55.));
#729 = SURFACE_CURVE('',#730,(#734,#740),.PCURVE_S1.);
#730 = LINE('',#731,#732);
#731 = CARTESIAN_POINT('',(140.,-17.,55.));
#732 = VECTOR('',#733,1.);
#733 = DIRECTION('',(0.,1.,0.));
#734 = PCURVE('',#44,#735);
#735 = DEFINITIONAL_REPRESENTATION('',(#736),#739);
#736 = B_SPLINE_CURVE_WITH_KNOTS('',1,(#737,#738),.UNSPECIFIED.,.F.,.F.,
  (2,2),(58.,74.),.PIECEWISE_BEZIER_KNOTS.);
#737 = CARTESIAN_POINT('',(140.,116.));
#738 = CARTESIAN_POINT('',(140.,132.));
#739 = ( GEOMETRIC_REPRESENTATION_CONTEXT(2) 
PARAMETRIC_REPRESENTATION_CONTEXT() REPRESENTATION_CONTEXT('2D SPACE',''
  ) );
#740 = PCURVE('',#741,#746);
#741 = PLANE('',#742);
#742 = AXIS2_PLACEMENT_3D('',#743,#744,#745);
#743 = CARTESIAN_POINT('',(140.,41.,48.));
#744 = DIRECTION('',(1.,0.,0.));
#745 = DIRECTION('',(0.,0.,1.));
#746 = DEFINITIONAL_REPRESENTATION('',(#747),#750);
#747 = B_SPLINE_CURVE_WITH_KNOTS('',1,(#748,#749),.UNSPECIFIED.,.F.,.F.,
  (2,2),(58.,74.),.PIECEWISE_BEZIER_KNOTS.);
#748 = CARTESIAN_POINT('',(7.,0.));
#749 = CARTESIAN_POINT('',(7.,-16.));
#750 = ( GEOMETRIC_REPRESENTATION_CONTEXT(2) 
PARAMETRIC_REPRESENTATION_CONTEXT() REPRESENTATION_CONTEXT('2D SPACE',''
  ) );
#751 = ORIENTED_EDGE('',*,*,#752,.T.);
#752 = EDGE_CURVE('',#727,#753,#755,.T.);
#753 = VERTEX_POINT('',#754);
#754 = CARTESIAN_POINT('',(130.,47.,55.));
#755 = SURFACE_CURVE('',#756,(#760,#766),.PCURVE_S1.);
#756 = LINE('',#757,#758);
#757 = CARTESIAN_POINT('',(61.5,47.,55.));
#758 = VECTOR('',#759,1.);
#759 = DIRECTION('',(-1.,0.,0.));
#760 = PCURVE('',#44,#761);
#761 = DEFINITIONAL_REPRESENTATION('',(#762),#765);
#762 = B_SPLINE_CURVE_WITH_KNOTS('',1,(#763,#764),.UNSPECIFIED.,.F.,.F.,
  (2,2),(-88.5,-68.5),.PIECEWISE_BEZIER_KNOTS.);
#763 = CARTESIAN_POINT('',(150.,122.));
#764 = CARTESIAN_POINT('',(130.,122.));
#765 = ( GEOMETRIC_REPRESENTATION_CONTEXT(2) 
PARAMETRIC_REPRESENTATION_CONTEXT() REPRESENTATION_CONTEXT('2D SPACE',''
  ) );
#766 = PCURVE('',#767,#772);
#767 = PLANE('',#768);
#768 = AXIS2_PLACEMENT_3D('',#769,#770,#771);
#769 = CARTESIAN_POINT('',(123.,47.,24.));
#770 = DIRECTION('',(0.,1.,0.));
#771 = DIRECTION('',(0.,0.,1.));
#772 = DEFINITIONAL_REPRESENTATION('',(#773),#776);
#773 = B_SPLINE_CURVE_WITH_KNOTS('',1,(#774,#775),.UNSPECIFIED.,.F.,.F.,
  (2,2),(-88.5,-68.5),.PIECEWISE_BEZIER_KNOTS.);
#774 = CARTESIAN_POINT('',(31.,27.));
#775 = CARTESIAN_POINT('',(31.,7.));
#776 = ( GEOMETRIC_REPRESENTATION_CONTEXT(2) 
PARAMETRIC_REPRESENTATION_CONTEXT() REPRESENTATION_CONTEXT('2D SPACE',''
  ) );
#777 = ORIENTED_EDGE('',*,*,#778,.T.);
#778 = EDGE_CURVE('',#753,#779,#781,.T.);
#779 = VERTEX_POINT('',#780);
#780 = CARTESIAN_POINT('',(130.,61.,55.));
#781 = SURFACE_CURVE('',#782,(#786,#792),.PCURVE_S1.);
#782 = LINE('',#783,#784);
#783 = CARTESIAN_POINT('',(130.,-20.5,55.));
#784 = VECTOR('',#785,1.);
#785 = DIRECTION('',(0.,1.,0.));
#786 = PCURVE('',#44,#787);
#787 = DEFINITIONAL_REPRESENTATION('',(#788),#791);
#788 = B_SPLINE_CURVE_WITH_KNOTS('',1,(#789,#790),.UNSPECIFIED.,.F.,.F.,
  (2,2),(67.5,81.5),.PIECEWISE_BEZIER_KNOTS.);
#789 = CARTESIAN_POINT('',(130.,122.));
#790 = CARTESIAN_POINT('',(130.,136.));
#791 = ( GEOMETRIC_REPRESENTATION_CONTEXT(2) 
PARAMETRIC_REPRESENTATION_CONTEXT() REPRESENTATION_CONTEXT('2D SPACE',''
  ) );
#792 = PCURVE('',#793,#798);
#793 = PLANE('',#794);
#794 = AXIS2_PLACEMENT_3D('',#795,#796,#797);
#795 = CARTESIAN_POINT('',(130.,34.,25.));
#796 = DIRECTION('',(1.,0.,0.));
#797 = DIRECTION('',(0.,0.,1.));
#798 = DEFINITIONAL_REPRESENTATION('',(#799),#802);
#799 = B_SPLINE_CURVE_WITH_KNOTS('',1,(#800,#801),.UNSPECIFIED.,.F.,.F.,
  (2,2),(67.5,81.5),.PIECEWISE_BEZIER_KNOTS.);
#800 = CARTESIAN_POINT('',(30.,-13.));
#801 = CARTESIAN_POINT('',(30.,-27.));
#802 = ( GEOMETRIC_REPRESENTATION_CONTEXT(2) 
PARAMETRIC_REPRESENTATION_CONTEXT() REPRESENTATION_CONTEXT('2D SPACE',''
  ) );
#803 = ORIENTED_EDGE('',*,*,#804,.F.);
#804 = EDGE_CURVE('',#805,#779,#807,.T.);
#805 = VERTEX_POINT('',#806);
#806 = CARTESIAN_POINT('',(133.,64.,55.));
#807 = SURFACE_CURVE('',#808,(#813,#820),.PCURVE_S1.);
#808 = CIRCLE('',#809,3.);
#809 = AXIS2_PLACEMENT_3D('',#810,#811,#812);
#810 = CARTESIAN_POINT('',(133.,61.,55.));
#811 = DIRECTION('',(0.,0.,1.));
#812 = DIRECTION('',(-1.,-0.,0.));
#813 = PCURVE('',#44,#814);
#814 = DEFINITIONAL_REPRESENTATION('',(#815),#819);
#815 = CIRCLE('',#816,3.);
#816 = AXIS2_PLACEMENT_2D('',#817,#818);
#817 = CARTESIAN_POINT('',(133.,136.));
#818 = DIRECTION('',(-1.,0.));
#819 = ( GEOMETRIC_REPRESENTATION_CONTEXT(2) 
PARAMETRIC_REPRESENTATION_CONTEXT() REPRESENTATION_CONTEXT('2D SPACE',''
  ) );
#820 = PCURVE('',#821,#826);
#821 = CYLINDRICAL_SURFACE('',#822,3.);
#822 = AXIS2_PLACEMENT_3D('',#823,#824,#825);
#823 = CARTESIAN_POINT('',(133.,61.,25.));
#824 = DIRECTION('',(0.,0.,1.));
#825 = DIRECTION('',(-1.,-0.,0.));
#826 = DEFINITIONAL_REPRESENTATION('',(#827),#831);
#827 = LINE('',#828,#829);
#828 = CARTESIAN_POINT('',(-6.28318530718,30.));
#829 = VECTOR('',#830,1.);
#830 = DIRECTION('',(1.,-0.));
#831 = ( GEOMETRIC_REPRESENTATION_CONTEXT(2) 
PARAMETRIC_REPRESENTATION_CONTEXT() REPRESENTATION_CONTEXT('2D SPACE',''
  ) );
#832 = ORIENTED_EDGE('',*,*,#833,.F.);
#833 = EDGE_CURVE('',#834,#805,#836,.T.);
#834 = VERTEX_POINT('',#835);
#835 = CARTESIAN_POINT('',(139.41742430504,64.,55.));
#836 = SURFACE_CURVE('',#837,(#841,#847),.PCURVE_S1.);
#837 = LINE('',#838,#839);
#838 = CARTESIAN_POINT('',(65.,64.,55.));
#839 = VECTOR('',#840,1.);
#840 = DIRECTION('',(-1.,0.,0.));
#841 = PCURVE('',#44,#842);
#842 = DEFINITIONAL_REPRESENTATION('',(#843),#846);
#843 = B_SPLINE_CURVE_WITH_KNOTS('',1,(#844,#845),.UNSPECIFIED.,.F.,.F.,
  (2,2),(-85.,-68.),.PIECEWISE_BEZIER_KNOTS.);
#844 = CARTESIAN_POINT('',(150.,139.));
#845 = CARTESIAN_POINT('',(133.,139.));
#846 = ( GEOMETRIC_REPRESENTATION_CONTEXT(2) 
PARAMETRIC_REPRESENTATION_CONTEXT() REPRESENTATION_CONTEXT('2D SPACE',''
  ) );
#847 = PCURVE('',#848,#853);
#848 = PLANE('',#849);
#849 = AXIS2_PLACEMENT_3D('',#850,#851,#852);
#850 = CARTESIAN_POINT('',(130.,64.,25.));
#851 = DIRECTION('',(0.,1.,0.));
#852 = DIRECTION('',(0.,0.,1.));
#853 = DEFINITIONAL_REPRESENTATION('',(#854),#857);
#854 = B_SPLINE_CURVE_WITH_KNOTS('',1,(#855,#856),.UNSPECIFIED.,.F.,.F.,
  (2,2),(-85.,-68.),.PIECEWISE_BEZIER_KNOTS.);
#855 = CARTESIAN_POINT('',(30.,20.));
#856 = CARTESIAN_POINT('',(30.,3.));
#857 = ( GEOMETRIC_REPRESENTATION_CONTEXT(2) 
PARAMETRIC_REPRESENTATION_CONTEXT() REPRESENTATION_CONTEXT('2D SPACE',''
  ) );
#858 = ORIENTED_EDGE('',*,*,#859,.T.);
#859 = EDGE_CURVE('',#834,#860,#862,.T.);
#860 = VERTEX_POINT('',#861);
#861 = CARTESIAN_POINT('',(139.41742430504,70.,55.));
#862 = SURFACE_CURVE('',#863,(#867,#873),.PCURVE_S1.);
#863 = LINE('',#864,#865);
#864 = CARTESIAN_POINT('',(139.41742430504,70.,55.));
#865 = VECTOR('',#866,1.);
#866 = DIRECTION('',(0.,1.,0.));
#867 = PCURVE('',#44,#868);
#868 = DEFINITIONAL_REPRESENTATION('',(#869),#872);
#869 = B_SPLINE_CURVE_WITH_KNOTS('',1,(#870,#871),.UNSPECIFIED.,.F.,.F.,
  (2,2),(-12.0000006,6.000000070117E-07),.PIECEWISE_BEZIER_KNOTS.);
#870 = CARTESIAN_POINT('',(139.41742430504,132.9999994));
#871 = CARTESIAN_POINT('',(139.41742430504,145.0000006));
#872 = ( GEOMETRIC_REPRESENTATION_CONTEXT(2) 
PARAMETRIC_REPRESENTATION_CONTEXT() REPRESENTATION_CONTEXT('2D SPACE',''
  ) );
#873 = PCURVE('',#874,#879);
#874 = CYLINDRICAL_SURFACE('',#875,11.);
#875 = AXIS2_PLACEMENT_3D('',#876,#877,#878);
#876 = CARTESIAN_POINT('',(144.,70.,45.));
#877 = DIRECTION('',(0.,1.,0.));
#878 = DIRECTION('',(1.110223024625E-16,0.,-1.));
#879 = DEFINITIONAL_REPRESENTATION('',(#880),#883);
#880 = B_SPLINE_CURVE_WITH_KNOTS('',1,(#881,#882),.UNSPECIFIED.,.F.,.F.,
  (2,2),(-12.0000006,6.000000070117E-07),.PIECEWISE_BEZIER_KNOTS.);
#881 = CARTESIAN_POINT('',(-3.571292319741,-12.0000006));
#882 = CARTESIAN_POINT('',(-3.571292319741,6.000000070117E-07));
#883 = ( GEOMETRIC_REPRESENTATION_CONTEXT(2) 
PARAMETRIC_REPRESENTATION_CONTEXT() REPRESENTATION_CONTEXT('2D SPACE',''
  ) );
#884 = ORIENTED_EDGE('',*,*,#885,.T.);
#885 = EDGE_CURVE('',#860,#886,#888,.T.);
#886 = VERTEX_POINT('',#887);
#887 = CARTESIAN_POINT('',(148.58257569495,70.,55.));
#888 = SURFACE_CURVE('',#889,(#893,#899),.PCURVE_S1.);
#889 = LINE('',#890,#891);
#890 = CARTESIAN_POINT('',(72.,70.,55.));
#891 = VECTOR('',#892,1.);
#892 = DIRECTION('',(1.,-0.,0.));
#893 = PCURVE('',#44,#894);
#894 = DEFINITIONAL_REPRESENTATION('',(#895),#898);
#895 = B_SPLINE_CURVE_WITH_KNOTS('',1,(#896,#897),.UNSPECIFIED.,.F.,.F.,
  (2,2),(61.,78.),.PIECEWISE_BEZIER_KNOTS.);
#896 = CARTESIAN_POINT('',(133.,145.));
#897 = CARTESIAN_POINT('',(150.,145.));
#898 = ( GEOMETRIC_REPRESENTATION_CONTEXT(2) 
PARAMETRIC_REPRESENTATION_CONTEXT() REPRESENTATION_CONTEXT('2D SPACE',''
  ) );
#899 = PCURVE('',#900,#905);
#900 = PLANE('',#901);
#901 = AXIS2_PLACEMENT_3D('',#902,#903,#904);
#902 = CARTESIAN_POINT('',(144.,70.,45.));
#903 = DIRECTION('',(-0.,-1.,0.));
#904 = DIRECTION('',(-1.,0.,-1.110223024625E-16));
#905 = DEFINITIONAL_REPRESENTATION('',(#906),#909);
#906 = B_SPLINE_CURVE_WITH_KNOTS('',1,(#907,#908),.UNSPECIFIED.,.F.,.F.,
  (2,2),(61.,78.),.PIECEWISE_BEZIER_KNOTS.);
#907 = CARTESIAN_POINT('',(11.,-10.));
#908 = CARTESIAN_POINT('',(-6.,-10.));
#909 = ( GEOMETRIC_REPRESENTATION_CONTEXT(2) 
PARAMETRIC_REPRESENTATION_CONTEXT() REPRESENTATION_CONTEXT('2D SPACE',''
  ) );
#910 = ORIENTED_EDGE('',*,*,#911,.F.);
#911 = EDGE_CURVE('',#912,#886,#914,.T.);
#912 = VERTEX_POINT('',#913);
#913 = CARTESIAN_POINT('',(148.58257569495,64.,55.));
#914 = SURFACE_CURVE('',#915,(#919,#925),.PCURVE_S1.);
#915 = LINE('',#916,#917);
#916 = CARTESIAN_POINT('',(148.58257569495,70.,55.));
#917 = VECTOR('',#918,1.);
#918 = DIRECTION('',(0.,1.,0.));
#919 = PCURVE('',#44,#920);
#920 = DEFINITIONAL_REPRESENTATION('',(#921),#924);
#921 = B_SPLINE_CURVE_WITH_KNOTS('',1,(#922,#923),.UNSPECIFIED.,.F.,.F.,
  (2,2),(-12.0000006,6.000000070117E-07),.PIECEWISE_BEZIER_KNOTS.);
#922 = CARTESIAN_POINT('',(148.58257569495,132.9999994));
#923 = CARTESIAN_POINT('',(148.58257569495,145.0000006));
#924 = ( GEOMETRIC_REPRESENTATION_CONTEXT(2) 
PARAMETRIC_REPRESENTATION_CONTEXT() REPRESENTATION_CONTEXT('2D SPACE',''
  ) );
#925 = PCURVE('',#874,#926);
#926 = DEFINITIONAL_REPRESENTATION('',(#927),#930);
#927 = B_SPLINE_CURVE_WITH_KNOTS('',1,(#928,#929),.UNSPECIFIED.,.F.,.F.,
  (2,2),(-12.0000006,6.000000070117E-07),.PIECEWISE_BEZIER_KNOTS.);
#928 = CARTESIAN_POINT('',(-2.711892987438,-12.0000006));
#929 = CARTESIAN_POINT('',(-2.711892987438,6.000000070117E-07));
#930 = ( GEOMETRIC_REPRESENTATION_CONTEXT(2) 
PARAMETRIC_REPRESENTATION_CONTEXT() REPRESENTATION_CONTEXT('2D SPACE',''
  ) );
#931 = ORIENTED_EDGE('',*,*,#932,.F.);
#932 = EDGE_CURVE('',#933,#912,#935,.T.);
#933 = VERTEX_POINT('',#934);
#934 = CARTESIAN_POINT('',(150.,64.,55.));
#935 = SURFACE_CURVE('',#936,(#940,#946),.PCURVE_S1.);
#936 = LINE('',#937,#938);
#937 = CARTESIAN_POINT('',(65.,64.,55.));
#938 = VECTOR('',#939,1.);
#939 = DIRECTION('',(-1.,0.,0.));
#940 = PCURVE('',#44,#941);
#941 = DEFINITIONAL_REPRESENTATION('',(#942),#945);
#942 = B_SPLINE_CURVE_WITH_KNOTS('',1,(#943,#944),.UNSPECIFIED.,.F.,.F.,
  (2,2),(-85.,-68.),.PIECEWISE_BEZIER_KNOTS.);
#943 = CARTESIAN_POINT('',(150.,139.));
#944 = CARTESIAN_POINT('',(133.,139.));
#945 = ( GEOMETRIC_REPRESENTATION_CONTEXT(2) 
PARAMETRIC_REPRESENTATION_CONTEXT() REPRESENTATION_CONTEXT('2D SPACE',''
  ) );
#946 = PCURVE('',#848,#947);
#947 = DEFINITIONAL_REPRESENTATION('',(#948),#951);
#948 = B_SPLINE_CURVE_WITH_KNOTS('',1,(#949,#950),.UNSPECIFIED.,.F.,.F.,
  (2,2),(-85.,-68.),.PIECEWISE_BEZIER_KNOTS.);
#949 = CARTESIAN_POINT('',(30.,20.));
#950 = CARTESIAN_POINT('',(30.,3.));
#951 = ( GEOMETRIC_REPRESENTATION_CONTEXT(2) 
PARAMETRIC_REPRESENTATION_CONTEXT() REPRESENTATION_CONTEXT('2D SPACE',''
  ) );
#952 = ORIENTED_EDGE('',*,*,#953,.T.);
#953 = EDGE_CURVE('',#933,#954,#956,.T.);
#954 = VERTEX_POINT('',#955);
#955 = CARTESIAN_POINT('',(150.,75.,55.));
#956 = SURFACE_CURVE('',#957,(#961,#968),.PCURVE_S1.);
#957 = LINE('',#958,#959);
#958 = CARTESIAN_POINT('',(150.,-75.,55.));
#959 = VECTOR('',#960,1.);
#960 = DIRECTION('',(0.,1.,0.));
#961 = PCURVE('',#44,#962);
#962 = DEFINITIONAL_REPRESENTATION('',(#963),#967);
#963 = LINE('',#964,#965);
#964 = CARTESIAN_POINT('',(150.,0.));
#965 = VECTOR('',#966,1.);
#966 = DIRECTION('',(0.,1.));
#967 = ( GEOMETRIC_REPRESENTATION_CONTEXT(2) 
PARAMETRIC_REPRESENTATION_CONTEXT() REPRESENTATION_CONTEXT('2D SPACE',''
  ) );
#968 = PCURVE('',#969,#974);
#969 = PLANE('',#970);
#970 = AXIS2_PLACEMENT_3D('',#971,#972,#973);
#971 = CARTESIAN_POINT('',(150.,-75.,-55.));
#972 = DIRECTION('',(1.,0.,0.));
#973 = DIRECTION('',(0.,0.,1.));
#974 = DEFINITIONAL_REPRESENTATION('',(#975),#979);
#975 = LINE('',#976,#977);
#976 = CARTESIAN_POINT('',(110.,0.));
#977 = VECTOR('',#978,1.);
#978 = DIRECTION('',(0.,-1.));
#979 = ( GEOMETRIC_REPRESENTATION_CONTEXT(2) 
PARAMETRIC_REPRESENTATION_CONTEXT() REPRESENTATION_CONTEXT('2D SPACE',''
  ) );
#980 = ORIENTED_EDGE('',*,*,#981,.T.);
#981 = EDGE_CURVE('',#954,#24,#982,.T.);
#982 = SURFACE_CURVE('',#983,(#987,#994),.PCURVE_S1.);
#983 = LINE('',#984,#985);
#984 = CARTESIAN_POINT('',(150.,75.,55.));
#985 = VECTOR('',#986,1.);
#986 = DIRECTION('',(-1.,0.,0.));
#987 = PCURVE('',#44,#988);
#988 = DEFINITIONAL_REPRESENTATION('',(#989),#993);
#989 = LINE('',#990,#991);
#990 = CARTESIAN_POINT('',(150.,150.));
#991 = VECTOR('',#992,1.);
#992 = DIRECTION('',(-1.,0.));
#993 = ( GEOMETRIC_REPRESENTATION_CONTEXT(2) 
PARAMETRIC_REPRESENTATION_CONTEXT() REPRESENTATION_CONTEXT('2D SPACE',''
  ) );
#994 = PCURVE('',#350,#995);
#995 = DEFINITIONAL_REPRESENTATION('',(#996),#1000);
#996 = LINE('',#997,#998);
#997 = CARTESIAN_POINT('',(110.,150.));
#998 = VECTOR('',#999,1.);
#999 = DIRECTION('',(0.,-1.));
#1000 = ( GEOMETRIC_REPRESENTATION_CONTEXT(2) 
PARAMETRIC_REPRESENTATION_CONTEXT() REPRESENTATION_CONTEXT('2D SPACE',''
  ) );
#1001 = ADVANCED_FACE('',(#1002),#350,.T.);
#1002 = FACE_BOUND('',#1003,.T.);
#1003 = EDGE_LOOP('',(#1004,#1005,#1028,#1056,#1084,#1107,#1130,#1151));
#1004 = ORIENTED_EDGE('',*,*,#981,.F.);
#1005 = ORIENTED_EDGE('',*,*,#1006,.F.);
#1006 = EDGE_CURVE('',#1007,#954,#1009,.T.);
#1007 = VERTEX_POINT('',#1008);
#1008 = CARTESIAN_POINT('',(150.,75.,49.));
#1009 = SURFACE_CURVE('',#1010,(#1014,#1021),.PCURVE_S1.);
#1010 = LINE('',#1011,#1012);
#1011 = CARTESIAN_POINT('',(150.,75.,49.));
#1012 = VECTOR('',#1013,1.);
#1013 = DIRECTION('',(0.,0.,1.));
#1014 = PCURVE('',#350,#1015);
#1015 = DEFINITIONAL_REPRESENTATION('',(#1016),#1020);
#1016 = LINE('',#1017,#1018);
#1017 = CARTESIAN_POINT('',(104.,150.));
#1018 = VECTOR('',#1019,1.);
#1019 = DIRECTION('',(1.,0.));
#1020 = ( GEOMETRIC_REPRESENTATION_CONTEXT(2) 
PARAMETRIC_REPRESENTATION_CONTEXT() REPRESENTATION_CONTEXT('2D SPACE',''
  ) );
#1021 = PCURVE('',#969,#1022);
#1022 = DEFINITIONAL_REPRESENTATION('',(#1023),#1027);
#1023 = LINE('',#1024,#1025);
#1024 = CARTESIAN_POINT('',(104.,-150.));
#1025 = VECTOR('',#1026,1.);
#1026 = DIRECTION('',(1.,0.));
#1027 = ( GEOMETRIC_REPRESENTATION_CONTEXT(2) 
PARAMETRIC_REPRESENTATION_CONTEXT() REPRESENTATION_CONTEXT('2D SPACE',''
  ) );
#1028 = ORIENTED_EDGE('',*,*,#1029,.F.);
#1029 = EDGE_CURVE('',#1030,#1007,#1032,.T.);
#1030 = VERTEX_POINT('',#1031);
#1031 = CARTESIAN_POINT('',(142.,75.,49.));
#1032 = SURFACE_CURVE('',#1033,(#1037,#1044),.PCURVE_S1.);
#1033 = LINE('',#1034,#1035);
#1034 = CARTESIAN_POINT('',(0.,75.,49.));
#1035 = VECTOR('',#1036,1.);
#1036 = DIRECTION('',(1.,0.,0.));
#1037 = PCURVE('',#350,#1038);
#1038 = DEFINITIONAL_REPRESENTATION('',(#1039),#1043);
#1039 = LINE('',#1040,#1041);
#1040 = CARTESIAN_POINT('',(104.,0.));
#1041 = VECTOR('',#1042,1.);
#1042 = DIRECTION('',(0.,1.));
#1043 = ( GEOMETRIC_REPRESENTATION_CONTEXT(2) 
PARAMETRIC_REPRESENTATION_CONTEXT() REPRESENTATION_CONTEXT('2D SPACE',''
  ) );
#1044 = PCURVE('',#1045,#1050);
#1045 = PLANE('',#1046);
#1046 = AXIS2_PLACEMENT_3D('',#1047,#1048,#1049);
#1047 = CARTESIAN_POINT('',(0.,-75.,49.));
#1048 = DIRECTION('',(0.,0.,1.));
#1049 = DIRECTION('',(1.,0.,0.));
#1050 = DEFINITIONAL_REPRESENTATION('',(#1051),#1055);
#1051 = LINE('',#1052,#1053);
#1052 = CARTESIAN_POINT('',(0.,150.));
#1053 = VECTOR('',#1054,1.);
#1054 = DIRECTION('',(1.,0.));
#1055 = ( GEOMETRIC_REPRESENTATION_CONTEXT(2) 
PARAMETRIC_REPRESENTATION_CONTEXT() REPRESENTATION_CONTEXT('2D SPACE',''
  ) );
#1056 = ORIENTED_EDGE('',*,*,#1057,.F.);
#1057 = EDGE_CURVE('',#1058,#1030,#1060,.T.);
#1058 = VERTEX_POINT('',#1059);
#1059 = CARTESIAN_POINT('',(142.,75.,-55.));
#1060 = SURFACE_CURVE('',#1061,(#1065,#1072),.PCURVE_S1.);
#1061 = LINE('',#1062,#1063);
#1062 = CARTESIAN_POINT('',(142.,75.,-55.));
#1063 = VECTOR('',#1064,1.);
#1064 = DIRECTION('',(0.,0.,1.));
#1065 = PCURVE('',#350,#1066);
#1066 = DEFINITIONAL_REPRESENTATION('',(#1067),#1071);
#1067 = LINE('',#1068,#1069);
#1068 = CARTESIAN_POINT('',(0.,142.));
#1069 = VECTOR('',#1070,1.);
#1070 = DIRECTION('',(1.,0.));
#1071 = ( GEOMETRIC_REPRESENTATION_CONTEXT(2) 
PARAMETRIC_REPRESENTATION_CONTEXT() REPRESENTATION_CONTEXT('2D SPACE',''
  ) );
#1072 = PCURVE('',#1073,#1078);
#1073 = CYLINDRICAL_SURFACE('',#1074,8.);
#1074 = AXIS2_PLACEMENT_3D('',#1075,#1076,#1077);
#1075 = CARTESIAN_POINT('',(142.,67.,-55.));
#1076 = DIRECTION('',(0.,0.,1.));
#1077 = DIRECTION('',(1.,0.,-0.));
#1078 = DEFINITIONAL_REPRESENTATION('',(#1079),#1083);
#1079 = LINE('',#1080,#1081);
#1080 = CARTESIAN_POINT('',(1.570796326795,0.));
#1081 = VECTOR('',#1082,1.);
#1082 = DIRECTION('',(0.,1.));
#1083 = ( GEOMETRIC_REPRESENTATION_CONTEXT(2) 
PARAMETRIC_REPRESENTATION_CONTEXT() REPRESENTATION_CONTEXT('2D SPACE',''
  ) );
#1084 = ORIENTED_EDGE('',*,*,#1085,.F.);
#1085 = EDGE_CURVE('',#1086,#1058,#1088,.T.);
#1086 = VERTEX_POINT('',#1087);
#1087 = CARTESIAN_POINT('',(8.,75.,-55.));
#1088 = SURFACE_CURVE('',#1089,(#1093,#1100),.PCURVE_S1.);
#1089 = LINE('',#1090,#1091);
#1090 = CARTESIAN_POINT('',(0.,75.,-55.));
#1091 = VECTOR('',#1092,1.);
#1092 = DIRECTION('',(1.,0.,0.));
#1093 = PCURVE('',#350,#1094);
#1094 = DEFINITIONAL_REPRESENTATION('',(#1095),#1099);
#1095 = LINE('',#1096,#1097);
#1096 = CARTESIAN_POINT('',(0.,0.));
#1097 = VECTOR('',#1098,1.);
#1098 = DIRECTION('',(0.,1.));
#1099 = ( GEOMETRIC_REPRESENTATION_CONTEXT(2) 
PARAMETRIC_REPRESENTATION_CONTEXT() REPRESENTATION_CONTEXT('2D SPACE',''
  ) );
#1100 = PCURVE('',#212,#1101);
#1101 = DEFINITIONAL_REPRESENTATION('',(#1102),#1106);
#1102 = LINE('',#1103,#1104);
#1103 = CARTESIAN_POINT('',(0.,150.));
#1104 = VECTOR('',#1105,1.);
#1105 = DIRECTION('',(1.,0.));
#1106 = ( GEOMETRIC_REPRESENTATION_CONTEXT(2) 
PARAMETRIC_REPRESENTATION_CONTEXT() REPRESENTATION_CONTEXT('2D SPACE',''
  ) );
#1107 = ORIENTED_EDGE('',*,*,#1108,.T.);
#1108 = EDGE_CURVE('',#1086,#1109,#1111,.T.);
#1109 = VERTEX_POINT('',#1110);
#1110 = CARTESIAN_POINT('',(8.,75.,49.));
#1111 = SURFACE_CURVE('',#1112,(#1116,#1123),.PCURVE_S1.);
#1112 = LINE('',#1113,#1114);
#1113 = CARTESIAN_POINT('',(8.,75.,-55.));
#1114 = VECTOR('',#1115,1.);
#1115 = DIRECTION('',(0.,0.,1.));
#1116 = PCURVE('',#350,#1117);
#1117 = DEFINITIONAL_REPRESENTATION('',(#1118),#1122);
#1118 = LINE('',#1119,#1120);
#1119 = CARTESIAN_POINT('',(0.,8.));
#1120 = VECTOR('',#1121,1.);
#1121 = DIRECTION('',(1.,0.));
#1122 = ( GEOMETRIC_REPRESENTATION_CONTEXT(2) 
PARAMETRIC_REPRESENTATION_CONTEXT() REPRESENTATION_CONTEXT('2D SPACE',''
  ) );
#1123 = PCURVE('',#240,#1124);
#1124 = DEFINITIONAL_REPRESENTATION('',(#1125),#1129);
#1125 = LINE('',#1126,#1127);
#1126 = CARTESIAN_POINT('',(-1.570796326795,0.));
#1127 = VECTOR('',#1128,1.);
#1128 = DIRECTION('',(-0.,1.));
#1129 = ( GEOMETRIC_REPRESENTATION_CONTEXT(2) 
PARAMETRIC_REPRESENTATION_CONTEXT() REPRESENTATION_CONTEXT('2D SPACE',''
  ) );
#1130 = ORIENTED_EDGE('',*,*,#1131,.F.);
#1131 = EDGE_CURVE('',#309,#1109,#1132,.T.);
#1132 = SURFACE_CURVE('',#1133,(#1137,#1144),.PCURVE_S1.);
#1133 = LINE('',#1134,#1135);
#1134 = CARTESIAN_POINT('',(0.,75.,49.));
#1135 = VECTOR('',#1136,1.);
#1136 = DIRECTION('',(1.,0.,0.));
#1137 = PCURVE('',#350,#1138);
#1138 = DEFINITIONAL_REPRESENTATION('',(#1139),#1143);
#1139 = LINE('',#1140,#1141);
#1140 = CARTESIAN_POINT('',(104.,0.));
#1141 = VECTOR('',#1142,1.);
#1142 = DIRECTION('',(0.,1.));
#1143 = ( GEOMETRIC_REPRESENTATION_CONTEXT(2) 
PARAMETRIC_REPRESENTATION_CONTEXT() REPRESENTATION_CONTEXT('2D SPACE',''
  ) );
#1144 = PCURVE('',#324,#1145);
#1145 = DEFINITIONAL_REPRESENTATION('',(#1146),#1150);
#1146 = LINE('',#1147,#1148);
#1147 = CARTESIAN_POINT('',(0.,150.));
#1148 = VECTOR('',#1149,1.);
#1149 = DIRECTION('',(1.,0.));
#1150 = ( GEOMETRIC_REPRESENTATION_CONTEXT(2) 
PARAMETRIC_REPRESENTATION_CONTEXT() REPRESENTATION_CONTEXT('2D SPACE',''
  ) );
#1151 = ORIENTED_EDGE('',*,*,#336,.T.);
#1152 = ADVANCED_FACE('',(#1153),#324,.F.);
#1153 = FACE_BOUND('',#1154,.F.);
#1154 = EDGE_LOOP('',(#1155,#1156,#1177,#1199));
#1155 = ORIENTED_EDGE('',*,*,#308,.F.);
#1156 = ORIENTED_EDGE('',*,*,#1157,.F.);
#1157 = EDGE_CURVE('',#1158,#281,#1160,.T.);
#1158 = VERTEX_POINT('',#1159);
#1159 = CARTESIAN_POINT('',(1.755002001602,72.,49.));
#1160 = SURFACE_CURVE('',#1161,(#1165,#1171),.PCURVE_S1.);
#1161 = LINE('',#1162,#1163);
#1162 = CARTESIAN_POINT('',(0.,72.,49.));
#1163 = VECTOR('',#1164,1.);
#1164 = DIRECTION('',(-1.,0.,0.));
#1165 = PCURVE('',#324,#1166);
#1166 = DEFINITIONAL_REPRESENTATION('',(#1167),#1170);
#1167 = B_SPLINE_CURVE_WITH_KNOTS('',1,(#1168,#1169),.UNSPECIFIED.,.F.,
  .F.,(2,2),(-6.,0.),.PIECEWISE_BEZIER_KNOTS.);
#1168 = CARTESIAN_POINT('',(6.,147.));
#1169 = CARTESIAN_POINT('',(0.,147.));
#1170 = ( GEOMETRIC_REPRESENTATION_CONTEXT(2) 
PARAMETRIC_REPRESENTATION_CONTEXT() REPRESENTATION_CONTEXT('2D SPACE',''
  ) );
#1171 = PCURVE('',#296,#1172);
#1172 = DEFINITIONAL_REPRESENTATION('',(#1173),#1176);
#1173 = B_SPLINE_CURVE_WITH_KNOTS('',1,(#1174,#1175),.UNSPECIFIED.,.F.,
  .F.,(2,2),(-6.,0.),.PIECEWISE_BEZIER_KNOTS.);
#1174 = CARTESIAN_POINT('',(101.,6.));
#1175 = CARTESIAN_POINT('',(101.,0.));
#1176 = ( GEOMETRIC_REPRESENTATION_CONTEXT(2) 
PARAMETRIC_REPRESENTATION_CONTEXT() REPRESENTATION_CONTEXT('2D SPACE',''
  ) );
#1177 = ORIENTED_EDGE('',*,*,#1178,.F.);
#1178 = EDGE_CURVE('',#1109,#1158,#1179,.T.);
#1179 = SURFACE_CURVE('',#1180,(#1185,#1192),.PCURVE_S1.);
#1180 = CIRCLE('',#1181,8.);
#1181 = AXIS2_PLACEMENT_3D('',#1182,#1183,#1184);
#1182 = CARTESIAN_POINT('',(8.,67.,49.));
#1183 = DIRECTION('',(0.,0.,1.));
#1184 = DIRECTION('',(-1.,-0.,0.));
#1185 = PCURVE('',#324,#1186);
#1186 = DEFINITIONAL_REPRESENTATION('',(#1187),#1191);
#1187 = CIRCLE('',#1188,8.);
#1188 = AXIS2_PLACEMENT_2D('',#1189,#1190);
#1189 = CARTESIAN_POINT('',(8.,142.));
#1190 = DIRECTION('',(-1.,0.));
#1191 = ( GEOMETRIC_REPRESENTATION_CONTEXT(2) 
PARAMETRIC_REPRESENTATION_CONTEXT() REPRESENTATION_CONTEXT('2D SPACE',''
  ) );
#1192 = PCURVE('',#240,#1193);
#1193 = DEFINITIONAL_REPRESENTATION('',(#1194),#1198);
#1194 = LINE('',#1195,#1196);
#1195 = CARTESIAN_POINT('',(-6.28318530718,104.));
#1196 = VECTOR('',#1197,1.);
#1197 = DIRECTION('',(1.,-0.));
#1198 = ( GEOMETRIC_REPRESENTATION_CONTEXT(2) 
PARAMETRIC_REPRESENTATION_CONTEXT() REPRESENTATION_CONTEXT('2D SPACE',''
  ) );
#1199 = ORIENTED_EDGE('',*,*,#1131,.F.);
#1200 = ADVANCED_FACE('',(#1201),#100,.F.);
#1201 = FACE_BOUND('',#1202,.F.);
#1202 = EDGE_LOOP('',(#1203,#1204,#1227,#1251));
#1203 = ORIENTED_EDGE('',*,*,#84,.F.);
#1204 = ORIENTED_EDGE('',*,*,#1205,.T.);
#1205 = EDGE_CURVE('',#57,#1206,#1208,.T.);
#1206 = VERTEX_POINT('',#1207);
#1207 = CARTESIAN_POINT('',(8.,-75.,49.));
#1208 = SURFACE_CURVE('',#1209,(#1213,#1220),.PCURVE_S1.);
#1209 = LINE('',#1210,#1211);
#1210 = CARTESIAN_POINT('',(0.,-75.,49.));
#1211 = VECTOR('',#1212,1.);
#1212 = DIRECTION('',(1.,0.,0.));
#1213 = PCURVE('',#100,#1214);
#1214 = DEFINITIONAL_REPRESENTATION('',(#1215),#1219);
#1215 = LINE('',#1216,#1217);
#1216 = CARTESIAN_POINT('',(0.,0.));
#1217 = VECTOR('',#1218,1.);
#1218 = DIRECTION('',(1.,0.));
#1219 = ( GEOMETRIC_REPRESENTATION_CONTEXT(2) 
PARAMETRIC_REPRESENTATION_CONTEXT() REPRESENTATION_CONTEXT('2D SPACE',''
  ) );
#1220 = PCURVE('',#72,#1221);
#1221 = DEFINITIONAL_REPRESENTATION('',(#1222),#1226);
#1222 = LINE('',#1223,#1224);
#1223 = CARTESIAN_POINT('',(104.,0.));
#1224 = VECTOR('',#1225,1.);
#1225 = DIRECTION('',(0.,1.));
#1226 = ( GEOMETRIC_REPRESENTATION_CONTEXT(2) 
PARAMETRIC_REPRESENTATION_CONTEXT() REPRESENTATION_CONTEXT('2D SPACE',''
  ) );
#1227 = ORIENTED_EDGE('',*,*,#1228,.F.);
#1228 = EDGE_CURVE('',#1229,#1206,#1231,.T.);
#1229 = VERTEX_POINT('',#1230);
#1230 = CARTESIAN_POINT('',(1.755002001602,-72.,49.));
#1231 = SURFACE_CURVE('',#1232,(#1237,#1244),.PCURVE_S1.);
#1232 = CIRCLE('',#1233,8.);
#1233 = AXIS2_PLACEMENT_3D('',#1234,#1235,#1236);
#1234 = CARTESIAN_POINT('',(8.,-67.,49.));
#1235 = DIRECTION('',(0.,0.,1.));
#1236 = DIRECTION('',(-1.,-0.,0.));
#1237 = PCURVE('',#100,#1238);
#1238 = DEFINITIONAL_REPRESENTATION('',(#1239),#1243);
#1239 = CIRCLE('',#1240,8.);
#1240 = AXIS2_PLACEMENT_2D('',#1241,#1242);
#1241 = CARTESIAN_POINT('',(8.,8.));
#1242 = DIRECTION('',(-1.,0.));
#1243 = ( GEOMETRIC_REPRESENTATION_CONTEXT(2) 
PARAMETRIC_REPRESENTATION_CONTEXT() REPRESENTATION_CONTEXT('2D SPACE',''
  ) );
#1244 = PCURVE('',#184,#1245);
#1245 = DEFINITIONAL_REPRESENTATION('',(#1246),#1250);
#1246 = LINE('',#1247,#1248);
#1247 = CARTESIAN_POINT('',(0.,104.));
#1248 = VECTOR('',#1249,1.);
#1249 = DIRECTION('',(1.,0.));
#1250 = ( GEOMETRIC_REPRESENTATION_CONTEXT(2) 
PARAMETRIC_REPRESENTATION_CONTEXT() REPRESENTATION_CONTEXT('2D SPACE',''
  ) );
#1251 = ORIENTED_EDGE('',*,*,#1252,.T.);
#1252 = EDGE_CURVE('',#1229,#85,#1253,.T.);
#1253 = SURFACE_CURVE('',#1254,(#1258,#1264),.PCURVE_S1.);
#1254 = LINE('',#1255,#1256);
#1255 = CARTESIAN_POINT('',(0.,-72.,49.));
#1256 = VECTOR('',#1257,1.);
#1257 = DIRECTION('',(-1.,0.,0.));
#1258 = PCURVE('',#100,#1259);
#1259 = DEFINITIONAL_REPRESENTATION('',(#1260),#1263);
#1260 = B_SPLINE_CURVE_WITH_KNOTS('',1,(#1261,#1262),.UNSPECIFIED.,.F.,
  .F.,(2,2),(-6.,0.),.PIECEWISE_BEZIER_KNOTS.);
#1261 = CARTESIAN_POINT('',(6.,3.));
#1262 = CARTESIAN_POINT('',(0.,3.));
#1263 = ( GEOMETRIC_REPRESENTATION_CONTEXT(2) 
PARAMETRIC_REPRESENTATION_CONTEXT() REPRESENTATION_CONTEXT('2D SPACE',''
  ) );
#1264 = PCURVE('',#128,#1265);
#1265 = DEFINITIONAL_REPRESENTATION('',(#1266),#1269);
#1266 = B_SPLINE_CURVE_WITH_KNOTS('',1,(#1267,#1268),.UNSPECIFIED.,.F.,
  .F.,(2,2),(-6.,0.),.PIECEWISE_BEZIER_KNOTS.);
#1267 = CARTESIAN_POINT('',(101.,6.));
#1268 = CARTESIAN_POINT('',(101.,0.));
#1269 = ( GEOMETRIC_REPRESENTATION_CONTEXT(2) 
PARAMETRIC_REPRESENTATION_CONTEXT() REPRESENTATION_CONTEXT('2D SPACE',''
  ) );
#1270 = ADVANCED_FACE('',(#1271),#72,.F.);
#1271 = FACE_BOUND('',#1272,.F.);
#1272 = EDGE_LOOP('',(#1273,#1297,#1325,#1348,#1369,#1370,#1371));
#1273 = ORIENTED_EDGE('',*,*,#1274,.F.);
#1274 = EDGE_CURVE('',#1275,#367,#1277,.T.);
#1275 = VERTEX_POINT('',#1276);
#1276 = CARTESIAN_POINT('',(142.,-75.,34.183346173608));
#1277 = SURFACE_CURVE('',#1278,(#1283,#1290),.PCURVE_S1.);
#1278 = CIRCLE('',#1279,11.);
#1279 = AXIS2_PLACEMENT_3D('',#1280,#1281,#1282);
#1280 = CARTESIAN_POINT('',(144.,-75.,45.));
#1281 = DIRECTION('',(0.,1.,0.));
#1282 = DIRECTION('',(1.110223024625E-16,0.,-1.));
#1283 = PCURVE('',#72,#1284);
#1284 = DEFINITIONAL_REPRESENTATION('',(#1285),#1289);
#1285 = CIRCLE('',#1286,11.);
#1286 = AXIS2_PLACEMENT_2D('',#1287,#1288);
#1287 = CARTESIAN_POINT('',(100.,144.));
#1288 = DIRECTION('',(-1.,1.110223024625E-16));
#1289 = ( GEOMETRIC_REPRESENTATION_CONTEXT(2) 
PARAMETRIC_REPRESENTATION_CONTEXT() REPRESENTATION_CONTEXT('2D SPACE',''
  ) );
#1290 = PCURVE('',#404,#1291);
#1291 = DEFINITIONAL_REPRESENTATION('',(#1292),#1296);
#1292 = LINE('',#1293,#1294);
#1293 = CARTESIAN_POINT('',(-6.28318530718,-5.));
#1294 = VECTOR('',#1295,1.);
#1295 = DIRECTION('',(1.,-0.));
#1296 = ( GEOMETRIC_REPRESENTATION_CONTEXT(2) 
PARAMETRIC_REPRESENTATION_CONTEXT() REPRESENTATION_CONTEXT('2D SPACE',''
  ) );
#1297 = ORIENTED_EDGE('',*,*,#1298,.F.);
#1298 = EDGE_CURVE('',#1299,#1275,#1301,.T.);
#1299 = VERTEX_POINT('',#1300);
#1300 = CARTESIAN_POINT('',(142.,-75.,-55.));
#1301 = SURFACE_CURVE('',#1302,(#1306,#1313),.PCURVE_S1.);
#1302 = LINE('',#1303,#1304);
#1303 = CARTESIAN_POINT('',(142.,-75.,-55.));
#1304 = VECTOR('',#1305,1.);
#1305 = DIRECTION('',(0.,0.,1.));
#1306 = PCURVE('',#72,#1307);
#1307 = DEFINITIONAL_REPRESENTATION('',(#1308),#1312);
#1308 = LINE('',#1309,#1310);
#1309 = CARTESIAN_POINT('',(0.,142.));
#1310 = VECTOR('',#1311,1.);
#1311 = DIRECTION('',(1.,0.));
#1312 = ( GEOMETRIC_REPRESENTATION_CONTEXT(2) 
PARAMETRIC_REPRESENTATION_CONTEXT() REPRESENTATION_CONTEXT('2D SPACE',''
  ) );
#1313 = PCURVE('',#1314,#1319);
#1314 = CYLINDRICAL_SURFACE('',#1315,8.);
#1315 = AXIS2_PLACEMENT_3D('',#1316,#1317,#1318);
#1316 = CARTESIAN_POINT('',(142.,-67.,-55.));
#1317 = DIRECTION('',(0.,0.,1.));
#1318 = DIRECTION('',(1.,0.,-0.));
#1319 = DEFINITIONAL_REPRESENTATION('',(#1320),#1324);
#1320 = LINE('',#1321,#1322);
#1321 = CARTESIAN_POINT('',(-1.570796326795,0.));
#1322 = VECTOR('',#1323,1.);
#1323 = DIRECTION('',(-0.,1.));
#1324 = ( GEOMETRIC_REPRESENTATION_CONTEXT(2) 
PARAMETRIC_REPRESENTATION_CONTEXT() REPRESENTATION_CONTEXT('2D SPACE',''
  ) );
#1325 = ORIENTED_EDGE('',*,*,#1326,.F.);
#1326 = EDGE_CURVE('',#1327,#1299,#1329,.T.);
#1327 = VERTEX_POINT('',#1328);
#1328 = CARTESIAN_POINT('',(8.,-75.,-55.));
#1329 = SURFACE_CURVE('',#1330,(#1334,#1341),.PCURVE_S1.);
#1330 = LINE('',#1331,#1332);
#1331 = CARTESIAN_POINT('',(0.,-75.,-55.));
#1332 = VECTOR('',#1333,1.);
#1333 = DIRECTION('',(1.,0.,0.));
#1334 = PCURVE('',#72,#1335);
#1335 = DEFINITIONAL_REPRESENTATION('',(#1336),#1340);
#1336 = LINE('',#1337,#1338);
#1337 = CARTESIAN_POINT('',(0.,0.));
#1338 = VECTOR('',#1339,1.);
#1339 = DIRECTION('',(0.,1.));
#1340 = ( GEOMETRIC_REPRESENTATION_CONTEXT(2) 
PARAMETRIC_REPRESENTATION_CONTEXT() REPRESENTATION_CONTEXT('2D SPACE',''
  ) );
#1341 = PCURVE('',#212,#1342);
#1342 = DEFINITIONAL_REPRESENTATION('',(#1343),#1347);
#1343 = LINE('',#1344,#1345);
#1344 = CARTESIAN_POINT('',(0.,0.));
#1345 = VECTOR('',#1346,1.);
#1346 = DIRECTION('',(1.,0.));
#1347 = ( GEOMETRIC_REPRESENTATION_CONTEXT(2) 
PARAMETRIC_REPRESENTATION_CONTEXT() REPRESENTATION_CONTEXT('2D SPACE',''
  ) );
#1348 = ORIENTED_EDGE('',*,*,#1349,.T.);
#1349 = EDGE_CURVE('',#1327,#1206,#1350,.T.);
#1350 = SURFACE_CURVE('',#1351,(#1355,#1362),.PCURVE_S1.);
#1351 = LINE('',#1352,#1353);
#1352 = CARTESIAN_POINT('',(8.,-75.,-55.));
#1353 = VECTOR('',#1354,1.);
#1354 = DIRECTION('',(0.,0.,1.));
#1355 = PCURVE('',#72,#1356);
#1356 = DEFINITIONAL_REPRESENTATION('',(#1357),#1361);
#1357 = LINE('',#1358,#1359);
#1358 = CARTESIAN_POINT('',(0.,8.));
#1359 = VECTOR('',#1360,1.);
#1360 = DIRECTION('',(1.,0.));
#1361 = ( GEOMETRIC_REPRESENTATION_CONTEXT(2) 
PARAMETRIC_REPRESENTATION_CONTEXT() REPRESENTATION_CONTEXT('2D SPACE',''
  ) );
#1362 = PCURVE('',#184,#1363);
#1363 = DEFINITIONAL_REPRESENTATION('',(#1364),#1368);
#1364 = LINE('',#1365,#1366);
#1365 = CARTESIAN_POINT('',(1.570796326795,0.));
#1366 = VECTOR('',#1367,1.);
#1367 = DIRECTION('',(0.,1.));
#1368 = ( GEOMETRIC_REPRESENTATION_CONTEXT(2) 
PARAMETRIC_REPRESENTATION_CONTEXT() REPRESENTATION_CONTEXT('2D SPACE',''
  ) );
#1369 = ORIENTED_EDGE('',*,*,#1205,.F.);
#1370 = ORIENTED_EDGE('',*,*,#56,.T.);
#1371 = ORIENTED_EDGE('',*,*,#366,.T.);
#1372 = ADVANCED_FACE('',(#1373),#969,.T.);
#1373 = FACE_BOUND('',#1374,.T.);
#1374 = EDGE_LOOP('',(#1375,#1376,#1397,#1423,#1449,#1470));
#1375 = ORIENTED_EDGE('',*,*,#953,.F.);
#1376 = ORIENTED_EDGE('',*,*,#1377,.F.);
#1377 = EDGE_CURVE('',#1378,#933,#1380,.T.);
#1378 = VERTEX_POINT('',#1379);
#1379 = CARTESIAN_POINT('',(150.,64.,54.219544457293));
#1380 = SURFACE_CURVE('',#1381,(#1385,#1391),.PCURVE_S1.);
#1381 = LINE('',#1382,#1383);
#1382 = CARTESIAN_POINT('',(150.,64.,-15.));
#1383 = VECTOR('',#1384,1.);
#1384 = DIRECTION('',(0.,0.,1.));
#1385 = PCURVE('',#969,#1386);
#1386 = DEFINITIONAL_REPRESENTATION('',(#1387),#1390);
#1387 = B_SPLINE_CURVE_WITH_KNOTS('',1,(#1388,#1389),.UNSPECIFIED.,.F.,
  .F.,(2,2),(40.,70.),.PIECEWISE_BEZIER_KNOTS.);
#1388 = CARTESIAN_POINT('',(80.,-139.));
#1389 = CARTESIAN_POINT('',(110.,-139.));
#1390 = ( GEOMETRIC_REPRESENTATION_CONTEXT(2) 
PARAMETRIC_REPRESENTATION_CONTEXT() REPRESENTATION_CONTEXT('2D SPACE',''
  ) );
#1391 = PCURVE('',#848,#1392);
#1392 = DEFINITIONAL_REPRESENTATION('',(#1393),#1396);
#1393 = B_SPLINE_CURVE_WITH_KNOTS('',1,(#1394,#1395),.UNSPECIFIED.,.F.,
  .F.,(2,2),(40.,70.),.PIECEWISE_BEZIER_KNOTS.);
#1394 = CARTESIAN_POINT('',(0.,20.));
#1395 = CARTESIAN_POINT('',(30.,20.));
#1396 = ( GEOMETRIC_REPRESENTATION_CONTEXT(2) 
PARAMETRIC_REPRESENTATION_CONTEXT() REPRESENTATION_CONTEXT('2D SPACE',''
  ) );
#1397 = ORIENTED_EDGE('',*,*,#1398,.T.);
#1398 = EDGE_CURVE('',#1378,#1399,#1401,.T.);
#1399 = VERTEX_POINT('',#1400);
#1400 = CARTESIAN_POINT('',(150.,70.,54.219544457293));
#1401 = SURFACE_CURVE('',#1402,(#1406,#1412),.PCURVE_S1.);
#1402 = LINE('',#1403,#1404);
#1403 = CARTESIAN_POINT('',(150.,70.,54.219544457293));
#1404 = VECTOR('',#1405,1.);
#1405 = DIRECTION('',(0.,1.,0.));
#1406 = PCURVE('',#969,#1407);
#1407 = DEFINITIONAL_REPRESENTATION('',(#1408),#1411);
#1408 = B_SPLINE_CURVE_WITH_KNOTS('',1,(#1409,#1410),.UNSPECIFIED.,.F.,
  .F.,(2,2),(-12.0000006,6.000000070117E-07),.PIECEWISE_BEZIER_KNOTS.);
#1409 = CARTESIAN_POINT('',(109.21954445729,-132.9999994));
#1410 = CARTESIAN_POINT('',(109.21954445729,-145.0000006));
#1411 = ( GEOMETRIC_REPRESENTATION_CONTEXT(2) 
PARAMETRIC_REPRESENTATION_CONTEXT() REPRESENTATION_CONTEXT('2D SPACE',''
  ) );
#1412 = PCURVE('',#1413,#1418);
#1413 = CYLINDRICAL_SURFACE('',#1414,11.);
#1414 = AXIS2_PLACEMENT_3D('',#1415,#1416,#1417);
#1415 = CARTESIAN_POINT('',(144.,70.,45.));
#1416 = DIRECTION('',(0.,1.,0.));
#1417 = DIRECTION('',(1.110223024625E-16,0.,-1.));
#1418 = DEFINITIONAL_REPRESENTATION('',(#1419),#1422);
#1419 = B_SPLINE_CURVE_WITH_KNOTS('',1,(#1420,#1421),.UNSPECIFIED.,.F.,
  .F.,(2,2),(-12.0000006,6.000000070117E-07),.PIECEWISE_BEZIER_KNOTS.);
#1420 = CARTESIAN_POINT('',(-2.564661308353,-12.0000006));
#1421 = CARTESIAN_POINT('',(-2.564661308353,6.000000070117E-07));
#1422 = ( GEOMETRIC_REPRESENTATION_CONTEXT(2) 
PARAMETRIC_REPRESENTATION_CONTEXT() REPRESENTATION_CONTEXT('2D SPACE',''
  ) );
#1423 = ORIENTED_EDGE('',*,*,#1424,.T.);
#1424 = EDGE_CURVE('',#1399,#1425,#1427,.T.);
#1425 = VERTEX_POINT('',#1426);
#1426 = CARTESIAN_POINT('',(150.,70.,49.));
#1427 = SURFACE_CURVE('',#1428,(#1432,#1438),.PCURVE_S1.);
#1428 = LINE('',#1429,#1430);
#1429 = CARTESIAN_POINT('',(150.,70.,-5.));
#1430 = VECTOR('',#1431,1.);
#1431 = DIRECTION('',(0.,-0.,-1.));
#1432 = PCURVE('',#969,#1433);
#1433 = DEFINITIONAL_REPRESENTATION('',(#1434),#1437);
#1434 = B_SPLINE_CURVE_WITH_KNOTS('',1,(#1435,#1436),.UNSPECIFIED.,.F.,
  .F.,(2,2),(-60.,-39.),.PIECEWISE_BEZIER_KNOTS.);
#1435 = CARTESIAN_POINT('',(110.,-145.));
#1436 = CARTESIAN_POINT('',(89.,-145.));
#1437 = ( GEOMETRIC_REPRESENTATION_CONTEXT(2) 
PARAMETRIC_REPRESENTATION_CONTEXT() REPRESENTATION_CONTEXT('2D SPACE',''
  ) );
#1438 = PCURVE('',#1439,#1444);
#1439 = PLANE('',#1440);
#1440 = AXIS2_PLACEMENT_3D('',#1441,#1442,#1443);
#1441 = CARTESIAN_POINT('',(144.,70.,45.));
#1442 = DIRECTION('',(-0.,-1.,0.));
#1443 = DIRECTION('',(-1.,0.,-1.110223024625E-16));
#1444 = DEFINITIONAL_REPRESENTATION('',(#1445),#1448);
#1445 = B_SPLINE_CURVE_WITH_KNOTS('',1,(#1446,#1447),.UNSPECIFIED.,.F.,
  .F.,(2,2),(-60.,-39.),.PIECEWISE_BEZIER_KNOTS.);
#1446 = CARTESIAN_POINT('',(-6.,-10.));
#1447 = CARTESIAN_POINT('',(-6.,11.));
#1448 = ( GEOMETRIC_REPRESENTATION_CONTEXT(2) 
PARAMETRIC_REPRESENTATION_CONTEXT() REPRESENTATION_CONTEXT('2D SPACE',''
  ) );
#1449 = ORIENTED_EDGE('',*,*,#1450,.T.);
#1450 = EDGE_CURVE('',#1425,#1007,#1451,.T.);
#1451 = SURFACE_CURVE('',#1452,(#1456,#1463),.PCURVE_S1.);
#1452 = LINE('',#1453,#1454);
#1453 = CARTESIAN_POINT('',(150.,-75.,49.));
#1454 = VECTOR('',#1455,1.);
#1455 = DIRECTION('',(0.,1.,0.));
#1456 = PCURVE('',#969,#1457);
#1457 = DEFINITIONAL_REPRESENTATION('',(#1458),#1462);
#1458 = LINE('',#1459,#1460);
#1459 = CARTESIAN_POINT('',(104.,0.));
#1460 = VECTOR('',#1461,1.);
#1461 = DIRECTION('',(0.,-1.));
#1462 = ( GEOMETRIC_REPRESENTATION_CONTEXT(2) 
PARAMETRIC_REPRESENTATION_CONTEXT() REPRESENTATION_CONTEXT('2D SPACE',''
  ) );
#1463 = PCURVE('',#1045,#1464);
#1464 = DEFINITIONAL_REPRESENTATION('',(#1465),#1469);
#1465 = LINE('',#1466,#1467);
#1466 = CARTESIAN_POINT('',(150.,0.));
#1467 = VECTOR('',#1468,1.);
#1468 = DIRECTION('',(0.,1.));
#1469 = ( GEOMETRIC_REPRESENTATION_CONTEXT(2) 
PARAMETRIC_REPRESENTATION_CONTEXT() REPRESENTATION_CONTEXT('2D SPACE',''
  ) );
#1470 = ORIENTED_EDGE('',*,*,#1006,.T.);
#1471 = ADVANCED_FACE('',(#1472),#848,.T.);
#1472 = FACE_BOUND('',#1473,.T.);
#1473 = EDGE_LOOP('',(#1474,#1504,#1526,#1548,#1549,#1550,#1572,#1573,
    #1596,#1624));
#1474 = ORIENTED_EDGE('',*,*,#1475,.F.);
#1475 = EDGE_CURVE('',#1476,#1478,#1480,.T.);
#1476 = VERTEX_POINT('',#1477);
#1477 = CARTESIAN_POINT('',(150.,64.,25.));
#1478 = VERTEX_POINT('',#1479);
#1479 = CARTESIAN_POINT('',(167.,64.,25.));
#1480 = SURFACE_CURVE('',#1481,(#1485,#1492),.PCURVE_S1.);
#1481 = LINE('',#1482,#1483);
#1482 = CARTESIAN_POINT('',(130.,64.,25.));
#1483 = VECTOR('',#1484,1.);
#1484 = DIRECTION('',(1.,0.,0.));
#1485 = PCURVE('',#848,#1486);
#1486 = DEFINITIONAL_REPRESENTATION('',(#1487),#1491);
#1487 = LINE('',#1488,#1489);
#1488 = CARTESIAN_POINT('',(0.,0.));
#1489 = VECTOR('',#1490,1.);
#1490 = DIRECTION('',(0.,1.));
#1491 = ( GEOMETRIC_REPRESENTATION_CONTEXT(2) 
PARAMETRIC_REPRESENTATION_CONTEXT() REPRESENTATION_CONTEXT('2D SPACE',''
  ) );
#1492 = PCURVE('',#1493,#1498);
#1493 = PLANE('',#1494);
#1494 = AXIS2_PLACEMENT_3D('',#1495,#1496,#1497);
#1495 = CARTESIAN_POINT('',(130.,34.,25.));
#1496 = DIRECTION('',(0.,0.,1.));
#1497 = DIRECTION('',(1.,0.,0.));
#1498 = DEFINITIONAL_REPRESENTATION('',(#1499),#1503);
#1499 = LINE('',#1500,#1501);
#1500 = CARTESIAN_POINT('',(0.,30.));
#1501 = VECTOR('',#1502,1.);
#1502 = DIRECTION('',(1.,0.));
#1503 = ( GEOMETRIC_REPRESENTATION_CONTEXT(2) 
PARAMETRIC_REPRESENTATION_CONTEXT() REPRESENTATION_CONTEXT('2D SPACE',''
  ) );
#1504 = ORIENTED_EDGE('',*,*,#1505,.T.);
#1505 = EDGE_CURVE('',#1476,#1506,#1508,.T.);
#1506 = VERTEX_POINT('',#1507);
#1507 = CARTESIAN_POINT('',(150.,64.,35.780455542707));
#1508 = SURFACE_CURVE('',#1509,(#1513,#1519),.PCURVE_S1.);
#1509 = LINE('',#1510,#1511);
#1510 = CARTESIAN_POINT('',(150.,64.,-15.));
#1511 = VECTOR('',#1512,1.);
#1512 = DIRECTION('',(0.,0.,1.));
#1513 = PCURVE('',#848,#1514);
#1514 = DEFINITIONAL_REPRESENTATION('',(#1515),#1518);
#1515 = B_SPLINE_CURVE_WITH_KNOTS('',1,(#1516,#1517),.UNSPECIFIED.,.F.,
  .F.,(2,2),(40.,70.),.PIECEWISE_BEZIER_KNOTS.);
#1516 = CARTESIAN_POINT('',(0.,20.));
#1517 = CARTESIAN_POINT('',(30.,20.));
#1518 = ( GEOMETRIC_REPRESENTATION_CONTEXT(2) 
PARAMETRIC_REPRESENTATION_CONTEXT() REPRESENTATION_CONTEXT('2D SPACE',''
  ) );
#1519 = PCURVE('',#506,#1520);
#1520 = DEFINITIONAL_REPRESENTATION('',(#1521),#1525);
#1521 = LINE('',#1522,#1523);
#1522 = CARTESIAN_POINT('',(40.,-139.));
#1523 = VECTOR('',#1524,1.);
#1524 = DIRECTION('',(1.,0.));
#1525 = ( GEOMETRIC_REPRESENTATION_CONTEXT(2) 
PARAMETRIC_REPRESENTATION_CONTEXT() REPRESENTATION_CONTEXT('2D SPACE',''
  ) );
#1526 = ORIENTED_EDGE('',*,*,#1527,.F.);
#1527 = EDGE_CURVE('',#1378,#1506,#1528,.T.);
#1528 = SURFACE_CURVE('',#1529,(#1534,#1541),.PCURVE_S1.);
#1529 = CIRCLE('',#1530,11.);
#1530 = AXIS2_PLACEMENT_3D('',#1531,#1532,#1533);
#1531 = CARTESIAN_POINT('',(144.,64.,45.));
#1532 = DIRECTION('',(0.,1.,0.));
#1533 = DIRECTION('',(1.110223024625E-16,0.,-1.));
#1534 = PCURVE('',#848,#1535);
#1535 = DEFINITIONAL_REPRESENTATION('',(#1536),#1540);
#1536 = CIRCLE('',#1537,11.);
#1537 = AXIS2_PLACEMENT_2D('',#1538,#1539);
#1538 = CARTESIAN_POINT('',(20.,14.));
#1539 = DIRECTION('',(-1.,1.110223024625E-16));
#1540 = ( GEOMETRIC_REPRESENTATION_CONTEXT(2) 
PARAMETRIC_REPRESENTATION_CONTEXT() REPRESENTATION_CONTEXT('2D SPACE',''
  ) );
#1541 = PCURVE('',#1413,#1542);
#1542 = DEFINITIONAL_REPRESENTATION('',(#1543),#1547);
#1543 = LINE('',#1544,#1545);
#1544 = CARTESIAN_POINT('',(-6.28318530718,-6.));
#1545 = VECTOR('',#1546,1.);
#1546 = DIRECTION('',(1.,-0.));
#1547 = ( GEOMETRIC_REPRESENTATION_CONTEXT(2) 
PARAMETRIC_REPRESENTATION_CONTEXT() REPRESENTATION_CONTEXT('2D SPACE',''
  ) );
#1548 = ORIENTED_EDGE('',*,*,#1377,.T.);
#1549 = ORIENTED_EDGE('',*,*,#932,.T.);
#1550 = ORIENTED_EDGE('',*,*,#1551,.F.);
#1551 = EDGE_CURVE('',#834,#912,#1552,.T.);
#1552 = SURFACE_CURVE('',#1553,(#1558,#1565),.PCURVE_S1.);
#1553 = CIRCLE('',#1554,11.);
#1554 = AXIS2_PLACEMENT_3D('',#1555,#1556,#1557);
#1555 = CARTESIAN_POINT('',(144.,64.,45.));
#1556 = DIRECTION('',(0.,1.,0.));
#1557 = DIRECTION('',(1.110223024625E-16,0.,-1.));
#1558 = PCURVE('',#848,#1559);
#1559 = DEFINITIONAL_REPRESENTATION('',(#1560),#1564);
#1560 = CIRCLE('',#1561,11.);
#1561 = AXIS2_PLACEMENT_2D('',#1562,#1563);
#1562 = CARTESIAN_POINT('',(20.,14.));
#1563 = DIRECTION('',(-1.,1.110223024625E-16));
#1564 = ( GEOMETRIC_REPRESENTATION_CONTEXT(2) 
PARAMETRIC_REPRESENTATION_CONTEXT() REPRESENTATION_CONTEXT('2D SPACE',''
  ) );
#1565 = PCURVE('',#874,#1566);
#1566 = DEFINITIONAL_REPRESENTATION('',(#1567),#1571);
#1567 = LINE('',#1568,#1569);
#1568 = CARTESIAN_POINT('',(-6.28318530718,-6.));
#1569 = VECTOR('',#1570,1.);
#1570 = DIRECTION('',(1.,-0.));
#1571 = ( GEOMETRIC_REPRESENTATION_CONTEXT(2) 
PARAMETRIC_REPRESENTATION_CONTEXT() REPRESENTATION_CONTEXT('2D SPACE',''
  ) );
#1572 = ORIENTED_EDGE('',*,*,#833,.T.);
#1573 = ORIENTED_EDGE('',*,*,#1574,.T.);
#1574 = EDGE_CURVE('',#805,#1575,#1577,.T.);
#1575 = VERTEX_POINT('',#1576);
#1576 = CARTESIAN_POINT('',(133.,64.,65.));
#1577 = SURFACE_CURVE('',#1578,(#1582,#1589),.PCURVE_S1.);
#1578 = LINE('',#1579,#1580);
#1579 = CARTESIAN_POINT('',(133.,64.,25.));
#1580 = VECTOR('',#1581,1.);
#1581 = DIRECTION('',(0.,0.,1.));
#1582 = PCURVE('',#848,#1583);
#1583 = DEFINITIONAL_REPRESENTATION('',(#1584),#1588);
#1584 = LINE('',#1585,#1586);
#1585 = CARTESIAN_POINT('',(0.,3.));
#1586 = VECTOR('',#1587,1.);
#1587 = DIRECTION('',(1.,0.));
#1588 = ( GEOMETRIC_REPRESENTATION_CONTEXT(2) 
PARAMETRIC_REPRESENTATION_CONTEXT() REPRESENTATION_CONTEXT('2D SPACE',''
  ) );
#1589 = PCURVE('',#821,#1590);
#1590 = DEFINITIONAL_REPRESENTATION('',(#1591),#1595);
#1591 = LINE('',#1592,#1593);
#1592 = CARTESIAN_POINT('',(-1.570796326795,0.));
#1593 = VECTOR('',#1594,1.);
#1594 = DIRECTION('',(-0.,1.));
#1595 = ( GEOMETRIC_REPRESENTATION_CONTEXT(2) 
PARAMETRIC_REPRESENTATION_CONTEXT() REPRESENTATION_CONTEXT('2D SPACE',''
  ) );
#1596 = ORIENTED_EDGE('',*,*,#1597,.T.);
#1597 = EDGE_CURVE('',#1575,#1598,#1600,.T.);
#1598 = VERTEX_POINT('',#1599);
#1599 = CARTESIAN_POINT('',(167.,64.,65.));
#1600 = SURFACE_CURVE('',#1601,(#1605,#1612),.PCURVE_S1.);
#1601 = LINE('',#1602,#1603);
#1602 = CARTESIAN_POINT('',(130.,64.,65.));
#1603 = VECTOR('',#1604,1.);
#1604 = DIRECTION('',(1.,0.,0.));
#1605 = PCURVE('',#848,#1606);
#1606 = DEFINITIONAL_REPRESENTATION('',(#1607),#1611);
#1607 = LINE('',#1608,#1609);
#1608 = CARTESIAN_POINT('',(40.,0.));
#1609 = VECTOR('',#1610,1.);
#1610 = DIRECTION('',(0.,1.));
#1611 = ( GEOMETRIC_REPRESENTATION_CONTEXT(2) 
PARAMETRIC_REPRESENTATION_CONTEXT() REPRESENTATION_CONTEXT('2D SPACE',''
  ) );
#1612 = PCURVE('',#1613,#1618);
#1613 = PLANE('',#1614);
#1614 = AXIS2_PLACEMENT_3D('',#1615,#1616,#1617);
#1615 = CARTESIAN_POINT('',(130.,34.,65.));
#1616 = DIRECTION('',(0.,0.,1.));
#1617 = DIRECTION('',(1.,0.,0.));
#1618 = DEFINITIONAL_REPRESENTATION('',(#1619),#1623);
#1619 = LINE('',#1620,#1621);
#1620 = CARTESIAN_POINT('',(0.,30.));
#1621 = VECTOR('',#1622,1.);
#1622 = DIRECTION('',(1.,0.));
#1623 = ( GEOMETRIC_REPRESENTATION_CONTEXT(2) 
PARAMETRIC_REPRESENTATION_CONTEXT() REPRESENTATION_CONTEXT('2D SPACE',''
  ) );
#1624 = ORIENTED_EDGE('',*,*,#1625,.F.);
#1625 = EDGE_CURVE('',#1478,#1598,#1626,.T.);
#1626 = SURFACE_CURVE('',#1627,(#1631,#1638),.PCURVE_S1.);
#1627 = LINE('',#1628,#1629);
#1628 = CARTESIAN_POINT('',(167.,64.,25.));
#1629 = VECTOR('',#1630,1.);
#1630 = DIRECTION('',(0.,0.,1.));
#1631 = PCURVE('',#848,#1632);
#1632 = DEFINITIONAL_REPRESENTATION('',(#1633),#1637);
#1633 = LINE('',#1634,#1635);
#1634 = CARTESIAN_POINT('',(0.,37.));
#1635 = VECTOR('',#1636,1.);
#1636 = DIRECTION('',(1.,0.));
#1637 = ( GEOMETRIC_REPRESENTATION_CONTEXT(2) 
PARAMETRIC_REPRESENTATION_CONTEXT() REPRESENTATION_CONTEXT('2D SPACE',''
  ) );
#1638 = PCURVE('',#1639,#1644);
#1639 = CYLINDRICAL_SURFACE('',#1640,3.);
#1640 = AXIS2_PLACEMENT_3D('',#1641,#1642,#1643);
#1641 = CARTESIAN_POINT('',(167.,61.,25.));
#1642 = DIRECTION('',(0.,0.,1.));
#1643 = DIRECTION('',(1.,0.,-0.));
#1644 = DEFINITIONAL_REPRESENTATION('',(#1645),#1649);
#1645 = LINE('',#1646,#1647);
#1646 = CARTESIAN_POINT('',(1.570796326795,0.));
#1647 = VECTOR('',#1648,1.);
#1648 = DIRECTION('',(0.,1.));
#1649 = ( GEOMETRIC_REPRESENTATION_CONTEXT(2) 
PARAMETRIC_REPRESENTATION_CONTEXT() REPRESENTATION_CONTEXT('2D SPACE',''
  ) );
#1650 = ADVANCED_FACE('',(#1651),#874,.T.);
#1651 = FACE_BOUND('',#1652,.F.);
#1652 = EDGE_LOOP('',(#1653,#1654,#1676,#1677));
#1653 = ORIENTED_EDGE('',*,*,#859,.T.);
#1654 = ORIENTED_EDGE('',*,*,#1655,.F.);
#1655 = EDGE_CURVE('',#886,#860,#1656,.T.);
#1656 = SURFACE_CURVE('',#1657,(#1662,#1669),.PCURVE_S1.);
#1657 = CIRCLE('',#1658,11.);
#1658 = AXIS2_PLACEMENT_3D('',#1659,#1660,#1661);
#1659 = CARTESIAN_POINT('',(144.,70.,45.));
#1660 = DIRECTION('',(0.,-1.,0.));
#1661 = DIRECTION('',(1.110223024625E-16,0.,-1.));
#1662 = PCURVE('',#874,#1663);
#1663 = DEFINITIONAL_REPRESENTATION('',(#1664),#1668);
#1664 = LINE('',#1665,#1666);
#1665 = CARTESIAN_POINT('',(-0.,0.));
#1666 = VECTOR('',#1667,1.);
#1667 = DIRECTION('',(-1.,0.));
#1668 = ( GEOMETRIC_REPRESENTATION_CONTEXT(2) 
PARAMETRIC_REPRESENTATION_CONTEXT() REPRESENTATION_CONTEXT('2D SPACE',''
  ) );
#1669 = PCURVE('',#900,#1670);
#1670 = DEFINITIONAL_REPRESENTATION('',(#1671),#1675);
#1671 = CIRCLE('',#1672,11.);
#1672 = AXIS2_PLACEMENT_2D('',#1673,#1674);
#1673 = CARTESIAN_POINT('',(0.,0.));
#1674 = DIRECTION('',(0.,1.));
#1675 = ( GEOMETRIC_REPRESENTATION_CONTEXT(2) 
PARAMETRIC_REPRESENTATION_CONTEXT() REPRESENTATION_CONTEXT('2D SPACE',''
  ) );
#1676 = ORIENTED_EDGE('',*,*,#911,.F.);
#1677 = ORIENTED_EDGE('',*,*,#1551,.F.);
#1678 = ADVANCED_FACE('',(#1679),#900,.F.);
#1679 = FACE_BOUND('',#1680,.F.);
#1680 = EDGE_LOOP('',(#1681,#1682));
#1681 = ORIENTED_EDGE('',*,*,#1655,.T.);
#1682 = ORIENTED_EDGE('',*,*,#885,.T.);
#1683 = ADVANCED_FACE('',(#1684),#821,.T.);
#1684 = FACE_BOUND('',#1685,.F.);
#1685 = EDGE_LOOP('',(#1686,#1709,#1710,#1711));
#1686 = ORIENTED_EDGE('',*,*,#1687,.F.);
#1687 = EDGE_CURVE('',#779,#1688,#1690,.T.);
#1688 = VERTEX_POINT('',#1689);
#1689 = CARTESIAN_POINT('',(130.,61.,65.));
#1690 = SURFACE_CURVE('',#1691,(#1695,#1702),.PCURVE_S1.);
#1691 = LINE('',#1692,#1693);
#1692 = CARTESIAN_POINT('',(130.,61.,25.));
#1693 = VECTOR('',#1694,1.);
#1694 = DIRECTION('',(0.,0.,1.));
#1695 = PCURVE('',#821,#1696);
#1696 = DEFINITIONAL_REPRESENTATION('',(#1697),#1701);
#1697 = LINE('',#1698,#1699);
#1698 = CARTESIAN_POINT('',(-0.,0.));
#1699 = VECTOR('',#1700,1.);
#1700 = DIRECTION('',(-0.,1.));
#1701 = ( GEOMETRIC_REPRESENTATION_CONTEXT(2) 
PARAMETRIC_REPRESENTATION_CONTEXT() REPRESENTATION_CONTEXT('2D SPACE',''
  ) );
#1702 = PCURVE('',#793,#1703);
#1703 = DEFINITIONAL_REPRESENTATION('',(#1704),#1708);
#1704 = LINE('',#1705,#1706);
#1705 = CARTESIAN_POINT('',(0.,-27.));
#1706 = VECTOR('',#1707,1.);
#1707 = DIRECTION('',(1.,0.));
#1708 = ( GEOMETRIC_REPRESENTATION_CONTEXT(2) 
PARAMETRIC_REPRESENTATION_CONTEXT() REPRESENTATION_CONTEXT('2D SPACE',''
  ) );
#1709 = ORIENTED_EDGE('',*,*,#804,.F.);
#1710 = ORIENTED_EDGE('',*,*,#1574,.T.);
#1711 = ORIENTED_EDGE('',*,*,#1712,.F.);
#1712 = EDGE_CURVE('',#1688,#1575,#1713,.T.);
#1713 = SURFACE_CURVE('',#1714,(#1719,#1726),.PCURVE_S1.);
#1714 = CIRCLE('',#1715,3.);
#1715 = AXIS2_PLACEMENT_3D('',#1716,#1717,#1718);
#1716 = CARTESIAN_POINT('',(133.,61.,65.));
#1717 = DIRECTION('',(-0.,-0.,-1.));
#1718 = DIRECTION('',(0.,-1.,0.));
#1719 = PCURVE('',#821,#1720);
#1720 = DEFINITIONAL_REPRESENTATION('',(#1721),#1725);
#1721 = LINE('',#1722,#1723);
#1722 = CARTESIAN_POINT('',(1.570796326795,40.));
#1723 = VECTOR('',#1724,1.);
#1724 = DIRECTION('',(-1.,0.));
#1725 = ( GEOMETRIC_REPRESENTATION_CONTEXT(2) 
PARAMETRIC_REPRESENTATION_CONTEXT() REPRESENTATION_CONTEXT('2D SPACE',''
  ) );
#1726 = PCURVE('',#1613,#1727);
#1727 = DEFINITIONAL_REPRESENTATION('',(#1728),#1736);
#1728 = ( BOUNDED_CURVE() B_SPLINE_CURVE(2,(#1729,#1730,#1731,#1732,
#1733,#1734,#1735),.UNSPECIFIED.,.T.,.F.) B_SPLINE_CURVE_WITH_KNOTS((1,2
    ,2,2,2,1),(-2.094395102393,0.,2.094395102393,4.188790204786,
6.28318530718,8.377580409573),.UNSPECIFIED.) CURVE() 
GEOMETRIC_REPRESENTATION_ITEM() RATIONAL_B_SPLINE_CURVE((1.,0.5,1.,0.5,
1.,0.5,1.)) REPRESENTATION_ITEM('') );
#1729 = CARTESIAN_POINT('',(3.,24.));
#1730 = CARTESIAN_POINT('',(-2.196152422707,24.));
#1731 = CARTESIAN_POINT('',(0.401923788647,28.5));
#1732 = CARTESIAN_POINT('',(3.,33.));
#1733 = CARTESIAN_POINT('',(5.598076211353,28.5));
#1734 = CARTESIAN_POINT('',(8.196152422707,24.));
#1735 = CARTESIAN_POINT('',(3.,24.));
#1736 = ( GEOMETRIC_REPRESENTATION_CONTEXT(2) 
PARAMETRIC_REPRESENTATION_CONTEXT() REPRESENTATION_CONTEXT('2D SPACE',''
  ) );
#1737 = ADVANCED_FACE('',(#1738),#793,.F.);
#1738 = FACE_BOUND('',#1739,.F.);
#1739 = EDGE_LOOP('',(#1740,#1763,#1782,#1783));
#1740 = ORIENTED_EDGE('',*,*,#1741,.F.);
#1741 = EDGE_CURVE('',#1742,#1688,#1744,.T.);
#1742 = VERTEX_POINT('',#1743);
#1743 = CARTESIAN_POINT('',(130.,47.,65.));
#1744 = SURFACE_CURVE('',#1745,(#1749,#1756),.PCURVE_S1.);
#1745 = LINE('',#1746,#1747);
#1746 = CARTESIAN_POINT('',(130.,34.,65.));
#1747 = VECTOR('',#1748,1.);
#1748 = DIRECTION('',(0.,1.,0.));
#1749 = PCURVE('',#793,#1750);
#1750 = DEFINITIONAL_REPRESENTATION('',(#1751),#1755);
#1751 = LINE('',#1752,#1753);
#1752 = CARTESIAN_POINT('',(40.,0.));
#1753 = VECTOR('',#1754,1.);
#1754 = DIRECTION('',(0.,-1.));
#1755 = ( GEOMETRIC_REPRESENTATION_CONTEXT(2) 
PARAMETRIC_REPRESENTATION_CONTEXT() REPRESENTATION_CONTEXT('2D SPACE',''
  ) );
#1756 = PCURVE('',#1613,#1757);
#1757 = DEFINITIONAL_REPRESENTATION('',(#1758),#1762);
#1758 = LINE('',#1759,#1760);
#1759 = CARTESIAN_POINT('',(0.,0.));
#1760 = VECTOR('',#1761,1.);
#1761 = DIRECTION('',(0.,1.));
#1762 = ( GEOMETRIC_REPRESENTATION_CONTEXT(2) 
PARAMETRIC_REPRESENTATION_CONTEXT() REPRESENTATION_CONTEXT('2D SPACE',''
  ) );
#1763 = ORIENTED_EDGE('',*,*,#1764,.F.);
#1764 = EDGE_CURVE('',#753,#1742,#1765,.T.);
#1765 = SURFACE_CURVE('',#1766,(#1770,#1776),.PCURVE_S1.);
#1766 = LINE('',#1767,#1768);
#1767 = CARTESIAN_POINT('',(130.,47.,24.5));
#1768 = VECTOR('',#1769,1.);
#1769 = DIRECTION('',(0.,0.,1.));
#1770 = PCURVE('',#793,#1771);
#1771 = DEFINITIONAL_REPRESENTATION('',(#1772),#1775);
#1772 = B_SPLINE_CURVE_WITH_KNOTS('',1,(#1773,#1774),.UNSPECIFIED.,.F.,
  .F.,(2,2),(0.5,40.5),.PIECEWISE_BEZIER_KNOTS.);
#1773 = CARTESIAN_POINT('',(0.,-13.));
#1774 = CARTESIAN_POINT('',(40.,-13.));
#1775 = ( GEOMETRIC_REPRESENTATION_CONTEXT(2) 
PARAMETRIC_REPRESENTATION_CONTEXT() REPRESENTATION_CONTEXT('2D SPACE',''
  ) );
#1776 = PCURVE('',#767,#1777);
#1777 = DEFINITIONAL_REPRESENTATION('',(#1778),#1781);
#1778 = B_SPLINE_CURVE_WITH_KNOTS('',1,(#1779,#1780),.UNSPECIFIED.,.F.,
  .F.,(2,2),(0.5,40.5),.PIECEWISE_BEZIER_KNOTS.);
#1779 = CARTESIAN_POINT('',(1.,7.));
#1780 = CARTESIAN_POINT('',(41.,7.));
#1781 = ( GEOMETRIC_REPRESENTATION_CONTEXT(2) 
PARAMETRIC_REPRESENTATION_CONTEXT() REPRESENTATION_CONTEXT('2D SPACE',''
  ) );
#1782 = ORIENTED_EDGE('',*,*,#778,.T.);
#1783 = ORIENTED_EDGE('',*,*,#1687,.T.);
#1784 = ADVANCED_FACE('',(#1785),#767,.F.);
#1785 = FACE_BOUND('',#1786,.F.);
#1786 = EDGE_LOOP('',(#1787,#1788,#1789,#1810));
#1787 = ORIENTED_EDGE('',*,*,#752,.T.);
#1788 = ORIENTED_EDGE('',*,*,#1764,.T.);
#1789 = ORIENTED_EDGE('',*,*,#1790,.F.);
#1790 = EDGE_CURVE('',#1791,#1742,#1793,.T.);
#1791 = VERTEX_POINT('',#1792);
#1792 = CARTESIAN_POINT('',(140.,47.,65.));
#1793 = SURFACE_CURVE('',#1794,(#1798,#1804),.PCURVE_S1.);
#1794 = LINE('',#1795,#1796);
#1795 = CARTESIAN_POINT('',(126.5,47.,65.));
#1796 = VECTOR('',#1797,1.);
#1797 = DIRECTION('',(-1.,0.,0.));
#1798 = PCURVE('',#767,#1799);
#1799 = DEFINITIONAL_REPRESENTATION('',(#1800),#1803);
#1800 = B_SPLINE_CURVE_WITH_KNOTS('',1,(#1801,#1802),.UNSPECIFIED.,.F.,
  .F.,(2,2),(-43.5,-3.5),.PIECEWISE_BEZIER_KNOTS.);
#1801 = CARTESIAN_POINT('',(41.,47.));
#1802 = CARTESIAN_POINT('',(41.,7.));
#1803 = ( GEOMETRIC_REPRESENTATION_CONTEXT(2) 
PARAMETRIC_REPRESENTATION_CONTEXT() REPRESENTATION_CONTEXT('2D SPACE',''
  ) );
#1804 = PCURVE('',#1613,#1805);
#1805 = DEFINITIONAL_REPRESENTATION('',(#1806),#1809);
#1806 = B_SPLINE_CURVE_WITH_KNOTS('',1,(#1807,#1808),.UNSPECIFIED.,.F.,
  .F.,(2,2),(-43.5,-3.5),.PIECEWISE_BEZIER_KNOTS.);
#1807 = CARTESIAN_POINT('',(40.,13.));
#1808 = CARTESIAN_POINT('',(0.,13.));
#1809 = ( GEOMETRIC_REPRESENTATION_CONTEXT(2) 
PARAMETRIC_REPRESENTATION_CONTEXT() REPRESENTATION_CONTEXT('2D SPACE',''
  ) );
#1810 = ORIENTED_EDGE('',*,*,#1811,.T.);
#1811 = EDGE_CURVE('',#1791,#727,#1812,.T.);
#1812 = SURFACE_CURVE('',#1813,(#1817,#1823),.PCURVE_S1.);
#1813 = LINE('',#1814,#1815);
#1814 = CARTESIAN_POINT('',(140.,47.,36.));
#1815 = VECTOR('',#1816,1.);
#1816 = DIRECTION('',(0.,0.,-1.));
#1817 = PCURVE('',#767,#1818);
#1818 = DEFINITIONAL_REPRESENTATION('',(#1819),#1822);
#1819 = B_SPLINE_CURVE_WITH_KNOTS('',1,(#1820,#1821),.UNSPECIFIED.,.F.,
  .F.,(2,2),(-29.,-12.),.PIECEWISE_BEZIER_KNOTS.);
#1820 = CARTESIAN_POINT('',(41.,17.));
#1821 = CARTESIAN_POINT('',(24.,17.));
#1822 = ( GEOMETRIC_REPRESENTATION_CONTEXT(2) 
PARAMETRIC_REPRESENTATION_CONTEXT() REPRESENTATION_CONTEXT('2D SPACE',''
  ) );
#1823 = PCURVE('',#741,#1824);
#1824 = DEFINITIONAL_REPRESENTATION('',(#1825),#1828);
#1825 = B_SPLINE_CURVE_WITH_KNOTS('',1,(#1826,#1827),.UNSPECIFIED.,.F.,
  .F.,(2,2),(-29.,-12.),.PIECEWISE_BEZIER_KNOTS.);
#1826 = CARTESIAN_POINT('',(17.,-6.));
#1827 = CARTESIAN_POINT('',(0.,-6.));
#1828 = ( GEOMETRIC_REPRESENTATION_CONTEXT(2) 
PARAMETRIC_REPRESENTATION_CONTEXT() REPRESENTATION_CONTEXT('2D SPACE',''
  ) );
#1829 = ADVANCED_FACE('',(#1830),#741,.F.);
#1830 = FACE_BOUND('',#1831,.F.);
#1831 = EDGE_LOOP('',(#1832,#1862,#1890,#1911,#1912,#1913));
#1832 = ORIENTED_EDGE('',*,*,#1833,.T.);
#1833 = EDGE_CURVE('',#1834,#1836,#1838,.T.);
#1834 = VERTEX_POINT('',#1835);
#1835 = CARTESIAN_POINT('',(140.,57.,65.));
#1836 = VERTEX_POINT('',#1837);
#1837 = CARTESIAN_POINT('',(140.,57.,78.));
#1838 = SURFACE_CURVE('',#1839,(#1843,#1850),.PCURVE_S1.);
#1839 = LINE('',#1840,#1841);
#1840 = CARTESIAN_POINT('',(140.,57.,48.));
#1841 = VECTOR('',#1842,1.);
#1842 = DIRECTION('',(0.,0.,1.));
#1843 = PCURVE('',#741,#1844);
#1844 = DEFINITIONAL_REPRESENTATION('',(#1845),#1849);
#1845 = LINE('',#1846,#1847);
#1846 = CARTESIAN_POINT('',(0.,-16.));
#1847 = VECTOR('',#1848,1.);
#1848 = DIRECTION('',(1.,0.));
#1849 = ( GEOMETRIC_REPRESENTATION_CONTEXT(2) 
PARAMETRIC_REPRESENTATION_CONTEXT() REPRESENTATION_CONTEXT('2D SPACE',''
  ) );
#1850 = PCURVE('',#1851,#1856);
#1851 = PLANE('',#1852);
#1852 = AXIS2_PLACEMENT_3D('',#1853,#1854,#1855);
#1853 = CARTESIAN_POINT('',(140.,57.,48.));
#1854 = DIRECTION('',(0.,1.,0.));
#1855 = DIRECTION('',(0.,0.,1.));
#1856 = DEFINITIONAL_REPRESENTATION('',(#1857),#1861);
#1857 = LINE('',#1858,#1859);
#1858 = CARTESIAN_POINT('',(0.,0.));
#1859 = VECTOR('',#1860,1.);
#1860 = DIRECTION('',(1.,0.));
#1861 = ( GEOMETRIC_REPRESENTATION_CONTEXT(2) 
PARAMETRIC_REPRESENTATION_CONTEXT() REPRESENTATION_CONTEXT('2D SPACE',''
  ) );
#1862 = ORIENTED_EDGE('',*,*,#1863,.F.);
#1863 = EDGE_CURVE('',#1864,#1836,#1866,.T.);
#1864 = VERTEX_POINT('',#1865);
#1865 = CARTESIAN_POINT('',(140.,41.,78.));
#1866 = SURFACE_CURVE('',#1867,(#1871,#1878),.PCURVE_S1.);
#1867 = LINE('',#1868,#1869);
#1868 = CARTESIAN_POINT('',(140.,41.,78.));
#1869 = VECTOR('',#1870,1.);
#1870 = DIRECTION('',(0.,1.,0.));
#1871 = PCURVE('',#741,#1872);
#1872 = DEFINITIONAL_REPRESENTATION('',(#1873),#1877);
#1873 = LINE('',#1874,#1875);
#1874 = CARTESIAN_POINT('',(30.,0.));
#1875 = VECTOR('',#1876,1.);
#1876 = DIRECTION('',(0.,-1.));
#1877 = ( GEOMETRIC_REPRESENTATION_CONTEXT(2) 
PARAMETRIC_REPRESENTATION_CONTEXT() REPRESENTATION_CONTEXT('2D SPACE',''
  ) );
#1878 = PCURVE('',#1879,#1884);
#1879 = PLANE('',#1880);
#1880 = AXIS2_PLACEMENT_3D('',#1881,#1882,#1883);
#1881 = CARTESIAN_POINT('',(140.,41.,78.));
#1882 = DIRECTION('',(0.,0.,1.));
#1883 = DIRECTION('',(1.,0.,0.));
#1884 = DEFINITIONAL_REPRESENTATION('',(#1885),#1889);
#1885 = LINE('',#1886,#1887);
#1886 = CARTESIAN_POINT('',(0.,0.));
#1887 = VECTOR('',#1888,1.);
#1888 = DIRECTION('',(0.,1.));
#1889 = ( GEOMETRIC_REPRESENTATION_CONTEXT(2) 
PARAMETRIC_REPRESENTATION_CONTEXT() REPRESENTATION_CONTEXT('2D SPACE',''
  ) );
#1890 = ORIENTED_EDGE('',*,*,#1891,.F.);
#1891 = EDGE_CURVE('',#701,#1864,#1892,.T.);
#1892 = SURFACE_CURVE('',#1893,(#1897,#1904),.PCURVE_S1.);
#1893 = LINE('',#1894,#1895);
#1894 = CARTESIAN_POINT('',(140.,41.,48.));
#1895 = VECTOR('',#1896,1.);
#1896 = DIRECTION('',(0.,0.,1.));
#1897 = PCURVE('',#741,#1898);
#1898 = DEFINITIONAL_REPRESENTATION('',(#1899),#1903);
#1899 = LINE('',#1900,#1901);
#1900 = CARTESIAN_POINT('',(0.,0.));
#1901 = VECTOR('',#1902,1.);
#1902 = DIRECTION('',(1.,0.));
#1903 = ( GEOMETRIC_REPRESENTATION_CONTEXT(2) 
PARAMETRIC_REPRESENTATION_CONTEXT() REPRESENTATION_CONTEXT('2D SPACE',''
  ) );
#1904 = PCURVE('',#715,#1905);
#1905 = DEFINITIONAL_REPRESENTATION('',(#1906),#1910);
#1906 = LINE('',#1907,#1908);
#1907 = CARTESIAN_POINT('',(0.,0.));
#1908 = VECTOR('',#1909,1.);
#1909 = DIRECTION('',(1.,0.));
#1910 = ( GEOMETRIC_REPRESENTATION_CONTEXT(2) 
PARAMETRIC_REPRESENTATION_CONTEXT() REPRESENTATION_CONTEXT('2D SPACE',''
  ) );
#1911 = ORIENTED_EDGE('',*,*,#726,.T.);
#1912 = ORIENTED_EDGE('',*,*,#1811,.F.);
#1913 = ORIENTED_EDGE('',*,*,#1914,.T.);
#1914 = EDGE_CURVE('',#1791,#1834,#1915,.T.);
#1915 = SURFACE_CURVE('',#1916,(#1920,#1926),.PCURVE_S1.);
#1916 = LINE('',#1917,#1918);
#1917 = CARTESIAN_POINT('',(140.,37.5,65.));
#1918 = VECTOR('',#1919,1.);
#1919 = DIRECTION('',(0.,1.,0.));
#1920 = PCURVE('',#741,#1921);
#1921 = DEFINITIONAL_REPRESENTATION('',(#1922),#1925);
#1922 = B_SPLINE_CURVE_WITH_KNOTS('',1,(#1923,#1924),.UNSPECIFIED.,.F.,
  .F.,(2,2),(9.5,19.5),.PIECEWISE_BEZIER_KNOTS.);
#1923 = CARTESIAN_POINT('',(17.,-6.));
#1924 = CARTESIAN_POINT('',(17.,-16.));
#1925 = ( GEOMETRIC_REPRESENTATION_CONTEXT(2) 
PARAMETRIC_REPRESENTATION_CONTEXT() REPRESENTATION_CONTEXT('2D SPACE',''
  ) );
#1926 = PCURVE('',#1613,#1927);
#1927 = DEFINITIONAL_REPRESENTATION('',(#1928),#1931);
#1928 = B_SPLINE_CURVE_WITH_KNOTS('',1,(#1929,#1930),.UNSPECIFIED.,.F.,
  .F.,(2,2),(9.5,19.5),.PIECEWISE_BEZIER_KNOTS.);
#1929 = CARTESIAN_POINT('',(10.,13.));
#1930 = CARTESIAN_POINT('',(10.,23.));
#1931 = ( GEOMETRIC_REPRESENTATION_CONTEXT(2) 
PARAMETRIC_REPRESENTATION_CONTEXT() REPRESENTATION_CONTEXT('2D SPACE',''
  ) );
#1932 = ADVANCED_FACE('',(#1933),#715,.F.);
#1933 = FACE_BOUND('',#1934,.F.);
#1934 = EDGE_LOOP('',(#1935,#1965,#1985,#1986,#1987,#2010));
#1935 = ORIENTED_EDGE('',*,*,#1936,.F.);
#1936 = EDGE_CURVE('',#1937,#1939,#1941,.T.);
#1937 = VERTEX_POINT('',#1938);
#1938 = CARTESIAN_POINT('',(150.,41.,48.));
#1939 = VERTEX_POINT('',#1940);
#1940 = CARTESIAN_POINT('',(160.,41.,48.));
#1941 = SURFACE_CURVE('',#1942,(#1946,#1953),.PCURVE_S1.);
#1942 = LINE('',#1943,#1944);
#1943 = CARTESIAN_POINT('',(140.,41.,48.));
#1944 = VECTOR('',#1945,1.);
#1945 = DIRECTION('',(1.,0.,0.));
#1946 = PCURVE('',#715,#1947);
#1947 = DEFINITIONAL_REPRESENTATION('',(#1948),#1952);
#1948 = LINE('',#1949,#1950);
#1949 = CARTESIAN_POINT('',(0.,0.));
#1950 = VECTOR('',#1951,1.);
#1951 = DIRECTION('',(0.,1.));
#1952 = ( GEOMETRIC_REPRESENTATION_CONTEXT(2) 
PARAMETRIC_REPRESENTATION_CONTEXT() REPRESENTATION_CONTEXT('2D SPACE',''
  ) );
#1953 = PCURVE('',#1954,#1959);
#1954 = PLANE('',#1955);
#1955 = AXIS2_PLACEMENT_3D('',#1956,#1957,#1958);
#1956 = CARTESIAN_POINT('',(140.,41.,48.));
#1957 = DIRECTION('',(0.,0.,1.));
#1958 = DIRECTION('',(1.,0.,0.));
#1959 = DEFINITIONAL_REPRESENTATION('',(#1960),#1964);
#1960 = LINE('',#1961,#1962);
#1961 = CARTESIAN_POINT('',(0.,0.));
#1962 = VECTOR('',#1963,1.);
#1963 = DIRECTION('',(1.,0.));
#1964 = ( GEOMETRIC_REPRESENTATION_CONTEXT(2) 
PARAMETRIC_REPRESENTATION_CONTEXT() REPRESENTATION_CONTEXT('2D SPACE',''
  ) );
#1965 = ORIENTED_EDGE('',*,*,#1966,.T.);
#1966 = EDGE_CURVE('',#1937,#678,#1967,.T.);
#1967 = SURFACE_CURVE('',#1968,(#1972,#1978),.PCURVE_S1.);
#1968 = LINE('',#1969,#1970);
#1969 = CARTESIAN_POINT('',(150.,41.,-3.5));
#1970 = VECTOR('',#1971,1.);
#1971 = DIRECTION('',(0.,0.,1.));
#1972 = PCURVE('',#715,#1973);
#1973 = DEFINITIONAL_REPRESENTATION('',(#1974),#1977);
#1974 = B_SPLINE_CURVE_WITH_KNOTS('',1,(#1975,#1976),.UNSPECIFIED.,.F.,
  .F.,(2,2),(51.5,58.5),.PIECEWISE_BEZIER_KNOTS.);
#1975 = CARTESIAN_POINT('',(0.,10.));
#1976 = CARTESIAN_POINT('',(7.,10.));
#1977 = ( GEOMETRIC_REPRESENTATION_CONTEXT(2) 
PARAMETRIC_REPRESENTATION_CONTEXT() REPRESENTATION_CONTEXT('2D SPACE',''
  ) );
#1978 = PCURVE('',#506,#1979);
#1979 = DEFINITIONAL_REPRESENTATION('',(#1980),#1984);
#1980 = LINE('',#1981,#1982);
#1981 = CARTESIAN_POINT('',(51.5,-116.));
#1982 = VECTOR('',#1983,1.);
#1983 = DIRECTION('',(1.,0.));
#1984 = ( GEOMETRIC_REPRESENTATION_CONTEXT(2) 
PARAMETRIC_REPRESENTATION_CONTEXT() REPRESENTATION_CONTEXT('2D SPACE',''
  ) );
#1985 = ORIENTED_EDGE('',*,*,#700,.T.);
#1986 = ORIENTED_EDGE('',*,*,#1891,.T.);
#1987 = ORIENTED_EDGE('',*,*,#1988,.T.);
#1988 = EDGE_CURVE('',#1864,#1989,#1991,.T.);
#1989 = VERTEX_POINT('',#1990);
#1990 = CARTESIAN_POINT('',(160.,41.,78.));
#1991 = SURFACE_CURVE('',#1992,(#1996,#2003),.PCURVE_S1.);
#1992 = LINE('',#1993,#1994);
#1993 = CARTESIAN_POINT('',(140.,41.,78.));
#1994 = VECTOR('',#1995,1.);
#1995 = DIRECTION('',(1.,0.,0.));
#1996 = PCURVE('',#715,#1997);
#1997 = DEFINITIONAL_REPRESENTATION('',(#1998),#2002);
#1998 = LINE('',#1999,#2000);
#1999 = CARTESIAN_POINT('',(30.,0.));
#2000 = VECTOR('',#2001,1.);
#2001 = DIRECTION('',(0.,1.));
#2002 = ( GEOMETRIC_REPRESENTATION_CONTEXT(2) 
PARAMETRIC_REPRESENTATION_CONTEXT() REPRESENTATION_CONTEXT('2D SPACE',''
  ) );
#2003 = PCURVE('',#1879,#2004);
#2004 = DEFINITIONAL_REPRESENTATION('',(#2005),#2009);
#2005 = LINE('',#2006,#2007);
#2006 = CARTESIAN_POINT('',(0.,0.));
#2007 = VECTOR('',#2008,1.);
#2008 = DIRECTION('',(1.,0.));
#2009 = ( GEOMETRIC_REPRESENTATION_CONTEXT(2) 
PARAMETRIC_REPRESENTATION_CONTEXT() REPRESENTATION_CONTEXT('2D SPACE',''
  ) );
#2010 = ORIENTED_EDGE('',*,*,#2011,.F.);
#2011 = EDGE_CURVE('',#1939,#1989,#2012,.T.);
#2012 = SURFACE_CURVE('',#2013,(#2017,#2024),.PCURVE_S1.);
#2013 = LINE('',#2014,#2015);
#2014 = CARTESIAN_POINT('',(160.,41.,48.));
#2015 = VECTOR('',#2016,1.);
#2016 = DIRECTION('',(0.,0.,1.));
#2017 = PCURVE('',#715,#2018);
#2018 = DEFINITIONAL_REPRESENTATION('',(#2019),#2023);
#2019 = LINE('',#2020,#2021);
#2020 = CARTESIAN_POINT('',(0.,20.));
#2021 = VECTOR('',#2022,1.);
#2022 = DIRECTION('',(1.,0.));
#2023 = ( GEOMETRIC_REPRESENTATION_CONTEXT(2) 
PARAMETRIC_REPRESENTATION_CONTEXT() REPRESENTATION_CONTEXT('2D SPACE',''
  ) );
#2024 = PCURVE('',#2025,#2030);
#2025 = PLANE('',#2026);
#2026 = AXIS2_PLACEMENT_3D('',#2027,#2028,#2029);
#2027 = CARTESIAN_POINT('',(160.,41.,48.));
#2028 = DIRECTION('',(1.,0.,0.));
#2029 = DIRECTION('',(0.,0.,1.));
#2030 = DEFINITIONAL_REPRESENTATION('',(#2031),#2035);
#2031 = LINE('',#2032,#2033);
#2032 = CARTESIAN_POINT('',(0.,0.));
#2033 = VECTOR('',#2034,1.);
#2034 = DIRECTION('',(1.,0.));
#2035 = ( GEOMETRIC_REPRESENTATION_CONTEXT(2) 
PARAMETRIC_REPRESENTATION_CONTEXT() REPRESENTATION_CONTEXT('2D SPACE',''
  ) );
#2036 = ADVANCED_FACE('',(#2037,#2424),#506,.T.);
#2037 = FACE_BOUND('',#2038,.T.);
#2038 = EDGE_LOOP('',(#2039,#2040,#2063,#2085,#2112,#2140,#2163,#2186,
    #2209,#2229,#2230,#2252,#2279,#2299,#2300,#2301,#2323,#2350,#2377,
    #2404));
#2039 = ORIENTED_EDGE('',*,*,#490,.F.);
#2040 = ORIENTED_EDGE('',*,*,#2041,.F.);
#2041 = EDGE_CURVE('',#2042,#463,#2044,.T.);
#2042 = VERTEX_POINT('',#2043);
#2043 = CARTESIAN_POINT('',(150.,-75.,54.219544457293));
#2044 = SURFACE_CURVE('',#2045,(#2049,#2056),.PCURVE_S1.);
#2045 = LINE('',#2046,#2047);
#2046 = CARTESIAN_POINT('',(150.,-75.,49.));
#2047 = VECTOR('',#2048,1.);
#2048 = DIRECTION('',(0.,0.,1.));
#2049 = PCURVE('',#506,#2050);
#2050 = DEFINITIONAL_REPRESENTATION('',(#2051),#2055);
#2051 = LINE('',#2052,#2053);
#2052 = CARTESIAN_POINT('',(104.,0.));
#2053 = VECTOR('',#2054,1.);
#2054 = DIRECTION('',(1.,0.));
#2055 = ( GEOMETRIC_REPRESENTATION_CONTEXT(2) 
PARAMETRIC_REPRESENTATION_CONTEXT() REPRESENTATION_CONTEXT('2D SPACE',''
  ) );
#2056 = PCURVE('',#478,#2057);
#2057 = DEFINITIONAL_REPRESENTATION('',(#2058),#2062);
#2058 = LINE('',#2059,#2060);
#2059 = CARTESIAN_POINT('',(104.,150.));
#2060 = VECTOR('',#2061,1.);
#2061 = DIRECTION('',(1.,0.));
#2062 = ( GEOMETRIC_REPRESENTATION_CONTEXT(2) 
PARAMETRIC_REPRESENTATION_CONTEXT() REPRESENTATION_CONTEXT('2D SPACE',''
  ) );
#2063 = ORIENTED_EDGE('',*,*,#2064,.T.);
#2064 = EDGE_CURVE('',#2042,#2065,#2067,.T.);
#2065 = VERTEX_POINT('',#2066);
#2066 = CARTESIAN_POINT('',(150.,-70.,54.219544457293));
#2067 = SURFACE_CURVE('',#2068,(#2072,#2079),.PCURVE_S1.);
#2068 = LINE('',#2069,#2070);
#2069 = CARTESIAN_POINT('',(150.,-70.,54.219544457293));
#2070 = VECTOR('',#2071,1.);
#2071 = DIRECTION('',(0.,1.,0.));
#2072 = PCURVE('',#506,#2073);
#2073 = DEFINITIONAL_REPRESENTATION('',(#2074),#2078);
#2074 = LINE('',#2075,#2076);
#2075 = CARTESIAN_POINT('',(109.21954445729,-5.));
#2076 = VECTOR('',#2077,1.);
#2077 = DIRECTION('',(0.,-1.));
#2078 = ( GEOMETRIC_REPRESENTATION_CONTEXT(2) 
PARAMETRIC_REPRESENTATION_CONTEXT() REPRESENTATION_CONTEXT('2D SPACE',''
  ) );
#2079 = PCURVE('',#404,#2080);
#2080 = DEFINITIONAL_REPRESENTATION('',(#2081),#2084);
#2081 = B_SPLINE_CURVE_WITH_KNOTS('',1,(#2082,#2083),.UNSPECIFIED.,.F.,
  .F.,(2,2),(-12.0000006,6.000000070117E-07),.PIECEWISE_BEZIER_KNOTS.);
#2082 = CARTESIAN_POINT('',(-2.564661308353,-12.0000006));
#2083 = CARTESIAN_POINT('',(-2.564661308353,6.000000070117E-07));
#2084 = ( GEOMETRIC_REPRESENTATION_CONTEXT(2) 
PARAMETRIC_REPRESENTATION_CONTEXT() REPRESENTATION_CONTEXT('2D SPACE',''
  ) );
#2085 = ORIENTED_EDGE('',*,*,#2086,.T.);
#2086 = EDGE_CURVE('',#2065,#2087,#2089,.T.);
#2087 = VERTEX_POINT('',#2088);
#2088 = CARTESIAN_POINT('',(150.,-70.,49.));
#2089 = SURFACE_CURVE('',#2090,(#2094,#2101),.PCURVE_S1.);
#2090 = LINE('',#2091,#2092);
#2091 = CARTESIAN_POINT('',(150.,-70.,-5.));
#2092 = VECTOR('',#2093,1.);
#2093 = DIRECTION('',(0.,-0.,-1.));
#2094 = PCURVE('',#506,#2095);
#2095 = DEFINITIONAL_REPRESENTATION('',(#2096),#2100);
#2096 = LINE('',#2097,#2098);
#2097 = CARTESIAN_POINT('',(50.,-5.));
#2098 = VECTOR('',#2099,1.);
#2099 = DIRECTION('',(-1.,0.));
#2100 = ( GEOMETRIC_REPRESENTATION_CONTEXT(2) 
PARAMETRIC_REPRESENTATION_CONTEXT() REPRESENTATION_CONTEXT('2D SPACE',''
  ) );
#2101 = PCURVE('',#2102,#2107);
#2102 = PLANE('',#2103);
#2103 = AXIS2_PLACEMENT_3D('',#2104,#2105,#2106);
#2104 = CARTESIAN_POINT('',(144.,-70.,45.));
#2105 = DIRECTION('',(-0.,-1.,0.));
#2106 = DIRECTION('',(-1.,0.,-1.110223024625E-16));
#2107 = DEFINITIONAL_REPRESENTATION('',(#2108),#2111);
#2108 = B_SPLINE_CURVE_WITH_KNOTS('',1,(#2109,#2110),.UNSPECIFIED.,.F.,
  .F.,(2,2),(-60.,-39.),.PIECEWISE_BEZIER_KNOTS.);
#2109 = CARTESIAN_POINT('',(-6.,-10.));
#2110 = CARTESIAN_POINT('',(-6.,11.));
#2111 = ( GEOMETRIC_REPRESENTATION_CONTEXT(2) 
PARAMETRIC_REPRESENTATION_CONTEXT() REPRESENTATION_CONTEXT('2D SPACE',''
  ) );
#2112 = ORIENTED_EDGE('',*,*,#2113,.T.);
#2113 = EDGE_CURVE('',#2087,#2114,#2116,.T.);
#2114 = VERTEX_POINT('',#2115);
#2115 = CARTESIAN_POINT('',(150.,-67.,49.));
#2116 = SURFACE_CURVE('',#2117,(#2121,#2128),.PCURVE_S1.);
#2117 = LINE('',#2118,#2119);
#2118 = CARTESIAN_POINT('',(150.,-75.,49.));
#2119 = VECTOR('',#2120,1.);
#2120 = DIRECTION('',(0.,1.,0.));
#2121 = PCURVE('',#506,#2122);
#2122 = DEFINITIONAL_REPRESENTATION('',(#2123),#2127);
#2123 = LINE('',#2124,#2125);
#2124 = CARTESIAN_POINT('',(104.,0.));
#2125 = VECTOR('',#2126,1.);
#2126 = DIRECTION('',(0.,-1.));
#2127 = ( GEOMETRIC_REPRESENTATION_CONTEXT(2) 
PARAMETRIC_REPRESENTATION_CONTEXT() REPRESENTATION_CONTEXT('2D SPACE',''
  ) );
#2128 = PCURVE('',#2129,#2134);
#2129 = PLANE('',#2130);
#2130 = AXIS2_PLACEMENT_3D('',#2131,#2132,#2133);
#2131 = CARTESIAN_POINT('',(0.,-75.,49.));
#2132 = DIRECTION('',(0.,0.,1.));
#2133 = DIRECTION('',(1.,0.,0.));
#2134 = DEFINITIONAL_REPRESENTATION('',(#2135),#2139);
#2135 = LINE('',#2136,#2137);
#2136 = CARTESIAN_POINT('',(150.,0.));
#2137 = VECTOR('',#2138,1.);
#2138 = DIRECTION('',(0.,1.));
#2139 = ( GEOMETRIC_REPRESENTATION_CONTEXT(2) 
PARAMETRIC_REPRESENTATION_CONTEXT() REPRESENTATION_CONTEXT('2D SPACE',''
  ) );
#2140 = ORIENTED_EDGE('',*,*,#2141,.F.);
#2141 = EDGE_CURVE('',#2142,#2114,#2144,.T.);
#2142 = VERTEX_POINT('',#2143);
#2143 = CARTESIAN_POINT('',(150.,-67.,-55.));
#2144 = SURFACE_CURVE('',#2145,(#2149,#2156),.PCURVE_S1.);
#2145 = LINE('',#2146,#2147);
#2146 = CARTESIAN_POINT('',(150.,-67.,-55.));
#2147 = VECTOR('',#2148,1.);
#2148 = DIRECTION('',(0.,0.,1.));
#2149 = PCURVE('',#506,#2150);
#2150 = DEFINITIONAL_REPRESENTATION('',(#2151),#2155);
#2151 = LINE('',#2152,#2153);
#2152 = CARTESIAN_POINT('',(0.,-8.));
#2153 = VECTOR('',#2154,1.);
#2154 = DIRECTION('',(1.,0.));
#2155 = ( GEOMETRIC_REPRESENTATION_CONTEXT(2) 
PARAMETRIC_REPRESENTATION_CONTEXT() REPRESENTATION_CONTEXT('2D SPACE',''
  ) );
#2156 = PCURVE('',#1314,#2157);
#2157 = DEFINITIONAL_REPRESENTATION('',(#2158),#2162);
#2158 = LINE('',#2159,#2160);
#2159 = CARTESIAN_POINT('',(-0.,0.));
#2160 = VECTOR('',#2161,1.);
#2161 = DIRECTION('',(-0.,1.));
#2162 = ( GEOMETRIC_REPRESENTATION_CONTEXT(2) 
PARAMETRIC_REPRESENTATION_CONTEXT() REPRESENTATION_CONTEXT('2D SPACE',''
  ) );
#2163 = ORIENTED_EDGE('',*,*,#2164,.T.);
#2164 = EDGE_CURVE('',#2142,#2165,#2167,.T.);
#2165 = VERTEX_POINT('',#2166);
#2166 = CARTESIAN_POINT('',(150.,67.,-55.));
#2167 = SURFACE_CURVE('',#2168,(#2172,#2179),.PCURVE_S1.);
#2168 = LINE('',#2169,#2170);
#2169 = CARTESIAN_POINT('',(150.,-75.,-55.));
#2170 = VECTOR('',#2171,1.);
#2171 = DIRECTION('',(0.,1.,0.));
#2172 = PCURVE('',#506,#2173);
#2173 = DEFINITIONAL_REPRESENTATION('',(#2174),#2178);
#2174 = LINE('',#2175,#2176);
#2175 = CARTESIAN_POINT('',(0.,0.));
#2176 = VECTOR('',#2177,1.);
#2177 = DIRECTION('',(0.,-1.));
#2178 = ( GEOMETRIC_REPRESENTATION_CONTEXT(2) 
PARAMETRIC_REPRESENTATION_CONTEXT() REPRESENTATION_CONTEXT('2D SPACE',''
  ) );
#2179 = PCURVE('',#212,#2180);
#2180 = DEFINITIONAL_REPRESENTATION('',(#2181),#2185);
#2181 = LINE('',#2182,#2183);
#2182 = CARTESIAN_POINT('',(150.,0.));
#2183 = VECTOR('',#2184,1.);
#2184 = DIRECTION('',(0.,1.));
#2185 = ( GEOMETRIC_REPRESENTATION_CONTEXT(2) 
PARAMETRIC_REPRESENTATION_CONTEXT() REPRESENTATION_CONTEXT('2D SPACE',''
  ) );
#2186 = ORIENTED_EDGE('',*,*,#2187,.T.);
#2187 = EDGE_CURVE('',#2165,#2188,#2190,.T.);
#2188 = VERTEX_POINT('',#2189);
#2189 = CARTESIAN_POINT('',(150.,67.,35.780455542707));
#2190 = SURFACE_CURVE('',#2191,(#2195,#2202),.PCURVE_S1.);
#2191 = LINE('',#2192,#2193);
#2192 = CARTESIAN_POINT('',(150.,67.,-55.));
#2193 = VECTOR('',#2194,1.);
#2194 = DIRECTION('',(0.,0.,1.));
#2195 = PCURVE('',#506,#2196);
#2196 = DEFINITIONAL_REPRESENTATION('',(#2197),#2201);
#2197 = LINE('',#2198,#2199);
#2198 = CARTESIAN_POINT('',(0.,-142.));
#2199 = VECTOR('',#2200,1.);
#2200 = DIRECTION('',(1.,0.));
#2201 = ( GEOMETRIC_REPRESENTATION_CONTEXT(2) 
PARAMETRIC_REPRESENTATION_CONTEXT() REPRESENTATION_CONTEXT('2D SPACE',''
  ) );
#2202 = PCURVE('',#1073,#2203);
#2203 = DEFINITIONAL_REPRESENTATION('',(#2204),#2208);
#2204 = LINE('',#2205,#2206);
#2205 = CARTESIAN_POINT('',(0.,0.));
#2206 = VECTOR('',#2207,1.);
#2207 = DIRECTION('',(0.,1.));
#2208 = ( GEOMETRIC_REPRESENTATION_CONTEXT(2) 
PARAMETRIC_REPRESENTATION_CONTEXT() REPRESENTATION_CONTEXT('2D SPACE',''
  ) );
#2209 = ORIENTED_EDGE('',*,*,#2210,.F.);
#2210 = EDGE_CURVE('',#1506,#2188,#2211,.T.);
#2211 = SURFACE_CURVE('',#2212,(#2216,#2223),.PCURVE_S1.);
#2212 = LINE('',#2213,#2214);
#2213 = CARTESIAN_POINT('',(150.,70.,35.780455542707));
#2214 = VECTOR('',#2215,1.);
#2215 = DIRECTION('',(0.,1.,0.));
#2216 = PCURVE('',#506,#2217);
#2217 = DEFINITIONAL_REPRESENTATION('',(#2218),#2222);
#2218 = LINE('',#2219,#2220);
#2219 = CARTESIAN_POINT('',(90.780455542707,-145.));
#2220 = VECTOR('',#2221,1.);
#2221 = DIRECTION('',(0.,-1.));
#2222 = ( GEOMETRIC_REPRESENTATION_CONTEXT(2) 
PARAMETRIC_REPRESENTATION_CONTEXT() REPRESENTATION_CONTEXT('2D SPACE',''
  ) );
#2223 = PCURVE('',#1413,#2224);
#2224 = DEFINITIONAL_REPRESENTATION('',(#2225),#2228);
#2225 = B_SPLINE_CURVE_WITH_KNOTS('',1,(#2226,#2227),.UNSPECIFIED.,.F.,
  .F.,(2,2),(-12.0000006,6.000000070117E-07),.PIECEWISE_BEZIER_KNOTS.);
#2226 = CARTESIAN_POINT('',(-0.576931345236,-12.0000006));
#2227 = CARTESIAN_POINT('',(-0.576931345236,6.000000070117E-07));
#2228 = ( GEOMETRIC_REPRESENTATION_CONTEXT(2) 
PARAMETRIC_REPRESENTATION_CONTEXT() REPRESENTATION_CONTEXT('2D SPACE',''
  ) );
#2229 = ORIENTED_EDGE('',*,*,#1505,.F.);
#2230 = ORIENTED_EDGE('',*,*,#2231,.T.);
#2231 = EDGE_CURVE('',#1476,#2232,#2234,.T.);
#2232 = VERTEX_POINT('',#2233);
#2233 = CARTESIAN_POINT('',(150.,47.,25.));
#2234 = SURFACE_CURVE('',#2235,(#2239,#2246),.PCURVE_S1.);
#2235 = LINE('',#2236,#2237);
#2236 = CARTESIAN_POINT('',(150.,-20.5,25.));
#2237 = VECTOR('',#2238,1.);
#2238 = DIRECTION('',(0.,-1.,0.));
#2239 = PCURVE('',#506,#2240);
#2240 = DEFINITIONAL_REPRESENTATION('',(#2241),#2245);
#2241 = LINE('',#2242,#2243);
#2242 = CARTESIAN_POINT('',(80.,-54.5));
#2243 = VECTOR('',#2244,1.);
#2244 = DIRECTION('',(0.,1.));
#2245 = ( GEOMETRIC_REPRESENTATION_CONTEXT(2) 
PARAMETRIC_REPRESENTATION_CONTEXT() REPRESENTATION_CONTEXT('2D SPACE',''
  ) );
#2246 = PCURVE('',#1493,#2247);
#2247 = DEFINITIONAL_REPRESENTATION('',(#2248),#2251);
#2248 = B_SPLINE_CURVE_WITH_KNOTS('',1,(#2249,#2250),.UNSPECIFIED.,.F.,
  .F.,(2,2),(-84.5,-67.5),.PIECEWISE_BEZIER_KNOTS.);
#2249 = CARTESIAN_POINT('',(20.,30.));
#2250 = CARTESIAN_POINT('',(20.,13.));
#2251 = ( GEOMETRIC_REPRESENTATION_CONTEXT(2) 
PARAMETRIC_REPRESENTATION_CONTEXT() REPRESENTATION_CONTEXT('2D SPACE',''
  ) );
#2252 = ORIENTED_EDGE('',*,*,#2253,.T.);
#2253 = EDGE_CURVE('',#2232,#2254,#2256,.T.);
#2254 = VERTEX_POINT('',#2255);
#2255 = CARTESIAN_POINT('',(150.,47.,48.));
#2256 = SURFACE_CURVE('',#2257,(#2261,#2268),.PCURVE_S1.);
#2257 = LINE('',#2258,#2259);
#2258 = CARTESIAN_POINT('',(150.,47.,-15.5));
#2259 = VECTOR('',#2260,1.);
#2260 = DIRECTION('',(0.,0.,1.));
#2261 = PCURVE('',#506,#2262);
#2262 = DEFINITIONAL_REPRESENTATION('',(#2263),#2267);
#2263 = LINE('',#2264,#2265);
#2264 = CARTESIAN_POINT('',(39.5,-122.));
#2265 = VECTOR('',#2266,1.);
#2266 = DIRECTION('',(1.,0.));
#2267 = ( GEOMETRIC_REPRESENTATION_CONTEXT(2) 
PARAMETRIC_REPRESENTATION_CONTEXT() REPRESENTATION_CONTEXT('2D SPACE',''
  ) );
#2268 = PCURVE('',#2269,#2274);
#2269 = PLANE('',#2270);
#2270 = AXIS2_PLACEMENT_3D('',#2271,#2272,#2273);
#2271 = CARTESIAN_POINT('',(123.,47.,24.));
#2272 = DIRECTION('',(0.,1.,0.));
#2273 = DIRECTION('',(0.,0.,1.));
#2274 = DEFINITIONAL_REPRESENTATION('',(#2275),#2278);
#2275 = B_SPLINE_CURVE_WITH_KNOTS('',1,(#2276,#2277),.UNSPECIFIED.,.F.,
  .F.,(2,2),(40.5,70.5),.PIECEWISE_BEZIER_KNOTS.);
#2276 = CARTESIAN_POINT('',(1.,27.));
#2277 = CARTESIAN_POINT('',(31.,27.));
#2278 = ( GEOMETRIC_REPRESENTATION_CONTEXT(2) 
PARAMETRIC_REPRESENTATION_CONTEXT() REPRESENTATION_CONTEXT('2D SPACE',''
  ) );
#2279 = ORIENTED_EDGE('',*,*,#2280,.T.);
#2280 = EDGE_CURVE('',#2254,#1937,#2281,.T.);
#2281 = SURFACE_CURVE('',#2282,(#2286,#2293),.PCURVE_S1.);
#2282 = LINE('',#2283,#2284);
#2283 = CARTESIAN_POINT('',(150.,-17.,48.));
#2284 = VECTOR('',#2285,1.);
#2285 = DIRECTION('',(0.,-1.,0.));
#2286 = PCURVE('',#506,#2287);
#2287 = DEFINITIONAL_REPRESENTATION('',(#2288),#2292);
#2288 = LINE('',#2289,#2290);
#2289 = CARTESIAN_POINT('',(103.,-58.));
#2290 = VECTOR('',#2291,1.);
#2291 = DIRECTION('',(0.,1.));
#2292 = ( GEOMETRIC_REPRESENTATION_CONTEXT(2) 
PARAMETRIC_REPRESENTATION_CONTEXT() REPRESENTATION_CONTEXT('2D SPACE',''
  ) );
#2293 = PCURVE('',#1954,#2294);
#2294 = DEFINITIONAL_REPRESENTATION('',(#2295),#2298);
#2295 = B_SPLINE_CURVE_WITH_KNOTS('',1,(#2296,#2297),.UNSPECIFIED.,.F.,
  .F.,(2,2),(-64.,-58.),.PIECEWISE_BEZIER_KNOTS.);
#2296 = CARTESIAN_POINT('',(10.,6.));
#2297 = CARTESIAN_POINT('',(10.,0.));
#2298 = ( GEOMETRIC_REPRESENTATION_CONTEXT(2) 
PARAMETRIC_REPRESENTATION_CONTEXT() REPRESENTATION_CONTEXT('2D SPACE',''
  ) );
#2299 = ORIENTED_EDGE('',*,*,#1966,.T.);
#2300 = ORIENTED_EDGE('',*,*,#677,.F.);
#2301 = ORIENTED_EDGE('',*,*,#2302,.F.);
#2302 = EDGE_CURVE('',#2303,#652,#2305,.T.);
#2303 = VERTEX_POINT('',#2304);
#2304 = CARTESIAN_POINT('',(150.,-41.,48.));
#2305 = SURFACE_CURVE('',#2306,(#2310,#2317),.PCURVE_S1.);
#2306 = LINE('',#2307,#2308);
#2307 = CARTESIAN_POINT('',(150.,-41.,-3.5));
#2308 = VECTOR('',#2309,1.);
#2309 = DIRECTION('',(0.,0.,1.));
#2310 = PCURVE('',#506,#2311);
#2311 = DEFINITIONAL_REPRESENTATION('',(#2312),#2316);
#2312 = LINE('',#2313,#2314);
#2313 = CARTESIAN_POINT('',(51.5,-34.));
#2314 = VECTOR('',#2315,1.);
#2315 = DIRECTION('',(1.,0.));
#2316 = ( GEOMETRIC_REPRESENTATION_CONTEXT(2) 
PARAMETRIC_REPRESENTATION_CONTEXT() REPRESENTATION_CONTEXT('2D SPACE',''
  ) );
#2317 = PCURVE('',#666,#2318);
#2318 = DEFINITIONAL_REPRESENTATION('',(#2319),#2322);
#2319 = B_SPLINE_CURVE_WITH_KNOTS('',1,(#2320,#2321),.UNSPECIFIED.,.F.,
  .F.,(2,2),(51.5,58.5),.PIECEWISE_BEZIER_KNOTS.);
#2320 = CARTESIAN_POINT('',(0.,10.));
#2321 = CARTESIAN_POINT('',(7.,10.));
#2322 = ( GEOMETRIC_REPRESENTATION_CONTEXT(2) 
PARAMETRIC_REPRESENTATION_CONTEXT() REPRESENTATION_CONTEXT('2D SPACE',''
  ) );
#2323 = ORIENTED_EDGE('',*,*,#2324,.T.);
#2324 = EDGE_CURVE('',#2303,#2325,#2327,.T.);
#2325 = VERTEX_POINT('',#2326);
#2326 = CARTESIAN_POINT('',(150.,-47.,48.));
#2327 = SURFACE_CURVE('',#2328,(#2332,#2339),.PCURVE_S1.);
#2328 = LINE('',#2329,#2330);
#2329 = CARTESIAN_POINT('',(150.,-66.,48.));
#2330 = VECTOR('',#2331,1.);
#2331 = DIRECTION('',(0.,-1.,0.));
#2332 = PCURVE('',#506,#2333);
#2333 = DEFINITIONAL_REPRESENTATION('',(#2334),#2338);
#2334 = LINE('',#2335,#2336);
#2335 = CARTESIAN_POINT('',(103.,-9.));
#2336 = VECTOR('',#2337,1.);
#2337 = DIRECTION('',(0.,1.));
#2338 = ( GEOMETRIC_REPRESENTATION_CONTEXT(2) 
PARAMETRIC_REPRESENTATION_CONTEXT() REPRESENTATION_CONTEXT('2D SPACE',''
  ) );
#2339 = PCURVE('',#2340,#2345);
#2340 = PLANE('',#2341);
#2341 = AXIS2_PLACEMENT_3D('',#2342,#2343,#2344);
#2342 = CARTESIAN_POINT('',(140.,-57.,48.));
#2343 = DIRECTION('',(0.,0.,1.));
#2344 = DIRECTION('',(1.,0.,0.));
#2345 = DEFINITIONAL_REPRESENTATION('',(#2346),#2349);
#2346 = B_SPLINE_CURVE_WITH_KNOTS('',1,(#2347,#2348),.UNSPECIFIED.,.F.,
  .F.,(2,2),(-25.,-19.),.PIECEWISE_BEZIER_KNOTS.);
#2347 = CARTESIAN_POINT('',(10.,16.));
#2348 = CARTESIAN_POINT('',(10.,10.));
#2349 = ( GEOMETRIC_REPRESENTATION_CONTEXT(2) 
PARAMETRIC_REPRESENTATION_CONTEXT() REPRESENTATION_CONTEXT('2D SPACE',''
  ) );
#2350 = ORIENTED_EDGE('',*,*,#2351,.F.);
#2351 = EDGE_CURVE('',#2352,#2325,#2354,.T.);
#2352 = VERTEX_POINT('',#2353);
#2353 = CARTESIAN_POINT('',(150.,-47.,25.));
#2354 = SURFACE_CURVE('',#2355,(#2359,#2366),.PCURVE_S1.);
#2355 = LINE('',#2356,#2357);
#2356 = CARTESIAN_POINT('',(150.,-47.,-15.5));
#2357 = VECTOR('',#2358,1.);
#2358 = DIRECTION('',(0.,0.,1.));
#2359 = PCURVE('',#506,#2360);
#2360 = DEFINITIONAL_REPRESENTATION('',(#2361),#2365);
#2361 = LINE('',#2362,#2363);
#2362 = CARTESIAN_POINT('',(39.5,-28.));
#2363 = VECTOR('',#2364,1.);
#2364 = DIRECTION('',(1.,0.));
#2365 = ( GEOMETRIC_REPRESENTATION_CONTEXT(2) 
PARAMETRIC_REPRESENTATION_CONTEXT() REPRESENTATION_CONTEXT('2D SPACE',''
  ) );
#2366 = PCURVE('',#2367,#2372);
#2367 = PLANE('',#2368);
#2368 = AXIS2_PLACEMENT_3D('',#2369,#2370,#2371);
#2369 = CARTESIAN_POINT('',(123.,-47.,24.));
#2370 = DIRECTION('',(0.,1.,0.));
#2371 = DIRECTION('',(0.,0.,1.));
#2372 = DEFINITIONAL_REPRESENTATION('',(#2373),#2376);
#2373 = B_SPLINE_CURVE_WITH_KNOTS('',1,(#2374,#2375),.UNSPECIFIED.,.F.,
  .F.,(2,2),(40.5,70.5),.PIECEWISE_BEZIER_KNOTS.);
#2374 = CARTESIAN_POINT('',(1.,27.));
#2375 = CARTESIAN_POINT('',(31.,27.));
#2376 = ( GEOMETRIC_REPRESENTATION_CONTEXT(2) 
PARAMETRIC_REPRESENTATION_CONTEXT() REPRESENTATION_CONTEXT('2D SPACE',''
  ) );
#2377 = ORIENTED_EDGE('',*,*,#2378,.T.);
#2378 = EDGE_CURVE('',#2352,#2379,#2381,.T.);
#2379 = VERTEX_POINT('',#2380);
#2380 = CARTESIAN_POINT('',(150.,-64.,25.));
#2381 = SURFACE_CURVE('',#2382,(#2386,#2393),.PCURVE_S1.);
#2382 = LINE('',#2383,#2384);
#2383 = CARTESIAN_POINT('',(150.,-69.5,25.));
#2384 = VECTOR('',#2385,1.);
#2385 = DIRECTION('',(0.,-1.,0.));
#2386 = PCURVE('',#506,#2387);
#2387 = DEFINITIONAL_REPRESENTATION('',(#2388),#2392);
#2388 = LINE('',#2389,#2390);
#2389 = CARTESIAN_POINT('',(80.,-5.5));
#2390 = VECTOR('',#2391,1.);
#2391 = DIRECTION('',(0.,1.));
#2392 = ( GEOMETRIC_REPRESENTATION_CONTEXT(2) 
PARAMETRIC_REPRESENTATION_CONTEXT() REPRESENTATION_CONTEXT('2D SPACE',''
  ) );
#2393 = PCURVE('',#2394,#2399);
#2394 = PLANE('',#2395);
#2395 = AXIS2_PLACEMENT_3D('',#2396,#2397,#2398);
#2396 = CARTESIAN_POINT('',(130.,-64.,25.));
#2397 = DIRECTION('',(0.,0.,1.));
#2398 = DIRECTION('',(1.,0.,0.));
#2399 = DEFINITIONAL_REPRESENTATION('',(#2400),#2403);
#2400 = B_SPLINE_CURVE_WITH_KNOTS('',1,(#2401,#2402),.UNSPECIFIED.,.F.,
  .F.,(2,2),(-22.5,-5.5),.PIECEWISE_BEZIER_KNOTS.);
#2401 = CARTESIAN_POINT('',(20.,17.));
#2402 = CARTESIAN_POINT('',(20.,0.));
#2403 = ( GEOMETRIC_REPRESENTATION_CONTEXT(2) 
PARAMETRIC_REPRESENTATION_CONTEXT() REPRESENTATION_CONTEXT('2D SPACE',''
  ) );
#2404 = ORIENTED_EDGE('',*,*,#2405,.T.);
#2405 = EDGE_CURVE('',#2379,#491,#2406,.T.);
#2406 = SURFACE_CURVE('',#2407,(#2411,#2418),.PCURVE_S1.);
#2407 = LINE('',#2408,#2409);
#2408 = CARTESIAN_POINT('',(150.,-64.,-15.));
#2409 = VECTOR('',#2410,1.);
#2410 = DIRECTION('',(0.,0.,1.));
#2411 = PCURVE('',#506,#2412);
#2412 = DEFINITIONAL_REPRESENTATION('',(#2413),#2417);
#2413 = LINE('',#2414,#2415);
#2414 = CARTESIAN_POINT('',(40.,-11.));
#2415 = VECTOR('',#2416,1.);
#2416 = DIRECTION('',(1.,0.));
#2417 = ( GEOMETRIC_REPRESENTATION_CONTEXT(2) 
PARAMETRIC_REPRESENTATION_CONTEXT() REPRESENTATION_CONTEXT('2D SPACE',''
  ) );
#2418 = PCURVE('',#533,#2419);
#2419 = DEFINITIONAL_REPRESENTATION('',(#2420),#2423);
#2420 = B_SPLINE_CURVE_WITH_KNOTS('',1,(#2421,#2422),.UNSPECIFIED.,.F.,
  .F.,(2,2),(40.,70.),.PIECEWISE_BEZIER_KNOTS.);
#2421 = CARTESIAN_POINT('',(0.,20.));
#2422 = CARTESIAN_POINT('',(30.,20.));
#2423 = ( GEOMETRIC_REPRESENTATION_CONTEXT(2) 
PARAMETRIC_REPRESENTATION_CONTEXT() REPRESENTATION_CONTEXT('2D SPACE',''
  ) );
#2424 = FACE_BOUND('',#2425,.T.);
#2425 = EDGE_LOOP('',(#2426,#2461,#2494,#2527,#2560,#2593,#2626,#2654));
#2426 = ORIENTED_EDGE('',*,*,#2427,.T.);
#2427 = EDGE_CURVE('',#2428,#2430,#2432,.T.);
#2428 = VERTEX_POINT('',#2429);
#2429 = CARTESIAN_POINT('',(150.,23.943856257034,-11.89673885697));
#2430 = VERTEX_POINT('',#2431);
#2431 = CARTESIAN_POINT('',(150.,23.943856257034,31.896738856976));
#2432 = SURFACE_CURVE('',#2433,(#2438,#2449),.PCURVE_S1.);
#2433 = CIRCLE('',#2434,31.);
#2434 = AXIS2_PLACEMENT_3D('',#2435,#2436,#2437);
#2435 = CARTESIAN_POINT('',(150.,2.,10.));
#2436 = DIRECTION('',(-1.,0.,0.));
#2437 = DIRECTION('',(0.,1.110223024625E-16,1.));
#2438 = PCURVE('',#506,#2439);
#2439 = DEFINITIONAL_REPRESENTATION('',(#2440),#2448);
#2440 = ( BOUNDED_CURVE() B_SPLINE_CURVE(2,(#2441,#2442,#2443,#2444,
#2445,#2446,#2447),.UNSPECIFIED.,.T.,.F.) B_SPLINE_CURVE_WITH_KNOTS((1,2
    ,2,2,2,1),(-2.094395102393,0.,2.094395102393,4.188790204786,
6.28318530718,8.377580409573),.UNSPECIFIED.) CURVE() 
GEOMETRIC_REPRESENTATION_ITEM() RATIONAL_B_SPLINE_CURVE((1.,0.5,1.,0.5,
1.,0.5,1.)) REPRESENTATION_ITEM('') );
#2441 = CARTESIAN_POINT('',(96.,-77.));
#2442 = CARTESIAN_POINT('',(96.,-130.6935750346));
#2443 = CARTESIAN_POINT('',(49.5,-103.8467875173));
#2444 = CARTESIAN_POINT('',(3.,-77.));
#2445 = CARTESIAN_POINT('',(49.5,-50.15321248268));
#2446 = CARTESIAN_POINT('',(96.,-23.30642496536));
#2447 = CARTESIAN_POINT('',(96.,-77.));
#2448 = ( GEOMETRIC_REPRESENTATION_CONTEXT(2) 
PARAMETRIC_REPRESENTATION_CONTEXT() REPRESENTATION_CONTEXT('2D SPACE',''
  ) );
#2449 = PCURVE('',#2450,#2455);
#2450 = CYLINDRICAL_SURFACE('',#2451,31.);
#2451 = AXIS2_PLACEMENT_3D('',#2452,#2453,#2454);
#2452 = CARTESIAN_POINT('',(149.,2.,10.));
#2453 = DIRECTION('',(-1.,0.,-0.));
#2454 = DIRECTION('',(0.,1.110223024625E-16,1.));
#2455 = DEFINITIONAL_REPRESENTATION('',(#2456),#2460);
#2456 = LINE('',#2457,#2458);
#2457 = CARTESIAN_POINT('',(-12.56637061435,-1.));
#2458 = VECTOR('',#2459,1.);
#2459 = DIRECTION('',(1.,-0.));
#2460 = ( GEOMETRIC_REPRESENTATION_CONTEXT(2) 
PARAMETRIC_REPRESENTATION_CONTEXT() REPRESENTATION_CONTEXT('2D SPACE',''
  ) );
#2461 = ORIENTED_EDGE('',*,*,#2462,.F.);
#2462 = EDGE_CURVE('',#2463,#2430,#2465,.T.);
#2463 = VERTEX_POINT('',#2464);
#2464 = CARTESIAN_POINT('',(150.,23.134805049713,29.898182733787));
#2465 = SURFACE_CURVE('',#2466,(#2471,#2482),.PCURVE_S1.);
#2466 = CIRCLE('',#2467,1.5);
#2467 = AXIS2_PLACEMENT_3D('',#2468,#2469,#2470);
#2468 = CARTESIAN_POINT('',(150.,24.50609665441,30.50609665441));
#2469 = DIRECTION('',(-1.,0.,0.));
#2470 = DIRECTION('',(0.,1.110223024625E-16,1.));
#2471 = PCURVE('',#506,#2472);
#2472 = DEFINITIONAL_REPRESENTATION('',(#2473),#2481);
#2473 = ( BOUNDED_CURVE() B_SPLINE_CURVE(2,(#2474,#2475,#2476,#2477,
#2478,#2479,#2480),.UNSPECIFIED.,.T.,.F.) B_SPLINE_CURVE_WITH_KNOTS((1,2
    ,2,2,2,1),(-2.094395102393,0.,2.094395102393,4.188790204786,
6.28318530718,8.377580409573),.UNSPECIFIED.) CURVE() 
GEOMETRIC_REPRESENTATION_ITEM() RATIONAL_B_SPLINE_CURVE((1.,0.5,1.,0.5,
1.,0.5,1.)) REPRESENTATION_ITEM('') );
#2474 = CARTESIAN_POINT('',(87.00609665441,-99.50609665441));
#2475 = CARTESIAN_POINT('',(87.00609665441,-102.1041728657));
#2476 = CARTESIAN_POINT('',(84.75609665441,-100.80513476));
#2477 = CARTESIAN_POINT('',(82.50609665441,-99.50609665441));
#2478 = CARTESIAN_POINT('',(84.75609665441,-98.20705854873));
#2479 = CARTESIAN_POINT('',(87.00609665441,-96.90802044305));
#2480 = CARTESIAN_POINT('',(87.00609665441,-99.50609665441));
#2481 = ( GEOMETRIC_REPRESENTATION_CONTEXT(2) 
PARAMETRIC_REPRESENTATION_CONTEXT() REPRESENTATION_CONTEXT('2D SPACE',''
  ) );
#2482 = PCURVE('',#2483,#2488);
#2483 = CYLINDRICAL_SURFACE('',#2484,1.5);
#2484 = AXIS2_PLACEMENT_3D('',#2485,#2486,#2487);
#2485 = CARTESIAN_POINT('',(149.,24.50609665441,30.50609665441));
#2486 = DIRECTION('',(-1.,0.,-0.));
#2487 = DIRECTION('',(0.,1.110223024625E-16,1.));
#2488 = DEFINITIONAL_REPRESENTATION('',(#2489),#2493);
#2489 = LINE('',#2490,#2491);
#2490 = CARTESIAN_POINT('',(-6.28318530718,-1.));
#2491 = VECTOR('',#2492,1.);
#2492 = DIRECTION('',(1.,-0.));
#2493 = ( GEOMETRIC_REPRESENTATION_CONTEXT(2) 
PARAMETRIC_REPRESENTATION_CONTEXT() REPRESENTATION_CONTEXT('2D SPACE',''
  ) );
#2494 = ORIENTED_EDGE('',*,*,#2495,.T.);
#2495 = EDGE_CURVE('',#2463,#2496,#2498,.T.);
#2496 = VERTEX_POINT('',#2497);
#2497 = CARTESIAN_POINT('',(150.,24.205195196333,29.036587106116));
#2498 = SURFACE_CURVE('',#2499,(#2504,#2515),.PCURVE_S1.);
#2499 = CIRCLE('',#2500,25.);
#2500 = AXIS2_PLACEMENT_3D('',#2501,#2502,#2503);
#2501 = CARTESIAN_POINT('',(150.,8.,10.));
#2502 = DIRECTION('',(-1.,0.,0.));
#2503 = DIRECTION('',(0.,1.110223024625E-16,1.));
#2504 = PCURVE('',#506,#2505);
#2505 = DEFINITIONAL_REPRESENTATION('',(#2506),#2514);
#2506 = ( BOUNDED_CURVE() B_SPLINE_CURVE(2,(#2507,#2508,#2509,#2510,
#2511,#2512,#2513),.UNSPECIFIED.,.T.,.F.) B_SPLINE_CURVE_WITH_KNOTS((1,2
    ,2,2,2,1),(-2.094395102393,0.,2.094395102393,4.188790204786,
6.28318530718,8.377580409573),.UNSPECIFIED.) CURVE() 
GEOMETRIC_REPRESENTATION_ITEM() RATIONAL_B_SPLINE_CURVE((1.,0.5,1.,0.5,
1.,0.5,1.)) REPRESENTATION_ITEM('') );
#2507 = CARTESIAN_POINT('',(90.,-83.));
#2508 = CARTESIAN_POINT('',(90.,-126.3012701892));
#2509 = CARTESIAN_POINT('',(52.5,-104.6506350946));
#2510 = CARTESIAN_POINT('',(15.,-83.));
#2511 = CARTESIAN_POINT('',(52.5,-61.34936490538));
#2512 = CARTESIAN_POINT('',(90.,-39.69872981077));
#2513 = CARTESIAN_POINT('',(90.,-83.));
#2514 = ( GEOMETRIC_REPRESENTATION_CONTEXT(2) 
PARAMETRIC_REPRESENTATION_CONTEXT() REPRESENTATION_CONTEXT('2D SPACE',''
  ) );
#2515 = PCURVE('',#2516,#2521);
#2516 = CYLINDRICAL_SURFACE('',#2517,25.);
#2517 = AXIS2_PLACEMENT_3D('',#2518,#2519,#2520);
#2518 = CARTESIAN_POINT('',(140.,8.,10.));
#2519 = DIRECTION('',(-1.,0.,-0.));
#2520 = DIRECTION('',(0.,1.110223024625E-16,1.));
#2521 = DEFINITIONAL_REPRESENTATION('',(#2522),#2526);
#2522 = LINE('',#2523,#2524);
#2523 = CARTESIAN_POINT('',(-6.28318530718,-10.));
#2524 = VECTOR('',#2525,1.);
#2525 = DIRECTION('',(1.,-0.));
#2526 = ( GEOMETRIC_REPRESENTATION_CONTEXT(2) 
PARAMETRIC_REPRESENTATION_CONTEXT() REPRESENTATION_CONTEXT('2D SPACE',''
  ) );
#2527 = ORIENTED_EDGE('',*,*,#2528,.F.);
#2528 = EDGE_CURVE('',#2529,#2496,#2531,.T.);
#2529 = VERTEX_POINT('',#2530);
#2530 = CARTESIAN_POINT('',(150.,25.838564600824,29.817235876184));
#2531 = SURFACE_CURVE('',#2532,(#2537,#2548),.PCURVE_S1.);
#2532 = CIRCLE('',#2533,1.5);
#2533 = AXIS2_PLACEMENT_3D('',#2534,#2535,#2536);
#2534 = CARTESIAN_POINT('',(150.,24.50609665441,30.50609665441));
#2535 = DIRECTION('',(-1.,0.,0.));
#2536 = DIRECTION('',(0.,1.110223024625E-16,1.));
#2537 = PCURVE('',#506,#2538);
#2538 = DEFINITIONAL_REPRESENTATION('',(#2539),#2547);
#2539 = ( BOUNDED_CURVE() B_SPLINE_CURVE(2,(#2540,#2541,#2542,#2543,
#2544,#2545,#2546),.UNSPECIFIED.,.T.,.F.) B_SPLINE_CURVE_WITH_KNOTS((1,2
    ,2,2,2,1),(-2.094395102393,0.,2.094395102393,4.188790204786,
6.28318530718,8.377580409573),.UNSPECIFIED.) CURVE() 
GEOMETRIC_REPRESENTATION_ITEM() RATIONAL_B_SPLINE_CURVE((1.,0.5,1.,0.5,
1.,0.5,1.)) REPRESENTATION_ITEM('') );
#2540 = CARTESIAN_POINT('',(87.00609665441,-99.50609665441));
#2541 = CARTESIAN_POINT('',(87.00609665441,-102.1041728657));
#2542 = CARTESIAN_POINT('',(84.75609665441,-100.80513476));
#2543 = CARTESIAN_POINT('',(82.50609665441,-99.50609665441));
#2544 = CARTESIAN_POINT('',(84.75609665441,-98.20705854873));
#2545 = CARTESIAN_POINT('',(87.00609665441,-96.90802044305));
#2546 = CARTESIAN_POINT('',(87.00609665441,-99.50609665441));
#2547 = ( GEOMETRIC_REPRESENTATION_CONTEXT(2) 
PARAMETRIC_REPRESENTATION_CONTEXT() REPRESENTATION_CONTEXT('2D SPACE',''
  ) );
#2548 = PCURVE('',#2549,#2554);
#2549 = CYLINDRICAL_SURFACE('',#2550,1.5);
#2550 = AXIS2_PLACEMENT_3D('',#2551,#2552,#2553);
#2551 = CARTESIAN_POINT('',(149.,24.50609665441,30.50609665441));
#2552 = DIRECTION('',(-1.,0.,-0.));
#2553 = DIRECTION('',(0.,1.110223024625E-16,1.));
#2554 = DEFINITIONAL_REPRESENTATION('',(#2555),#2559);
#2555 = LINE('',#2556,#2557);
#2556 = CARTESIAN_POINT('',(-6.28318530718,-1.));
#2557 = VECTOR('',#2558,1.);
#2558 = DIRECTION('',(1.,-0.));
#2559 = ( GEOMETRIC_REPRESENTATION_CONTEXT(2) 
PARAMETRIC_REPRESENTATION_CONTEXT() REPRESENTATION_CONTEXT('2D SPACE',''
  ) );
#2560 = ORIENTED_EDGE('',*,*,#2561,.T.);
#2561 = EDGE_CURVE('',#2529,#2562,#2564,.T.);
#2562 = VERTEX_POINT('',#2563);
#2563 = CARTESIAN_POINT('',(150.,25.838564600824,-9.817235876184));
#2564 = SURFACE_CURVE('',#2565,(#2570,#2581),.PCURVE_S1.);
#2565 = CIRCLE('',#2566,31.);
#2566 = AXIS2_PLACEMENT_3D('',#2567,#2568,#2569);
#2567 = CARTESIAN_POINT('',(150.,2.,10.));
#2568 = DIRECTION('',(-1.,0.,0.));
#2569 = DIRECTION('',(0.,0.768985954865,0.639265673425));
#2570 = PCURVE('',#506,#2571);
#2571 = DEFINITIONAL_REPRESENTATION('',(#2572),#2580);
#2572 = ( BOUNDED_CURVE() B_SPLINE_CURVE(2,(#2573,#2574,#2575,#2576,
#2577,#2578,#2579),.UNSPECIFIED.,.T.,.F.) B_SPLINE_CURVE_WITH_KNOTS((1,2
    ,2,2,2,1),(-2.094395102393,0.,2.094395102393,4.188790204786,
6.28318530718,8.377580409573),.UNSPECIFIED.) CURVE() 
GEOMETRIC_REPRESENTATION_ITEM() RATIONAL_B_SPLINE_CURVE((1.,0.5,1.,0.5,
1.,0.5,1.)) REPRESENTATION_ITEM('') );
#2573 = CARTESIAN_POINT('',(84.817235876184,-100.8385646008));
#2574 = CARTESIAN_POINT('',(43.527630808043,-135.1630240039));
#2575 = CARTESIAN_POINT('',(34.446579527838,-82.24294740115));
#2576 = CARTESIAN_POINT('',(25.365528247632,-29.32287079835));
#2577 = CARTESIAN_POINT('',(75.736184595978,-47.91848799802));
#2578 = CARTESIAN_POINT('',(126.10684094432,-66.51410519769));
#2579 = CARTESIAN_POINT('',(84.817235876184,-100.8385646008));
#2580 = ( GEOMETRIC_REPRESENTATION_CONTEXT(2) 
PARAMETRIC_REPRESENTATION_CONTEXT() REPRESENTATION_CONTEXT('2D SPACE',''
  ) );
#2581 = PCURVE('',#2582,#2587);
#2582 = CYLINDRICAL_SURFACE('',#2583,31.);
#2583 = AXIS2_PLACEMENT_3D('',#2584,#2585,#2586);
#2584 = CARTESIAN_POINT('',(149.,2.,10.));
#2585 = DIRECTION('',(-1.,0.,-0.));
#2586 = DIRECTION('',(0.,1.110223024625E-16,1.));
#2587 = DEFINITIONAL_REPRESENTATION('',(#2588),#2592);
#2588 = LINE('',#2589,#2590);
#2589 = CARTESIAN_POINT('',(-5.405931938072,-1.));
#2590 = VECTOR('',#2591,1.);
#2591 = DIRECTION('',(1.,-0.));
#2592 = ( GEOMETRIC_REPRESENTATION_CONTEXT(2) 
PARAMETRIC_REPRESENTATION_CONTEXT() REPRESENTATION_CONTEXT('2D SPACE',''
  ) );
#2593 = ORIENTED_EDGE('',*,*,#2594,.F.);
#2594 = EDGE_CURVE('',#2595,#2562,#2597,.T.);
#2595 = VERTEX_POINT('',#2596);
#2596 = CARTESIAN_POINT('',(150.,24.205195196333,-9.036587106116));
#2597 = SURFACE_CURVE('',#2598,(#2603,#2614),.PCURVE_S1.);
#2598 = CIRCLE('',#2599,1.5);
#2599 = AXIS2_PLACEMENT_3D('',#2600,#2601,#2602);
#2600 = CARTESIAN_POINT('',(150.,24.50609665441,-10.50609665441));
#2601 = DIRECTION('',(-1.,0.,0.));
#2602 = DIRECTION('',(0.,1.110223024625E-16,1.));
#2603 = PCURVE('',#506,#2604);
#2604 = DEFINITIONAL_REPRESENTATION('',(#2605),#2613);
#2605 = ( BOUNDED_CURVE() B_SPLINE_CURVE(2,(#2606,#2607,#2608,#2609,
#2610,#2611,#2612),.UNSPECIFIED.,.T.,.F.) B_SPLINE_CURVE_WITH_KNOTS((1,2
    ,2,2,2,1),(-2.094395102393,0.,2.094395102393,4.188790204786,
6.28318530718,8.377580409573),.UNSPECIFIED.) CURVE() 
GEOMETRIC_REPRESENTATION_ITEM() RATIONAL_B_SPLINE_CURVE((1.,0.5,1.,0.5,
1.,0.5,1.)) REPRESENTATION_ITEM('') );
#2606 = CARTESIAN_POINT('',(45.99390334559,-99.50609665441));
#2607 = CARTESIAN_POINT('',(45.99390334559,-102.1041728657));
#2608 = CARTESIAN_POINT('',(43.74390334559,-100.80513476));
#2609 = CARTESIAN_POINT('',(41.49390334559,-99.50609665441));
#2610 = CARTESIAN_POINT('',(43.74390334559,-98.20705854873));
#2611 = CARTESIAN_POINT('',(45.99390334559,-96.90802044305));
#2612 = CARTESIAN_POINT('',(45.99390334559,-99.50609665441));
#2613 = ( GEOMETRIC_REPRESENTATION_CONTEXT(2) 
PARAMETRIC_REPRESENTATION_CONTEXT() REPRESENTATION_CONTEXT('2D SPACE',''
  ) );
#2614 = PCURVE('',#2615,#2620);
#2615 = CYLINDRICAL_SURFACE('',#2616,1.5);
#2616 = AXIS2_PLACEMENT_3D('',#2617,#2618,#2619);
#2617 = CARTESIAN_POINT('',(149.,24.50609665441,-10.50609665441));
#2618 = DIRECTION('',(-1.,0.,-0.));
#2619 = DIRECTION('',(0.,1.110223024625E-16,1.));
#2620 = DEFINITIONAL_REPRESENTATION('',(#2621),#2625);
#2621 = LINE('',#2622,#2623);
#2622 = CARTESIAN_POINT('',(-12.56637061435,-1.));
#2623 = VECTOR('',#2624,1.);
#2624 = DIRECTION('',(1.,-0.));
#2625 = ( GEOMETRIC_REPRESENTATION_CONTEXT(2) 
PARAMETRIC_REPRESENTATION_CONTEXT() REPRESENTATION_CONTEXT('2D SPACE',''
  ) );
#2626 = ORIENTED_EDGE('',*,*,#2627,.T.);
#2627 = EDGE_CURVE('',#2595,#2628,#2630,.T.);
#2628 = VERTEX_POINT('',#2629);
#2629 = CARTESIAN_POINT('',(150.,23.134805049712,-9.898182733787));
#2630 = SURFACE_CURVE('',#2631,(#2636,#2647),.PCURVE_S1.);
#2631 = CIRCLE('',#2632,25.);
#2632 = AXIS2_PLACEMENT_3D('',#2633,#2634,#2635);
#2633 = CARTESIAN_POINT('',(150.,8.,10.));
#2634 = DIRECTION('',(-1.,0.,0.));
#2635 = DIRECTION('',(0.,1.110223024625E-16,1.));
#2636 = PCURVE('',#506,#2637);
#2637 = DEFINITIONAL_REPRESENTATION('',(#2638),#2646);
#2638 = ( BOUNDED_CURVE() B_SPLINE_CURVE(2,(#2639,#2640,#2641,#2642,
#2643,#2644,#2645),.UNSPECIFIED.,.T.,.F.) B_SPLINE_CURVE_WITH_KNOTS((1,2
    ,2,2,2,1),(-2.094395102393,0.,2.094395102393,4.188790204786,
6.28318530718,8.377580409573),.UNSPECIFIED.) CURVE() 
GEOMETRIC_REPRESENTATION_ITEM() RATIONAL_B_SPLINE_CURVE((1.,0.5,1.,0.5,
1.,0.5,1.)) REPRESENTATION_ITEM('') );
#2639 = CARTESIAN_POINT('',(90.,-83.));
#2640 = CARTESIAN_POINT('',(90.,-126.3012701892));
#2641 = CARTESIAN_POINT('',(52.5,-104.6506350946));
#2642 = CARTESIAN_POINT('',(15.,-83.));
#2643 = CARTESIAN_POINT('',(52.5,-61.34936490538));
#2644 = CARTESIAN_POINT('',(90.,-39.69872981077));
#2645 = CARTESIAN_POINT('',(90.,-83.));
#2646 = ( GEOMETRIC_REPRESENTATION_CONTEXT(2) 
PARAMETRIC_REPRESENTATION_CONTEXT() REPRESENTATION_CONTEXT('2D SPACE',''
  ) );
#2647 = PCURVE('',#2516,#2648);
#2648 = DEFINITIONAL_REPRESENTATION('',(#2649),#2653);
#2649 = LINE('',#2650,#2651);
#2650 = CARTESIAN_POINT('',(-6.28318530718,-10.));
#2651 = VECTOR('',#2652,1.);
#2652 = DIRECTION('',(1.,-0.));
#2653 = ( GEOMETRIC_REPRESENTATION_CONTEXT(2) 
PARAMETRIC_REPRESENTATION_CONTEXT() REPRESENTATION_CONTEXT('2D SPACE',''
  ) );
#2654 = ORIENTED_EDGE('',*,*,#2655,.F.);
#2655 = EDGE_CURVE('',#2428,#2628,#2656,.T.);
#2656 = SURFACE_CURVE('',#2657,(#2662,#2673),.PCURVE_S1.);
#2657 = CIRCLE('',#2658,1.5);
#2658 = AXIS2_PLACEMENT_3D('',#2659,#2660,#2661);
#2659 = CARTESIAN_POINT('',(150.,24.50609665441,-10.50609665441));
#2660 = DIRECTION('',(-1.,0.,0.));
#2661 = DIRECTION('',(0.,1.110223024625E-16,1.));
#2662 = PCURVE('',#506,#2663);
#2663 = DEFINITIONAL_REPRESENTATION('',(#2664),#2672);
#2664 = ( BOUNDED_CURVE() B_SPLINE_CURVE(2,(#2665,#2666,#2667,#2668,
#2669,#2670,#2671),.UNSPECIFIED.,.T.,.F.) B_SPLINE_CURVE_WITH_KNOTS((1,2
    ,2,2,2,1),(-2.094395102393,0.,2.094395102393,4.188790204786,
6.28318530718,8.377580409573),.UNSPECIFIED.) CURVE() 
GEOMETRIC_REPRESENTATION_ITEM() RATIONAL_B_SPLINE_CURVE((1.,0.5,1.,0.5,
1.,0.5,1.)) REPRESENTATION_ITEM('') );
#2665 = CARTESIAN_POINT('',(45.99390334559,-99.50609665441));
#2666 = CARTESIAN_POINT('',(45.99390334559,-102.1041728657));
#2667 = CARTESIAN_POINT('',(43.74390334559,-100.80513476));
#2668 = CARTESIAN_POINT('',(41.49390334559,-99.50609665441));
#2669 = CARTESIAN_POINT('',(43.74390334559,-98.20705854873));
#2670 = CARTESIAN_POINT('',(45.99390334559,-96.90802044305));
#2671 = CARTESIAN_POINT('',(45.99390334559,-99.50609665441));
#2672 = ( GEOMETRIC_REPRESENTATION_CONTEXT(2) 
PARAMETRIC_REPRESENTATION_CONTEXT() REPRESENTATION_CONTEXT('2D SPACE',''
  ) );
#2673 = PCURVE('',#2674,#2679);
#2674 = CYLINDRICAL_SURFACE('',#2675,1.5);
#2675 = AXIS2_PLACEMENT_3D('',#2676,#2677,#2678);
#2676 = CARTESIAN_POINT('',(149.,24.50609665441,-10.50609665441));
#2677 = DIRECTION('',(-1.,0.,-0.));
#2678 = DIRECTION('',(0.,1.110223024625E-16,1.));
#2679 = DEFINITIONAL_REPRESENTATION('',(#2680),#2684);
#2680 = LINE('',#2681,#2682);
#2681 = CARTESIAN_POINT('',(-12.56637061435,-1.));
#2682 = VECTOR('',#2683,1.);
#2683 = DIRECTION('',(1.,-0.));
#2684 = ( GEOMETRIC_REPRESENTATION_CONTEXT(2) 
PARAMETRIC_REPRESENTATION_CONTEXT() REPRESENTATION_CONTEXT('2D SPACE',''
  ) );
#2685 = ADVANCED_FACE('',(#2686),#666,.T.);
#2686 = FACE_BOUND('',#2687,.T.);
#2687 = EDGE_LOOP('',(#2688,#2711,#2712,#2713,#2736,#2764));
#2688 = ORIENTED_EDGE('',*,*,#2689,.F.);
#2689 = EDGE_CURVE('',#2303,#2690,#2692,.T.);
#2690 = VERTEX_POINT('',#2691);
#2691 = CARTESIAN_POINT('',(160.,-41.,48.));
#2692 = SURFACE_CURVE('',#2693,(#2697,#2704),.PCURVE_S1.);
#2693 = LINE('',#2694,#2695);
#2694 = CARTESIAN_POINT('',(140.,-41.,48.));
#2695 = VECTOR('',#2696,1.);
#2696 = DIRECTION('',(1.,0.,0.));
#2697 = PCURVE('',#666,#2698);
#2698 = DEFINITIONAL_REPRESENTATION('',(#2699),#2703);
#2699 = LINE('',#2700,#2701);
#2700 = CARTESIAN_POINT('',(0.,0.));
#2701 = VECTOR('',#2702,1.);
#2702 = DIRECTION('',(0.,1.));
#2703 = ( GEOMETRIC_REPRESENTATION_CONTEXT(2) 
PARAMETRIC_REPRESENTATION_CONTEXT() REPRESENTATION_CONTEXT('2D SPACE',''
  ) );
#2704 = PCURVE('',#2340,#2705);
#2705 = DEFINITIONAL_REPRESENTATION('',(#2706),#2710);
#2706 = LINE('',#2707,#2708);
#2707 = CARTESIAN_POINT('',(0.,16.));
#2708 = VECTOR('',#2709,1.);
#2709 = DIRECTION('',(1.,0.));
#2710 = ( GEOMETRIC_REPRESENTATION_CONTEXT(2) 
PARAMETRIC_REPRESENTATION_CONTEXT() REPRESENTATION_CONTEXT('2D SPACE',''
  ) );
#2711 = ORIENTED_EDGE('',*,*,#2302,.T.);
#2712 = ORIENTED_EDGE('',*,*,#651,.T.);
#2713 = ORIENTED_EDGE('',*,*,#2714,.T.);
#2714 = EDGE_CURVE('',#626,#2715,#2717,.T.);
#2715 = VERTEX_POINT('',#2716);
#2716 = CARTESIAN_POINT('',(140.,-41.,78.));
#2717 = SURFACE_CURVE('',#2718,(#2722,#2729),.PCURVE_S1.);
#2718 = LINE('',#2719,#2720);
#2719 = CARTESIAN_POINT('',(140.,-41.,48.));
#2720 = VECTOR('',#2721,1.);
#2721 = DIRECTION('',(0.,0.,1.));
#2722 = PCURVE('',#666,#2723);
#2723 = DEFINITIONAL_REPRESENTATION('',(#2724),#2728);
#2724 = LINE('',#2725,#2726);
#2725 = CARTESIAN_POINT('',(0.,0.));
#2726 = VECTOR('',#2727,1.);
#2727 = DIRECTION('',(1.,0.));
#2728 = ( GEOMETRIC_REPRESENTATION_CONTEXT(2) 
PARAMETRIC_REPRESENTATION_CONTEXT() REPRESENTATION_CONTEXT('2D SPACE',''
  ) );
#2729 = PCURVE('',#640,#2730);
#2730 = DEFINITIONAL_REPRESENTATION('',(#2731),#2735);
#2731 = LINE('',#2732,#2733);
#2732 = CARTESIAN_POINT('',(0.,-16.));
#2733 = VECTOR('',#2734,1.);
#2734 = DIRECTION('',(1.,0.));
#2735 = ( GEOMETRIC_REPRESENTATION_CONTEXT(2) 
PARAMETRIC_REPRESENTATION_CONTEXT() REPRESENTATION_CONTEXT('2D SPACE',''
  ) );
#2736 = ORIENTED_EDGE('',*,*,#2737,.T.);
#2737 = EDGE_CURVE('',#2715,#2738,#2740,.T.);
#2738 = VERTEX_POINT('',#2739);
#2739 = CARTESIAN_POINT('',(160.,-41.,78.));
#2740 = SURFACE_CURVE('',#2741,(#2745,#2752),.PCURVE_S1.);
#2741 = LINE('',#2742,#2743);
#2742 = CARTESIAN_POINT('',(140.,-41.,78.));
#2743 = VECTOR('',#2744,1.);
#2744 = DIRECTION('',(1.,0.,0.));
#2745 = PCURVE('',#666,#2746);
#2746 = DEFINITIONAL_REPRESENTATION('',(#2747),#2751);
#2747 = LINE('',#2748,#2749);
#2748 = CARTESIAN_POINT('',(30.,0.));
#2749 = VECTOR('',#2750,1.);
#2750 = DIRECTION('',(0.,1.));
#2751 = ( GEOMETRIC_REPRESENTATION_CONTEXT(2) 
PARAMETRIC_REPRESENTATION_CONTEXT() REPRESENTATION_CONTEXT('2D SPACE',''
  ) );
#2752 = PCURVE('',#2753,#2758);
#2753 = PLANE('',#2754);
#2754 = AXIS2_PLACEMENT_3D('',#2755,#2756,#2757);
#2755 = CARTESIAN_POINT('',(140.,-57.,78.));
#2756 = DIRECTION('',(0.,0.,1.));
#2757 = DIRECTION('',(1.,0.,0.));
#2758 = DEFINITIONAL_REPRESENTATION('',(#2759),#2763);
#2759 = LINE('',#2760,#2761);
#2760 = CARTESIAN_POINT('',(0.,16.));
#2761 = VECTOR('',#2762,1.);
#2762 = DIRECTION('',(1.,0.));
#2763 = ( GEOMETRIC_REPRESENTATION_CONTEXT(2) 
PARAMETRIC_REPRESENTATION_CONTEXT() REPRESENTATION_CONTEXT('2D SPACE',''
  ) );
#2764 = ORIENTED_EDGE('',*,*,#2765,.F.);
#2765 = EDGE_CURVE('',#2690,#2738,#2766,.T.);
#2766 = SURFACE_CURVE('',#2767,(#2771,#2778),.PCURVE_S1.);
#2767 = LINE('',#2768,#2769);
#2768 = CARTESIAN_POINT('',(160.,-41.,48.));
#2769 = VECTOR('',#2770,1.);
#2770 = DIRECTION('',(0.,0.,1.));
#2771 = PCURVE('',#666,#2772);
#2772 = DEFINITIONAL_REPRESENTATION('',(#2773),#2777);
#2773 = LINE('',#2774,#2775);
#2774 = CARTESIAN_POINT('',(0.,20.));
#2775 = VECTOR('',#2776,1.);
#2776 = DIRECTION('',(1.,0.));
#2777 = ( GEOMETRIC_REPRESENTATION_CONTEXT(2) 
PARAMETRIC_REPRESENTATION_CONTEXT() REPRESENTATION_CONTEXT('2D SPACE',''
  ) );
#2778 = PCURVE('',#2779,#2784);
#2779 = PLANE('',#2780);
#2780 = AXIS2_PLACEMENT_3D('',#2781,#2782,#2783);
#2781 = CARTESIAN_POINT('',(160.,-57.,48.));
#2782 = DIRECTION('',(1.,0.,0.));
#2783 = DIRECTION('',(0.,0.,1.));
#2784 = DEFINITIONAL_REPRESENTATION('',(#2785),#2789);
#2785 = LINE('',#2786,#2787);
#2786 = CARTESIAN_POINT('',(0.,-16.));
#2787 = VECTOR('',#2788,1.);
#2788 = DIRECTION('',(1.,0.));
#2789 = ( GEOMETRIC_REPRESENTATION_CONTEXT(2) 
PARAMETRIC_REPRESENTATION_CONTEXT() REPRESENTATION_CONTEXT('2D SPACE',''
  ) );
#2790 = ADVANCED_FACE('',(#2791),#640,.F.);
#2791 = FACE_BOUND('',#2792,.F.);
#2792 = EDGE_LOOP('',(#2793,#2823,#2849,#2868,#2869,#2870));
#2793 = ORIENTED_EDGE('',*,*,#2794,.F.);
#2794 = EDGE_CURVE('',#2795,#2797,#2799,.T.);
#2795 = VERTEX_POINT('',#2796);
#2796 = CARTESIAN_POINT('',(140.,-57.,65.));
#2797 = VERTEX_POINT('',#2798);
#2798 = CARTESIAN_POINT('',(140.,-57.,78.));
#2799 = SURFACE_CURVE('',#2800,(#2804,#2811),.PCURVE_S1.);
#2800 = LINE('',#2801,#2802);
#2801 = CARTESIAN_POINT('',(140.,-57.,48.));
#2802 = VECTOR('',#2803,1.);
#2803 = DIRECTION('',(0.,0.,1.));
#2804 = PCURVE('',#640,#2805);
#2805 = DEFINITIONAL_REPRESENTATION('',(#2806),#2810);
#2806 = LINE('',#2807,#2808);
#2807 = CARTESIAN_POINT('',(0.,0.));
#2808 = VECTOR('',#2809,1.);
#2809 = DIRECTION('',(1.,0.));
#2810 = ( GEOMETRIC_REPRESENTATION_CONTEXT(2) 
PARAMETRIC_REPRESENTATION_CONTEXT() REPRESENTATION_CONTEXT('2D SPACE',''
  ) );
#2811 = PCURVE('',#2812,#2817);
#2812 = PLANE('',#2813);
#2813 = AXIS2_PLACEMENT_3D('',#2814,#2815,#2816);
#2814 = CARTESIAN_POINT('',(140.,-57.,48.));
#2815 = DIRECTION('',(0.,1.,0.));
#2816 = DIRECTION('',(0.,0.,1.));
#2817 = DEFINITIONAL_REPRESENTATION('',(#2818),#2822);
#2818 = LINE('',#2819,#2820);
#2819 = CARTESIAN_POINT('',(0.,0.));
#2820 = VECTOR('',#2821,1.);
#2821 = DIRECTION('',(1.,0.));
#2822 = ( GEOMETRIC_REPRESENTATION_CONTEXT(2) 
PARAMETRIC_REPRESENTATION_CONTEXT() REPRESENTATION_CONTEXT('2D SPACE',''
  ) );
#2823 = ORIENTED_EDGE('',*,*,#2824,.T.);
#2824 = EDGE_CURVE('',#2795,#2825,#2827,.T.);
#2825 = VERTEX_POINT('',#2826);
#2826 = CARTESIAN_POINT('',(140.,-47.,65.));
#2827 = SURFACE_CURVE('',#2828,(#2832,#2838),.PCURVE_S1.);
#2828 = LINE('',#2829,#2830);
#2829 = CARTESIAN_POINT('',(140.,-60.5,65.));
#2830 = VECTOR('',#2831,1.);
#2831 = DIRECTION('',(0.,1.,0.));
#2832 = PCURVE('',#640,#2833);
#2833 = DEFINITIONAL_REPRESENTATION('',(#2834),#2837);
#2834 = B_SPLINE_CURVE_WITH_KNOTS('',1,(#2835,#2836),.UNSPECIFIED.,.F.,
  .F.,(2,2),(3.5,13.5),.PIECEWISE_BEZIER_KNOTS.);
#2835 = CARTESIAN_POINT('',(17.,0.));
#2836 = CARTESIAN_POINT('',(17.,-10.));
#2837 = ( GEOMETRIC_REPRESENTATION_CONTEXT(2) 
PARAMETRIC_REPRESENTATION_CONTEXT() REPRESENTATION_CONTEXT('2D SPACE',''
  ) );
#2838 = PCURVE('',#2839,#2844);
#2839 = PLANE('',#2840);
#2840 = AXIS2_PLACEMENT_3D('',#2841,#2842,#2843);
#2841 = CARTESIAN_POINT('',(130.,-64.,65.));
#2842 = DIRECTION('',(0.,0.,1.));
#2843 = DIRECTION('',(1.,0.,0.));
#2844 = DEFINITIONAL_REPRESENTATION('',(#2845),#2848);
#2845 = B_SPLINE_CURVE_WITH_KNOTS('',1,(#2846,#2847),.UNSPECIFIED.,.F.,
  .F.,(2,2),(3.5,13.5),.PIECEWISE_BEZIER_KNOTS.);
#2846 = CARTESIAN_POINT('',(10.,7.));
#2847 = CARTESIAN_POINT('',(10.,17.));
#2848 = ( GEOMETRIC_REPRESENTATION_CONTEXT(2) 
PARAMETRIC_REPRESENTATION_CONTEXT() REPRESENTATION_CONTEXT('2D SPACE',''
  ) );
#2849 = ORIENTED_EDGE('',*,*,#2850,.T.);
#2850 = EDGE_CURVE('',#2825,#600,#2851,.T.);
#2851 = SURFACE_CURVE('',#2852,(#2856,#2862),.PCURVE_S1.);
#2852 = LINE('',#2853,#2854);
#2853 = CARTESIAN_POINT('',(140.,-47.,36.));
#2854 = VECTOR('',#2855,1.);
#2855 = DIRECTION('',(0.,0.,-1.));
#2856 = PCURVE('',#640,#2857);
#2857 = DEFINITIONAL_REPRESENTATION('',(#2858),#2861);
#2858 = B_SPLINE_CURVE_WITH_KNOTS('',1,(#2859,#2860),.UNSPECIFIED.,.F.,
  .F.,(2,2),(-29.,-12.),.PIECEWISE_BEZIER_KNOTS.);
#2859 = CARTESIAN_POINT('',(17.,-10.));
#2860 = CARTESIAN_POINT('',(0.,-10.));
#2861 = ( GEOMETRIC_REPRESENTATION_CONTEXT(2) 
PARAMETRIC_REPRESENTATION_CONTEXT() REPRESENTATION_CONTEXT('2D SPACE',''
  ) );
#2862 = PCURVE('',#614,#2863);
#2863 = DEFINITIONAL_REPRESENTATION('',(#2864),#2867);
#2864 = B_SPLINE_CURVE_WITH_KNOTS('',1,(#2865,#2866),.UNSPECIFIED.,.F.,
  .F.,(2,2),(-29.,-12.),.PIECEWISE_BEZIER_KNOTS.);
#2865 = CARTESIAN_POINT('',(41.,17.));
#2866 = CARTESIAN_POINT('',(24.,17.));
#2867 = ( GEOMETRIC_REPRESENTATION_CONTEXT(2) 
PARAMETRIC_REPRESENTATION_CONTEXT() REPRESENTATION_CONTEXT('2D SPACE',''
  ) );
#2868 = ORIENTED_EDGE('',*,*,#625,.T.);
#2869 = ORIENTED_EDGE('',*,*,#2714,.T.);
#2870 = ORIENTED_EDGE('',*,*,#2871,.F.);
#2871 = EDGE_CURVE('',#2797,#2715,#2872,.T.);
#2872 = SURFACE_CURVE('',#2873,(#2877,#2884),.PCURVE_S1.);
#2873 = LINE('',#2874,#2875);
#2874 = CARTESIAN_POINT('',(140.,-57.,78.));
#2875 = VECTOR('',#2876,1.);
#2876 = DIRECTION('',(0.,1.,0.));
#2877 = PCURVE('',#640,#2878);
#2878 = DEFINITIONAL_REPRESENTATION('',(#2879),#2883);
#2879 = LINE('',#2880,#2881);
#2880 = CARTESIAN_POINT('',(30.,0.));
#2881 = VECTOR('',#2882,1.);
#2882 = DIRECTION('',(0.,-1.));
#2883 = ( GEOMETRIC_REPRESENTATION_CONTEXT(2) 
PARAMETRIC_REPRESENTATION_CONTEXT() REPRESENTATION_CONTEXT('2D SPACE',''
  ) );
#2884 = PCURVE('',#2753,#2885);
#2885 = DEFINITIONAL_REPRESENTATION('',(#2886),#2890);
#2886 = LINE('',#2887,#2888);
#2887 = CARTESIAN_POINT('',(0.,0.));
#2888 = VECTOR('',#2889,1.);
#2889 = DIRECTION('',(0.,1.));
#2890 = ( GEOMETRIC_REPRESENTATION_CONTEXT(2) 
PARAMETRIC_REPRESENTATION_CONTEXT() REPRESENTATION_CONTEXT('2D SPACE',''
  ) );
#2891 = ADVANCED_FACE('',(#2892),#614,.T.);
#2892 = FACE_BOUND('',#2893,.T.);
#2893 = EDGE_LOOP('',(#2894,#2895,#2916,#2935));
#2894 = ORIENTED_EDGE('',*,*,#599,.T.);
#2895 = ORIENTED_EDGE('',*,*,#2896,.T.);
#2896 = EDGE_CURVE('',#574,#2897,#2899,.T.);
#2897 = VERTEX_POINT('',#2898);
#2898 = CARTESIAN_POINT('',(130.,-47.,65.));
#2899 = SURFACE_CURVE('',#2900,(#2904,#2910),.PCURVE_S1.);
#2900 = LINE('',#2901,#2902);
#2901 = CARTESIAN_POINT('',(130.,-47.,24.5));
#2902 = VECTOR('',#2903,1.);
#2903 = DIRECTION('',(0.,0.,1.));
#2904 = PCURVE('',#614,#2905);
#2905 = DEFINITIONAL_REPRESENTATION('',(#2906),#2909);
#2906 = B_SPLINE_CURVE_WITH_KNOTS('',1,(#2907,#2908),.UNSPECIFIED.,.F.,
  .F.,(2,2),(0.5,40.5),.PIECEWISE_BEZIER_KNOTS.);
#2907 = CARTESIAN_POINT('',(1.,7.));
#2908 = CARTESIAN_POINT('',(41.,7.));
#2909 = ( GEOMETRIC_REPRESENTATION_CONTEXT(2) 
PARAMETRIC_REPRESENTATION_CONTEXT() REPRESENTATION_CONTEXT('2D SPACE',''
  ) );
#2910 = PCURVE('',#588,#2911);
#2911 = DEFINITIONAL_REPRESENTATION('',(#2912),#2915);
#2912 = B_SPLINE_CURVE_WITH_KNOTS('',1,(#2913,#2914),.UNSPECIFIED.,.F.,
  .F.,(2,2),(0.5,40.5),.PIECEWISE_BEZIER_KNOTS.);
#2913 = CARTESIAN_POINT('',(0.,-17.));
#2914 = CARTESIAN_POINT('',(40.,-17.));
#2915 = ( GEOMETRIC_REPRESENTATION_CONTEXT(2) 
PARAMETRIC_REPRESENTATION_CONTEXT() REPRESENTATION_CONTEXT('2D SPACE',''
  ) );
#2916 = ORIENTED_EDGE('',*,*,#2917,.F.);
#2917 = EDGE_CURVE('',#2825,#2897,#2918,.T.);
#2918 = SURFACE_CURVE('',#2919,(#2923,#2929),.PCURVE_S1.);
#2919 = LINE('',#2920,#2921);
#2920 = CARTESIAN_POINT('',(126.5,-47.,65.));
#2921 = VECTOR('',#2922,1.);
#2922 = DIRECTION('',(-1.,0.,0.));
#2923 = PCURVE('',#614,#2924);
#2924 = DEFINITIONAL_REPRESENTATION('',(#2925),#2928);
#2925 = B_SPLINE_CURVE_WITH_KNOTS('',1,(#2926,#2927),.UNSPECIFIED.,.F.,
  .F.,(2,2),(-43.5,-3.5),.PIECEWISE_BEZIER_KNOTS.);
#2926 = CARTESIAN_POINT('',(41.,47.));
#2927 = CARTESIAN_POINT('',(41.,7.));
#2928 = ( GEOMETRIC_REPRESENTATION_CONTEXT(2) 
PARAMETRIC_REPRESENTATION_CONTEXT() REPRESENTATION_CONTEXT('2D SPACE',''
  ) );
#2929 = PCURVE('',#2839,#2930);
#2930 = DEFINITIONAL_REPRESENTATION('',(#2931),#2934);
#2931 = B_SPLINE_CURVE_WITH_KNOTS('',1,(#2932,#2933),.UNSPECIFIED.,.F.,
  .F.,(2,2),(-43.5,-3.5),.PIECEWISE_BEZIER_KNOTS.);
#2932 = CARTESIAN_POINT('',(40.,17.));
#2933 = CARTESIAN_POINT('',(0.,17.));
#2934 = ( GEOMETRIC_REPRESENTATION_CONTEXT(2) 
PARAMETRIC_REPRESENTATION_CONTEXT() REPRESENTATION_CONTEXT('2D SPACE',''
  ) );
#2935 = ORIENTED_EDGE('',*,*,#2850,.T.);
#2936 = ADVANCED_FACE('',(#2937),#588,.F.);
#2937 = FACE_BOUND('',#2938,.F.);
#2938 = EDGE_LOOP('',(#2939,#2962,#2983,#2984));
#2939 = ORIENTED_EDGE('',*,*,#2940,.F.);
#2940 = EDGE_CURVE('',#2941,#2897,#2943,.T.);
#2941 = VERTEX_POINT('',#2942);
#2942 = CARTESIAN_POINT('',(130.,-61.,65.));
#2943 = SURFACE_CURVE('',#2944,(#2948,#2955),.PCURVE_S1.);
#2944 = LINE('',#2945,#2946);
#2945 = CARTESIAN_POINT('',(130.,-64.,65.));
#2946 = VECTOR('',#2947,1.);
#2947 = DIRECTION('',(0.,1.,0.));
#2948 = PCURVE('',#588,#2949);
#2949 = DEFINITIONAL_REPRESENTATION('',(#2950),#2954);
#2950 = LINE('',#2951,#2952);
#2951 = CARTESIAN_POINT('',(40.,0.));
#2952 = VECTOR('',#2953,1.);
#2953 = DIRECTION('',(0.,-1.));
#2954 = ( GEOMETRIC_REPRESENTATION_CONTEXT(2) 
PARAMETRIC_REPRESENTATION_CONTEXT() REPRESENTATION_CONTEXT('2D SPACE',''
  ) );
#2955 = PCURVE('',#2839,#2956);
#2956 = DEFINITIONAL_REPRESENTATION('',(#2957),#2961);
#2957 = LINE('',#2958,#2959);
#2958 = CARTESIAN_POINT('',(0.,0.));
#2959 = VECTOR('',#2960,1.);
#2960 = DIRECTION('',(0.,1.));
#2961 = ( GEOMETRIC_REPRESENTATION_CONTEXT(2) 
PARAMETRIC_REPRESENTATION_CONTEXT() REPRESENTATION_CONTEXT('2D SPACE',''
  ) );
#2962 = ORIENTED_EDGE('',*,*,#2963,.F.);
#2963 = EDGE_CURVE('',#545,#2941,#2964,.T.);
#2964 = SURFACE_CURVE('',#2965,(#2969,#2976),.PCURVE_S1.);
#2965 = LINE('',#2966,#2967);
#2966 = CARTESIAN_POINT('',(130.,-61.,25.));
#2967 = VECTOR('',#2968,1.);
#2968 = DIRECTION('',(0.,0.,1.));
#2969 = PCURVE('',#588,#2970);
#2970 = DEFINITIONAL_REPRESENTATION('',(#2971),#2975);
#2971 = LINE('',#2972,#2973);
#2972 = CARTESIAN_POINT('',(0.,-3.));
#2973 = VECTOR('',#2974,1.);
#2974 = DIRECTION('',(1.,0.));
#2975 = ( GEOMETRIC_REPRESENTATION_CONTEXT(2) 
PARAMETRIC_REPRESENTATION_CONTEXT() REPRESENTATION_CONTEXT('2D SPACE',''
  ) );
#2976 = PCURVE('',#561,#2977);
#2977 = DEFINITIONAL_REPRESENTATION('',(#2978),#2982);
#2978 = LINE('',#2979,#2980);
#2979 = CARTESIAN_POINT('',(0.,0.));
#2980 = VECTOR('',#2981,1.);
#2981 = DIRECTION('',(0.,1.));
#2982 = ( GEOMETRIC_REPRESENTATION_CONTEXT(2) 
PARAMETRIC_REPRESENTATION_CONTEXT() REPRESENTATION_CONTEXT('2D SPACE',''
  ) );
#2983 = ORIENTED_EDGE('',*,*,#573,.T.);
#2984 = ORIENTED_EDGE('',*,*,#2896,.T.);
#2985 = ADVANCED_FACE('',(#2986),#561,.T.);
#2986 = FACE_BOUND('',#2987,.T.);
#2987 = EDGE_LOOP('',(#2988,#2989,#2990,#3013));
#2988 = ORIENTED_EDGE('',*,*,#2963,.F.);
#2989 = ORIENTED_EDGE('',*,*,#544,.T.);
#2990 = ORIENTED_EDGE('',*,*,#2991,.T.);
#2991 = EDGE_CURVE('',#519,#2992,#2994,.T.);
#2992 = VERTEX_POINT('',#2993);
#2993 = CARTESIAN_POINT('',(133.,-64.,65.));
#2994 = SURFACE_CURVE('',#2995,(#2999,#3006),.PCURVE_S1.);
#2995 = LINE('',#2996,#2997);
#2996 = CARTESIAN_POINT('',(133.,-64.,25.));
#2997 = VECTOR('',#2998,1.);
#2998 = DIRECTION('',(0.,0.,1.));
#2999 = PCURVE('',#561,#3000);
#3000 = DEFINITIONAL_REPRESENTATION('',(#3001),#3005);
#3001 = LINE('',#3002,#3003);
#3002 = CARTESIAN_POINT('',(1.570796326795,0.));
#3003 = VECTOR('',#3004,1.);
#3004 = DIRECTION('',(0.,1.));
#3005 = ( GEOMETRIC_REPRESENTATION_CONTEXT(2) 
PARAMETRIC_REPRESENTATION_CONTEXT() REPRESENTATION_CONTEXT('2D SPACE',''
  ) );
#3006 = PCURVE('',#533,#3007);
#3007 = DEFINITIONAL_REPRESENTATION('',(#3008),#3012);
#3008 = LINE('',#3009,#3010);
#3009 = CARTESIAN_POINT('',(0.,3.));
#3010 = VECTOR('',#3011,1.);
#3011 = DIRECTION('',(1.,0.));
#3012 = ( GEOMETRIC_REPRESENTATION_CONTEXT(2) 
PARAMETRIC_REPRESENTATION_CONTEXT() REPRESENTATION_CONTEXT('2D SPACE',''
  ) );
#3013 = ORIENTED_EDGE('',*,*,#3014,.F.);
#3014 = EDGE_CURVE('',#2941,#2992,#3015,.T.);
#3015 = SURFACE_CURVE('',#3016,(#3021,#3028),.PCURVE_S1.);
#3016 = CIRCLE('',#3017,3.);
#3017 = AXIS2_PLACEMENT_3D('',#3018,#3019,#3020);
#3018 = CARTESIAN_POINT('',(133.,-61.,65.));
#3019 = DIRECTION('',(0.,0.,1.));
#3020 = DIRECTION('',(0.,-1.,0.));
#3021 = PCURVE('',#561,#3022);
#3022 = DEFINITIONAL_REPRESENTATION('',(#3023),#3027);
#3023 = LINE('',#3024,#3025);
#3024 = CARTESIAN_POINT('',(-4.712388980385,40.));
#3025 = VECTOR('',#3026,1.);
#3026 = DIRECTION('',(1.,0.));
#3027 = ( GEOMETRIC_REPRESENTATION_CONTEXT(2) 
PARAMETRIC_REPRESENTATION_CONTEXT() REPRESENTATION_CONTEXT('2D SPACE',''
  ) );
#3028 = PCURVE('',#2839,#3029);
#3029 = DEFINITIONAL_REPRESENTATION('',(#3030),#3034);
#3030 = CIRCLE('',#3031,3.);
#3031 = AXIS2_PLACEMENT_2D('',#3032,#3033);
#3032 = CARTESIAN_POINT('',(3.,3.));
#3033 = DIRECTION('',(0.,-1.));
#3034 = ( GEOMETRIC_REPRESENTATION_CONTEXT(2) 
PARAMETRIC_REPRESENTATION_CONTEXT() REPRESENTATION_CONTEXT('2D SPACE',''
  ) );
#3035 = ADVANCED_FACE('',(#3036),#533,.F.);
#3036 = FACE_BOUND('',#3037,.F.);
#3037 = EDGE_LOOP('',(#3038,#3061,#3062,#3063,#3064,#3087));
#3038 = ORIENTED_EDGE('',*,*,#3039,.F.);
#3039 = EDGE_CURVE('',#2379,#3040,#3042,.T.);
#3040 = VERTEX_POINT('',#3041);
#3041 = CARTESIAN_POINT('',(167.,-64.,25.));
#3042 = SURFACE_CURVE('',#3043,(#3047,#3054),.PCURVE_S1.);
#3043 = LINE('',#3044,#3045);
#3044 = CARTESIAN_POINT('',(130.,-64.,25.));
#3045 = VECTOR('',#3046,1.);
#3046 = DIRECTION('',(1.,0.,0.));
#3047 = PCURVE('',#533,#3048);
#3048 = DEFINITIONAL_REPRESENTATION('',(#3049),#3053);
#3049 = LINE('',#3050,#3051);
#3050 = CARTESIAN_POINT('',(0.,0.));
#3051 = VECTOR('',#3052,1.);
#3052 = DIRECTION('',(0.,1.));
#3053 = ( GEOMETRIC_REPRESENTATION_CONTEXT(2) 
PARAMETRIC_REPRESENTATION_CONTEXT() REPRESENTATION_CONTEXT('2D SPACE',''
  ) );
#3054 = PCURVE('',#2394,#3055);
#3055 = DEFINITIONAL_REPRESENTATION('',(#3056),#3060);
#3056 = LINE('',#3057,#3058);
#3057 = CARTESIAN_POINT('',(0.,0.));
#3058 = VECTOR('',#3059,1.);
#3059 = DIRECTION('',(1.,0.));
#3060 = ( GEOMETRIC_REPRESENTATION_CONTEXT(2) 
PARAMETRIC_REPRESENTATION_CONTEXT() REPRESENTATION_CONTEXT('2D SPACE',''
  ) );
#3061 = ORIENTED_EDGE('',*,*,#2405,.T.);
#3062 = ORIENTED_EDGE('',*,*,#518,.T.);
#3063 = ORIENTED_EDGE('',*,*,#2991,.T.);
#3064 = ORIENTED_EDGE('',*,*,#3065,.T.);
#3065 = EDGE_CURVE('',#2992,#3066,#3068,.T.);
#3066 = VERTEX_POINT('',#3067);
#3067 = CARTESIAN_POINT('',(167.,-64.,65.));
#3068 = SURFACE_CURVE('',#3069,(#3073,#3080),.PCURVE_S1.);
#3069 = LINE('',#3070,#3071);
#3070 = CARTESIAN_POINT('',(130.,-64.,65.));
#3071 = VECTOR('',#3072,1.);
#3072 = DIRECTION('',(1.,0.,0.));
#3073 = PCURVE('',#533,#3074);
#3074 = DEFINITIONAL_REPRESENTATION('',(#3075),#3079);
#3075 = LINE('',#3076,#3077);
#3076 = CARTESIAN_POINT('',(40.,0.));
#3077 = VECTOR('',#3078,1.);
#3078 = DIRECTION('',(0.,1.));
#3079 = ( GEOMETRIC_REPRESENTATION_CONTEXT(2) 
PARAMETRIC_REPRESENTATION_CONTEXT() REPRESENTATION_CONTEXT('2D SPACE',''
  ) );
#3080 = PCURVE('',#2839,#3081);
#3081 = DEFINITIONAL_REPRESENTATION('',(#3082),#3086);
#3082 = LINE('',#3083,#3084);
#3083 = CARTESIAN_POINT('',(0.,0.));
#3084 = VECTOR('',#3085,1.);
#3085 = DIRECTION('',(1.,0.));
#3086 = ( GEOMETRIC_REPRESENTATION_CONTEXT(2) 
PARAMETRIC_REPRESENTATION_CONTEXT() REPRESENTATION_CONTEXT('2D SPACE',''
  ) );
#3087 = ORIENTED_EDGE('',*,*,#3088,.F.);
#3088 = EDGE_CURVE('',#3040,#3066,#3089,.T.);
#3089 = SURFACE_CURVE('',#3090,(#3094,#3101),.PCURVE_S1.);
#3090 = LINE('',#3091,#3092);
#3091 = CARTESIAN_POINT('',(167.,-64.,25.));
#3092 = VECTOR('',#3093,1.);
#3093 = DIRECTION('',(0.,0.,1.));
#3094 = PCURVE('',#533,#3095);
#3095 = DEFINITIONAL_REPRESENTATION('',(#3096),#3100);
#3096 = LINE('',#3097,#3098);
#3097 = CARTESIAN_POINT('',(0.,37.));
#3098 = VECTOR('',#3099,1.);
#3099 = DIRECTION('',(1.,0.));
#3100 = ( GEOMETRIC_REPRESENTATION_CONTEXT(2) 
PARAMETRIC_REPRESENTATION_CONTEXT() REPRESENTATION_CONTEXT('2D SPACE',''
  ) );
#3101 = PCURVE('',#3102,#3107);
#3102 = CYLINDRICAL_SURFACE('',#3103,3.);
#3103 = AXIS2_PLACEMENT_3D('',#3104,#3105,#3106);
#3104 = CARTESIAN_POINT('',(167.,-61.,25.));
#3105 = DIRECTION('',(0.,0.,1.));
#3106 = DIRECTION('',(1.,0.,-0.));
#3107 = DEFINITIONAL_REPRESENTATION('',(#3108),#3112);
#3108 = LINE('',#3109,#3110);
#3109 = CARTESIAN_POINT('',(-1.570796326795,0.));
#3110 = VECTOR('',#3111,1.);
#3111 = DIRECTION('',(-0.,1.));
#3112 = ( GEOMETRIC_REPRESENTATION_CONTEXT(2) 
PARAMETRIC_REPRESENTATION_CONTEXT() REPRESENTATION_CONTEXT('2D SPACE',''
  ) );
#3113 = ADVANCED_FACE('',(#3114),#478,.F.);
#3114 = FACE_BOUND('',#3115,.F.);
#3115 = EDGE_LOOP('',(#3116,#3117,#3139));
#3116 = ORIENTED_EDGE('',*,*,#2041,.F.);
#3117 = ORIENTED_EDGE('',*,*,#3118,.F.);
#3118 = EDGE_CURVE('',#442,#2042,#3119,.T.);
#3119 = SURFACE_CURVE('',#3120,(#3125,#3132),.PCURVE_S1.);
#3120 = CIRCLE('',#3121,11.);
#3121 = AXIS2_PLACEMENT_3D('',#3122,#3123,#3124);
#3122 = CARTESIAN_POINT('',(144.,-75.,45.));
#3123 = DIRECTION('',(0.,1.,0.));
#3124 = DIRECTION('',(1.110223024625E-16,0.,-1.));
#3125 = PCURVE('',#478,#3126);
#3126 = DEFINITIONAL_REPRESENTATION('',(#3127),#3131);
#3127 = CIRCLE('',#3128,11.);
#3128 = AXIS2_PLACEMENT_2D('',#3129,#3130);
#3129 = CARTESIAN_POINT('',(100.,144.));
#3130 = DIRECTION('',(-1.,1.110223024625E-16));
#3131 = ( GEOMETRIC_REPRESENTATION_CONTEXT(2) 
PARAMETRIC_REPRESENTATION_CONTEXT() REPRESENTATION_CONTEXT('2D SPACE',''
  ) );
#3132 = PCURVE('',#404,#3133);
#3133 = DEFINITIONAL_REPRESENTATION('',(#3134),#3138);
#3134 = LINE('',#3135,#3136);
#3135 = CARTESIAN_POINT('',(-6.28318530718,-5.));
#3136 = VECTOR('',#3137,1.);
#3137 = DIRECTION('',(1.,-0.));
#3138 = ( GEOMETRIC_REPRESENTATION_CONTEXT(2) 
PARAMETRIC_REPRESENTATION_CONTEXT() REPRESENTATION_CONTEXT('2D SPACE',''
  ) );
#3139 = ORIENTED_EDGE('',*,*,#462,.T.);
#3140 = ADVANCED_FACE('',(#3141),#404,.T.);
#3141 = FACE_BOUND('',#3142,.F.);
#3142 = EDGE_LOOP('',(#3143,#3219,#3242,#3269,#3270,#3312,#3313,#3314,
    #3336,#3337,#3338,#3339));
#3143 = ORIENTED_EDGE('',*,*,#3144,.F.);
#3144 = EDGE_CURVE('',#3145,#3147,#3149,.T.);
#3145 = VERTEX_POINT('',#3146);
#3146 = CARTESIAN_POINT('',(144.,-74.74596669241,34.));
#3147 = VERTEX_POINT('',#3148);
#3148 = CARTESIAN_POINT('',(149.41619848709,-70.,35.425826722459));
#3149 = SURFACE_CURVE('',#3150,(#3171,#3195),.PCURVE_S1.);
#3150 = B_SPLINE_CURVE_WITH_KNOTS('',7,(#3151,#3152,#3153,#3154,#3155,
    #3156,#3157,#3158,#3159,#3160,#3161,#3162,#3163,#3164,#3165,#3166,
    #3167,#3168,#3169,#3170),.UNSPECIFIED.,.F.,.F.,(8,6,6,8),(0.,
    0.251705584697,0.871996897465,1.),.UNSPECIFIED.);
#3151 = CARTESIAN_POINT('',(144.,-74.74596669241,34.));
#3152 = CARTESIAN_POINT('',(144.31001053999,-74.66592231517,34.));
#3153 = CARTESIAN_POINT('',(144.61212116064,-74.57247748212,
    34.010193148357));
#3154 = CARTESIAN_POINT('',(144.905479796,-74.46659857112,34.02964418005
    ));
#3155 = CARTESIAN_POINT('',(145.189302491,-74.34934602242,
    34.057345558259));
#3156 = CARTESIAN_POINT('',(145.46287666053,-74.22188146814,
    34.09222943405));
#3157 = CARTESIAN_POINT('',(145.72556591568,-74.08547843723,
    34.133185568762));
#3158 = CARTESIAN_POINT('',(146.5959863819,-73.58681328339,
    34.292198141807));
#3159 = CARTESIAN_POINT('',(147.14897637872,-73.18442422205,
    34.435933254657));
#3160 = CARTESIAN_POINT('',(147.63910310421,-72.74702286895,
    34.596342079104));
#3161 = CARTESIAN_POINT('',(148.07085055356,-72.28305868316,
    34.763064249679));
#3162 = CARTESIAN_POINT('',(148.44873159808,-71.79765780971,
    34.928365921502));
#3163 = CARTESIAN_POINT('',(148.77640908293,-71.29325962487,
    35.086122111301));
#3164 = CARTESIAN_POINT('',(149.1136107767,-70.66217460033,
    35.260636408732));
#3165 = CARTESIAN_POINT('',(149.16920522841,-70.55349168394,
    35.289912370109));
#3166 = CARTESIAN_POINT('',(149.2227231686,-70.4441055132,
    35.318558245749));
#3167 = CARTESIAN_POINT('',(149.27417400716,-70.33404085247,
    35.346522064445));
#3168 = CARTESIAN_POINT('',(149.3235658685,-70.22332085452,
    35.373753547851));
#3169 = CARTESIAN_POINT('',(149.37090559156,-70.1119670605,
    35.400204110494));
#3170 = CARTESIAN_POINT('',(149.4161987298,-69.9999994,35.425826859763)
  );
#3171 = PCURVE('',#404,#3172);
#3172 = DEFINITIONAL_REPRESENTATION('',(#3173),#3194);
#3173 = B_SPLINE_CURVE_WITH_KNOTS('',7,(#3174,#3175,#3176,#3177,#3178,
    #3179,#3180,#3181,#3182,#3183,#3184,#3185,#3186,#3187,#3188,#3189,
    #3190,#3191,#3192,#3193),.UNSPECIFIED.,.F.,.F.,(8,6,6,8),(0.,
    0.251705584697,0.871996897465,1.),.UNSPECIFIED.);
#3174 = CARTESIAN_POINT('',(0.,-4.745966692415));
#3175 = CARTESIAN_POINT('',(-2.818277636342E-02,-4.665922315178));
#3176 = CARTESIAN_POINT('',(-5.564737993269E-02,-4.57247748212));
#3177 = CARTESIAN_POINT('',(-8.235290278427E-02,-4.466598571121));
#3178 = CARTESIAN_POINT('',(-0.108256273193,-4.349346022427));
#3179 = CARTESIAN_POINT('',(-0.133312101538,-4.221881468145));
#3180 = CARTESIAN_POINT('',(-0.157473266357,-4.085478437231));
#3181 = CARTESIAN_POINT('',(-0.237911980075,-3.586813283392));
#3182 = CARTESIAN_POINT('',(-0.28971361973,-3.184424222056));
#3183 = CARTESIAN_POINT('',(-0.336471682107,-2.747022868952));
#3184 = CARTESIAN_POINT('',(-0.378464003544,-2.283058683163));
#3185 = CARTESIAN_POINT('',(-0.415918578087,-1.797657809714));
#3186 = CARTESIAN_POINT('',(-0.44896611809,-1.293259624878));
#3187 = CARTESIAN_POINT('',(-0.483482879175,-0.662174600331));
#3188 = CARTESIAN_POINT('',(-0.4891947157,-0.553491683941));
#3189 = CARTESIAN_POINT('',(-0.494712898935,-0.444105513206));
#3190 = CARTESIAN_POINT('',(-0.50003625893,-0.334040852479));
#3191 = CARTESIAN_POINT('',(-0.505163514919,-0.223320854522));
#3192 = CARTESIAN_POINT('',(-0.510093275314,-0.111967060502));
#3193 = CARTESIAN_POINT('',(-0.514824037708,5.999999999062E-07));
#3194 = ( GEOMETRIC_REPRESENTATION_CONTEXT(2) 
PARAMETRIC_REPRESENTATION_CONTEXT() REPRESENTATION_CONTEXT('2D SPACE',''
  ) );
#3195 = PCURVE('',#1314,#3196);
#3196 = DEFINITIONAL_REPRESENTATION('',(#3197),#3218);
#3197 = B_SPLINE_CURVE_WITH_KNOTS('',7,(#3198,#3199,#3200,#3201,#3202,
    #3203,#3204,#3205,#3206,#3207,#3208,#3209,#3210,#3211,#3212,#3213,
    #3214,#3215,#3216,#3217),.UNSPECIFIED.,.F.,.F.,(8,6,6,8),(0.,
    0.251705584697,0.871996897465,1.),.UNSPECIFIED.);
#3198 = CARTESIAN_POINT('',(-1.318116071653,89.));
#3199 = CARTESIAN_POINT('',(-1.278093883034,89.));
#3200 = CARTESIAN_POINT('',(-1.238609063425,89.010193148357));
#3201 = CARTESIAN_POINT('',(-1.199690229127,89.02964418005));
#3202 = CARTESIAN_POINT('',(-1.161373353227,89.057345558259));
#3203 = CARTESIAN_POINT('',(-1.123703272703,89.09222943405));
#3204 = CARTESIAN_POINT('',(-1.0867358212,89.133185568762));
#3205 = CARTESIAN_POINT('',(-0.961342768931,89.292198141807));
#3206 = CARTESIAN_POINT('',(-0.876361027279,89.435933254657));
#3207 = CARTESIAN_POINT('',(-0.794863240024,89.596342079104));
#3208 = CARTESIAN_POINT('',(-0.716219760184,89.763064249679));
#3209 = CARTESIAN_POINT('',(-0.639778494551,89.928365921502));
#3210 = CARTESIAN_POINT('',(-0.56486633137,90.086122111301));
#3211 = CARTESIAN_POINT('',(-0.47542594528,90.260636408732));
#3212 = CARTESIAN_POINT('',(-0.460168787616,90.289912370108));
#3213 = CARTESIAN_POINT('',(-0.444950591787,90.318558245749));
#3214 = CARTESIAN_POINT('',(-0.429767821331,90.346522064445));
#3215 = CARTESIAN_POINT('',(-0.414616939519,90.373753547851));
#3216 = CARTESIAN_POINT('',(-0.39949440936,90.400204110494));
#3217 = CARTESIAN_POINT('',(-0.384396693592,90.425826859763));
#3218 = ( GEOMETRIC_REPRESENTATION_CONTEXT(2) 
PARAMETRIC_REPRESENTATION_CONTEXT() REPRESENTATION_CONTEXT('2D SPACE',''
  ) );
#3219 = ORIENTED_EDGE('',*,*,#3220,.T.);
#3220 = EDGE_CURVE('',#3145,#3221,#3223,.T.);
#3221 = VERTEX_POINT('',#3222);
#3222 = CARTESIAN_POINT('',(144.,-82.,34.));
#3223 = SEAM_CURVE('',#3224,(#3228,#3235),.PCURVE_S1.);
#3224 = LINE('',#3225,#3226);
#3225 = CARTESIAN_POINT('',(144.,-70.,34.));
#3226 = VECTOR('',#3227,1.);
#3227 = DIRECTION('',(0.,-1.,0.));
#3228 = PCURVE('',#404,#3229);
#3229 = DEFINITIONAL_REPRESENTATION('',(#3230),#3234);
#3230 = LINE('',#3231,#3232);
#3231 = CARTESIAN_POINT('',(-6.28318530718,0.));
#3232 = VECTOR('',#3233,1.);
#3233 = DIRECTION('',(-0.,-1.));
#3234 = ( GEOMETRIC_REPRESENTATION_CONTEXT(2) 
PARAMETRIC_REPRESENTATION_CONTEXT() REPRESENTATION_CONTEXT('2D SPACE',''
  ) );
#3235 = PCURVE('',#404,#3236);
#3236 = DEFINITIONAL_REPRESENTATION('',(#3237),#3241);
#3237 = LINE('',#3238,#3239);
#3238 = CARTESIAN_POINT('',(-0.,0.));
#3239 = VECTOR('',#3240,1.);
#3240 = DIRECTION('',(-0.,-1.));
#3241 = ( GEOMETRIC_REPRESENTATION_CONTEXT(2) 
PARAMETRIC_REPRESENTATION_CONTEXT() REPRESENTATION_CONTEXT('2D SPACE',''
  ) );
#3242 = ORIENTED_EDGE('',*,*,#3243,.T.);
#3243 = EDGE_CURVE('',#3221,#3221,#3244,.T.);
#3244 = SURFACE_CURVE('',#3245,(#3250,#3257),.PCURVE_S1.);
#3245 = CIRCLE('',#3246,11.);
#3246 = AXIS2_PLACEMENT_3D('',#3247,#3248,#3249);
#3247 = CARTESIAN_POINT('',(144.,-82.,45.));
#3248 = DIRECTION('',(0.,-1.,0.));
#3249 = DIRECTION('',(1.110223024625E-16,0.,-1.));
#3250 = PCURVE('',#404,#3251);
#3251 = DEFINITIONAL_REPRESENTATION('',(#3252),#3256);
#3252 = LINE('',#3253,#3254);
#3253 = CARTESIAN_POINT('',(-0.,-12.));
#3254 = VECTOR('',#3255,1.);
#3255 = DIRECTION('',(-1.,0.));
#3256 = ( GEOMETRIC_REPRESENTATION_CONTEXT(2) 
PARAMETRIC_REPRESENTATION_CONTEXT() REPRESENTATION_CONTEXT('2D SPACE',''
  ) );
#3257 = PCURVE('',#3258,#3263);
#3258 = PLANE('',#3259);
#3259 = AXIS2_PLACEMENT_3D('',#3260,#3261,#3262);
#3260 = CARTESIAN_POINT('',(144.,-82.,45.));
#3261 = DIRECTION('',(-0.,-1.,0.));
#3262 = DIRECTION('',(-1.,0.,-1.110223024625E-16));
#3263 = DEFINITIONAL_REPRESENTATION('',(#3264),#3268);
#3264 = CIRCLE('',#3265,11.);
#3265 = AXIS2_PLACEMENT_2D('',#3266,#3267);
#3266 = CARTESIAN_POINT('',(0.,0.));
#3267 = DIRECTION('',(0.,1.));
#3268 = ( GEOMETRIC_REPRESENTATION_CONTEXT(2) 
PARAMETRIC_REPRESENTATION_CONTEXT() REPRESENTATION_CONTEXT('2D SPACE',''
  ) );
#3269 = ORIENTED_EDGE('',*,*,#3220,.F.);
#3270 = ORIENTED_EDGE('',*,*,#3271,.F.);
#3271 = EDGE_CURVE('',#1275,#3145,#3272,.T.);
#3272 = SURFACE_CURVE('',#3273,(#3284,#3298),.PCURVE_S1.);
#3273 = B_SPLINE_CURVE_WITH_KNOTS('',5,(#3274,#3275,#3276,#3277,#3278,
    #3279,#3280,#3281,#3282,#3283),.UNSPECIFIED.,.F.,.F.,(6,4,6),(0.,
    0.394408964378,1.),.UNSPECIFIED.);
#3274 = CARTESIAN_POINT('',(142.,-75.,34.183346173608));
#3275 = CARTESIAN_POINT('',(142.15758320476,-75.,34.15420902874));
#3276 = CARTESIAN_POINT('',(142.31619474625,-74.99612000311,
    34.127849675505));
#3277 = CARTESIAN_POINT('',(142.47544686453,-74.988258449,
    34.104376833233));
#3278 = CARTESIAN_POINT('',(142.63495102506,-74.97637059561,
    34.083849216087));
#3279 = CARTESIAN_POINT('',(143.03901611481,-74.93605184549,
    34.039292209013));
#3280 = CARTESIAN_POINT('',(143.28326753239,-74.90218375546,34.019286826
    ));
#3281 = CARTESIAN_POINT('',(143.52572893138,-74.85892269827,
    34.006271646634));
#3282 = CARTESIAN_POINT('',(143.76507261295,-74.80662468292,34.));
#3283 = CARTESIAN_POINT('',(144.,-74.74596669241,34.));
#3284 = PCURVE('',#404,#3285);
#3285 = DEFINITIONAL_REPRESENTATION('',(#3286),#3297);
#3286 = B_SPLINE_CURVE_WITH_KNOTS('',5,(#3287,#3288,#3289,#3290,#3291,
    #3292,#3293,#3294,#3295,#3296),.UNSPECIFIED.,.F.,.F.,(6,4,6),(0.,
    0.394408964378,1.),.UNSPECIFIED.);
#3287 = CARTESIAN_POINT('',(-6.100350170187,-5.));
#3288 = CARTESIAN_POINT('',(-6.114918742621,-5.));
#3289 = CARTESIAN_POINT('',(-6.129533288443,-4.996120003111));
#3290 = CARTESIAN_POINT('',(-6.14416394804,-4.988258449005));
#3291 = CARTESIAN_POINT('',(-6.158781464428,-4.976370595615));
#3292 = CARTESIAN_POINT('',(-6.195737315198,-4.93605184549));
#3293 = CARTESIAN_POINT('',(-6.218007538736,-4.902183755468));
#3294 = CARTESIAN_POINT('',(-6.240069748848,-4.858922698273));
#3295 = CARTESIAN_POINT('',(-6.261828271994,-4.806624682921));
#3296 = CARTESIAN_POINT('',(-6.28318530718,-4.745966692415));
#3297 = ( GEOMETRIC_REPRESENTATION_CONTEXT(2) 
PARAMETRIC_REPRESENTATION_CONTEXT() REPRESENTATION_CONTEXT('2D SPACE',''
  ) );
#3298 = PCURVE('',#1314,#3299);
#3299 = DEFINITIONAL_REPRESENTATION('',(#3300),#3311);
#3300 = B_SPLINE_CURVE_WITH_KNOTS('',5,(#3301,#3302,#3303,#3304,#3305,
    #3306,#3307,#3308,#3309,#3310),.UNSPECIFIED.,.F.,.F.,(6,4,6),(0.,
    0.394408964378,1.),.UNSPECIFIED.);
#3301 = CARTESIAN_POINT('',(-1.570796326795,89.183346173608));
#3302 = CARTESIAN_POINT('',(-1.551098426199,89.15420902874));
#3303 = CARTESIAN_POINT('',(-1.531272064901,89.127849675505));
#3304 = CARTESIAN_POINT('',(-1.51134946594,89.104376833233));
#3305 = CARTESIAN_POINT('',(-1.4913625066,89.083849216087));
#3306 = CARTESIAN_POINT('',(-1.440603548282,89.039292209013));
#3307 = CARTESIAN_POINT('',(-1.409802641051,89.019286826));
#3308 = CARTESIAN_POINT('',(-1.37904731699,89.006271646634));
#3309 = CARTESIAN_POINT('',(-1.348445066906,89.));
#3310 = CARTESIAN_POINT('',(-1.318116071653,89.));
#3311 = ( GEOMETRIC_REPRESENTATION_CONTEXT(2) 
PARAMETRIC_REPRESENTATION_CONTEXT() REPRESENTATION_CONTEXT('2D SPACE',''
  ) );
#3312 = ORIENTED_EDGE('',*,*,#1274,.T.);
#3313 = ORIENTED_EDGE('',*,*,#389,.T.);
#3314 = ORIENTED_EDGE('',*,*,#3315,.F.);
#3315 = EDGE_CURVE('',#416,#390,#3316,.T.);
#3316 = SURFACE_CURVE('',#3317,(#3322,#3329),.PCURVE_S1.);
#3317 = CIRCLE('',#3318,11.);
#3318 = AXIS2_PLACEMENT_3D('',#3319,#3320,#3321);
#3319 = CARTESIAN_POINT('',(144.,-70.,45.));
#3320 = DIRECTION('',(0.,-1.,0.));
#3321 = DIRECTION('',(1.110223024625E-16,0.,-1.));
#3322 = PCURVE('',#404,#3323);
#3323 = DEFINITIONAL_REPRESENTATION('',(#3324),#3328);
#3324 = LINE('',#3325,#3326);
#3325 = CARTESIAN_POINT('',(-0.,0.));
#3326 = VECTOR('',#3327,1.);
#3327 = DIRECTION('',(-1.,0.));
#3328 = ( GEOMETRIC_REPRESENTATION_CONTEXT(2) 
PARAMETRIC_REPRESENTATION_CONTEXT() REPRESENTATION_CONTEXT('2D SPACE',''
  ) );
#3329 = PCURVE('',#430,#3330);
#3330 = DEFINITIONAL_REPRESENTATION('',(#3331),#3335);
#3331 = CIRCLE('',#3332,11.);
#3332 = AXIS2_PLACEMENT_2D('',#3333,#3334);
#3333 = CARTESIAN_POINT('',(0.,0.));
#3334 = DIRECTION('',(0.,1.));
#3335 = ( GEOMETRIC_REPRESENTATION_CONTEXT(2) 
PARAMETRIC_REPRESENTATION_CONTEXT() REPRESENTATION_CONTEXT('2D SPACE',''
  ) );
#3336 = ORIENTED_EDGE('',*,*,#441,.F.);
#3337 = ORIENTED_EDGE('',*,*,#3118,.T.);
#3338 = ORIENTED_EDGE('',*,*,#2064,.T.);
#3339 = ORIENTED_EDGE('',*,*,#3340,.F.);
#3340 = EDGE_CURVE('',#3147,#2065,#3341,.T.);
#3341 = SURFACE_CURVE('',#3342,(#3347,#3354),.PCURVE_S1.);
#3342 = CIRCLE('',#3343,11.);
#3343 = AXIS2_PLACEMENT_3D('',#3344,#3345,#3346);
#3344 = CARTESIAN_POINT('',(144.,-70.,45.));
#3345 = DIRECTION('',(0.,-1.,0.));
#3346 = DIRECTION('',(1.110223024625E-16,0.,-1.));
#3347 = PCURVE('',#404,#3348);
#3348 = DEFINITIONAL_REPRESENTATION('',(#3349),#3353);
#3349 = LINE('',#3350,#3351);
#3350 = CARTESIAN_POINT('',(-0.,0.));
#3351 = VECTOR('',#3352,1.);
#3352 = DIRECTION('',(-1.,0.));
#3353 = ( GEOMETRIC_REPRESENTATION_CONTEXT(2) 
PARAMETRIC_REPRESENTATION_CONTEXT() REPRESENTATION_CONTEXT('2D SPACE',''
  ) );
#3354 = PCURVE('',#2102,#3355);
#3355 = DEFINITIONAL_REPRESENTATION('',(#3356),#3360);
#3356 = CIRCLE('',#3357,11.);
#3357 = AXIS2_PLACEMENT_2D('',#3358,#3359);
#3358 = CARTESIAN_POINT('',(0.,0.));
#3359 = DIRECTION('',(0.,1.));
#3360 = ( GEOMETRIC_REPRESENTATION_CONTEXT(2) 
PARAMETRIC_REPRESENTATION_CONTEXT() REPRESENTATION_CONTEXT('2D SPACE',''
  ) );
#3361 = ADVANCED_FACE('',(#3362),#430,.F.);
#3362 = FACE_BOUND('',#3363,.F.);
#3363 = EDGE_LOOP('',(#3364,#3365));
#3364 = ORIENTED_EDGE('',*,*,#3315,.T.);
#3365 = ORIENTED_EDGE('',*,*,#415,.T.);
#3366 = ADVANCED_FACE('',(#3367),#1045,.F.);
#3367 = FACE_BOUND('',#3368,.F.);
#3368 = EDGE_LOOP('',(#3369,#3370,#3394,#3413));
#3369 = ORIENTED_EDGE('',*,*,#1029,.F.);
#3370 = ORIENTED_EDGE('',*,*,#3371,.F.);
#3371 = EDGE_CURVE('',#3372,#1030,#3374,.T.);
#3372 = VERTEX_POINT('',#3373);
#3373 = CARTESIAN_POINT('',(149.41619848709,70.,49.));
#3374 = SURFACE_CURVE('',#3375,(#3380,#3387),.PCURVE_S1.);
#3375 = CIRCLE('',#3376,8.);
#3376 = AXIS2_PLACEMENT_3D('',#3377,#3378,#3379);
#3377 = CARTESIAN_POINT('',(142.,67.,49.));
#3378 = DIRECTION('',(0.,0.,1.));
#3379 = DIRECTION('',(1.,0.,-0.));
#3380 = PCURVE('',#1045,#3381);
#3381 = DEFINITIONAL_REPRESENTATION('',(#3382),#3386);
#3382 = CIRCLE('',#3383,8.);
#3383 = AXIS2_PLACEMENT_2D('',#3384,#3385);
#3384 = CARTESIAN_POINT('',(142.,142.));
#3385 = DIRECTION('',(1.,0.));
#3386 = ( GEOMETRIC_REPRESENTATION_CONTEXT(2) 
PARAMETRIC_REPRESENTATION_CONTEXT() REPRESENTATION_CONTEXT('2D SPACE',''
  ) );
#3387 = PCURVE('',#1073,#3388);
#3388 = DEFINITIONAL_REPRESENTATION('',(#3389),#3393);
#3389 = LINE('',#3390,#3391);
#3390 = CARTESIAN_POINT('',(0.,104.));
#3391 = VECTOR('',#3392,1.);
#3392 = DIRECTION('',(1.,0.));
#3393 = ( GEOMETRIC_REPRESENTATION_CONTEXT(2) 
PARAMETRIC_REPRESENTATION_CONTEXT() REPRESENTATION_CONTEXT('2D SPACE',''
  ) );
#3394 = ORIENTED_EDGE('',*,*,#3395,.T.);
#3395 = EDGE_CURVE('',#3372,#1425,#3396,.T.);
#3396 = SURFACE_CURVE('',#3397,(#3401,#3407),.PCURVE_S1.);
#3397 = LINE('',#3398,#3399);
#3398 = CARTESIAN_POINT('',(72.,70.,49.));
#3399 = VECTOR('',#3400,1.);
#3400 = DIRECTION('',(1.,-0.,0.));
#3401 = PCURVE('',#1045,#3402);
#3402 = DEFINITIONAL_REPRESENTATION('',(#3403),#3406);
#3403 = B_SPLINE_CURVE_WITH_KNOTS('',1,(#3404,#3405),.UNSPECIFIED.,.F.,
  .F.,(2,2),(70.,78.),.PIECEWISE_BEZIER_KNOTS.);
#3404 = CARTESIAN_POINT('',(142.,145.));
#3405 = CARTESIAN_POINT('',(150.,145.));
#3406 = ( GEOMETRIC_REPRESENTATION_CONTEXT(2) 
PARAMETRIC_REPRESENTATION_CONTEXT() REPRESENTATION_CONTEXT('2D SPACE',''
  ) );
#3407 = PCURVE('',#1439,#3408);
#3408 = DEFINITIONAL_REPRESENTATION('',(#3409),#3412);
#3409 = B_SPLINE_CURVE_WITH_KNOTS('',1,(#3410,#3411),.UNSPECIFIED.,.F.,
  .F.,(2,2),(70.,78.),.PIECEWISE_BEZIER_KNOTS.);
#3410 = CARTESIAN_POINT('',(2.,-4.));
#3411 = CARTESIAN_POINT('',(-6.,-4.));
#3412 = ( GEOMETRIC_REPRESENTATION_CONTEXT(2) 
PARAMETRIC_REPRESENTATION_CONTEXT() REPRESENTATION_CONTEXT('2D SPACE',''
  ) );
#3413 = ORIENTED_EDGE('',*,*,#1450,.T.);
#3414 = ADVANCED_FACE('',(#3415),#1073,.T.);
#3415 = FACE_BOUND('',#3416,.T.);
#3416 = EDGE_LOOP('',(#3417,#3418,#3440,#3441,#3442,#3463));
#3417 = ORIENTED_EDGE('',*,*,#2187,.F.);
#3418 = ORIENTED_EDGE('',*,*,#3419,.T.);
#3419 = EDGE_CURVE('',#2165,#1058,#3420,.T.);
#3420 = SURFACE_CURVE('',#3421,(#3426,#3433),.PCURVE_S1.);
#3421 = CIRCLE('',#3422,8.);
#3422 = AXIS2_PLACEMENT_3D('',#3423,#3424,#3425);
#3423 = CARTESIAN_POINT('',(142.,67.,-55.));
#3424 = DIRECTION('',(0.,0.,1.));
#3425 = DIRECTION('',(0.,-1.,0.));
#3426 = PCURVE('',#1073,#3427);
#3427 = DEFINITIONAL_REPRESENTATION('',(#3428),#3432);
#3428 = LINE('',#3429,#3430);
#3429 = CARTESIAN_POINT('',(-1.570796326795,0.));
#3430 = VECTOR('',#3431,1.);
#3431 = DIRECTION('',(1.,0.));
#3432 = ( GEOMETRIC_REPRESENTATION_CONTEXT(2) 
PARAMETRIC_REPRESENTATION_CONTEXT() REPRESENTATION_CONTEXT('2D SPACE',''
  ) );
#3433 = PCURVE('',#212,#3434);
#3434 = DEFINITIONAL_REPRESENTATION('',(#3435),#3439);
#3435 = CIRCLE('',#3436,8.);
#3436 = AXIS2_PLACEMENT_2D('',#3437,#3438);
#3437 = CARTESIAN_POINT('',(142.,142.));
#3438 = DIRECTION('',(0.,-1.));
#3439 = ( GEOMETRIC_REPRESENTATION_CONTEXT(2) 
PARAMETRIC_REPRESENTATION_CONTEXT() REPRESENTATION_CONTEXT('2D SPACE',''
  ) );
#3440 = ORIENTED_EDGE('',*,*,#1057,.T.);
#3441 = ORIENTED_EDGE('',*,*,#3371,.F.);
#3442 = ORIENTED_EDGE('',*,*,#3443,.F.);
#3443 = EDGE_CURVE('',#3444,#3372,#3446,.T.);
#3444 = VERTEX_POINT('',#3445);
#3445 = CARTESIAN_POINT('',(149.41619848709,70.,35.425826722459));
#3446 = SURFACE_CURVE('',#3447,(#3451,#3457),.PCURVE_S1.);
#3447 = LINE('',#3448,#3449);
#3448 = CARTESIAN_POINT('',(149.41619848709,70.,-55.));
#3449 = VECTOR('',#3450,1.);
#3450 = DIRECTION('',(0.,0.,1.));
#3451 = PCURVE('',#1073,#3452);
#3452 = DEFINITIONAL_REPRESENTATION('',(#3453),#3456);
#3453 = B_SPLINE_CURVE_WITH_KNOTS('',1,(#3454,#3455),.UNSPECIFIED.,.F.,
  .F.,(2,2),(86.8,104.0000006),.PIECEWISE_BEZIER_KNOTS.);
#3454 = CARTESIAN_POINT('',(0.384396774496,86.8));
#3455 = CARTESIAN_POINT('',(0.384396774496,104.0000006));
#3456 = ( GEOMETRIC_REPRESENTATION_CONTEXT(2) 
PARAMETRIC_REPRESENTATION_CONTEXT() REPRESENTATION_CONTEXT('2D SPACE',''
  ) );
#3457 = PCURVE('',#1439,#3458);
#3458 = DEFINITIONAL_REPRESENTATION('',(#3459),#3462);
#3459 = B_SPLINE_CURVE_WITH_KNOTS('',1,(#3460,#3461),.UNSPECIFIED.,.F.,
  .F.,(2,2),(86.8,104.0000006),.PIECEWISE_BEZIER_KNOTS.);
#3460 = CARTESIAN_POINT('',(-5.416198487096,13.2));
#3461 = CARTESIAN_POINT('',(-5.416198487096,-4.0000006));
#3462 = ( GEOMETRIC_REPRESENTATION_CONTEXT(2) 
PARAMETRIC_REPRESENTATION_CONTEXT() REPRESENTATION_CONTEXT('2D SPACE',''
  ) );
#3463 = ORIENTED_EDGE('',*,*,#3464,.T.);
#3464 = EDGE_CURVE('',#3444,#2188,#3465,.T.);
#3465 = SURFACE_CURVE('',#3466,(#3474,#3485),.PCURVE_S1.);
#3466 = B_SPLINE_CURVE_WITH_KNOTS('',6,(#3467,#3468,#3469,#3470,#3471,
    #3472,#3473),.UNSPECIFIED.,.F.,.F.,(7,7),(0.,1.),
  .PIECEWISE_BEZIER_KNOTS.);
#3467 = CARTESIAN_POINT('',(149.41619824438,70.0000006,35.425826585154)
  );
#3468 = CARTESIAN_POINT('',(149.60997793468,69.520964496144,
    35.535449544016));
#3469 = CARTESIAN_POINT('',(149.76564763362,69.029328541834,
    35.629725817437));
#3470 = CARTESIAN_POINT('',(149.88259619004,68.52862620574,
    35.704049357995));
#3471 = CARTESIAN_POINT('',(149.96075520527,68.021853622466,
    35.754915636545));
#3472 = CARTESIAN_POINT('',(150.,67.511497893669,35.780455542707));
#3473 = CARTESIAN_POINT('',(150.,67.,35.780455542707));
#3474 = PCURVE('',#1073,#3475);
#3475 = DEFINITIONAL_REPRESENTATION('',(#3476),#3484);
#3476 = B_SPLINE_CURVE_WITH_KNOTS('',6,(#3477,#3478,#3479,#3480,#3481,
    #3482,#3483),.UNSPECIFIED.,.F.,.F.,(7,7),(0.,1.),
  .PIECEWISE_BEZIER_KNOTS.);
#3477 = CARTESIAN_POINT('',(0.3843968554,90.425826585154));
#3478 = CARTESIAN_POINT('',(0.319803638219,90.535449544016));
#3479 = CARTESIAN_POINT('',(0.255536839496,90.629725817437));
#3480 = CARTESIAN_POINT('',(0.191549024329,90.704049357995));
#3481 = CARTESIAN_POINT('',(0.127731620199,90.754915636545));
#3482 = CARTESIAN_POINT('',(6.393723670865E-02,90.780455542707));
#3483 = CARTESIAN_POINT('',(0.,90.780455542707));
#3484 = ( GEOMETRIC_REPRESENTATION_CONTEXT(2) 
PARAMETRIC_REPRESENTATION_CONTEXT() REPRESENTATION_CONTEXT('2D SPACE',''
  ) );
#3485 = PCURVE('',#1413,#3486);
#3486 = DEFINITIONAL_REPRESENTATION('',(#3487),#3495);
#3487 = B_SPLINE_CURVE_WITH_KNOTS('',6,(#3488,#3489,#3490,#3491,#3492,
    #3493,#3494),.UNSPECIFIED.,.F.,.F.,(7,7),(0.,1.),
  .PIECEWISE_BEZIER_KNOTS.);
#3488 = CARTESIAN_POINT('',(-0.514823987007,5.999999999062E-07));
#3489 = CARTESIAN_POINT('',(-0.535063822019,-0.479035503856));
#3490 = CARTESIAN_POINT('',(-0.551601190874,-0.970671458166));
#3491 = CARTESIAN_POINT('',(-0.564196855926,-1.47137379426));
#3492 = CARTESIAN_POINT('',(-0.572674731431,-1.978146377534));
#3493 = CARTESIAN_POINT('',(-0.576931345236,-2.488502106331));
#3494 = CARTESIAN_POINT('',(-0.576931345236,-3.));
#3495 = ( GEOMETRIC_REPRESENTATION_CONTEXT(2) 
PARAMETRIC_REPRESENTATION_CONTEXT() REPRESENTATION_CONTEXT('2D SPACE',''
  ) );
#3496 = ADVANCED_FACE('',(#3497),#212,.F.);
#3497 = FACE_BOUND('',#3498,.F.);
#3498 = EDGE_LOOP('',(#3499,#3500,#3522,#3523,#3549,#3550,#3551,#3552));
#3499 = ORIENTED_EDGE('',*,*,#196,.F.);
#3500 = ORIENTED_EDGE('',*,*,#3501,.T.);
#3501 = EDGE_CURVE('',#169,#1327,#3502,.T.);
#3502 = SURFACE_CURVE('',#3503,(#3508,#3515),.PCURVE_S1.);
#3503 = CIRCLE('',#3504,8.);
#3504 = AXIS2_PLACEMENT_3D('',#3505,#3506,#3507);
#3505 = CARTESIAN_POINT('',(8.,-67.,-55.));
#3506 = DIRECTION('',(0.,0.,1.));
#3507 = DIRECTION('',(0.,-1.,0.));
#3508 = PCURVE('',#212,#3509);
#3509 = DEFINITIONAL_REPRESENTATION('',(#3510),#3514);
#3510 = CIRCLE('',#3511,8.);
#3511 = AXIS2_PLACEMENT_2D('',#3512,#3513);
#3512 = CARTESIAN_POINT('',(8.,8.));
#3513 = DIRECTION('',(0.,-1.));
#3514 = ( GEOMETRIC_REPRESENTATION_CONTEXT(2) 
PARAMETRIC_REPRESENTATION_CONTEXT() REPRESENTATION_CONTEXT('2D SPACE',''
  ) );
#3515 = PCURVE('',#184,#3516);
#3516 = DEFINITIONAL_REPRESENTATION('',(#3517),#3521);
#3517 = LINE('',#3518,#3519);
#3518 = CARTESIAN_POINT('',(-4.712388980385,0.));
#3519 = VECTOR('',#3520,1.);
#3520 = DIRECTION('',(1.,0.));
#3521 = ( GEOMETRIC_REPRESENTATION_CONTEXT(2) 
PARAMETRIC_REPRESENTATION_CONTEXT() REPRESENTATION_CONTEXT('2D SPACE',''
  ) );
#3522 = ORIENTED_EDGE('',*,*,#1326,.T.);
#3523 = ORIENTED_EDGE('',*,*,#3524,.F.);
#3524 = EDGE_CURVE('',#2142,#1299,#3525,.T.);
#3525 = SURFACE_CURVE('',#3526,(#3531,#3542),.PCURVE_S1.);
#3526 = CIRCLE('',#3527,8.);
#3527 = AXIS2_PLACEMENT_3D('',#3528,#3529,#3530);
#3528 = CARTESIAN_POINT('',(142.,-67.,-55.));
#3529 = DIRECTION('',(-0.,-0.,-1.));
#3530 = DIRECTION('',(0.,-1.,0.));
#3531 = PCURVE('',#212,#3532);
#3532 = DEFINITIONAL_REPRESENTATION('',(#3533),#3541);
#3533 = ( BOUNDED_CURVE() B_SPLINE_CURVE(2,(#3534,#3535,#3536,#3537,
#3538,#3539,#3540),.UNSPECIFIED.,.T.,.F.) B_SPLINE_CURVE_WITH_KNOTS((1,2
    ,2,2,2,1),(-2.094395102393,0.,2.094395102393,4.188790204786,
6.28318530718,8.377580409573),.UNSPECIFIED.) CURVE() 
GEOMETRIC_REPRESENTATION_ITEM() RATIONAL_B_SPLINE_CURVE((1.,0.5,1.,0.5,
1.,0.5,1.)) REPRESENTATION_ITEM('') );
#3534 = CARTESIAN_POINT('',(142.,0.));
#3535 = CARTESIAN_POINT('',(128.14359353944,0.));
#3536 = CARTESIAN_POINT('',(135.07179676972,12.));
#3537 = CARTESIAN_POINT('',(142.,24.));
#3538 = CARTESIAN_POINT('',(148.92820323027,12.));
#3539 = CARTESIAN_POINT('',(155.85640646055,1.24344978758E-14));
#3540 = CARTESIAN_POINT('',(142.,0.));
#3541 = ( GEOMETRIC_REPRESENTATION_CONTEXT(2) 
PARAMETRIC_REPRESENTATION_CONTEXT() REPRESENTATION_CONTEXT('2D SPACE',''
  ) );
#3542 = PCURVE('',#1314,#3543);
#3543 = DEFINITIONAL_REPRESENTATION('',(#3544),#3548);
#3544 = LINE('',#3545,#3546);
#3545 = CARTESIAN_POINT('',(4.712388980385,-0.));
#3546 = VECTOR('',#3547,1.);
#3547 = DIRECTION('',(-1.,0.));
#3548 = ( GEOMETRIC_REPRESENTATION_CONTEXT(2) 
PARAMETRIC_REPRESENTATION_CONTEXT() REPRESENTATION_CONTEXT('2D SPACE',''
  ) );
#3549 = ORIENTED_EDGE('',*,*,#2164,.T.);
#3550 = ORIENTED_EDGE('',*,*,#3419,.T.);
#3551 = ORIENTED_EDGE('',*,*,#1085,.F.);
#3552 = ORIENTED_EDGE('',*,*,#3553,.F.);
#3553 = EDGE_CURVE('',#197,#1086,#3554,.T.);
#3554 = SURFACE_CURVE('',#3555,(#3560,#3571),.PCURVE_S1.);
#3555 = CIRCLE('',#3556,8.);
#3556 = AXIS2_PLACEMENT_3D('',#3557,#3558,#3559);
#3557 = CARTESIAN_POINT('',(8.,67.,-55.));
#3558 = DIRECTION('',(-0.,-0.,-1.));
#3559 = DIRECTION('',(0.,-1.,0.));
#3560 = PCURVE('',#212,#3561);
#3561 = DEFINITIONAL_REPRESENTATION('',(#3562),#3570);
#3562 = ( BOUNDED_CURVE() B_SPLINE_CURVE(2,(#3563,#3564,#3565,#3566,
#3567,#3568,#3569),.UNSPECIFIED.,.T.,.F.) B_SPLINE_CURVE_WITH_KNOTS((1,2
    ,2,2,2,1),(-2.094395102393,0.,2.094395102393,4.188790204786,
6.28318530718,8.377580409573),.UNSPECIFIED.) CURVE() 
GEOMETRIC_REPRESENTATION_ITEM() RATIONAL_B_SPLINE_CURVE((1.,0.5,1.,0.5,
1.,0.5,1.)) REPRESENTATION_ITEM('') );
#3563 = CARTESIAN_POINT('',(8.,134.));
#3564 = CARTESIAN_POINT('',(-5.856406460551,134.));
#3565 = CARTESIAN_POINT('',(1.071796769724,146.));
#3566 = CARTESIAN_POINT('',(8.,158.));
#3567 = CARTESIAN_POINT('',(14.928203230276,146.));
#3568 = CARTESIAN_POINT('',(21.856406460551,134.));
#3569 = CARTESIAN_POINT('',(8.,134.));
#3570 = ( GEOMETRIC_REPRESENTATION_CONTEXT(2) 
PARAMETRIC_REPRESENTATION_CONTEXT() REPRESENTATION_CONTEXT('2D SPACE',''
  ) );
#3571 = PCURVE('',#240,#3572);
#3572 = DEFINITIONAL_REPRESENTATION('',(#3573),#3577);
#3573 = LINE('',#3574,#3575);
#3574 = CARTESIAN_POINT('',(1.570796326795,-0.));
#3575 = VECTOR('',#3576,1.);
#3576 = DIRECTION('',(-1.,0.));
#3577 = ( GEOMETRIC_REPRESENTATION_CONTEXT(2) 
PARAMETRIC_REPRESENTATION_CONTEXT() REPRESENTATION_CONTEXT('2D SPACE',''
  ) );
#3578 = ADVANCED_FACE('',(#3579),#240,.T.);
#3579 = FACE_BOUND('',#3580,.F.);
#3580 = EDGE_LOOP('',(#3581,#3582,#3583,#3584,#3585,#3606));
#3581 = ORIENTED_EDGE('',*,*,#224,.F.);
#3582 = ORIENTED_EDGE('',*,*,#3553,.T.);
#3583 = ORIENTED_EDGE('',*,*,#1108,.T.);
#3584 = ORIENTED_EDGE('',*,*,#1178,.T.);
#3585 = ORIENTED_EDGE('',*,*,#3586,.F.);
#3586 = EDGE_CURVE('',#3587,#1158,#3589,.T.);
#3587 = VERTEX_POINT('',#3588);
#3588 = CARTESIAN_POINT('',(1.755002001602,72.,-52.));
#3589 = SURFACE_CURVE('',#3590,(#3594,#3600),.PCURVE_S1.);
#3590 = LINE('',#3591,#3592);
#3591 = CARTESIAN_POINT('',(1.755002001602,72.,-55.));
#3592 = VECTOR('',#3593,1.);
#3593 = DIRECTION('',(0.,0.,1.));
#3594 = PCURVE('',#240,#3595);
#3595 = DEFINITIONAL_REPRESENTATION('',(#3596),#3599);
#3596 = B_SPLINE_CURVE_WITH_KNOTS('',1,(#3597,#3598),.UNSPECIFIED.,.F.,
  .F.,(2,2),(-5.999999999062E-07,104.0000006),.PIECEWISE_BEZIER_KNOTS.);
#3597 = CARTESIAN_POINT('',(-0.675131532937,-5.999999999062E-07));
#3598 = CARTESIAN_POINT('',(-0.675131532937,104.0000006));
#3599 = ( GEOMETRIC_REPRESENTATION_CONTEXT(2) 
PARAMETRIC_REPRESENTATION_CONTEXT() REPRESENTATION_CONTEXT('2D SPACE',''
  ) );
#3600 = PCURVE('',#296,#3601);
#3601 = DEFINITIONAL_REPRESENTATION('',(#3602),#3605);
#3602 = B_SPLINE_CURVE_WITH_KNOTS('',1,(#3603,#3604),.UNSPECIFIED.,.F.,
  .F.,(2,2),(-5.999999999062E-07,104.0000006),.PIECEWISE_BEZIER_KNOTS.);
#3603 = CARTESIAN_POINT('',(-3.0000006,1.755002001602));
#3604 = CARTESIAN_POINT('',(101.0000006,1.755002001602));
#3605 = ( GEOMETRIC_REPRESENTATION_CONTEXT(2) 
PARAMETRIC_REPRESENTATION_CONTEXT() REPRESENTATION_CONTEXT('2D SPACE',''
  ) );
#3606 = ORIENTED_EDGE('',*,*,#3607,.T.);
#3607 = EDGE_CURVE('',#3587,#225,#3608,.T.);
#3608 = SURFACE_CURVE('',#3609,(#3614,#3621),.PCURVE_S1.);
#3609 = CIRCLE('',#3610,8.);
#3610 = AXIS2_PLACEMENT_3D('',#3611,#3612,#3613);
#3611 = CARTESIAN_POINT('',(8.,67.,-52.));
#3612 = DIRECTION('',(0.,0.,1.));
#3613 = DIRECTION('',(-1.,-0.,0.));
#3614 = PCURVE('',#240,#3615);
#3615 = DEFINITIONAL_REPRESENTATION('',(#3616),#3620);
#3616 = LINE('',#3617,#3618);
#3617 = CARTESIAN_POINT('',(-6.28318530718,3.));
#3618 = VECTOR('',#3619,1.);
#3619 = DIRECTION('',(1.,-0.));
#3620 = ( GEOMETRIC_REPRESENTATION_CONTEXT(2) 
PARAMETRIC_REPRESENTATION_CONTEXT() REPRESENTATION_CONTEXT('2D SPACE',''
  ) );
#3621 = PCURVE('',#268,#3622);
#3622 = DEFINITIONAL_REPRESENTATION('',(#3623),#3627);
#3623 = CIRCLE('',#3624,8.);
#3624 = AXIS2_PLACEMENT_2D('',#3625,#3626);
#3625 = CARTESIAN_POINT('',(8.,139.));
#3626 = DIRECTION('',(-1.,0.));
#3627 = ( GEOMETRIC_REPRESENTATION_CONTEXT(2) 
PARAMETRIC_REPRESENTATION_CONTEXT() REPRESENTATION_CONTEXT('2D SPACE',''
  ) );
#3628 = ADVANCED_FACE('',(#3629),#296,.T.);
#3629 = FACE_BOUND('',#3630,.T.);
#3630 = EDGE_LOOP('',(#3631,#3632,#3653,#3654));
#3631 = ORIENTED_EDGE('',*,*,#3586,.F.);
#3632 = ORIENTED_EDGE('',*,*,#3633,.F.);
#3633 = EDGE_CURVE('',#253,#3587,#3634,.T.);
#3634 = SURFACE_CURVE('',#3635,(#3639,#3646),.PCURVE_S1.);
#3635 = LINE('',#3636,#3637);
#3636 = CARTESIAN_POINT('',(0.,72.,-52.));
#3637 = VECTOR('',#3638,1.);
#3638 = DIRECTION('',(1.,0.,0.));
#3639 = PCURVE('',#296,#3640);
#3640 = DEFINITIONAL_REPRESENTATION('',(#3641),#3645);
#3641 = LINE('',#3642,#3643);
#3642 = CARTESIAN_POINT('',(0.,0.));
#3643 = VECTOR('',#3644,1.);
#3644 = DIRECTION('',(0.,1.));
#3645 = ( GEOMETRIC_REPRESENTATION_CONTEXT(2) 
PARAMETRIC_REPRESENTATION_CONTEXT() REPRESENTATION_CONTEXT('2D SPACE',''
  ) );
#3646 = PCURVE('',#268,#3647);
#3647 = DEFINITIONAL_REPRESENTATION('',(#3648),#3652);
#3648 = LINE('',#3649,#3650);
#3649 = CARTESIAN_POINT('',(0.,144.));
#3650 = VECTOR('',#3651,1.);
#3651 = DIRECTION('',(1.,0.));
#3652 = ( GEOMETRIC_REPRESENTATION_CONTEXT(2) 
PARAMETRIC_REPRESENTATION_CONTEXT() REPRESENTATION_CONTEXT('2D SPACE',''
  ) );
#3653 = ORIENTED_EDGE('',*,*,#280,.T.);
#3654 = ORIENTED_EDGE('',*,*,#1157,.F.);
#3655 = ADVANCED_FACE('',(#3656),#128,.F.);
#3656 = FACE_BOUND('',#3657,.F.);
#3657 = EDGE_LOOP('',(#3658,#3679,#3700,#3701));
#3658 = ORIENTED_EDGE('',*,*,#3659,.F.);
#3659 = EDGE_CURVE('',#3660,#1229,#3662,.T.);
#3660 = VERTEX_POINT('',#3661);
#3661 = CARTESIAN_POINT('',(1.755002001602,-72.,-52.));
#3662 = SURFACE_CURVE('',#3663,(#3667,#3673),.PCURVE_S1.);
#3663 = LINE('',#3664,#3665);
#3664 = CARTESIAN_POINT('',(1.755002001602,-72.,-55.));
#3665 = VECTOR('',#3666,1.);
#3666 = DIRECTION('',(0.,0.,1.));
#3667 = PCURVE('',#128,#3668);
#3668 = DEFINITIONAL_REPRESENTATION('',(#3669),#3672);
#3669 = B_SPLINE_CURVE_WITH_KNOTS('',1,(#3670,#3671),.UNSPECIFIED.,.F.,
  .F.,(2,2),(-5.999999999062E-07,104.0000006),.PIECEWISE_BEZIER_KNOTS.);
#3670 = CARTESIAN_POINT('',(-3.0000006,1.755002001602));
#3671 = CARTESIAN_POINT('',(101.0000006,1.755002001602));
#3672 = ( GEOMETRIC_REPRESENTATION_CONTEXT(2) 
PARAMETRIC_REPRESENTATION_CONTEXT() REPRESENTATION_CONTEXT('2D SPACE',''
  ) );
#3673 = PCURVE('',#184,#3674);
#3674 = DEFINITIONAL_REPRESENTATION('',(#3675),#3678);
#3675 = B_SPLINE_CURVE_WITH_KNOTS('',1,(#3676,#3677),.UNSPECIFIED.,.F.,
  .F.,(2,2),(-5.999999999062E-07,104.0000006),.PIECEWISE_BEZIER_KNOTS.);
#3676 = CARTESIAN_POINT('',(0.675131532937,-5.999999999062E-07));
#3677 = CARTESIAN_POINT('',(0.675131532937,104.0000006));
#3678 = ( GEOMETRIC_REPRESENTATION_CONTEXT(2) 
PARAMETRIC_REPRESENTATION_CONTEXT() REPRESENTATION_CONTEXT('2D SPACE',''
  ) );
#3679 = ORIENTED_EDGE('',*,*,#3680,.F.);
#3680 = EDGE_CURVE('',#113,#3660,#3681,.T.);
#3681 = SURFACE_CURVE('',#3682,(#3686,#3693),.PCURVE_S1.);
#3682 = LINE('',#3683,#3684);
#3683 = CARTESIAN_POINT('',(0.,-72.,-52.));
#3684 = VECTOR('',#3685,1.);
#3685 = DIRECTION('',(1.,0.,0.));
#3686 = PCURVE('',#128,#3687);
#3687 = DEFINITIONAL_REPRESENTATION('',(#3688),#3692);
#3688 = LINE('',#3689,#3690);
#3689 = CARTESIAN_POINT('',(0.,0.));
#3690 = VECTOR('',#3691,1.);
#3691 = DIRECTION('',(0.,1.));
#3692 = ( GEOMETRIC_REPRESENTATION_CONTEXT(2) 
PARAMETRIC_REPRESENTATION_CONTEXT() REPRESENTATION_CONTEXT('2D SPACE',''
  ) );
#3693 = PCURVE('',#156,#3694);
#3694 = DEFINITIONAL_REPRESENTATION('',(#3695),#3699);
#3695 = LINE('',#3696,#3697);
#3696 = CARTESIAN_POINT('',(0.,0.));
#3697 = VECTOR('',#3698,1.);
#3698 = DIRECTION('',(1.,0.));
#3699 = ( GEOMETRIC_REPRESENTATION_CONTEXT(2) 
PARAMETRIC_REPRESENTATION_CONTEXT() REPRESENTATION_CONTEXT('2D SPACE',''
  ) );
#3700 = ORIENTED_EDGE('',*,*,#112,.T.);
#3701 = ORIENTED_EDGE('',*,*,#1252,.F.);
#3702 = ADVANCED_FACE('',(#3703),#184,.T.);
#3703 = FACE_BOUND('',#3704,.T.);
#3704 = EDGE_LOOP('',(#3705,#3706,#3707,#3708,#3709,#3710));
#3705 = ORIENTED_EDGE('',*,*,#168,.F.);
#3706 = ORIENTED_EDGE('',*,*,#3501,.T.);
#3707 = ORIENTED_EDGE('',*,*,#1349,.T.);
#3708 = ORIENTED_EDGE('',*,*,#1228,.F.);
#3709 = ORIENTED_EDGE('',*,*,#3659,.F.);
#3710 = ORIENTED_EDGE('',*,*,#3711,.F.);
#3711 = EDGE_CURVE('',#141,#3660,#3712,.T.);
#3712 = SURFACE_CURVE('',#3713,(#3718,#3725),.PCURVE_S1.);
#3713 = CIRCLE('',#3714,8.);
#3714 = AXIS2_PLACEMENT_3D('',#3715,#3716,#3717);
#3715 = CARTESIAN_POINT('',(8.,-67.,-52.));
#3716 = DIRECTION('',(0.,0.,1.));
#3717 = DIRECTION('',(-1.,-0.,0.));
#3718 = PCURVE('',#184,#3719);
#3719 = DEFINITIONAL_REPRESENTATION('',(#3720),#3724);
#3720 = LINE('',#3721,#3722);
#3721 = CARTESIAN_POINT('',(0.,3.));
#3722 = VECTOR('',#3723,1.);
#3723 = DIRECTION('',(1.,0.));
#3724 = ( GEOMETRIC_REPRESENTATION_CONTEXT(2) 
PARAMETRIC_REPRESENTATION_CONTEXT() REPRESENTATION_CONTEXT('2D SPACE',''
  ) );
#3725 = PCURVE('',#156,#3726);
#3726 = DEFINITIONAL_REPRESENTATION('',(#3727),#3731);
#3727 = CIRCLE('',#3728,8.);
#3728 = AXIS2_PLACEMENT_2D('',#3729,#3730);
#3729 = CARTESIAN_POINT('',(8.,5.));
#3730 = DIRECTION('',(-1.,0.));
#3731 = ( GEOMETRIC_REPRESENTATION_CONTEXT(2) 
PARAMETRIC_REPRESENTATION_CONTEXT() REPRESENTATION_CONTEXT('2D SPACE',''
  ) );
#3732 = ADVANCED_FACE('',(#3733),#1314,.T.);
#3733 = FACE_BOUND('',#3734,.F.);
#3734 = EDGE_LOOP('',(#3735,#3736,#3737,#3738,#3739,#3740,#3761));
#3735 = ORIENTED_EDGE('',*,*,#2141,.F.);
#3736 = ORIENTED_EDGE('',*,*,#3524,.T.);
#3737 = ORIENTED_EDGE('',*,*,#1298,.T.);
#3738 = ORIENTED_EDGE('',*,*,#3271,.T.);
#3739 = ORIENTED_EDGE('',*,*,#3144,.T.);
#3740 = ORIENTED_EDGE('',*,*,#3741,.T.);
#3741 = EDGE_CURVE('',#3147,#3742,#3744,.T.);
#3742 = VERTEX_POINT('',#3743);
#3743 = CARTESIAN_POINT('',(149.41619848709,-70.,49.));
#3744 = SURFACE_CURVE('',#3745,(#3749,#3755),.PCURVE_S1.);
#3745 = LINE('',#3746,#3747);
#3746 = CARTESIAN_POINT('',(149.41619848709,-70.,-55.));
#3747 = VECTOR('',#3748,1.);
#3748 = DIRECTION('',(0.,0.,1.));
#3749 = PCURVE('',#1314,#3750);
#3750 = DEFINITIONAL_REPRESENTATION('',(#3751),#3754);
#3751 = B_SPLINE_CURVE_WITH_KNOTS('',1,(#3752,#3753),.UNSPECIFIED.,.F.,
  .F.,(2,2),(86.8,104.0000006),.PIECEWISE_BEZIER_KNOTS.);
#3752 = CARTESIAN_POINT('',(-0.384396774496,86.8));
#3753 = CARTESIAN_POINT('',(-0.384396774496,104.0000006));
#3754 = ( GEOMETRIC_REPRESENTATION_CONTEXT(2) 
PARAMETRIC_REPRESENTATION_CONTEXT() REPRESENTATION_CONTEXT('2D SPACE',''
  ) );
#3755 = PCURVE('',#2102,#3756);
#3756 = DEFINITIONAL_REPRESENTATION('',(#3757),#3760);
#3757 = B_SPLINE_CURVE_WITH_KNOTS('',1,(#3758,#3759),.UNSPECIFIED.,.F.,
  .F.,(2,2),(86.8,104.0000006),.PIECEWISE_BEZIER_KNOTS.);
#3758 = CARTESIAN_POINT('',(-5.416198487096,13.2));
#3759 = CARTESIAN_POINT('',(-5.416198487096,-4.0000006));
#3760 = ( GEOMETRIC_REPRESENTATION_CONTEXT(2) 
PARAMETRIC_REPRESENTATION_CONTEXT() REPRESENTATION_CONTEXT('2D SPACE',''
  ) );
#3761 = ORIENTED_EDGE('',*,*,#3762,.T.);
#3762 = EDGE_CURVE('',#3742,#2114,#3763,.T.);
#3763 = SURFACE_CURVE('',#3764,(#3769,#3776),.PCURVE_S1.);
#3764 = CIRCLE('',#3765,8.);
#3765 = AXIS2_PLACEMENT_3D('',#3766,#3767,#3768);
#3766 = CARTESIAN_POINT('',(142.,-67.,49.));
#3767 = DIRECTION('',(0.,0.,1.));
#3768 = DIRECTION('',(1.,0.,-0.));
#3769 = PCURVE('',#1314,#3770);
#3770 = DEFINITIONAL_REPRESENTATION('',(#3771),#3775);
#3771 = LINE('',#3772,#3773);
#3772 = CARTESIAN_POINT('',(-6.28318530718,104.));
#3773 = VECTOR('',#3774,1.);
#3774 = DIRECTION('',(1.,-0.));
#3775 = ( GEOMETRIC_REPRESENTATION_CONTEXT(2) 
PARAMETRIC_REPRESENTATION_CONTEXT() REPRESENTATION_CONTEXT('2D SPACE',''
  ) );
#3776 = PCURVE('',#2129,#3777);
#3777 = DEFINITIONAL_REPRESENTATION('',(#3778),#3782);
#3778 = CIRCLE('',#3779,8.);
#3779 = AXIS2_PLACEMENT_2D('',#3780,#3781);
#3780 = CARTESIAN_POINT('',(142.,8.));
#3781 = DIRECTION('',(1.,0.));
#3782 = ( GEOMETRIC_REPRESENTATION_CONTEXT(2) 
PARAMETRIC_REPRESENTATION_CONTEXT() REPRESENTATION_CONTEXT('2D SPACE',''
  ) );
#3783 = ADVANCED_FACE('',(#3784),#1439,.F.);
#3784 = FACE_BOUND('',#3785,.F.);
#3785 = EDGE_LOOP('',(#3786,#3808,#3809,#3810));
#3786 = ORIENTED_EDGE('',*,*,#3787,.T.);
#3787 = EDGE_CURVE('',#3444,#1399,#3788,.T.);
#3788 = SURFACE_CURVE('',#3789,(#3794,#3801),.PCURVE_S1.);
#3789 = CIRCLE('',#3790,11.);
#3790 = AXIS2_PLACEMENT_3D('',#3791,#3792,#3793);
#3791 = CARTESIAN_POINT('',(144.,70.,45.));
#3792 = DIRECTION('',(0.,-1.,0.));
#3793 = DIRECTION('',(1.110223024625E-16,0.,-1.));
#3794 = PCURVE('',#1439,#3795);
#3795 = DEFINITIONAL_REPRESENTATION('',(#3796),#3800);
#3796 = CIRCLE('',#3797,11.);
#3797 = AXIS2_PLACEMENT_2D('',#3798,#3799);
#3798 = CARTESIAN_POINT('',(0.,0.));
#3799 = DIRECTION('',(0.,1.));
#3800 = ( GEOMETRIC_REPRESENTATION_CONTEXT(2) 
PARAMETRIC_REPRESENTATION_CONTEXT() REPRESENTATION_CONTEXT('2D SPACE',''
  ) );
#3801 = PCURVE('',#1413,#3802);
#3802 = DEFINITIONAL_REPRESENTATION('',(#3803),#3807);
#3803 = LINE('',#3804,#3805);
#3804 = CARTESIAN_POINT('',(-0.,0.));
#3805 = VECTOR('',#3806,1.);
#3806 = DIRECTION('',(-1.,0.));
#3807 = ( GEOMETRIC_REPRESENTATION_CONTEXT(2) 
PARAMETRIC_REPRESENTATION_CONTEXT() REPRESENTATION_CONTEXT('2D SPACE',''
  ) );
#3808 = ORIENTED_EDGE('',*,*,#1424,.T.);
#3809 = ORIENTED_EDGE('',*,*,#3395,.F.);
#3810 = ORIENTED_EDGE('',*,*,#3443,.F.);
#3811 = ADVANCED_FACE('',(#3812),#1413,.T.);
#3812 = FACE_BOUND('',#3813,.F.);
#3813 = EDGE_LOOP('',(#3814,#3815,#3816,#3817,#3818));
#3814 = ORIENTED_EDGE('',*,*,#1398,.T.);
#3815 = ORIENTED_EDGE('',*,*,#3787,.F.);
#3816 = ORIENTED_EDGE('',*,*,#3464,.T.);
#3817 = ORIENTED_EDGE('',*,*,#2210,.F.);
#3818 = ORIENTED_EDGE('',*,*,#1527,.F.);
#3819 = ADVANCED_FACE('',(#3820),#1493,.F.);
#3820 = FACE_BOUND('',#3821,.F.);
#3821 = EDGE_LOOP('',(#3822,#3823,#3844,#3872,#3894));
#3822 = ORIENTED_EDGE('',*,*,#2231,.T.);
#3823 = ORIENTED_EDGE('',*,*,#3824,.F.);
#3824 = EDGE_CURVE('',#3825,#2232,#3827,.T.);
#3825 = VERTEX_POINT('',#3826);
#3826 = CARTESIAN_POINT('',(170.,47.,25.));
#3827 = SURFACE_CURVE('',#3828,(#3832,#3838),.PCURVE_S1.);
#3828 = LINE('',#3829,#3830);
#3829 = CARTESIAN_POINT('',(126.5,47.,25.));
#3830 = VECTOR('',#3831,1.);
#3831 = DIRECTION('',(-1.,0.,0.));
#3832 = PCURVE('',#1493,#3833);
#3833 = DEFINITIONAL_REPRESENTATION('',(#3834),#3837);
#3834 = B_SPLINE_CURVE_WITH_KNOTS('',1,(#3835,#3836),.UNSPECIFIED.,.F.,
  .F.,(2,2),(-43.5,-3.5),.PIECEWISE_BEZIER_KNOTS.);
#3835 = CARTESIAN_POINT('',(40.,13.));
#3836 = CARTESIAN_POINT('',(0.,13.));
#3837 = ( GEOMETRIC_REPRESENTATION_CONTEXT(2) 
PARAMETRIC_REPRESENTATION_CONTEXT() REPRESENTATION_CONTEXT('2D SPACE',''
  ) );
#3838 = PCURVE('',#2269,#3839);
#3839 = DEFINITIONAL_REPRESENTATION('',(#3840),#3843);
#3840 = B_SPLINE_CURVE_WITH_KNOTS('',1,(#3841,#3842),.UNSPECIFIED.,.F.,
  .F.,(2,2),(-43.5,-3.5),.PIECEWISE_BEZIER_KNOTS.);
#3841 = CARTESIAN_POINT('',(1.,47.));
#3842 = CARTESIAN_POINT('',(1.,7.));
#3843 = ( GEOMETRIC_REPRESENTATION_CONTEXT(2) 
PARAMETRIC_REPRESENTATION_CONTEXT() REPRESENTATION_CONTEXT('2D SPACE',''
  ) );
#3844 = ORIENTED_EDGE('',*,*,#3845,.T.);
#3845 = EDGE_CURVE('',#3825,#3846,#3848,.T.);
#3846 = VERTEX_POINT('',#3847);
#3847 = CARTESIAN_POINT('',(170.,61.,25.));
#3848 = SURFACE_CURVE('',#3849,(#3853,#3860),.PCURVE_S1.);
#3849 = LINE('',#3850,#3851);
#3850 = CARTESIAN_POINT('',(170.,34.,25.));
#3851 = VECTOR('',#3852,1.);
#3852 = DIRECTION('',(0.,1.,0.));
#3853 = PCURVE('',#1493,#3854);
#3854 = DEFINITIONAL_REPRESENTATION('',(#3855),#3859);
#3855 = LINE('',#3856,#3857);
#3856 = CARTESIAN_POINT('',(40.,0.));
#3857 = VECTOR('',#3858,1.);
#3858 = DIRECTION('',(0.,1.));
#3859 = ( GEOMETRIC_REPRESENTATION_CONTEXT(2) 
PARAMETRIC_REPRESENTATION_CONTEXT() REPRESENTATION_CONTEXT('2D SPACE',''
  ) );
#3860 = PCURVE('',#3861,#3866);
#3861 = PLANE('',#3862);
#3862 = AXIS2_PLACEMENT_3D('',#3863,#3864,#3865);
#3863 = CARTESIAN_POINT('',(170.,34.,25.));
#3864 = DIRECTION('',(1.,0.,0.));
#3865 = DIRECTION('',(0.,0.,1.));
#3866 = DEFINITIONAL_REPRESENTATION('',(#3867),#3871);
#3867 = LINE('',#3868,#3869);
#3868 = CARTESIAN_POINT('',(0.,0.));
#3869 = VECTOR('',#3870,1.);
#3870 = DIRECTION('',(0.,-1.));
#3871 = ( GEOMETRIC_REPRESENTATION_CONTEXT(2) 
PARAMETRIC_REPRESENTATION_CONTEXT() REPRESENTATION_CONTEXT('2D SPACE',''
  ) );
#3872 = ORIENTED_EDGE('',*,*,#3873,.T.);
#3873 = EDGE_CURVE('',#3846,#1478,#3874,.T.);
#3874 = SURFACE_CURVE('',#3875,(#3880,#3887),.PCURVE_S1.);
#3875 = CIRCLE('',#3876,3.);
#3876 = AXIS2_PLACEMENT_3D('',#3877,#3878,#3879);
#3877 = CARTESIAN_POINT('',(167.,61.,25.));
#3878 = DIRECTION('',(0.,0.,1.));
#3879 = DIRECTION('',(0.,-1.,0.));
#3880 = PCURVE('',#1493,#3881);
#3881 = DEFINITIONAL_REPRESENTATION('',(#3882),#3886);
#3882 = CIRCLE('',#3883,3.);
#3883 = AXIS2_PLACEMENT_2D('',#3884,#3885);
#3884 = CARTESIAN_POINT('',(37.,27.));
#3885 = DIRECTION('',(0.,-1.));
#3886 = ( GEOMETRIC_REPRESENTATION_CONTEXT(2) 
PARAMETRIC_REPRESENTATION_CONTEXT() REPRESENTATION_CONTEXT('2D SPACE',''
  ) );
#3887 = PCURVE('',#1639,#3888);
#3888 = DEFINITIONAL_REPRESENTATION('',(#3889),#3893);
#3889 = LINE('',#3890,#3891);
#3890 = CARTESIAN_POINT('',(-1.570796326795,0.));
#3891 = VECTOR('',#3892,1.);
#3892 = DIRECTION('',(1.,0.));
#3893 = ( GEOMETRIC_REPRESENTATION_CONTEXT(2) 
PARAMETRIC_REPRESENTATION_CONTEXT() REPRESENTATION_CONTEXT('2D SPACE',''
  ) );
#3894 = ORIENTED_EDGE('',*,*,#1475,.F.);
#3895 = ADVANCED_FACE('',(#3896),#1639,.T.);
#3896 = FACE_BOUND('',#3897,.T.);
#3897 = EDGE_LOOP('',(#3898,#3899,#3900,#3924));
#3898 = ORIENTED_EDGE('',*,*,#3873,.T.);
#3899 = ORIENTED_EDGE('',*,*,#1625,.T.);
#3900 = ORIENTED_EDGE('',*,*,#3901,.F.);
#3901 = EDGE_CURVE('',#3902,#1598,#3904,.T.);
#3902 = VERTEX_POINT('',#3903);
#3903 = CARTESIAN_POINT('',(170.,61.,65.));
#3904 = SURFACE_CURVE('',#3905,(#3910,#3917),.PCURVE_S1.);
#3905 = CIRCLE('',#3906,3.);
#3906 = AXIS2_PLACEMENT_3D('',#3907,#3908,#3909);
#3907 = CARTESIAN_POINT('',(167.,61.,65.));
#3908 = DIRECTION('',(0.,0.,1.));
#3909 = DIRECTION('',(0.,-1.,0.));
#3910 = PCURVE('',#1639,#3911);
#3911 = DEFINITIONAL_REPRESENTATION('',(#3912),#3916);
#3912 = LINE('',#3913,#3914);
#3913 = CARTESIAN_POINT('',(-1.570796326795,40.));
#3914 = VECTOR('',#3915,1.);
#3915 = DIRECTION('',(1.,0.));
#3916 = ( GEOMETRIC_REPRESENTATION_CONTEXT(2) 
PARAMETRIC_REPRESENTATION_CONTEXT() REPRESENTATION_CONTEXT('2D SPACE',''
  ) );
#3917 = PCURVE('',#1613,#3918);
#3918 = DEFINITIONAL_REPRESENTATION('',(#3919),#3923);
#3919 = CIRCLE('',#3920,3.);
#3920 = AXIS2_PLACEMENT_2D('',#3921,#3922);
#3921 = CARTESIAN_POINT('',(37.,27.));
#3922 = DIRECTION('',(0.,-1.));
#3923 = ( GEOMETRIC_REPRESENTATION_CONTEXT(2) 
PARAMETRIC_REPRESENTATION_CONTEXT() REPRESENTATION_CONTEXT('2D SPACE',''
  ) );
#3924 = ORIENTED_EDGE('',*,*,#3925,.F.);
#3925 = EDGE_CURVE('',#3846,#3902,#3926,.T.);
#3926 = SURFACE_CURVE('',#3927,(#3931,#3938),.PCURVE_S1.);
#3927 = LINE('',#3928,#3929);
#3928 = CARTESIAN_POINT('',(170.,61.,25.));
#3929 = VECTOR('',#3930,1.);
#3930 = DIRECTION('',(0.,0.,1.));
#3931 = PCURVE('',#1639,#3932);
#3932 = DEFINITIONAL_REPRESENTATION('',(#3933),#3937);
#3933 = LINE('',#3934,#3935);
#3934 = CARTESIAN_POINT('',(0.,0.));
#3935 = VECTOR('',#3936,1.);
#3936 = DIRECTION('',(0.,1.));
#3937 = ( GEOMETRIC_REPRESENTATION_CONTEXT(2) 
PARAMETRIC_REPRESENTATION_CONTEXT() REPRESENTATION_CONTEXT('2D SPACE',''
  ) );
#3938 = PCURVE('',#3861,#3939);
#3939 = DEFINITIONAL_REPRESENTATION('',(#3940),#3944);
#3940 = LINE('',#3941,#3942);
#3941 = CARTESIAN_POINT('',(0.,-27.));
#3942 = VECTOR('',#3943,1.);
#3943 = DIRECTION('',(1.,0.));
#3944 = ( GEOMETRIC_REPRESENTATION_CONTEXT(2) 
PARAMETRIC_REPRESENTATION_CONTEXT() REPRESENTATION_CONTEXT('2D SPACE',''
  ) );
#3945 = ADVANCED_FACE('',(#3946),#1613,.T.);
#3946 = FACE_BOUND('',#3947,.T.);
#3947 = EDGE_LOOP('',(#3948,#3949,#3950,#3951,#3972,#3993,#4014,#4035,
    #4036,#4037));
#3948 = ORIENTED_EDGE('',*,*,#1741,.F.);
#3949 = ORIENTED_EDGE('',*,*,#1790,.F.);
#3950 = ORIENTED_EDGE('',*,*,#1914,.T.);
#3951 = ORIENTED_EDGE('',*,*,#3952,.F.);
#3952 = EDGE_CURVE('',#3953,#1834,#3955,.T.);
#3953 = VERTEX_POINT('',#3954);
#3954 = CARTESIAN_POINT('',(160.,57.,65.));
#3955 = SURFACE_CURVE('',#3956,(#3960,#3966),.PCURVE_S1.);
#3956 = LINE('',#3957,#3958);
#3957 = CARTESIAN_POINT('',(135.,57.,65.));
#3958 = VECTOR('',#3959,1.);
#3959 = DIRECTION('',(-1.,0.,0.));
#3960 = PCURVE('',#1613,#3961);
#3961 = DEFINITIONAL_REPRESENTATION('',(#3962),#3965);
#3962 = B_SPLINE_CURVE_WITH_KNOTS('',1,(#3963,#3964),.UNSPECIFIED.,.F.,
  .F.,(2,2),(-25.,-5.),.PIECEWISE_BEZIER_KNOTS.);
#3963 = CARTESIAN_POINT('',(30.,23.));
#3964 = CARTESIAN_POINT('',(10.,23.));
#3965 = ( GEOMETRIC_REPRESENTATION_CONTEXT(2) 
PARAMETRIC_REPRESENTATION_CONTEXT() REPRESENTATION_CONTEXT('2D SPACE',''
  ) );
#3966 = PCURVE('',#1851,#3967);
#3967 = DEFINITIONAL_REPRESENTATION('',(#3968),#3971);
#3968 = B_SPLINE_CURVE_WITH_KNOTS('',1,(#3969,#3970),.UNSPECIFIED.,.F.,
  .F.,(2,2),(-25.,-5.),.PIECEWISE_BEZIER_KNOTS.);
#3969 = CARTESIAN_POINT('',(17.,20.));
#3970 = CARTESIAN_POINT('',(17.,0.));
#3971 = ( GEOMETRIC_REPRESENTATION_CONTEXT(2) 
PARAMETRIC_REPRESENTATION_CONTEXT() REPRESENTATION_CONTEXT('2D SPACE',''
  ) );
#3972 = ORIENTED_EDGE('',*,*,#3973,.F.);
#3973 = EDGE_CURVE('',#3974,#3953,#3976,.T.);
#3974 = VERTEX_POINT('',#3975);
#3975 = CARTESIAN_POINT('',(160.,47.,65.));
#3976 = SURFACE_CURVE('',#3977,(#3981,#3987),.PCURVE_S1.);
#3977 = LINE('',#3978,#3979);
#3978 = CARTESIAN_POINT('',(160.,37.5,65.));
#3979 = VECTOR('',#3980,1.);
#3980 = DIRECTION('',(0.,1.,0.));
#3981 = PCURVE('',#1613,#3982);
#3982 = DEFINITIONAL_REPRESENTATION('',(#3983),#3986);
#3983 = B_SPLINE_CURVE_WITH_KNOTS('',1,(#3984,#3985),.UNSPECIFIED.,.F.,
  .F.,(2,2),(9.5,19.5),.PIECEWISE_BEZIER_KNOTS.);
#3984 = CARTESIAN_POINT('',(30.,13.));
#3985 = CARTESIAN_POINT('',(30.,23.));
#3986 = ( GEOMETRIC_REPRESENTATION_CONTEXT(2) 
PARAMETRIC_REPRESENTATION_CONTEXT() REPRESENTATION_CONTEXT('2D SPACE',''
  ) );
#3987 = PCURVE('',#2025,#3988);
#3988 = DEFINITIONAL_REPRESENTATION('',(#3989),#3992);
#3989 = B_SPLINE_CURVE_WITH_KNOTS('',1,(#3990,#3991),.UNSPECIFIED.,.F.,
  .F.,(2,2),(9.5,19.5),.PIECEWISE_BEZIER_KNOTS.);
#3990 = CARTESIAN_POINT('',(17.,-6.));
#3991 = CARTESIAN_POINT('',(17.,-16.));
#3992 = ( GEOMETRIC_REPRESENTATION_CONTEXT(2) 
PARAMETRIC_REPRESENTATION_CONTEXT() REPRESENTATION_CONTEXT('2D SPACE',''
  ) );
#3993 = ORIENTED_EDGE('',*,*,#3994,.F.);
#3994 = EDGE_CURVE('',#3995,#3974,#3997,.T.);
#3995 = VERTEX_POINT('',#3996);
#3996 = CARTESIAN_POINT('',(170.,47.,65.));
#3997 = SURFACE_CURVE('',#3998,(#4002,#4008),.PCURVE_S1.);
#3998 = LINE('',#3999,#4000);
#3999 = CARTESIAN_POINT('',(126.5,47.,65.));
#4000 = VECTOR('',#4001,1.);
#4001 = DIRECTION('',(-1.,0.,0.));
#4002 = PCURVE('',#1613,#4003);
#4003 = DEFINITIONAL_REPRESENTATION('',(#4004),#4007);
#4004 = B_SPLINE_CURVE_WITH_KNOTS('',1,(#4005,#4006),.UNSPECIFIED.,.F.,
  .F.,(2,2),(-43.5,-3.5),.PIECEWISE_BEZIER_KNOTS.);
#4005 = CARTESIAN_POINT('',(40.,13.));
#4006 = CARTESIAN_POINT('',(0.,13.));
#4007 = ( GEOMETRIC_REPRESENTATION_CONTEXT(2) 
PARAMETRIC_REPRESENTATION_CONTEXT() REPRESENTATION_CONTEXT('2D SPACE',''
  ) );
#4008 = PCURVE('',#2269,#4009);
#4009 = DEFINITIONAL_REPRESENTATION('',(#4010),#4013);
#4010 = B_SPLINE_CURVE_WITH_KNOTS('',1,(#4011,#4012),.UNSPECIFIED.,.F.,
  .F.,(2,2),(-43.5,-3.5),.PIECEWISE_BEZIER_KNOTS.);
#4011 = CARTESIAN_POINT('',(41.,47.));
#4012 = CARTESIAN_POINT('',(41.,7.));
#4013 = ( GEOMETRIC_REPRESENTATION_CONTEXT(2) 
PARAMETRIC_REPRESENTATION_CONTEXT() REPRESENTATION_CONTEXT('2D SPACE',''
  ) );
#4014 = ORIENTED_EDGE('',*,*,#4015,.T.);
#4015 = EDGE_CURVE('',#3995,#3902,#4016,.T.);
#4016 = SURFACE_CURVE('',#4017,(#4021,#4028),.PCURVE_S1.);
#4017 = LINE('',#4018,#4019);
#4018 = CARTESIAN_POINT('',(170.,34.,65.));
#4019 = VECTOR('',#4020,1.);
#4020 = DIRECTION('',(0.,1.,0.));
#4021 = PCURVE('',#1613,#4022);
#4022 = DEFINITIONAL_REPRESENTATION('',(#4023),#4027);
#4023 = LINE('',#4024,#4025);
#4024 = CARTESIAN_POINT('',(40.,0.));
#4025 = VECTOR('',#4026,1.);
#4026 = DIRECTION('',(0.,1.));
#4027 = ( GEOMETRIC_REPRESENTATION_CONTEXT(2) 
PARAMETRIC_REPRESENTATION_CONTEXT() REPRESENTATION_CONTEXT('2D SPACE',''
  ) );
#4028 = PCURVE('',#3861,#4029);
#4029 = DEFINITIONAL_REPRESENTATION('',(#4030),#4034);
#4030 = LINE('',#4031,#4032);
#4031 = CARTESIAN_POINT('',(40.,0.));
#4032 = VECTOR('',#4033,1.);
#4033 = DIRECTION('',(0.,-1.));
#4034 = ( GEOMETRIC_REPRESENTATION_CONTEXT(2) 
PARAMETRIC_REPRESENTATION_CONTEXT() REPRESENTATION_CONTEXT('2D SPACE',''
  ) );
#4035 = ORIENTED_EDGE('',*,*,#3901,.T.);
#4036 = ORIENTED_EDGE('',*,*,#1597,.F.);
#4037 = ORIENTED_EDGE('',*,*,#1712,.F.);
#4038 = ADVANCED_FACE('',(#4039),#1851,.T.);
#4039 = FACE_BOUND('',#4040,.T.);
#4040 = EDGE_LOOP('',(#4041,#4064,#4065,#4066));
#4041 = ORIENTED_EDGE('',*,*,#4042,.F.);
#4042 = EDGE_CURVE('',#3953,#4043,#4045,.T.);
#4043 = VERTEX_POINT('',#4044);
#4044 = CARTESIAN_POINT('',(160.,57.,78.));
#4045 = SURFACE_CURVE('',#4046,(#4050,#4057),.PCURVE_S1.);
#4046 = LINE('',#4047,#4048);
#4047 = CARTESIAN_POINT('',(160.,57.,48.));
#4048 = VECTOR('',#4049,1.);
#4049 = DIRECTION('',(0.,0.,1.));
#4050 = PCURVE('',#1851,#4051);
#4051 = DEFINITIONAL_REPRESENTATION('',(#4052),#4056);
#4052 = LINE('',#4053,#4054);
#4053 = CARTESIAN_POINT('',(0.,20.));
#4054 = VECTOR('',#4055,1.);
#4055 = DIRECTION('',(1.,0.));
#4056 = ( GEOMETRIC_REPRESENTATION_CONTEXT(2) 
PARAMETRIC_REPRESENTATION_CONTEXT() REPRESENTATION_CONTEXT('2D SPACE',''
  ) );
#4057 = PCURVE('',#2025,#4058);
#4058 = DEFINITIONAL_REPRESENTATION('',(#4059),#4063);
#4059 = LINE('',#4060,#4061);
#4060 = CARTESIAN_POINT('',(0.,-16.));
#4061 = VECTOR('',#4062,1.);
#4062 = DIRECTION('',(1.,0.));
#4063 = ( GEOMETRIC_REPRESENTATION_CONTEXT(2) 
PARAMETRIC_REPRESENTATION_CONTEXT() REPRESENTATION_CONTEXT('2D SPACE',''
  ) );
#4064 = ORIENTED_EDGE('',*,*,#3952,.T.);
#4065 = ORIENTED_EDGE('',*,*,#1833,.T.);
#4066 = ORIENTED_EDGE('',*,*,#4067,.T.);
#4067 = EDGE_CURVE('',#1836,#4043,#4068,.T.);
#4068 = SURFACE_CURVE('',#4069,(#4073,#4080),.PCURVE_S1.);
#4069 = LINE('',#4070,#4071);
#4070 = CARTESIAN_POINT('',(140.,57.,78.));
#4071 = VECTOR('',#4072,1.);
#4072 = DIRECTION('',(1.,0.,0.));
#4073 = PCURVE('',#1851,#4074);
#4074 = DEFINITIONAL_REPRESENTATION('',(#4075),#4079);
#4075 = LINE('',#4076,#4077);
#4076 = CARTESIAN_POINT('',(30.,0.));
#4077 = VECTOR('',#4078,1.);
#4078 = DIRECTION('',(0.,1.));
#4079 = ( GEOMETRIC_REPRESENTATION_CONTEXT(2) 
PARAMETRIC_REPRESENTATION_CONTEXT() REPRESENTATION_CONTEXT('2D SPACE',''
  ) );
#4080 = PCURVE('',#1879,#4081);
#4081 = DEFINITIONAL_REPRESENTATION('',(#4082),#4086);
#4082 = LINE('',#4083,#4084);
#4083 = CARTESIAN_POINT('',(0.,16.));
#4084 = VECTOR('',#4085,1.);
#4085 = DIRECTION('',(1.,0.));
#4086 = ( GEOMETRIC_REPRESENTATION_CONTEXT(2) 
PARAMETRIC_REPRESENTATION_CONTEXT() REPRESENTATION_CONTEXT('2D SPACE',''
  ) );
#4087 = ADVANCED_FACE('',(#4088),#1879,.T.);
#4088 = FACE_BOUND('',#4089,.T.);
#4089 = EDGE_LOOP('',(#4090,#4091,#4092,#4113));
#4090 = ORIENTED_EDGE('',*,*,#1863,.F.);
#4091 = ORIENTED_EDGE('',*,*,#1988,.T.);
#4092 = ORIENTED_EDGE('',*,*,#4093,.T.);
#4093 = EDGE_CURVE('',#1989,#4043,#4094,.T.);
#4094 = SURFACE_CURVE('',#4095,(#4099,#4106),.PCURVE_S1.);
#4095 = LINE('',#4096,#4097);
#4096 = CARTESIAN_POINT('',(160.,41.,78.));
#4097 = VECTOR('',#4098,1.);
#4098 = DIRECTION('',(0.,1.,0.));
#4099 = PCURVE('',#1879,#4100);
#4100 = DEFINITIONAL_REPRESENTATION('',(#4101),#4105);
#4101 = LINE('',#4102,#4103);
#4102 = CARTESIAN_POINT('',(20.,0.));
#4103 = VECTOR('',#4104,1.);
#4104 = DIRECTION('',(0.,1.));
#4105 = ( GEOMETRIC_REPRESENTATION_CONTEXT(2) 
PARAMETRIC_REPRESENTATION_CONTEXT() REPRESENTATION_CONTEXT('2D SPACE',''
  ) );
#4106 = PCURVE('',#2025,#4107);
#4107 = DEFINITIONAL_REPRESENTATION('',(#4108),#4112);
#4108 = LINE('',#4109,#4110);
#4109 = CARTESIAN_POINT('',(30.,0.));
#4110 = VECTOR('',#4111,1.);
#4111 = DIRECTION('',(0.,-1.));
#4112 = ( GEOMETRIC_REPRESENTATION_CONTEXT(2) 
PARAMETRIC_REPRESENTATION_CONTEXT() REPRESENTATION_CONTEXT('2D SPACE',''
  ) );
#4113 = ORIENTED_EDGE('',*,*,#4067,.F.);
#4114 = ADVANCED_FACE('',(#4115),#1954,.F.);
#4115 = FACE_BOUND('',#4116,.F.);
#4116 = EDGE_LOOP('',(#4117,#4118,#4119,#4142));
#4117 = ORIENTED_EDGE('',*,*,#2280,.T.);
#4118 = ORIENTED_EDGE('',*,*,#1936,.T.);
#4119 = ORIENTED_EDGE('',*,*,#4120,.T.);
#4120 = EDGE_CURVE('',#1939,#4121,#4123,.T.);
#4121 = VERTEX_POINT('',#4122);
#4122 = CARTESIAN_POINT('',(160.,47.,48.));
#4123 = SURFACE_CURVE('',#4124,(#4128,#4135),.PCURVE_S1.);
#4124 = LINE('',#4125,#4126);
#4125 = CARTESIAN_POINT('',(160.,41.,48.));
#4126 = VECTOR('',#4127,1.);
#4127 = DIRECTION('',(0.,1.,0.));
#4128 = PCURVE('',#1954,#4129);
#4129 = DEFINITIONAL_REPRESENTATION('',(#4130),#4134);
#4130 = LINE('',#4131,#4132);
#4131 = CARTESIAN_POINT('',(20.,0.));
#4132 = VECTOR('',#4133,1.);
#4133 = DIRECTION('',(0.,1.));
#4134 = ( GEOMETRIC_REPRESENTATION_CONTEXT(2) 
PARAMETRIC_REPRESENTATION_CONTEXT() REPRESENTATION_CONTEXT('2D SPACE',''
  ) );
#4135 = PCURVE('',#2025,#4136);
#4136 = DEFINITIONAL_REPRESENTATION('',(#4137),#4141);
#4137 = LINE('',#4138,#4139);
#4138 = CARTESIAN_POINT('',(0.,0.));
#4139 = VECTOR('',#4140,1.);
#4140 = DIRECTION('',(0.,-1.));
#4141 = ( GEOMETRIC_REPRESENTATION_CONTEXT(2) 
PARAMETRIC_REPRESENTATION_CONTEXT() REPRESENTATION_CONTEXT('2D SPACE',''
  ) );
#4142 = ORIENTED_EDGE('',*,*,#4143,.F.);
#4143 = EDGE_CURVE('',#2254,#4121,#4144,.T.);
#4144 = SURFACE_CURVE('',#4145,(#4149,#4155),.PCURVE_S1.);
#4145 = LINE('',#4146,#4147);
#4146 = CARTESIAN_POINT('',(131.5,47.,48.));
#4147 = VECTOR('',#4148,1.);
#4148 = DIRECTION('',(1.,0.,0.));
#4149 = PCURVE('',#1954,#4150);
#4150 = DEFINITIONAL_REPRESENTATION('',(#4151),#4154);
#4151 = B_SPLINE_CURVE_WITH_KNOTS('',1,(#4152,#4153),.UNSPECIFIED.,.F.,
  .F.,(2,2),(8.5,28.5),.PIECEWISE_BEZIER_KNOTS.);
#4152 = CARTESIAN_POINT('',(0.,6.));
#4153 = CARTESIAN_POINT('',(20.,6.));
#4154 = ( GEOMETRIC_REPRESENTATION_CONTEXT(2) 
PARAMETRIC_REPRESENTATION_CONTEXT() REPRESENTATION_CONTEXT('2D SPACE',''
  ) );
#4155 = PCURVE('',#2269,#4156);
#4156 = DEFINITIONAL_REPRESENTATION('',(#4157),#4160);
#4157 = B_SPLINE_CURVE_WITH_KNOTS('',1,(#4158,#4159),.UNSPECIFIED.,.F.,
  .F.,(2,2),(8.5,28.5),.PIECEWISE_BEZIER_KNOTS.);
#4158 = CARTESIAN_POINT('',(24.,17.));
#4159 = CARTESIAN_POINT('',(24.,37.));
#4160 = ( GEOMETRIC_REPRESENTATION_CONTEXT(2) 
PARAMETRIC_REPRESENTATION_CONTEXT() REPRESENTATION_CONTEXT('2D SPACE',''
  ) );
#4161 = ADVANCED_FACE('',(#4162),#2025,.T.);
#4162 = FACE_BOUND('',#4163,.T.);
#4163 = EDGE_LOOP('',(#4164,#4165,#4166,#4167,#4186,#4187));
#4164 = ORIENTED_EDGE('',*,*,#4093,.F.);
#4165 = ORIENTED_EDGE('',*,*,#2011,.F.);
#4166 = ORIENTED_EDGE('',*,*,#4120,.T.);
#4167 = ORIENTED_EDGE('',*,*,#4168,.F.);
#4168 = EDGE_CURVE('',#3974,#4121,#4169,.T.);
#4169 = SURFACE_CURVE('',#4170,(#4174,#4180),.PCURVE_S1.);
#4170 = LINE('',#4171,#4172);
#4171 = CARTESIAN_POINT('',(160.,47.,36.));
#4172 = VECTOR('',#4173,1.);
#4173 = DIRECTION('',(0.,0.,-1.));
#4174 = PCURVE('',#2025,#4175);
#4175 = DEFINITIONAL_REPRESENTATION('',(#4176),#4179);
#4176 = B_SPLINE_CURVE_WITH_KNOTS('',1,(#4177,#4178),.UNSPECIFIED.,.F.,
  .F.,(2,2),(-29.,-12.),.PIECEWISE_BEZIER_KNOTS.);
#4177 = CARTESIAN_POINT('',(17.,-6.));
#4178 = CARTESIAN_POINT('',(0.,-6.));
#4179 = ( GEOMETRIC_REPRESENTATION_CONTEXT(2) 
PARAMETRIC_REPRESENTATION_CONTEXT() REPRESENTATION_CONTEXT('2D SPACE',''
  ) );
#4180 = PCURVE('',#2269,#4181);
#4181 = DEFINITIONAL_REPRESENTATION('',(#4182),#4185);
#4182 = B_SPLINE_CURVE_WITH_KNOTS('',1,(#4183,#4184),.UNSPECIFIED.,.F.,
  .F.,(2,2),(-29.,-12.),.PIECEWISE_BEZIER_KNOTS.);
#4183 = CARTESIAN_POINT('',(41.,37.));
#4184 = CARTESIAN_POINT('',(24.,37.));
#4185 = ( GEOMETRIC_REPRESENTATION_CONTEXT(2) 
PARAMETRIC_REPRESENTATION_CONTEXT() REPRESENTATION_CONTEXT('2D SPACE',''
  ) );
#4186 = ORIENTED_EDGE('',*,*,#3973,.T.);
#4187 = ORIENTED_EDGE('',*,*,#4042,.T.);
#4188 = ADVANCED_FACE('',(#4189),#2102,.F.);
#4189 = FACE_BOUND('',#4190,.F.);
#4190 = EDGE_LOOP('',(#4191,#4192,#4193,#4212));
#4191 = ORIENTED_EDGE('',*,*,#3340,.T.);
#4192 = ORIENTED_EDGE('',*,*,#2086,.T.);
#4193 = ORIENTED_EDGE('',*,*,#4194,.F.);
#4194 = EDGE_CURVE('',#3742,#2087,#4195,.T.);
#4195 = SURFACE_CURVE('',#4196,(#4200,#4206),.PCURVE_S1.);
#4196 = LINE('',#4197,#4198);
#4197 = CARTESIAN_POINT('',(72.,-70.,49.));
#4198 = VECTOR('',#4199,1.);
#4199 = DIRECTION('',(1.,-0.,0.));
#4200 = PCURVE('',#2102,#4201);
#4201 = DEFINITIONAL_REPRESENTATION('',(#4202),#4205);
#4202 = B_SPLINE_CURVE_WITH_KNOTS('',1,(#4203,#4204),.UNSPECIFIED.,.F.,
  .F.,(2,2),(70.,78.),.PIECEWISE_BEZIER_KNOTS.);
#4203 = CARTESIAN_POINT('',(2.,-4.));
#4204 = CARTESIAN_POINT('',(-6.,-4.));
#4205 = ( GEOMETRIC_REPRESENTATION_CONTEXT(2) 
PARAMETRIC_REPRESENTATION_CONTEXT() REPRESENTATION_CONTEXT('2D SPACE',''
  ) );
#4206 = PCURVE('',#2129,#4207);
#4207 = DEFINITIONAL_REPRESENTATION('',(#4208),#4211);
#4208 = B_SPLINE_CURVE_WITH_KNOTS('',1,(#4209,#4210),.UNSPECIFIED.,.F.,
  .F.,(2,2),(70.,78.),.PIECEWISE_BEZIER_KNOTS.);
#4209 = CARTESIAN_POINT('',(142.,5.));
#4210 = CARTESIAN_POINT('',(150.,5.));
#4211 = ( GEOMETRIC_REPRESENTATION_CONTEXT(2) 
PARAMETRIC_REPRESENTATION_CONTEXT() REPRESENTATION_CONTEXT('2D SPACE',''
  ) );
#4212 = ORIENTED_EDGE('',*,*,#3741,.F.);
#4213 = ADVANCED_FACE('',(#4214),#2129,.F.);
#4214 = FACE_BOUND('',#4215,.F.);
#4215 = EDGE_LOOP('',(#4216,#4217,#4218));
#4216 = ORIENTED_EDGE('',*,*,#3762,.F.);
#4217 = ORIENTED_EDGE('',*,*,#4194,.T.);
#4218 = ORIENTED_EDGE('',*,*,#2113,.T.);
#4219 = ADVANCED_FACE('',(#4220),#2269,.F.);
#4220 = FACE_BOUND('',#4221,.F.);
#4221 = EDGE_LOOP('',(#4222,#4241,#4242,#4243,#4244,#4245));
#4222 = ORIENTED_EDGE('',*,*,#4223,.F.);
#4223 = EDGE_CURVE('',#3825,#3995,#4224,.T.);
#4224 = SURFACE_CURVE('',#4225,(#4229,#4235),.PCURVE_S1.);
#4225 = LINE('',#4226,#4227);
#4226 = CARTESIAN_POINT('',(170.,47.,24.5));
#4227 = VECTOR('',#4228,1.);
#4228 = DIRECTION('',(0.,0.,1.));
#4229 = PCURVE('',#2269,#4230);
#4230 = DEFINITIONAL_REPRESENTATION('',(#4231),#4234);
#4231 = B_SPLINE_CURVE_WITH_KNOTS('',1,(#4232,#4233),.UNSPECIFIED.,.F.,
  .F.,(2,2),(0.5,40.5),.PIECEWISE_BEZIER_KNOTS.);
#4232 = CARTESIAN_POINT('',(1.,47.));
#4233 = CARTESIAN_POINT('',(41.,47.));
#4234 = ( GEOMETRIC_REPRESENTATION_CONTEXT(2) 
PARAMETRIC_REPRESENTATION_CONTEXT() REPRESENTATION_CONTEXT('2D SPACE',''
  ) );
#4235 = PCURVE('',#3861,#4236);
#4236 = DEFINITIONAL_REPRESENTATION('',(#4237),#4240);
#4237 = B_SPLINE_CURVE_WITH_KNOTS('',1,(#4238,#4239),.UNSPECIFIED.,.F.,
  .F.,(2,2),(0.5,40.5),.PIECEWISE_BEZIER_KNOTS.);
#4238 = CARTESIAN_POINT('',(0.,-13.));
#4239 = CARTESIAN_POINT('',(40.,-13.));
#4240 = ( GEOMETRIC_REPRESENTATION_CONTEXT(2) 
PARAMETRIC_REPRESENTATION_CONTEXT() REPRESENTATION_CONTEXT('2D SPACE',''
  ) );
#4241 = ORIENTED_EDGE('',*,*,#3824,.T.);
#4242 = ORIENTED_EDGE('',*,*,#2253,.T.);
#4243 = ORIENTED_EDGE('',*,*,#4143,.T.);
#4244 = ORIENTED_EDGE('',*,*,#4168,.F.);
#4245 = ORIENTED_EDGE('',*,*,#3994,.F.);
#4246 = ADVANCED_FACE('',(#4247),#2340,.F.);
#4247 = FACE_BOUND('',#4248,.F.);
#4248 = EDGE_LOOP('',(#4249,#4250,#4271,#4292));
#4249 = ORIENTED_EDGE('',*,*,#2324,.T.);
#4250 = ORIENTED_EDGE('',*,*,#4251,.T.);
#4251 = EDGE_CURVE('',#2325,#4252,#4254,.T.);
#4252 = VERTEX_POINT('',#4253);
#4253 = CARTESIAN_POINT('',(160.,-47.,48.));
#4254 = SURFACE_CURVE('',#4255,(#4259,#4265),.PCURVE_S1.);
#4255 = LINE('',#4256,#4257);
#4256 = CARTESIAN_POINT('',(131.5,-47.,48.));
#4257 = VECTOR('',#4258,1.);
#4258 = DIRECTION('',(1.,0.,0.));
#4259 = PCURVE('',#2340,#4260);
#4260 = DEFINITIONAL_REPRESENTATION('',(#4261),#4264);
#4261 = B_SPLINE_CURVE_WITH_KNOTS('',1,(#4262,#4263),.UNSPECIFIED.,.F.,
  .F.,(2,2),(8.5,28.5),.PIECEWISE_BEZIER_KNOTS.);
#4262 = CARTESIAN_POINT('',(0.,10.));
#4263 = CARTESIAN_POINT('',(20.,10.));
#4264 = ( GEOMETRIC_REPRESENTATION_CONTEXT(2) 
PARAMETRIC_REPRESENTATION_CONTEXT() REPRESENTATION_CONTEXT('2D SPACE',''
  ) );
#4265 = PCURVE('',#2367,#4266);
#4266 = DEFINITIONAL_REPRESENTATION('',(#4267),#4270);
#4267 = B_SPLINE_CURVE_WITH_KNOTS('',1,(#4268,#4269),.UNSPECIFIED.,.F.,
  .F.,(2,2),(8.5,28.5),.PIECEWISE_BEZIER_KNOTS.);
#4268 = CARTESIAN_POINT('',(24.,17.));
#4269 = CARTESIAN_POINT('',(24.,37.));
#4270 = ( GEOMETRIC_REPRESENTATION_CONTEXT(2) 
PARAMETRIC_REPRESENTATION_CONTEXT() REPRESENTATION_CONTEXT('2D SPACE',''
  ) );
#4271 = ORIENTED_EDGE('',*,*,#4272,.T.);
#4272 = EDGE_CURVE('',#4252,#2690,#4273,.T.);
#4273 = SURFACE_CURVE('',#4274,(#4278,#4285),.PCURVE_S1.);
#4274 = LINE('',#4275,#4276);
#4275 = CARTESIAN_POINT('',(160.,-57.,48.));
#4276 = VECTOR('',#4277,1.);
#4277 = DIRECTION('',(0.,1.,0.));
#4278 = PCURVE('',#2340,#4279);
#4279 = DEFINITIONAL_REPRESENTATION('',(#4280),#4284);
#4280 = LINE('',#4281,#4282);
#4281 = CARTESIAN_POINT('',(20.,0.));
#4282 = VECTOR('',#4283,1.);
#4283 = DIRECTION('',(0.,1.));
#4284 = ( GEOMETRIC_REPRESENTATION_CONTEXT(2) 
PARAMETRIC_REPRESENTATION_CONTEXT() REPRESENTATION_CONTEXT('2D SPACE',''
  ) );
#4285 = PCURVE('',#2779,#4286);
#4286 = DEFINITIONAL_REPRESENTATION('',(#4287),#4291);
#4287 = LINE('',#4288,#4289);
#4288 = CARTESIAN_POINT('',(0.,0.));
#4289 = VECTOR('',#4290,1.);
#4290 = DIRECTION('',(0.,-1.));
#4291 = ( GEOMETRIC_REPRESENTATION_CONTEXT(2) 
PARAMETRIC_REPRESENTATION_CONTEXT() REPRESENTATION_CONTEXT('2D SPACE',''
  ) );
#4292 = ORIENTED_EDGE('',*,*,#2689,.F.);
#4293 = ADVANCED_FACE('',(#4294),#2367,.T.);
#4294 = FACE_BOUND('',#4295,.T.);
#4295 = EDGE_LOOP('',(#4296,#4324,#4343,#4344,#4345,#4366));
#4296 = ORIENTED_EDGE('',*,*,#4297,.F.);
#4297 = EDGE_CURVE('',#4298,#4300,#4302,.T.);
#4298 = VERTEX_POINT('',#4299);
#4299 = CARTESIAN_POINT('',(170.,-47.,25.));
#4300 = VERTEX_POINT('',#4301);
#4301 = CARTESIAN_POINT('',(170.,-47.,65.));
#4302 = SURFACE_CURVE('',#4303,(#4307,#4313),.PCURVE_S1.);
#4303 = LINE('',#4304,#4305);
#4304 = CARTESIAN_POINT('',(170.,-47.,24.5));
#4305 = VECTOR('',#4306,1.);
#4306 = DIRECTION('',(0.,0.,1.));
#4307 = PCURVE('',#2367,#4308);
#4308 = DEFINITIONAL_REPRESENTATION('',(#4309),#4312);
#4309 = B_SPLINE_CURVE_WITH_KNOTS('',1,(#4310,#4311),.UNSPECIFIED.,.F.,
  .F.,(2,2),(0.5,40.5),.PIECEWISE_BEZIER_KNOTS.);
#4310 = CARTESIAN_POINT('',(1.,47.));
#4311 = CARTESIAN_POINT('',(41.,47.));
#4312 = ( GEOMETRIC_REPRESENTATION_CONTEXT(2) 
PARAMETRIC_REPRESENTATION_CONTEXT() REPRESENTATION_CONTEXT('2D SPACE',''
  ) );
#4313 = PCURVE('',#4314,#4319);
#4314 = PLANE('',#4315);
#4315 = AXIS2_PLACEMENT_3D('',#4316,#4317,#4318);
#4316 = CARTESIAN_POINT('',(170.,-64.,25.));
#4317 = DIRECTION('',(1.,0.,0.));
#4318 = DIRECTION('',(0.,0.,1.));
#4319 = DEFINITIONAL_REPRESENTATION('',(#4320),#4323);
#4320 = B_SPLINE_CURVE_WITH_KNOTS('',1,(#4321,#4322),.UNSPECIFIED.,.F.,
  .F.,(2,2),(0.5,40.5),.PIECEWISE_BEZIER_KNOTS.);
#4321 = CARTESIAN_POINT('',(0.,-17.));
#4322 = CARTESIAN_POINT('',(40.,-17.));
#4323 = ( GEOMETRIC_REPRESENTATION_CONTEXT(2) 
PARAMETRIC_REPRESENTATION_CONTEXT() REPRESENTATION_CONTEXT('2D SPACE',''
  ) );
#4324 = ORIENTED_EDGE('',*,*,#4325,.T.);
#4325 = EDGE_CURVE('',#4298,#2352,#4326,.T.);
#4326 = SURFACE_CURVE('',#4327,(#4331,#4337),.PCURVE_S1.);
#4327 = LINE('',#4328,#4329);
#4328 = CARTESIAN_POINT('',(126.5,-47.,25.));
#4329 = VECTOR('',#4330,1.);
#4330 = DIRECTION('',(-1.,0.,0.));
#4331 = PCURVE('',#2367,#4332);
#4332 = DEFINITIONAL_REPRESENTATION('',(#4333),#4336);
#4333 = B_SPLINE_CURVE_WITH_KNOTS('',1,(#4334,#4335),.UNSPECIFIED.,.F.,
  .F.,(2,2),(-43.5,-3.5),.PIECEWISE_BEZIER_KNOTS.);
#4334 = CARTESIAN_POINT('',(1.,47.));
#4335 = CARTESIAN_POINT('',(1.,7.));
#4336 = ( GEOMETRIC_REPRESENTATION_CONTEXT(2) 
PARAMETRIC_REPRESENTATION_CONTEXT() REPRESENTATION_CONTEXT('2D SPACE',''
  ) );
#4337 = PCURVE('',#2394,#4338);
#4338 = DEFINITIONAL_REPRESENTATION('',(#4339),#4342);
#4339 = B_SPLINE_CURVE_WITH_KNOTS('',1,(#4340,#4341),.UNSPECIFIED.,.F.,
  .F.,(2,2),(-43.5,-3.5),.PIECEWISE_BEZIER_KNOTS.);
#4340 = CARTESIAN_POINT('',(40.,17.));
#4341 = CARTESIAN_POINT('',(0.,17.));
#4342 = ( GEOMETRIC_REPRESENTATION_CONTEXT(2) 
PARAMETRIC_REPRESENTATION_CONTEXT() REPRESENTATION_CONTEXT('2D SPACE',''
  ) );
#4343 = ORIENTED_EDGE('',*,*,#2351,.T.);
#4344 = ORIENTED_EDGE('',*,*,#4251,.T.);
#4345 = ORIENTED_EDGE('',*,*,#4346,.F.);
#4346 = EDGE_CURVE('',#4347,#4252,#4349,.T.);
#4347 = VERTEX_POINT('',#4348);
#4348 = CARTESIAN_POINT('',(160.,-47.,65.));
#4349 = SURFACE_CURVE('',#4350,(#4354,#4360),.PCURVE_S1.);
#4350 = LINE('',#4351,#4352);
#4351 = CARTESIAN_POINT('',(160.,-47.,36.));
#4352 = VECTOR('',#4353,1.);
#4353 = DIRECTION('',(0.,0.,-1.));
#4354 = PCURVE('',#2367,#4355);
#4355 = DEFINITIONAL_REPRESENTATION('',(#4356),#4359);
#4356 = B_SPLINE_CURVE_WITH_KNOTS('',1,(#4357,#4358),.UNSPECIFIED.,.F.,
  .F.,(2,2),(-29.,-12.),.PIECEWISE_BEZIER_KNOTS.);
#4357 = CARTESIAN_POINT('',(41.,37.));
#4358 = CARTESIAN_POINT('',(24.,37.));
#4359 = ( GEOMETRIC_REPRESENTATION_CONTEXT(2) 
PARAMETRIC_REPRESENTATION_CONTEXT() REPRESENTATION_CONTEXT('2D SPACE',''
  ) );
#4360 = PCURVE('',#2779,#4361);
#4361 = DEFINITIONAL_REPRESENTATION('',(#4362),#4365);
#4362 = B_SPLINE_CURVE_WITH_KNOTS('',1,(#4363,#4364),.UNSPECIFIED.,.F.,
  .F.,(2,2),(-29.,-12.),.PIECEWISE_BEZIER_KNOTS.);
#4363 = CARTESIAN_POINT('',(17.,-10.));
#4364 = CARTESIAN_POINT('',(0.,-10.));
#4365 = ( GEOMETRIC_REPRESENTATION_CONTEXT(2) 
PARAMETRIC_REPRESENTATION_CONTEXT() REPRESENTATION_CONTEXT('2D SPACE',''
  ) );
#4366 = ORIENTED_EDGE('',*,*,#4367,.F.);
#4367 = EDGE_CURVE('',#4300,#4347,#4368,.T.);
#4368 = SURFACE_CURVE('',#4369,(#4373,#4379),.PCURVE_S1.);
#4369 = LINE('',#4370,#4371);
#4370 = CARTESIAN_POINT('',(126.5,-47.,65.));
#4371 = VECTOR('',#4372,1.);
#4372 = DIRECTION('',(-1.,0.,0.));
#4373 = PCURVE('',#2367,#4374);
#4374 = DEFINITIONAL_REPRESENTATION('',(#4375),#4378);
#4375 = B_SPLINE_CURVE_WITH_KNOTS('',1,(#4376,#4377),.UNSPECIFIED.,.F.,
  .F.,(2,2),(-43.5,-3.5),.PIECEWISE_BEZIER_KNOTS.);
#4376 = CARTESIAN_POINT('',(41.,47.));
#4377 = CARTESIAN_POINT('',(41.,7.));
#4378 = ( GEOMETRIC_REPRESENTATION_CONTEXT(2) 
PARAMETRIC_REPRESENTATION_CONTEXT() REPRESENTATION_CONTEXT('2D SPACE',''
  ) );
#4379 = PCURVE('',#2839,#4380);
#4380 = DEFINITIONAL_REPRESENTATION('',(#4381),#4384);
#4381 = B_SPLINE_CURVE_WITH_KNOTS('',1,(#4382,#4383),.UNSPECIFIED.,.F.,
  .F.,(2,2),(-43.5,-3.5),.PIECEWISE_BEZIER_KNOTS.);
#4382 = CARTESIAN_POINT('',(40.,17.));
#4383 = CARTESIAN_POINT('',(0.,17.));
#4384 = ( GEOMETRIC_REPRESENTATION_CONTEXT(2) 
PARAMETRIC_REPRESENTATION_CONTEXT() REPRESENTATION_CONTEXT('2D SPACE',''
  ) );
#4385 = ADVANCED_FACE('',(#4386),#2394,.F.);
#4386 = FACE_BOUND('',#4387,.F.);
#4387 = EDGE_LOOP('',(#4388,#4389,#4390,#4391,#4419));
#4388 = ORIENTED_EDGE('',*,*,#4325,.T.);
#4389 = ORIENTED_EDGE('',*,*,#2378,.T.);
#4390 = ORIENTED_EDGE('',*,*,#3039,.T.);
#4391 = ORIENTED_EDGE('',*,*,#4392,.F.);
#4392 = EDGE_CURVE('',#4393,#3040,#4395,.T.);
#4393 = VERTEX_POINT('',#4394);
#4394 = CARTESIAN_POINT('',(170.,-61.,25.));
#4395 = SURFACE_CURVE('',#4396,(#4401,#4412),.PCURVE_S1.);
#4396 = CIRCLE('',#4397,3.);
#4397 = AXIS2_PLACEMENT_3D('',#4398,#4399,#4400);
#4398 = CARTESIAN_POINT('',(167.,-61.,25.));
#4399 = DIRECTION('',(-0.,-0.,-1.));
#4400 = DIRECTION('',(0.,-1.,0.));
#4401 = PCURVE('',#2394,#4402);
#4402 = DEFINITIONAL_REPRESENTATION('',(#4403),#4411);
#4403 = ( BOUNDED_CURVE() B_SPLINE_CURVE(2,(#4404,#4405,#4406,#4407,
#4408,#4409,#4410),.UNSPECIFIED.,.T.,.F.) B_SPLINE_CURVE_WITH_KNOTS((1,2
    ,2,2,2,1),(-2.094395102393,0.,2.094395102393,4.188790204786,
6.28318530718,8.377580409573),.UNSPECIFIED.) CURVE() 
GEOMETRIC_REPRESENTATION_ITEM() RATIONAL_B_SPLINE_CURVE((1.,0.5,1.,0.5,
1.,0.5,1.)) REPRESENTATION_ITEM('') );
#4404 = CARTESIAN_POINT('',(37.,0.));
#4405 = CARTESIAN_POINT('',(31.803847577293,0.));
#4406 = CARTESIAN_POINT('',(34.401923788647,4.5));
#4407 = CARTESIAN_POINT('',(37.,9.));
#4408 = CARTESIAN_POINT('',(39.598076211353,4.5));
#4409 = CARTESIAN_POINT('',(42.196152422707,4.440892098501E-15));
#4410 = CARTESIAN_POINT('',(37.,0.));
#4411 = ( GEOMETRIC_REPRESENTATION_CONTEXT(2) 
PARAMETRIC_REPRESENTATION_CONTEXT() REPRESENTATION_CONTEXT('2D SPACE',''
  ) );
#4412 = PCURVE('',#3102,#4413);
#4413 = DEFINITIONAL_REPRESENTATION('',(#4414),#4418);
#4414 = LINE('',#4415,#4416);
#4415 = CARTESIAN_POINT('',(4.712388980385,-0.));
#4416 = VECTOR('',#4417,1.);
#4417 = DIRECTION('',(-1.,0.));
#4418 = ( GEOMETRIC_REPRESENTATION_CONTEXT(2) 
PARAMETRIC_REPRESENTATION_CONTEXT() REPRESENTATION_CONTEXT('2D SPACE',''
  ) );
#4419 = ORIENTED_EDGE('',*,*,#4420,.T.);
#4420 = EDGE_CURVE('',#4393,#4298,#4421,.T.);
#4421 = SURFACE_CURVE('',#4422,(#4426,#4433),.PCURVE_S1.);
#4422 = LINE('',#4423,#4424);
#4423 = CARTESIAN_POINT('',(170.,-64.,25.));
#4424 = VECTOR('',#4425,1.);
#4425 = DIRECTION('',(0.,1.,0.));
#4426 = PCURVE('',#2394,#4427);
#4427 = DEFINITIONAL_REPRESENTATION('',(#4428),#4432);
#4428 = LINE('',#4429,#4430);
#4429 = CARTESIAN_POINT('',(40.,0.));
#4430 = VECTOR('',#4431,1.);
#4431 = DIRECTION('',(0.,1.));
#4432 = ( GEOMETRIC_REPRESENTATION_CONTEXT(2) 
PARAMETRIC_REPRESENTATION_CONTEXT() REPRESENTATION_CONTEXT('2D SPACE',''
  ) );
#4433 = PCURVE('',#4314,#4434);
#4434 = DEFINITIONAL_REPRESENTATION('',(#4435),#4439);
#4435 = LINE('',#4436,#4437);
#4436 = CARTESIAN_POINT('',(0.,0.));
#4437 = VECTOR('',#4438,1.);
#4438 = DIRECTION('',(0.,-1.));
#4439 = ( GEOMETRIC_REPRESENTATION_CONTEXT(2) 
PARAMETRIC_REPRESENTATION_CONTEXT() REPRESENTATION_CONTEXT('2D SPACE',''
  ) );
#4440 = ADVANCED_FACE('',(#4441),#2450,.T.);
#4441 = FACE_BOUND('',#4442,.F.);
#4442 = EDGE_LOOP('',(#4443,#4444,#4465,#4498));
#4443 = ORIENTED_EDGE('',*,*,#2427,.T.);
#4444 = ORIENTED_EDGE('',*,*,#4445,.F.);
#4445 = EDGE_CURVE('',#4446,#2430,#4448,.T.);
#4446 = VERTEX_POINT('',#4447);
#4447 = CARTESIAN_POINT('',(153.,23.943856257034,31.896738856976));
#4448 = SURFACE_CURVE('',#4449,(#4453,#4459),.PCURVE_S1.);
#4449 = LINE('',#4450,#4451);
#4450 = CARTESIAN_POINT('',(149.,23.943856257034,31.896738856976));
#4451 = VECTOR('',#4452,1.);
#4452 = DIRECTION('',(-1.,0.,-0.));
#4453 = PCURVE('',#2450,#4454);
#4454 = DEFINITIONAL_REPRESENTATION('',(#4455),#4458);
#4455 = B_SPLINE_CURVE_WITH_KNOTS('',1,(#4456,#4457),.UNSPECIFIED.,.F.,
  .F.,(2,2),(-4.,0.),.PIECEWISE_BEZIER_KNOTS.);
#4456 = CARTESIAN_POINT('',(-5.496712400572,-4.));
#4457 = CARTESIAN_POINT('',(-5.496712400572,0.));
#4458 = ( GEOMETRIC_REPRESENTATION_CONTEXT(2) 
PARAMETRIC_REPRESENTATION_CONTEXT() REPRESENTATION_CONTEXT('2D SPACE',''
  ) );
#4459 = PCURVE('',#2483,#4460);
#4460 = DEFINITIONAL_REPRESENTATION('',(#4461),#4464);
#4461 = B_SPLINE_CURVE_WITH_KNOTS('',1,(#4462,#4463),.UNSPECIFIED.,.F.,
  .F.,(2,2),(-4.0000006,5.999999928008E-07),.PIECEWISE_BEZIER_KNOTS.);
#4462 = CARTESIAN_POINT('',(-0.38421008922,-4.0000006));
#4463 = CARTESIAN_POINT('',(-0.38421008922,5.999999928008E-07));
#4464 = ( GEOMETRIC_REPRESENTATION_CONTEXT(2) 
PARAMETRIC_REPRESENTATION_CONTEXT() REPRESENTATION_CONTEXT('2D SPACE',''
  ) );
#4465 = ORIENTED_EDGE('',*,*,#4466,.F.);
#4466 = EDGE_CURVE('',#4467,#4446,#4469,.T.);
#4467 = VERTEX_POINT('',#4468);
#4468 = CARTESIAN_POINT('',(153.,23.943856257034,-11.89673885697));
#4469 = SURFACE_CURVE('',#4470,(#4475,#4482),.PCURVE_S1.);
#4470 = CIRCLE('',#4471,31.);
#4471 = AXIS2_PLACEMENT_3D('',#4472,#4473,#4474);
#4472 = CARTESIAN_POINT('',(153.,2.,10.));
#4473 = DIRECTION('',(-1.,0.,0.));
#4474 = DIRECTION('',(0.,0.768985954865,0.639265673425));
#4475 = PCURVE('',#2450,#4476);
#4476 = DEFINITIONAL_REPRESENTATION('',(#4477),#4481);
#4477 = LINE('',#4478,#4479);
#4478 = CARTESIAN_POINT('',(-11.68911724525,-4.));
#4479 = VECTOR('',#4480,1.);
#4480 = DIRECTION('',(1.,-0.));
#4481 = ( GEOMETRIC_REPRESENTATION_CONTEXT(2) 
PARAMETRIC_REPRESENTATION_CONTEXT() REPRESENTATION_CONTEXT('2D SPACE',''
  ) );
#4482 = PCURVE('',#4483,#4488);
#4483 = PLANE('',#4484);
#4484 = AXIS2_PLACEMENT_3D('',#4485,#4486,#4487);
#4485 = CARTESIAN_POINT('',(153.,2.,10.));
#4486 = DIRECTION('',(1.,0.,0.));
#4487 = DIRECTION('',(0.,-1.,1.110223024625E-16));
#4488 = DEFINITIONAL_REPRESENTATION('',(#4489),#4497);
#4489 = ( BOUNDED_CURVE() B_SPLINE_CURVE(2,(#4490,#4491,#4492,#4493,
#4494,#4495,#4496),.UNSPECIFIED.,.T.,.F.) B_SPLINE_CURVE_WITH_KNOTS((1,2
    ,2,2,2,1),(-2.094395102393,0.,2.094395102393,4.188790204786,
6.28318530718,8.377580409573),.UNSPECIFIED.) CURVE() 
GEOMETRIC_REPRESENTATION_ITEM() RATIONAL_B_SPLINE_CURVE((1.,0.5,1.,0.5,
1.,0.5,1.)) REPRESENTATION_ITEM('') );
#4490 = CARTESIAN_POINT('',(-23.83856460082,-19.81723587618));
#4491 = CARTESIAN_POINT('',(-58.16302400395,21.472369191957));
#4492 = CARTESIAN_POINT('',(-5.242947401152,30.553420472162));
#4493 = CARTESIAN_POINT('',(47.677129201649,39.634471752368));
#4494 = CARTESIAN_POINT('',(29.081512001976,-10.73618459597));
#4495 = CARTESIAN_POINT('',(10.485894802303,-61.10684094432));
#4496 = CARTESIAN_POINT('',(-23.83856460082,-19.81723587618));
#4497 = ( GEOMETRIC_REPRESENTATION_CONTEXT(2) 
PARAMETRIC_REPRESENTATION_CONTEXT() REPRESENTATION_CONTEXT('2D SPACE',''
  ) );
#4498 = ORIENTED_EDGE('',*,*,#4499,.T.);
#4499 = EDGE_CURVE('',#4467,#2428,#4500,.T.);
#4500 = SURFACE_CURVE('',#4501,(#4505,#4511),.PCURVE_S1.);
#4501 = LINE('',#4502,#4503);
#4502 = CARTESIAN_POINT('',(149.,23.943856257034,-11.89673885697));
#4503 = VECTOR('',#4504,1.);
#4504 = DIRECTION('',(-1.,0.,-0.));
#4505 = PCURVE('',#2450,#4506);
#4506 = DEFINITIONAL_REPRESENTATION('',(#4507),#4510);
#4507 = B_SPLINE_CURVE_WITH_KNOTS('',1,(#4508,#4509),.UNSPECIFIED.,.F.,
  .F.,(2,2),(-4.0000006,5.999999928008E-07),.PIECEWISE_BEZIER_KNOTS.);
#4508 = CARTESIAN_POINT('',(-10.21125086737,-4.0000006));
#4509 = CARTESIAN_POINT('',(-10.21125086737,5.999999928008E-07));
#4510 = ( GEOMETRIC_REPRESENTATION_CONTEXT(2) 
PARAMETRIC_REPRESENTATION_CONTEXT() REPRESENTATION_CONTEXT('2D SPACE',''
  ) );
#4511 = PCURVE('',#2674,#4512);
#4512 = DEFINITIONAL_REPRESENTATION('',(#4513),#4516);
#4513 = B_SPLINE_CURVE_WITH_KNOTS('',1,(#4514,#4515),.UNSPECIFIED.,.F.,
  .F.,(2,2),(-4.,0.),.PIECEWISE_BEZIER_KNOTS.);
#4514 = CARTESIAN_POINT('',(-9.04056787155,-4.));
#4515 = CARTESIAN_POINT('',(-9.04056787155,0.));
#4516 = ( GEOMETRIC_REPRESENTATION_CONTEXT(2) 
PARAMETRIC_REPRESENTATION_CONTEXT() REPRESENTATION_CONTEXT('2D SPACE',''
  ) );
#4517 = ADVANCED_FACE('',(#4518),#2483,.F.);
#4518 = FACE_BOUND('',#4519,.T.);
#4519 = EDGE_LOOP('',(#4520,#4521,#4522,#4550));
#4520 = ORIENTED_EDGE('',*,*,#2462,.T.);
#4521 = ORIENTED_EDGE('',*,*,#4445,.F.);
#4522 = ORIENTED_EDGE('',*,*,#4523,.F.);
#4523 = EDGE_CURVE('',#4524,#4446,#4526,.T.);
#4524 = VERTEX_POINT('',#4525);
#4525 = CARTESIAN_POINT('',(153.,23.134805049713,29.898182733787));
#4526 = SURFACE_CURVE('',#4527,(#4532,#4539),.PCURVE_S1.);
#4527 = CIRCLE('',#4528,1.5);
#4528 = AXIS2_PLACEMENT_3D('',#4529,#4530,#4531);
#4529 = CARTESIAN_POINT('',(153.,24.50609665441,30.50609665441));
#4530 = DIRECTION('',(-1.,0.,0.));
#4531 = DIRECTION('',(0.,1.110223024625E-16,1.));
#4532 = PCURVE('',#2483,#4533);
#4533 = DEFINITIONAL_REPRESENTATION('',(#4534),#4538);
#4534 = LINE('',#4535,#4536);
#4535 = CARTESIAN_POINT('',(-6.28318530718,-4.));
#4536 = VECTOR('',#4537,1.);
#4537 = DIRECTION('',(1.,-0.));
#4538 = ( GEOMETRIC_REPRESENTATION_CONTEXT(2) 
PARAMETRIC_REPRESENTATION_CONTEXT() REPRESENTATION_CONTEXT('2D SPACE',''
  ) );
#4539 = PCURVE('',#4483,#4540);
#4540 = DEFINITIONAL_REPRESENTATION('',(#4541),#4549);
#4541 = ( BOUNDED_CURVE() B_SPLINE_CURVE(2,(#4542,#4543,#4544,#4545,
#4546,#4547,#4548),.UNSPECIFIED.,.T.,.F.) B_SPLINE_CURVE_WITH_KNOTS((1,2
    ,2,2,2,1),(-2.094395102393,0.,2.094395102393,4.188790204786,
6.28318530718,8.377580409573),.UNSPECIFIED.) CURVE() 
GEOMETRIC_REPRESENTATION_ITEM() RATIONAL_B_SPLINE_CURVE((1.,0.5,1.,0.5,
1.,0.5,1.)) REPRESENTATION_ITEM('') );
#4542 = CARTESIAN_POINT('',(-22.50609665441,-22.00609665441));
#4543 = CARTESIAN_POINT('',(-25.10417286576,-22.00609665441));
#4544 = CARTESIAN_POINT('',(-23.80513476008,-19.75609665441));
#4545 = CARTESIAN_POINT('',(-22.50609665441,-17.50609665441));
#4546 = CARTESIAN_POINT('',(-21.20705854873,-19.75609665441));
#4547 = CARTESIAN_POINT('',(-19.90802044305,-22.00609665441));
#4548 = CARTESIAN_POINT('',(-22.50609665441,-22.00609665441));
#4549 = ( GEOMETRIC_REPRESENTATION_CONTEXT(2) 
PARAMETRIC_REPRESENTATION_CONTEXT() REPRESENTATION_CONTEXT('2D SPACE',''
  ) );
#4550 = ORIENTED_EDGE('',*,*,#4551,.T.);
#4551 = EDGE_CURVE('',#4524,#2463,#4552,.T.);
#4552 = SURFACE_CURVE('',#4553,(#4557,#4563),.PCURVE_S1.);
#4553 = LINE('',#4554,#4555);
#4554 = CARTESIAN_POINT('',(140.,23.134805049713,29.898182733787));
#4555 = VECTOR('',#4556,1.);
#4556 = DIRECTION('',(-1.,0.,-0.));
#4557 = PCURVE('',#2483,#4558);
#4558 = DEFINITIONAL_REPRESENTATION('',(#4559),#4562);
#4559 = B_SPLINE_CURVE_WITH_KNOTS('',1,(#4560,#4561),.UNSPECIFIED.,.F.,
  .F.,(2,2),(-13.0000006,-9.9999994),.PIECEWISE_BEZIER_KNOTS.);
#4560 = CARTESIAN_POINT('',(-1.988076984493,-4.0000006));
#4561 = CARTESIAN_POINT('',(-1.988076984493,-0.9999994));
#4562 = ( GEOMETRIC_REPRESENTATION_CONTEXT(2) 
PARAMETRIC_REPRESENTATION_CONTEXT() REPRESENTATION_CONTEXT('2D SPACE',''
  ) );
#4563 = PCURVE('',#2516,#4564);
#4564 = DEFINITIONAL_REPRESENTATION('',(#4565),#4568);
#4565 = B_SPLINE_CURVE_WITH_KNOTS('',1,(#4566,#4567),.UNSPECIFIED.,.F.,
  .F.,(2,2),(-13.0000006,-9.9999994),.PIECEWISE_BEZIER_KNOTS.);
#4566 = CARTESIAN_POINT('',(-5.632926770979,-13.0000006));
#4567 = CARTESIAN_POINT('',(-5.632926770979,-9.9999994));
#4568 = ( GEOMETRIC_REPRESENTATION_CONTEXT(2) 
PARAMETRIC_REPRESENTATION_CONTEXT() REPRESENTATION_CONTEXT('2D SPACE',''
  ) );
#4569 = ADVANCED_FACE('',(#4570),#2516,.T.);
#4570 = FACE_BOUND('',#4571,.F.);
#4571 = EDGE_LOOP('',(#4572,#4573,#4574,#4595,#4628,#4661,#4680,#4681,
    #4702,#4730,#4753,#4780,#4781));
#4572 = ORIENTED_EDGE('',*,*,#4551,.T.);
#4573 = ORIENTED_EDGE('',*,*,#2495,.T.);
#4574 = ORIENTED_EDGE('',*,*,#4575,.F.);
#4575 = EDGE_CURVE('',#4576,#2496,#4578,.T.);
#4576 = VERTEX_POINT('',#4577);
#4577 = CARTESIAN_POINT('',(153.,24.205195196333,29.036587106116));
#4578 = SURFACE_CURVE('',#4579,(#4583,#4589),.PCURVE_S1.);
#4579 = LINE('',#4580,#4581);
#4580 = CARTESIAN_POINT('',(140.,24.205195196333,29.036587106116));
#4581 = VECTOR('',#4582,1.);
#4582 = DIRECTION('',(-1.,0.,-0.));
#4583 = PCURVE('',#2516,#4584);
#4584 = DEFINITIONAL_REPRESENTATION('',(#4585),#4588);
#4585 = B_SPLINE_CURVE_WITH_KNOTS('',1,(#4586,#4587),.UNSPECIFIED.,.F.,
  .F.,(2,2),(-13.0000006,-9.9999994),.PIECEWISE_BEZIER_KNOTS.);
#4586 = CARTESIAN_POINT('',(-5.577956850521,-13.0000006));
#4587 = CARTESIAN_POINT('',(-5.577956850521,-9.9999994));
#4588 = ( GEOMETRIC_REPRESENTATION_CONTEXT(2) 
PARAMETRIC_REPRESENTATION_CONTEXT() REPRESENTATION_CONTEXT('2D SPACE',''
  ) );
#4589 = PCURVE('',#2549,#4590);
#4590 = DEFINITIONAL_REPRESENTATION('',(#4591),#4594);
#4591 = B_SPLINE_CURVE_WITH_KNOTS('',1,(#4592,#4593),.UNSPECIFIED.,.F.,
  .F.,(2,2),(-13.0000006,-9.9999994),.PIECEWISE_BEZIER_KNOTS.);
#4592 = CARTESIAN_POINT('',(-2.939621329828,-4.0000006));
#4593 = CARTESIAN_POINT('',(-2.939621329828,-0.9999994));
#4594 = ( GEOMETRIC_REPRESENTATION_CONTEXT(2) 
PARAMETRIC_REPRESENTATION_CONTEXT() REPRESENTATION_CONTEXT('2D SPACE',''
  ) );
#4595 = ORIENTED_EDGE('',*,*,#4596,.T.);
#4596 = EDGE_CURVE('',#4576,#4597,#4599,.T.);
#4597 = VERTEX_POINT('',#4598);
#4598 = CARTESIAN_POINT('',(153.,33.,10.));
#4599 = SURFACE_CURVE('',#4600,(#4605,#4612),.PCURVE_S1.);
#4600 = CIRCLE('',#4601,25.);
#4601 = AXIS2_PLACEMENT_3D('',#4602,#4603,#4604);
#4602 = CARTESIAN_POINT('',(153.,8.,10.));
#4603 = DIRECTION('',(-1.,0.,0.));
#4604 = DIRECTION('',(0.,1.110223024625E-16,1.));
#4605 = PCURVE('',#2516,#4606);
#4606 = DEFINITIONAL_REPRESENTATION('',(#4607),#4611);
#4607 = LINE('',#4608,#4609);
#4608 = CARTESIAN_POINT('',(-6.28318530718,-13.));
#4609 = VECTOR('',#4610,1.);
#4610 = DIRECTION('',(1.,-0.));
#4611 = ( GEOMETRIC_REPRESENTATION_CONTEXT(2) 
PARAMETRIC_REPRESENTATION_CONTEXT() REPRESENTATION_CONTEXT('2D SPACE',''
  ) );
#4612 = PCURVE('',#4613,#4618);
#4613 = PLANE('',#4614);
#4614 = AXIS2_PLACEMENT_3D('',#4615,#4616,#4617);
#4615 = CARTESIAN_POINT('',(153.,2.,10.));
#4616 = DIRECTION('',(1.,0.,0.));
#4617 = DIRECTION('',(0.,-1.,1.110223024625E-16));
#4618 = DEFINITIONAL_REPRESENTATION('',(#4619),#4627);
#4619 = ( BOUNDED_CURVE() B_SPLINE_CURVE(2,(#4620,#4621,#4622,#4623,
#4624,#4625,#4626),.UNSPECIFIED.,.T.,.F.) B_SPLINE_CURVE_WITH_KNOTS((1,2
    ,2,2,2,1),(-2.094395102393,0.,2.094395102393,4.188790204786,
6.28318530718,8.377580409573),.UNSPECIFIED.) CURVE() 
GEOMETRIC_REPRESENTATION_ITEM() RATIONAL_B_SPLINE_CURVE((1.,0.5,1.,0.5,
1.,0.5,1.)) REPRESENTATION_ITEM('') );
#4620 = CARTESIAN_POINT('',(-6.,-25.));
#4621 = CARTESIAN_POINT('',(-49.30127018922,-25.));
#4622 = CARTESIAN_POINT('',(-27.65063509461,12.5));
#4623 = CARTESIAN_POINT('',(-6.,50.));
#4624 = CARTESIAN_POINT('',(15.650635094611,12.5));
#4625 = CARTESIAN_POINT('',(37.301270189222,-25.));
#4626 = CARTESIAN_POINT('',(-6.,-25.));
#4627 = ( GEOMETRIC_REPRESENTATION_CONTEXT(2) 
PARAMETRIC_REPRESENTATION_CONTEXT() REPRESENTATION_CONTEXT('2D SPACE',''
  ) );
#4628 = ORIENTED_EDGE('',*,*,#4629,.T.);
#4629 = EDGE_CURVE('',#4597,#4630,#4632,.T.);
#4630 = VERTEX_POINT('',#4631);
#4631 = CARTESIAN_POINT('',(153.,24.205195196333,-9.036587106116));
#4632 = SURFACE_CURVE('',#4633,(#4638,#4645),.PCURVE_S1.);
#4633 = CIRCLE('',#4634,25.);
#4634 = AXIS2_PLACEMENT_3D('',#4635,#4636,#4637);
#4635 = CARTESIAN_POINT('',(153.,8.,10.));
#4636 = DIRECTION('',(-1.,0.,0.));
#4637 = DIRECTION('',(0.,1.110223024625E-16,1.));
#4638 = PCURVE('',#2516,#4639);
#4639 = DEFINITIONAL_REPRESENTATION('',(#4640),#4644);
#4640 = LINE('',#4641,#4642);
#4641 = CARTESIAN_POINT('',(-6.28318530718,-13.));
#4642 = VECTOR('',#4643,1.);
#4643 = DIRECTION('',(1.,-0.));
#4644 = ( GEOMETRIC_REPRESENTATION_CONTEXT(2) 
PARAMETRIC_REPRESENTATION_CONTEXT() REPRESENTATION_CONTEXT('2D SPACE',''
  ) );
#4645 = PCURVE('',#4646,#4651);
#4646 = PLANE('',#4647);
#4647 = AXIS2_PLACEMENT_3D('',#4648,#4649,#4650);
#4648 = CARTESIAN_POINT('',(153.,2.,10.));
#4649 = DIRECTION('',(1.,0.,0.));
#4650 = DIRECTION('',(0.,-1.,1.110223024625E-16));
#4651 = DEFINITIONAL_REPRESENTATION('',(#4652),#4660);
#4652 = ( BOUNDED_CURVE() B_SPLINE_CURVE(2,(#4653,#4654,#4655,#4656,
#4657,#4658,#4659),.UNSPECIFIED.,.T.,.F.) B_SPLINE_CURVE_WITH_KNOTS((1,2
    ,2,2,2,1),(-2.094395102393,0.,2.094395102393,4.188790204786,
6.28318530718,8.377580409573),.UNSPECIFIED.) CURVE() 
GEOMETRIC_REPRESENTATION_ITEM() RATIONAL_B_SPLINE_CURVE((1.,0.5,1.,0.5,
1.,0.5,1.)) REPRESENTATION_ITEM('') );
#4653 = CARTESIAN_POINT('',(-6.,-25.));
#4654 = CARTESIAN_POINT('',(-49.30127018922,-25.));
#4655 = CARTESIAN_POINT('',(-27.65063509461,12.5));
#4656 = CARTESIAN_POINT('',(-6.,50.));
#4657 = CARTESIAN_POINT('',(15.650635094611,12.5));
#4658 = CARTESIAN_POINT('',(37.301270189222,-25.));
#4659 = CARTESIAN_POINT('',(-6.,-25.));
#4660 = ( GEOMETRIC_REPRESENTATION_CONTEXT(2) 
PARAMETRIC_REPRESENTATION_CONTEXT() REPRESENTATION_CONTEXT('2D SPACE',''
  ) );
#4661 = ORIENTED_EDGE('',*,*,#4662,.T.);
#4662 = EDGE_CURVE('',#4630,#2595,#4663,.T.);
#4663 = SURFACE_CURVE('',#4664,(#4668,#4674),.PCURVE_S1.);
#4664 = LINE('',#4665,#4666);
#4665 = CARTESIAN_POINT('',(140.,24.205195196333,-9.036587106116));
#4666 = VECTOR('',#4667,1.);
#4667 = DIRECTION('',(-1.,0.,-0.));
#4668 = PCURVE('',#2516,#4669);
#4669 = DEFINITIONAL_REPRESENTATION('',(#4670),#4673);
#4670 = B_SPLINE_CURVE_WITH_KNOTS('',1,(#4671,#4672),.UNSPECIFIED.,.F.,
  .F.,(2,2),(-13.0000006,-9.9999994),.PIECEWISE_BEZIER_KNOTS.);
#4671 = CARTESIAN_POINT('',(-3.846821110249,-13.0000006));
#4672 = CARTESIAN_POINT('',(-3.846821110249,-9.9999994));
#4673 = ( GEOMETRIC_REPRESENTATION_CONTEXT(2) 
PARAMETRIC_REPRESENTATION_CONTEXT() REPRESENTATION_CONTEXT('2D SPACE',''
  ) );
#4674 = PCURVE('',#2615,#4675);
#4675 = DEFINITIONAL_REPRESENTATION('',(#4676),#4679);
#4676 = B_SPLINE_CURVE_WITH_KNOTS('',1,(#4677,#4678),.UNSPECIFIED.,.F.,
  .F.,(2,2),(-13.0000006,-9.9999994),.PIECEWISE_BEZIER_KNOTS.);
#4677 = CARTESIAN_POINT('',(-6.485156630942,-4.0000006));
#4678 = CARTESIAN_POINT('',(-6.485156630942,-0.9999994));
#4679 = ( GEOMETRIC_REPRESENTATION_CONTEXT(2) 
PARAMETRIC_REPRESENTATION_CONTEXT() REPRESENTATION_CONTEXT('2D SPACE',''
  ) );
#4680 = ORIENTED_EDGE('',*,*,#2627,.T.);
#4681 = ORIENTED_EDGE('',*,*,#4682,.F.);
#4682 = EDGE_CURVE('',#4683,#2628,#4685,.T.);
#4683 = VERTEX_POINT('',#4684);
#4684 = CARTESIAN_POINT('',(153.,23.134805049713,-9.898182733787));
#4685 = SURFACE_CURVE('',#4686,(#4690,#4696),.PCURVE_S1.);
#4686 = LINE('',#4687,#4688);
#4687 = CARTESIAN_POINT('',(140.,23.134805049712,-9.898182733787));
#4688 = VECTOR('',#4689,1.);
#4689 = DIRECTION('',(-1.,0.,-0.));
#4690 = PCURVE('',#2516,#4691);
#4691 = DEFINITIONAL_REPRESENTATION('',(#4692),#4695);
#4692 = B_SPLINE_CURVE_WITH_KNOTS('',1,(#4693,#4694),.UNSPECIFIED.,.F.,
  .F.,(2,2),(-13.0000006,-9.9999994),.PIECEWISE_BEZIER_KNOTS.);
#4693 = CARTESIAN_POINT('',(-3.79185118979,-13.0000006));
#4694 = CARTESIAN_POINT('',(-3.79185118979,-9.9999994));
#4695 = ( GEOMETRIC_REPRESENTATION_CONTEXT(2) 
PARAMETRIC_REPRESENTATION_CONTEXT() REPRESENTATION_CONTEXT('2D SPACE',''
  ) );
#4696 = PCURVE('',#2674,#4697);
#4697 = DEFINITIONAL_REPRESENTATION('',(#4698),#4701);
#4698 = B_SPLINE_CURVE_WITH_KNOTS('',1,(#4699,#4700),.UNSPECIFIED.,.F.,
  .F.,(2,2),(-13.0000006,-9.9999994),.PIECEWISE_BEZIER_KNOTS.);
#4699 = CARTESIAN_POINT('',(-7.436700976277,-4.0000006));
#4700 = CARTESIAN_POINT('',(-7.436700976277,-0.9999994));
#4701 = ( GEOMETRIC_REPRESENTATION_CONTEXT(2) 
PARAMETRIC_REPRESENTATION_CONTEXT() REPRESENTATION_CONTEXT('2D SPACE',''
  ) );
#4702 = ORIENTED_EDGE('',*,*,#4703,.T.);
#4703 = EDGE_CURVE('',#4683,#4704,#4706,.T.);
#4704 = VERTEX_POINT('',#4705);
#4705 = CARTESIAN_POINT('',(153.,8.,35.));
#4706 = SURFACE_CURVE('',#4707,(#4712,#4719),.PCURVE_S1.);
#4707 = CIRCLE('',#4708,25.);
#4708 = AXIS2_PLACEMENT_3D('',#4709,#4710,#4711);
#4709 = CARTESIAN_POINT('',(153.,8.,10.));
#4710 = DIRECTION('',(-1.,0.,0.));
#4711 = DIRECTION('',(0.,1.110223024625E-16,1.));
#4712 = PCURVE('',#2516,#4713);
#4713 = DEFINITIONAL_REPRESENTATION('',(#4714),#4718);
#4714 = LINE('',#4715,#4716);
#4715 = CARTESIAN_POINT('',(-6.28318530718,-13.));
#4716 = VECTOR('',#4717,1.);
#4717 = DIRECTION('',(1.,-0.));
#4718 = ( GEOMETRIC_REPRESENTATION_CONTEXT(2) 
PARAMETRIC_REPRESENTATION_CONTEXT() REPRESENTATION_CONTEXT('2D SPACE',''
  ) );
#4719 = PCURVE('',#4483,#4720);
#4720 = DEFINITIONAL_REPRESENTATION('',(#4721),#4729);
#4721 = ( BOUNDED_CURVE() B_SPLINE_CURVE(2,(#4722,#4723,#4724,#4725,
#4726,#4727,#4728),.UNSPECIFIED.,.T.,.F.) B_SPLINE_CURVE_WITH_KNOTS((1,2
    ,2,2,2,1),(-2.094395102393,0.,2.094395102393,4.188790204786,
6.28318530718,8.377580409573),.UNSPECIFIED.) CURVE() 
GEOMETRIC_REPRESENTATION_ITEM() RATIONAL_B_SPLINE_CURVE((1.,0.5,1.,0.5,
1.,0.5,1.)) REPRESENTATION_ITEM('') );
#4722 = CARTESIAN_POINT('',(-6.,-25.));
#4723 = CARTESIAN_POINT('',(-49.30127018922,-25.));
#4724 = CARTESIAN_POINT('',(-27.65063509461,12.5));
#4725 = CARTESIAN_POINT('',(-6.,50.));
#4726 = CARTESIAN_POINT('',(15.650635094611,12.5));
#4727 = CARTESIAN_POINT('',(37.301270189222,-25.));
#4728 = CARTESIAN_POINT('',(-6.,-25.));
#4729 = ( GEOMETRIC_REPRESENTATION_CONTEXT(2) 
PARAMETRIC_REPRESENTATION_CONTEXT() REPRESENTATION_CONTEXT('2D SPACE',''
  ) );
#4730 = ORIENTED_EDGE('',*,*,#4731,.T.);
#4731 = EDGE_CURVE('',#4704,#4732,#4734,.T.);
#4732 = VERTEX_POINT('',#4733);
#4733 = CARTESIAN_POINT('',(156.,8.,35.));
#4734 = SEAM_CURVE('',#4735,(#4739,#4746),.PCURVE_S1.);
#4735 = LINE('',#4736,#4737);
#4736 = CARTESIAN_POINT('',(140.,8.,35.));
#4737 = VECTOR('',#4738,1.);
#4738 = DIRECTION('',(1.,0.,0.));
#4739 = PCURVE('',#2516,#4740);
#4740 = DEFINITIONAL_REPRESENTATION('',(#4741),#4745);
#4741 = LINE('',#4742,#4743);
#4742 = CARTESIAN_POINT('',(-6.28318530718,0.));
#4743 = VECTOR('',#4744,1.);
#4744 = DIRECTION('',(-0.,-1.));
#4745 = ( GEOMETRIC_REPRESENTATION_CONTEXT(2) 
PARAMETRIC_REPRESENTATION_CONTEXT() REPRESENTATION_CONTEXT('2D SPACE',''
  ) );
#4746 = PCURVE('',#2516,#4747);
#4747 = DEFINITIONAL_REPRESENTATION('',(#4748),#4752);
#4748 = LINE('',#4749,#4750);
#4749 = CARTESIAN_POINT('',(-0.,0.));
#4750 = VECTOR('',#4751,1.);
#4751 = DIRECTION('',(-0.,-1.));
#4752 = ( GEOMETRIC_REPRESENTATION_CONTEXT(2) 
PARAMETRIC_REPRESENTATION_CONTEXT() REPRESENTATION_CONTEXT('2D SPACE',''
  ) );
#4753 = ORIENTED_EDGE('',*,*,#4754,.T.);
#4754 = EDGE_CURVE('',#4732,#4732,#4755,.T.);
#4755 = SURFACE_CURVE('',#4756,(#4761,#4768),.PCURVE_S1.);
#4756 = CIRCLE('',#4757,25.);
#4757 = AXIS2_PLACEMENT_3D('',#4758,#4759,#4760);
#4758 = CARTESIAN_POINT('',(156.,8.,10.));
#4759 = DIRECTION('',(1.,0.,-0.));
#4760 = DIRECTION('',(0.,1.110223024625E-16,1.));
#4761 = PCURVE('',#2516,#4762);
#4762 = DEFINITIONAL_REPRESENTATION('',(#4763),#4767);
#4763 = LINE('',#4764,#4765);
#4764 = CARTESIAN_POINT('',(-0.,-16.));
#4765 = VECTOR('',#4766,1.);
#4766 = DIRECTION('',(-1.,0.));
#4767 = ( GEOMETRIC_REPRESENTATION_CONTEXT(2) 
PARAMETRIC_REPRESENTATION_CONTEXT() REPRESENTATION_CONTEXT('2D SPACE',''
  ) );
#4768 = PCURVE('',#4769,#4774);
#4769 = PLANE('',#4770);
#4770 = AXIS2_PLACEMENT_3D('',#4771,#4772,#4773);
#4771 = CARTESIAN_POINT('',(156.,8.,10.));
#4772 = DIRECTION('',(1.,0.,0.));
#4773 = DIRECTION('',(0.,-1.,1.110223024625E-16));
#4774 = DEFINITIONAL_REPRESENTATION('',(#4775),#4779);
#4775 = CIRCLE('',#4776,25.);
#4776 = AXIS2_PLACEMENT_2D('',#4777,#4778);
#4777 = CARTESIAN_POINT('',(1.7763568394E-15,-1.7763568394E-15));
#4778 = DIRECTION('',(0.,-1.));
#4779 = ( GEOMETRIC_REPRESENTATION_CONTEXT(2) 
PARAMETRIC_REPRESENTATION_CONTEXT() REPRESENTATION_CONTEXT('2D SPACE',''
  ) );
#4780 = ORIENTED_EDGE('',*,*,#4731,.F.);
#4781 = ORIENTED_EDGE('',*,*,#4782,.T.);
#4782 = EDGE_CURVE('',#4704,#4524,#4783,.T.);
#4783 = SURFACE_CURVE('',#4784,(#4789,#4796),.PCURVE_S1.);
#4784 = CIRCLE('',#4785,25.);
#4785 = AXIS2_PLACEMENT_3D('',#4786,#4787,#4788);
#4786 = CARTESIAN_POINT('',(153.,8.,10.));
#4787 = DIRECTION('',(-1.,0.,0.));
#4788 = DIRECTION('',(0.,1.110223024625E-16,1.));
#4789 = PCURVE('',#2516,#4790);
#4790 = DEFINITIONAL_REPRESENTATION('',(#4791),#4795);
#4791 = LINE('',#4792,#4793);
#4792 = CARTESIAN_POINT('',(-6.28318530718,-13.));
#4793 = VECTOR('',#4794,1.);
#4794 = DIRECTION('',(1.,-0.));
#4795 = ( GEOMETRIC_REPRESENTATION_CONTEXT(2) 
PARAMETRIC_REPRESENTATION_CONTEXT() REPRESENTATION_CONTEXT('2D SPACE',''
  ) );
#4796 = PCURVE('',#4483,#4797);
#4797 = DEFINITIONAL_REPRESENTATION('',(#4798),#4806);
#4798 = ( BOUNDED_CURVE() B_SPLINE_CURVE(2,(#4799,#4800,#4801,#4802,
#4803,#4804,#4805),.UNSPECIFIED.,.T.,.F.) B_SPLINE_CURVE_WITH_KNOTS((1,2
    ,2,2,2,1),(-2.094395102393,0.,2.094395102393,4.188790204786,
6.28318530718,8.377580409573),.UNSPECIFIED.) CURVE() 
GEOMETRIC_REPRESENTATION_ITEM() RATIONAL_B_SPLINE_CURVE((1.,0.5,1.,0.5,
1.,0.5,1.)) REPRESENTATION_ITEM('') );
#4799 = CARTESIAN_POINT('',(-6.,-25.));
#4800 = CARTESIAN_POINT('',(-49.30127018922,-25.));
#4801 = CARTESIAN_POINT('',(-27.65063509461,12.5));
#4802 = CARTESIAN_POINT('',(-6.,50.));
#4803 = CARTESIAN_POINT('',(15.650635094611,12.5));
#4804 = CARTESIAN_POINT('',(37.301270189222,-25.));
#4805 = CARTESIAN_POINT('',(-6.,-25.));
#4806 = ( GEOMETRIC_REPRESENTATION_CONTEXT(2) 
PARAMETRIC_REPRESENTATION_CONTEXT() REPRESENTATION_CONTEXT('2D SPACE',''
  ) );
#4807 = ADVANCED_FACE('',(#4808),#2549,.F.);
#4808 = FACE_BOUND('',#4809,.T.);
#4809 = EDGE_LOOP('',(#4810,#4831,#4832,#4833));
#4810 = ORIENTED_EDGE('',*,*,#4811,.T.);
#4811 = EDGE_CURVE('',#4812,#2529,#4814,.T.);
#4812 = VERTEX_POINT('',#4813);
#4813 = CARTESIAN_POINT('',(153.,25.838564600824,29.817235876184));
#4814 = SURFACE_CURVE('',#4815,(#4819,#4825),.PCURVE_S1.);
#4815 = LINE('',#4816,#4817);
#4816 = CARTESIAN_POINT('',(149.,25.838564600824,29.817235876184));
#4817 = VECTOR('',#4818,1.);
#4818 = DIRECTION('',(-1.,0.,-0.));
#4819 = PCURVE('',#2549,#4820);
#4820 = DEFINITIONAL_REPRESENTATION('',(#4821),#4824);
#4821 = B_SPLINE_CURVE_WITH_KNOTS('',1,(#4822,#4823),.UNSPECIFIED.,.F.,
  .F.,(2,2),(-4.0000006,5.999999928008E-07),.PIECEWISE_BEZIER_KNOTS.);
#4822 = CARTESIAN_POINT('',(-4.235248942245,-4.0000006));
#4823 = CARTESIAN_POINT('',(-4.235248942245,5.999999928008E-07));
#4824 = ( GEOMETRIC_REPRESENTATION_CONTEXT(2) 
PARAMETRIC_REPRESENTATION_CONTEXT() REPRESENTATION_CONTEXT('2D SPACE',''
  ) );
#4825 = PCURVE('',#2582,#4826);
#4826 = DEFINITIONAL_REPRESENTATION('',(#4827),#4830);
#4827 = B_SPLINE_CURVE_WITH_KNOTS('',1,(#4828,#4829),.UNSPECIFIED.,.F.,
  .F.,(2,2),(-4.,-0.),.PIECEWISE_BEZIER_KNOTS.);
#4828 = CARTESIAN_POINT('',(-5.405931938072,-4.));
#4829 = CARTESIAN_POINT('',(-5.405931938072,0.));
#4830 = ( GEOMETRIC_REPRESENTATION_CONTEXT(2) 
PARAMETRIC_REPRESENTATION_CONTEXT() REPRESENTATION_CONTEXT('2D SPACE',''
  ) );
#4831 = ORIENTED_EDGE('',*,*,#2528,.T.);
#4832 = ORIENTED_EDGE('',*,*,#4575,.F.);
#4833 = ORIENTED_EDGE('',*,*,#4834,.F.);
#4834 = EDGE_CURVE('',#4812,#4576,#4835,.T.);
#4835 = SURFACE_CURVE('',#4836,(#4841,#4848),.PCURVE_S1.);
#4836 = CIRCLE('',#4837,1.5);
#4837 = AXIS2_PLACEMENT_3D('',#4838,#4839,#4840);
#4838 = CARTESIAN_POINT('',(153.,24.50609665441,30.50609665441));
#4839 = DIRECTION('',(-1.,0.,0.));
#4840 = DIRECTION('',(0.,1.110223024625E-16,1.));
#4841 = PCURVE('',#2549,#4842);
#4842 = DEFINITIONAL_REPRESENTATION('',(#4843),#4847);
#4843 = LINE('',#4844,#4845);
#4844 = CARTESIAN_POINT('',(-6.28318530718,-4.));
#4845 = VECTOR('',#4846,1.);
#4846 = DIRECTION('',(1.,-0.));
#4847 = ( GEOMETRIC_REPRESENTATION_CONTEXT(2) 
PARAMETRIC_REPRESENTATION_CONTEXT() REPRESENTATION_CONTEXT('2D SPACE',''
  ) );
#4848 = PCURVE('',#4613,#4849);
#4849 = DEFINITIONAL_REPRESENTATION('',(#4850),#4858);
#4850 = ( BOUNDED_CURVE() B_SPLINE_CURVE(2,(#4851,#4852,#4853,#4854,
#4855,#4856,#4857),.UNSPECIFIED.,.T.,.F.) B_SPLINE_CURVE_WITH_KNOTS((1,2
    ,2,2,2,1),(-2.094395102393,0.,2.094395102393,4.188790204786,
6.28318530718,8.377580409573),.UNSPECIFIED.) CURVE() 
GEOMETRIC_REPRESENTATION_ITEM() RATIONAL_B_SPLINE_CURVE((1.,0.5,1.,0.5,
1.,0.5,1.)) REPRESENTATION_ITEM('') );
#4851 = CARTESIAN_POINT('',(-22.50609665441,-22.00609665441));
#4852 = CARTESIAN_POINT('',(-25.10417286576,-22.00609665441));
#4853 = CARTESIAN_POINT('',(-23.80513476008,-19.75609665441));
#4854 = CARTESIAN_POINT('',(-22.50609665441,-17.50609665441));
#4855 = CARTESIAN_POINT('',(-21.20705854873,-19.75609665441));
#4856 = CARTESIAN_POINT('',(-19.90802044305,-22.00609665441));
#4857 = CARTESIAN_POINT('',(-22.50609665441,-22.00609665441));
#4858 = ( GEOMETRIC_REPRESENTATION_CONTEXT(2) 
PARAMETRIC_REPRESENTATION_CONTEXT() REPRESENTATION_CONTEXT('2D SPACE',''
  ) );
#4859 = ADVANCED_FACE('',(#4860),#2582,.T.);
#4860 = FACE_BOUND('',#4861,.F.);
#4861 = EDGE_LOOP('',(#4862,#4883,#4909,#4935,#4936));
#4862 = ORIENTED_EDGE('',*,*,#4863,.F.);
#4863 = EDGE_CURVE('',#4864,#2562,#4866,.T.);
#4864 = VERTEX_POINT('',#4865);
#4865 = CARTESIAN_POINT('',(153.,25.838564600824,-9.817235876184));
#4866 = SURFACE_CURVE('',#4867,(#4871,#4877),.PCURVE_S1.);
#4867 = LINE('',#4868,#4869);
#4868 = CARTESIAN_POINT('',(149.,25.838564600824,-9.817235876184));
#4869 = VECTOR('',#4870,1.);
#4870 = DIRECTION('',(-1.,0.,-0.));
#4871 = PCURVE('',#2582,#4872);
#4872 = DEFINITIONAL_REPRESENTATION('',(#4873),#4876);
#4873 = B_SPLINE_CURVE_WITH_KNOTS('',1,(#4874,#4875),.UNSPECIFIED.,.F.,
  .F.,(2,2),(-4.0000006,5.999999928008E-07),.PIECEWISE_BEZIER_KNOTS.);
#4874 = CARTESIAN_POINT('',(-4.018846022697,-4.0000006));
#4875 = CARTESIAN_POINT('',(-4.018846022697,5.999999928008E-07));
#4876 = ( GEOMETRIC_REPRESENTATION_CONTEXT(2) 
PARAMETRIC_REPRESENTATION_CONTEXT() REPRESENTATION_CONTEXT('2D SPACE',''
  ) );
#4877 = PCURVE('',#2615,#4878);
#4878 = DEFINITIONAL_REPRESENTATION('',(#4879),#4882);
#4879 = B_SPLINE_CURVE_WITH_KNOTS('',1,(#4880,#4881),.UNSPECIFIED.,.F.,
  .F.,(2,2),(-4.,0.),.PIECEWISE_BEZIER_KNOTS.);
#4880 = CARTESIAN_POINT('',(-5.189529018524,-4.));
#4881 = CARTESIAN_POINT('',(-5.189529018524,0.));
#4882 = ( GEOMETRIC_REPRESENTATION_CONTEXT(2) 
PARAMETRIC_REPRESENTATION_CONTEXT() REPRESENTATION_CONTEXT('2D SPACE',''
  ) );
#4883 = ORIENTED_EDGE('',*,*,#4884,.F.);
#4884 = EDGE_CURVE('',#4597,#4864,#4885,.T.);
#4885 = SURFACE_CURVE('',#4886,(#4891,#4898),.PCURVE_S1.);
#4886 = CIRCLE('',#4887,31.);
#4887 = AXIS2_PLACEMENT_3D('',#4888,#4889,#4890);
#4888 = CARTESIAN_POINT('',(153.,2.,10.));
#4889 = DIRECTION('',(-1.,0.,0.));
#4890 = DIRECTION('',(0.,0.768985954865,0.639265673425));
#4891 = PCURVE('',#2582,#4892);
#4892 = DEFINITIONAL_REPRESENTATION('',(#4893),#4897);
#4893 = LINE('',#4894,#4895);
#4894 = CARTESIAN_POINT('',(-5.405931938072,-4.));
#4895 = VECTOR('',#4896,1.);
#4896 = DIRECTION('',(1.,-0.));
#4897 = ( GEOMETRIC_REPRESENTATION_CONTEXT(2) 
PARAMETRIC_REPRESENTATION_CONTEXT() REPRESENTATION_CONTEXT('2D SPACE',''
  ) );
#4898 = PCURVE('',#4646,#4899);
#4899 = DEFINITIONAL_REPRESENTATION('',(#4900),#4908);
#4900 = ( BOUNDED_CURVE() B_SPLINE_CURVE(2,(#4901,#4902,#4903,#4904,
#4905,#4906,#4907),.UNSPECIFIED.,.T.,.F.) B_SPLINE_CURVE_WITH_KNOTS((1,2
    ,2,2,2,1),(-2.094395102393,0.,2.094395102393,4.188790204786,
6.28318530718,8.377580409573),.UNSPECIFIED.) CURVE() 
GEOMETRIC_REPRESENTATION_ITEM() RATIONAL_B_SPLINE_CURVE((1.,0.5,1.,0.5,
1.,0.5,1.)) REPRESENTATION_ITEM('') );
#4901 = CARTESIAN_POINT('',(-23.83856460082,-19.81723587618));
#4902 = CARTESIAN_POINT('',(-58.16302400395,21.472369191957));
#4903 = CARTESIAN_POINT('',(-5.242947401152,30.553420472162));
#4904 = CARTESIAN_POINT('',(47.677129201649,39.634471752368));
#4905 = CARTESIAN_POINT('',(29.081512001976,-10.73618459597));
#4906 = CARTESIAN_POINT('',(10.485894802303,-61.10684094432));
#4907 = CARTESIAN_POINT('',(-23.83856460082,-19.81723587618));
#4908 = ( GEOMETRIC_REPRESENTATION_CONTEXT(2) 
PARAMETRIC_REPRESENTATION_CONTEXT() REPRESENTATION_CONTEXT('2D SPACE',''
  ) );
#4909 = ORIENTED_EDGE('',*,*,#4910,.F.);
#4910 = EDGE_CURVE('',#4812,#4597,#4911,.T.);
#4911 = SURFACE_CURVE('',#4912,(#4917,#4924),.PCURVE_S1.);
#4912 = CIRCLE('',#4913,31.);
#4913 = AXIS2_PLACEMENT_3D('',#4914,#4915,#4916);
#4914 = CARTESIAN_POINT('',(153.,2.,10.));
#4915 = DIRECTION('',(-1.,0.,0.));
#4916 = DIRECTION('',(0.,0.768985954865,0.639265673425));
#4917 = PCURVE('',#2582,#4918);
#4918 = DEFINITIONAL_REPRESENTATION('',(#4919),#4923);
#4919 = LINE('',#4920,#4921);
#4920 = CARTESIAN_POINT('',(-5.405931938072,-4.));
#4921 = VECTOR('',#4922,1.);
#4922 = DIRECTION('',(1.,-0.));
#4923 = ( GEOMETRIC_REPRESENTATION_CONTEXT(2) 
PARAMETRIC_REPRESENTATION_CONTEXT() REPRESENTATION_CONTEXT('2D SPACE',''
  ) );
#4924 = PCURVE('',#4613,#4925);
#4925 = DEFINITIONAL_REPRESENTATION('',(#4926),#4934);
#4926 = ( BOUNDED_CURVE() B_SPLINE_CURVE(2,(#4927,#4928,#4929,#4930,
#4931,#4932,#4933),.UNSPECIFIED.,.T.,.F.) B_SPLINE_CURVE_WITH_KNOTS((1,2
    ,2,2,2,1),(-2.094395102393,0.,2.094395102393,4.188790204786,
6.28318530718,8.377580409573),.UNSPECIFIED.) CURVE() 
GEOMETRIC_REPRESENTATION_ITEM() RATIONAL_B_SPLINE_CURVE((1.,0.5,1.,0.5,
1.,0.5,1.)) REPRESENTATION_ITEM('') );
#4927 = CARTESIAN_POINT('',(-23.83856460082,-19.81723587618));
#4928 = CARTESIAN_POINT('',(-58.16302400395,21.472369191957));
#4929 = CARTESIAN_POINT('',(-5.242947401152,30.553420472162));
#4930 = CARTESIAN_POINT('',(47.677129201649,39.634471752368));
#4931 = CARTESIAN_POINT('',(29.081512001976,-10.73618459597));
#4932 = CARTESIAN_POINT('',(10.485894802303,-61.10684094432));
#4933 = CARTESIAN_POINT('',(-23.83856460082,-19.81723587618));
#4934 = ( GEOMETRIC_REPRESENTATION_CONTEXT(2) 
PARAMETRIC_REPRESENTATION_CONTEXT() REPRESENTATION_CONTEXT('2D SPACE',''
  ) );
#4935 = ORIENTED_EDGE('',*,*,#4811,.T.);
#4936 = ORIENTED_EDGE('',*,*,#2561,.T.);
#4937 = ADVANCED_FACE('',(#4938),#2615,.F.);
#4938 = FACE_BOUND('',#4939,.T.);
#4939 = EDGE_LOOP('',(#4940,#4941,#4942,#4964));
#4940 = ORIENTED_EDGE('',*,*,#2594,.T.);
#4941 = ORIENTED_EDGE('',*,*,#4863,.F.);
#4942 = ORIENTED_EDGE('',*,*,#4943,.T.);
#4943 = EDGE_CURVE('',#4864,#4630,#4944,.T.);
#4944 = SURFACE_CURVE('',#4945,(#4950,#4957),.PCURVE_S1.);
#4945 = CIRCLE('',#4946,1.5);
#4946 = AXIS2_PLACEMENT_3D('',#4947,#4948,#4949);
#4947 = CARTESIAN_POINT('',(153.,24.50609665441,-10.50609665441));
#4948 = DIRECTION('',(1.,0.,0.));
#4949 = DIRECTION('',(-0.,0.888311964276,0.459240518817));
#4950 = PCURVE('',#2615,#4951);
#4951 = DEFINITIONAL_REPRESENTATION('',(#4952),#4956);
#4952 = LINE('',#4953,#4954);
#4953 = CARTESIAN_POINT('',(-5.189529018524,-4.));
#4954 = VECTOR('',#4955,1.);
#4955 = DIRECTION('',(-1.,-0.));
#4956 = ( GEOMETRIC_REPRESENTATION_CONTEXT(2) 
PARAMETRIC_REPRESENTATION_CONTEXT() REPRESENTATION_CONTEXT('2D SPACE',''
  ) );
#4957 = PCURVE('',#4646,#4958);
#4958 = DEFINITIONAL_REPRESENTATION('',(#4959),#4963);
#4959 = CIRCLE('',#4960,1.5);
#4960 = AXIS2_PLACEMENT_2D('',#4961,#4962);
#4961 = CARTESIAN_POINT('',(-22.50609665441,20.50609665441));
#4962 = DIRECTION('',(-0.888311964276,-0.459240518817));
#4963 = ( GEOMETRIC_REPRESENTATION_CONTEXT(2) 
PARAMETRIC_REPRESENTATION_CONTEXT() REPRESENTATION_CONTEXT('2D SPACE',''
  ) );
#4964 = ORIENTED_EDGE('',*,*,#4662,.T.);
#4965 = ADVANCED_FACE('',(#4966),#2674,.F.);
#4966 = FACE_BOUND('',#4967,.T.);
#4967 = EDGE_LOOP('',(#4968,#4969,#4970,#4971));
#4968 = ORIENTED_EDGE('',*,*,#4499,.T.);
#4969 = ORIENTED_EDGE('',*,*,#2655,.T.);
#4970 = ORIENTED_EDGE('',*,*,#4682,.F.);
#4971 = ORIENTED_EDGE('',*,*,#4972,.T.);
#4972 = EDGE_CURVE('',#4683,#4467,#4973,.T.);
#4973 = SURFACE_CURVE('',#4974,(#4979,#4986),.PCURVE_S1.);
#4974 = CIRCLE('',#4975,1.5);
#4975 = AXIS2_PLACEMENT_3D('',#4976,#4977,#4978);
#4976 = CARTESIAN_POINT('',(153.,24.50609665441,-10.50609665441));
#4977 = DIRECTION('',(1.,0.,0.));
#4978 = DIRECTION('',(-0.,0.888311964276,0.459240518817));
#4979 = PCURVE('',#2674,#4980);
#4980 = DEFINITIONAL_REPRESENTATION('',(#4981),#4985);
#4981 = LINE('',#4982,#4983);
#4982 = CARTESIAN_POINT('',(-5.189529018524,-4.));
#4983 = VECTOR('',#4984,1.);
#4984 = DIRECTION('',(-1.,-0.));
#4985 = ( GEOMETRIC_REPRESENTATION_CONTEXT(2) 
PARAMETRIC_REPRESENTATION_CONTEXT() REPRESENTATION_CONTEXT('2D SPACE',''
  ) );
#4986 = PCURVE('',#4483,#4987);
#4987 = DEFINITIONAL_REPRESENTATION('',(#4988),#4992);
#4988 = CIRCLE('',#4989,1.5);
#4989 = AXIS2_PLACEMENT_2D('',#4990,#4991);
#4990 = CARTESIAN_POINT('',(-22.50609665441,20.50609665441));
#4991 = DIRECTION('',(-0.888311964276,-0.459240518817));
#4992 = ( GEOMETRIC_REPRESENTATION_CONTEXT(2) 
PARAMETRIC_REPRESENTATION_CONTEXT() REPRESENTATION_CONTEXT('2D SPACE',''
  ) );
#4993 = ADVANCED_FACE('',(#4994),#2779,.T.);
#4994 = FACE_BOUND('',#4995,.T.);
#4995 = EDGE_LOOP('',(#4996,#5021,#5040,#5041,#5042,#5043));
#4996 = ORIENTED_EDGE('',*,*,#4997,.F.);
#4997 = EDGE_CURVE('',#4998,#5000,#5002,.T.);
#4998 = VERTEX_POINT('',#4999);
#4999 = CARTESIAN_POINT('',(160.,-57.,65.));
#5000 = VERTEX_POINT('',#5001);
#5001 = CARTESIAN_POINT('',(160.,-57.,78.));
#5002 = SURFACE_CURVE('',#5003,(#5007,#5014),.PCURVE_S1.);
#5003 = LINE('',#5004,#5005);
#5004 = CARTESIAN_POINT('',(160.,-57.,48.));
#5005 = VECTOR('',#5006,1.);
#5006 = DIRECTION('',(0.,0.,1.));
#5007 = PCURVE('',#2779,#5008);
#5008 = DEFINITIONAL_REPRESENTATION('',(#5009),#5013);
#5009 = LINE('',#5010,#5011);
#5010 = CARTESIAN_POINT('',(0.,0.));
#5011 = VECTOR('',#5012,1.);
#5012 = DIRECTION('',(1.,0.));
#5013 = ( GEOMETRIC_REPRESENTATION_CONTEXT(2) 
PARAMETRIC_REPRESENTATION_CONTEXT() REPRESENTATION_CONTEXT('2D SPACE',''
  ) );
#5014 = PCURVE('',#2812,#5015);
#5015 = DEFINITIONAL_REPRESENTATION('',(#5016),#5020);
#5016 = LINE('',#5017,#5018);
#5017 = CARTESIAN_POINT('',(0.,20.));
#5018 = VECTOR('',#5019,1.);
#5019 = DIRECTION('',(1.,0.));
#5020 = ( GEOMETRIC_REPRESENTATION_CONTEXT(2) 
PARAMETRIC_REPRESENTATION_CONTEXT() REPRESENTATION_CONTEXT('2D SPACE',''
  ) );
#5021 = ORIENTED_EDGE('',*,*,#5022,.T.);
#5022 = EDGE_CURVE('',#4998,#4347,#5023,.T.);
#5023 = SURFACE_CURVE('',#5024,(#5028,#5034),.PCURVE_S1.);
#5024 = LINE('',#5025,#5026);
#5025 = CARTESIAN_POINT('',(160.,-60.5,65.));
#5026 = VECTOR('',#5027,1.);
#5027 = DIRECTION('',(0.,1.,0.));
#5028 = PCURVE('',#2779,#5029);
#5029 = DEFINITIONAL_REPRESENTATION('',(#5030),#5033);
#5030 = B_SPLINE_CURVE_WITH_KNOTS('',1,(#5031,#5032),.UNSPECIFIED.,.F.,
  .F.,(2,2),(3.5,13.5),.PIECEWISE_BEZIER_KNOTS.);
#5031 = CARTESIAN_POINT('',(17.,0.));
#5032 = CARTESIAN_POINT('',(17.,-10.));
#5033 = ( GEOMETRIC_REPRESENTATION_CONTEXT(2) 
PARAMETRIC_REPRESENTATION_CONTEXT() REPRESENTATION_CONTEXT('2D SPACE',''
  ) );
#5034 = PCURVE('',#2839,#5035);
#5035 = DEFINITIONAL_REPRESENTATION('',(#5036),#5039);
#5036 = B_SPLINE_CURVE_WITH_KNOTS('',1,(#5037,#5038),.UNSPECIFIED.,.F.,
  .F.,(2,2),(3.5,13.5),.PIECEWISE_BEZIER_KNOTS.);
#5037 = CARTESIAN_POINT('',(30.,7.));
#5038 = CARTESIAN_POINT('',(30.,17.));
#5039 = ( GEOMETRIC_REPRESENTATION_CONTEXT(2) 
PARAMETRIC_REPRESENTATION_CONTEXT() REPRESENTATION_CONTEXT('2D SPACE',''
  ) );
#5040 = ORIENTED_EDGE('',*,*,#4346,.T.);
#5041 = ORIENTED_EDGE('',*,*,#4272,.T.);
#5042 = ORIENTED_EDGE('',*,*,#2765,.T.);
#5043 = ORIENTED_EDGE('',*,*,#5044,.F.);
#5044 = EDGE_CURVE('',#5000,#2738,#5045,.T.);
#5045 = SURFACE_CURVE('',#5046,(#5050,#5057),.PCURVE_S1.);
#5046 = LINE('',#5047,#5048);
#5047 = CARTESIAN_POINT('',(160.,-57.,78.));
#5048 = VECTOR('',#5049,1.);
#5049 = DIRECTION('',(0.,1.,0.));
#5050 = PCURVE('',#2779,#5051);
#5051 = DEFINITIONAL_REPRESENTATION('',(#5052),#5056);
#5052 = LINE('',#5053,#5054);
#5053 = CARTESIAN_POINT('',(30.,0.));
#5054 = VECTOR('',#5055,1.);
#5055 = DIRECTION('',(0.,-1.));
#5056 = ( GEOMETRIC_REPRESENTATION_CONTEXT(2) 
PARAMETRIC_REPRESENTATION_CONTEXT() REPRESENTATION_CONTEXT('2D SPACE',''
  ) );
#5057 = PCURVE('',#2753,#5058);
#5058 = DEFINITIONAL_REPRESENTATION('',(#5059),#5063);
#5059 = LINE('',#5060,#5061);
#5060 = CARTESIAN_POINT('',(20.,0.));
#5061 = VECTOR('',#5062,1.);
#5062 = DIRECTION('',(0.,1.));
#5063 = ( GEOMETRIC_REPRESENTATION_CONTEXT(2) 
PARAMETRIC_REPRESENTATION_CONTEXT() REPRESENTATION_CONTEXT('2D SPACE',''
  ) );
#5064 = ADVANCED_FACE('',(#5065),#2753,.T.);
#5065 = FACE_BOUND('',#5066,.T.);
#5066 = EDGE_LOOP('',(#5067,#5068,#5089,#5090));
#5067 = ORIENTED_EDGE('',*,*,#2871,.F.);
#5068 = ORIENTED_EDGE('',*,*,#5069,.T.);
#5069 = EDGE_CURVE('',#2797,#5000,#5070,.T.);
#5070 = SURFACE_CURVE('',#5071,(#5075,#5082),.PCURVE_S1.);
#5071 = LINE('',#5072,#5073);
#5072 = CARTESIAN_POINT('',(140.,-57.,78.));
#5073 = VECTOR('',#5074,1.);
#5074 = DIRECTION('',(1.,0.,0.));
#5075 = PCURVE('',#2753,#5076);
#5076 = DEFINITIONAL_REPRESENTATION('',(#5077),#5081);
#5077 = LINE('',#5078,#5079);
#5078 = CARTESIAN_POINT('',(0.,0.));
#5079 = VECTOR('',#5080,1.);
#5080 = DIRECTION('',(1.,0.));
#5081 = ( GEOMETRIC_REPRESENTATION_CONTEXT(2) 
PARAMETRIC_REPRESENTATION_CONTEXT() REPRESENTATION_CONTEXT('2D SPACE',''
  ) );
#5082 = PCURVE('',#2812,#5083);
#5083 = DEFINITIONAL_REPRESENTATION('',(#5084),#5088);
#5084 = LINE('',#5085,#5086);
#5085 = CARTESIAN_POINT('',(30.,0.));
#5086 = VECTOR('',#5087,1.);
#5087 = DIRECTION('',(0.,1.));
#5088 = ( GEOMETRIC_REPRESENTATION_CONTEXT(2) 
PARAMETRIC_REPRESENTATION_CONTEXT() REPRESENTATION_CONTEXT('2D SPACE',''
  ) );
#5089 = ORIENTED_EDGE('',*,*,#5044,.T.);
#5090 = ORIENTED_EDGE('',*,*,#2737,.F.);
#5091 = ADVANCED_FACE('',(#5092),#2812,.F.);
#5092 = FACE_BOUND('',#5093,.F.);
#5093 = EDGE_LOOP('',(#5094,#5095,#5114,#5115));
#5094 = ORIENTED_EDGE('',*,*,#4997,.F.);
#5095 = ORIENTED_EDGE('',*,*,#5096,.T.);
#5096 = EDGE_CURVE('',#4998,#2795,#5097,.T.);
#5097 = SURFACE_CURVE('',#5098,(#5102,#5108),.PCURVE_S1.);
#5098 = LINE('',#5099,#5100);
#5099 = CARTESIAN_POINT('',(135.,-57.,65.));
#5100 = VECTOR('',#5101,1.);
#5101 = DIRECTION('',(-1.,0.,0.));
#5102 = PCURVE('',#2812,#5103);
#5103 = DEFINITIONAL_REPRESENTATION('',(#5104),#5107);
#5104 = B_SPLINE_CURVE_WITH_KNOTS('',1,(#5105,#5106),.UNSPECIFIED.,.F.,
  .F.,(2,2),(-25.,-5.),.PIECEWISE_BEZIER_KNOTS.);
#5105 = CARTESIAN_POINT('',(17.,20.));
#5106 = CARTESIAN_POINT('',(17.,0.));
#5107 = ( GEOMETRIC_REPRESENTATION_CONTEXT(2) 
PARAMETRIC_REPRESENTATION_CONTEXT() REPRESENTATION_CONTEXT('2D SPACE',''
  ) );
#5108 = PCURVE('',#2839,#5109);
#5109 = DEFINITIONAL_REPRESENTATION('',(#5110),#5113);
#5110 = B_SPLINE_CURVE_WITH_KNOTS('',1,(#5111,#5112),.UNSPECIFIED.,.F.,
  .F.,(2,2),(-25.,-5.),.PIECEWISE_BEZIER_KNOTS.);
#5111 = CARTESIAN_POINT('',(30.,7.));
#5112 = CARTESIAN_POINT('',(10.,7.));
#5113 = ( GEOMETRIC_REPRESENTATION_CONTEXT(2) 
PARAMETRIC_REPRESENTATION_CONTEXT() REPRESENTATION_CONTEXT('2D SPACE',''
  ) );
#5114 = ORIENTED_EDGE('',*,*,#2794,.T.);
#5115 = ORIENTED_EDGE('',*,*,#5069,.T.);
#5116 = ADVANCED_FACE('',(#5117),#2839,.T.);
#5117 = FACE_BOUND('',#5118,.T.);
#5118 = EDGE_LOOP('',(#5119,#5120,#5121,#5122,#5150,#5171,#5172,#5173,
    #5174,#5175));
#5119 = ORIENTED_EDGE('',*,*,#2940,.F.);
#5120 = ORIENTED_EDGE('',*,*,#3014,.T.);
#5121 = ORIENTED_EDGE('',*,*,#3065,.T.);
#5122 = ORIENTED_EDGE('',*,*,#5123,.F.);
#5123 = EDGE_CURVE('',#5124,#3066,#5126,.T.);
#5124 = VERTEX_POINT('',#5125);
#5125 = CARTESIAN_POINT('',(170.,-61.,65.));
#5126 = SURFACE_CURVE('',#5127,(#5132,#5143),.PCURVE_S1.);
#5127 = CIRCLE('',#5128,3.);
#5128 = AXIS2_PLACEMENT_3D('',#5129,#5130,#5131);
#5129 = CARTESIAN_POINT('',(167.,-61.,65.));
#5130 = DIRECTION('',(-0.,-0.,-1.));
#5131 = DIRECTION('',(0.,-1.,0.));
#5132 = PCURVE('',#2839,#5133);
#5133 = DEFINITIONAL_REPRESENTATION('',(#5134),#5142);
#5134 = ( BOUNDED_CURVE() B_SPLINE_CURVE(2,(#5135,#5136,#5137,#5138,
#5139,#5140,#5141),.UNSPECIFIED.,.T.,.F.) B_SPLINE_CURVE_WITH_KNOTS((1,2
    ,2,2,2,1),(-2.094395102393,0.,2.094395102393,4.188790204786,
6.28318530718,8.377580409573),.UNSPECIFIED.) CURVE() 
GEOMETRIC_REPRESENTATION_ITEM() RATIONAL_B_SPLINE_CURVE((1.,0.5,1.,0.5,
1.,0.5,1.)) REPRESENTATION_ITEM('') );
#5135 = CARTESIAN_POINT('',(37.,0.));
#5136 = CARTESIAN_POINT('',(31.803847577293,0.));
#5137 = CARTESIAN_POINT('',(34.401923788647,4.5));
#5138 = CARTESIAN_POINT('',(37.,9.));
#5139 = CARTESIAN_POINT('',(39.598076211353,4.5));
#5140 = CARTESIAN_POINT('',(42.196152422707,4.440892098501E-15));
#5141 = CARTESIAN_POINT('',(37.,0.));
#5142 = ( GEOMETRIC_REPRESENTATION_CONTEXT(2) 
PARAMETRIC_REPRESENTATION_CONTEXT() REPRESENTATION_CONTEXT('2D SPACE',''
  ) );
#5143 = PCURVE('',#3102,#5144);
#5144 = DEFINITIONAL_REPRESENTATION('',(#5145),#5149);
#5145 = LINE('',#5146,#5147);
#5146 = CARTESIAN_POINT('',(4.712388980385,40.));
#5147 = VECTOR('',#5148,1.);
#5148 = DIRECTION('',(-1.,0.));
#5149 = ( GEOMETRIC_REPRESENTATION_CONTEXT(2) 
PARAMETRIC_REPRESENTATION_CONTEXT() REPRESENTATION_CONTEXT('2D SPACE',''
  ) );
#5150 = ORIENTED_EDGE('',*,*,#5151,.T.);
#5151 = EDGE_CURVE('',#5124,#4300,#5152,.T.);
#5152 = SURFACE_CURVE('',#5153,(#5157,#5164),.PCURVE_S1.);
#5153 = LINE('',#5154,#5155);
#5154 = CARTESIAN_POINT('',(170.,-64.,65.));
#5155 = VECTOR('',#5156,1.);
#5156 = DIRECTION('',(0.,1.,0.));
#5157 = PCURVE('',#2839,#5158);
#5158 = DEFINITIONAL_REPRESENTATION('',(#5159),#5163);
#5159 = LINE('',#5160,#5161);
#5160 = CARTESIAN_POINT('',(40.,0.));
#5161 = VECTOR('',#5162,1.);
#5162 = DIRECTION('',(0.,1.));
#5163 = ( GEOMETRIC_REPRESENTATION_CONTEXT(2) 
PARAMETRIC_REPRESENTATION_CONTEXT() REPRESENTATION_CONTEXT('2D SPACE',''
  ) );
#5164 = PCURVE('',#4314,#5165);
#5165 = DEFINITIONAL_REPRESENTATION('',(#5166),#5170);
#5166 = LINE('',#5167,#5168);
#5167 = CARTESIAN_POINT('',(40.,0.));
#5168 = VECTOR('',#5169,1.);
#5169 = DIRECTION('',(0.,-1.));
#5170 = ( GEOMETRIC_REPRESENTATION_CONTEXT(2) 
PARAMETRIC_REPRESENTATION_CONTEXT() REPRESENTATION_CONTEXT('2D SPACE',''
  ) );
#5171 = ORIENTED_EDGE('',*,*,#4367,.T.);
#5172 = ORIENTED_EDGE('',*,*,#5022,.F.);
#5173 = ORIENTED_EDGE('',*,*,#5096,.T.);
#5174 = ORIENTED_EDGE('',*,*,#2824,.T.);
#5175 = ORIENTED_EDGE('',*,*,#2917,.T.);
#5176 = ADVANCED_FACE('',(#5177),#3102,.T.);
#5177 = FACE_BOUND('',#5178,.F.);
#5178 = EDGE_LOOP('',(#5179,#5180,#5181,#5182));
#5179 = ORIENTED_EDGE('',*,*,#4392,.T.);
#5180 = ORIENTED_EDGE('',*,*,#3088,.T.);
#5181 = ORIENTED_EDGE('',*,*,#5123,.F.);
#5182 = ORIENTED_EDGE('',*,*,#5183,.F.);
#5183 = EDGE_CURVE('',#4393,#5124,#5184,.T.);
#5184 = SURFACE_CURVE('',#5185,(#5189,#5196),.PCURVE_S1.);
#5185 = LINE('',#5186,#5187);
#5186 = CARTESIAN_POINT('',(170.,-61.,25.));
#5187 = VECTOR('',#5188,1.);
#5188 = DIRECTION('',(0.,0.,1.));
#5189 = PCURVE('',#3102,#5190);
#5190 = DEFINITIONAL_REPRESENTATION('',(#5191),#5195);
#5191 = LINE('',#5192,#5193);
#5192 = CARTESIAN_POINT('',(-0.,0.));
#5193 = VECTOR('',#5194,1.);
#5194 = DIRECTION('',(-0.,1.));
#5195 = ( GEOMETRIC_REPRESENTATION_CONTEXT(2) 
PARAMETRIC_REPRESENTATION_CONTEXT() REPRESENTATION_CONTEXT('2D SPACE',''
  ) );
#5196 = PCURVE('',#4314,#5197);
#5197 = DEFINITIONAL_REPRESENTATION('',(#5198),#5202);
#5198 = LINE('',#5199,#5200);
#5199 = CARTESIAN_POINT('',(0.,-3.));
#5200 = VECTOR('',#5201,1.);
#5201 = DIRECTION('',(1.,0.));
#5202 = ( GEOMETRIC_REPRESENTATION_CONTEXT(2) 
PARAMETRIC_REPRESENTATION_CONTEXT() REPRESENTATION_CONTEXT('2D SPACE',''
  ) );
#5203 = ADVANCED_FACE('',(#5204),#3258,.T.);
#5204 = FACE_BOUND('',#5205,.T.);
#5205 = EDGE_LOOP('',(#5206));
#5206 = ORIENTED_EDGE('',*,*,#3243,.T.);
#5207 = ADVANCED_FACE('',(#5208),#268,.F.);
#5208 = FACE_BOUND('',#5209,.F.);
#5209 = EDGE_LOOP('',(#5210,#5211,#5212));
#5210 = ORIENTED_EDGE('',*,*,#252,.F.);
#5211 = ORIENTED_EDGE('',*,*,#3607,.F.);
#5212 = ORIENTED_EDGE('',*,*,#3633,.F.);
#5213 = ADVANCED_FACE('',(#5214),#156,.F.);
#5214 = FACE_BOUND('',#5215,.F.);
#5215 = EDGE_LOOP('',(#5216,#5217,#5218));
#5216 = ORIENTED_EDGE('',*,*,#140,.F.);
#5217 = ORIENTED_EDGE('',*,*,#3680,.T.);
#5218 = ORIENTED_EDGE('',*,*,#3711,.F.);
#5219 = ADVANCED_FACE('',(#5220),#3861,.T.);
#5220 = FACE_BOUND('',#5221,.T.);
#5221 = EDGE_LOOP('',(#5222,#5223,#5224,#5225));
#5222 = ORIENTED_EDGE('',*,*,#4015,.F.);
#5223 = ORIENTED_EDGE('',*,*,#4223,.F.);
#5224 = ORIENTED_EDGE('',*,*,#3845,.T.);
#5225 = ORIENTED_EDGE('',*,*,#3925,.T.);
#5226 = ADVANCED_FACE('',(#5227),#4314,.T.);
#5227 = FACE_BOUND('',#5228,.T.);
#5228 = EDGE_LOOP('',(#5229,#5230,#5231,#5232));
#5229 = ORIENTED_EDGE('',*,*,#5151,.F.);
#5230 = ORIENTED_EDGE('',*,*,#5183,.F.);
#5231 = ORIENTED_EDGE('',*,*,#4420,.T.);
#5232 = ORIENTED_EDGE('',*,*,#4297,.T.);
#5233 = ADVANCED_FACE('',(#5234,#5241,#5276),#4483,.T.);
#5234 = FACE_BOUND('',#5235,.T.);
#5235 = EDGE_LOOP('',(#5236,#5237,#5238,#5239,#5240));
#5236 = ORIENTED_EDGE('',*,*,#4782,.T.);
#5237 = ORIENTED_EDGE('',*,*,#4523,.T.);
#5238 = ORIENTED_EDGE('',*,*,#4466,.F.);
#5239 = ORIENTED_EDGE('',*,*,#4972,.F.);
#5240 = ORIENTED_EDGE('',*,*,#4703,.T.);
#5241 = FACE_BOUND('',#5242,.T.);
#5242 = EDGE_LOOP('',(#5243));
#5243 = ORIENTED_EDGE('',*,*,#5244,.T.);
#5244 = EDGE_CURVE('',#5245,#5245,#5247,.T.);
#5245 = VERTEX_POINT('',#5246);
#5246 = CARTESIAN_POINT('',(153.,-16.50609665441,32.00609665441));
#5247 = SURFACE_CURVE('',#5248,(#5253,#5264),.PCURVE_S1.);
#5248 = CIRCLE('',#5249,1.5);
#5249 = AXIS2_PLACEMENT_3D('',#5250,#5251,#5252);
#5250 = CARTESIAN_POINT('',(153.,-16.50609665441,30.50609665441));
#5251 = DIRECTION('',(-1.,0.,0.));
#5252 = DIRECTION('',(0.,1.110223024625E-16,1.));
#5253 = PCURVE('',#4483,#5254);
#5254 = DEFINITIONAL_REPRESENTATION('',(#5255),#5263);
#5255 = ( BOUNDED_CURVE() B_SPLINE_CURVE(2,(#5256,#5257,#5258,#5259,
#5260,#5261,#5262),.UNSPECIFIED.,.T.,.F.) B_SPLINE_CURVE_WITH_KNOTS((1,2
    ,2,2,2,1),(-2.094395102393,0.,2.094395102393,4.188790204786,
6.28318530718,8.377580409573),.UNSPECIFIED.) CURVE() 
GEOMETRIC_REPRESENTATION_ITEM() RATIONAL_B_SPLINE_CURVE((1.,0.5,1.,0.5,
1.,0.5,1.)) REPRESENTATION_ITEM('') );
#5256 = CARTESIAN_POINT('',(18.50609665441,-22.00609665441));
#5257 = CARTESIAN_POINT('',(15.908020443057,-22.00609665441));
#5258 = CARTESIAN_POINT('',(17.207058548733,-19.75609665441));
#5259 = CARTESIAN_POINT('',(18.50609665441,-17.50609665441));
#5260 = CARTESIAN_POINT('',(19.805134760087,-19.75609665441));
#5261 = CARTESIAN_POINT('',(21.104172865763,-22.00609665441));
#5262 = CARTESIAN_POINT('',(18.50609665441,-22.00609665441));
#5263 = ( GEOMETRIC_REPRESENTATION_CONTEXT(2) 
PARAMETRIC_REPRESENTATION_CONTEXT() REPRESENTATION_CONTEXT('2D SPACE',''
  ) );
#5264 = PCURVE('',#5265,#5270);
#5265 = CYLINDRICAL_SURFACE('',#5266,1.5);
#5266 = AXIS2_PLACEMENT_3D('',#5267,#5268,#5269);
#5267 = CARTESIAN_POINT('',(149.,-16.50609665441,30.50609665441));
#5268 = DIRECTION('',(-1.,0.,-0.));
#5269 = DIRECTION('',(0.,1.110223024625E-16,1.));
#5270 = DEFINITIONAL_REPRESENTATION('',(#5271),#5275);
#5271 = LINE('',#5272,#5273);
#5272 = CARTESIAN_POINT('',(-6.28318530718,-4.));
#5273 = VECTOR('',#5274,1.);
#5274 = DIRECTION('',(1.,-0.));
#5275 = ( GEOMETRIC_REPRESENTATION_CONTEXT(2) 
PARAMETRIC_REPRESENTATION_CONTEXT() REPRESENTATION_CONTEXT('2D SPACE',''
  ) );
#5276 = FACE_BOUND('',#5277,.T.);
#5277 = EDGE_LOOP('',(#5278));
#5278 = ORIENTED_EDGE('',*,*,#5279,.T.);
#5279 = EDGE_CURVE('',#5280,#5280,#5282,.T.);
#5280 = VERTEX_POINT('',#5281);
#5281 = CARTESIAN_POINT('',(153.,-16.50609665441,-9.00609665441));
#5282 = SURFACE_CURVE('',#5283,(#5288,#5299),.PCURVE_S1.);
#5283 = CIRCLE('',#5284,1.5);
#5284 = AXIS2_PLACEMENT_3D('',#5285,#5286,#5287);
#5285 = CARTESIAN_POINT('',(153.,-16.50609665441,-10.50609665441));
#5286 = DIRECTION('',(-1.,0.,0.));
#5287 = DIRECTION('',(0.,1.110223024625E-16,1.));
#5288 = PCURVE('',#4483,#5289);
#5289 = DEFINITIONAL_REPRESENTATION('',(#5290),#5298);
#5290 = ( BOUNDED_CURVE() B_SPLINE_CURVE(2,(#5291,#5292,#5293,#5294,
#5295,#5296,#5297),.UNSPECIFIED.,.T.,.F.) B_SPLINE_CURVE_WITH_KNOTS((1,2
    ,2,2,2,1),(-2.094395102393,0.,2.094395102393,4.188790204786,
6.28318530718,8.377580409573),.UNSPECIFIED.) CURVE() 
GEOMETRIC_REPRESENTATION_ITEM() RATIONAL_B_SPLINE_CURVE((1.,0.5,1.,0.5,
1.,0.5,1.)) REPRESENTATION_ITEM('') );
#5291 = CARTESIAN_POINT('',(18.50609665441,19.00609665441));
#5292 = CARTESIAN_POINT('',(15.908020443057,19.00609665441));
#5293 = CARTESIAN_POINT('',(17.207058548733,21.25609665441));
#5294 = CARTESIAN_POINT('',(18.50609665441,23.50609665441));
#5295 = CARTESIAN_POINT('',(19.805134760087,21.25609665441));
#5296 = CARTESIAN_POINT('',(21.104172865763,19.00609665441));
#5297 = CARTESIAN_POINT('',(18.50609665441,19.00609665441));
#5298 = ( GEOMETRIC_REPRESENTATION_CONTEXT(2) 
PARAMETRIC_REPRESENTATION_CONTEXT() REPRESENTATION_CONTEXT('2D SPACE',''
  ) );
#5299 = PCURVE('',#5300,#5305);
#5300 = CYLINDRICAL_SURFACE('',#5301,1.5);
#5301 = AXIS2_PLACEMENT_3D('',#5302,#5303,#5304);
#5302 = CARTESIAN_POINT('',(149.,-16.50609665441,-10.50609665441));
#5303 = DIRECTION('',(-1.,0.,-0.));
#5304 = DIRECTION('',(0.,1.110223024625E-16,1.));
#5305 = DEFINITIONAL_REPRESENTATION('',(#5306),#5310);
#5306 = LINE('',#5307,#5308);
#5307 = CARTESIAN_POINT('',(-6.28318530718,-4.));
#5308 = VECTOR('',#5309,1.);
#5309 = DIRECTION('',(1.,-0.));
#5310 = ( GEOMETRIC_REPRESENTATION_CONTEXT(2) 
PARAMETRIC_REPRESENTATION_CONTEXT() REPRESENTATION_CONTEXT('2D SPACE',''
  ) );
#5311 = ADVANCED_FACE('',(#5312),#4769,.T.);
#5312 = FACE_BOUND('',#5313,.T.);
#5313 = EDGE_LOOP('',(#5314));
#5314 = ORIENTED_EDGE('',*,*,#4754,.T.);
#5315 = ADVANCED_FACE('',(#5316),#4646,.T.);
#5316 = FACE_BOUND('',#5317,.T.);
#5317 = EDGE_LOOP('',(#5318,#5319,#5320));
#5318 = ORIENTED_EDGE('',*,*,#4884,.F.);
#5319 = ORIENTED_EDGE('',*,*,#4629,.T.);
#5320 = ORIENTED_EDGE('',*,*,#4943,.F.);
#5321 = ADVANCED_FACE('',(#5322),#4613,.T.);
#5322 = FACE_BOUND('',#5323,.T.);
#5323 = EDGE_LOOP('',(#5324,#5325,#5326));
#5324 = ORIENTED_EDGE('',*,*,#4910,.F.);
#5325 = ORIENTED_EDGE('',*,*,#4834,.T.);
#5326 = ORIENTED_EDGE('',*,*,#4596,.T.);
#5327 = ADVANCED_FACE('',(#5328),#5265,.F.);
#5328 = FACE_BOUND('',#5329,.T.);
#5329 = EDGE_LOOP('',(#5330,#5363,#5384,#5385));
#5330 = ORIENTED_EDGE('',*,*,#5331,.T.);
#5331 = EDGE_CURVE('',#5332,#5332,#5334,.T.);
#5332 = VERTEX_POINT('',#5333);
#5333 = CARTESIAN_POINT('',(150.,-16.50609665441,32.00609665441));
#5334 = SURFACE_CURVE('',#5335,(#5340,#5347),.PCURVE_S1.);
#5335 = CIRCLE('',#5336,1.5);
#5336 = AXIS2_PLACEMENT_3D('',#5337,#5338,#5339);
#5337 = CARTESIAN_POINT('',(150.,-16.50609665441,30.50609665441));
#5338 = DIRECTION('',(-1.,0.,0.));
#5339 = DIRECTION('',(0.,1.110223024625E-16,1.));
#5340 = PCURVE('',#5265,#5341);
#5341 = DEFINITIONAL_REPRESENTATION('',(#5342),#5346);
#5342 = LINE('',#5343,#5344);
#5343 = CARTESIAN_POINT('',(-6.28318530718,-1.));
#5344 = VECTOR('',#5345,1.);
#5345 = DIRECTION('',(1.,-0.));
#5346 = ( GEOMETRIC_REPRESENTATION_CONTEXT(2) 
PARAMETRIC_REPRESENTATION_CONTEXT() REPRESENTATION_CONTEXT('2D SPACE',''
  ) );
#5347 = PCURVE('',#5348,#5353);
#5348 = PLANE('',#5349);
#5349 = AXIS2_PLACEMENT_3D('',#5350,#5351,#5352);
#5350 = CARTESIAN_POINT('',(150.,3.,10.));
#5351 = DIRECTION('',(1.,0.,0.));
#5352 = DIRECTION('',(0.,-1.,1.110223024625E-16));
#5353 = DEFINITIONAL_REPRESENTATION('',(#5354),#5362);
#5354 = ( BOUNDED_CURVE() B_SPLINE_CURVE(2,(#5355,#5356,#5357,#5358,
#5359,#5360,#5361),.UNSPECIFIED.,.T.,.F.) B_SPLINE_CURVE_WITH_KNOTS((1,2
    ,2,2,2,1),(-2.094395102393,0.,2.094395102393,4.188790204786,
6.28318530718,8.377580409573),.UNSPECIFIED.) CURVE() 
GEOMETRIC_REPRESENTATION_ITEM() RATIONAL_B_SPLINE_CURVE((1.,0.5,1.,0.5,
1.,0.5,1.)) REPRESENTATION_ITEM('') );
#5355 = CARTESIAN_POINT('',(19.50609665441,-22.00609665441));
#5356 = CARTESIAN_POINT('',(16.908020443057,-22.00609665441));
#5357 = CARTESIAN_POINT('',(18.207058548733,-19.75609665441));
#5358 = CARTESIAN_POINT('',(19.50609665441,-17.50609665441));
#5359 = CARTESIAN_POINT('',(20.805134760087,-19.75609665441));
#5360 = CARTESIAN_POINT('',(22.104172865763,-22.00609665441));
#5361 = CARTESIAN_POINT('',(19.50609665441,-22.00609665441));
#5362 = ( GEOMETRIC_REPRESENTATION_CONTEXT(2) 
PARAMETRIC_REPRESENTATION_CONTEXT() REPRESENTATION_CONTEXT('2D SPACE',''
  ) );
#5363 = ORIENTED_EDGE('',*,*,#5364,.T.);
#5364 = EDGE_CURVE('',#5332,#5245,#5365,.T.);
#5365 = SEAM_CURVE('',#5366,(#5370,#5377),.PCURVE_S1.);
#5366 = LINE('',#5367,#5368);
#5367 = CARTESIAN_POINT('',(149.,-16.50609665441,32.00609665441));
#5368 = VECTOR('',#5369,1.);
#5369 = DIRECTION('',(1.,0.,0.));
#5370 = PCURVE('',#5265,#5371);
#5371 = DEFINITIONAL_REPRESENTATION('',(#5372),#5376);
#5372 = LINE('',#5373,#5374);
#5373 = CARTESIAN_POINT('',(-6.28318530718,0.));
#5374 = VECTOR('',#5375,1.);
#5375 = DIRECTION('',(-0.,-1.));
#5376 = ( GEOMETRIC_REPRESENTATION_CONTEXT(2) 
PARAMETRIC_REPRESENTATION_CONTEXT() REPRESENTATION_CONTEXT('2D SPACE',''
  ) );
#5377 = PCURVE('',#5265,#5378);
#5378 = DEFINITIONAL_REPRESENTATION('',(#5379),#5383);
#5379 = LINE('',#5380,#5381);
#5380 = CARTESIAN_POINT('',(-0.,0.));
#5381 = VECTOR('',#5382,1.);
#5382 = DIRECTION('',(-0.,-1.));
#5383 = ( GEOMETRIC_REPRESENTATION_CONTEXT(2) 
PARAMETRIC_REPRESENTATION_CONTEXT() REPRESENTATION_CONTEXT('2D SPACE',''
  ) );
#5384 = ORIENTED_EDGE('',*,*,#5244,.F.);
#5385 = ORIENTED_EDGE('',*,*,#5364,.F.);
#5386 = ADVANCED_FACE('',(#5387),#5300,.F.);
#5387 = FACE_BOUND('',#5388,.T.);
#5388 = EDGE_LOOP('',(#5389,#5422,#5443,#5444));
#5389 = ORIENTED_EDGE('',*,*,#5390,.T.);
#5390 = EDGE_CURVE('',#5391,#5391,#5393,.T.);
#5391 = VERTEX_POINT('',#5392);
#5392 = CARTESIAN_POINT('',(150.,-16.50609665441,-9.00609665441));
#5393 = SURFACE_CURVE('',#5394,(#5399,#5406),.PCURVE_S1.);
#5394 = CIRCLE('',#5395,1.5);
#5395 = AXIS2_PLACEMENT_3D('',#5396,#5397,#5398);
#5396 = CARTESIAN_POINT('',(150.,-16.50609665441,-10.50609665441));
#5397 = DIRECTION('',(-1.,0.,0.));
#5398 = DIRECTION('',(0.,1.110223024625E-16,1.));
#5399 = PCURVE('',#5300,#5400);
#5400 = DEFINITIONAL_REPRESENTATION('',(#5401),#5405);
#5401 = LINE('',#5402,#5403);
#5402 = CARTESIAN_POINT('',(-6.28318530718,-1.));
#5403 = VECTOR('',#5404,1.);
#5404 = DIRECTION('',(1.,-0.));
#5405 = ( GEOMETRIC_REPRESENTATION_CONTEXT(2) 
PARAMETRIC_REPRESENTATION_CONTEXT() REPRESENTATION_CONTEXT('2D SPACE',''
  ) );
#5406 = PCURVE('',#5407,#5412);
#5407 = PLANE('',#5408);
#5408 = AXIS2_PLACEMENT_3D('',#5409,#5410,#5411);
#5409 = CARTESIAN_POINT('',(150.,3.,10.));
#5410 = DIRECTION('',(1.,0.,0.));
#5411 = DIRECTION('',(0.,-1.,1.110223024625E-16));
#5412 = DEFINITIONAL_REPRESENTATION('',(#5413),#5421);
#5413 = ( BOUNDED_CURVE() B_SPLINE_CURVE(2,(#5414,#5415,#5416,#5417,
#5418,#5419,#5420),.UNSPECIFIED.,.T.,.F.) B_SPLINE_CURVE_WITH_KNOTS((1,2
    ,2,2,2,1),(-2.094395102393,0.,2.094395102393,4.188790204786,
6.28318530718,8.377580409573),.UNSPECIFIED.) CURVE() 
GEOMETRIC_REPRESENTATION_ITEM() RATIONAL_B_SPLINE_CURVE((1.,0.5,1.,0.5,
1.,0.5,1.)) REPRESENTATION_ITEM('') );
#5414 = CARTESIAN_POINT('',(19.50609665441,19.00609665441));
#5415 = CARTESIAN_POINT('',(16.908020443057,19.00609665441));
#5416 = CARTESIAN_POINT('',(18.207058548733,21.25609665441));
#5417 = CARTESIAN_POINT('',(19.50609665441,23.50609665441));
#5418 = CARTESIAN_POINT('',(20.805134760087,21.25609665441));
#5419 = CARTESIAN_POINT('',(22.104172865763,19.00609665441));
#5420 = CARTESIAN_POINT('',(19.50609665441,19.00609665441));
#5421 = ( GEOMETRIC_REPRESENTATION_CONTEXT(2) 
PARAMETRIC_REPRESENTATION_CONTEXT() REPRESENTATION_CONTEXT('2D SPACE',''
  ) );
#5422 = ORIENTED_EDGE('',*,*,#5423,.T.);
#5423 = EDGE_CURVE('',#5391,#5280,#5424,.T.);
#5424 = SEAM_CURVE('',#5425,(#5429,#5436),.PCURVE_S1.);
#5425 = LINE('',#5426,#5427);
#5426 = CARTESIAN_POINT('',(149.,-16.50609665441,-9.00609665441));
#5427 = VECTOR('',#5428,1.);
#5428 = DIRECTION('',(1.,0.,0.));
#5429 = PCURVE('',#5300,#5430);
#5430 = DEFINITIONAL_REPRESENTATION('',(#5431),#5435);
#5431 = LINE('',#5432,#5433);
#5432 = CARTESIAN_POINT('',(-6.28318530718,0.));
#5433 = VECTOR('',#5434,1.);
#5434 = DIRECTION('',(-0.,-1.));
#5435 = ( GEOMETRIC_REPRESENTATION_CONTEXT(2) 
PARAMETRIC_REPRESENTATION_CONTEXT() REPRESENTATION_CONTEXT('2D SPACE',''
  ) );
#5436 = PCURVE('',#5300,#5437);
#5437 = DEFINITIONAL_REPRESENTATION('',(#5438),#5442);
#5438 = LINE('',#5439,#5440);
#5439 = CARTESIAN_POINT('',(-0.,0.));
#5440 = VECTOR('',#5441,1.);
#5441 = DIRECTION('',(-0.,-1.));
#5442 = ( GEOMETRIC_REPRESENTATION_CONTEXT(2) 
PARAMETRIC_REPRESENTATION_CONTEXT() REPRESENTATION_CONTEXT('2D SPACE',''
  ) );
#5443 = ORIENTED_EDGE('',*,*,#5279,.F.);
#5444 = ORIENTED_EDGE('',*,*,#5423,.F.);
#5445 = ADVANCED_FACE('',(#5446),#5348,.T.);
#5446 = FACE_BOUND('',#5447,.T.);
#5447 = EDGE_LOOP('',(#5448));
#5448 = ORIENTED_EDGE('',*,*,#5331,.F.);
#5449 = ADVANCED_FACE('',(#5450),#5407,.T.);
#5450 = FACE_BOUND('',#5451,.T.);
#5451 = EDGE_LOOP('',(#5452));
#5452 = ORIENTED_EDGE('',*,*,#5390,.F.);
#5453 = ORIENTED_CLOSED_SHELL('',*,#5454,.F.);
#5454 = CLOSED_SHELL('',(#5455,#5496,#5551));
#5455 = ADVANCED_FACE('',(#5456),#5469,.F.);
#5456 = FACE_BOUND('',#5457,.F.);
#5457 = EDGE_LOOP('',(#5458));
#5458 = ORIENTED_EDGE('',*,*,#5459,.F.);
#5459 = EDGE_CURVE('',#5460,#5460,#5462,.T.);
#5460 = VERTEX_POINT('',#5461);
#5461 = CARTESIAN_POINT('',(6.,7.,1.5));
#5462 = SURFACE_CURVE('',#5463,(#5468,#5484),.PCURVE_S1.);
#5463 = CIRCLE('',#5464,1.5);
#5464 = AXIS2_PLACEMENT_3D('',#5465,#5466,#5467);
#5465 = CARTESIAN_POINT('',(6.,7.,-7.771561172376E-16));
#5466 = DIRECTION('',(-1.,0.,0.));
#5467 = DIRECTION('',(0.,1.110223024625E-16,1.));
#5468 = PCURVE('',#5469,#5474);
#5469 = PLANE('',#5470);
#5470 = AXIS2_PLACEMENT_3D('',#5471,#5472,#5473);
#5471 = CARTESIAN_POINT('',(6.,-72.,-52.));
#5472 = DIRECTION('',(1.,0.,0.));
#5473 = DIRECTION('',(0.,0.,1.));
#5474 = DEFINITIONAL_REPRESENTATION('',(#5475),#5483);
#5475 = ( BOUNDED_CURVE() B_SPLINE_CURVE(2,(#5476,#5477,#5478,#5479,
#5480,#5481,#5482),.UNSPECIFIED.,.T.,.F.) B_SPLINE_CURVE_WITH_KNOTS((1,2
    ,2,2,2,1),(-2.094395102393,0.,2.094395102393,4.188790204786,
6.28318530718,8.377580409573),.UNSPECIFIED.) CURVE() 
GEOMETRIC_REPRESENTATION_ITEM() RATIONAL_B_SPLINE_CURVE((1.,0.5,1.,0.5,
1.,0.5,1.)) REPRESENTATION_ITEM('') );
#5476 = CARTESIAN_POINT('',(53.5,-79.));
#5477 = CARTESIAN_POINT('',(53.5,-81.59807621135));
#5478 = CARTESIAN_POINT('',(51.25,-80.29903810567));
#5479 = CARTESIAN_POINT('',(49.,-79.));
#5480 = CARTESIAN_POINT('',(51.25,-77.70096189432));
#5481 = CARTESIAN_POINT('',(53.5,-76.40192378864));
#5482 = CARTESIAN_POINT('',(53.5,-79.));
#5483 = ( GEOMETRIC_REPRESENTATION_CONTEXT(2) 
PARAMETRIC_REPRESENTATION_CONTEXT() REPRESENTATION_CONTEXT('2D SPACE',''
  ) );
#5484 = PCURVE('',#5485,#5490);
#5485 = CYLINDRICAL_SURFACE('',#5486,1.5);
#5486 = AXIS2_PLACEMENT_3D('',#5487,#5488,#5489);
#5487 = CARTESIAN_POINT('',(0.,7.,-7.771561172376E-16));
#5488 = DIRECTION('',(-1.,0.,-0.));
#5489 = DIRECTION('',(0.,1.110223024625E-16,1.));
#5490 = DEFINITIONAL_REPRESENTATION('',(#5491),#5495);
#5491 = LINE('',#5492,#5493);
#5492 = CARTESIAN_POINT('',(-6.28318530718,-6.));
#5493 = VECTOR('',#5494,1.);
#5494 = DIRECTION('',(1.,-0.));
#5495 = ( GEOMETRIC_REPRESENTATION_CONTEXT(2) 
PARAMETRIC_REPRESENTATION_CONTEXT() REPRESENTATION_CONTEXT('2D SPACE',''
  ) );
#5496 = ADVANCED_FACE('',(#5497),#5485,.T.);
#5497 = FACE_BOUND('',#5498,.F.);
#5498 = EDGE_LOOP('',(#5499,#5500,#5523,#5550));
#5499 = ORIENTED_EDGE('',*,*,#5459,.T.);
#5500 = ORIENTED_EDGE('',*,*,#5501,.T.);
#5501 = EDGE_CURVE('',#5460,#5502,#5504,.T.);
#5502 = VERTEX_POINT('',#5503);
#5503 = CARTESIAN_POINT('',(14.,7.,1.5));
#5504 = SEAM_CURVE('',#5505,(#5509,#5516),.PCURVE_S1.);
#5505 = LINE('',#5506,#5507);
#5506 = CARTESIAN_POINT('',(0.,7.,1.5));
#5507 = VECTOR('',#5508,1.);
#5508 = DIRECTION('',(1.,0.,0.));
#5509 = PCURVE('',#5485,#5510);
#5510 = DEFINITIONAL_REPRESENTATION('',(#5511),#5515);
#5511 = LINE('',#5512,#5513);
#5512 = CARTESIAN_POINT('',(-6.28318530718,0.));
#5513 = VECTOR('',#5514,1.);
#5514 = DIRECTION('',(-0.,-1.));
#5515 = ( GEOMETRIC_REPRESENTATION_CONTEXT(2) 
PARAMETRIC_REPRESENTATION_CONTEXT() REPRESENTATION_CONTEXT('2D SPACE',''
  ) );
#5516 = PCURVE('',#5485,#5517);
#5517 = DEFINITIONAL_REPRESENTATION('',(#5518),#5522);
#5518 = LINE('',#5519,#5520);
#5519 = CARTESIAN_POINT('',(-0.,0.));
#5520 = VECTOR('',#5521,1.);
#5521 = DIRECTION('',(-0.,-1.));
#5522 = ( GEOMETRIC_REPRESENTATION_CONTEXT(2) 
PARAMETRIC_REPRESENTATION_CONTEXT() REPRESENTATION_CONTEXT('2D SPACE',''
  ) );
#5523 = ORIENTED_EDGE('',*,*,#5524,.T.);
#5524 = EDGE_CURVE('',#5502,#5502,#5525,.T.);
#5525 = SURFACE_CURVE('',#5526,(#5531,#5538),.PCURVE_S1.);
#5526 = CIRCLE('',#5527,1.5);
#5527 = AXIS2_PLACEMENT_3D('',#5528,#5529,#5530);
#5528 = CARTESIAN_POINT('',(14.,7.,-7.771561172376E-16));
#5529 = DIRECTION('',(1.,0.,-0.));
#5530 = DIRECTION('',(0.,1.110223024625E-16,1.));
#5531 = PCURVE('',#5485,#5532);
#5532 = DEFINITIONAL_REPRESENTATION('',(#5533),#5537);
#5533 = LINE('',#5534,#5535);
#5534 = CARTESIAN_POINT('',(-0.,-14.));
#5535 = VECTOR('',#5536,1.);
#5536 = DIRECTION('',(-1.,0.));
#5537 = ( GEOMETRIC_REPRESENTATION_CONTEXT(2) 
PARAMETRIC_REPRESENTATION_CONTEXT() REPRESENTATION_CONTEXT('2D SPACE',''
  ) );
#5538 = PCURVE('',#5539,#5544);
#5539 = PLANE('',#5540);
#5540 = AXIS2_PLACEMENT_3D('',#5541,#5542,#5543);
#5541 = CARTESIAN_POINT('',(14.,7.,-8.911094616159E-16));
#5542 = DIRECTION('',(1.,0.,0.));
#5543 = DIRECTION('',(0.,-1.,1.110223024625E-16));
#5544 = DEFINITIONAL_REPRESENTATION('',(#5545),#5549);
#5545 = CIRCLE('',#5546,1.5);
#5546 = AXIS2_PLACEMENT_2D('',#5547,#5548);
#5547 = CARTESIAN_POINT('',(1.265136266618E-32,-1.139533443783E-16));
#5548 = DIRECTION('',(0.,-1.));
#5549 = ( GEOMETRIC_REPRESENTATION_CONTEXT(2) 
PARAMETRIC_REPRESENTATION_CONTEXT() REPRESENTATION_CONTEXT('2D SPACE',''
  ) );
#5550 = ORIENTED_EDGE('',*,*,#5501,.F.);
#5551 = ADVANCED_FACE('',(#5552),#5539,.T.);
#5552 = FACE_BOUND('',#5553,.T.);
#5553 = EDGE_LOOP('',(#5554));
#5554 = ORIENTED_EDGE('',*,*,#5524,.T.);
#5555 = ORIENTED_CLOSED_SHELL('',*,#5556,.F.);
#5556 = CLOSED_SHELL('',(#5557,#5675,#6201,#6472,#6772,#7025,#7074,#7122
    ,#7405,#7450,#7477,#7573,#7755,#7831,#7909,#8001,#8081,#8130,#8248,
    #8342,#8391,#8436,#8505,#8560,#8709,#9244,#9293,#9741,#10241,#10290,
    #10926,#10977,#11172,#11227,#11282,#11337,#11392,#11447,#11518,
    #11565,#11656,#11705,#11752,#11885,#11976,#12003,#12010,#12017,
    #12024,#12051,#12101,#12293,#12299,#12306,#12335,#12342,#12349,
    #12356,#12363,#12402,#12429,#12436,#12513,#12520,#12565,#12592,
    #12768,#12793,#12842,#13018,#13175,#13224,#13251,#13408,#13435,
    #13442,#13451,#13458,#13465,#13492,#13499,#13506,#13533,#13560,
    #13567,#13594,#13621,#13628,#13691,#13719,#13724,#13752,#13757,
    #13784,#13811,#13815,#13819,#13823,#13827,#13831,#13886,#13941,
    #13996,#14023,#14050,#14057,#14104,#14111,#14118,#14122,#14126));
#5557 = ADVANCED_FACE('',(#5558),#5572,.T.);
#5558 = FACE_BOUND('',#5559,.T.);
#5559 = EDGE_LOOP('',(#5560,#5595,#5623,#5651));
#5560 = ORIENTED_EDGE('',*,*,#5561,.F.);
#5561 = EDGE_CURVE('',#5562,#5564,#5566,.T.);
#5562 = VERTEX_POINT('',#5563);
#5563 = CARTESIAN_POINT('',(147.,72.,-52.));
#5564 = VERTEX_POINT('',#5565);
#5565 = CARTESIAN_POINT('',(147.,72.,49.));
#5566 = SURFACE_CURVE('',#5567,(#5571,#5583),.PCURVE_S1.);
#5567 = LINE('',#5568,#5569);
#5568 = CARTESIAN_POINT('',(147.,72.,-52.));
#5569 = VECTOR('',#5570,1.);
#5570 = DIRECTION('',(0.,0.,1.));
#5571 = PCURVE('',#5572,#5577);
#5572 = PLANE('',#5573);
#5573 = AXIS2_PLACEMENT_3D('',#5574,#5575,#5576);
#5574 = CARTESIAN_POINT('',(3.,72.,-52.));
#5575 = DIRECTION('',(0.,1.,0.));
#5576 = DIRECTION('',(0.,0.,1.));
#5577 = DEFINITIONAL_REPRESENTATION('',(#5578),#5582);
#5578 = LINE('',#5579,#5580);
#5579 = CARTESIAN_POINT('',(0.,144.));
#5580 = VECTOR('',#5581,1.);
#5581 = DIRECTION('',(1.,0.));
#5582 = ( GEOMETRIC_REPRESENTATION_CONTEXT(2) 
PARAMETRIC_REPRESENTATION_CONTEXT() REPRESENTATION_CONTEXT('2D SPACE',''
  ) );
#5583 = PCURVE('',#5584,#5589);
#5584 = PLANE('',#5585);
#5585 = AXIS2_PLACEMENT_3D('',#5586,#5587,#5588);
#5586 = CARTESIAN_POINT('',(147.,-72.,-52.));
#5587 = DIRECTION('',(1.,0.,0.));
#5588 = DIRECTION('',(0.,0.,1.));
#5589 = DEFINITIONAL_REPRESENTATION('',(#5590),#5594);
#5590 = LINE('',#5591,#5592);
#5591 = CARTESIAN_POINT('',(0.,-144.));
#5592 = VECTOR('',#5593,1.);
#5593 = DIRECTION('',(1.,0.));
#5594 = ( GEOMETRIC_REPRESENTATION_CONTEXT(2) 
PARAMETRIC_REPRESENTATION_CONTEXT() REPRESENTATION_CONTEXT('2D SPACE',''
  ) );
#5595 = ORIENTED_EDGE('',*,*,#5596,.F.);
#5596 = EDGE_CURVE('',#5597,#5562,#5599,.T.);
#5597 = VERTEX_POINT('',#5598);
#5598 = CARTESIAN_POINT('',(6.,72.,-52.));
#5599 = SURFACE_CURVE('',#5600,(#5604,#5611),.PCURVE_S1.);
#5600 = LINE('',#5601,#5602);
#5601 = CARTESIAN_POINT('',(3.,72.,-52.));
#5602 = VECTOR('',#5603,1.);
#5603 = DIRECTION('',(1.,0.,0.));
#5604 = PCURVE('',#5572,#5605);
#5605 = DEFINITIONAL_REPRESENTATION('',(#5606),#5610);
#5606 = LINE('',#5607,#5608);
#5607 = CARTESIAN_POINT('',(0.,0.));
#5608 = VECTOR('',#5609,1.);
#5609 = DIRECTION('',(0.,1.));
#5610 = ( GEOMETRIC_REPRESENTATION_CONTEXT(2) 
PARAMETRIC_REPRESENTATION_CONTEXT() REPRESENTATION_CONTEXT('2D SPACE',''
  ) );
#5611 = PCURVE('',#5612,#5617);
#5612 = PLANE('',#5613);
#5613 = AXIS2_PLACEMENT_3D('',#5614,#5615,#5616);
#5614 = CARTESIAN_POINT('',(3.,-72.,-52.));
#5615 = DIRECTION('',(0.,0.,1.));
#5616 = DIRECTION('',(1.,0.,0.));
#5617 = DEFINITIONAL_REPRESENTATION('',(#5618),#5622);
#5618 = LINE('',#5619,#5620);
#5619 = CARTESIAN_POINT('',(0.,144.));
#5620 = VECTOR('',#5621,1.);
#5621 = DIRECTION('',(1.,0.));
#5622 = ( GEOMETRIC_REPRESENTATION_CONTEXT(2) 
PARAMETRIC_REPRESENTATION_CONTEXT() REPRESENTATION_CONTEXT('2D SPACE',''
  ) );
#5623 = ORIENTED_EDGE('',*,*,#5624,.T.);
#5624 = EDGE_CURVE('',#5597,#5625,#5627,.T.);
#5625 = VERTEX_POINT('',#5626);
#5626 = CARTESIAN_POINT('',(6.,72.,49.));
#5627 = SURFACE_CURVE('',#5628,(#5632,#5639),.PCURVE_S1.);
#5628 = LINE('',#5629,#5630);
#5629 = CARTESIAN_POINT('',(6.,72.,-52.));
#5630 = VECTOR('',#5631,1.);
#5631 = DIRECTION('',(0.,0.,1.));
#5632 = PCURVE('',#5572,#5633);
#5633 = DEFINITIONAL_REPRESENTATION('',(#5634),#5638);
#5634 = LINE('',#5635,#5636);
#5635 = CARTESIAN_POINT('',(0.,3.));
#5636 = VECTOR('',#5637,1.);
#5637 = DIRECTION('',(1.,0.));
#5638 = ( GEOMETRIC_REPRESENTATION_CONTEXT(2) 
PARAMETRIC_REPRESENTATION_CONTEXT() REPRESENTATION_CONTEXT('2D SPACE',''
  ) );
#5639 = PCURVE('',#5640,#5645);
#5640 = PLANE('',#5641);
#5641 = AXIS2_PLACEMENT_3D('',#5642,#5643,#5644);
#5642 = CARTESIAN_POINT('',(6.,-72.,-52.));
#5643 = DIRECTION('',(1.,0.,0.));
#5644 = DIRECTION('',(0.,0.,1.));
#5645 = DEFINITIONAL_REPRESENTATION('',(#5646),#5650);
#5646 = LINE('',#5647,#5648);
#5647 = CARTESIAN_POINT('',(0.,-144.));
#5648 = VECTOR('',#5649,1.);
#5649 = DIRECTION('',(1.,0.));
#5650 = ( GEOMETRIC_REPRESENTATION_CONTEXT(2) 
PARAMETRIC_REPRESENTATION_CONTEXT() REPRESENTATION_CONTEXT('2D SPACE',''
  ) );
#5651 = ORIENTED_EDGE('',*,*,#5652,.T.);
#5652 = EDGE_CURVE('',#5625,#5564,#5653,.T.);
#5653 = SURFACE_CURVE('',#5654,(#5658,#5664),.PCURVE_S1.);
#5654 = LINE('',#5655,#5656);
#5655 = CARTESIAN_POINT('',(1.5,72.,49.));
#5656 = VECTOR('',#5657,1.);
#5657 = DIRECTION('',(1.,0.,0.));
#5658 = PCURVE('',#5572,#5659);
#5659 = DEFINITIONAL_REPRESENTATION('',(#5660),#5663);
#5660 = B_SPLINE_CURVE_WITH_KNOTS('',1,(#5661,#5662),.UNSPECIFIED.,.F.,
  .F.,(2,2),(1.5,145.5),.PIECEWISE_BEZIER_KNOTS.);
#5661 = CARTESIAN_POINT('',(101.,0.));
#5662 = CARTESIAN_POINT('',(101.,144.));
#5663 = ( GEOMETRIC_REPRESENTATION_CONTEXT(2) 
PARAMETRIC_REPRESENTATION_CONTEXT() REPRESENTATION_CONTEXT('2D SPACE',''
  ) );
#5664 = PCURVE('',#5665,#5670);
#5665 = PLANE('',#5666);
#5666 = AXIS2_PLACEMENT_3D('',#5667,#5668,#5669);
#5667 = CARTESIAN_POINT('',(0.,-75.,49.));
#5668 = DIRECTION('',(0.,0.,1.));
#5669 = DIRECTION('',(1.,0.,0.));
#5670 = DEFINITIONAL_REPRESENTATION('',(#5671),#5674);
#5671 = B_SPLINE_CURVE_WITH_KNOTS('',1,(#5672,#5673),.UNSPECIFIED.,.F.,
  .F.,(2,2),(1.5,145.5),.PIECEWISE_BEZIER_KNOTS.);
#5672 = CARTESIAN_POINT('',(3.,147.));
#5673 = CARTESIAN_POINT('',(147.,147.));
#5674 = ( GEOMETRIC_REPRESENTATION_CONTEXT(2) 
PARAMETRIC_REPRESENTATION_CONTEXT() REPRESENTATION_CONTEXT('2D SPACE',''
  ) );
#5675 = ADVANCED_FACE('',(#5676,#6166),#5584,.T.);
#5676 = FACE_BOUND('',#5677,.T.);
#5677 = EDGE_LOOP('',(#5678,#5708,#5729,#5730,#5751,#5777,#5803,#5829,
    #5855,#5881,#5907,#5933,#5959,#5985,#6011,#6037,#6063,#6089,#6115,
    #6142));
#5678 = ORIENTED_EDGE('',*,*,#5679,.F.);
#5679 = EDGE_CURVE('',#5680,#5682,#5684,.T.);
#5680 = VERTEX_POINT('',#5681);
#5681 = CARTESIAN_POINT('',(147.,-72.,-52.));
#5682 = VERTEX_POINT('',#5683);
#5683 = CARTESIAN_POINT('',(147.,-72.,34.416994755742));
#5684 = SURFACE_CURVE('',#5685,(#5689,#5696),.PCURVE_S1.);
#5685 = LINE('',#5686,#5687);
#5686 = CARTESIAN_POINT('',(147.,-72.,-52.));
#5687 = VECTOR('',#5688,1.);
#5688 = DIRECTION('',(0.,0.,1.));
#5689 = PCURVE('',#5584,#5690);
#5690 = DEFINITIONAL_REPRESENTATION('',(#5691),#5695);
#5691 = LINE('',#5692,#5693);
#5692 = CARTESIAN_POINT('',(0.,0.));
#5693 = VECTOR('',#5694,1.);
#5694 = DIRECTION('',(1.,0.));
#5695 = ( GEOMETRIC_REPRESENTATION_CONTEXT(2) 
PARAMETRIC_REPRESENTATION_CONTEXT() REPRESENTATION_CONTEXT('2D SPACE',''
  ) );
#5696 = PCURVE('',#5697,#5702);
#5697 = PLANE('',#5698);
#5698 = AXIS2_PLACEMENT_3D('',#5699,#5700,#5701);
#5699 = CARTESIAN_POINT('',(3.,-72.,-52.));
#5700 = DIRECTION('',(0.,1.,0.));
#5701 = DIRECTION('',(0.,0.,1.));
#5702 = DEFINITIONAL_REPRESENTATION('',(#5703),#5707);
#5703 = LINE('',#5704,#5705);
#5704 = CARTESIAN_POINT('',(0.,144.));
#5705 = VECTOR('',#5706,1.);
#5706 = DIRECTION('',(1.,0.));
#5707 = ( GEOMETRIC_REPRESENTATION_CONTEXT(2) 
PARAMETRIC_REPRESENTATION_CONTEXT() REPRESENTATION_CONTEXT('2D SPACE',''
  ) );
#5708 = ORIENTED_EDGE('',*,*,#5709,.T.);
#5709 = EDGE_CURVE('',#5680,#5562,#5710,.T.);
#5710 = SURFACE_CURVE('',#5711,(#5715,#5722),.PCURVE_S1.);
#5711 = LINE('',#5712,#5713);
#5712 = CARTESIAN_POINT('',(147.,-72.,-52.));
#5713 = VECTOR('',#5714,1.);
#5714 = DIRECTION('',(0.,1.,0.));
#5715 = PCURVE('',#5584,#5716);
#5716 = DEFINITIONAL_REPRESENTATION('',(#5717),#5721);
#5717 = LINE('',#5718,#5719);
#5718 = CARTESIAN_POINT('',(0.,0.));
#5719 = VECTOR('',#5720,1.);
#5720 = DIRECTION('',(0.,-1.));
#5721 = ( GEOMETRIC_REPRESENTATION_CONTEXT(2) 
PARAMETRIC_REPRESENTATION_CONTEXT() REPRESENTATION_CONTEXT('2D SPACE',''
  ) );
#5722 = PCURVE('',#5612,#5723);
#5723 = DEFINITIONAL_REPRESENTATION('',(#5724),#5728);
#5724 = LINE('',#5725,#5726);
#5725 = CARTESIAN_POINT('',(144.,0.));
#5726 = VECTOR('',#5727,1.);
#5727 = DIRECTION('',(0.,1.));
#5728 = ( GEOMETRIC_REPRESENTATION_CONTEXT(2) 
PARAMETRIC_REPRESENTATION_CONTEXT() REPRESENTATION_CONTEXT('2D SPACE',''
  ) );
#5729 = ORIENTED_EDGE('',*,*,#5561,.T.);
#5730 = ORIENTED_EDGE('',*,*,#5731,.T.);
#5731 = EDGE_CURVE('',#5564,#5732,#5734,.T.);
#5732 = VERTEX_POINT('',#5733);
#5733 = CARTESIAN_POINT('',(147.,70.,49.));
#5734 = SURFACE_CURVE('',#5735,(#5739,#5745),.PCURVE_S1.);
#5735 = LINE('',#5736,#5737);
#5736 = CARTESIAN_POINT('',(147.,-73.5,49.));
#5737 = VECTOR('',#5738,1.);
#5738 = DIRECTION('',(0.,-1.,0.));
#5739 = PCURVE('',#5584,#5740);
#5740 = DEFINITIONAL_REPRESENTATION('',(#5741),#5744);
#5741 = B_SPLINE_CURVE_WITH_KNOTS('',1,(#5742,#5743),.UNSPECIFIED.,.F.,
  .F.,(2,2),(-145.5,-1.5),.PIECEWISE_BEZIER_KNOTS.);
#5742 = CARTESIAN_POINT('',(101.,-144.));
#5743 = CARTESIAN_POINT('',(101.,0.));
#5744 = ( GEOMETRIC_REPRESENTATION_CONTEXT(2) 
PARAMETRIC_REPRESENTATION_CONTEXT() REPRESENTATION_CONTEXT('2D SPACE',''
  ) );
#5745 = PCURVE('',#5665,#5746);
#5746 = DEFINITIONAL_REPRESENTATION('',(#5747),#5750);
#5747 = B_SPLINE_CURVE_WITH_KNOTS('',1,(#5748,#5749),.UNSPECIFIED.,.F.,
  .F.,(2,2),(-145.5,-1.5),.PIECEWISE_BEZIER_KNOTS.);
#5748 = CARTESIAN_POINT('',(147.,147.));
#5749 = CARTESIAN_POINT('',(147.,3.));
#5750 = ( GEOMETRIC_REPRESENTATION_CONTEXT(2) 
PARAMETRIC_REPRESENTATION_CONTEXT() REPRESENTATION_CONTEXT('2D SPACE',''
  ) );
#5751 = ORIENTED_EDGE('',*,*,#5752,.T.);
#5752 = EDGE_CURVE('',#5732,#5753,#5755,.T.);
#5753 = VERTEX_POINT('',#5754);
#5754 = CARTESIAN_POINT('',(147.,70.,34.416994755742));
#5755 = SURFACE_CURVE('',#5756,(#5760,#5766),.PCURVE_S1.);
#5756 = LINE('',#5757,#5758);
#5757 = CARTESIAN_POINT('',(147.,70.,-3.5));
#5758 = VECTOR('',#5759,1.);
#5759 = DIRECTION('',(0.,-0.,-1.));
#5760 = PCURVE('',#5584,#5761);
#5761 = DEFINITIONAL_REPRESENTATION('',(#5762),#5765);
#5762 = B_SPLINE_CURVE_WITH_KNOTS('',1,(#5763,#5764),.UNSPECIFIED.,.F.,
  .F.,(2,2),(-52.5,-37.5),.PIECEWISE_BEZIER_KNOTS.);
#5763 = CARTESIAN_POINT('',(101.,-142.));
#5764 = CARTESIAN_POINT('',(86.,-142.));
#5765 = ( GEOMETRIC_REPRESENTATION_CONTEXT(2) 
PARAMETRIC_REPRESENTATION_CONTEXT() REPRESENTATION_CONTEXT('2D SPACE',''
  ) );
#5766 = PCURVE('',#5767,#5772);
#5767 = PLANE('',#5768);
#5768 = AXIS2_PLACEMENT_3D('',#5769,#5770,#5771);
#5769 = CARTESIAN_POINT('',(144.,70.,45.));
#5770 = DIRECTION('',(-0.,-1.,0.));
#5771 = DIRECTION('',(-1.,0.,-1.110223024625E-16));
#5772 = DEFINITIONAL_REPRESENTATION('',(#5773),#5776);
#5773 = B_SPLINE_CURVE_WITH_KNOTS('',1,(#5774,#5775),.UNSPECIFIED.,.F.,
  .F.,(2,2),(-52.5,-37.5),.PIECEWISE_BEZIER_KNOTS.);
#5774 = CARTESIAN_POINT('',(-3.,-4.));
#5775 = CARTESIAN_POINT('',(-3.,11.));
#5776 = ( GEOMETRIC_REPRESENTATION_CONTEXT(2) 
PARAMETRIC_REPRESENTATION_CONTEXT() REPRESENTATION_CONTEXT('2D SPACE',''
  ) );
#5777 = ORIENTED_EDGE('',*,*,#5778,.F.);
#5778 = EDGE_CURVE('',#5779,#5753,#5781,.T.);
#5779 = VERTEX_POINT('',#5780);
#5780 = CARTESIAN_POINT('',(147.,64.,34.416994755742));
#5781 = SURFACE_CURVE('',#5782,(#5786,#5792),.PCURVE_S1.);
#5782 = LINE('',#5783,#5784);
#5783 = CARTESIAN_POINT('',(147.,70.,34.416994755742));
#5784 = VECTOR('',#5785,1.);
#5785 = DIRECTION('',(0.,1.,0.));
#5786 = PCURVE('',#5584,#5787);
#5787 = DEFINITIONAL_REPRESENTATION('',(#5788),#5791);
#5788 = B_SPLINE_CURVE_WITH_KNOTS('',1,(#5789,#5790),.UNSPECIFIED.,.F.,
  .F.,(2,2),(-12.0000006,6.000000070117E-07),.PIECEWISE_BEZIER_KNOTS.);
#5789 = CARTESIAN_POINT('',(86.416994755742,-129.9999994));
#5790 = CARTESIAN_POINT('',(86.416994755742,-142.0000006));
#5791 = ( GEOMETRIC_REPRESENTATION_CONTEXT(2) 
PARAMETRIC_REPRESENTATION_CONTEXT() REPRESENTATION_CONTEXT('2D SPACE',''
  ) );
#5792 = PCURVE('',#5793,#5798);
#5793 = CYLINDRICAL_SURFACE('',#5794,11.);
#5794 = AXIS2_PLACEMENT_3D('',#5795,#5796,#5797);
#5795 = CARTESIAN_POINT('',(144.,70.,45.));
#5796 = DIRECTION('',(0.,1.,0.));
#5797 = DIRECTION('',(1.110223024625E-16,0.,-1.));
#5798 = DEFINITIONAL_REPRESENTATION('',(#5799),#5802);
#5799 = B_SPLINE_CURVE_WITH_KNOTS('',1,(#5800,#5801),.UNSPECIFIED.,.F.,
  .F.,(2,2),(-6.,0.),.PIECEWISE_BEZIER_KNOTS.);
#5800 = CARTESIAN_POINT('',(-6.559411937943,-6.));
#5801 = CARTESIAN_POINT('',(-6.559411937943,0.));
#5802 = ( GEOMETRIC_REPRESENTATION_CONTEXT(2) 
PARAMETRIC_REPRESENTATION_CONTEXT() REPRESENTATION_CONTEXT('2D SPACE',''
  ) );
#5803 = ORIENTED_EDGE('',*,*,#5804,.F.);
#5804 = EDGE_CURVE('',#5805,#5779,#5807,.T.);
#5805 = VERTEX_POINT('',#5806);
#5806 = CARTESIAN_POINT('',(147.,64.,25.));
#5807 = SURFACE_CURVE('',#5808,(#5812,#5818),.PCURVE_S1.);
#5808 = LINE('',#5809,#5810);
#5809 = CARTESIAN_POINT('',(147.,64.,-13.5));
#5810 = VECTOR('',#5811,1.);
#5811 = DIRECTION('',(0.,0.,1.));
#5812 = PCURVE('',#5584,#5813);
#5813 = DEFINITIONAL_REPRESENTATION('',(#5814),#5817);
#5814 = B_SPLINE_CURVE_WITH_KNOTS('',1,(#5815,#5816),.UNSPECIFIED.,.F.,
  .F.,(2,2),(38.5,62.5),.PIECEWISE_BEZIER_KNOTS.);
#5815 = CARTESIAN_POINT('',(77.,-136.));
#5816 = CARTESIAN_POINT('',(101.,-136.));
#5817 = ( GEOMETRIC_REPRESENTATION_CONTEXT(2) 
PARAMETRIC_REPRESENTATION_CONTEXT() REPRESENTATION_CONTEXT('2D SPACE',''
  ) );
#5818 = PCURVE('',#5819,#5824);
#5819 = PLANE('',#5820);
#5820 = AXIS2_PLACEMENT_3D('',#5821,#5822,#5823);
#5821 = CARTESIAN_POINT('',(130.,64.,25.));
#5822 = DIRECTION('',(0.,1.,0.));
#5823 = DIRECTION('',(0.,0.,1.));
#5824 = DEFINITIONAL_REPRESENTATION('',(#5825),#5828);
#5825 = B_SPLINE_CURVE_WITH_KNOTS('',1,(#5826,#5827),.UNSPECIFIED.,.F.,
  .F.,(2,2),(38.5,62.5),.PIECEWISE_BEZIER_KNOTS.);
#5826 = CARTESIAN_POINT('',(0.,17.));
#5827 = CARTESIAN_POINT('',(24.,17.));
#5828 = ( GEOMETRIC_REPRESENTATION_CONTEXT(2) 
PARAMETRIC_REPRESENTATION_CONTEXT() REPRESENTATION_CONTEXT('2D SPACE',''
  ) );
#5829 = ORIENTED_EDGE('',*,*,#5830,.T.);
#5830 = EDGE_CURVE('',#5805,#5831,#5833,.T.);
#5831 = VERTEX_POINT('',#5832);
#5832 = CARTESIAN_POINT('',(147.,47.,25.));
#5833 = SURFACE_CURVE('',#5834,(#5838,#5844),.PCURVE_S1.);
#5834 = LINE('',#5835,#5836);
#5835 = CARTESIAN_POINT('',(147.,-19.,25.));
#5836 = VECTOR('',#5837,1.);
#5837 = DIRECTION('',(0.,-1.,0.));
#5838 = PCURVE('',#5584,#5839);
#5839 = DEFINITIONAL_REPRESENTATION('',(#5840),#5843);
#5840 = B_SPLINE_CURVE_WITH_KNOTS('',1,(#5841,#5842),.UNSPECIFIED.,.F.,
  .F.,(2,2),(-83.,-66.),.PIECEWISE_BEZIER_KNOTS.);
#5841 = CARTESIAN_POINT('',(77.,-136.));
#5842 = CARTESIAN_POINT('',(77.,-119.));
#5843 = ( GEOMETRIC_REPRESENTATION_CONTEXT(2) 
PARAMETRIC_REPRESENTATION_CONTEXT() REPRESENTATION_CONTEXT('2D SPACE',''
  ) );
#5844 = PCURVE('',#5845,#5850);
#5845 = PLANE('',#5846);
#5846 = AXIS2_PLACEMENT_3D('',#5847,#5848,#5849);
#5847 = CARTESIAN_POINT('',(130.,34.,25.));
#5848 = DIRECTION('',(0.,0.,1.));
#5849 = DIRECTION('',(1.,0.,0.));
#5850 = DEFINITIONAL_REPRESENTATION('',(#5851),#5854);
#5851 = B_SPLINE_CURVE_WITH_KNOTS('',1,(#5852,#5853),.UNSPECIFIED.,.F.,
  .F.,(2,2),(-83.,-66.),.PIECEWISE_BEZIER_KNOTS.);
#5852 = CARTESIAN_POINT('',(17.,30.));
#5853 = CARTESIAN_POINT('',(17.,13.));
#5854 = ( GEOMETRIC_REPRESENTATION_CONTEXT(2) 
PARAMETRIC_REPRESENTATION_CONTEXT() REPRESENTATION_CONTEXT('2D SPACE',''
  ) );
#5855 = ORIENTED_EDGE('',*,*,#5856,.T.);
#5856 = EDGE_CURVE('',#5831,#5857,#5859,.T.);
#5857 = VERTEX_POINT('',#5858);
#5858 = CARTESIAN_POINT('',(147.,47.,48.));
#5859 = SURFACE_CURVE('',#5860,(#5864,#5870),.PCURVE_S1.);
#5860 = LINE('',#5861,#5862);
#5861 = CARTESIAN_POINT('',(147.,47.,-14.));
#5862 = VECTOR('',#5863,1.);
#5863 = DIRECTION('',(0.,0.,1.));
#5864 = PCURVE('',#5584,#5865);
#5865 = DEFINITIONAL_REPRESENTATION('',(#5866),#5869);
#5866 = B_SPLINE_CURVE_WITH_KNOTS('',1,(#5867,#5868),.UNSPECIFIED.,.F.,
  .F.,(2,2),(39.,63.),.PIECEWISE_BEZIER_KNOTS.);
#5867 = CARTESIAN_POINT('',(77.,-119.));
#5868 = CARTESIAN_POINT('',(101.,-119.));
#5869 = ( GEOMETRIC_REPRESENTATION_CONTEXT(2) 
PARAMETRIC_REPRESENTATION_CONTEXT() REPRESENTATION_CONTEXT('2D SPACE',''
  ) );
#5870 = PCURVE('',#5871,#5876);
#5871 = PLANE('',#5872);
#5872 = AXIS2_PLACEMENT_3D('',#5873,#5874,#5875);
#5873 = CARTESIAN_POINT('',(123.,47.,24.));
#5874 = DIRECTION('',(0.,1.,0.));
#5875 = DIRECTION('',(0.,0.,1.));
#5876 = DEFINITIONAL_REPRESENTATION('',(#5877),#5880);
#5877 = B_SPLINE_CURVE_WITH_KNOTS('',1,(#5878,#5879),.UNSPECIFIED.,.F.,
  .F.,(2,2),(39.,63.),.PIECEWISE_BEZIER_KNOTS.);
#5878 = CARTESIAN_POINT('',(1.,24.));
#5879 = CARTESIAN_POINT('',(25.,24.));
#5880 = ( GEOMETRIC_REPRESENTATION_CONTEXT(2) 
PARAMETRIC_REPRESENTATION_CONTEXT() REPRESENTATION_CONTEXT('2D SPACE',''
  ) );
#5881 = ORIENTED_EDGE('',*,*,#5882,.T.);
#5882 = EDGE_CURVE('',#5857,#5883,#5885,.T.);
#5883 = VERTEX_POINT('',#5884);
#5884 = CARTESIAN_POINT('',(147.,41.,48.));
#5885 = SURFACE_CURVE('',#5886,(#5890,#5896),.PCURVE_S1.);
#5886 = LINE('',#5887,#5888);
#5887 = CARTESIAN_POINT('',(147.,-15.5,48.));
#5888 = VECTOR('',#5889,1.);
#5889 = DIRECTION('',(0.,-1.,0.));
#5890 = PCURVE('',#5584,#5891);
#5891 = DEFINITIONAL_REPRESENTATION('',(#5892),#5895);
#5892 = B_SPLINE_CURVE_WITH_KNOTS('',1,(#5893,#5894),.UNSPECIFIED.,.F.,
  .F.,(2,2),(-62.5,-56.5),.PIECEWISE_BEZIER_KNOTS.);
#5893 = CARTESIAN_POINT('',(100.,-119.));
#5894 = CARTESIAN_POINT('',(100.,-113.));
#5895 = ( GEOMETRIC_REPRESENTATION_CONTEXT(2) 
PARAMETRIC_REPRESENTATION_CONTEXT() REPRESENTATION_CONTEXT('2D SPACE',''
  ) );
#5896 = PCURVE('',#5897,#5902);
#5897 = PLANE('',#5898);
#5898 = AXIS2_PLACEMENT_3D('',#5899,#5900,#5901);
#5899 = CARTESIAN_POINT('',(140.,41.,48.));
#5900 = DIRECTION('',(0.,0.,1.));
#5901 = DIRECTION('',(1.,0.,0.));
#5902 = DEFINITIONAL_REPRESENTATION('',(#5903),#5906);
#5903 = B_SPLINE_CURVE_WITH_KNOTS('',1,(#5904,#5905),.UNSPECIFIED.,.F.,
  .F.,(2,2),(-62.5,-56.5),.PIECEWISE_BEZIER_KNOTS.);
#5904 = CARTESIAN_POINT('',(7.,6.));
#5905 = CARTESIAN_POINT('',(7.,0.));
#5906 = ( GEOMETRIC_REPRESENTATION_CONTEXT(2) 
PARAMETRIC_REPRESENTATION_CONTEXT() REPRESENTATION_CONTEXT('2D SPACE',''
  ) );
#5907 = ORIENTED_EDGE('',*,*,#5908,.T.);
#5908 = EDGE_CURVE('',#5883,#5909,#5911,.T.);
#5909 = VERTEX_POINT('',#5910);
#5910 = CARTESIAN_POINT('',(147.,41.,49.));
#5911 = SURFACE_CURVE('',#5912,(#5916,#5922),.PCURVE_S1.);
#5912 = LINE('',#5913,#5914);
#5913 = CARTESIAN_POINT('',(147.,41.,-2.));
#5914 = VECTOR('',#5915,1.);
#5915 = DIRECTION('',(0.,0.,1.));
#5916 = PCURVE('',#5584,#5917);
#5917 = DEFINITIONAL_REPRESENTATION('',(#5918),#5921);
#5918 = B_SPLINE_CURVE_WITH_KNOTS('',1,(#5919,#5920),.UNSPECIFIED.,.F.,
  .F.,(2,2),(50.,51.),.PIECEWISE_BEZIER_KNOTS.);
#5919 = CARTESIAN_POINT('',(100.,-113.));
#5920 = CARTESIAN_POINT('',(101.,-113.));
#5921 = ( GEOMETRIC_REPRESENTATION_CONTEXT(2) 
PARAMETRIC_REPRESENTATION_CONTEXT() REPRESENTATION_CONTEXT('2D SPACE',''
  ) );
#5922 = PCURVE('',#5923,#5928);
#5923 = PLANE('',#5924);
#5924 = AXIS2_PLACEMENT_3D('',#5925,#5926,#5927);
#5925 = CARTESIAN_POINT('',(140.,41.,48.));
#5926 = DIRECTION('',(0.,1.,0.));
#5927 = DIRECTION('',(0.,0.,1.));
#5928 = DEFINITIONAL_REPRESENTATION('',(#5929),#5932);
#5929 = B_SPLINE_CURVE_WITH_KNOTS('',1,(#5930,#5931),.UNSPECIFIED.,.F.,
  .F.,(2,2),(50.,51.),.PIECEWISE_BEZIER_KNOTS.);
#5930 = CARTESIAN_POINT('',(0.,7.));
#5931 = CARTESIAN_POINT('',(1.,7.));
#5932 = ( GEOMETRIC_REPRESENTATION_CONTEXT(2) 
PARAMETRIC_REPRESENTATION_CONTEXT() REPRESENTATION_CONTEXT('2D SPACE',''
  ) );
#5933 = ORIENTED_EDGE('',*,*,#5934,.T.);
#5934 = EDGE_CURVE('',#5909,#5935,#5937,.T.);
#5935 = VERTEX_POINT('',#5936);
#5936 = CARTESIAN_POINT('',(147.,-41.,49.));
#5937 = SURFACE_CURVE('',#5938,(#5942,#5948),.PCURVE_S1.);
#5938 = LINE('',#5939,#5940);
#5939 = CARTESIAN_POINT('',(147.,-73.5,49.));
#5940 = VECTOR('',#5941,1.);
#5941 = DIRECTION('',(0.,-1.,0.));
#5942 = PCURVE('',#5584,#5943);
#5943 = DEFINITIONAL_REPRESENTATION('',(#5944),#5947);
#5944 = B_SPLINE_CURVE_WITH_KNOTS('',1,(#5945,#5946),.UNSPECIFIED.,.F.,
  .F.,(2,2),(-145.5,-1.5),.PIECEWISE_BEZIER_KNOTS.);
#5945 = CARTESIAN_POINT('',(101.,-144.));
#5946 = CARTESIAN_POINT('',(101.,0.));
#5947 = ( GEOMETRIC_REPRESENTATION_CONTEXT(2) 
PARAMETRIC_REPRESENTATION_CONTEXT() REPRESENTATION_CONTEXT('2D SPACE',''
  ) );
#5948 = PCURVE('',#5949,#5954);
#5949 = PLANE('',#5950);
#5950 = AXIS2_PLACEMENT_3D('',#5951,#5952,#5953);
#5951 = CARTESIAN_POINT('',(0.,-75.,49.));
#5952 = DIRECTION('',(0.,0.,1.));
#5953 = DIRECTION('',(1.,0.,0.));
#5954 = DEFINITIONAL_REPRESENTATION('',(#5955),#5958);
#5955 = B_SPLINE_CURVE_WITH_KNOTS('',1,(#5956,#5957),.UNSPECIFIED.,.F.,
  .F.,(2,2),(-145.5,-1.5),.PIECEWISE_BEZIER_KNOTS.);
#5956 = CARTESIAN_POINT('',(147.,147.));
#5957 = CARTESIAN_POINT('',(147.,3.));
#5958 = ( GEOMETRIC_REPRESENTATION_CONTEXT(2) 
PARAMETRIC_REPRESENTATION_CONTEXT() REPRESENTATION_CONTEXT('2D SPACE',''
  ) );
#5959 = ORIENTED_EDGE('',*,*,#5960,.F.);
#5960 = EDGE_CURVE('',#5961,#5935,#5963,.T.);
#5961 = VERTEX_POINT('',#5962);
#5962 = CARTESIAN_POINT('',(147.,-41.,48.));
#5963 = SURFACE_CURVE('',#5964,(#5968,#5974),.PCURVE_S1.);
#5964 = LINE('',#5965,#5966);
#5965 = CARTESIAN_POINT('',(147.,-41.,-2.));
#5966 = VECTOR('',#5967,1.);
#5967 = DIRECTION('',(0.,0.,1.));
#5968 = PCURVE('',#5584,#5969);
#5969 = DEFINITIONAL_REPRESENTATION('',(#5970),#5973);
#5970 = B_SPLINE_CURVE_WITH_KNOTS('',1,(#5971,#5972),.UNSPECIFIED.,.F.,
  .F.,(2,2),(50.,51.),.PIECEWISE_BEZIER_KNOTS.);
#5971 = CARTESIAN_POINT('',(100.,-31.));
#5972 = CARTESIAN_POINT('',(101.,-31.));
#5973 = ( GEOMETRIC_REPRESENTATION_CONTEXT(2) 
PARAMETRIC_REPRESENTATION_CONTEXT() REPRESENTATION_CONTEXT('2D SPACE',''
  ) );
#5974 = PCURVE('',#5975,#5980);
#5975 = PLANE('',#5976);
#5976 = AXIS2_PLACEMENT_3D('',#5977,#5978,#5979);
#5977 = CARTESIAN_POINT('',(140.,-41.,48.));
#5978 = DIRECTION('',(0.,1.,0.));
#5979 = DIRECTION('',(0.,0.,1.));
#5980 = DEFINITIONAL_REPRESENTATION('',(#5981),#5984);
#5981 = B_SPLINE_CURVE_WITH_KNOTS('',1,(#5982,#5983),.UNSPECIFIED.,.F.,
  .F.,(2,2),(50.,51.),.PIECEWISE_BEZIER_KNOTS.);
#5982 = CARTESIAN_POINT('',(0.,7.));
#5983 = CARTESIAN_POINT('',(1.,7.));
#5984 = ( GEOMETRIC_REPRESENTATION_CONTEXT(2) 
PARAMETRIC_REPRESENTATION_CONTEXT() REPRESENTATION_CONTEXT('2D SPACE',''
  ) );
#5985 = ORIENTED_EDGE('',*,*,#5986,.T.);
#5986 = EDGE_CURVE('',#5961,#5987,#5989,.T.);
#5987 = VERTEX_POINT('',#5988);
#5988 = CARTESIAN_POINT('',(147.,-47.,48.));
#5989 = SURFACE_CURVE('',#5990,(#5994,#6000),.PCURVE_S1.);
#5990 = LINE('',#5991,#5992);
#5991 = CARTESIAN_POINT('',(147.,-64.5,48.));
#5992 = VECTOR('',#5993,1.);
#5993 = DIRECTION('',(0.,-1.,0.));
#5994 = PCURVE('',#5584,#5995);
#5995 = DEFINITIONAL_REPRESENTATION('',(#5996),#5999);
#5996 = B_SPLINE_CURVE_WITH_KNOTS('',1,(#5997,#5998),.UNSPECIFIED.,.F.,
  .F.,(2,2),(-23.5,-17.5),.PIECEWISE_BEZIER_KNOTS.);
#5997 = CARTESIAN_POINT('',(100.,-31.));
#5998 = CARTESIAN_POINT('',(100.,-25.));
#5999 = ( GEOMETRIC_REPRESENTATION_CONTEXT(2) 
PARAMETRIC_REPRESENTATION_CONTEXT() REPRESENTATION_CONTEXT('2D SPACE',''
  ) );
#6000 = PCURVE('',#6001,#6006);
#6001 = PLANE('',#6002);
#6002 = AXIS2_PLACEMENT_3D('',#6003,#6004,#6005);
#6003 = CARTESIAN_POINT('',(140.,-57.,48.));
#6004 = DIRECTION('',(0.,0.,1.));
#6005 = DIRECTION('',(1.,0.,0.));
#6006 = DEFINITIONAL_REPRESENTATION('',(#6007),#6010);
#6007 = B_SPLINE_CURVE_WITH_KNOTS('',1,(#6008,#6009),.UNSPECIFIED.,.F.,
  .F.,(2,2),(-23.5,-17.5),.PIECEWISE_BEZIER_KNOTS.);
#6008 = CARTESIAN_POINT('',(7.,16.));
#6009 = CARTESIAN_POINT('',(7.,10.));
#6010 = ( GEOMETRIC_REPRESENTATION_CONTEXT(2) 
PARAMETRIC_REPRESENTATION_CONTEXT() REPRESENTATION_CONTEXT('2D SPACE',''
  ) );
#6011 = ORIENTED_EDGE('',*,*,#6012,.F.);
#6012 = EDGE_CURVE('',#6013,#5987,#6015,.T.);
#6013 = VERTEX_POINT('',#6014);
#6014 = CARTESIAN_POINT('',(147.,-47.,25.));
#6015 = SURFACE_CURVE('',#6016,(#6020,#6026),.PCURVE_S1.);
#6016 = LINE('',#6017,#6018);
#6017 = CARTESIAN_POINT('',(147.,-47.,-14.));
#6018 = VECTOR('',#6019,1.);
#6019 = DIRECTION('',(0.,0.,1.));
#6020 = PCURVE('',#5584,#6021);
#6021 = DEFINITIONAL_REPRESENTATION('',(#6022),#6025);
#6022 = B_SPLINE_CURVE_WITH_KNOTS('',1,(#6023,#6024),.UNSPECIFIED.,.F.,
  .F.,(2,2),(39.,63.),.PIECEWISE_BEZIER_KNOTS.);
#6023 = CARTESIAN_POINT('',(77.,-25.));
#6024 = CARTESIAN_POINT('',(101.,-25.));
#6025 = ( GEOMETRIC_REPRESENTATION_CONTEXT(2) 
PARAMETRIC_REPRESENTATION_CONTEXT() REPRESENTATION_CONTEXT('2D SPACE',''
  ) );
#6026 = PCURVE('',#6027,#6032);
#6027 = PLANE('',#6028);
#6028 = AXIS2_PLACEMENT_3D('',#6029,#6030,#6031);
#6029 = CARTESIAN_POINT('',(123.,-47.,24.));
#6030 = DIRECTION('',(0.,1.,0.));
#6031 = DIRECTION('',(0.,0.,1.));
#6032 = DEFINITIONAL_REPRESENTATION('',(#6033),#6036);
#6033 = B_SPLINE_CURVE_WITH_KNOTS('',1,(#6034,#6035),.UNSPECIFIED.,.F.,
  .F.,(2,2),(39.,63.),.PIECEWISE_BEZIER_KNOTS.);
#6034 = CARTESIAN_POINT('',(1.,24.));
#6035 = CARTESIAN_POINT('',(25.,24.));
#6036 = ( GEOMETRIC_REPRESENTATION_CONTEXT(2) 
PARAMETRIC_REPRESENTATION_CONTEXT() REPRESENTATION_CONTEXT('2D SPACE',''
  ) );
#6037 = ORIENTED_EDGE('',*,*,#6038,.T.);
#6038 = EDGE_CURVE('',#6013,#6039,#6041,.T.);
#6039 = VERTEX_POINT('',#6040);
#6040 = CARTESIAN_POINT('',(147.,-64.,25.));
#6041 = SURFACE_CURVE('',#6042,(#6046,#6052),.PCURVE_S1.);
#6042 = LINE('',#6043,#6044);
#6043 = CARTESIAN_POINT('',(147.,-68.,25.));
#6044 = VECTOR('',#6045,1.);
#6045 = DIRECTION('',(0.,-1.,0.));
#6046 = PCURVE('',#5584,#6047);
#6047 = DEFINITIONAL_REPRESENTATION('',(#6048),#6051);
#6048 = B_SPLINE_CURVE_WITH_KNOTS('',1,(#6049,#6050),.UNSPECIFIED.,.F.,
  .F.,(2,2),(-21.,-4.),.PIECEWISE_BEZIER_KNOTS.);
#6049 = CARTESIAN_POINT('',(77.,-25.));
#6050 = CARTESIAN_POINT('',(77.,-8.));
#6051 = ( GEOMETRIC_REPRESENTATION_CONTEXT(2) 
PARAMETRIC_REPRESENTATION_CONTEXT() REPRESENTATION_CONTEXT('2D SPACE',''
  ) );
#6052 = PCURVE('',#6053,#6058);
#6053 = PLANE('',#6054);
#6054 = AXIS2_PLACEMENT_3D('',#6055,#6056,#6057);
#6055 = CARTESIAN_POINT('',(130.,-64.,25.));
#6056 = DIRECTION('',(0.,0.,1.));
#6057 = DIRECTION('',(1.,0.,0.));
#6058 = DEFINITIONAL_REPRESENTATION('',(#6059),#6062);
#6059 = B_SPLINE_CURVE_WITH_KNOTS('',1,(#6060,#6061),.UNSPECIFIED.,.F.,
  .F.,(2,2),(-21.,-4.),.PIECEWISE_BEZIER_KNOTS.);
#6060 = CARTESIAN_POINT('',(17.,17.));
#6061 = CARTESIAN_POINT('',(17.,0.));
#6062 = ( GEOMETRIC_REPRESENTATION_CONTEXT(2) 
PARAMETRIC_REPRESENTATION_CONTEXT() REPRESENTATION_CONTEXT('2D SPACE',''
  ) );
#6063 = ORIENTED_EDGE('',*,*,#6064,.T.);
#6064 = EDGE_CURVE('',#6039,#6065,#6067,.T.);
#6065 = VERTEX_POINT('',#6066);
#6066 = CARTESIAN_POINT('',(147.,-64.,49.));
#6067 = SURFACE_CURVE('',#6068,(#6072,#6078),.PCURVE_S1.);
#6068 = LINE('',#6069,#6070);
#6069 = CARTESIAN_POINT('',(147.,-64.,-13.5));
#6070 = VECTOR('',#6071,1.);
#6071 = DIRECTION('',(0.,0.,1.));
#6072 = PCURVE('',#5584,#6073);
#6073 = DEFINITIONAL_REPRESENTATION('',(#6074),#6077);
#6074 = B_SPLINE_CURVE_WITH_KNOTS('',1,(#6075,#6076),.UNSPECIFIED.,.F.,
  .F.,(2,2),(38.5,62.5),.PIECEWISE_BEZIER_KNOTS.);
#6075 = CARTESIAN_POINT('',(77.,-8.));
#6076 = CARTESIAN_POINT('',(101.,-8.));
#6077 = ( GEOMETRIC_REPRESENTATION_CONTEXT(2) 
PARAMETRIC_REPRESENTATION_CONTEXT() REPRESENTATION_CONTEXT('2D SPACE',''
  ) );
#6078 = PCURVE('',#6079,#6084);
#6079 = PLANE('',#6080);
#6080 = AXIS2_PLACEMENT_3D('',#6081,#6082,#6083);
#6081 = CARTESIAN_POINT('',(130.,-64.,25.));
#6082 = DIRECTION('',(0.,1.,0.));
#6083 = DIRECTION('',(0.,0.,1.));
#6084 = DEFINITIONAL_REPRESENTATION('',(#6085),#6088);
#6085 = B_SPLINE_CURVE_WITH_KNOTS('',1,(#6086,#6087),.UNSPECIFIED.,.F.,
  .F.,(2,2),(38.5,62.5),.PIECEWISE_BEZIER_KNOTS.);
#6086 = CARTESIAN_POINT('',(0.,17.));
#6087 = CARTESIAN_POINT('',(24.,17.));
#6088 = ( GEOMETRIC_REPRESENTATION_CONTEXT(2) 
PARAMETRIC_REPRESENTATION_CONTEXT() REPRESENTATION_CONTEXT('2D SPACE',''
  ) );
#6089 = ORIENTED_EDGE('',*,*,#6090,.T.);
#6090 = EDGE_CURVE('',#6065,#6091,#6093,.T.);
#6091 = VERTEX_POINT('',#6092);
#6092 = CARTESIAN_POINT('',(147.,-70.,49.));
#6093 = SURFACE_CURVE('',#6094,(#6098,#6104),.PCURVE_S1.);
#6094 = LINE('',#6095,#6096);
#6095 = CARTESIAN_POINT('',(147.,-73.5,49.));
#6096 = VECTOR('',#6097,1.);
#6097 = DIRECTION('',(0.,-1.,0.));
#6098 = PCURVE('',#5584,#6099);
#6099 = DEFINITIONAL_REPRESENTATION('',(#6100),#6103);
#6100 = B_SPLINE_CURVE_WITH_KNOTS('',1,(#6101,#6102),.UNSPECIFIED.,.F.,
  .F.,(2,2),(-145.5,-1.5),.PIECEWISE_BEZIER_KNOTS.);
#6101 = CARTESIAN_POINT('',(101.,-144.));
#6102 = CARTESIAN_POINT('',(101.,0.));
#6103 = ( GEOMETRIC_REPRESENTATION_CONTEXT(2) 
PARAMETRIC_REPRESENTATION_CONTEXT() REPRESENTATION_CONTEXT('2D SPACE',''
  ) );
#6104 = PCURVE('',#6105,#6110);
#6105 = PLANE('',#6106);
#6106 = AXIS2_PLACEMENT_3D('',#6107,#6108,#6109);
#6107 = CARTESIAN_POINT('',(0.,-75.,49.));
#6108 = DIRECTION('',(0.,0.,1.));
#6109 = DIRECTION('',(1.,0.,0.));
#6110 = DEFINITIONAL_REPRESENTATION('',(#6111),#6114);
#6111 = B_SPLINE_CURVE_WITH_KNOTS('',1,(#6112,#6113),.UNSPECIFIED.,.F.,
  .F.,(2,2),(-145.5,-1.5),.PIECEWISE_BEZIER_KNOTS.);
#6112 = CARTESIAN_POINT('',(147.,147.));
#6113 = CARTESIAN_POINT('',(147.,3.));
#6114 = ( GEOMETRIC_REPRESENTATION_CONTEXT(2) 
PARAMETRIC_REPRESENTATION_CONTEXT() REPRESENTATION_CONTEXT('2D SPACE',''
  ) );
#6115 = ORIENTED_EDGE('',*,*,#6116,.T.);
#6116 = EDGE_CURVE('',#6091,#6117,#6119,.T.);
#6117 = VERTEX_POINT('',#6118);
#6118 = CARTESIAN_POINT('',(147.,-70.,34.416994755742));
#6119 = SURFACE_CURVE('',#6120,(#6124,#6130),.PCURVE_S1.);
#6120 = LINE('',#6121,#6122);
#6121 = CARTESIAN_POINT('',(147.,-70.,-3.5));
#6122 = VECTOR('',#6123,1.);
#6123 = DIRECTION('',(0.,-0.,-1.));
#6124 = PCURVE('',#5584,#6125);
#6125 = DEFINITIONAL_REPRESENTATION('',(#6126),#6129);
#6126 = B_SPLINE_CURVE_WITH_KNOTS('',1,(#6127,#6128),.UNSPECIFIED.,.F.,
  .F.,(2,2),(-52.5,-37.5),.PIECEWISE_BEZIER_KNOTS.);
#6127 = CARTESIAN_POINT('',(101.,-2.));
#6128 = CARTESIAN_POINT('',(86.,-2.));
#6129 = ( GEOMETRIC_REPRESENTATION_CONTEXT(2) 
PARAMETRIC_REPRESENTATION_CONTEXT() REPRESENTATION_CONTEXT('2D SPACE',''
  ) );
#6130 = PCURVE('',#6131,#6136);
#6131 = PLANE('',#6132);
#6132 = AXIS2_PLACEMENT_3D('',#6133,#6134,#6135);
#6133 = CARTESIAN_POINT('',(5.,-70.,48.));
#6134 = DIRECTION('',(0.,1.,0.));
#6135 = DIRECTION('',(0.,0.,1.));
#6136 = DEFINITIONAL_REPRESENTATION('',(#6137),#6141);
#6137 = LINE('',#6138,#6139);
#6138 = CARTESIAN_POINT('',(-51.5,142.));
#6139 = VECTOR('',#6140,1.);
#6140 = DIRECTION('',(-1.,0.));
#6141 = ( GEOMETRIC_REPRESENTATION_CONTEXT(2) 
PARAMETRIC_REPRESENTATION_CONTEXT() REPRESENTATION_CONTEXT('2D SPACE',''
  ) );
#6142 = ORIENTED_EDGE('',*,*,#6143,.F.);
#6143 = EDGE_CURVE('',#5682,#6117,#6144,.T.);
#6144 = SURFACE_CURVE('',#6145,(#6149,#6155),.PCURVE_S1.);
#6145 = LINE('',#6146,#6147);
#6146 = CARTESIAN_POINT('',(147.,-70.,34.416994755742));
#6147 = VECTOR('',#6148,1.);
#6148 = DIRECTION('',(0.,1.,0.));
#6149 = PCURVE('',#5584,#6150);
#6150 = DEFINITIONAL_REPRESENTATION('',(#6151),#6154);
#6151 = B_SPLINE_CURVE_WITH_KNOTS('',1,(#6152,#6153),.UNSPECIFIED.,.F.,
  .F.,(2,2),(-12.0000006,6.000000070117E-07),.PIECEWISE_BEZIER_KNOTS.);
#6152 = CARTESIAN_POINT('',(86.416994755742,10.0000006));
#6153 = CARTESIAN_POINT('',(86.416994755742,-2.0000006));
#6154 = ( GEOMETRIC_REPRESENTATION_CONTEXT(2) 
PARAMETRIC_REPRESENTATION_CONTEXT() REPRESENTATION_CONTEXT('2D SPACE',''
  ) );
#6155 = PCURVE('',#6156,#6161);
#6156 = CYLINDRICAL_SURFACE('',#6157,11.);
#6157 = AXIS2_PLACEMENT_3D('',#6158,#6159,#6160);
#6158 = CARTESIAN_POINT('',(144.,-70.,45.));
#6159 = DIRECTION('',(0.,1.,0.));
#6160 = DIRECTION('',(1.110223024625E-16,0.,-1.));
#6161 = DEFINITIONAL_REPRESENTATION('',(#6162),#6165);
#6162 = B_SPLINE_CURVE_WITH_KNOTS('',1,(#6163,#6164),.UNSPECIFIED.,.F.,
  .F.,(2,2),(-2.,0.),.PIECEWISE_BEZIER_KNOTS.);
#6163 = CARTESIAN_POINT('',(-6.559411937943,-2.));
#6164 = CARTESIAN_POINT('',(-6.559411937943,0.));
#6165 = ( GEOMETRIC_REPRESENTATION_CONTEXT(2) 
PARAMETRIC_REPRESENTATION_CONTEXT() REPRESENTATION_CONTEXT('2D SPACE',''
  ) );
#6166 = FACE_BOUND('',#6167,.T.);
#6167 = EDGE_LOOP('',(#6168));
#6168 = ORIENTED_EDGE('',*,*,#6169,.T.);
#6169 = EDGE_CURVE('',#6170,#6170,#6172,.T.);
#6170 = VERTEX_POINT('',#6171);
#6171 = CARTESIAN_POINT('',(147.,3.,43.));
#6172 = SURFACE_CURVE('',#6173,(#6178,#6189),.PCURVE_S1.);
#6173 = CIRCLE('',#6174,33.);
#6174 = AXIS2_PLACEMENT_3D('',#6175,#6176,#6177);
#6175 = CARTESIAN_POINT('',(147.,3.,10.));
#6176 = DIRECTION('',(-1.,0.,0.));
#6177 = DIRECTION('',(0.,1.110223024625E-16,1.));
#6178 = PCURVE('',#5584,#6179);
#6179 = DEFINITIONAL_REPRESENTATION('',(#6180),#6188);
#6180 = ( BOUNDED_CURVE() B_SPLINE_CURVE(2,(#6181,#6182,#6183,#6184,
#6185,#6186,#6187),.UNSPECIFIED.,.T.,.F.) B_SPLINE_CURVE_WITH_KNOTS((1,2
    ,2,2,2,1),(-2.094395102393,0.,2.094395102393,4.188790204786,
6.28318530718,8.377580409573),.UNSPECIFIED.) CURVE() 
GEOMETRIC_REPRESENTATION_ITEM() RATIONAL_B_SPLINE_CURVE((1.,0.5,1.,0.5,
1.,0.5,1.)) REPRESENTATION_ITEM('') );
#6181 = CARTESIAN_POINT('',(95.,-75.));
#6182 = CARTESIAN_POINT('',(95.,-132.1576766497));
#6183 = CARTESIAN_POINT('',(45.5,-103.5788383248));
#6184 = CARTESIAN_POINT('',(-4.,-75.));
#6185 = CARTESIAN_POINT('',(45.5,-46.42116167511));
#6186 = CARTESIAN_POINT('',(95.,-17.84232335022));
#6187 = CARTESIAN_POINT('',(95.,-75.));
#6188 = ( GEOMETRIC_REPRESENTATION_CONTEXT(2) 
PARAMETRIC_REPRESENTATION_CONTEXT() REPRESENTATION_CONTEXT('2D SPACE',''
  ) );
#6189 = PCURVE('',#6190,#6195);
#6190 = CYLINDRICAL_SURFACE('',#6191,33.);
#6191 = AXIS2_PLACEMENT_3D('',#6192,#6193,#6194);
#6192 = CARTESIAN_POINT('',(144.,3.,10.));
#6193 = DIRECTION('',(-1.,0.,-0.));
#6194 = DIRECTION('',(0.,1.110223024625E-16,1.));
#6195 = DEFINITIONAL_REPRESENTATION('',(#6196),#6200);
#6196 = LINE('',#6197,#6198);
#6197 = CARTESIAN_POINT('',(-6.28318530718,-3.));
#6198 = VECTOR('',#6199,1.);
#6199 = DIRECTION('',(1.,-0.));
#6200 = ( GEOMETRIC_REPRESENTATION_CONTEXT(2) 
PARAMETRIC_REPRESENTATION_CONTEXT() REPRESENTATION_CONTEXT('2D SPACE',''
  ) );
#6201 = ADVANCED_FACE('',(#6202),#5665,.T.);
#6202 = FACE_BOUND('',#6203,.T.);
#6203 = EDGE_LOOP('',(#6204,#6205,#6226,#6252,#6278,#6304,#6330,#6351,
    #6377,#6403,#6429,#6450,#6471));
#6204 = ORIENTED_EDGE('',*,*,#5652,.F.);
#6205 = ORIENTED_EDGE('',*,*,#6206,.F.);
#6206 = EDGE_CURVE('',#6207,#5625,#6209,.T.);
#6207 = VERTEX_POINT('',#6208);
#6208 = CARTESIAN_POINT('',(6.,70.,49.));
#6209 = SURFACE_CURVE('',#6210,(#6214,#6220),.PCURVE_S1.);
#6210 = LINE('',#6211,#6212);
#6211 = CARTESIAN_POINT('',(6.,-73.5,49.));
#6212 = VECTOR('',#6213,1.);
#6213 = DIRECTION('',(0.,1.,0.));
#6214 = PCURVE('',#5665,#6215);
#6215 = DEFINITIONAL_REPRESENTATION('',(#6216),#6219);
#6216 = B_SPLINE_CURVE_WITH_KNOTS('',1,(#6217,#6218),.UNSPECIFIED.,.F.,
  .F.,(2,2),(1.5,145.5),.PIECEWISE_BEZIER_KNOTS.);
#6217 = CARTESIAN_POINT('',(6.,3.));
#6218 = CARTESIAN_POINT('',(6.,147.));
#6219 = ( GEOMETRIC_REPRESENTATION_CONTEXT(2) 
PARAMETRIC_REPRESENTATION_CONTEXT() REPRESENTATION_CONTEXT('2D SPACE',''
  ) );
#6220 = PCURVE('',#5640,#6221);
#6221 = DEFINITIONAL_REPRESENTATION('',(#6222),#6225);
#6222 = B_SPLINE_CURVE_WITH_KNOTS('',1,(#6223,#6224),.UNSPECIFIED.,.F.,
  .F.,(2,2),(1.5,145.5),.PIECEWISE_BEZIER_KNOTS.);
#6223 = CARTESIAN_POINT('',(101.,0.));
#6224 = CARTESIAN_POINT('',(101.,-144.));
#6225 = ( GEOMETRIC_REPRESENTATION_CONTEXT(2) 
PARAMETRIC_REPRESENTATION_CONTEXT() REPRESENTATION_CONTEXT('2D SPACE',''
  ) );
#6226 = ORIENTED_EDGE('',*,*,#6227,.F.);
#6227 = EDGE_CURVE('',#6228,#6207,#6230,.T.);
#6228 = VERTEX_POINT('',#6229);
#6229 = CARTESIAN_POINT('',(47.5,70.,49.));
#6230 = SURFACE_CURVE('',#6231,(#6235,#6241),.PCURVE_S1.);
#6231 = LINE('',#6232,#6233);
#6232 = CARTESIAN_POINT('',(2.5,70.,49.));
#6233 = VECTOR('',#6234,1.);
#6234 = DIRECTION('',(-1.,0.,0.));
#6235 = PCURVE('',#5665,#6236);
#6236 = DEFINITIONAL_REPRESENTATION('',(#6237),#6240);
#6237 = B_SPLINE_CURVE_WITH_KNOTS('',1,(#6238,#6239),.UNSPECIFIED.,.F.,
  .F.,(2,2),(-142.5,-2.5),.PIECEWISE_BEZIER_KNOTS.);
#6238 = CARTESIAN_POINT('',(145.,145.));
#6239 = CARTESIAN_POINT('',(5.,145.));
#6240 = ( GEOMETRIC_REPRESENTATION_CONTEXT(2) 
PARAMETRIC_REPRESENTATION_CONTEXT() REPRESENTATION_CONTEXT('2D SPACE',''
  ) );
#6241 = PCURVE('',#6242,#6247);
#6242 = PLANE('',#6243);
#6243 = AXIS2_PLACEMENT_3D('',#6244,#6245,#6246);
#6244 = CARTESIAN_POINT('',(5.,70.,48.));
#6245 = DIRECTION('',(0.,1.,0.));
#6246 = DIRECTION('',(0.,0.,1.));
#6247 = DEFINITIONAL_REPRESENTATION('',(#6248),#6251);
#6248 = B_SPLINE_CURVE_WITH_KNOTS('',1,(#6249,#6250),.UNSPECIFIED.,.F.,
  .F.,(2,2),(-142.5,-2.5),.PIECEWISE_BEZIER_KNOTS.);
#6249 = CARTESIAN_POINT('',(1.,140.));
#6250 = CARTESIAN_POINT('',(1.,0.));
#6251 = ( GEOMETRIC_REPRESENTATION_CONTEXT(2) 
PARAMETRIC_REPRESENTATION_CONTEXT() REPRESENTATION_CONTEXT('2D SPACE',''
  ) );
#6252 = ORIENTED_EDGE('',*,*,#6253,.T.);
#6253 = EDGE_CURVE('',#6228,#6254,#6256,.T.);
#6254 = VERTEX_POINT('',#6255);
#6255 = CARTESIAN_POINT('',(47.5,71.,49.));
#6256 = SURFACE_CURVE('',#6257,(#6261,#6267),.PCURVE_S1.);
#6257 = LINE('',#6258,#6259);
#6258 = CARTESIAN_POINT('',(47.5,-73.,49.));
#6259 = VECTOR('',#6260,1.);
#6260 = DIRECTION('',(0.,1.,0.));
#6261 = PCURVE('',#5665,#6262);
#6262 = DEFINITIONAL_REPRESENTATION('',(#6263),#6266);
#6263 = B_SPLINE_CURVE_WITH_KNOTS('',1,(#6264,#6265),.UNSPECIFIED.,.F.,
  .F.,(2,2),(2.,144.),.PIECEWISE_BEZIER_KNOTS.);
#6264 = CARTESIAN_POINT('',(47.5,4.));
#6265 = CARTESIAN_POINT('',(47.5,146.));
#6266 = ( GEOMETRIC_REPRESENTATION_CONTEXT(2) 
PARAMETRIC_REPRESENTATION_CONTEXT() REPRESENTATION_CONTEXT('2D SPACE',''
  ) );
#6267 = PCURVE('',#6268,#6273);
#6268 = PLANE('',#6269);
#6269 = AXIS2_PLACEMENT_3D('',#6270,#6271,#6272);
#6270 = CARTESIAN_POINT('',(47.5,-71.,-50.));
#6271 = DIRECTION('',(1.,0.,0.));
#6272 = DIRECTION('',(0.,0.,1.));
#6273 = DEFINITIONAL_REPRESENTATION('',(#6274),#6277);
#6274 = B_SPLINE_CURVE_WITH_KNOTS('',1,(#6275,#6276),.UNSPECIFIED.,.F.,
  .F.,(2,2),(2.,144.),.PIECEWISE_BEZIER_KNOTS.);
#6275 = CARTESIAN_POINT('',(99.,0.));
#6276 = CARTESIAN_POINT('',(99.,-142.));
#6277 = ( GEOMETRIC_REPRESENTATION_CONTEXT(2) 
PARAMETRIC_REPRESENTATION_CONTEXT() REPRESENTATION_CONTEXT('2D SPACE',''
  ) );
#6278 = ORIENTED_EDGE('',*,*,#6279,.F.);
#6279 = EDGE_CURVE('',#6280,#6254,#6282,.T.);
#6280 = VERTEX_POINT('',#6281);
#6281 = CARTESIAN_POINT('',(51.5,71.,49.));
#6282 = SURFACE_CURVE('',#6283,(#6287,#6293),.PCURVE_S1.);
#6283 = LINE('',#6284,#6285);
#6284 = CARTESIAN_POINT('',(23.75,71.,49.));
#6285 = VECTOR('',#6286,1.);
#6286 = DIRECTION('',(-1.,0.,0.));
#6287 = PCURVE('',#5665,#6288);
#6288 = DEFINITIONAL_REPRESENTATION('',(#6289),#6292);
#6289 = B_SPLINE_CURVE_WITH_KNOTS('',1,(#6290,#6291),.UNSPECIFIED.,.F.,
  .F.,(2,2),(-27.75,-23.75),.PIECEWISE_BEZIER_KNOTS.);
#6290 = CARTESIAN_POINT('',(51.5,146.));
#6291 = CARTESIAN_POINT('',(47.5,146.));
#6292 = ( GEOMETRIC_REPRESENTATION_CONTEXT(2) 
PARAMETRIC_REPRESENTATION_CONTEXT() REPRESENTATION_CONTEXT('2D SPACE',''
  ) );
#6293 = PCURVE('',#6294,#6299);
#6294 = PLANE('',#6295);
#6295 = AXIS2_PLACEMENT_3D('',#6296,#6297,#6298);
#6296 = CARTESIAN_POINT('',(47.5,71.,-50.));
#6297 = DIRECTION('',(0.,1.,0.));
#6298 = DIRECTION('',(0.,0.,1.));
#6299 = DEFINITIONAL_REPRESENTATION('',(#6300),#6303);
#6300 = B_SPLINE_CURVE_WITH_KNOTS('',1,(#6301,#6302),.UNSPECIFIED.,.F.,
  .F.,(2,2),(-27.75,-23.75),.PIECEWISE_BEZIER_KNOTS.);
#6301 = CARTESIAN_POINT('',(99.,4.));
#6302 = CARTESIAN_POINT('',(99.,0.));
#6303 = ( GEOMETRIC_REPRESENTATION_CONTEXT(2) 
PARAMETRIC_REPRESENTATION_CONTEXT() REPRESENTATION_CONTEXT('2D SPACE',''
  ) );
#6304 = ORIENTED_EDGE('',*,*,#6305,.F.);
#6305 = EDGE_CURVE('',#6306,#6280,#6308,.T.);
#6306 = VERTEX_POINT('',#6307);
#6307 = CARTESIAN_POINT('',(51.5,70.,49.));
#6308 = SURFACE_CURVE('',#6309,(#6313,#6319),.PCURVE_S1.);
#6309 = LINE('',#6310,#6311);
#6310 = CARTESIAN_POINT('',(51.5,-73.,49.));
#6311 = VECTOR('',#6312,1.);
#6312 = DIRECTION('',(0.,1.,0.));
#6313 = PCURVE('',#5665,#6314);
#6314 = DEFINITIONAL_REPRESENTATION('',(#6315),#6318);
#6315 = B_SPLINE_CURVE_WITH_KNOTS('',1,(#6316,#6317),.UNSPECIFIED.,.F.,
  .F.,(2,2),(2.,144.),.PIECEWISE_BEZIER_KNOTS.);
#6316 = CARTESIAN_POINT('',(51.5,4.));
#6317 = CARTESIAN_POINT('',(51.5,146.));
#6318 = ( GEOMETRIC_REPRESENTATION_CONTEXT(2) 
PARAMETRIC_REPRESENTATION_CONTEXT() REPRESENTATION_CONTEXT('2D SPACE',''
  ) );
#6319 = PCURVE('',#6320,#6325);
#6320 = PLANE('',#6321);
#6321 = AXIS2_PLACEMENT_3D('',#6322,#6323,#6324);
#6322 = CARTESIAN_POINT('',(51.5,-71.,-50.));
#6323 = DIRECTION('',(1.,0.,0.));
#6324 = DIRECTION('',(0.,0.,1.));
#6325 = DEFINITIONAL_REPRESENTATION('',(#6326),#6329);
#6326 = B_SPLINE_CURVE_WITH_KNOTS('',1,(#6327,#6328),.UNSPECIFIED.,.F.,
  .F.,(2,2),(2.,144.),.PIECEWISE_BEZIER_KNOTS.);
#6327 = CARTESIAN_POINT('',(99.,0.));
#6328 = CARTESIAN_POINT('',(99.,-142.));
#6329 = ( GEOMETRIC_REPRESENTATION_CONTEXT(2) 
PARAMETRIC_REPRESENTATION_CONTEXT() REPRESENTATION_CONTEXT('2D SPACE',''
  ) );
#6330 = ORIENTED_EDGE('',*,*,#6331,.F.);
#6331 = EDGE_CURVE('',#6332,#6306,#6334,.T.);
#6332 = VERTEX_POINT('',#6333);
#6333 = CARTESIAN_POINT('',(97.,70.,49.));
#6334 = SURFACE_CURVE('',#6335,(#6339,#6345),.PCURVE_S1.);
#6335 = LINE('',#6336,#6337);
#6336 = CARTESIAN_POINT('',(2.5,70.,49.));
#6337 = VECTOR('',#6338,1.);
#6338 = DIRECTION('',(-1.,0.,0.));
#6339 = PCURVE('',#5665,#6340);
#6340 = DEFINITIONAL_REPRESENTATION('',(#6341),#6344);
#6341 = B_SPLINE_CURVE_WITH_KNOTS('',1,(#6342,#6343),.UNSPECIFIED.,.F.,
  .F.,(2,2),(-142.5,-2.5),.PIECEWISE_BEZIER_KNOTS.);
#6342 = CARTESIAN_POINT('',(145.,145.));
#6343 = CARTESIAN_POINT('',(5.,145.));
#6344 = ( GEOMETRIC_REPRESENTATION_CONTEXT(2) 
PARAMETRIC_REPRESENTATION_CONTEXT() REPRESENTATION_CONTEXT('2D SPACE',''
  ) );
#6345 = PCURVE('',#6242,#6346);
#6346 = DEFINITIONAL_REPRESENTATION('',(#6347),#6350);
#6347 = B_SPLINE_CURVE_WITH_KNOTS('',1,(#6348,#6349),.UNSPECIFIED.,.F.,
  .F.,(2,2),(-142.5,-2.5),.PIECEWISE_BEZIER_KNOTS.);
#6348 = CARTESIAN_POINT('',(1.,140.));
#6349 = CARTESIAN_POINT('',(1.,0.));
#6350 = ( GEOMETRIC_REPRESENTATION_CONTEXT(2) 
PARAMETRIC_REPRESENTATION_CONTEXT() REPRESENTATION_CONTEXT('2D SPACE',''
  ) );
#6351 = ORIENTED_EDGE('',*,*,#6352,.T.);
#6352 = EDGE_CURVE('',#6332,#6353,#6355,.T.);
#6353 = VERTEX_POINT('',#6354);
#6354 = CARTESIAN_POINT('',(97.,71.,49.));
#6355 = SURFACE_CURVE('',#6356,(#6360,#6366),.PCURVE_S1.);
#6356 = LINE('',#6357,#6358);
#6357 = CARTESIAN_POINT('',(97.,-73.,49.));
#6358 = VECTOR('',#6359,1.);
#6359 = DIRECTION('',(0.,1.,0.));
#6360 = PCURVE('',#5665,#6361);
#6361 = DEFINITIONAL_REPRESENTATION('',(#6362),#6365);
#6362 = B_SPLINE_CURVE_WITH_KNOTS('',1,(#6363,#6364),.UNSPECIFIED.,.F.,
  .F.,(2,2),(2.,144.),.PIECEWISE_BEZIER_KNOTS.);
#6363 = CARTESIAN_POINT('',(97.,4.));
#6364 = CARTESIAN_POINT('',(97.,146.));
#6365 = ( GEOMETRIC_REPRESENTATION_CONTEXT(2) 
PARAMETRIC_REPRESENTATION_CONTEXT() REPRESENTATION_CONTEXT('2D SPACE',''
  ) );
#6366 = PCURVE('',#6367,#6372);
#6367 = PLANE('',#6368);
#6368 = AXIS2_PLACEMENT_3D('',#6369,#6370,#6371);
#6369 = CARTESIAN_POINT('',(97.,-71.,-50.));
#6370 = DIRECTION('',(1.,0.,0.));
#6371 = DIRECTION('',(0.,0.,1.));
#6372 = DEFINITIONAL_REPRESENTATION('',(#6373),#6376);
#6373 = B_SPLINE_CURVE_WITH_KNOTS('',1,(#6374,#6375),.UNSPECIFIED.,.F.,
  .F.,(2,2),(2.,144.),.PIECEWISE_BEZIER_KNOTS.);
#6374 = CARTESIAN_POINT('',(99.,0.));
#6375 = CARTESIAN_POINT('',(99.,-142.));
#6376 = ( GEOMETRIC_REPRESENTATION_CONTEXT(2) 
PARAMETRIC_REPRESENTATION_CONTEXT() REPRESENTATION_CONTEXT('2D SPACE',''
  ) );
#6377 = ORIENTED_EDGE('',*,*,#6378,.F.);
#6378 = EDGE_CURVE('',#6379,#6353,#6381,.T.);
#6379 = VERTEX_POINT('',#6380);
#6380 = CARTESIAN_POINT('',(101.,71.,49.));
#6381 = SURFACE_CURVE('',#6382,(#6386,#6392),.PCURVE_S1.);
#6382 = LINE('',#6383,#6384);
#6383 = CARTESIAN_POINT('',(48.5,71.,49.));
#6384 = VECTOR('',#6385,1.);
#6385 = DIRECTION('',(-1.,0.,0.));
#6386 = PCURVE('',#5665,#6387);
#6387 = DEFINITIONAL_REPRESENTATION('',(#6388),#6391);
#6388 = B_SPLINE_CURVE_WITH_KNOTS('',1,(#6389,#6390),.UNSPECIFIED.,.F.,
  .F.,(2,2),(-52.5,-48.5),.PIECEWISE_BEZIER_KNOTS.);
#6389 = CARTESIAN_POINT('',(101.,146.));
#6390 = CARTESIAN_POINT('',(97.,146.));
#6391 = ( GEOMETRIC_REPRESENTATION_CONTEXT(2) 
PARAMETRIC_REPRESENTATION_CONTEXT() REPRESENTATION_CONTEXT('2D SPACE',''
  ) );
#6392 = PCURVE('',#6393,#6398);
#6393 = PLANE('',#6394);
#6394 = AXIS2_PLACEMENT_3D('',#6395,#6396,#6397);
#6395 = CARTESIAN_POINT('',(97.,71.,-50.));
#6396 = DIRECTION('',(0.,1.,0.));
#6397 = DIRECTION('',(0.,0.,1.));
#6398 = DEFINITIONAL_REPRESENTATION('',(#6399),#6402);
#6399 = B_SPLINE_CURVE_WITH_KNOTS('',1,(#6400,#6401),.UNSPECIFIED.,.F.,
  .F.,(2,2),(-52.5,-48.5),.PIECEWISE_BEZIER_KNOTS.);
#6400 = CARTESIAN_POINT('',(99.,4.));
#6401 = CARTESIAN_POINT('',(99.,0.));
#6402 = ( GEOMETRIC_REPRESENTATION_CONTEXT(2) 
PARAMETRIC_REPRESENTATION_CONTEXT() REPRESENTATION_CONTEXT('2D SPACE',''
  ) );
#6403 = ORIENTED_EDGE('',*,*,#6404,.F.);
#6404 = EDGE_CURVE('',#6405,#6379,#6407,.T.);
#6405 = VERTEX_POINT('',#6406);
#6406 = CARTESIAN_POINT('',(101.,70.,49.));
#6407 = SURFACE_CURVE('',#6408,(#6412,#6418),.PCURVE_S1.);
#6408 = LINE('',#6409,#6410);
#6409 = CARTESIAN_POINT('',(101.,-73.,49.));
#6410 = VECTOR('',#6411,1.);
#6411 = DIRECTION('',(0.,1.,0.));
#6412 = PCURVE('',#5665,#6413);
#6413 = DEFINITIONAL_REPRESENTATION('',(#6414),#6417);
#6414 = B_SPLINE_CURVE_WITH_KNOTS('',1,(#6415,#6416),.UNSPECIFIED.,.F.,
  .F.,(2,2),(2.,144.),.PIECEWISE_BEZIER_KNOTS.);
#6415 = CARTESIAN_POINT('',(101.,4.));
#6416 = CARTESIAN_POINT('',(101.,146.));
#6417 = ( GEOMETRIC_REPRESENTATION_CONTEXT(2) 
PARAMETRIC_REPRESENTATION_CONTEXT() REPRESENTATION_CONTEXT('2D SPACE',''
  ) );
#6418 = PCURVE('',#6419,#6424);
#6419 = PLANE('',#6420);
#6420 = AXIS2_PLACEMENT_3D('',#6421,#6422,#6423);
#6421 = CARTESIAN_POINT('',(101.,-71.,-50.));
#6422 = DIRECTION('',(1.,0.,0.));
#6423 = DIRECTION('',(0.,0.,1.));
#6424 = DEFINITIONAL_REPRESENTATION('',(#6425),#6428);
#6425 = B_SPLINE_CURVE_WITH_KNOTS('',1,(#6426,#6427),.UNSPECIFIED.,.F.,
  .F.,(2,2),(2.,144.),.PIECEWISE_BEZIER_KNOTS.);
#6426 = CARTESIAN_POINT('',(99.,0.));
#6427 = CARTESIAN_POINT('',(99.,-142.));
#6428 = ( GEOMETRIC_REPRESENTATION_CONTEXT(2) 
PARAMETRIC_REPRESENTATION_CONTEXT() REPRESENTATION_CONTEXT('2D SPACE',''
  ) );
#6429 = ORIENTED_EDGE('',*,*,#6430,.F.);
#6430 = EDGE_CURVE('',#6431,#6405,#6433,.T.);
#6431 = VERTEX_POINT('',#6432);
#6432 = CARTESIAN_POINT('',(133.75304923404,70.,49.));
#6433 = SURFACE_CURVE('',#6434,(#6438,#6444),.PCURVE_S1.);
#6434 = LINE('',#6435,#6436);
#6435 = CARTESIAN_POINT('',(2.5,70.,49.));
#6436 = VECTOR('',#6437,1.);
#6437 = DIRECTION('',(-1.,0.,0.));
#6438 = PCURVE('',#5665,#6439);
#6439 = DEFINITIONAL_REPRESENTATION('',(#6440),#6443);
#6440 = B_SPLINE_CURVE_WITH_KNOTS('',1,(#6441,#6442),.UNSPECIFIED.,.F.,
  .F.,(2,2),(-142.5,-2.5),.PIECEWISE_BEZIER_KNOTS.);
#6441 = CARTESIAN_POINT('',(145.,145.));
#6442 = CARTESIAN_POINT('',(5.,145.));
#6443 = ( GEOMETRIC_REPRESENTATION_CONTEXT(2) 
PARAMETRIC_REPRESENTATION_CONTEXT() REPRESENTATION_CONTEXT('2D SPACE',''
  ) );
#6444 = PCURVE('',#6242,#6445);
#6445 = DEFINITIONAL_REPRESENTATION('',(#6446),#6449);
#6446 = B_SPLINE_CURVE_WITH_KNOTS('',1,(#6447,#6448),.UNSPECIFIED.,.F.,
  .F.,(2,2),(-142.5,-2.5),.PIECEWISE_BEZIER_KNOTS.);
#6447 = CARTESIAN_POINT('',(1.,140.));
#6448 = CARTESIAN_POINT('',(1.,0.));
#6449 = ( GEOMETRIC_REPRESENTATION_CONTEXT(2) 
PARAMETRIC_REPRESENTATION_CONTEXT() REPRESENTATION_CONTEXT('2D SPACE',''
  ) );
#6450 = ORIENTED_EDGE('',*,*,#6451,.F.);
#6451 = EDGE_CURVE('',#5732,#6431,#6452,.T.);
#6452 = SURFACE_CURVE('',#6453,(#6457,#6464),.PCURVE_S1.);
#6453 = LINE('',#6454,#6455);
#6454 = CARTESIAN_POINT('',(147.,70.,49.));
#6455 = VECTOR('',#6456,1.);
#6456 = DIRECTION('',(-1.,0.,-7.509349492114E-15));
#6457 = PCURVE('',#5665,#6458);
#6458 = DEFINITIONAL_REPRESENTATION('',(#6459),#6463);
#6459 = LINE('',#6460,#6461);
#6460 = CARTESIAN_POINT('',(147.,145.));
#6461 = VECTOR('',#6462,1.);
#6462 = DIRECTION('',(-1.,0.));
#6463 = ( GEOMETRIC_REPRESENTATION_CONTEXT(2) 
PARAMETRIC_REPRESENTATION_CONTEXT() REPRESENTATION_CONTEXT('2D SPACE',''
  ) );
#6464 = PCURVE('',#5767,#6465);
#6465 = DEFINITIONAL_REPRESENTATION('',(#6466),#6470);
#6466 = LINE('',#6467,#6468);
#6467 = CARTESIAN_POINT('',(-3.,-4.));
#6468 = VECTOR('',#6469,1.);
#6469 = DIRECTION('',(1.,7.398327189651E-15));
#6470 = ( GEOMETRIC_REPRESENTATION_CONTEXT(2) 
PARAMETRIC_REPRESENTATION_CONTEXT() REPRESENTATION_CONTEXT('2D SPACE',''
  ) );
#6471 = ORIENTED_EDGE('',*,*,#5731,.F.);
#6472 = ADVANCED_FACE('',(#6473,#6617,#6648,#6679,#6710,#6741),#5640,.F.
  );
#6473 = FACE_BOUND('',#6474,.F.);
#6474 = EDGE_LOOP('',(#6475,#6500,#6521,#6522,#6523,#6544,#6572,#6593));
#6475 = ORIENTED_EDGE('',*,*,#6476,.F.);
#6476 = EDGE_CURVE('',#6477,#6479,#6481,.T.);
#6477 = VERTEX_POINT('',#6478);
#6478 = CARTESIAN_POINT('',(6.,-72.,-52.));
#6479 = VERTEX_POINT('',#6480);
#6480 = CARTESIAN_POINT('',(6.,-72.,49.));
#6481 = SURFACE_CURVE('',#6482,(#6486,#6493),.PCURVE_S1.);
#6482 = LINE('',#6483,#6484);
#6483 = CARTESIAN_POINT('',(6.,-72.,-52.));
#6484 = VECTOR('',#6485,1.);
#6485 = DIRECTION('',(0.,0.,1.));
#6486 = PCURVE('',#5640,#6487);
#6487 = DEFINITIONAL_REPRESENTATION('',(#6488),#6492);
#6488 = LINE('',#6489,#6490);
#6489 = CARTESIAN_POINT('',(0.,0.));
#6490 = VECTOR('',#6491,1.);
#6491 = DIRECTION('',(1.,0.));
#6492 = ( GEOMETRIC_REPRESENTATION_CONTEXT(2) 
PARAMETRIC_REPRESENTATION_CONTEXT() REPRESENTATION_CONTEXT('2D SPACE',''
  ) );
#6493 = PCURVE('',#5697,#6494);
#6494 = DEFINITIONAL_REPRESENTATION('',(#6495),#6499);
#6495 = LINE('',#6496,#6497);
#6496 = CARTESIAN_POINT('',(0.,3.));
#6497 = VECTOR('',#6498,1.);
#6498 = DIRECTION('',(1.,0.));
#6499 = ( GEOMETRIC_REPRESENTATION_CONTEXT(2) 
PARAMETRIC_REPRESENTATION_CONTEXT() REPRESENTATION_CONTEXT('2D SPACE',''
  ) );
#6500 = ORIENTED_EDGE('',*,*,#6501,.T.);
#6501 = EDGE_CURVE('',#6477,#5597,#6502,.T.);
#6502 = SURFACE_CURVE('',#6503,(#6507,#6514),.PCURVE_S1.);
#6503 = LINE('',#6504,#6505);
#6504 = CARTESIAN_POINT('',(6.,-72.,-52.));
#6505 = VECTOR('',#6506,1.);
#6506 = DIRECTION('',(0.,1.,0.));
#6507 = PCURVE('',#5640,#6508);
#6508 = DEFINITIONAL_REPRESENTATION('',(#6509),#6513);
#6509 = LINE('',#6510,#6511);
#6510 = CARTESIAN_POINT('',(0.,0.));
#6511 = VECTOR('',#6512,1.);
#6512 = DIRECTION('',(0.,-1.));
#6513 = ( GEOMETRIC_REPRESENTATION_CONTEXT(2) 
PARAMETRIC_REPRESENTATION_CONTEXT() REPRESENTATION_CONTEXT('2D SPACE',''
  ) );
#6514 = PCURVE('',#5612,#6515);
#6515 = DEFINITIONAL_REPRESENTATION('',(#6516),#6520);
#6516 = LINE('',#6517,#6518);
#6517 = CARTESIAN_POINT('',(3.,0.));
#6518 = VECTOR('',#6519,1.);
#6519 = DIRECTION('',(0.,1.));
#6520 = ( GEOMETRIC_REPRESENTATION_CONTEXT(2) 
PARAMETRIC_REPRESENTATION_CONTEXT() REPRESENTATION_CONTEXT('2D SPACE',''
  ) );
#6521 = ORIENTED_EDGE('',*,*,#5624,.T.);
#6522 = ORIENTED_EDGE('',*,*,#6206,.F.);
#6523 = ORIENTED_EDGE('',*,*,#6524,.F.);
#6524 = EDGE_CURVE('',#6525,#6207,#6527,.T.);
#6525 = VERTEX_POINT('',#6526);
#6526 = CARTESIAN_POINT('',(6.,70.,52.));
#6527 = SURFACE_CURVE('',#6528,(#6532,#6538),.PCURVE_S1.);
#6528 = LINE('',#6529,#6530);
#6529 = CARTESIAN_POINT('',(6.,70.,-2.));
#6530 = VECTOR('',#6531,1.);
#6531 = DIRECTION('',(0.,0.,-1.));
#6532 = PCURVE('',#5640,#6533);
#6533 = DEFINITIONAL_REPRESENTATION('',(#6534),#6537);
#6534 = B_SPLINE_CURVE_WITH_KNOTS('',1,(#6535,#6536),.UNSPECIFIED.,.F.,
  .F.,(2,2),(-54.,-51.),.PIECEWISE_BEZIER_KNOTS.);
#6535 = CARTESIAN_POINT('',(104.,-142.));
#6536 = CARTESIAN_POINT('',(101.,-142.));
#6537 = ( GEOMETRIC_REPRESENTATION_CONTEXT(2) 
PARAMETRIC_REPRESENTATION_CONTEXT() REPRESENTATION_CONTEXT('2D SPACE',''
  ) );
#6538 = PCURVE('',#6242,#6539);
#6539 = DEFINITIONAL_REPRESENTATION('',(#6540),#6543);
#6540 = B_SPLINE_CURVE_WITH_KNOTS('',1,(#6541,#6542),.UNSPECIFIED.,.F.,
  .F.,(2,2),(-54.,-51.),.PIECEWISE_BEZIER_KNOTS.);
#6541 = CARTESIAN_POINT('',(4.,1.));
#6542 = CARTESIAN_POINT('',(1.,1.));
#6543 = ( GEOMETRIC_REPRESENTATION_CONTEXT(2) 
PARAMETRIC_REPRESENTATION_CONTEXT() REPRESENTATION_CONTEXT('2D SPACE',''
  ) );
#6544 = ORIENTED_EDGE('',*,*,#6545,.F.);
#6545 = EDGE_CURVE('',#6546,#6525,#6548,.T.);
#6546 = VERTEX_POINT('',#6547);
#6547 = CARTESIAN_POINT('',(6.,-70.,52.));
#6548 = SURFACE_CURVE('',#6549,(#6553,#6560),.PCURVE_S1.);
#6549 = LINE('',#6550,#6551);
#6550 = CARTESIAN_POINT('',(6.,-72.,52.));
#6551 = VECTOR('',#6552,1.);
#6552 = DIRECTION('',(0.,1.,0.));
#6553 = PCURVE('',#5640,#6554);
#6554 = DEFINITIONAL_REPRESENTATION('',(#6555),#6559);
#6555 = LINE('',#6556,#6557);
#6556 = CARTESIAN_POINT('',(104.,0.));
#6557 = VECTOR('',#6558,1.);
#6558 = DIRECTION('',(0.,-1.));
#6559 = ( GEOMETRIC_REPRESENTATION_CONTEXT(2) 
PARAMETRIC_REPRESENTATION_CONTEXT() REPRESENTATION_CONTEXT('2D SPACE',''
  ) );
#6560 = PCURVE('',#6561,#6566);
#6561 = PLANE('',#6562);
#6562 = AXIS2_PLACEMENT_3D('',#6563,#6564,#6565);
#6563 = CARTESIAN_POINT('',(3.,-72.,52.));
#6564 = DIRECTION('',(0.,0.,1.));
#6565 = DIRECTION('',(1.,0.,0.));
#6566 = DEFINITIONAL_REPRESENTATION('',(#6567),#6571);
#6567 = LINE('',#6568,#6569);
#6568 = CARTESIAN_POINT('',(3.,0.));
#6569 = VECTOR('',#6570,1.);
#6570 = DIRECTION('',(0.,1.));
#6571 = ( GEOMETRIC_REPRESENTATION_CONTEXT(2) 
PARAMETRIC_REPRESENTATION_CONTEXT() REPRESENTATION_CONTEXT('2D SPACE',''
  ) );
#6572 = ORIENTED_EDGE('',*,*,#6573,.T.);
#6573 = EDGE_CURVE('',#6546,#6574,#6576,.T.);
#6574 = VERTEX_POINT('',#6575);
#6575 = CARTESIAN_POINT('',(6.,-70.,49.));
#6576 = SURFACE_CURVE('',#6577,(#6581,#6587),.PCURVE_S1.);
#6577 = LINE('',#6578,#6579);
#6578 = CARTESIAN_POINT('',(6.,-70.,-2.));
#6579 = VECTOR('',#6580,1.);
#6580 = DIRECTION('',(0.,0.,-1.));
#6581 = PCURVE('',#5640,#6582);
#6582 = DEFINITIONAL_REPRESENTATION('',(#6583),#6586);
#6583 = B_SPLINE_CURVE_WITH_KNOTS('',1,(#6584,#6585),.UNSPECIFIED.,.F.,
  .F.,(2,2),(-54.,-36.),.PIECEWISE_BEZIER_KNOTS.);
#6584 = CARTESIAN_POINT('',(104.,-2.));
#6585 = CARTESIAN_POINT('',(86.,-2.));
#6586 = ( GEOMETRIC_REPRESENTATION_CONTEXT(2) 
PARAMETRIC_REPRESENTATION_CONTEXT() REPRESENTATION_CONTEXT('2D SPACE',''
  ) );
#6587 = PCURVE('',#6131,#6588);
#6588 = DEFINITIONAL_REPRESENTATION('',(#6589),#6592);
#6589 = B_SPLINE_CURVE_WITH_KNOTS('',1,(#6590,#6591),.UNSPECIFIED.,.F.,
  .F.,(2,2),(-54.,-36.),.PIECEWISE_BEZIER_KNOTS.);
#6590 = CARTESIAN_POINT('',(4.,1.));
#6591 = CARTESIAN_POINT('',(-14.,1.));
#6592 = ( GEOMETRIC_REPRESENTATION_CONTEXT(2) 
PARAMETRIC_REPRESENTATION_CONTEXT() REPRESENTATION_CONTEXT('2D SPACE',''
  ) );
#6593 = ORIENTED_EDGE('',*,*,#6594,.F.);
#6594 = EDGE_CURVE('',#6479,#6574,#6595,.T.);
#6595 = SURFACE_CURVE('',#6596,(#6600,#6606),.PCURVE_S1.);
#6596 = LINE('',#6597,#6598);
#6597 = CARTESIAN_POINT('',(6.,-73.5,49.));
#6598 = VECTOR('',#6599,1.);
#6599 = DIRECTION('',(0.,1.,0.));
#6600 = PCURVE('',#5640,#6601);
#6601 = DEFINITIONAL_REPRESENTATION('',(#6602),#6605);
#6602 = B_SPLINE_CURVE_WITH_KNOTS('',1,(#6603,#6604),.UNSPECIFIED.,.F.,
  .F.,(2,2),(1.5,145.5),.PIECEWISE_BEZIER_KNOTS.);
#6603 = CARTESIAN_POINT('',(101.,0.));
#6604 = CARTESIAN_POINT('',(101.,-144.));
#6605 = ( GEOMETRIC_REPRESENTATION_CONTEXT(2) 
PARAMETRIC_REPRESENTATION_CONTEXT() REPRESENTATION_CONTEXT('2D SPACE',''
  ) );
#6606 = PCURVE('',#6607,#6612);
#6607 = PLANE('',#6608);
#6608 = AXIS2_PLACEMENT_3D('',#6609,#6610,#6611);
#6609 = CARTESIAN_POINT('',(0.,-75.,49.));
#6610 = DIRECTION('',(0.,0.,1.));
#6611 = DIRECTION('',(1.,0.,0.));
#6612 = DEFINITIONAL_REPRESENTATION('',(#6613),#6616);
#6613 = B_SPLINE_CURVE_WITH_KNOTS('',1,(#6614,#6615),.UNSPECIFIED.,.F.,
  .F.,(2,2),(1.5,145.5),.PIECEWISE_BEZIER_KNOTS.);
#6614 = CARTESIAN_POINT('',(6.,3.));
#6615 = CARTESIAN_POINT('',(6.,147.));
#6616 = ( GEOMETRIC_REPRESENTATION_CONTEXT(2) 
PARAMETRIC_REPRESENTATION_CONTEXT() REPRESENTATION_CONTEXT('2D SPACE',''
  ) );
#6617 = FACE_BOUND('',#6618,.F.);
#6618 = EDGE_LOOP('',(#6619));
#6619 = ORIENTED_EDGE('',*,*,#6620,.F.);
#6620 = EDGE_CURVE('',#6621,#6621,#6623,.T.);
#6621 = VERTEX_POINT('',#6622);
#6622 = CARTESIAN_POINT('',(6.,57.,2.));
#6623 = SURFACE_CURVE('',#6624,(#6629,#6636),.PCURVE_S1.);
#6624 = CIRCLE('',#6625,2.);
#6625 = AXIS2_PLACEMENT_3D('',#6626,#6627,#6628);
#6626 = CARTESIAN_POINT('',(6.,57.,-7.771561172376E-16));
#6627 = DIRECTION('',(1.,0.,-0.));
#6628 = DIRECTION('',(0.,1.110223024625E-16,1.));
#6629 = PCURVE('',#5640,#6630);
#6630 = DEFINITIONAL_REPRESENTATION('',(#6631),#6635);
#6631 = CIRCLE('',#6632,2.);
#6632 = AXIS2_PLACEMENT_2D('',#6633,#6634);
#6633 = CARTESIAN_POINT('',(52.,-129.));
#6634 = DIRECTION('',(1.,-1.110223024625E-16));
#6635 = ( GEOMETRIC_REPRESENTATION_CONTEXT(2) 
PARAMETRIC_REPRESENTATION_CONTEXT() REPRESENTATION_CONTEXT('2D SPACE',''
  ) );
#6636 = PCURVE('',#6637,#6642);
#6637 = CYLINDRICAL_SURFACE('',#6638,2.);
#6638 = AXIS2_PLACEMENT_3D('',#6639,#6640,#6641);
#6639 = CARTESIAN_POINT('',(6.,57.,-7.771561172376E-16));
#6640 = DIRECTION('',(-1.,0.,-0.));
#6641 = DIRECTION('',(0.,1.110223024625E-16,1.));
#6642 = DEFINITIONAL_REPRESENTATION('',(#6643),#6647);
#6643 = LINE('',#6644,#6645);
#6644 = CARTESIAN_POINT('',(-0.,0.));
#6645 = VECTOR('',#6646,1.);
#6646 = DIRECTION('',(-1.,0.));
#6647 = ( GEOMETRIC_REPRESENTATION_CONTEXT(2) 
PARAMETRIC_REPRESENTATION_CONTEXT() REPRESENTATION_CONTEXT('2D SPACE',''
  ) );
#6648 = FACE_BOUND('',#6649,.F.);
#6649 = EDGE_LOOP('',(#6650));
#6650 = ORIENTED_EDGE('',*,*,#6651,.F.);
#6651 = EDGE_CURVE('',#6652,#6652,#6654,.T.);
#6652 = VERTEX_POINT('',#6653);
#6653 = CARTESIAN_POINT('',(6.,5.,-23.25));
#6654 = SURFACE_CURVE('',#6655,(#6660,#6667),.PCURVE_S1.);
#6655 = CIRCLE('',#6656,4.25);
#6656 = AXIS2_PLACEMENT_3D('',#6657,#6658,#6659);
#6657 = CARTESIAN_POINT('',(6.,5.,-27.5));
#6658 = DIRECTION('',(1.,0.,-0.));
#6659 = DIRECTION('',(0.,1.110223024625E-16,1.));
#6660 = PCURVE('',#5640,#6661);
#6661 = DEFINITIONAL_REPRESENTATION('',(#6662),#6666);
#6662 = CIRCLE('',#6663,4.25);
#6663 = AXIS2_PLACEMENT_2D('',#6664,#6665);
#6664 = CARTESIAN_POINT('',(24.5,-77.));
#6665 = DIRECTION('',(1.,-1.110223024625E-16));
#6666 = ( GEOMETRIC_REPRESENTATION_CONTEXT(2) 
PARAMETRIC_REPRESENTATION_CONTEXT() REPRESENTATION_CONTEXT('2D SPACE',''
  ) );
#6667 = PCURVE('',#6668,#6673);
#6668 = CYLINDRICAL_SURFACE('',#6669,4.25);
#6669 = AXIS2_PLACEMENT_3D('',#6670,#6671,#6672);
#6670 = CARTESIAN_POINT('',(6.,5.,-27.5));
#6671 = DIRECTION('',(-1.,0.,-0.));
#6672 = DIRECTION('',(0.,1.110223024625E-16,1.));
#6673 = DEFINITIONAL_REPRESENTATION('',(#6674),#6678);
#6674 = LINE('',#6675,#6676);
#6675 = CARTESIAN_POINT('',(-0.,0.));
#6676 = VECTOR('',#6677,1.);
#6677 = DIRECTION('',(-1.,0.));
#6678 = ( GEOMETRIC_REPRESENTATION_CONTEXT(2) 
PARAMETRIC_REPRESENTATION_CONTEXT() REPRESENTATION_CONTEXT('2D SPACE',''
  ) );
#6679 = FACE_BOUND('',#6680,.F.);
#6680 = EDGE_LOOP('',(#6681));
#6681 = ORIENTED_EDGE('',*,*,#6682,.F.);
#6682 = EDGE_CURVE('',#6683,#6683,#6685,.T.);
#6683 = VERTEX_POINT('',#6684);
#6684 = CARTESIAN_POINT('',(6.,5.,4.25));
#6685 = SURFACE_CURVE('',#6686,(#6691,#6698),.PCURVE_S1.);
#6686 = CIRCLE('',#6687,4.25);
#6687 = AXIS2_PLACEMENT_3D('',#6688,#6689,#6690);
#6688 = CARTESIAN_POINT('',(6.,5.,-5.551115123126E-16));
#6689 = DIRECTION('',(1.,0.,-0.));
#6690 = DIRECTION('',(0.,1.110223024625E-16,1.));
#6691 = PCURVE('',#5640,#6692);
#6692 = DEFINITIONAL_REPRESENTATION('',(#6693),#6697);
#6693 = CIRCLE('',#6694,4.25);
#6694 = AXIS2_PLACEMENT_2D('',#6695,#6696);
#6695 = CARTESIAN_POINT('',(52.,-77.));
#6696 = DIRECTION('',(1.,-1.110223024625E-16));
#6697 = ( GEOMETRIC_REPRESENTATION_CONTEXT(2) 
PARAMETRIC_REPRESENTATION_CONTEXT() REPRESENTATION_CONTEXT('2D SPACE',''
  ) );
#6698 = PCURVE('',#6699,#6704);
#6699 = CYLINDRICAL_SURFACE('',#6700,4.25);
#6700 = AXIS2_PLACEMENT_3D('',#6701,#6702,#6703);
#6701 = CARTESIAN_POINT('',(6.,5.,-5.551115123126E-16));
#6702 = DIRECTION('',(-1.,0.,-0.));
#6703 = DIRECTION('',(0.,1.110223024625E-16,1.));
#6704 = DEFINITIONAL_REPRESENTATION('',(#6705),#6709);
#6705 = LINE('',#6706,#6707);
#6706 = CARTESIAN_POINT('',(-0.,0.));
#6707 = VECTOR('',#6708,1.);
#6708 = DIRECTION('',(-1.,0.));
#6709 = ( GEOMETRIC_REPRESENTATION_CONTEXT(2) 
PARAMETRIC_REPRESENTATION_CONTEXT() REPRESENTATION_CONTEXT('2D SPACE',''
  ) );
#6710 = FACE_BOUND('',#6711,.F.);
#6711 = EDGE_LOOP('',(#6712));
#6712 = ORIENTED_EDGE('',*,*,#6713,.F.);
#6713 = EDGE_CURVE('',#6714,#6714,#6716,.T.);
#6714 = VERTEX_POINT('',#6715);
#6715 = CARTESIAN_POINT('',(6.,5.,31.75));
#6716 = SURFACE_CURVE('',#6717,(#6722,#6729),.PCURVE_S1.);
#6717 = CIRCLE('',#6718,4.25);
#6718 = AXIS2_PLACEMENT_3D('',#6719,#6720,#6721);
#6719 = CARTESIAN_POINT('',(6.,5.,27.5));
#6720 = DIRECTION('',(1.,0.,-0.));
#6721 = DIRECTION('',(0.,1.110223024625E-16,1.));
#6722 = PCURVE('',#5640,#6723);
#6723 = DEFINITIONAL_REPRESENTATION('',(#6724),#6728);
#6724 = CIRCLE('',#6725,4.25);
#6725 = AXIS2_PLACEMENT_2D('',#6726,#6727);
#6726 = CARTESIAN_POINT('',(79.5,-77.));
#6727 = DIRECTION('',(1.,-1.110223024625E-16));
#6728 = ( GEOMETRIC_REPRESENTATION_CONTEXT(2) 
PARAMETRIC_REPRESENTATION_CONTEXT() REPRESENTATION_CONTEXT('2D SPACE',''
  ) );
#6729 = PCURVE('',#6730,#6735);
#6730 = CYLINDRICAL_SURFACE('',#6731,4.25);
#6731 = AXIS2_PLACEMENT_3D('',#6732,#6733,#6734);
#6732 = CARTESIAN_POINT('',(6.,5.,27.5));
#6733 = DIRECTION('',(-1.,0.,-0.));
#6734 = DIRECTION('',(0.,1.110223024625E-16,1.));
#6735 = DEFINITIONAL_REPRESENTATION('',(#6736),#6740);
#6736 = LINE('',#6737,#6738);
#6737 = CARTESIAN_POINT('',(-0.,0.));
#6738 = VECTOR('',#6739,1.);
#6739 = DIRECTION('',(-1.,0.));
#6740 = ( GEOMETRIC_REPRESENTATION_CONTEXT(2) 
PARAMETRIC_REPRESENTATION_CONTEXT() REPRESENTATION_CONTEXT('2D SPACE',''
  ) );
#6741 = FACE_BOUND('',#6742,.F.);
#6742 = EDGE_LOOP('',(#6743));
#6743 = ORIENTED_EDGE('',*,*,#6744,.F.);
#6744 = EDGE_CURVE('',#6745,#6745,#6747,.T.);
#6745 = VERTEX_POINT('',#6746);
#6746 = CARTESIAN_POINT('',(6.,-43.,2.));
#6747 = SURFACE_CURVE('',#6748,(#6753,#6760),.PCURVE_S1.);
#6748 = CIRCLE('',#6749,2.);
#6749 = AXIS2_PLACEMENT_3D('',#6750,#6751,#6752);
#6750 = CARTESIAN_POINT('',(6.,-43.,-7.771561172376E-16));
#6751 = DIRECTION('',(1.,0.,-0.));
#6752 = DIRECTION('',(0.,1.110223024625E-16,1.));
#6753 = PCURVE('',#5640,#6754);
#6754 = DEFINITIONAL_REPRESENTATION('',(#6755),#6759);
#6755 = CIRCLE('',#6756,2.);
#6756 = AXIS2_PLACEMENT_2D('',#6757,#6758);
#6757 = CARTESIAN_POINT('',(52.,-29.));
#6758 = DIRECTION('',(1.,-1.110223024625E-16));
#6759 = ( GEOMETRIC_REPRESENTATION_CONTEXT(2) 
PARAMETRIC_REPRESENTATION_CONTEXT() REPRESENTATION_CONTEXT('2D SPACE',''
  ) );
#6760 = PCURVE('',#6761,#6766);
#6761 = CYLINDRICAL_SURFACE('',#6762,2.);
#6762 = AXIS2_PLACEMENT_3D('',#6763,#6764,#6765);
#6763 = CARTESIAN_POINT('',(6.,-43.,-7.771561172376E-16));
#6764 = DIRECTION('',(-1.,0.,-0.));
#6765 = DIRECTION('',(0.,1.110223024625E-16,1.));
#6766 = DEFINITIONAL_REPRESENTATION('',(#6767),#6771);
#6767 = LINE('',#6768,#6769);
#6768 = CARTESIAN_POINT('',(-0.,0.));
#6769 = VECTOR('',#6770,1.);
#6770 = DIRECTION('',(-1.,0.));
#6771 = ( GEOMETRIC_REPRESENTATION_CONTEXT(2) 
PARAMETRIC_REPRESENTATION_CONTEXT() REPRESENTATION_CONTEXT('2D SPACE',''
  ) );
#6772 = ADVANCED_FACE('',(#6773,#6799),#5612,.F.);
#6773 = FACE_BOUND('',#6774,.F.);
#6774 = EDGE_LOOP('',(#6775,#6776,#6777,#6798));
#6775 = ORIENTED_EDGE('',*,*,#5596,.F.);
#6776 = ORIENTED_EDGE('',*,*,#6501,.F.);
#6777 = ORIENTED_EDGE('',*,*,#6778,.T.);
#6778 = EDGE_CURVE('',#6477,#5680,#6779,.T.);
#6779 = SURFACE_CURVE('',#6780,(#6784,#6791),.PCURVE_S1.);
#6780 = LINE('',#6781,#6782);
#6781 = CARTESIAN_POINT('',(3.,-72.,-52.));
#6782 = VECTOR('',#6783,1.);
#6783 = DIRECTION('',(1.,0.,0.));
#6784 = PCURVE('',#5612,#6785);
#6785 = DEFINITIONAL_REPRESENTATION('',(#6786),#6790);
#6786 = LINE('',#6787,#6788);
#6787 = CARTESIAN_POINT('',(0.,0.));
#6788 = VECTOR('',#6789,1.);
#6789 = DIRECTION('',(1.,0.));
#6790 = ( GEOMETRIC_REPRESENTATION_CONTEXT(2) 
PARAMETRIC_REPRESENTATION_CONTEXT() REPRESENTATION_CONTEXT('2D SPACE',''
  ) );
#6791 = PCURVE('',#5697,#6792);
#6792 = DEFINITIONAL_REPRESENTATION('',(#6793),#6797);
#6793 = LINE('',#6794,#6795);
#6794 = CARTESIAN_POINT('',(0.,0.));
#6795 = VECTOR('',#6796,1.);
#6796 = DIRECTION('',(0.,1.));
#6797 = ( GEOMETRIC_REPRESENTATION_CONTEXT(2) 
PARAMETRIC_REPRESENTATION_CONTEXT() REPRESENTATION_CONTEXT('2D SPACE',''
  ) );
#6798 = ORIENTED_EDGE('',*,*,#5709,.T.);
#6799 = FACE_BOUND('',#6800,.F.);
#6800 = EDGE_LOOP('',(#6801,#6831,#6859,#6887,#6915,#6943,#6971,#6999));
#6801 = ORIENTED_EDGE('',*,*,#6802,.T.);
#6802 = EDGE_CURVE('',#6803,#6805,#6807,.T.);
#6803 = VERTEX_POINT('',#6804);
#6804 = CARTESIAN_POINT('',(9.,-43.,-52.));
#6805 = VERTEX_POINT('',#6806);
#6806 = CARTESIAN_POINT('',(9.,3.,-52.));
#6807 = SURFACE_CURVE('',#6808,(#6812,#6819),.PCURVE_S1.);
#6808 = LINE('',#6809,#6810);
#6809 = CARTESIAN_POINT('',(9.,-43.,-52.));
#6810 = VECTOR('',#6811,1.);
#6811 = DIRECTION('',(0.,1.,0.));
#6812 = PCURVE('',#5612,#6813);
#6813 = DEFINITIONAL_REPRESENTATION('',(#6814),#6818);
#6814 = LINE('',#6815,#6816);
#6815 = CARTESIAN_POINT('',(6.,29.));
#6816 = VECTOR('',#6817,1.);
#6817 = DIRECTION('',(0.,1.));
#6818 = ( GEOMETRIC_REPRESENTATION_CONTEXT(2) 
PARAMETRIC_REPRESENTATION_CONTEXT() REPRESENTATION_CONTEXT('2D SPACE',''
  ) );
#6819 = PCURVE('',#6820,#6825);
#6820 = PLANE('',#6821);
#6821 = AXIS2_PLACEMENT_3D('',#6822,#6823,#6824);
#6822 = CARTESIAN_POINT('',(9.,-43.,-52.));
#6823 = DIRECTION('',(1.,0.,0.));
#6824 = DIRECTION('',(0.,0.,1.));
#6825 = DEFINITIONAL_REPRESENTATION('',(#6826),#6830);
#6826 = LINE('',#6827,#6828);
#6827 = CARTESIAN_POINT('',(0.,0.));
#6828 = VECTOR('',#6829,1.);
#6829 = DIRECTION('',(0.,-1.));
#6830 = ( GEOMETRIC_REPRESENTATION_CONTEXT(2) 
PARAMETRIC_REPRESENTATION_CONTEXT() REPRESENTATION_CONTEXT('2D SPACE',''
  ) );
#6831 = ORIENTED_EDGE('',*,*,#6832,.T.);
#6832 = EDGE_CURVE('',#6805,#6833,#6835,.T.);
#6833 = VERTEX_POINT('',#6834);
#6834 = CARTESIAN_POINT('',(30.2,3.,-52.));
#6835 = SURFACE_CURVE('',#6836,(#6840,#6847),.PCURVE_S1.);
#6836 = LINE('',#6837,#6838);
#6837 = CARTESIAN_POINT('',(9.,3.,-52.));
#6838 = VECTOR('',#6839,1.);
#6839 = DIRECTION('',(1.,0.,0.));
#6840 = PCURVE('',#5612,#6841);
#6841 = DEFINITIONAL_REPRESENTATION('',(#6842),#6846);
#6842 = LINE('',#6843,#6844);
#6843 = CARTESIAN_POINT('',(6.,75.));
#6844 = VECTOR('',#6845,1.);
#6845 = DIRECTION('',(1.,0.));
#6846 = ( GEOMETRIC_REPRESENTATION_CONTEXT(2) 
PARAMETRIC_REPRESENTATION_CONTEXT() REPRESENTATION_CONTEXT('2D SPACE',''
  ) );
#6847 = PCURVE('',#6848,#6853);
#6848 = PLANE('',#6849);
#6849 = AXIS2_PLACEMENT_3D('',#6850,#6851,#6852);
#6850 = CARTESIAN_POINT('',(9.,3.,-52.));
#6851 = DIRECTION('',(0.,1.,0.));
#6852 = DIRECTION('',(0.,0.,1.));
#6853 = DEFINITIONAL_REPRESENTATION('',(#6854),#6858);
#6854 = LINE('',#6855,#6856);
#6855 = CARTESIAN_POINT('',(0.,0.));
#6856 = VECTOR('',#6857,1.);
#6857 = DIRECTION('',(0.,1.));
#6858 = ( GEOMETRIC_REPRESENTATION_CONTEXT(2) 
PARAMETRIC_REPRESENTATION_CONTEXT() REPRESENTATION_CONTEXT('2D SPACE',''
  ) );
#6859 = ORIENTED_EDGE('',*,*,#6860,.T.);
#6860 = EDGE_CURVE('',#6833,#6861,#6863,.T.);
#6861 = VERTEX_POINT('',#6862);
#6862 = CARTESIAN_POINT('',(30.2,30.25,-52.));
#6863 = SURFACE_CURVE('',#6864,(#6868,#6875),.PCURVE_S1.);
#6864 = LINE('',#6865,#6866);
#6865 = CARTESIAN_POINT('',(30.2,-30.25,-52.));
#6866 = VECTOR('',#6867,1.);
#6867 = DIRECTION('',(0.,1.,0.));
#6868 = PCURVE('',#5612,#6869);
#6869 = DEFINITIONAL_REPRESENTATION('',(#6870),#6874);
#6870 = LINE('',#6871,#6872);
#6871 = CARTESIAN_POINT('',(27.2,41.75));
#6872 = VECTOR('',#6873,1.);
#6873 = DIRECTION('',(0.,1.));
#6874 = ( GEOMETRIC_REPRESENTATION_CONTEXT(2) 
PARAMETRIC_REPRESENTATION_CONTEXT() REPRESENTATION_CONTEXT('2D SPACE',''
  ) );
#6875 = PCURVE('',#6876,#6881);
#6876 = PLANE('',#6877);
#6877 = AXIS2_PLACEMENT_3D('',#6878,#6879,#6880);
#6878 = CARTESIAN_POINT('',(30.2,-30.25,-52.));
#6879 = DIRECTION('',(1.,0.,0.));
#6880 = DIRECTION('',(0.,0.,1.));
#6881 = DEFINITIONAL_REPRESENTATION('',(#6882),#6886);
#6882 = LINE('',#6883,#6884);
#6883 = CARTESIAN_POINT('',(0.,0.));
#6884 = VECTOR('',#6885,1.);
#6885 = DIRECTION('',(0.,-1.));
#6886 = ( GEOMETRIC_REPRESENTATION_CONTEXT(2) 
PARAMETRIC_REPRESENTATION_CONTEXT() REPRESENTATION_CONTEXT('2D SPACE',''
  ) );
#6887 = ORIENTED_EDGE('',*,*,#6888,.T.);
#6888 = EDGE_CURVE('',#6861,#6889,#6891,.T.);
#6889 = VERTEX_POINT('',#6890);
#6890 = CARTESIAN_POINT('',(119.8,30.25,-52.));
#6891 = SURFACE_CURVE('',#6892,(#6896,#6903),.PCURVE_S1.);
#6892 = LINE('',#6893,#6894);
#6893 = CARTESIAN_POINT('',(30.2,30.25,-52.));
#6894 = VECTOR('',#6895,1.);
#6895 = DIRECTION('',(1.,0.,0.));
#6896 = PCURVE('',#5612,#6897);
#6897 = DEFINITIONAL_REPRESENTATION('',(#6898),#6902);
#6898 = LINE('',#6899,#6900);
#6899 = CARTESIAN_POINT('',(27.2,102.25));
#6900 = VECTOR('',#6901,1.);
#6901 = DIRECTION('',(1.,0.));
#6902 = ( GEOMETRIC_REPRESENTATION_CONTEXT(2) 
PARAMETRIC_REPRESENTATION_CONTEXT() REPRESENTATION_CONTEXT('2D SPACE',''
  ) );
#6903 = PCURVE('',#6904,#6909);
#6904 = PLANE('',#6905);
#6905 = AXIS2_PLACEMENT_3D('',#6906,#6907,#6908);
#6906 = CARTESIAN_POINT('',(30.2,30.25,-52.));
#6907 = DIRECTION('',(0.,1.,0.));
#6908 = DIRECTION('',(0.,0.,1.));
#6909 = DEFINITIONAL_REPRESENTATION('',(#6910),#6914);
#6910 = LINE('',#6911,#6912);
#6911 = CARTESIAN_POINT('',(0.,0.));
#6912 = VECTOR('',#6913,1.);
#6913 = DIRECTION('',(0.,1.));
#6914 = ( GEOMETRIC_REPRESENTATION_CONTEXT(2) 
PARAMETRIC_REPRESENTATION_CONTEXT() REPRESENTATION_CONTEXT('2D SPACE',''
  ) );
#6915 = ORIENTED_EDGE('',*,*,#6916,.F.);
#6916 = EDGE_CURVE('',#6917,#6889,#6919,.T.);
#6917 = VERTEX_POINT('',#6918);
#6918 = CARTESIAN_POINT('',(119.8,-30.25,-52.));
#6919 = SURFACE_CURVE('',#6920,(#6924,#6931),.PCURVE_S1.);
#6920 = LINE('',#6921,#6922);
#6921 = CARTESIAN_POINT('',(119.8,-30.25,-52.));
#6922 = VECTOR('',#6923,1.);
#6923 = DIRECTION('',(0.,1.,0.));
#6924 = PCURVE('',#5612,#6925);
#6925 = DEFINITIONAL_REPRESENTATION('',(#6926),#6930);
#6926 = LINE('',#6927,#6928);
#6927 = CARTESIAN_POINT('',(116.8,41.75));
#6928 = VECTOR('',#6929,1.);
#6929 = DIRECTION('',(0.,1.));
#6930 = ( GEOMETRIC_REPRESENTATION_CONTEXT(2) 
PARAMETRIC_REPRESENTATION_CONTEXT() REPRESENTATION_CONTEXT('2D SPACE',''
  ) );
#6931 = PCURVE('',#6932,#6937);
#6932 = PLANE('',#6933);
#6933 = AXIS2_PLACEMENT_3D('',#6934,#6935,#6936);
#6934 = CARTESIAN_POINT('',(119.8,-30.25,-52.));
#6935 = DIRECTION('',(1.,0.,0.));
#6936 = DIRECTION('',(0.,0.,1.));
#6937 = DEFINITIONAL_REPRESENTATION('',(#6938),#6942);
#6938 = LINE('',#6939,#6940);
#6939 = CARTESIAN_POINT('',(0.,0.));
#6940 = VECTOR('',#6941,1.);
#6941 = DIRECTION('',(0.,-1.));
#6942 = ( GEOMETRIC_REPRESENTATION_CONTEXT(2) 
PARAMETRIC_REPRESENTATION_CONTEXT() REPRESENTATION_CONTEXT('2D SPACE',''
  ) );
#6943 = ORIENTED_EDGE('',*,*,#6944,.F.);
#6944 = EDGE_CURVE('',#6945,#6917,#6947,.T.);
#6945 = VERTEX_POINT('',#6946);
#6946 = CARTESIAN_POINT('',(71.,-30.25,-52.));
#6947 = SURFACE_CURVE('',#6948,(#6952,#6959),.PCURVE_S1.);
#6948 = LINE('',#6949,#6950);
#6949 = CARTESIAN_POINT('',(30.2,-30.25,-52.));
#6950 = VECTOR('',#6951,1.);
#6951 = DIRECTION('',(1.,0.,0.));
#6952 = PCURVE('',#5612,#6953);
#6953 = DEFINITIONAL_REPRESENTATION('',(#6954),#6958);
#6954 = LINE('',#6955,#6956);
#6955 = CARTESIAN_POINT('',(27.2,41.75));
#6956 = VECTOR('',#6957,1.);
#6957 = DIRECTION('',(1.,0.));
#6958 = ( GEOMETRIC_REPRESENTATION_CONTEXT(2) 
PARAMETRIC_REPRESENTATION_CONTEXT() REPRESENTATION_CONTEXT('2D SPACE',''
  ) );
#6959 = PCURVE('',#6960,#6965);
#6960 = PLANE('',#6961);
#6961 = AXIS2_PLACEMENT_3D('',#6962,#6963,#6964);
#6962 = CARTESIAN_POINT('',(30.2,-30.25,-52.));
#6963 = DIRECTION('',(0.,1.,0.));
#6964 = DIRECTION('',(0.,0.,1.));
#6965 = DEFINITIONAL_REPRESENTATION('',(#6966),#6970);
#6966 = LINE('',#6967,#6968);
#6967 = CARTESIAN_POINT('',(0.,0.));
#6968 = VECTOR('',#6969,1.);
#6969 = DIRECTION('',(0.,1.));
#6970 = ( GEOMETRIC_REPRESENTATION_CONTEXT(2) 
PARAMETRIC_REPRESENTATION_CONTEXT() REPRESENTATION_CONTEXT('2D SPACE',''
  ) );
#6971 = ORIENTED_EDGE('',*,*,#6972,.F.);
#6972 = EDGE_CURVE('',#6973,#6945,#6975,.T.);
#6973 = VERTEX_POINT('',#6974);
#6974 = CARTESIAN_POINT('',(71.,-43.,-52.));
#6975 = SURFACE_CURVE('',#6976,(#6980,#6987),.PCURVE_S1.);
#6976 = LINE('',#6977,#6978);
#6977 = CARTESIAN_POINT('',(71.,-43.,-52.));
#6978 = VECTOR('',#6979,1.);
#6979 = DIRECTION('',(0.,1.,0.));
#6980 = PCURVE('',#5612,#6981);
#6981 = DEFINITIONAL_REPRESENTATION('',(#6982),#6986);
#6982 = LINE('',#6983,#6984);
#6983 = CARTESIAN_POINT('',(68.,29.));
#6984 = VECTOR('',#6985,1.);
#6985 = DIRECTION('',(0.,1.));
#6986 = ( GEOMETRIC_REPRESENTATION_CONTEXT(2) 
PARAMETRIC_REPRESENTATION_CONTEXT() REPRESENTATION_CONTEXT('2D SPACE',''
  ) );
#6987 = PCURVE('',#6988,#6993);
#6988 = PLANE('',#6989);
#6989 = AXIS2_PLACEMENT_3D('',#6990,#6991,#6992);
#6990 = CARTESIAN_POINT('',(71.,-43.,-52.));
#6991 = DIRECTION('',(1.,0.,0.));
#6992 = DIRECTION('',(0.,0.,1.));
#6993 = DEFINITIONAL_REPRESENTATION('',(#6994),#6998);
#6994 = LINE('',#6995,#6996);
#6995 = CARTESIAN_POINT('',(0.,0.));
#6996 = VECTOR('',#6997,1.);
#6997 = DIRECTION('',(0.,-1.));
#6998 = ( GEOMETRIC_REPRESENTATION_CONTEXT(2) 
PARAMETRIC_REPRESENTATION_CONTEXT() REPRESENTATION_CONTEXT('2D SPACE',''
  ) );
#6999 = ORIENTED_EDGE('',*,*,#7000,.F.);
#7000 = EDGE_CURVE('',#6803,#6973,#7001,.T.);
#7001 = SURFACE_CURVE('',#7002,(#7006,#7013),.PCURVE_S1.);
#7002 = LINE('',#7003,#7004);
#7003 = CARTESIAN_POINT('',(9.,-43.,-52.));
#7004 = VECTOR('',#7005,1.);
#7005 = DIRECTION('',(1.,0.,0.));
#7006 = PCURVE('',#5612,#7007);
#7007 = DEFINITIONAL_REPRESENTATION('',(#7008),#7012);
#7008 = LINE('',#7009,#7010);
#7009 = CARTESIAN_POINT('',(6.,29.));
#7010 = VECTOR('',#7011,1.);
#7011 = DIRECTION('',(1.,0.));
#7012 = ( GEOMETRIC_REPRESENTATION_CONTEXT(2) 
PARAMETRIC_REPRESENTATION_CONTEXT() REPRESENTATION_CONTEXT('2D SPACE',''
  ) );
#7013 = PCURVE('',#7014,#7019);
#7014 = PLANE('',#7015);
#7015 = AXIS2_PLACEMENT_3D('',#7016,#7017,#7018);
#7016 = CARTESIAN_POINT('',(9.,-43.,-52.));
#7017 = DIRECTION('',(0.,1.,0.));
#7018 = DIRECTION('',(0.,0.,1.));
#7019 = DEFINITIONAL_REPRESENTATION('',(#7020),#7024);
#7020 = LINE('',#7021,#7022);
#7021 = CARTESIAN_POINT('',(0.,0.));
#7022 = VECTOR('',#7023,1.);
#7023 = DIRECTION('',(0.,1.));
#7024 = ( GEOMETRIC_REPRESENTATION_CONTEXT(2) 
PARAMETRIC_REPRESENTATION_CONTEXT() REPRESENTATION_CONTEXT('2D SPACE',''
  ) );
#7025 = ADVANCED_FACE('',(#7026),#5697,.F.);
#7026 = FACE_BOUND('',#7027,.F.);
#7027 = EDGE_LOOP('',(#7028,#7029,#7030,#7031,#7052));
#7028 = ORIENTED_EDGE('',*,*,#5679,.F.);
#7029 = ORIENTED_EDGE('',*,*,#6778,.F.);
#7030 = ORIENTED_EDGE('',*,*,#6476,.T.);
#7031 = ORIENTED_EDGE('',*,*,#7032,.T.);
#7032 = EDGE_CURVE('',#6479,#7033,#7035,.T.);
#7033 = VERTEX_POINT('',#7034);
#7034 = CARTESIAN_POINT('',(133.75304923404,-72.,49.));
#7035 = SURFACE_CURVE('',#7036,(#7040,#7046),.PCURVE_S1.);
#7036 = LINE('',#7037,#7038);
#7037 = CARTESIAN_POINT('',(1.5,-72.,49.));
#7038 = VECTOR('',#7039,1.);
#7039 = DIRECTION('',(1.,0.,0.));
#7040 = PCURVE('',#5697,#7041);
#7041 = DEFINITIONAL_REPRESENTATION('',(#7042),#7045);
#7042 = B_SPLINE_CURVE_WITH_KNOTS('',1,(#7043,#7044),.UNSPECIFIED.,.F.,
  .F.,(2,2),(1.5,145.5),.PIECEWISE_BEZIER_KNOTS.);
#7043 = CARTESIAN_POINT('',(101.,0.));
#7044 = CARTESIAN_POINT('',(101.,144.));
#7045 = ( GEOMETRIC_REPRESENTATION_CONTEXT(2) 
PARAMETRIC_REPRESENTATION_CONTEXT() REPRESENTATION_CONTEXT('2D SPACE',''
  ) );
#7046 = PCURVE('',#6607,#7047);
#7047 = DEFINITIONAL_REPRESENTATION('',(#7048),#7051);
#7048 = B_SPLINE_CURVE_WITH_KNOTS('',1,(#7049,#7050),.UNSPECIFIED.,.F.,
  .F.,(2,2),(1.5,145.5),.PIECEWISE_BEZIER_KNOTS.);
#7049 = CARTESIAN_POINT('',(3.,3.));
#7050 = CARTESIAN_POINT('',(147.,3.));
#7051 = ( GEOMETRIC_REPRESENTATION_CONTEXT(2) 
PARAMETRIC_REPRESENTATION_CONTEXT() REPRESENTATION_CONTEXT('2D SPACE',''
  ) );
#7052 = ORIENTED_EDGE('',*,*,#7053,.F.);
#7053 = EDGE_CURVE('',#5682,#7033,#7054,.T.);
#7054 = SURFACE_CURVE('',#7055,(#7060,#7067),.PCURVE_S1.);
#7055 = CIRCLE('',#7056,11.);
#7056 = AXIS2_PLACEMENT_3D('',#7057,#7058,#7059);
#7057 = CARTESIAN_POINT('',(144.,-72.,45.));
#7058 = DIRECTION('',(0.,1.,0.));
#7059 = DIRECTION('',(0.272727272727,0.,-0.962091385842));
#7060 = PCURVE('',#5697,#7061);
#7061 = DEFINITIONAL_REPRESENTATION('',(#7062),#7066);
#7062 = CIRCLE('',#7063,11.);
#7063 = AXIS2_PLACEMENT_2D('',#7064,#7065);
#7064 = CARTESIAN_POINT('',(97.,141.));
#7065 = DIRECTION('',(-0.962091385842,0.272727272727));
#7066 = ( GEOMETRIC_REPRESENTATION_CONTEXT(2) 
PARAMETRIC_REPRESENTATION_CONTEXT() REPRESENTATION_CONTEXT('2D SPACE',''
  ) );
#7067 = PCURVE('',#6156,#7068);
#7068 = DEFINITIONAL_REPRESENTATION('',(#7069),#7073);
#7069 = LINE('',#7070,#7071);
#7070 = CARTESIAN_POINT('',(-6.559411937943,-2.));
#7071 = VECTOR('',#7072,1.);
#7072 = DIRECTION('',(1.,-0.));
#7073 = ( GEOMETRIC_REPRESENTATION_CONTEXT(2) 
PARAMETRIC_REPRESENTATION_CONTEXT() REPRESENTATION_CONTEXT('2D SPACE',''
  ) );
#7074 = ADVANCED_FACE('',(#7075),#6156,.F.);
#7075 = FACE_BOUND('',#7076,.T.);
#7076 = EDGE_LOOP('',(#7077,#7101,#7120,#7121));
#7077 = ORIENTED_EDGE('',*,*,#7078,.T.);
#7078 = EDGE_CURVE('',#6117,#7079,#7081,.T.);
#7079 = VERTEX_POINT('',#7080);
#7080 = CARTESIAN_POINT('',(133.75304923404,-70.,49.));
#7081 = SURFACE_CURVE('',#7082,(#7087,#7094),.PCURVE_S1.);
#7082 = CIRCLE('',#7083,11.);
#7083 = AXIS2_PLACEMENT_3D('',#7084,#7085,#7086);
#7084 = CARTESIAN_POINT('',(144.,-70.,45.));
#7085 = DIRECTION('',(0.,1.,0.));
#7086 = DIRECTION('',(0.272727272727,0.,-0.962091385842));
#7087 = PCURVE('',#6156,#7088);
#7088 = DEFINITIONAL_REPRESENTATION('',(#7089),#7093);
#7089 = LINE('',#7090,#7091);
#7090 = CARTESIAN_POINT('',(-6.559411937943,0.));
#7091 = VECTOR('',#7092,1.);
#7092 = DIRECTION('',(1.,-0.));
#7093 = ( GEOMETRIC_REPRESENTATION_CONTEXT(2) 
PARAMETRIC_REPRESENTATION_CONTEXT() REPRESENTATION_CONTEXT('2D SPACE',''
  ) );
#7094 = PCURVE('',#6131,#7095);
#7095 = DEFINITIONAL_REPRESENTATION('',(#7096),#7100);
#7096 = CIRCLE('',#7097,11.);
#7097 = AXIS2_PLACEMENT_2D('',#7098,#7099);
#7098 = CARTESIAN_POINT('',(-3.,139.));
#7099 = DIRECTION('',(-0.962091385842,0.272727272727));
#7100 = ( GEOMETRIC_REPRESENTATION_CONTEXT(2) 
PARAMETRIC_REPRESENTATION_CONTEXT() REPRESENTATION_CONTEXT('2D SPACE',''
  ) );
#7101 = ORIENTED_EDGE('',*,*,#7102,.F.);
#7102 = EDGE_CURVE('',#7033,#7079,#7103,.T.);
#7103 = SURFACE_CURVE('',#7104,(#7108,#7114),.PCURVE_S1.);
#7104 = LINE('',#7105,#7106);
#7105 = CARTESIAN_POINT('',(133.75304923404,-70.,49.));
#7106 = VECTOR('',#7107,1.);
#7107 = DIRECTION('',(0.,1.,0.));
#7108 = PCURVE('',#6156,#7109);
#7109 = DEFINITIONAL_REPRESENTATION('',(#7110),#7113);
#7110 = B_SPLINE_CURVE_WITH_KNOTS('',1,(#7111,#7112),.UNSPECIFIED.,.F.,
  .F.,(2,2),(-2.,0.),.PIECEWISE_BEZIER_KNOTS.);
#7111 = CARTESIAN_POINT('',(-4.340220446424,-2.));
#7112 = CARTESIAN_POINT('',(-4.340220446424,0.));
#7113 = ( GEOMETRIC_REPRESENTATION_CONTEXT(2) 
PARAMETRIC_REPRESENTATION_CONTEXT() REPRESENTATION_CONTEXT('2D SPACE',''
  ) );
#7114 = PCURVE('',#6607,#7115);
#7115 = DEFINITIONAL_REPRESENTATION('',(#7116),#7119);
#7116 = B_SPLINE_CURVE_WITH_KNOTS('',1,(#7117,#7118),.UNSPECIFIED.,.F.,
  .F.,(2,2),(-12.0000006,6.000000070117E-07),.PIECEWISE_BEZIER_KNOTS.);
#7117 = CARTESIAN_POINT('',(133.75304923404,-7.0000006));
#7118 = CARTESIAN_POINT('',(133.75304923404,5.0000006));
#7119 = ( GEOMETRIC_REPRESENTATION_CONTEXT(2) 
PARAMETRIC_REPRESENTATION_CONTEXT() REPRESENTATION_CONTEXT('2D SPACE',''
  ) );
#7120 = ORIENTED_EDGE('',*,*,#7053,.F.);
#7121 = ORIENTED_EDGE('',*,*,#6143,.T.);
#7122 = ADVANCED_FACE('',(#7123),#6131,.F.);
#7123 = FACE_BOUND('',#7124,.F.);
#7124 = EDGE_LOOP('',(#7125,#7155,#7175,#7176,#7177,#7199,#7221,#7248,
    #7270,#7292,#7314,#7341,#7363,#7383,#7384));
#7125 = ORIENTED_EDGE('',*,*,#7126,.F.);
#7126 = EDGE_CURVE('',#7127,#7129,#7131,.T.);
#7127 = VERTEX_POINT('',#7128);
#7128 = CARTESIAN_POINT('',(145.,-70.,49.));
#7129 = VERTEX_POINT('',#7130);
#7130 = CARTESIAN_POINT('',(145.,-70.,52.));
#7131 = SURFACE_CURVE('',#7132,(#7136,#7143),.PCURVE_S1.);
#7132 = LINE('',#7133,#7134);
#7133 = CARTESIAN_POINT('',(145.,-70.,48.));
#7134 = VECTOR('',#7135,1.);
#7135 = DIRECTION('',(0.,0.,1.));
#7136 = PCURVE('',#6131,#7137);
#7137 = DEFINITIONAL_REPRESENTATION('',(#7138),#7142);
#7138 = LINE('',#7139,#7140);
#7139 = CARTESIAN_POINT('',(0.,140.));
#7140 = VECTOR('',#7141,1.);
#7141 = DIRECTION('',(1.,0.));
#7142 = ( GEOMETRIC_REPRESENTATION_CONTEXT(2) 
PARAMETRIC_REPRESENTATION_CONTEXT() REPRESENTATION_CONTEXT('2D SPACE',''
  ) );
#7143 = PCURVE('',#7144,#7149);
#7144 = PLANE('',#7145);
#7145 = AXIS2_PLACEMENT_3D('',#7146,#7147,#7148);
#7146 = CARTESIAN_POINT('',(145.,-70.,48.));
#7147 = DIRECTION('',(1.,0.,0.));
#7148 = DIRECTION('',(0.,0.,1.));
#7149 = DEFINITIONAL_REPRESENTATION('',(#7150),#7154);
#7150 = LINE('',#7151,#7152);
#7151 = CARTESIAN_POINT('',(0.,0.));
#7152 = VECTOR('',#7153,1.);
#7153 = DIRECTION('',(1.,0.));
#7154 = ( GEOMETRIC_REPRESENTATION_CONTEXT(2) 
PARAMETRIC_REPRESENTATION_CONTEXT() REPRESENTATION_CONTEXT('2D SPACE',''
  ) );
#7155 = ORIENTED_EDGE('',*,*,#7156,.T.);
#7156 = EDGE_CURVE('',#7127,#6091,#7157,.T.);
#7157 = SURFACE_CURVE('',#7158,(#7162,#7169),.PCURVE_S1.);
#7158 = LINE('',#7159,#7160);
#7159 = CARTESIAN_POINT('',(72.,-70.,49.));
#7160 = VECTOR('',#7161,1.);
#7161 = DIRECTION('',(1.,-0.,0.));
#7162 = PCURVE('',#6131,#7163);
#7163 = DEFINITIONAL_REPRESENTATION('',(#7164),#7168);
#7164 = LINE('',#7165,#7166);
#7165 = CARTESIAN_POINT('',(1.,67.));
#7166 = VECTOR('',#7167,1.);
#7167 = DIRECTION('',(0.,1.));
#7168 = ( GEOMETRIC_REPRESENTATION_CONTEXT(2) 
PARAMETRIC_REPRESENTATION_CONTEXT() REPRESENTATION_CONTEXT('2D SPACE',''
  ) );
#7169 = PCURVE('',#6105,#7170);
#7170 = DEFINITIONAL_REPRESENTATION('',(#7171),#7174);
#7171 = B_SPLINE_CURVE_WITH_KNOTS('',1,(#7172,#7173),.UNSPECIFIED.,.F.,
  .F.,(2,2),(61.,75.),.PIECEWISE_BEZIER_KNOTS.);
#7172 = CARTESIAN_POINT('',(133.,5.));
#7173 = CARTESIAN_POINT('',(147.,5.));
#7174 = ( GEOMETRIC_REPRESENTATION_CONTEXT(2) 
PARAMETRIC_REPRESENTATION_CONTEXT() REPRESENTATION_CONTEXT('2D SPACE',''
  ) );
#7175 = ORIENTED_EDGE('',*,*,#6116,.T.);
#7176 = ORIENTED_EDGE('',*,*,#7078,.T.);
#7177 = ORIENTED_EDGE('',*,*,#7178,.T.);
#7178 = EDGE_CURVE('',#7079,#7179,#7181,.T.);
#7179 = VERTEX_POINT('',#7180);
#7180 = CARTESIAN_POINT('',(101.,-70.,49.));
#7181 = SURFACE_CURVE('',#7182,(#7186,#7193),.PCURVE_S1.);
#7182 = LINE('',#7183,#7184);
#7183 = CARTESIAN_POINT('',(2.5,-70.,49.));
#7184 = VECTOR('',#7185,1.);
#7185 = DIRECTION('',(-1.,0.,0.));
#7186 = PCURVE('',#6131,#7187);
#7187 = DEFINITIONAL_REPRESENTATION('',(#7188),#7192);
#7188 = LINE('',#7189,#7190);
#7189 = CARTESIAN_POINT('',(1.,-2.5));
#7190 = VECTOR('',#7191,1.);
#7191 = DIRECTION('',(0.,-1.));
#7192 = ( GEOMETRIC_REPRESENTATION_CONTEXT(2) 
PARAMETRIC_REPRESENTATION_CONTEXT() REPRESENTATION_CONTEXT('2D SPACE',''
  ) );
#7193 = PCURVE('',#6607,#7194);
#7194 = DEFINITIONAL_REPRESENTATION('',(#7195),#7198);
#7195 = B_SPLINE_CURVE_WITH_KNOTS('',1,(#7196,#7197),.UNSPECIFIED.,.F.,
  .F.,(2,2),(-142.5,-2.5),.PIECEWISE_BEZIER_KNOTS.);
#7196 = CARTESIAN_POINT('',(145.,5.));
#7197 = CARTESIAN_POINT('',(5.,5.));
#7198 = ( GEOMETRIC_REPRESENTATION_CONTEXT(2) 
PARAMETRIC_REPRESENTATION_CONTEXT() REPRESENTATION_CONTEXT('2D SPACE',''
  ) );
#7199 = ORIENTED_EDGE('',*,*,#7200,.F.);
#7200 = EDGE_CURVE('',#7201,#7179,#7203,.T.);
#7201 = VERTEX_POINT('',#7202);
#7202 = CARTESIAN_POINT('',(101.,-70.,50.));
#7203 = SURFACE_CURVE('',#7204,(#7208,#7215),.PCURVE_S1.);
#7204 = LINE('',#7205,#7206);
#7205 = CARTESIAN_POINT('',(101.,-70.,-1.));
#7206 = VECTOR('',#7207,1.);
#7207 = DIRECTION('',(0.,0.,-1.));
#7208 = PCURVE('',#6131,#7209);
#7209 = DEFINITIONAL_REPRESENTATION('',(#7210),#7214);
#7210 = LINE('',#7211,#7212);
#7211 = CARTESIAN_POINT('',(-49.,96.));
#7212 = VECTOR('',#7213,1.);
#7213 = DIRECTION('',(-1.,0.));
#7214 = ( GEOMETRIC_REPRESENTATION_CONTEXT(2) 
PARAMETRIC_REPRESENTATION_CONTEXT() REPRESENTATION_CONTEXT('2D SPACE',''
  ) );
#7215 = PCURVE('',#6419,#7216);
#7216 = DEFINITIONAL_REPRESENTATION('',(#7217),#7220);
#7217 = B_SPLINE_CURVE_WITH_KNOTS('',1,(#7218,#7219),.UNSPECIFIED.,.F.,
  .F.,(2,2),(-51.,-50.),.PIECEWISE_BEZIER_KNOTS.);
#7218 = CARTESIAN_POINT('',(100.,-1.));
#7219 = CARTESIAN_POINT('',(99.,-1.));
#7220 = ( GEOMETRIC_REPRESENTATION_CONTEXT(2) 
PARAMETRIC_REPRESENTATION_CONTEXT() REPRESENTATION_CONTEXT('2D SPACE',''
  ) );
#7221 = ORIENTED_EDGE('',*,*,#7222,.F.);
#7222 = EDGE_CURVE('',#7223,#7201,#7225,.T.);
#7223 = VERTEX_POINT('',#7224);
#7224 = CARTESIAN_POINT('',(97.,-70.,50.));
#7225 = SURFACE_CURVE('',#7226,(#7230,#7237),.PCURVE_S1.);
#7226 = LINE('',#7227,#7228);
#7227 = CARTESIAN_POINT('',(51.,-70.,50.));
#7228 = VECTOR('',#7229,1.);
#7229 = DIRECTION('',(1.,0.,0.));
#7230 = PCURVE('',#6131,#7231);
#7231 = DEFINITIONAL_REPRESENTATION('',(#7232),#7236);
#7232 = LINE('',#7233,#7234);
#7233 = CARTESIAN_POINT('',(2.,46.));
#7234 = VECTOR('',#7235,1.);
#7235 = DIRECTION('',(0.,1.));
#7236 = ( GEOMETRIC_REPRESENTATION_CONTEXT(2) 
PARAMETRIC_REPRESENTATION_CONTEXT() REPRESENTATION_CONTEXT('2D SPACE',''
  ) );
#7237 = PCURVE('',#7238,#7243);
#7238 = PLANE('',#7239);
#7239 = AXIS2_PLACEMENT_3D('',#7240,#7241,#7242);
#7240 = CARTESIAN_POINT('',(97.,-71.,50.));
#7241 = DIRECTION('',(0.,0.,1.));
#7242 = DIRECTION('',(1.,0.,0.));
#7243 = DEFINITIONAL_REPRESENTATION('',(#7244),#7247);
#7244 = B_SPLINE_CURVE_WITH_KNOTS('',1,(#7245,#7246),.UNSPECIFIED.,.F.,
  .F.,(2,2),(46.,50.),.PIECEWISE_BEZIER_KNOTS.);
#7245 = CARTESIAN_POINT('',(0.,1.));
#7246 = CARTESIAN_POINT('',(4.,1.));
#7247 = ( GEOMETRIC_REPRESENTATION_CONTEXT(2) 
PARAMETRIC_REPRESENTATION_CONTEXT() REPRESENTATION_CONTEXT('2D SPACE',''
  ) );
#7248 = ORIENTED_EDGE('',*,*,#7249,.T.);
#7249 = EDGE_CURVE('',#7223,#7250,#7252,.T.);
#7250 = VERTEX_POINT('',#7251);
#7251 = CARTESIAN_POINT('',(97.,-70.,49.));
#7252 = SURFACE_CURVE('',#7253,(#7257,#7264),.PCURVE_S1.);
#7253 = LINE('',#7254,#7255);
#7254 = CARTESIAN_POINT('',(97.,-70.,-1.));
#7255 = VECTOR('',#7256,1.);
#7256 = DIRECTION('',(0.,0.,-1.));
#7257 = PCURVE('',#6131,#7258);
#7258 = DEFINITIONAL_REPRESENTATION('',(#7259),#7263);
#7259 = LINE('',#7260,#7261);
#7260 = CARTESIAN_POINT('',(-49.,92.));
#7261 = VECTOR('',#7262,1.);
#7262 = DIRECTION('',(-1.,0.));
#7263 = ( GEOMETRIC_REPRESENTATION_CONTEXT(2) 
PARAMETRIC_REPRESENTATION_CONTEXT() REPRESENTATION_CONTEXT('2D SPACE',''
  ) );
#7264 = PCURVE('',#6367,#7265);
#7265 = DEFINITIONAL_REPRESENTATION('',(#7266),#7269);
#7266 = B_SPLINE_CURVE_WITH_KNOTS('',1,(#7267,#7268),.UNSPECIFIED.,.F.,
  .F.,(2,2),(-51.,-50.),.PIECEWISE_BEZIER_KNOTS.);
#7267 = CARTESIAN_POINT('',(100.,-1.));
#7268 = CARTESIAN_POINT('',(99.,-1.));
#7269 = ( GEOMETRIC_REPRESENTATION_CONTEXT(2) 
PARAMETRIC_REPRESENTATION_CONTEXT() REPRESENTATION_CONTEXT('2D SPACE',''
  ) );
#7270 = ORIENTED_EDGE('',*,*,#7271,.T.);
#7271 = EDGE_CURVE('',#7250,#7272,#7274,.T.);
#7272 = VERTEX_POINT('',#7273);
#7273 = CARTESIAN_POINT('',(51.5,-70.,49.));
#7274 = SURFACE_CURVE('',#7275,(#7279,#7286),.PCURVE_S1.);
#7275 = LINE('',#7276,#7277);
#7276 = CARTESIAN_POINT('',(2.5,-70.,49.));
#7277 = VECTOR('',#7278,1.);
#7278 = DIRECTION('',(-1.,0.,0.));
#7279 = PCURVE('',#6131,#7280);
#7280 = DEFINITIONAL_REPRESENTATION('',(#7281),#7285);
#7281 = LINE('',#7282,#7283);
#7282 = CARTESIAN_POINT('',(1.,-2.5));
#7283 = VECTOR('',#7284,1.);
#7284 = DIRECTION('',(0.,-1.));
#7285 = ( GEOMETRIC_REPRESENTATION_CONTEXT(2) 
PARAMETRIC_REPRESENTATION_CONTEXT() REPRESENTATION_CONTEXT('2D SPACE',''
  ) );
#7286 = PCURVE('',#6607,#7287);
#7287 = DEFINITIONAL_REPRESENTATION('',(#7288),#7291);
#7288 = B_SPLINE_CURVE_WITH_KNOTS('',1,(#7289,#7290),.UNSPECIFIED.,.F.,
  .F.,(2,2),(-142.5,-2.5),.PIECEWISE_BEZIER_KNOTS.);
#7289 = CARTESIAN_POINT('',(145.,5.));
#7290 = CARTESIAN_POINT('',(5.,5.));
#7291 = ( GEOMETRIC_REPRESENTATION_CONTEXT(2) 
PARAMETRIC_REPRESENTATION_CONTEXT() REPRESENTATION_CONTEXT('2D SPACE',''
  ) );
#7292 = ORIENTED_EDGE('',*,*,#7293,.F.);
#7293 = EDGE_CURVE('',#7294,#7272,#7296,.T.);
#7294 = VERTEX_POINT('',#7295);
#7295 = CARTESIAN_POINT('',(51.5,-70.,50.));
#7296 = SURFACE_CURVE('',#7297,(#7301,#7308),.PCURVE_S1.);
#7297 = LINE('',#7298,#7299);
#7298 = CARTESIAN_POINT('',(51.5,-70.,-1.));
#7299 = VECTOR('',#7300,1.);
#7300 = DIRECTION('',(0.,0.,-1.));
#7301 = PCURVE('',#6131,#7302);
#7302 = DEFINITIONAL_REPRESENTATION('',(#7303),#7307);
#7303 = LINE('',#7304,#7305);
#7304 = CARTESIAN_POINT('',(-49.,46.5));
#7305 = VECTOR('',#7306,1.);
#7306 = DIRECTION('',(-1.,0.));
#7307 = ( GEOMETRIC_REPRESENTATION_CONTEXT(2) 
PARAMETRIC_REPRESENTATION_CONTEXT() REPRESENTATION_CONTEXT('2D SPACE',''
  ) );
#7308 = PCURVE('',#6320,#7309);
#7309 = DEFINITIONAL_REPRESENTATION('',(#7310),#7313);
#7310 = B_SPLINE_CURVE_WITH_KNOTS('',1,(#7311,#7312),.UNSPECIFIED.,.F.,
  .F.,(2,2),(-51.,-50.),.PIECEWISE_BEZIER_KNOTS.);
#7311 = CARTESIAN_POINT('',(100.,-1.));
#7312 = CARTESIAN_POINT('',(99.,-1.));
#7313 = ( GEOMETRIC_REPRESENTATION_CONTEXT(2) 
PARAMETRIC_REPRESENTATION_CONTEXT() REPRESENTATION_CONTEXT('2D SPACE',''
  ) );
#7314 = ORIENTED_EDGE('',*,*,#7315,.F.);
#7315 = EDGE_CURVE('',#7316,#7294,#7318,.T.);
#7316 = VERTEX_POINT('',#7317);
#7317 = CARTESIAN_POINT('',(47.5,-70.,50.));
#7318 = SURFACE_CURVE('',#7319,(#7323,#7330),.PCURVE_S1.);
#7319 = LINE('',#7320,#7321);
#7320 = CARTESIAN_POINT('',(26.25,-70.,50.));
#7321 = VECTOR('',#7322,1.);
#7322 = DIRECTION('',(1.,0.,0.));
#7323 = PCURVE('',#6131,#7324);
#7324 = DEFINITIONAL_REPRESENTATION('',(#7325),#7329);
#7325 = LINE('',#7326,#7327);
#7326 = CARTESIAN_POINT('',(2.,21.25));
#7327 = VECTOR('',#7328,1.);
#7328 = DIRECTION('',(0.,1.));
#7329 = ( GEOMETRIC_REPRESENTATION_CONTEXT(2) 
PARAMETRIC_REPRESENTATION_CONTEXT() REPRESENTATION_CONTEXT('2D SPACE',''
  ) );
#7330 = PCURVE('',#7331,#7336);
#7331 = PLANE('',#7332);
#7332 = AXIS2_PLACEMENT_3D('',#7333,#7334,#7335);
#7333 = CARTESIAN_POINT('',(47.5,-71.,50.));
#7334 = DIRECTION('',(0.,0.,1.));
#7335 = DIRECTION('',(1.,0.,0.));
#7336 = DEFINITIONAL_REPRESENTATION('',(#7337),#7340);
#7337 = B_SPLINE_CURVE_WITH_KNOTS('',1,(#7338,#7339),.UNSPECIFIED.,.F.,
  .F.,(2,2),(21.25,25.25),.PIECEWISE_BEZIER_KNOTS.);
#7338 = CARTESIAN_POINT('',(0.,1.));
#7339 = CARTESIAN_POINT('',(4.,1.));
#7340 = ( GEOMETRIC_REPRESENTATION_CONTEXT(2) 
PARAMETRIC_REPRESENTATION_CONTEXT() REPRESENTATION_CONTEXT('2D SPACE',''
  ) );
#7341 = ORIENTED_EDGE('',*,*,#7342,.T.);
#7342 = EDGE_CURVE('',#7316,#7343,#7345,.T.);
#7343 = VERTEX_POINT('',#7344);
#7344 = CARTESIAN_POINT('',(47.5,-70.,49.));
#7345 = SURFACE_CURVE('',#7346,(#7350,#7357),.PCURVE_S1.);
#7346 = LINE('',#7347,#7348);
#7347 = CARTESIAN_POINT('',(47.5,-70.,-1.));
#7348 = VECTOR('',#7349,1.);
#7349 = DIRECTION('',(0.,0.,-1.));
#7350 = PCURVE('',#6131,#7351);
#7351 = DEFINITIONAL_REPRESENTATION('',(#7352),#7356);
#7352 = LINE('',#7353,#7354);
#7353 = CARTESIAN_POINT('',(-49.,42.5));
#7354 = VECTOR('',#7355,1.);
#7355 = DIRECTION('',(-1.,0.));
#7356 = ( GEOMETRIC_REPRESENTATION_CONTEXT(2) 
PARAMETRIC_REPRESENTATION_CONTEXT() REPRESENTATION_CONTEXT('2D SPACE',''
  ) );
#7357 = PCURVE('',#6268,#7358);
#7358 = DEFINITIONAL_REPRESENTATION('',(#7359),#7362);
#7359 = B_SPLINE_CURVE_WITH_KNOTS('',1,(#7360,#7361),.UNSPECIFIED.,.F.,
  .F.,(2,2),(-51.,-50.),.PIECEWISE_BEZIER_KNOTS.);
#7360 = CARTESIAN_POINT('',(100.,-1.));
#7361 = CARTESIAN_POINT('',(99.,-1.));
#7362 = ( GEOMETRIC_REPRESENTATION_CONTEXT(2) 
PARAMETRIC_REPRESENTATION_CONTEXT() REPRESENTATION_CONTEXT('2D SPACE',''
  ) );
#7363 = ORIENTED_EDGE('',*,*,#7364,.T.);
#7364 = EDGE_CURVE('',#7343,#6574,#7365,.T.);
#7365 = SURFACE_CURVE('',#7366,(#7370,#7377),.PCURVE_S1.);
#7366 = LINE('',#7367,#7368);
#7367 = CARTESIAN_POINT('',(2.5,-70.,49.));
#7368 = VECTOR('',#7369,1.);
#7369 = DIRECTION('',(-1.,0.,0.));
#7370 = PCURVE('',#6131,#7371);
#7371 = DEFINITIONAL_REPRESENTATION('',(#7372),#7376);
#7372 = LINE('',#7373,#7374);
#7373 = CARTESIAN_POINT('',(1.,-2.5));
#7374 = VECTOR('',#7375,1.);
#7375 = DIRECTION('',(0.,-1.));
#7376 = ( GEOMETRIC_REPRESENTATION_CONTEXT(2) 
PARAMETRIC_REPRESENTATION_CONTEXT() REPRESENTATION_CONTEXT('2D SPACE',''
  ) );
#7377 = PCURVE('',#6607,#7378);
#7378 = DEFINITIONAL_REPRESENTATION('',(#7379),#7382);
#7379 = B_SPLINE_CURVE_WITH_KNOTS('',1,(#7380,#7381),.UNSPECIFIED.,.F.,
  .F.,(2,2),(-142.5,-2.5),.PIECEWISE_BEZIER_KNOTS.);
#7380 = CARTESIAN_POINT('',(145.,5.));
#7381 = CARTESIAN_POINT('',(5.,5.));
#7382 = ( GEOMETRIC_REPRESENTATION_CONTEXT(2) 
PARAMETRIC_REPRESENTATION_CONTEXT() REPRESENTATION_CONTEXT('2D SPACE',''
  ) );
#7383 = ORIENTED_EDGE('',*,*,#6573,.F.);
#7384 = ORIENTED_EDGE('',*,*,#7385,.F.);
#7385 = EDGE_CURVE('',#7129,#6546,#7386,.T.);
#7386 = SURFACE_CURVE('',#7387,(#7391,#7398),.PCURVE_S1.);
#7387 = LINE('',#7388,#7389);
#7388 = CARTESIAN_POINT('',(145.,-70.,52.));
#7389 = VECTOR('',#7390,1.);
#7390 = DIRECTION('',(-1.,0.,0.));
#7391 = PCURVE('',#6131,#7392);
#7392 = DEFINITIONAL_REPRESENTATION('',(#7393),#7397);
#7393 = LINE('',#7394,#7395);
#7394 = CARTESIAN_POINT('',(4.,140.));
#7395 = VECTOR('',#7396,1.);
#7396 = DIRECTION('',(0.,-1.));
#7397 = ( GEOMETRIC_REPRESENTATION_CONTEXT(2) 
PARAMETRIC_REPRESENTATION_CONTEXT() REPRESENTATION_CONTEXT('2D SPACE',''
  ) );
#7398 = PCURVE('',#6561,#7399);
#7399 = DEFINITIONAL_REPRESENTATION('',(#7400),#7404);
#7400 = LINE('',#7401,#7402);
#7401 = CARTESIAN_POINT('',(142.,2.));
#7402 = VECTOR('',#7403,1.);
#7403 = DIRECTION('',(-1.,0.));
#7404 = ( GEOMETRIC_REPRESENTATION_CONTEXT(2) 
PARAMETRIC_REPRESENTATION_CONTEXT() REPRESENTATION_CONTEXT('2D SPACE',''
  ) );
#7405 = ADVANCED_FACE('',(#7406),#6105,.T.);
#7406 = FACE_BOUND('',#7407,.T.);
#7407 = EDGE_LOOP('',(#7408,#7409,#7410,#7431));
#7408 = ORIENTED_EDGE('',*,*,#7156,.T.);
#7409 = ORIENTED_EDGE('',*,*,#6090,.F.);
#7410 = ORIENTED_EDGE('',*,*,#7411,.T.);
#7411 = EDGE_CURVE('',#6065,#7412,#7414,.T.);
#7412 = VERTEX_POINT('',#7413);
#7413 = CARTESIAN_POINT('',(145.,-64.,49.));
#7414 = SURFACE_CURVE('',#7415,(#7419,#7425),.PCURVE_S1.);
#7415 = LINE('',#7416,#7417);
#7416 = CARTESIAN_POINT('',(65.,-64.,49.));
#7417 = VECTOR('',#7418,1.);
#7418 = DIRECTION('',(-1.,0.,0.));
#7419 = PCURVE('',#6105,#7420);
#7420 = DEFINITIONAL_REPRESENTATION('',(#7421),#7424);
#7421 = B_SPLINE_CURVE_WITH_KNOTS('',1,(#7422,#7423),.UNSPECIFIED.,.F.,
  .F.,(2,2),(-82.,-68.),.PIECEWISE_BEZIER_KNOTS.);
#7422 = CARTESIAN_POINT('',(147.,11.));
#7423 = CARTESIAN_POINT('',(133.,11.));
#7424 = ( GEOMETRIC_REPRESENTATION_CONTEXT(2) 
PARAMETRIC_REPRESENTATION_CONTEXT() REPRESENTATION_CONTEXT('2D SPACE',''
  ) );
#7425 = PCURVE('',#6079,#7426);
#7426 = DEFINITIONAL_REPRESENTATION('',(#7427),#7430);
#7427 = B_SPLINE_CURVE_WITH_KNOTS('',1,(#7428,#7429),.UNSPECIFIED.,.F.,
  .F.,(2,2),(-82.,-68.),.PIECEWISE_BEZIER_KNOTS.);
#7428 = CARTESIAN_POINT('',(24.,17.));
#7429 = CARTESIAN_POINT('',(24.,3.));
#7430 = ( GEOMETRIC_REPRESENTATION_CONTEXT(2) 
PARAMETRIC_REPRESENTATION_CONTEXT() REPRESENTATION_CONTEXT('2D SPACE',''
  ) );
#7431 = ORIENTED_EDGE('',*,*,#7432,.F.);
#7432 = EDGE_CURVE('',#7127,#7412,#7433,.T.);
#7433 = SURFACE_CURVE('',#7434,(#7438,#7444),.PCURVE_S1.);
#7434 = LINE('',#7435,#7436);
#7435 = CARTESIAN_POINT('',(145.,-72.5,49.));
#7436 = VECTOR('',#7437,1.);
#7437 = DIRECTION('',(0.,1.,0.));
#7438 = PCURVE('',#6105,#7439);
#7439 = DEFINITIONAL_REPRESENTATION('',(#7440),#7443);
#7440 = B_SPLINE_CURVE_WITH_KNOTS('',1,(#7441,#7442),.UNSPECIFIED.,.F.,
  .F.,(2,2),(2.5,142.5),.PIECEWISE_BEZIER_KNOTS.);
#7441 = CARTESIAN_POINT('',(145.,5.));
#7442 = CARTESIAN_POINT('',(145.,145.));
#7443 = ( GEOMETRIC_REPRESENTATION_CONTEXT(2) 
PARAMETRIC_REPRESENTATION_CONTEXT() REPRESENTATION_CONTEXT('2D SPACE',''
  ) );
#7444 = PCURVE('',#7144,#7445);
#7445 = DEFINITIONAL_REPRESENTATION('',(#7446),#7449);
#7446 = B_SPLINE_CURVE_WITH_KNOTS('',1,(#7447,#7448),.UNSPECIFIED.,.F.,
  .F.,(2,2),(2.5,142.5),.PIECEWISE_BEZIER_KNOTS.);
#7447 = CARTESIAN_POINT('',(1.,0.));
#7448 = CARTESIAN_POINT('',(1.,-140.));
#7449 = ( GEOMETRIC_REPRESENTATION_CONTEXT(2) 
PARAMETRIC_REPRESENTATION_CONTEXT() REPRESENTATION_CONTEXT('2D SPACE',''
  ) );
#7450 = ADVANCED_FACE('',(#7451),#5767,.T.);
#7451 = FACE_BOUND('',#7452,.T.);
#7452 = EDGE_LOOP('',(#7453,#7454,#7476));
#7453 = ORIENTED_EDGE('',*,*,#6451,.T.);
#7454 = ORIENTED_EDGE('',*,*,#7455,.T.);
#7455 = EDGE_CURVE('',#6431,#5753,#7456,.T.);
#7456 = SURFACE_CURVE('',#7457,(#7462,#7469),.PCURVE_S1.);
#7457 = CIRCLE('',#7458,11.);
#7458 = AXIS2_PLACEMENT_3D('',#7459,#7460,#7461);
#7459 = CARTESIAN_POINT('',(144.,70.,45.));
#7460 = DIRECTION('',(-0.,-1.,0.));
#7461 = DIRECTION('',(-0.931540978724,0.,0.363636363636));
#7462 = PCURVE('',#5767,#7463);
#7463 = DEFINITIONAL_REPRESENTATION('',(#7464),#7468);
#7464 = CIRCLE('',#7465,11.);
#7465 = AXIS2_PLACEMENT_2D('',#7466,#7467);
#7466 = CARTESIAN_POINT('',(0.,0.));
#7467 = DIRECTION('',(0.931540978724,-0.363636363636));
#7468 = ( GEOMETRIC_REPRESENTATION_CONTEXT(2) 
PARAMETRIC_REPRESENTATION_CONTEXT() REPRESENTATION_CONTEXT('2D SPACE',''
  ) );
#7469 = PCURVE('',#5793,#7470);
#7470 = DEFINITIONAL_REPRESENTATION('',(#7471),#7475);
#7471 = LINE('',#7472,#7473);
#7472 = CARTESIAN_POINT('',(-4.340220446424,0.));
#7473 = VECTOR('',#7474,1.);
#7474 = DIRECTION('',(-1.,0.));
#7475 = ( GEOMETRIC_REPRESENTATION_CONTEXT(2) 
PARAMETRIC_REPRESENTATION_CONTEXT() REPRESENTATION_CONTEXT('2D SPACE',''
  ) );
#7476 = ORIENTED_EDGE('',*,*,#5752,.F.);
#7477 = ADVANCED_FACE('',(#7478),#6079,.T.);
#7478 = FACE_BOUND('',#7479,.T.);
#7479 = EDGE_LOOP('',(#7480,#7503,#7531,#7552,#7571,#7572));
#7480 = ORIENTED_EDGE('',*,*,#7481,.F.);
#7481 = EDGE_CURVE('',#7482,#6039,#7484,.T.);
#7482 = VERTEX_POINT('',#7483);
#7483 = CARTESIAN_POINT('',(133.,-64.,25.));
#7484 = SURFACE_CURVE('',#7485,(#7489,#7496),.PCURVE_S1.);
#7485 = LINE('',#7486,#7487);
#7486 = CARTESIAN_POINT('',(130.,-64.,25.));
#7487 = VECTOR('',#7488,1.);
#7488 = DIRECTION('',(1.,0.,0.));
#7489 = PCURVE('',#6079,#7490);
#7490 = DEFINITIONAL_REPRESENTATION('',(#7491),#7495);
#7491 = LINE('',#7492,#7493);
#7492 = CARTESIAN_POINT('',(0.,0.));
#7493 = VECTOR('',#7494,1.);
#7494 = DIRECTION('',(0.,1.));
#7495 = ( GEOMETRIC_REPRESENTATION_CONTEXT(2) 
PARAMETRIC_REPRESENTATION_CONTEXT() REPRESENTATION_CONTEXT('2D SPACE',''
  ) );
#7496 = PCURVE('',#6053,#7497);
#7497 = DEFINITIONAL_REPRESENTATION('',(#7498),#7502);
#7498 = LINE('',#7499,#7500);
#7499 = CARTESIAN_POINT('',(0.,0.));
#7500 = VECTOR('',#7501,1.);
#7501 = DIRECTION('',(1.,0.));
#7502 = ( GEOMETRIC_REPRESENTATION_CONTEXT(2) 
PARAMETRIC_REPRESENTATION_CONTEXT() REPRESENTATION_CONTEXT('2D SPACE',''
  ) );
#7503 = ORIENTED_EDGE('',*,*,#7504,.T.);
#7504 = EDGE_CURVE('',#7482,#7505,#7507,.T.);
#7505 = VERTEX_POINT('',#7506);
#7506 = CARTESIAN_POINT('',(133.,-64.,52.));
#7507 = SURFACE_CURVE('',#7508,(#7512,#7519),.PCURVE_S1.);
#7508 = LINE('',#7509,#7510);
#7509 = CARTESIAN_POINT('',(133.,-64.,25.));
#7510 = VECTOR('',#7511,1.);
#7511 = DIRECTION('',(0.,0.,1.));
#7512 = PCURVE('',#6079,#7513);
#7513 = DEFINITIONAL_REPRESENTATION('',(#7514),#7518);
#7514 = LINE('',#7515,#7516);
#7515 = CARTESIAN_POINT('',(0.,3.));
#7516 = VECTOR('',#7517,1.);
#7517 = DIRECTION('',(1.,0.));
#7518 = ( GEOMETRIC_REPRESENTATION_CONTEXT(2) 
PARAMETRIC_REPRESENTATION_CONTEXT() REPRESENTATION_CONTEXT('2D SPACE',''
  ) );
#7519 = PCURVE('',#7520,#7525);
#7520 = CYLINDRICAL_SURFACE('',#7521,3.);
#7521 = AXIS2_PLACEMENT_3D('',#7522,#7523,#7524);
#7522 = CARTESIAN_POINT('',(133.,-61.,25.));
#7523 = DIRECTION('',(0.,0.,1.));
#7524 = DIRECTION('',(-1.,-0.,0.));
#7525 = DEFINITIONAL_REPRESENTATION('',(#7526),#7530);
#7526 = LINE('',#7527,#7528);
#7527 = CARTESIAN_POINT('',(1.570796326795,0.));
#7528 = VECTOR('',#7529,1.);
#7529 = DIRECTION('',(0.,1.));
#7530 = ( GEOMETRIC_REPRESENTATION_CONTEXT(2) 
PARAMETRIC_REPRESENTATION_CONTEXT() REPRESENTATION_CONTEXT('2D SPACE',''
  ) );
#7531 = ORIENTED_EDGE('',*,*,#7532,.F.);
#7532 = EDGE_CURVE('',#7533,#7505,#7535,.T.);
#7533 = VERTEX_POINT('',#7534);
#7534 = CARTESIAN_POINT('',(145.,-64.,52.));
#7535 = SURFACE_CURVE('',#7536,(#7540,#7546),.PCURVE_S1.);
#7536 = LINE('',#7537,#7538);
#7537 = CARTESIAN_POINT('',(66.5,-64.,52.));
#7538 = VECTOR('',#7539,1.);
#7539 = DIRECTION('',(-1.,0.,0.));
#7540 = PCURVE('',#6079,#7541);
#7541 = DEFINITIONAL_REPRESENTATION('',(#7542),#7545);
#7542 = B_SPLINE_CURVE_WITH_KNOTS('',1,(#7543,#7544),.UNSPECIFIED.,.F.,
  .F.,(2,2),(-78.5,-66.5),.PIECEWISE_BEZIER_KNOTS.);
#7543 = CARTESIAN_POINT('',(27.,15.));
#7544 = CARTESIAN_POINT('',(27.,3.));
#7545 = ( GEOMETRIC_REPRESENTATION_CONTEXT(2) 
PARAMETRIC_REPRESENTATION_CONTEXT() REPRESENTATION_CONTEXT('2D SPACE',''
  ) );
#7546 = PCURVE('',#6561,#7547);
#7547 = DEFINITIONAL_REPRESENTATION('',(#7548),#7551);
#7548 = B_SPLINE_CURVE_WITH_KNOTS('',1,(#7549,#7550),.UNSPECIFIED.,.F.,
  .F.,(2,2),(-78.5,-66.5),.PIECEWISE_BEZIER_KNOTS.);
#7549 = CARTESIAN_POINT('',(142.,8.));
#7550 = CARTESIAN_POINT('',(130.,8.));
#7551 = ( GEOMETRIC_REPRESENTATION_CONTEXT(2) 
PARAMETRIC_REPRESENTATION_CONTEXT() REPRESENTATION_CONTEXT('2D SPACE',''
  ) );
#7552 = ORIENTED_EDGE('',*,*,#7553,.F.);
#7553 = EDGE_CURVE('',#7412,#7533,#7554,.T.);
#7554 = SURFACE_CURVE('',#7555,(#7559,#7565),.PCURVE_S1.);
#7555 = LINE('',#7556,#7557);
#7556 = CARTESIAN_POINT('',(145.,-64.,36.5));
#7557 = VECTOR('',#7558,1.);
#7558 = DIRECTION('',(0.,0.,1.));
#7559 = PCURVE('',#6079,#7560);
#7560 = DEFINITIONAL_REPRESENTATION('',(#7561),#7564);
#7561 = B_SPLINE_CURVE_WITH_KNOTS('',1,(#7562,#7563),.UNSPECIFIED.,.F.,
  .F.,(2,2),(12.5,15.5),.PIECEWISE_BEZIER_KNOTS.);
#7562 = CARTESIAN_POINT('',(24.,15.));
#7563 = CARTESIAN_POINT('',(27.,15.));
#7564 = ( GEOMETRIC_REPRESENTATION_CONTEXT(2) 
PARAMETRIC_REPRESENTATION_CONTEXT() REPRESENTATION_CONTEXT('2D SPACE',''
  ) );
#7565 = PCURVE('',#7144,#7566);
#7566 = DEFINITIONAL_REPRESENTATION('',(#7567),#7570);
#7567 = B_SPLINE_CURVE_WITH_KNOTS('',1,(#7568,#7569),.UNSPECIFIED.,.F.,
  .F.,(2,2),(12.5,15.5),.PIECEWISE_BEZIER_KNOTS.);
#7568 = CARTESIAN_POINT('',(1.,-6.));
#7569 = CARTESIAN_POINT('',(4.,-6.));
#7570 = ( GEOMETRIC_REPRESENTATION_CONTEXT(2) 
PARAMETRIC_REPRESENTATION_CONTEXT() REPRESENTATION_CONTEXT('2D SPACE',''
  ) );
#7571 = ORIENTED_EDGE('',*,*,#7411,.F.);
#7572 = ORIENTED_EDGE('',*,*,#6064,.F.);
#7573 = ADVANCED_FACE('',(#7574),#5793,.F.);
#7574 = FACE_BOUND('',#7575,.T.);
#7575 = EDGE_LOOP('',(#7576,#7577,#7604,#7625,#7653,#7679,#7707,#7728,
    #7754));
#7576 = ORIENTED_EDGE('',*,*,#7455,.F.);
#7577 = ORIENTED_EDGE('',*,*,#7578,.F.);
#7578 = EDGE_CURVE('',#7579,#6431,#7581,.T.);
#7579 = VERTEX_POINT('',#7580);
#7580 = CARTESIAN_POINT('',(135.51471862576,70.,52.));
#7581 = SURFACE_CURVE('',#7582,(#7587,#7593),.PCURVE_S1.);
#7582 = CIRCLE('',#7583,11.);
#7583 = AXIS2_PLACEMENT_3D('',#7584,#7585,#7586);
#7584 = CARTESIAN_POINT('',(144.,70.,45.));
#7585 = DIRECTION('',(0.,-1.,0.));
#7586 = DIRECTION('',(1.110223024625E-16,0.,-1.));
#7587 = PCURVE('',#5793,#7588);
#7588 = DEFINITIONAL_REPRESENTATION('',(#7589),#7592);
#7589 = B_SPLINE_CURVE_WITH_KNOTS('',1,(#7590,#7591),.UNSPECIFIED.,.F.,
  .F.,(2,2),(4.022613979599,4.340220446424),.PIECEWISE_BEZIER_KNOTS.);
#7590 = CARTESIAN_POINT('',(-4.022613979599,0.));
#7591 = CARTESIAN_POINT('',(-4.340220446424,0.));
#7592 = ( GEOMETRIC_REPRESENTATION_CONTEXT(2) 
PARAMETRIC_REPRESENTATION_CONTEXT() REPRESENTATION_CONTEXT('2D SPACE',''
  ) );
#7593 = PCURVE('',#6242,#7594);
#7594 = DEFINITIONAL_REPRESENTATION('',(#7595),#7603);
#7595 = ( BOUNDED_CURVE() B_SPLINE_CURVE(2,(#7596,#7597,#7598,#7599,
#7600,#7601,#7602),.UNSPECIFIED.,.T.,.F.) B_SPLINE_CURVE_WITH_KNOTS((1,2
    ,2,2,2,1),(-2.094395102393,0.,2.094395102393,4.188790204786,
6.28318530718,8.377580409573),.UNSPECIFIED.) CURVE() 
GEOMETRIC_REPRESENTATION_ITEM() RATIONAL_B_SPLINE_CURVE((1.,0.5,1.,0.5,
1.,0.5,1.)) REPRESENTATION_ITEM('') );
#7596 = CARTESIAN_POINT('',(-14.,139.));
#7597 = CARTESIAN_POINT('',(-14.,158.05255888325));
#7598 = CARTESIAN_POINT('',(2.5,148.52627944162));
#7599 = CARTESIAN_POINT('',(19.,139.));
#7600 = CARTESIAN_POINT('',(2.5,129.47372055837));
#7601 = CARTESIAN_POINT('',(-14.,119.94744111674));
#7602 = CARTESIAN_POINT('',(-14.,139.));
#7603 = ( GEOMETRIC_REPRESENTATION_CONTEXT(2) 
PARAMETRIC_REPRESENTATION_CONTEXT() REPRESENTATION_CONTEXT('2D SPACE',''
  ) );
#7604 = ORIENTED_EDGE('',*,*,#7605,.F.);
#7605 = EDGE_CURVE('',#7606,#7579,#7608,.T.);
#7606 = VERTEX_POINT('',#7607);
#7607 = CARTESIAN_POINT('',(135.51471862576,64.,52.));
#7608 = SURFACE_CURVE('',#7609,(#7613,#7619),.PCURVE_S1.);
#7609 = LINE('',#7610,#7611);
#7610 = CARTESIAN_POINT('',(135.51471862576,70.,52.));
#7611 = VECTOR('',#7612,1.);
#7612 = DIRECTION('',(0.,1.,0.));
#7613 = PCURVE('',#5793,#7614);
#7614 = DEFINITIONAL_REPRESENTATION('',(#7615),#7618);
#7615 = B_SPLINE_CURVE_WITH_KNOTS('',1,(#7616,#7617),.UNSPECIFIED.,.F.,
  .F.,(2,2),(-6.,0.),.PIECEWISE_BEZIER_KNOTS.);
#7616 = CARTESIAN_POINT('',(-4.022613979599,-6.));
#7617 = CARTESIAN_POINT('',(-4.022613979599,0.));
#7618 = ( GEOMETRIC_REPRESENTATION_CONTEXT(2) 
PARAMETRIC_REPRESENTATION_CONTEXT() REPRESENTATION_CONTEXT('2D SPACE',''
  ) );
#7619 = PCURVE('',#6561,#7620);
#7620 = DEFINITIONAL_REPRESENTATION('',(#7621),#7624);
#7621 = B_SPLINE_CURVE_WITH_KNOTS('',1,(#7622,#7623),.UNSPECIFIED.,.F.,
  .F.,(2,2),(-12.0000006,6.000000070117E-07),.PIECEWISE_BEZIER_KNOTS.);
#7622 = CARTESIAN_POINT('',(132.51471862576,129.9999994));
#7623 = CARTESIAN_POINT('',(132.51471862576,142.0000006));
#7624 = ( GEOMETRIC_REPRESENTATION_CONTEXT(2) 
PARAMETRIC_REPRESENTATION_CONTEXT() REPRESENTATION_CONTEXT('2D SPACE',''
  ) );
#7625 = ORIENTED_EDGE('',*,*,#7626,.F.);
#7626 = EDGE_CURVE('',#7627,#7606,#7629,.T.);
#7627 = VERTEX_POINT('',#7628);
#7628 = CARTESIAN_POINT('',(133.27777777777,64.,47.456410107715));
#7629 = SURFACE_CURVE('',#7630,(#7635,#7641),.PCURVE_S1.);
#7630 = CIRCLE('',#7631,11.);
#7631 = AXIS2_PLACEMENT_3D('',#7632,#7633,#7634);
#7632 = CARTESIAN_POINT('',(144.,64.,45.));
#7633 = DIRECTION('',(0.,1.,0.));
#7634 = DIRECTION('',(1.110223024625E-16,0.,-1.));
#7635 = PCURVE('',#5793,#7636);
#7636 = DEFINITIONAL_REPRESENTATION('',(#7637),#7640);
#7637 = B_SPLINE_CURVE_WITH_KNOTS('',1,(#7638,#7639),.UNSPECIFIED.,.F.,
  .F.,(2,2),(1.796005245303,2.26057132758),.PIECEWISE_BEZIER_KNOTS.);
#7638 = CARTESIAN_POINT('',(-4.487180061876,-6.));
#7639 = CARTESIAN_POINT('',(-4.022613979599,-6.));
#7640 = ( GEOMETRIC_REPRESENTATION_CONTEXT(2) 
PARAMETRIC_REPRESENTATION_CONTEXT() REPRESENTATION_CONTEXT('2D SPACE',''
  ) );
#7641 = PCURVE('',#7642,#7647);
#7642 = PLANE('',#7643);
#7643 = AXIS2_PLACEMENT_3D('',#7644,#7645,#7646);
#7644 = CARTESIAN_POINT('',(130.,64.,25.));
#7645 = DIRECTION('',(0.,1.,0.));
#7646 = DIRECTION('',(0.,0.,1.));
#7647 = DEFINITIONAL_REPRESENTATION('',(#7648),#7652);
#7648 = CIRCLE('',#7649,11.);
#7649 = AXIS2_PLACEMENT_2D('',#7650,#7651);
#7650 = CARTESIAN_POINT('',(20.,14.));
#7651 = DIRECTION('',(-1.,1.110223024625E-16));
#7652 = ( GEOMETRIC_REPRESENTATION_CONTEXT(2) 
PARAMETRIC_REPRESENTATION_CONTEXT() REPRESENTATION_CONTEXT('2D SPACE',''
  ) );
#7653 = ORIENTED_EDGE('',*,*,#7654,.F.);
#7654 = EDGE_CURVE('',#7655,#7627,#7657,.T.);
#7655 = VERTEX_POINT('',#7656);
#7656 = CARTESIAN_POINT('',(133.27777777777,58.,47.456410107715));
#7657 = SURFACE_CURVE('',#7658,(#7662,#7668),.PCURVE_S1.);
#7658 = LINE('',#7659,#7660);
#7659 = CARTESIAN_POINT('',(133.27777777777,70.,47.456410107715));
#7660 = VECTOR('',#7661,1.);
#7661 = DIRECTION('',(0.,1.,0.));
#7662 = PCURVE('',#5793,#7663);
#7663 = DEFINITIONAL_REPRESENTATION('',(#7664),#7667);
#7664 = B_SPLINE_CURVE_WITH_KNOTS('',1,(#7665,#7666),.UNSPECIFIED.,.F.,
  .F.,(2,2),(-12.,-6.),.PIECEWISE_BEZIER_KNOTS.);
#7665 = CARTESIAN_POINT('',(-4.487180061876,-12.));
#7666 = CARTESIAN_POINT('',(-4.487180061876,-6.));
#7667 = ( GEOMETRIC_REPRESENTATION_CONTEXT(2) 
PARAMETRIC_REPRESENTATION_CONTEXT() REPRESENTATION_CONTEXT('2D SPACE',''
  ) );
#7668 = PCURVE('',#7669,#7674);
#7669 = CYLINDRICAL_SURFACE('',#7670,3.);
#7670 = AXIS2_PLACEMENT_3D('',#7671,#7672,#7673);
#7671 = CARTESIAN_POINT('',(135.,70.,45.));
#7672 = DIRECTION('',(0.,1.,0.));
#7673 = DIRECTION('',(1.110223024625E-16,0.,-1.));
#7674 = DEFINITIONAL_REPRESENTATION('',(#7675),#7678);
#7675 = B_SPLINE_CURVE_WITH_KNOTS('',1,(#7676,#7677),.UNSPECIFIED.,.F.,
  .F.,(2,2),(-12.0000006,-5.9999994),.PIECEWISE_BEZIER_KNOTS.);
#7676 = CARTESIAN_POINT('',(-3.753065524576,-12.0000006));
#7677 = CARTESIAN_POINT('',(-3.753065524576,-5.9999994));
#7678 = ( GEOMETRIC_REPRESENTATION_CONTEXT(2) 
PARAMETRIC_REPRESENTATION_CONTEXT() REPRESENTATION_CONTEXT('2D SPACE',''
  ) );
#7679 = ORIENTED_EDGE('',*,*,#7680,.T.);
#7680 = EDGE_CURVE('',#7655,#7681,#7683,.T.);
#7681 = VERTEX_POINT('',#7682);
#7682 = CARTESIAN_POINT('',(133.27777777777,58.,42.543589892285));
#7683 = SURFACE_CURVE('',#7684,(#7689,#7695),.PCURVE_S1.);
#7684 = CIRCLE('',#7685,11.);
#7685 = AXIS2_PLACEMENT_3D('',#7686,#7687,#7688);
#7686 = CARTESIAN_POINT('',(144.,58.,45.));
#7687 = DIRECTION('',(0.,-1.,0.));
#7688 = DIRECTION('',(1.110223024625E-16,0.,-1.));
#7689 = PCURVE('',#5793,#7690);
#7690 = DEFINITIONAL_REPRESENTATION('',(#7691),#7694);
#7691 = B_SPLINE_CURVE_WITH_KNOTS('',1,(#7692,#7693),.UNSPECIFIED.,.F.,
  .F.,(2,2),(4.487180061876,4.937597898893),.PIECEWISE_BEZIER_KNOTS.);
#7692 = CARTESIAN_POINT('',(-4.487180061876,-12.));
#7693 = CARTESIAN_POINT('',(-4.937597898893,-12.));
#7694 = ( GEOMETRIC_REPRESENTATION_CONTEXT(2) 
PARAMETRIC_REPRESENTATION_CONTEXT() REPRESENTATION_CONTEXT('2D SPACE',''
  ) );
#7695 = PCURVE('',#7696,#7701);
#7696 = PLANE('',#7697);
#7697 = AXIS2_PLACEMENT_3D('',#7698,#7699,#7700);
#7698 = CARTESIAN_POINT('',(144.,58.,45.));
#7699 = DIRECTION('',(-0.,-1.,0.));
#7700 = DIRECTION('',(-1.,0.,-1.110223024625E-16));
#7701 = DEFINITIONAL_REPRESENTATION('',(#7702),#7706);
#7702 = CIRCLE('',#7703,11.);
#7703 = AXIS2_PLACEMENT_2D('',#7704,#7705);
#7704 = CARTESIAN_POINT('',(0.,0.));
#7705 = DIRECTION('',(0.,1.));
#7706 = ( GEOMETRIC_REPRESENTATION_CONTEXT(2) 
PARAMETRIC_REPRESENTATION_CONTEXT() REPRESENTATION_CONTEXT('2D SPACE',''
  ) );
#7707 = ORIENTED_EDGE('',*,*,#7708,.T.);
#7708 = EDGE_CURVE('',#7681,#7709,#7711,.T.);
#7709 = VERTEX_POINT('',#7710);
#7710 = CARTESIAN_POINT('',(133.27777777777,64.,42.543589892285));
#7711 = SURFACE_CURVE('',#7712,(#7716,#7722),.PCURVE_S1.);
#7712 = LINE('',#7713,#7714);
#7713 = CARTESIAN_POINT('',(133.27777777777,70.,42.543589892285));
#7714 = VECTOR('',#7715,1.);
#7715 = DIRECTION('',(0.,1.,0.));
#7716 = PCURVE('',#5793,#7717);
#7717 = DEFINITIONAL_REPRESENTATION('',(#7718),#7721);
#7718 = B_SPLINE_CURVE_WITH_KNOTS('',1,(#7719,#7720),.UNSPECIFIED.,.F.,
  .F.,(2,2),(-12.,-6.),.PIECEWISE_BEZIER_KNOTS.);
#7719 = CARTESIAN_POINT('',(-4.937597898893,-12.));
#7720 = CARTESIAN_POINT('',(-4.937597898893,-6.));
#7721 = ( GEOMETRIC_REPRESENTATION_CONTEXT(2) 
PARAMETRIC_REPRESENTATION_CONTEXT() REPRESENTATION_CONTEXT('2D SPACE',''
  ) );
#7722 = PCURVE('',#7669,#7723);
#7723 = DEFINITIONAL_REPRESENTATION('',(#7724),#7727);
#7724 = B_SPLINE_CURVE_WITH_KNOTS('',1,(#7725,#7726),.UNSPECIFIED.,.F.,
  .F.,(2,2),(-12.0000006,-5.9999994),.PIECEWISE_BEZIER_KNOTS.);
#7725 = CARTESIAN_POINT('',(-5.671712436193,-12.0000006));
#7726 = CARTESIAN_POINT('',(-5.671712436193,-5.9999994));
#7727 = ( GEOMETRIC_REPRESENTATION_CONTEXT(2) 
PARAMETRIC_REPRESENTATION_CONTEXT() REPRESENTATION_CONTEXT('2D SPACE',''
  ) );
#7728 = ORIENTED_EDGE('',*,*,#7729,.T.);
#7729 = EDGE_CURVE('',#7709,#5779,#7730,.T.);
#7730 = SURFACE_CURVE('',#7731,(#7736,#7743),.PCURVE_S1.);
#7731 = CIRCLE('',#7732,11.);
#7732 = AXIS2_PLACEMENT_3D('',#7733,#7734,#7735);
#7733 = CARTESIAN_POINT('',(144.,64.,45.));
#7734 = DIRECTION('',(0.,-1.,-0.));
#7735 = DIRECTION('',(-0.974747474747,0.,-0.223310009792));
#7736 = PCURVE('',#5793,#7737);
#7737 = DEFINITIONAL_REPRESENTATION('',(#7738),#7742);
#7738 = LINE('',#7739,#7740);
#7739 = CARTESIAN_POINT('',(-4.937597898893,-6.));
#7740 = VECTOR('',#7741,1.);
#7741 = DIRECTION('',(-1.,-0.));
#7742 = ( GEOMETRIC_REPRESENTATION_CONTEXT(2) 
PARAMETRIC_REPRESENTATION_CONTEXT() REPRESENTATION_CONTEXT('2D SPACE',''
  ) );
#7743 = PCURVE('',#5819,#7744);
#7744 = DEFINITIONAL_REPRESENTATION('',(#7745),#7753);
#7745 = ( BOUNDED_CURVE() B_SPLINE_CURVE(2,(#7746,#7747,#7748,#7749,
#7750,#7751,#7752),.UNSPECIFIED.,.T.,.F.) B_SPLINE_CURVE_WITH_KNOTS((1,2
    ,2,2,2,1),(-2.094395102393,0.,2.094395102393,4.188790204786,
6.28318530718,8.377580409573),.UNSPECIFIED.) CURVE() 
GEOMETRIC_REPRESENTATION_ITEM() RATIONAL_B_SPLINE_CURVE((1.,0.5,1.,0.5,
1.,0.5,1.)) REPRESENTATION_ITEM('') );
#7746 = CARTESIAN_POINT('',(17.543589892285,3.277777777778));
#7747 = CARTESIAN_POINT('',(-1.027843766648,7.532404888566));
#7748 = CARTESIAN_POINT('',(11.942488224391,21.488424666505));
#7749 = CARTESIAN_POINT('',(24.91282021543,35.444444444444));
#7750 = CARTESIAN_POINT('',(30.513921883324,17.233797555717));
#7751 = CARTESIAN_POINT('',(36.115023551218,-0.97684933301));
#7752 = CARTESIAN_POINT('',(17.543589892285,3.277777777778));
#7753 = ( GEOMETRIC_REPRESENTATION_CONTEXT(2) 
PARAMETRIC_REPRESENTATION_CONTEXT() REPRESENTATION_CONTEXT('2D SPACE',''
  ) );
#7754 = ORIENTED_EDGE('',*,*,#5778,.T.);
#7755 = ADVANCED_FACE('',(#7756),#6053,.T.);
#7756 = FACE_BOUND('',#7757,.T.);
#7757 = EDGE_LOOP('',(#7758,#7788,#7810,#7811,#7812));
#7758 = ORIENTED_EDGE('',*,*,#7759,.F.);
#7759 = EDGE_CURVE('',#7760,#7762,#7764,.T.);
#7760 = VERTEX_POINT('',#7761);
#7761 = CARTESIAN_POINT('',(130.,-61.,25.));
#7762 = VERTEX_POINT('',#7763);
#7763 = CARTESIAN_POINT('',(130.,-47.,25.));
#7764 = SURFACE_CURVE('',#7765,(#7769,#7776),.PCURVE_S1.);
#7765 = LINE('',#7766,#7767);
#7766 = CARTESIAN_POINT('',(130.,-64.,25.));
#7767 = VECTOR('',#7768,1.);
#7768 = DIRECTION('',(0.,1.,0.));
#7769 = PCURVE('',#6053,#7770);
#7770 = DEFINITIONAL_REPRESENTATION('',(#7771),#7775);
#7771 = LINE('',#7772,#7773);
#7772 = CARTESIAN_POINT('',(0.,0.));
#7773 = VECTOR('',#7774,1.);
#7774 = DIRECTION('',(0.,1.));
#7775 = ( GEOMETRIC_REPRESENTATION_CONTEXT(2) 
PARAMETRIC_REPRESENTATION_CONTEXT() REPRESENTATION_CONTEXT('2D SPACE',''
  ) );
#7776 = PCURVE('',#7777,#7782);
#7777 = PLANE('',#7778);
#7778 = AXIS2_PLACEMENT_3D('',#7779,#7780,#7781);
#7779 = CARTESIAN_POINT('',(130.,-64.,25.));
#7780 = DIRECTION('',(1.,0.,0.));
#7781 = DIRECTION('',(0.,0.,1.));
#7782 = DEFINITIONAL_REPRESENTATION('',(#7783),#7787);
#7783 = LINE('',#7784,#7785);
#7784 = CARTESIAN_POINT('',(0.,0.));
#7785 = VECTOR('',#7786,1.);
#7786 = DIRECTION('',(0.,-1.));
#7787 = ( GEOMETRIC_REPRESENTATION_CONTEXT(2) 
PARAMETRIC_REPRESENTATION_CONTEXT() REPRESENTATION_CONTEXT('2D SPACE',''
  ) );
#7788 = ORIENTED_EDGE('',*,*,#7789,.T.);
#7789 = EDGE_CURVE('',#7760,#7482,#7790,.T.);
#7790 = SURFACE_CURVE('',#7791,(#7796,#7803),.PCURVE_S1.);
#7791 = CIRCLE('',#7792,3.);
#7792 = AXIS2_PLACEMENT_3D('',#7793,#7794,#7795);
#7793 = CARTESIAN_POINT('',(133.,-61.,25.));
#7794 = DIRECTION('',(0.,0.,1.));
#7795 = DIRECTION('',(0.,-1.,0.));
#7796 = PCURVE('',#6053,#7797);
#7797 = DEFINITIONAL_REPRESENTATION('',(#7798),#7802);
#7798 = CIRCLE('',#7799,3.);
#7799 = AXIS2_PLACEMENT_2D('',#7800,#7801);
#7800 = CARTESIAN_POINT('',(3.,3.));
#7801 = DIRECTION('',(0.,-1.));
#7802 = ( GEOMETRIC_REPRESENTATION_CONTEXT(2) 
PARAMETRIC_REPRESENTATION_CONTEXT() REPRESENTATION_CONTEXT('2D SPACE',''
  ) );
#7803 = PCURVE('',#7520,#7804);
#7804 = DEFINITIONAL_REPRESENTATION('',(#7805),#7809);
#7805 = LINE('',#7806,#7807);
#7806 = CARTESIAN_POINT('',(-4.712388980385,0.));
#7807 = VECTOR('',#7808,1.);
#7808 = DIRECTION('',(1.,0.));
#7809 = ( GEOMETRIC_REPRESENTATION_CONTEXT(2) 
PARAMETRIC_REPRESENTATION_CONTEXT() REPRESENTATION_CONTEXT('2D SPACE',''
  ) );
#7810 = ORIENTED_EDGE('',*,*,#7481,.T.);
#7811 = ORIENTED_EDGE('',*,*,#6038,.F.);
#7812 = ORIENTED_EDGE('',*,*,#7813,.T.);
#7813 = EDGE_CURVE('',#6013,#7762,#7814,.T.);
#7814 = SURFACE_CURVE('',#7815,(#7819,#7825),.PCURVE_S1.);
#7815 = LINE('',#7816,#7817);
#7816 = CARTESIAN_POINT('',(126.5,-47.,25.));
#7817 = VECTOR('',#7818,1.);
#7818 = DIRECTION('',(-1.,0.,0.));
#7819 = PCURVE('',#6053,#7820);
#7820 = DEFINITIONAL_REPRESENTATION('',(#7821),#7824);
#7821 = B_SPLINE_CURVE_WITH_KNOTS('',1,(#7822,#7823),.UNSPECIFIED.,.F.,
  .F.,(2,2),(-43.5,-3.5),.PIECEWISE_BEZIER_KNOTS.);
#7822 = CARTESIAN_POINT('',(40.,17.));
#7823 = CARTESIAN_POINT('',(0.,17.));
#7824 = ( GEOMETRIC_REPRESENTATION_CONTEXT(2) 
PARAMETRIC_REPRESENTATION_CONTEXT() REPRESENTATION_CONTEXT('2D SPACE',''
  ) );
#7825 = PCURVE('',#6027,#7826);
#7826 = DEFINITIONAL_REPRESENTATION('',(#7827),#7830);
#7827 = B_SPLINE_CURVE_WITH_KNOTS('',1,(#7828,#7829),.UNSPECIFIED.,.F.,
  .F.,(2,2),(-43.5,-3.5),.PIECEWISE_BEZIER_KNOTS.);
#7828 = CARTESIAN_POINT('',(1.,47.));
#7829 = CARTESIAN_POINT('',(1.,7.));
#7830 = ( GEOMETRIC_REPRESENTATION_CONTEXT(2) 
PARAMETRIC_REPRESENTATION_CONTEXT() REPRESENTATION_CONTEXT('2D SPACE',''
  ) );
#7831 = ADVANCED_FACE('',(#7832),#5819,.F.);
#7832 = FACE_BOUND('',#7833,.F.);
#7833 = EDGE_LOOP('',(#7834,#7857,#7885,#7907,#7908));
#7834 = ORIENTED_EDGE('',*,*,#7835,.F.);
#7835 = EDGE_CURVE('',#7836,#5805,#7838,.T.);
#7836 = VERTEX_POINT('',#7837);
#7837 = CARTESIAN_POINT('',(133.,64.,25.));
#7838 = SURFACE_CURVE('',#7839,(#7843,#7850),.PCURVE_S1.);
#7839 = LINE('',#7840,#7841);
#7840 = CARTESIAN_POINT('',(130.,64.,25.));
#7841 = VECTOR('',#7842,1.);
#7842 = DIRECTION('',(1.,0.,0.));
#7843 = PCURVE('',#5819,#7844);
#7844 = DEFINITIONAL_REPRESENTATION('',(#7845),#7849);
#7845 = LINE('',#7846,#7847);
#7846 = CARTESIAN_POINT('',(0.,0.));
#7847 = VECTOR('',#7848,1.);
#7848 = DIRECTION('',(0.,1.));
#7849 = ( GEOMETRIC_REPRESENTATION_CONTEXT(2) 
PARAMETRIC_REPRESENTATION_CONTEXT() REPRESENTATION_CONTEXT('2D SPACE',''
  ) );
#7850 = PCURVE('',#5845,#7851);
#7851 = DEFINITIONAL_REPRESENTATION('',(#7852),#7856);
#7852 = LINE('',#7853,#7854);
#7853 = CARTESIAN_POINT('',(0.,30.));
#7854 = VECTOR('',#7855,1.);
#7855 = DIRECTION('',(1.,0.));
#7856 = ( GEOMETRIC_REPRESENTATION_CONTEXT(2) 
PARAMETRIC_REPRESENTATION_CONTEXT() REPRESENTATION_CONTEXT('2D SPACE',''
  ) );
#7857 = ORIENTED_EDGE('',*,*,#7858,.T.);
#7858 = EDGE_CURVE('',#7836,#7859,#7861,.T.);
#7859 = VERTEX_POINT('',#7860);
#7860 = CARTESIAN_POINT('',(133.,64.,42.7639320225));
#7861 = SURFACE_CURVE('',#7862,(#7866,#7873),.PCURVE_S1.);
#7862 = LINE('',#7863,#7864);
#7863 = CARTESIAN_POINT('',(133.,64.,25.));
#7864 = VECTOR('',#7865,1.);
#7865 = DIRECTION('',(0.,0.,1.));
#7866 = PCURVE('',#5819,#7867);
#7867 = DEFINITIONAL_REPRESENTATION('',(#7868),#7872);
#7868 = LINE('',#7869,#7870);
#7869 = CARTESIAN_POINT('',(0.,3.));
#7870 = VECTOR('',#7871,1.);
#7871 = DIRECTION('',(1.,0.));
#7872 = ( GEOMETRIC_REPRESENTATION_CONTEXT(2) 
PARAMETRIC_REPRESENTATION_CONTEXT() REPRESENTATION_CONTEXT('2D SPACE',''
  ) );
#7873 = PCURVE('',#7874,#7879);
#7874 = CYLINDRICAL_SURFACE('',#7875,3.);
#7875 = AXIS2_PLACEMENT_3D('',#7876,#7877,#7878);
#7876 = CARTESIAN_POINT('',(133.,61.,25.));
#7877 = DIRECTION('',(0.,0.,1.));
#7878 = DIRECTION('',(-1.,-0.,0.));
#7879 = DEFINITIONAL_REPRESENTATION('',(#7880),#7884);
#7880 = LINE('',#7881,#7882);
#7881 = CARTESIAN_POINT('',(-1.570796326795,0.));
#7882 = VECTOR('',#7883,1.);
#7883 = DIRECTION('',(-0.,1.));
#7884 = ( GEOMETRIC_REPRESENTATION_CONTEXT(2) 
PARAMETRIC_REPRESENTATION_CONTEXT() REPRESENTATION_CONTEXT('2D SPACE',''
  ) );
#7885 = ORIENTED_EDGE('',*,*,#7886,.F.);
#7886 = EDGE_CURVE('',#7709,#7859,#7887,.T.);
#7887 = SURFACE_CURVE('',#7888,(#7893,#7900),.PCURVE_S1.);
#7888 = CIRCLE('',#7889,3.);
#7889 = AXIS2_PLACEMENT_3D('',#7890,#7891,#7892);
#7890 = CARTESIAN_POINT('',(135.,64.,45.));
#7891 = DIRECTION('',(0.,1.,0.));
#7892 = DIRECTION('',(1.110223024625E-16,0.,-1.));
#7893 = PCURVE('',#5819,#7894);
#7894 = DEFINITIONAL_REPRESENTATION('',(#7895),#7899);
#7895 = CIRCLE('',#7896,3.);
#7896 = AXIS2_PLACEMENT_2D('',#7897,#7898);
#7897 = CARTESIAN_POINT('',(20.,5.));
#7898 = DIRECTION('',(-1.,1.110223024625E-16));
#7899 = ( GEOMETRIC_REPRESENTATION_CONTEXT(2) 
PARAMETRIC_REPRESENTATION_CONTEXT() REPRESENTATION_CONTEXT('2D SPACE',''
  ) );
#7900 = PCURVE('',#7669,#7901);
#7901 = DEFINITIONAL_REPRESENTATION('',(#7902),#7906);
#7902 = LINE('',#7903,#7904);
#7903 = CARTESIAN_POINT('',(-6.28318530718,-6.));
#7904 = VECTOR('',#7905,1.);
#7905 = DIRECTION('',(1.,-0.));
#7906 = ( GEOMETRIC_REPRESENTATION_CONTEXT(2) 
PARAMETRIC_REPRESENTATION_CONTEXT() REPRESENTATION_CONTEXT('2D SPACE',''
  ) );
#7907 = ORIENTED_EDGE('',*,*,#7729,.T.);
#7908 = ORIENTED_EDGE('',*,*,#5804,.F.);
#7909 = ADVANCED_FACE('',(#7910),#6027,.F.);
#7910 = FACE_BOUND('',#7911,.F.);
#7911 = EDGE_LOOP('',(#7912,#7913,#7914,#7935,#7956,#7982));
#7912 = ORIENTED_EDGE('',*,*,#6012,.F.);
#7913 = ORIENTED_EDGE('',*,*,#7813,.T.);
#7914 = ORIENTED_EDGE('',*,*,#7915,.T.);
#7915 = EDGE_CURVE('',#7762,#7916,#7918,.T.);
#7916 = VERTEX_POINT('',#7917);
#7917 = CARTESIAN_POINT('',(130.,-47.,52.));
#7918 = SURFACE_CURVE('',#7919,(#7923,#7929),.PCURVE_S1.);
#7919 = LINE('',#7920,#7921);
#7920 = CARTESIAN_POINT('',(130.,-47.,24.5));
#7921 = VECTOR('',#7922,1.);
#7922 = DIRECTION('',(0.,0.,1.));
#7923 = PCURVE('',#6027,#7924);
#7924 = DEFINITIONAL_REPRESENTATION('',(#7925),#7928);
#7925 = B_SPLINE_CURVE_WITH_KNOTS('',1,(#7926,#7927),.UNSPECIFIED.,.F.,
  .F.,(2,2),(0.5,40.5),.PIECEWISE_BEZIER_KNOTS.);
#7926 = CARTESIAN_POINT('',(1.,7.));
#7927 = CARTESIAN_POINT('',(41.,7.));
#7928 = ( GEOMETRIC_REPRESENTATION_CONTEXT(2) 
PARAMETRIC_REPRESENTATION_CONTEXT() REPRESENTATION_CONTEXT('2D SPACE',''
  ) );
#7929 = PCURVE('',#7777,#7930);
#7930 = DEFINITIONAL_REPRESENTATION('',(#7931),#7934);
#7931 = B_SPLINE_CURVE_WITH_KNOTS('',1,(#7932,#7933),.UNSPECIFIED.,.F.,
  .F.,(2,2),(0.5,40.5),.PIECEWISE_BEZIER_KNOTS.);
#7932 = CARTESIAN_POINT('',(0.,-17.));
#7933 = CARTESIAN_POINT('',(40.,-17.));
#7934 = ( GEOMETRIC_REPRESENTATION_CONTEXT(2) 
PARAMETRIC_REPRESENTATION_CONTEXT() REPRESENTATION_CONTEXT('2D SPACE',''
  ) );
#7935 = ORIENTED_EDGE('',*,*,#7936,.F.);
#7936 = EDGE_CURVE('',#7937,#7916,#7939,.T.);
#7937 = VERTEX_POINT('',#7938);
#7938 = CARTESIAN_POINT('',(140.,-47.,52.));
#7939 = SURFACE_CURVE('',#7940,(#7944,#7950),.PCURVE_S1.);
#7940 = LINE('',#7941,#7942);
#7941 = CARTESIAN_POINT('',(63.,-47.,52.));
#7942 = VECTOR('',#7943,1.);
#7943 = DIRECTION('',(-1.,0.,0.));
#7944 = PCURVE('',#6027,#7945);
#7945 = DEFINITIONAL_REPRESENTATION('',(#7946),#7949);
#7946 = B_SPLINE_CURVE_WITH_KNOTS('',1,(#7947,#7948),.UNSPECIFIED.,.F.,
  .F.,(2,2),(-82.,-67.),.PIECEWISE_BEZIER_KNOTS.);
#7947 = CARTESIAN_POINT('',(28.,22.));
#7948 = CARTESIAN_POINT('',(28.,7.));
#7949 = ( GEOMETRIC_REPRESENTATION_CONTEXT(2) 
PARAMETRIC_REPRESENTATION_CONTEXT() REPRESENTATION_CONTEXT('2D SPACE',''
  ) );
#7950 = PCURVE('',#6561,#7951);
#7951 = DEFINITIONAL_REPRESENTATION('',(#7952),#7955);
#7952 = B_SPLINE_CURVE_WITH_KNOTS('',1,(#7953,#7954),.UNSPECIFIED.,.F.,
  .F.,(2,2),(-82.,-67.),.PIECEWISE_BEZIER_KNOTS.);
#7953 = CARTESIAN_POINT('',(142.,25.));
#7954 = CARTESIAN_POINT('',(127.,25.));
#7955 = ( GEOMETRIC_REPRESENTATION_CONTEXT(2) 
PARAMETRIC_REPRESENTATION_CONTEXT() REPRESENTATION_CONTEXT('2D SPACE',''
  ) );
#7956 = ORIENTED_EDGE('',*,*,#7957,.T.);
#7957 = EDGE_CURVE('',#7937,#7958,#7960,.T.);
#7958 = VERTEX_POINT('',#7959);
#7959 = CARTESIAN_POINT('',(140.,-47.,48.));
#7960 = SURFACE_CURVE('',#7961,(#7965,#7971),.PCURVE_S1.);
#7961 = LINE('',#7962,#7963);
#7962 = CARTESIAN_POINT('',(140.,-47.,36.));
#7963 = VECTOR('',#7964,1.);
#7964 = DIRECTION('',(0.,0.,-1.));
#7965 = PCURVE('',#6027,#7966);
#7966 = DEFINITIONAL_REPRESENTATION('',(#7967),#7970);
#7967 = B_SPLINE_CURVE_WITH_KNOTS('',1,(#7968,#7969),.UNSPECIFIED.,.F.,
  .F.,(2,2),(-29.,-12.),.PIECEWISE_BEZIER_KNOTS.);
#7968 = CARTESIAN_POINT('',(41.,17.));
#7969 = CARTESIAN_POINT('',(24.,17.));
#7970 = ( GEOMETRIC_REPRESENTATION_CONTEXT(2) 
PARAMETRIC_REPRESENTATION_CONTEXT() REPRESENTATION_CONTEXT('2D SPACE',''
  ) );
#7971 = PCURVE('',#7972,#7977);
#7972 = PLANE('',#7973);
#7973 = AXIS2_PLACEMENT_3D('',#7974,#7975,#7976);
#7974 = CARTESIAN_POINT('',(140.,-57.,48.));
#7975 = DIRECTION('',(1.,0.,0.));
#7976 = DIRECTION('',(0.,0.,1.));
#7977 = DEFINITIONAL_REPRESENTATION('',(#7978),#7981);
#7978 = B_SPLINE_CURVE_WITH_KNOTS('',1,(#7979,#7980),.UNSPECIFIED.,.F.,
  .F.,(2,2),(-29.,-12.),.PIECEWISE_BEZIER_KNOTS.);
#7979 = CARTESIAN_POINT('',(17.,-10.));
#7980 = CARTESIAN_POINT('',(0.,-10.));
#7981 = ( GEOMETRIC_REPRESENTATION_CONTEXT(2) 
PARAMETRIC_REPRESENTATION_CONTEXT() REPRESENTATION_CONTEXT('2D SPACE',''
  ) );
#7982 = ORIENTED_EDGE('',*,*,#7983,.T.);
#7983 = EDGE_CURVE('',#7958,#5987,#7984,.T.);
#7984 = SURFACE_CURVE('',#7985,(#7989,#7995),.PCURVE_S1.);
#7985 = LINE('',#7986,#7987);
#7986 = CARTESIAN_POINT('',(131.5,-47.,48.));
#7987 = VECTOR('',#7988,1.);
#7988 = DIRECTION('',(1.,0.,0.));
#7989 = PCURVE('',#6027,#7990);
#7990 = DEFINITIONAL_REPRESENTATION('',(#7991),#7994);
#7991 = B_SPLINE_CURVE_WITH_KNOTS('',1,(#7992,#7993),.UNSPECIFIED.,.F.,
  .F.,(2,2),(8.5,28.5),.PIECEWISE_BEZIER_KNOTS.);
#7992 = CARTESIAN_POINT('',(24.,17.));
#7993 = CARTESIAN_POINT('',(24.,37.));
#7994 = ( GEOMETRIC_REPRESENTATION_CONTEXT(2) 
PARAMETRIC_REPRESENTATION_CONTEXT() REPRESENTATION_CONTEXT('2D SPACE',''
  ) );
#7995 = PCURVE('',#6001,#7996);
#7996 = DEFINITIONAL_REPRESENTATION('',(#7997),#8000);
#7997 = B_SPLINE_CURVE_WITH_KNOTS('',1,(#7998,#7999),.UNSPECIFIED.,.F.,
  .F.,(2,2),(8.5,28.5),.PIECEWISE_BEZIER_KNOTS.);
#7998 = CARTESIAN_POINT('',(0.,10.));
#7999 = CARTESIAN_POINT('',(20.,10.));
#8000 = ( GEOMETRIC_REPRESENTATION_CONTEXT(2) 
PARAMETRIC_REPRESENTATION_CONTEXT() REPRESENTATION_CONTEXT('2D SPACE',''
  ) );
#8001 = ADVANCED_FACE('',(#8002),#5845,.T.);
#8002 = FACE_BOUND('',#8003,.T.);
#8003 = EDGE_LOOP('',(#8004,#8034,#8053,#8054,#8055));
#8004 = ORIENTED_EDGE('',*,*,#8005,.F.);
#8005 = EDGE_CURVE('',#8006,#8008,#8010,.T.);
#8006 = VERTEX_POINT('',#8007);
#8007 = CARTESIAN_POINT('',(130.,47.,25.));
#8008 = VERTEX_POINT('',#8009);
#8009 = CARTESIAN_POINT('',(130.,61.,25.));
#8010 = SURFACE_CURVE('',#8011,(#8015,#8022),.PCURVE_S1.);
#8011 = LINE('',#8012,#8013);
#8012 = CARTESIAN_POINT('',(130.,34.,25.));
#8013 = VECTOR('',#8014,1.);
#8014 = DIRECTION('',(0.,1.,0.));
#8015 = PCURVE('',#5845,#8016);
#8016 = DEFINITIONAL_REPRESENTATION('',(#8017),#8021);
#8017 = LINE('',#8018,#8019);
#8018 = CARTESIAN_POINT('',(0.,0.));
#8019 = VECTOR('',#8020,1.);
#8020 = DIRECTION('',(0.,1.));
#8021 = ( GEOMETRIC_REPRESENTATION_CONTEXT(2) 
PARAMETRIC_REPRESENTATION_CONTEXT() REPRESENTATION_CONTEXT('2D SPACE',''
  ) );
#8022 = PCURVE('',#8023,#8028);
#8023 = PLANE('',#8024);
#8024 = AXIS2_PLACEMENT_3D('',#8025,#8026,#8027);
#8025 = CARTESIAN_POINT('',(130.,34.,25.));
#8026 = DIRECTION('',(1.,0.,0.));
#8027 = DIRECTION('',(0.,0.,1.));
#8028 = DEFINITIONAL_REPRESENTATION('',(#8029),#8033);
#8029 = LINE('',#8030,#8031);
#8030 = CARTESIAN_POINT('',(0.,0.));
#8031 = VECTOR('',#8032,1.);
#8032 = DIRECTION('',(0.,-1.));
#8033 = ( GEOMETRIC_REPRESENTATION_CONTEXT(2) 
PARAMETRIC_REPRESENTATION_CONTEXT() REPRESENTATION_CONTEXT('2D SPACE',''
  ) );
#8034 = ORIENTED_EDGE('',*,*,#8035,.F.);
#8035 = EDGE_CURVE('',#5831,#8006,#8036,.T.);
#8036 = SURFACE_CURVE('',#8037,(#8041,#8047),.PCURVE_S1.);
#8037 = LINE('',#8038,#8039);
#8038 = CARTESIAN_POINT('',(126.5,47.,25.));
#8039 = VECTOR('',#8040,1.);
#8040 = DIRECTION('',(-1.,0.,0.));
#8041 = PCURVE('',#5845,#8042);
#8042 = DEFINITIONAL_REPRESENTATION('',(#8043),#8046);
#8043 = B_SPLINE_CURVE_WITH_KNOTS('',1,(#8044,#8045),.UNSPECIFIED.,.F.,
  .F.,(2,2),(-43.5,-3.5),.PIECEWISE_BEZIER_KNOTS.);
#8044 = CARTESIAN_POINT('',(40.,13.));
#8045 = CARTESIAN_POINT('',(0.,13.));
#8046 = ( GEOMETRIC_REPRESENTATION_CONTEXT(2) 
PARAMETRIC_REPRESENTATION_CONTEXT() REPRESENTATION_CONTEXT('2D SPACE',''
  ) );
#8047 = PCURVE('',#5871,#8048);
#8048 = DEFINITIONAL_REPRESENTATION('',(#8049),#8052);
#8049 = B_SPLINE_CURVE_WITH_KNOTS('',1,(#8050,#8051),.UNSPECIFIED.,.F.,
  .F.,(2,2),(-43.5,-3.5),.PIECEWISE_BEZIER_KNOTS.);
#8050 = CARTESIAN_POINT('',(1.,47.));
#8051 = CARTESIAN_POINT('',(1.,7.));
#8052 = ( GEOMETRIC_REPRESENTATION_CONTEXT(2) 
PARAMETRIC_REPRESENTATION_CONTEXT() REPRESENTATION_CONTEXT('2D SPACE',''
  ) );
#8053 = ORIENTED_EDGE('',*,*,#5830,.F.);
#8054 = ORIENTED_EDGE('',*,*,#7835,.F.);
#8055 = ORIENTED_EDGE('',*,*,#8056,.F.);
#8056 = EDGE_CURVE('',#8008,#7836,#8057,.T.);
#8057 = SURFACE_CURVE('',#8058,(#8063,#8074),.PCURVE_S1.);
#8058 = CIRCLE('',#8059,3.);
#8059 = AXIS2_PLACEMENT_3D('',#8060,#8061,#8062);
#8060 = CARTESIAN_POINT('',(133.,61.,25.));
#8061 = DIRECTION('',(-0.,-0.,-1.));
#8062 = DIRECTION('',(0.,-1.,0.));
#8063 = PCURVE('',#5845,#8064);
#8064 = DEFINITIONAL_REPRESENTATION('',(#8065),#8073);
#8065 = ( BOUNDED_CURVE() B_SPLINE_CURVE(2,(#8066,#8067,#8068,#8069,
#8070,#8071,#8072),.UNSPECIFIED.,.T.,.F.) B_SPLINE_CURVE_WITH_KNOTS((1,2
    ,2,2,2,1),(-2.094395102393,0.,2.094395102393,4.188790204786,
6.28318530718,8.377580409573),.UNSPECIFIED.) CURVE() 
GEOMETRIC_REPRESENTATION_ITEM() RATIONAL_B_SPLINE_CURVE((1.,0.5,1.,0.5,
1.,0.5,1.)) REPRESENTATION_ITEM('') );
#8066 = CARTESIAN_POINT('',(3.,24.));
#8067 = CARTESIAN_POINT('',(-2.196152422707,24.));
#8068 = CARTESIAN_POINT('',(0.401923788647,28.5));
#8069 = CARTESIAN_POINT('',(3.,33.));
#8070 = CARTESIAN_POINT('',(5.598076211353,28.5));
#8071 = CARTESIAN_POINT('',(8.196152422707,24.));
#8072 = CARTESIAN_POINT('',(3.,24.));
#8073 = ( GEOMETRIC_REPRESENTATION_CONTEXT(2) 
PARAMETRIC_REPRESENTATION_CONTEXT() REPRESENTATION_CONTEXT('2D SPACE',''
  ) );
#8074 = PCURVE('',#7874,#8075);
#8075 = DEFINITIONAL_REPRESENTATION('',(#8076),#8080);
#8076 = LINE('',#8077,#8078);
#8077 = CARTESIAN_POINT('',(1.570796326795,-0.));
#8078 = VECTOR('',#8079,1.);
#8079 = DIRECTION('',(-1.,0.));
#8080 = ( GEOMETRIC_REPRESENTATION_CONTEXT(2) 
PARAMETRIC_REPRESENTATION_CONTEXT() REPRESENTATION_CONTEXT('2D SPACE',''
  ) );
#8081 = ADVANCED_FACE('',(#8082),#6001,.T.);
#8082 = FACE_BOUND('',#8083,.T.);
#8083 = EDGE_LOOP('',(#8084,#8107,#8108,#8109));
#8084 = ORIENTED_EDGE('',*,*,#8085,.F.);
#8085 = EDGE_CURVE('',#7958,#8086,#8088,.T.);
#8086 = VERTEX_POINT('',#8087);
#8087 = CARTESIAN_POINT('',(140.,-41.,48.));
#8088 = SURFACE_CURVE('',#8089,(#8093,#8100),.PCURVE_S1.);
#8089 = LINE('',#8090,#8091);
#8090 = CARTESIAN_POINT('',(140.,-57.,48.));
#8091 = VECTOR('',#8092,1.);
#8092 = DIRECTION('',(0.,1.,0.));
#8093 = PCURVE('',#6001,#8094);
#8094 = DEFINITIONAL_REPRESENTATION('',(#8095),#8099);
#8095 = LINE('',#8096,#8097);
#8096 = CARTESIAN_POINT('',(0.,0.));
#8097 = VECTOR('',#8098,1.);
#8098 = DIRECTION('',(0.,1.));
#8099 = ( GEOMETRIC_REPRESENTATION_CONTEXT(2) 
PARAMETRIC_REPRESENTATION_CONTEXT() REPRESENTATION_CONTEXT('2D SPACE',''
  ) );
#8100 = PCURVE('',#7972,#8101);
#8101 = DEFINITIONAL_REPRESENTATION('',(#8102),#8106);
#8102 = LINE('',#8103,#8104);
#8103 = CARTESIAN_POINT('',(0.,0.));
#8104 = VECTOR('',#8105,1.);
#8105 = DIRECTION('',(0.,-1.));
#8106 = ( GEOMETRIC_REPRESENTATION_CONTEXT(2) 
PARAMETRIC_REPRESENTATION_CONTEXT() REPRESENTATION_CONTEXT('2D SPACE',''
  ) );
#8107 = ORIENTED_EDGE('',*,*,#7983,.T.);
#8108 = ORIENTED_EDGE('',*,*,#5986,.F.);
#8109 = ORIENTED_EDGE('',*,*,#8110,.F.);
#8110 = EDGE_CURVE('',#8086,#5961,#8111,.T.);
#8111 = SURFACE_CURVE('',#8112,(#8116,#8123),.PCURVE_S1.);
#8112 = LINE('',#8113,#8114);
#8113 = CARTESIAN_POINT('',(140.,-41.,48.));
#8114 = VECTOR('',#8115,1.);
#8115 = DIRECTION('',(1.,0.,0.));
#8116 = PCURVE('',#6001,#8117);
#8117 = DEFINITIONAL_REPRESENTATION('',(#8118),#8122);
#8118 = LINE('',#8119,#8120);
#8119 = CARTESIAN_POINT('',(0.,16.));
#8120 = VECTOR('',#8121,1.);
#8121 = DIRECTION('',(1.,0.));
#8122 = ( GEOMETRIC_REPRESENTATION_CONTEXT(2) 
PARAMETRIC_REPRESENTATION_CONTEXT() REPRESENTATION_CONTEXT('2D SPACE',''
  ) );
#8123 = PCURVE('',#5975,#8124);
#8124 = DEFINITIONAL_REPRESENTATION('',(#8125),#8129);
#8125 = LINE('',#8126,#8127);
#8126 = CARTESIAN_POINT('',(0.,0.));
#8127 = VECTOR('',#8128,1.);
#8128 = DIRECTION('',(0.,1.));
#8129 = ( GEOMETRIC_REPRESENTATION_CONTEXT(2) 
PARAMETRIC_REPRESENTATION_CONTEXT() REPRESENTATION_CONTEXT('2D SPACE',''
  ) );
#8130 = ADVANCED_FACE('',(#8131,#8222),#5871,.T.);
#8131 = FACE_BOUND('',#8132,.T.);
#8132 = EDGE_LOOP('',(#8133,#8134,#8135,#8156,#8177,#8203));
#8133 = ORIENTED_EDGE('',*,*,#5856,.F.);
#8134 = ORIENTED_EDGE('',*,*,#8035,.T.);
#8135 = ORIENTED_EDGE('',*,*,#8136,.T.);
#8136 = EDGE_CURVE('',#8006,#8137,#8139,.T.);
#8137 = VERTEX_POINT('',#8138);
#8138 = CARTESIAN_POINT('',(130.,47.,52.));
#8139 = SURFACE_CURVE('',#8140,(#8144,#8150),.PCURVE_S1.);
#8140 = LINE('',#8141,#8142);
#8141 = CARTESIAN_POINT('',(130.,47.,24.5));
#8142 = VECTOR('',#8143,1.);
#8143 = DIRECTION('',(0.,0.,1.));
#8144 = PCURVE('',#5871,#8145);
#8145 = DEFINITIONAL_REPRESENTATION('',(#8146),#8149);
#8146 = B_SPLINE_CURVE_WITH_KNOTS('',1,(#8147,#8148),.UNSPECIFIED.,.F.,
  .F.,(2,2),(0.5,40.5),.PIECEWISE_BEZIER_KNOTS.);
#8147 = CARTESIAN_POINT('',(1.,7.));
#8148 = CARTESIAN_POINT('',(41.,7.));
#8149 = ( GEOMETRIC_REPRESENTATION_CONTEXT(2) 
PARAMETRIC_REPRESENTATION_CONTEXT() REPRESENTATION_CONTEXT('2D SPACE',''
  ) );
#8150 = PCURVE('',#8023,#8151);
#8151 = DEFINITIONAL_REPRESENTATION('',(#8152),#8155);
#8152 = B_SPLINE_CURVE_WITH_KNOTS('',1,(#8153,#8154),.UNSPECIFIED.,.F.,
  .F.,(2,2),(0.5,40.5),.PIECEWISE_BEZIER_KNOTS.);
#8153 = CARTESIAN_POINT('',(0.,-13.));
#8154 = CARTESIAN_POINT('',(40.,-13.));
#8155 = ( GEOMETRIC_REPRESENTATION_CONTEXT(2) 
PARAMETRIC_REPRESENTATION_CONTEXT() REPRESENTATION_CONTEXT('2D SPACE',''
  ) );
#8156 = ORIENTED_EDGE('',*,*,#8157,.F.);
#8157 = EDGE_CURVE('',#8158,#8137,#8160,.T.);
#8158 = VERTEX_POINT('',#8159);
#8159 = CARTESIAN_POINT('',(140.,47.,52.));
#8160 = SURFACE_CURVE('',#8161,(#8165,#8171),.PCURVE_S1.);
#8161 = LINE('',#8162,#8163);
#8162 = CARTESIAN_POINT('',(63.,47.,52.));
#8163 = VECTOR('',#8164,1.);
#8164 = DIRECTION('',(-1.,0.,0.));
#8165 = PCURVE('',#5871,#8166);
#8166 = DEFINITIONAL_REPRESENTATION('',(#8167),#8170);
#8167 = B_SPLINE_CURVE_WITH_KNOTS('',1,(#8168,#8169),.UNSPECIFIED.,.F.,
  .F.,(2,2),(-82.,-67.),.PIECEWISE_BEZIER_KNOTS.);
#8168 = CARTESIAN_POINT('',(28.,22.));
#8169 = CARTESIAN_POINT('',(28.,7.));
#8170 = ( GEOMETRIC_REPRESENTATION_CONTEXT(2) 
PARAMETRIC_REPRESENTATION_CONTEXT() REPRESENTATION_CONTEXT('2D SPACE',''
  ) );
#8171 = PCURVE('',#6561,#8172);
#8172 = DEFINITIONAL_REPRESENTATION('',(#8173),#8176);
#8173 = B_SPLINE_CURVE_WITH_KNOTS('',1,(#8174,#8175),.UNSPECIFIED.,.F.,
  .F.,(2,2),(-82.,-67.),.PIECEWISE_BEZIER_KNOTS.);
#8174 = CARTESIAN_POINT('',(142.,119.));
#8175 = CARTESIAN_POINT('',(127.,119.));
#8176 = ( GEOMETRIC_REPRESENTATION_CONTEXT(2) 
PARAMETRIC_REPRESENTATION_CONTEXT() REPRESENTATION_CONTEXT('2D SPACE',''
  ) );
#8177 = ORIENTED_EDGE('',*,*,#8178,.T.);
#8178 = EDGE_CURVE('',#8158,#8179,#8181,.T.);
#8179 = VERTEX_POINT('',#8180);
#8180 = CARTESIAN_POINT('',(140.,47.,48.));
#8181 = SURFACE_CURVE('',#8182,(#8186,#8192),.PCURVE_S1.);
#8182 = LINE('',#8183,#8184);
#8183 = CARTESIAN_POINT('',(140.,47.,36.));
#8184 = VECTOR('',#8185,1.);
#8185 = DIRECTION('',(0.,0.,-1.));
#8186 = PCURVE('',#5871,#8187);
#8187 = DEFINITIONAL_REPRESENTATION('',(#8188),#8191);
#8188 = B_SPLINE_CURVE_WITH_KNOTS('',1,(#8189,#8190),.UNSPECIFIED.,.F.,
  .F.,(2,2),(-29.,-12.),.PIECEWISE_BEZIER_KNOTS.);
#8189 = CARTESIAN_POINT('',(41.,17.));
#8190 = CARTESIAN_POINT('',(24.,17.));
#8191 = ( GEOMETRIC_REPRESENTATION_CONTEXT(2) 
PARAMETRIC_REPRESENTATION_CONTEXT() REPRESENTATION_CONTEXT('2D SPACE',''
  ) );
#8192 = PCURVE('',#8193,#8198);
#8193 = PLANE('',#8194);
#8194 = AXIS2_PLACEMENT_3D('',#8195,#8196,#8197);
#8195 = CARTESIAN_POINT('',(140.,41.,48.));
#8196 = DIRECTION('',(1.,0.,0.));
#8197 = DIRECTION('',(0.,0.,1.));
#8198 = DEFINITIONAL_REPRESENTATION('',(#8199),#8202);
#8199 = B_SPLINE_CURVE_WITH_KNOTS('',1,(#8200,#8201),.UNSPECIFIED.,.F.,
  .F.,(2,2),(-29.,-12.),.PIECEWISE_BEZIER_KNOTS.);
#8200 = CARTESIAN_POINT('',(17.,-6.));
#8201 = CARTESIAN_POINT('',(0.,-6.));
#8202 = ( GEOMETRIC_REPRESENTATION_CONTEXT(2) 
PARAMETRIC_REPRESENTATION_CONTEXT() REPRESENTATION_CONTEXT('2D SPACE',''
  ) );
#8203 = ORIENTED_EDGE('',*,*,#8204,.T.);
#8204 = EDGE_CURVE('',#8179,#5857,#8205,.T.);
#8205 = SURFACE_CURVE('',#8206,(#8210,#8216),.PCURVE_S1.);
#8206 = LINE('',#8207,#8208);
#8207 = CARTESIAN_POINT('',(131.5,47.,48.));
#8208 = VECTOR('',#8209,1.);
#8209 = DIRECTION('',(1.,0.,0.));
#8210 = PCURVE('',#5871,#8211);
#8211 = DEFINITIONAL_REPRESENTATION('',(#8212),#8215);
#8212 = B_SPLINE_CURVE_WITH_KNOTS('',1,(#8213,#8214),.UNSPECIFIED.,.F.,
  .F.,(2,2),(8.5,28.5),.PIECEWISE_BEZIER_KNOTS.);
#8213 = CARTESIAN_POINT('',(24.,17.));
#8214 = CARTESIAN_POINT('',(24.,37.));
#8215 = ( GEOMETRIC_REPRESENTATION_CONTEXT(2) 
PARAMETRIC_REPRESENTATION_CONTEXT() REPRESENTATION_CONTEXT('2D SPACE',''
  ) );
#8216 = PCURVE('',#5897,#8217);
#8217 = DEFINITIONAL_REPRESENTATION('',(#8218),#8221);
#8218 = B_SPLINE_CURVE_WITH_KNOTS('',1,(#8219,#8220),.UNSPECIFIED.,.F.,
  .F.,(2,2),(8.5,28.5),.PIECEWISE_BEZIER_KNOTS.);
#8219 = CARTESIAN_POINT('',(0.,6.));
#8220 = CARTESIAN_POINT('',(20.,6.));
#8221 = ( GEOMETRIC_REPRESENTATION_CONTEXT(2) 
PARAMETRIC_REPRESENTATION_CONTEXT() REPRESENTATION_CONTEXT('2D SPACE',''
  ) );
#8222 = FACE_BOUND('',#8223,.T.);
#8223 = EDGE_LOOP('',(#8224));
#8224 = ORIENTED_EDGE('',*,*,#8225,.F.);
#8225 = EDGE_CURVE('',#8226,#8226,#8228,.T.);
#8226 = VERTEX_POINT('',#8227);
#8227 = CARTESIAN_POINT('',(135.,47.,42.));
#8228 = SURFACE_CURVE('',#8229,(#8234,#8241),.PCURVE_S1.);
#8229 = CIRCLE('',#8230,3.);
#8230 = AXIS2_PLACEMENT_3D('',#8231,#8232,#8233);
#8231 = CARTESIAN_POINT('',(135.,47.,45.));
#8232 = DIRECTION('',(0.,1.,0.));
#8233 = DIRECTION('',(1.110223024625E-16,0.,-1.));
#8234 = PCURVE('',#5871,#8235);
#8235 = DEFINITIONAL_REPRESENTATION('',(#8236),#8240);
#8236 = CIRCLE('',#8237,3.);
#8237 = AXIS2_PLACEMENT_2D('',#8238,#8239);
#8238 = CARTESIAN_POINT('',(21.,12.));
#8239 = DIRECTION('',(-1.,1.110223024625E-16));
#8240 = ( GEOMETRIC_REPRESENTATION_CONTEXT(2) 
PARAMETRIC_REPRESENTATION_CONTEXT() REPRESENTATION_CONTEXT('2D SPACE',''
  ) );
#8241 = PCURVE('',#7669,#8242);
#8242 = DEFINITIONAL_REPRESENTATION('',(#8243),#8247);
#8243 = LINE('',#8244,#8245);
#8244 = CARTESIAN_POINT('',(-6.28318530718,-23.));
#8245 = VECTOR('',#8246,1.);
#8246 = DIRECTION('',(1.,-0.));
#8247 = ( GEOMETRIC_REPRESENTATION_CONTEXT(2) 
PARAMETRIC_REPRESENTATION_CONTEXT() REPRESENTATION_CONTEXT('2D SPACE',''
  ) );
#8248 = ADVANCED_FACE('',(#8249),#5975,.F.);
#8249 = FACE_BOUND('',#8250,.F.);
#8250 = EDGE_LOOP('',(#8251,#8252,#8275,#8296,#8322,#8341));
#8251 = ORIENTED_EDGE('',*,*,#8110,.F.);
#8252 = ORIENTED_EDGE('',*,*,#8253,.T.);
#8253 = EDGE_CURVE('',#8086,#8254,#8256,.T.);
#8254 = VERTEX_POINT('',#8255);
#8255 = CARTESIAN_POINT('',(140.,-41.,52.));
#8256 = SURFACE_CURVE('',#8257,(#8261,#8268),.PCURVE_S1.);
#8257 = LINE('',#8258,#8259);
#8258 = CARTESIAN_POINT('',(140.,-41.,48.));
#8259 = VECTOR('',#8260,1.);
#8260 = DIRECTION('',(0.,0.,1.));
#8261 = PCURVE('',#5975,#8262);
#8262 = DEFINITIONAL_REPRESENTATION('',(#8263),#8267);
#8263 = LINE('',#8264,#8265);
#8264 = CARTESIAN_POINT('',(0.,0.));
#8265 = VECTOR('',#8266,1.);
#8266 = DIRECTION('',(1.,0.));
#8267 = ( GEOMETRIC_REPRESENTATION_CONTEXT(2) 
PARAMETRIC_REPRESENTATION_CONTEXT() REPRESENTATION_CONTEXT('2D SPACE',''
  ) );
#8268 = PCURVE('',#7972,#8269);
#8269 = DEFINITIONAL_REPRESENTATION('',(#8270),#8274);
#8270 = LINE('',#8271,#8272);
#8271 = CARTESIAN_POINT('',(0.,-16.));
#8272 = VECTOR('',#8273,1.);
#8273 = DIRECTION('',(1.,0.));
#8274 = ( GEOMETRIC_REPRESENTATION_CONTEXT(2) 
PARAMETRIC_REPRESENTATION_CONTEXT() REPRESENTATION_CONTEXT('2D SPACE',''
  ) );
#8275 = ORIENTED_EDGE('',*,*,#8276,.F.);
#8276 = EDGE_CURVE('',#8277,#8254,#8279,.T.);
#8277 = VERTEX_POINT('',#8278);
#8278 = CARTESIAN_POINT('',(145.,-41.,52.));
#8279 = SURFACE_CURVE('',#8280,(#8284,#8290),.PCURVE_S1.);
#8280 = LINE('',#8281,#8282);
#8281 = CARTESIAN_POINT('',(71.5,-41.,52.));
#8282 = VECTOR('',#8283,1.);
#8283 = DIRECTION('',(-1.,0.,0.));
#8284 = PCURVE('',#5975,#8285);
#8285 = DEFINITIONAL_REPRESENTATION('',(#8286),#8289);
#8286 = B_SPLINE_CURVE_WITH_KNOTS('',1,(#8287,#8288),.UNSPECIFIED.,.F.,
  .F.,(2,2),(-73.5,-68.5),.PIECEWISE_BEZIER_KNOTS.);
#8287 = CARTESIAN_POINT('',(4.,5.));
#8288 = CARTESIAN_POINT('',(4.,0.));
#8289 = ( GEOMETRIC_REPRESENTATION_CONTEXT(2) 
PARAMETRIC_REPRESENTATION_CONTEXT() REPRESENTATION_CONTEXT('2D SPACE',''
  ) );
#8290 = PCURVE('',#6561,#8291);
#8291 = DEFINITIONAL_REPRESENTATION('',(#8292),#8295);
#8292 = B_SPLINE_CURVE_WITH_KNOTS('',1,(#8293,#8294),.UNSPECIFIED.,.F.,
  .F.,(2,2),(-73.5,-68.5),.PIECEWISE_BEZIER_KNOTS.);
#8293 = CARTESIAN_POINT('',(142.,31.));
#8294 = CARTESIAN_POINT('',(137.,31.));
#8295 = ( GEOMETRIC_REPRESENTATION_CONTEXT(2) 
PARAMETRIC_REPRESENTATION_CONTEXT() REPRESENTATION_CONTEXT('2D SPACE',''
  ) );
#8296 = ORIENTED_EDGE('',*,*,#8297,.F.);
#8297 = EDGE_CURVE('',#8298,#8277,#8300,.T.);
#8298 = VERTEX_POINT('',#8299);
#8299 = CARTESIAN_POINT('',(145.,-41.,49.));
#8300 = SURFACE_CURVE('',#8301,(#8305,#8311),.PCURVE_S1.);
#8301 = LINE('',#8302,#8303);
#8302 = CARTESIAN_POINT('',(145.,-41.,48.));
#8303 = VECTOR('',#8304,1.);
#8304 = DIRECTION('',(0.,0.,1.));
#8305 = PCURVE('',#5975,#8306);
#8306 = DEFINITIONAL_REPRESENTATION('',(#8307),#8310);
#8307 = B_SPLINE_CURVE_WITH_KNOTS('',1,(#8308,#8309),.UNSPECIFIED.,.F.,
  .F.,(2,2),(1.,4.),.PIECEWISE_BEZIER_KNOTS.);
#8308 = CARTESIAN_POINT('',(1.,5.));
#8309 = CARTESIAN_POINT('',(4.,5.));
#8310 = ( GEOMETRIC_REPRESENTATION_CONTEXT(2) 
PARAMETRIC_REPRESENTATION_CONTEXT() REPRESENTATION_CONTEXT('2D SPACE',''
  ) );
#8311 = PCURVE('',#8312,#8317);
#8312 = PLANE('',#8313);
#8313 = AXIS2_PLACEMENT_3D('',#8314,#8315,#8316);
#8314 = CARTESIAN_POINT('',(145.,-70.,48.));
#8315 = DIRECTION('',(1.,0.,0.));
#8316 = DIRECTION('',(0.,0.,1.));
#8317 = DEFINITIONAL_REPRESENTATION('',(#8318),#8321);
#8318 = B_SPLINE_CURVE_WITH_KNOTS('',1,(#8319,#8320),.UNSPECIFIED.,.F.,
  .F.,(2,2),(1.,4.),.PIECEWISE_BEZIER_KNOTS.);
#8319 = CARTESIAN_POINT('',(1.,-29.));
#8320 = CARTESIAN_POINT('',(4.,-29.));
#8321 = ( GEOMETRIC_REPRESENTATION_CONTEXT(2) 
PARAMETRIC_REPRESENTATION_CONTEXT() REPRESENTATION_CONTEXT('2D SPACE',''
  ) );
#8322 = ORIENTED_EDGE('',*,*,#8323,.F.);
#8323 = EDGE_CURVE('',#5935,#8298,#8324,.T.);
#8324 = SURFACE_CURVE('',#8325,(#8329,#8335),.PCURVE_S1.);
#8325 = LINE('',#8326,#8327);
#8326 = CARTESIAN_POINT('',(70.,-41.,49.));
#8327 = VECTOR('',#8328,1.);
#8328 = DIRECTION('',(-1.,0.,0.));
#8329 = PCURVE('',#5975,#8330);
#8330 = DEFINITIONAL_REPRESENTATION('',(#8331),#8334);
#8331 = B_SPLINE_CURVE_WITH_KNOTS('',1,(#8332,#8333),.UNSPECIFIED.,.F.,
  .F.,(2,2),(-77.,-70.),.PIECEWISE_BEZIER_KNOTS.);
#8332 = CARTESIAN_POINT('',(1.,7.));
#8333 = CARTESIAN_POINT('',(1.,0.));
#8334 = ( GEOMETRIC_REPRESENTATION_CONTEXT(2) 
PARAMETRIC_REPRESENTATION_CONTEXT() REPRESENTATION_CONTEXT('2D SPACE',''
  ) );
#8335 = PCURVE('',#5949,#8336);
#8336 = DEFINITIONAL_REPRESENTATION('',(#8337),#8340);
#8337 = B_SPLINE_CURVE_WITH_KNOTS('',1,(#8338,#8339),.UNSPECIFIED.,.F.,
  .F.,(2,2),(-77.,-70.),.PIECEWISE_BEZIER_KNOTS.);
#8338 = CARTESIAN_POINT('',(147.,34.));
#8339 = CARTESIAN_POINT('',(140.,34.));
#8340 = ( GEOMETRIC_REPRESENTATION_CONTEXT(2) 
PARAMETRIC_REPRESENTATION_CONTEXT() REPRESENTATION_CONTEXT('2D SPACE',''
  ) );
#8341 = ORIENTED_EDGE('',*,*,#5960,.F.);
#8342 = ADVANCED_FACE('',(#8343),#5897,.T.);
#8343 = FACE_BOUND('',#8344,.T.);
#8344 = EDGE_LOOP('',(#8345,#8368,#8389,#8390));
#8345 = ORIENTED_EDGE('',*,*,#8346,.F.);
#8346 = EDGE_CURVE('',#8347,#8179,#8349,.T.);
#8347 = VERTEX_POINT('',#8348);
#8348 = CARTESIAN_POINT('',(140.,41.,48.));
#8349 = SURFACE_CURVE('',#8350,(#8354,#8361),.PCURVE_S1.);
#8350 = LINE('',#8351,#8352);
#8351 = CARTESIAN_POINT('',(140.,41.,48.));
#8352 = VECTOR('',#8353,1.);
#8353 = DIRECTION('',(0.,1.,0.));
#8354 = PCURVE('',#5897,#8355);
#8355 = DEFINITIONAL_REPRESENTATION('',(#8356),#8360);
#8356 = LINE('',#8357,#8358);
#8357 = CARTESIAN_POINT('',(0.,0.));
#8358 = VECTOR('',#8359,1.);
#8359 = DIRECTION('',(0.,1.));
#8360 = ( GEOMETRIC_REPRESENTATION_CONTEXT(2) 
PARAMETRIC_REPRESENTATION_CONTEXT() REPRESENTATION_CONTEXT('2D SPACE',''
  ) );
#8361 = PCURVE('',#8193,#8362);
#8362 = DEFINITIONAL_REPRESENTATION('',(#8363),#8367);
#8363 = LINE('',#8364,#8365);
#8364 = CARTESIAN_POINT('',(0.,0.));
#8365 = VECTOR('',#8366,1.);
#8366 = DIRECTION('',(0.,-1.));
#8367 = ( GEOMETRIC_REPRESENTATION_CONTEXT(2) 
PARAMETRIC_REPRESENTATION_CONTEXT() REPRESENTATION_CONTEXT('2D SPACE',''
  ) );
#8368 = ORIENTED_EDGE('',*,*,#8369,.T.);
#8369 = EDGE_CURVE('',#8347,#5883,#8370,.T.);
#8370 = SURFACE_CURVE('',#8371,(#8375,#8382),.PCURVE_S1.);
#8371 = LINE('',#8372,#8373);
#8372 = CARTESIAN_POINT('',(140.,41.,48.));
#8373 = VECTOR('',#8374,1.);
#8374 = DIRECTION('',(1.,0.,0.));
#8375 = PCURVE('',#5897,#8376);
#8376 = DEFINITIONAL_REPRESENTATION('',(#8377),#8381);
#8377 = LINE('',#8378,#8379);
#8378 = CARTESIAN_POINT('',(0.,0.));
#8379 = VECTOR('',#8380,1.);
#8380 = DIRECTION('',(1.,0.));
#8381 = ( GEOMETRIC_REPRESENTATION_CONTEXT(2) 
PARAMETRIC_REPRESENTATION_CONTEXT() REPRESENTATION_CONTEXT('2D SPACE',''
  ) );
#8382 = PCURVE('',#5923,#8383);
#8383 = DEFINITIONAL_REPRESENTATION('',(#8384),#8388);
#8384 = LINE('',#8385,#8386);
#8385 = CARTESIAN_POINT('',(0.,0.));
#8386 = VECTOR('',#8387,1.);
#8387 = DIRECTION('',(0.,1.));
#8388 = ( GEOMETRIC_REPRESENTATION_CONTEXT(2) 
PARAMETRIC_REPRESENTATION_CONTEXT() REPRESENTATION_CONTEXT('2D SPACE',''
  ) );
#8389 = ORIENTED_EDGE('',*,*,#5882,.F.);
#8390 = ORIENTED_EDGE('',*,*,#8204,.F.);
#8391 = ADVANCED_FACE('',(#8392),#5949,.T.);
#8392 = FACE_BOUND('',#8393,.T.);
#8393 = EDGE_LOOP('',(#8394,#8395,#8396,#8417));
#8394 = ORIENTED_EDGE('',*,*,#8323,.F.);
#8395 = ORIENTED_EDGE('',*,*,#5934,.F.);
#8396 = ORIENTED_EDGE('',*,*,#8397,.T.);
#8397 = EDGE_CURVE('',#5909,#8398,#8400,.T.);
#8398 = VERTEX_POINT('',#8399);
#8399 = CARTESIAN_POINT('',(145.,41.,49.));
#8400 = SURFACE_CURVE('',#8401,(#8405,#8411),.PCURVE_S1.);
#8401 = LINE('',#8402,#8403);
#8402 = CARTESIAN_POINT('',(70.,41.,49.));
#8403 = VECTOR('',#8404,1.);
#8404 = DIRECTION('',(-1.,0.,0.));
#8405 = PCURVE('',#5949,#8406);
#8406 = DEFINITIONAL_REPRESENTATION('',(#8407),#8410);
#8407 = B_SPLINE_CURVE_WITH_KNOTS('',1,(#8408,#8409),.UNSPECIFIED.,.F.,
  .F.,(2,2),(-77.,-70.),.PIECEWISE_BEZIER_KNOTS.);
#8408 = CARTESIAN_POINT('',(147.,116.));
#8409 = CARTESIAN_POINT('',(140.,116.));
#8410 = ( GEOMETRIC_REPRESENTATION_CONTEXT(2) 
PARAMETRIC_REPRESENTATION_CONTEXT() REPRESENTATION_CONTEXT('2D SPACE',''
  ) );
#8411 = PCURVE('',#5923,#8412);
#8412 = DEFINITIONAL_REPRESENTATION('',(#8413),#8416);
#8413 = B_SPLINE_CURVE_WITH_KNOTS('',1,(#8414,#8415),.UNSPECIFIED.,.F.,
  .F.,(2,2),(-77.,-70.),.PIECEWISE_BEZIER_KNOTS.);
#8414 = CARTESIAN_POINT('',(1.,7.));
#8415 = CARTESIAN_POINT('',(1.,0.));
#8416 = ( GEOMETRIC_REPRESENTATION_CONTEXT(2) 
PARAMETRIC_REPRESENTATION_CONTEXT() REPRESENTATION_CONTEXT('2D SPACE',''
  ) );
#8417 = ORIENTED_EDGE('',*,*,#8418,.F.);
#8418 = EDGE_CURVE('',#8298,#8398,#8419,.T.);
#8419 = SURFACE_CURVE('',#8420,(#8424,#8430),.PCURVE_S1.);
#8420 = LINE('',#8421,#8422);
#8421 = CARTESIAN_POINT('',(145.,-72.5,49.));
#8422 = VECTOR('',#8423,1.);
#8423 = DIRECTION('',(0.,1.,0.));
#8424 = PCURVE('',#5949,#8425);
#8425 = DEFINITIONAL_REPRESENTATION('',(#8426),#8429);
#8426 = B_SPLINE_CURVE_WITH_KNOTS('',1,(#8427,#8428),.UNSPECIFIED.,.F.,
  .F.,(2,2),(2.5,142.5),.PIECEWISE_BEZIER_KNOTS.);
#8427 = CARTESIAN_POINT('',(145.,5.));
#8428 = CARTESIAN_POINT('',(145.,145.));
#8429 = ( GEOMETRIC_REPRESENTATION_CONTEXT(2) 
PARAMETRIC_REPRESENTATION_CONTEXT() REPRESENTATION_CONTEXT('2D SPACE',''
  ) );
#8430 = PCURVE('',#8312,#8431);
#8431 = DEFINITIONAL_REPRESENTATION('',(#8432),#8435);
#8432 = B_SPLINE_CURVE_WITH_KNOTS('',1,(#8433,#8434),.UNSPECIFIED.,.F.,
  .F.,(2,2),(2.5,142.5),.PIECEWISE_BEZIER_KNOTS.);
#8433 = CARTESIAN_POINT('',(1.,0.));
#8434 = CARTESIAN_POINT('',(1.,-140.));
#8435 = ( GEOMETRIC_REPRESENTATION_CONTEXT(2) 
PARAMETRIC_REPRESENTATION_CONTEXT() REPRESENTATION_CONTEXT('2D SPACE',''
  ) );
#8436 = ADVANCED_FACE('',(#8437),#5923,.T.);
#8437 = FACE_BOUND('',#8438,.T.);
#8438 = EDGE_LOOP('',(#8439,#8440,#8463,#8484,#8503,#8504));
#8439 = ORIENTED_EDGE('',*,*,#8369,.F.);
#8440 = ORIENTED_EDGE('',*,*,#8441,.T.);
#8441 = EDGE_CURVE('',#8347,#8442,#8444,.T.);
#8442 = VERTEX_POINT('',#8443);
#8443 = CARTESIAN_POINT('',(140.,41.,52.));
#8444 = SURFACE_CURVE('',#8445,(#8449,#8456),.PCURVE_S1.);
#8445 = LINE('',#8446,#8447);
#8446 = CARTESIAN_POINT('',(140.,41.,48.));
#8447 = VECTOR('',#8448,1.);
#8448 = DIRECTION('',(0.,0.,1.));
#8449 = PCURVE('',#5923,#8450);
#8450 = DEFINITIONAL_REPRESENTATION('',(#8451),#8455);
#8451 = LINE('',#8452,#8453);
#8452 = CARTESIAN_POINT('',(0.,0.));
#8453 = VECTOR('',#8454,1.);
#8454 = DIRECTION('',(1.,0.));
#8455 = ( GEOMETRIC_REPRESENTATION_CONTEXT(2) 
PARAMETRIC_REPRESENTATION_CONTEXT() REPRESENTATION_CONTEXT('2D SPACE',''
  ) );
#8456 = PCURVE('',#8193,#8457);
#8457 = DEFINITIONAL_REPRESENTATION('',(#8458),#8462);
#8458 = LINE('',#8459,#8460);
#8459 = CARTESIAN_POINT('',(0.,0.));
#8460 = VECTOR('',#8461,1.);
#8461 = DIRECTION('',(1.,0.));
#8462 = ( GEOMETRIC_REPRESENTATION_CONTEXT(2) 
PARAMETRIC_REPRESENTATION_CONTEXT() REPRESENTATION_CONTEXT('2D SPACE',''
  ) );
#8463 = ORIENTED_EDGE('',*,*,#8464,.F.);
#8464 = EDGE_CURVE('',#8465,#8442,#8467,.T.);
#8465 = VERTEX_POINT('',#8466);
#8466 = CARTESIAN_POINT('',(145.,41.,52.));
#8467 = SURFACE_CURVE('',#8468,(#8472,#8478),.PCURVE_S1.);
#8468 = LINE('',#8469,#8470);
#8469 = CARTESIAN_POINT('',(71.5,41.,52.));
#8470 = VECTOR('',#8471,1.);
#8471 = DIRECTION('',(-1.,0.,0.));
#8472 = PCURVE('',#5923,#8473);
#8473 = DEFINITIONAL_REPRESENTATION('',(#8474),#8477);
#8474 = B_SPLINE_CURVE_WITH_KNOTS('',1,(#8475,#8476),.UNSPECIFIED.,.F.,
  .F.,(2,2),(-73.5,-68.5),.PIECEWISE_BEZIER_KNOTS.);
#8475 = CARTESIAN_POINT('',(4.,5.));
#8476 = CARTESIAN_POINT('',(4.,0.));
#8477 = ( GEOMETRIC_REPRESENTATION_CONTEXT(2) 
PARAMETRIC_REPRESENTATION_CONTEXT() REPRESENTATION_CONTEXT('2D SPACE',''
  ) );
#8478 = PCURVE('',#6561,#8479);
#8479 = DEFINITIONAL_REPRESENTATION('',(#8480),#8483);
#8480 = B_SPLINE_CURVE_WITH_KNOTS('',1,(#8481,#8482),.UNSPECIFIED.,.F.,
  .F.,(2,2),(-73.5,-68.5),.PIECEWISE_BEZIER_KNOTS.);
#8481 = CARTESIAN_POINT('',(142.,113.));
#8482 = CARTESIAN_POINT('',(137.,113.));
#8483 = ( GEOMETRIC_REPRESENTATION_CONTEXT(2) 
PARAMETRIC_REPRESENTATION_CONTEXT() REPRESENTATION_CONTEXT('2D SPACE',''
  ) );
#8484 = ORIENTED_EDGE('',*,*,#8485,.F.);
#8485 = EDGE_CURVE('',#8398,#8465,#8486,.T.);
#8486 = SURFACE_CURVE('',#8487,(#8491,#8497),.PCURVE_S1.);
#8487 = LINE('',#8488,#8489);
#8488 = CARTESIAN_POINT('',(145.,41.,48.));
#8489 = VECTOR('',#8490,1.);
#8490 = DIRECTION('',(0.,0.,1.));
#8491 = PCURVE('',#5923,#8492);
#8492 = DEFINITIONAL_REPRESENTATION('',(#8493),#8496);
#8493 = B_SPLINE_CURVE_WITH_KNOTS('',1,(#8494,#8495),.UNSPECIFIED.,.F.,
  .F.,(2,2),(1.,4.),.PIECEWISE_BEZIER_KNOTS.);
#8494 = CARTESIAN_POINT('',(1.,5.));
#8495 = CARTESIAN_POINT('',(4.,5.));
#8496 = ( GEOMETRIC_REPRESENTATION_CONTEXT(2) 
PARAMETRIC_REPRESENTATION_CONTEXT() REPRESENTATION_CONTEXT('2D SPACE',''
  ) );
#8497 = PCURVE('',#8312,#8498);
#8498 = DEFINITIONAL_REPRESENTATION('',(#8499),#8502);
#8499 = B_SPLINE_CURVE_WITH_KNOTS('',1,(#8500,#8501),.UNSPECIFIED.,.F.,
  .F.,(2,2),(1.,4.),.PIECEWISE_BEZIER_KNOTS.);
#8500 = CARTESIAN_POINT('',(1.,-111.));
#8501 = CARTESIAN_POINT('',(4.,-111.));
#8502 = ( GEOMETRIC_REPRESENTATION_CONTEXT(2) 
PARAMETRIC_REPRESENTATION_CONTEXT() REPRESENTATION_CONTEXT('2D SPACE',''
  ) );
#8503 = ORIENTED_EDGE('',*,*,#8397,.F.);
#8504 = ORIENTED_EDGE('',*,*,#5908,.F.);
#8505 = ADVANCED_FACE('',(#8506),#6190,.F.);
#8506 = FACE_BOUND('',#8507,.T.);
#8507 = EDGE_LOOP('',(#8508,#8537,#8558,#8559));
#8508 = ORIENTED_EDGE('',*,*,#8509,.F.);
#8509 = EDGE_CURVE('',#8510,#8510,#8512,.T.);
#8510 = VERTEX_POINT('',#8511);
#8511 = CARTESIAN_POINT('',(144.,3.,43.));
#8512 = SURFACE_CURVE('',#8513,(#8518,#8525),.PCURVE_S1.);
#8513 = CIRCLE('',#8514,33.);
#8514 = AXIS2_PLACEMENT_3D('',#8515,#8516,#8517);
#8515 = CARTESIAN_POINT('',(144.,3.,10.));
#8516 = DIRECTION('',(1.,0.,-0.));
#8517 = DIRECTION('',(0.,1.110223024625E-16,1.));
#8518 = PCURVE('',#6190,#8519);
#8519 = DEFINITIONAL_REPRESENTATION('',(#8520),#8524);
#8520 = LINE('',#8521,#8522);
#8521 = CARTESIAN_POINT('',(-0.,0.));
#8522 = VECTOR('',#8523,1.);
#8523 = DIRECTION('',(-1.,0.));
#8524 = ( GEOMETRIC_REPRESENTATION_CONTEXT(2) 
PARAMETRIC_REPRESENTATION_CONTEXT() REPRESENTATION_CONTEXT('2D SPACE',''
  ) );
#8525 = PCURVE('',#8526,#8531);
#8526 = PLANE('',#8527);
#8527 = AXIS2_PLACEMENT_3D('',#8528,#8529,#8530);
#8528 = CARTESIAN_POINT('',(144.,3.,10.));
#8529 = DIRECTION('',(1.,0.,0.));
#8530 = DIRECTION('',(0.,-1.,1.110223024625E-16));
#8531 = DEFINITIONAL_REPRESENTATION('',(#8532),#8536);
#8532 = CIRCLE('',#8533,33.);
#8533 = AXIS2_PLACEMENT_2D('',#8534,#8535);
#8534 = CARTESIAN_POINT('',(3.944304526105E-31,-3.552713678801E-15));
#8535 = DIRECTION('',(0.,-1.));
#8536 = ( GEOMETRIC_REPRESENTATION_CONTEXT(2) 
PARAMETRIC_REPRESENTATION_CONTEXT() REPRESENTATION_CONTEXT('2D SPACE',''
  ) );
#8537 = ORIENTED_EDGE('',*,*,#8538,.T.);
#8538 = EDGE_CURVE('',#8510,#6170,#8539,.T.);
#8539 = SEAM_CURVE('',#8540,(#8544,#8551),.PCURVE_S1.);
#8540 = LINE('',#8541,#8542);
#8541 = CARTESIAN_POINT('',(144.,3.,43.));
#8542 = VECTOR('',#8543,1.);
#8543 = DIRECTION('',(1.,0.,0.));
#8544 = PCURVE('',#6190,#8545);
#8545 = DEFINITIONAL_REPRESENTATION('',(#8546),#8550);
#8546 = LINE('',#8547,#8548);
#8547 = CARTESIAN_POINT('',(-6.28318530718,0.));
#8548 = VECTOR('',#8549,1.);
#8549 = DIRECTION('',(-0.,-1.));
#8550 = ( GEOMETRIC_REPRESENTATION_CONTEXT(2) 
PARAMETRIC_REPRESENTATION_CONTEXT() REPRESENTATION_CONTEXT('2D SPACE',''
  ) );
#8551 = PCURVE('',#6190,#8552);
#8552 = DEFINITIONAL_REPRESENTATION('',(#8553),#8557);
#8553 = LINE('',#8554,#8555);
#8554 = CARTESIAN_POINT('',(-0.,0.));
#8555 = VECTOR('',#8556,1.);
#8556 = DIRECTION('',(-0.,-1.));
#8557 = ( GEOMETRIC_REPRESENTATION_CONTEXT(2) 
PARAMETRIC_REPRESENTATION_CONTEXT() REPRESENTATION_CONTEXT('2D SPACE',''
  ) );
#8558 = ORIENTED_EDGE('',*,*,#6169,.F.);
#8559 = ORIENTED_EDGE('',*,*,#8538,.F.);
#8560 = ADVANCED_FACE('',(#8561),#6242,.T.);
#8561 = FACE_BOUND('',#8562,.T.);
#8562 = EDGE_LOOP('',(#8563,#8582,#8583,#8584,#8605,#8626,#8645,#8646,
    #8667,#8688,#8707,#8708));
#8563 = ORIENTED_EDGE('',*,*,#8564,.F.);
#8564 = EDGE_CURVE('',#7579,#6525,#8565,.T.);
#8565 = SURFACE_CURVE('',#8566,(#8570,#8576),.PCURVE_S1.);
#8566 = LINE('',#8567,#8568);
#8567 = CARTESIAN_POINT('',(4.,70.,52.));
#8568 = VECTOR('',#8569,1.);
#8569 = DIRECTION('',(-1.,0.,0.));
#8570 = PCURVE('',#6242,#8571);
#8571 = DEFINITIONAL_REPRESENTATION('',(#8572),#8575);
#8572 = B_SPLINE_CURVE_WITH_KNOTS('',1,(#8573,#8574),.UNSPECIFIED.,.F.,
  .F.,(2,2),(-141.,-1.),.PIECEWISE_BEZIER_KNOTS.);
#8573 = CARTESIAN_POINT('',(4.,140.));
#8574 = CARTESIAN_POINT('',(4.,0.));
#8575 = ( GEOMETRIC_REPRESENTATION_CONTEXT(2) 
PARAMETRIC_REPRESENTATION_CONTEXT() REPRESENTATION_CONTEXT('2D SPACE',''
  ) );
#8576 = PCURVE('',#6561,#8577);
#8577 = DEFINITIONAL_REPRESENTATION('',(#8578),#8581);
#8578 = B_SPLINE_CURVE_WITH_KNOTS('',1,(#8579,#8580),.UNSPECIFIED.,.F.,
  .F.,(2,2),(-141.,-1.),.PIECEWISE_BEZIER_KNOTS.);
#8579 = CARTESIAN_POINT('',(142.,142.));
#8580 = CARTESIAN_POINT('',(2.,142.));
#8581 = ( GEOMETRIC_REPRESENTATION_CONTEXT(2) 
PARAMETRIC_REPRESENTATION_CONTEXT() REPRESENTATION_CONTEXT('2D SPACE',''
  ) );
#8582 = ORIENTED_EDGE('',*,*,#7578,.T.);
#8583 = ORIENTED_EDGE('',*,*,#6430,.T.);
#8584 = ORIENTED_EDGE('',*,*,#8585,.F.);
#8585 = EDGE_CURVE('',#8586,#6405,#8588,.T.);
#8586 = VERTEX_POINT('',#8587);
#8587 = CARTESIAN_POINT('',(101.,70.,50.));
#8588 = SURFACE_CURVE('',#8589,(#8593,#8599),.PCURVE_S1.);
#8589 = LINE('',#8590,#8591);
#8590 = CARTESIAN_POINT('',(101.,70.,-1.));
#8591 = VECTOR('',#8592,1.);
#8592 = DIRECTION('',(0.,0.,-1.));
#8593 = PCURVE('',#6242,#8594);
#8594 = DEFINITIONAL_REPRESENTATION('',(#8595),#8598);
#8595 = B_SPLINE_CURVE_WITH_KNOTS('',1,(#8596,#8597),.UNSPECIFIED.,.F.,
  .F.,(2,2),(-51.,-50.),.PIECEWISE_BEZIER_KNOTS.);
#8596 = CARTESIAN_POINT('',(2.,96.));
#8597 = CARTESIAN_POINT('',(1.,96.));
#8598 = ( GEOMETRIC_REPRESENTATION_CONTEXT(2) 
PARAMETRIC_REPRESENTATION_CONTEXT() REPRESENTATION_CONTEXT('2D SPACE',''
  ) );
#8599 = PCURVE('',#6419,#8600);
#8600 = DEFINITIONAL_REPRESENTATION('',(#8601),#8604);
#8601 = B_SPLINE_CURVE_WITH_KNOTS('',1,(#8602,#8603),.UNSPECIFIED.,.F.,
  .F.,(2,2),(-51.,-50.),.PIECEWISE_BEZIER_KNOTS.);
#8602 = CARTESIAN_POINT('',(100.,-141.));
#8603 = CARTESIAN_POINT('',(99.,-141.));
#8604 = ( GEOMETRIC_REPRESENTATION_CONTEXT(2) 
PARAMETRIC_REPRESENTATION_CONTEXT() REPRESENTATION_CONTEXT('2D SPACE',''
  ) );
#8605 = ORIENTED_EDGE('',*,*,#8606,.F.);
#8606 = EDGE_CURVE('',#8607,#8586,#8609,.T.);
#8607 = VERTEX_POINT('',#8608);
#8608 = CARTESIAN_POINT('',(97.,70.,50.));
#8609 = SURFACE_CURVE('',#8610,(#8614,#8620),.PCURVE_S1.);
#8610 = LINE('',#8611,#8612);
#8611 = CARTESIAN_POINT('',(51.,70.,50.));
#8612 = VECTOR('',#8613,1.);
#8613 = DIRECTION('',(1.,0.,0.));
#8614 = PCURVE('',#6242,#8615);
#8615 = DEFINITIONAL_REPRESENTATION('',(#8616),#8619);
#8616 = B_SPLINE_CURVE_WITH_KNOTS('',1,(#8617,#8618),.UNSPECIFIED.,.F.,
  .F.,(2,2),(46.,50.),.PIECEWISE_BEZIER_KNOTS.);
#8617 = CARTESIAN_POINT('',(2.,92.));
#8618 = CARTESIAN_POINT('',(2.,96.));
#8619 = ( GEOMETRIC_REPRESENTATION_CONTEXT(2) 
PARAMETRIC_REPRESENTATION_CONTEXT() REPRESENTATION_CONTEXT('2D SPACE',''
  ) );
#8620 = PCURVE('',#7238,#8621);
#8621 = DEFINITIONAL_REPRESENTATION('',(#8622),#8625);
#8622 = B_SPLINE_CURVE_WITH_KNOTS('',1,(#8623,#8624),.UNSPECIFIED.,.F.,
  .F.,(2,2),(46.,50.),.PIECEWISE_BEZIER_KNOTS.);
#8623 = CARTESIAN_POINT('',(0.,141.));
#8624 = CARTESIAN_POINT('',(4.,141.));
#8625 = ( GEOMETRIC_REPRESENTATION_CONTEXT(2) 
PARAMETRIC_REPRESENTATION_CONTEXT() REPRESENTATION_CONTEXT('2D SPACE',''
  ) );
#8626 = ORIENTED_EDGE('',*,*,#8627,.T.);
#8627 = EDGE_CURVE('',#8607,#6332,#8628,.T.);
#8628 = SURFACE_CURVE('',#8629,(#8633,#8639),.PCURVE_S1.);
#8629 = LINE('',#8630,#8631);
#8630 = CARTESIAN_POINT('',(97.,70.,-1.));
#8631 = VECTOR('',#8632,1.);
#8632 = DIRECTION('',(0.,0.,-1.));
#8633 = PCURVE('',#6242,#8634);
#8634 = DEFINITIONAL_REPRESENTATION('',(#8635),#8638);
#8635 = B_SPLINE_CURVE_WITH_KNOTS('',1,(#8636,#8637),.UNSPECIFIED.,.F.,
  .F.,(2,2),(-51.,-50.),.PIECEWISE_BEZIER_KNOTS.);
#8636 = CARTESIAN_POINT('',(2.,92.));
#8637 = CARTESIAN_POINT('',(1.,92.));
#8638 = ( GEOMETRIC_REPRESENTATION_CONTEXT(2) 
PARAMETRIC_REPRESENTATION_CONTEXT() REPRESENTATION_CONTEXT('2D SPACE',''
  ) );
#8639 = PCURVE('',#6367,#8640);
#8640 = DEFINITIONAL_REPRESENTATION('',(#8641),#8644);
#8641 = B_SPLINE_CURVE_WITH_KNOTS('',1,(#8642,#8643),.UNSPECIFIED.,.F.,
  .F.,(2,2),(-51.,-50.),.PIECEWISE_BEZIER_KNOTS.);
#8642 = CARTESIAN_POINT('',(100.,-141.));
#8643 = CARTESIAN_POINT('',(99.,-141.));
#8644 = ( GEOMETRIC_REPRESENTATION_CONTEXT(2) 
PARAMETRIC_REPRESENTATION_CONTEXT() REPRESENTATION_CONTEXT('2D SPACE',''
  ) );
#8645 = ORIENTED_EDGE('',*,*,#6331,.T.);
#8646 = ORIENTED_EDGE('',*,*,#8647,.F.);
#8647 = EDGE_CURVE('',#8648,#6306,#8650,.T.);
#8648 = VERTEX_POINT('',#8649);
#8649 = CARTESIAN_POINT('',(51.5,70.,50.));
#8650 = SURFACE_CURVE('',#8651,(#8655,#8661),.PCURVE_S1.);
#8651 = LINE('',#8652,#8653);
#8652 = CARTESIAN_POINT('',(51.5,70.,-1.));
#8653 = VECTOR('',#8654,1.);
#8654 = DIRECTION('',(0.,0.,-1.));
#8655 = PCURVE('',#6242,#8656);
#8656 = DEFINITIONAL_REPRESENTATION('',(#8657),#8660);
#8657 = B_SPLINE_CURVE_WITH_KNOTS('',1,(#8658,#8659),.UNSPECIFIED.,.F.,
  .F.,(2,2),(-51.,-50.),.PIECEWISE_BEZIER_KNOTS.);
#8658 = CARTESIAN_POINT('',(2.,46.5));
#8659 = CARTESIAN_POINT('',(1.,46.5));
#8660 = ( GEOMETRIC_REPRESENTATION_CONTEXT(2) 
PARAMETRIC_REPRESENTATION_CONTEXT() REPRESENTATION_CONTEXT('2D SPACE',''
  ) );
#8661 = PCURVE('',#6320,#8662);
#8662 = DEFINITIONAL_REPRESENTATION('',(#8663),#8666);
#8663 = B_SPLINE_CURVE_WITH_KNOTS('',1,(#8664,#8665),.UNSPECIFIED.,.F.,
  .F.,(2,2),(-51.,-50.),.PIECEWISE_BEZIER_KNOTS.);
#8664 = CARTESIAN_POINT('',(100.,-141.));
#8665 = CARTESIAN_POINT('',(99.,-141.));
#8666 = ( GEOMETRIC_REPRESENTATION_CONTEXT(2) 
PARAMETRIC_REPRESENTATION_CONTEXT() REPRESENTATION_CONTEXT('2D SPACE',''
  ) );
#8667 = ORIENTED_EDGE('',*,*,#8668,.F.);
#8668 = EDGE_CURVE('',#8669,#8648,#8671,.T.);
#8669 = VERTEX_POINT('',#8670);
#8670 = CARTESIAN_POINT('',(47.5,70.,50.));
#8671 = SURFACE_CURVE('',#8672,(#8676,#8682),.PCURVE_S1.);
#8672 = LINE('',#8673,#8674);
#8673 = CARTESIAN_POINT('',(26.25,70.,50.));
#8674 = VECTOR('',#8675,1.);
#8675 = DIRECTION('',(1.,0.,0.));
#8676 = PCURVE('',#6242,#8677);
#8677 = DEFINITIONAL_REPRESENTATION('',(#8678),#8681);
#8678 = B_SPLINE_CURVE_WITH_KNOTS('',1,(#8679,#8680),.UNSPECIFIED.,.F.,
  .F.,(2,2),(21.25,25.25),.PIECEWISE_BEZIER_KNOTS.);
#8679 = CARTESIAN_POINT('',(2.,42.5));
#8680 = CARTESIAN_POINT('',(2.,46.5));
#8681 = ( GEOMETRIC_REPRESENTATION_CONTEXT(2) 
PARAMETRIC_REPRESENTATION_CONTEXT() REPRESENTATION_CONTEXT('2D SPACE',''
  ) );
#8682 = PCURVE('',#7331,#8683);
#8683 = DEFINITIONAL_REPRESENTATION('',(#8684),#8687);
#8684 = B_SPLINE_CURVE_WITH_KNOTS('',1,(#8685,#8686),.UNSPECIFIED.,.F.,
  .F.,(2,2),(21.25,25.25),.PIECEWISE_BEZIER_KNOTS.);
#8685 = CARTESIAN_POINT('',(0.,141.));
#8686 = CARTESIAN_POINT('',(4.,141.));
#8687 = ( GEOMETRIC_REPRESENTATION_CONTEXT(2) 
PARAMETRIC_REPRESENTATION_CONTEXT() REPRESENTATION_CONTEXT('2D SPACE',''
  ) );
#8688 = ORIENTED_EDGE('',*,*,#8689,.T.);
#8689 = EDGE_CURVE('',#8669,#6228,#8690,.T.);
#8690 = SURFACE_CURVE('',#8691,(#8695,#8701),.PCURVE_S1.);
#8691 = LINE('',#8692,#8693);
#8692 = CARTESIAN_POINT('',(47.5,70.,-1.));
#8693 = VECTOR('',#8694,1.);
#8694 = DIRECTION('',(0.,0.,-1.));
#8695 = PCURVE('',#6242,#8696);
#8696 = DEFINITIONAL_REPRESENTATION('',(#8697),#8700);
#8697 = B_SPLINE_CURVE_WITH_KNOTS('',1,(#8698,#8699),.UNSPECIFIED.,.F.,
  .F.,(2,2),(-51.,-50.),.PIECEWISE_BEZIER_KNOTS.);
#8698 = CARTESIAN_POINT('',(2.,42.5));
#8699 = CARTESIAN_POINT('',(1.,42.5));
#8700 = ( GEOMETRIC_REPRESENTATION_CONTEXT(2) 
PARAMETRIC_REPRESENTATION_CONTEXT() REPRESENTATION_CONTEXT('2D SPACE',''
  ) );
#8701 = PCURVE('',#6268,#8702);
#8702 = DEFINITIONAL_REPRESENTATION('',(#8703),#8706);
#8703 = B_SPLINE_CURVE_WITH_KNOTS('',1,(#8704,#8705),.UNSPECIFIED.,.F.,
  .F.,(2,2),(-51.,-50.),.PIECEWISE_BEZIER_KNOTS.);
#8704 = CARTESIAN_POINT('',(100.,-141.));
#8705 = CARTESIAN_POINT('',(99.,-141.));
#8706 = ( GEOMETRIC_REPRESENTATION_CONTEXT(2) 
PARAMETRIC_REPRESENTATION_CONTEXT() REPRESENTATION_CONTEXT('2D SPACE',''
  ) );
#8707 = ORIENTED_EDGE('',*,*,#6227,.T.);
#8708 = ORIENTED_EDGE('',*,*,#6524,.F.);
#8709 = ADVANCED_FACE('',(#8710,#8930),#6419,.F.);
#8710 = FACE_BOUND('',#8711,.F.);
#8711 = EDGE_LOOP('',(#8712,#8742,#8770,#8791,#8817,#8838,#8866,#8887,
    #8888,#8889,#8910,#8911));
#8712 = ORIENTED_EDGE('',*,*,#8713,.F.);
#8713 = EDGE_CURVE('',#8714,#8716,#8718,.T.);
#8714 = VERTEX_POINT('',#8715);
#8715 = CARTESIAN_POINT('',(101.,-71.,-50.));
#8716 = VERTEX_POINT('',#8717);
#8717 = CARTESIAN_POINT('',(101.,-71.,49.));
#8718 = SURFACE_CURVE('',#8719,(#8723,#8730),.PCURVE_S1.);
#8719 = LINE('',#8720,#8721);
#8720 = CARTESIAN_POINT('',(101.,-71.,-50.));
#8721 = VECTOR('',#8722,1.);
#8722 = DIRECTION('',(0.,0.,1.));
#8723 = PCURVE('',#6419,#8724);
#8724 = DEFINITIONAL_REPRESENTATION('',(#8725),#8729);
#8725 = LINE('',#8726,#8727);
#8726 = CARTESIAN_POINT('',(0.,0.));
#8727 = VECTOR('',#8728,1.);
#8728 = DIRECTION('',(1.,0.));
#8729 = ( GEOMETRIC_REPRESENTATION_CONTEXT(2) 
PARAMETRIC_REPRESENTATION_CONTEXT() REPRESENTATION_CONTEXT('2D SPACE',''
  ) );
#8730 = PCURVE('',#8731,#8736);
#8731 = PLANE('',#8732);
#8732 = AXIS2_PLACEMENT_3D('',#8733,#8734,#8735);
#8733 = CARTESIAN_POINT('',(97.,-71.,-50.));
#8734 = DIRECTION('',(0.,1.,0.));
#8735 = DIRECTION('',(0.,0.,1.));
#8736 = DEFINITIONAL_REPRESENTATION('',(#8737),#8741);
#8737 = LINE('',#8738,#8739);
#8738 = CARTESIAN_POINT('',(0.,4.));
#8739 = VECTOR('',#8740,1.);
#8740 = DIRECTION('',(1.,0.));
#8741 = ( GEOMETRIC_REPRESENTATION_CONTEXT(2) 
PARAMETRIC_REPRESENTATION_CONTEXT() REPRESENTATION_CONTEXT('2D SPACE',''
  ) );
#8742 = ORIENTED_EDGE('',*,*,#8743,.T.);
#8743 = EDGE_CURVE('',#8714,#8744,#8746,.T.);
#8744 = VERTEX_POINT('',#8745);
#8745 = CARTESIAN_POINT('',(101.,-30.25,-50.));
#8746 = SURFACE_CURVE('',#8747,(#8751,#8758),.PCURVE_S1.);
#8747 = LINE('',#8748,#8749);
#8748 = CARTESIAN_POINT('',(101.,-71.,-50.));
#8749 = VECTOR('',#8750,1.);
#8750 = DIRECTION('',(0.,1.,0.));
#8751 = PCURVE('',#6419,#8752);
#8752 = DEFINITIONAL_REPRESENTATION('',(#8753),#8757);
#8753 = LINE('',#8754,#8755);
#8754 = CARTESIAN_POINT('',(0.,0.));
#8755 = VECTOR('',#8756,1.);
#8756 = DIRECTION('',(0.,-1.));
#8757 = ( GEOMETRIC_REPRESENTATION_CONTEXT(2) 
PARAMETRIC_REPRESENTATION_CONTEXT() REPRESENTATION_CONTEXT('2D SPACE',''
  ) );
#8758 = PCURVE('',#8759,#8764);
#8759 = PLANE('',#8760);
#8760 = AXIS2_PLACEMENT_3D('',#8761,#8762,#8763);
#8761 = CARTESIAN_POINT('',(97.,-71.,-50.));
#8762 = DIRECTION('',(0.,0.,1.));
#8763 = DIRECTION('',(1.,0.,0.));
#8764 = DEFINITIONAL_REPRESENTATION('',(#8765),#8769);
#8765 = LINE('',#8766,#8767);
#8766 = CARTESIAN_POINT('',(4.,0.));
#8767 = VECTOR('',#8768,1.);
#8768 = DIRECTION('',(0.,1.));
#8769 = ( GEOMETRIC_REPRESENTATION_CONTEXT(2) 
PARAMETRIC_REPRESENTATION_CONTEXT() REPRESENTATION_CONTEXT('2D SPACE',''
  ) );
#8770 = ORIENTED_EDGE('',*,*,#8771,.T.);
#8771 = EDGE_CURVE('',#8744,#8772,#8774,.T.);
#8772 = VERTEX_POINT('',#8773);
#8773 = CARTESIAN_POINT('',(101.,-30.25,-48.));
#8774 = SURFACE_CURVE('',#8775,(#8779,#8785),.PCURVE_S1.);
#8775 = LINE('',#8776,#8777);
#8776 = CARTESIAN_POINT('',(101.,-30.25,-51.));
#8777 = VECTOR('',#8778,1.);
#8778 = DIRECTION('',(0.,0.,1.));
#8779 = PCURVE('',#6419,#8780);
#8780 = DEFINITIONAL_REPRESENTATION('',(#8781),#8784);
#8781 = B_SPLINE_CURVE_WITH_KNOTS('',1,(#8782,#8783),.UNSPECIFIED.,.F.,
  .F.,(2,2),(1.,3.),.PIECEWISE_BEZIER_KNOTS.);
#8782 = CARTESIAN_POINT('',(0.,-40.75));
#8783 = CARTESIAN_POINT('',(2.,-40.75));
#8784 = ( GEOMETRIC_REPRESENTATION_CONTEXT(2) 
PARAMETRIC_REPRESENTATION_CONTEXT() REPRESENTATION_CONTEXT('2D SPACE',''
  ) );
#8785 = PCURVE('',#6960,#8786);
#8786 = DEFINITIONAL_REPRESENTATION('',(#8787),#8790);
#8787 = B_SPLINE_CURVE_WITH_KNOTS('',1,(#8788,#8789),.UNSPECIFIED.,.F.,
  .F.,(2,2),(1.,3.),.PIECEWISE_BEZIER_KNOTS.);
#8788 = CARTESIAN_POINT('',(2.,70.8));
#8789 = CARTESIAN_POINT('',(4.,70.8));
#8790 = ( GEOMETRIC_REPRESENTATION_CONTEXT(2) 
PARAMETRIC_REPRESENTATION_CONTEXT() REPRESENTATION_CONTEXT('2D SPACE',''
  ) );
#8791 = ORIENTED_EDGE('',*,*,#8792,.F.);
#8792 = EDGE_CURVE('',#8793,#8772,#8795,.T.);
#8793 = VERTEX_POINT('',#8794);
#8794 = CARTESIAN_POINT('',(101.,30.25,-48.));
#8795 = SURFACE_CURVE('',#8796,(#8800,#8806),.PCURVE_S1.);
#8796 = LINE('',#8797,#8798);
#8797 = CARTESIAN_POINT('',(101.,-50.625,-48.));
#8798 = VECTOR('',#8799,1.);
#8799 = DIRECTION('',(0.,-1.,0.));
#8800 = PCURVE('',#6419,#8801);
#8801 = DEFINITIONAL_REPRESENTATION('',(#8802),#8805);
#8802 = B_SPLINE_CURVE_WITH_KNOTS('',1,(#8803,#8804),.UNSPECIFIED.,.F.,
  .F.,(2,2),(-80.875,-7.625),.PIECEWISE_BEZIER_KNOTS.);
#8803 = CARTESIAN_POINT('',(2.,-101.25));
#8804 = CARTESIAN_POINT('',(2.,-28.));
#8805 = ( GEOMETRIC_REPRESENTATION_CONTEXT(2) 
PARAMETRIC_REPRESENTATION_CONTEXT() REPRESENTATION_CONTEXT('2D SPACE',''
  ) );
#8806 = PCURVE('',#8807,#8812);
#8807 = PLANE('',#8808);
#8808 = AXIS2_PLACEMENT_3D('',#8809,#8810,#8811);
#8809 = CARTESIAN_POINT('',(30.2,-30.25,-48.));
#8810 = DIRECTION('',(0.,0.,1.));
#8811 = DIRECTION('',(1.,0.,0.));
#8812 = DEFINITIONAL_REPRESENTATION('',(#8813),#8816);
#8813 = B_SPLINE_CURVE_WITH_KNOTS('',1,(#8814,#8815),.UNSPECIFIED.,.F.,
  .F.,(2,2),(-80.875,-7.625),.PIECEWISE_BEZIER_KNOTS.);
#8814 = CARTESIAN_POINT('',(70.8,60.5));
#8815 = CARTESIAN_POINT('',(70.8,-12.75));
#8816 = ( GEOMETRIC_REPRESENTATION_CONTEXT(2) 
PARAMETRIC_REPRESENTATION_CONTEXT() REPRESENTATION_CONTEXT('2D SPACE',''
  ) );
#8817 = ORIENTED_EDGE('',*,*,#8818,.F.);
#8818 = EDGE_CURVE('',#8819,#8793,#8821,.T.);
#8819 = VERTEX_POINT('',#8820);
#8820 = CARTESIAN_POINT('',(101.,30.25,-50.));
#8821 = SURFACE_CURVE('',#8822,(#8826,#8832),.PCURVE_S1.);
#8822 = LINE('',#8823,#8824);
#8823 = CARTESIAN_POINT('',(101.,30.25,-51.));
#8824 = VECTOR('',#8825,1.);
#8825 = DIRECTION('',(0.,0.,1.));
#8826 = PCURVE('',#6419,#8827);
#8827 = DEFINITIONAL_REPRESENTATION('',(#8828),#8831);
#8828 = B_SPLINE_CURVE_WITH_KNOTS('',1,(#8829,#8830),.UNSPECIFIED.,.F.,
  .F.,(2,2),(1.,3.),.PIECEWISE_BEZIER_KNOTS.);
#8829 = CARTESIAN_POINT('',(0.,-101.25));
#8830 = CARTESIAN_POINT('',(2.,-101.25));
#8831 = ( GEOMETRIC_REPRESENTATION_CONTEXT(2) 
PARAMETRIC_REPRESENTATION_CONTEXT() REPRESENTATION_CONTEXT('2D SPACE',''
  ) );
#8832 = PCURVE('',#6904,#8833);
#8833 = DEFINITIONAL_REPRESENTATION('',(#8834),#8837);
#8834 = B_SPLINE_CURVE_WITH_KNOTS('',1,(#8835,#8836),.UNSPECIFIED.,.F.,
  .F.,(2,2),(1.,3.),.PIECEWISE_BEZIER_KNOTS.);
#8835 = CARTESIAN_POINT('',(2.,70.8));
#8836 = CARTESIAN_POINT('',(4.,70.8));
#8837 = ( GEOMETRIC_REPRESENTATION_CONTEXT(2) 
PARAMETRIC_REPRESENTATION_CONTEXT() REPRESENTATION_CONTEXT('2D SPACE',''
  ) );
#8838 = ORIENTED_EDGE('',*,*,#8839,.T.);
#8839 = EDGE_CURVE('',#8819,#8840,#8842,.T.);
#8840 = VERTEX_POINT('',#8841);
#8841 = CARTESIAN_POINT('',(101.,71.,-50.));
#8842 = SURFACE_CURVE('',#8843,(#8847,#8854),.PCURVE_S1.);
#8843 = LINE('',#8844,#8845);
#8844 = CARTESIAN_POINT('',(101.,-71.,-50.));
#8845 = VECTOR('',#8846,1.);
#8846 = DIRECTION('',(0.,1.,0.));
#8847 = PCURVE('',#6419,#8848);
#8848 = DEFINITIONAL_REPRESENTATION('',(#8849),#8853);
#8849 = LINE('',#8850,#8851);
#8850 = CARTESIAN_POINT('',(0.,0.));
#8851 = VECTOR('',#8852,1.);
#8852 = DIRECTION('',(0.,-1.));
#8853 = ( GEOMETRIC_REPRESENTATION_CONTEXT(2) 
PARAMETRIC_REPRESENTATION_CONTEXT() REPRESENTATION_CONTEXT('2D SPACE',''
  ) );
#8854 = PCURVE('',#8855,#8860);
#8855 = PLANE('',#8856);
#8856 = AXIS2_PLACEMENT_3D('',#8857,#8858,#8859);
#8857 = CARTESIAN_POINT('',(97.,-71.,-50.));
#8858 = DIRECTION('',(0.,0.,1.));
#8859 = DIRECTION('',(1.,0.,0.));
#8860 = DEFINITIONAL_REPRESENTATION('',(#8861),#8865);
#8861 = LINE('',#8862,#8863);
#8862 = CARTESIAN_POINT('',(4.,0.));
#8863 = VECTOR('',#8864,1.);
#8864 = DIRECTION('',(0.,1.));
#8865 = ( GEOMETRIC_REPRESENTATION_CONTEXT(2) 
PARAMETRIC_REPRESENTATION_CONTEXT() REPRESENTATION_CONTEXT('2D SPACE',''
  ) );
#8866 = ORIENTED_EDGE('',*,*,#8867,.T.);
#8867 = EDGE_CURVE('',#8840,#6379,#8868,.T.);
#8868 = SURFACE_CURVE('',#8869,(#8873,#8880),.PCURVE_S1.);
#8869 = LINE('',#8870,#8871);
#8870 = CARTESIAN_POINT('',(101.,71.,-50.));
#8871 = VECTOR('',#8872,1.);
#8872 = DIRECTION('',(0.,0.,1.));
#8873 = PCURVE('',#6419,#8874);
#8874 = DEFINITIONAL_REPRESENTATION('',(#8875),#8879);
#8875 = LINE('',#8876,#8877);
#8876 = CARTESIAN_POINT('',(0.,-142.));
#8877 = VECTOR('',#8878,1.);
#8878 = DIRECTION('',(1.,0.));
#8879 = ( GEOMETRIC_REPRESENTATION_CONTEXT(2) 
PARAMETRIC_REPRESENTATION_CONTEXT() REPRESENTATION_CONTEXT('2D SPACE',''
  ) );
#8880 = PCURVE('',#6393,#8881);
#8881 = DEFINITIONAL_REPRESENTATION('',(#8882),#8886);
#8882 = LINE('',#8883,#8884);
#8883 = CARTESIAN_POINT('',(0.,4.));
#8884 = VECTOR('',#8885,1.);
#8885 = DIRECTION('',(1.,0.));
#8886 = ( GEOMETRIC_REPRESENTATION_CONTEXT(2) 
PARAMETRIC_REPRESENTATION_CONTEXT() REPRESENTATION_CONTEXT('2D SPACE',''
  ) );
#8887 = ORIENTED_EDGE('',*,*,#6404,.F.);
#8888 = ORIENTED_EDGE('',*,*,#8585,.F.);
#8889 = ORIENTED_EDGE('',*,*,#8890,.F.);
#8890 = EDGE_CURVE('',#7201,#8586,#8891,.T.);
#8891 = SURFACE_CURVE('',#8892,(#8896,#8903),.PCURVE_S1.);
#8892 = LINE('',#8893,#8894);
#8893 = CARTESIAN_POINT('',(101.,-71.,50.));
#8894 = VECTOR('',#8895,1.);
#8895 = DIRECTION('',(0.,1.,0.));
#8896 = PCURVE('',#6419,#8897);
#8897 = DEFINITIONAL_REPRESENTATION('',(#8898),#8902);
#8898 = LINE('',#8899,#8900);
#8899 = CARTESIAN_POINT('',(100.,0.));
#8900 = VECTOR('',#8901,1.);
#8901 = DIRECTION('',(0.,-1.));
#8902 = ( GEOMETRIC_REPRESENTATION_CONTEXT(2) 
PARAMETRIC_REPRESENTATION_CONTEXT() REPRESENTATION_CONTEXT('2D SPACE',''
  ) );
#8903 = PCURVE('',#7238,#8904);
#8904 = DEFINITIONAL_REPRESENTATION('',(#8905),#8909);
#8905 = LINE('',#8906,#8907);
#8906 = CARTESIAN_POINT('',(4.,0.));
#8907 = VECTOR('',#8908,1.);
#8908 = DIRECTION('',(0.,1.));
#8909 = ( GEOMETRIC_REPRESENTATION_CONTEXT(2) 
PARAMETRIC_REPRESENTATION_CONTEXT() REPRESENTATION_CONTEXT('2D SPACE',''
  ) );
#8910 = ORIENTED_EDGE('',*,*,#7200,.T.);
#8911 = ORIENTED_EDGE('',*,*,#8912,.F.);
#8912 = EDGE_CURVE('',#8716,#7179,#8913,.T.);
#8913 = SURFACE_CURVE('',#8914,(#8918,#8924),.PCURVE_S1.);
#8914 = LINE('',#8915,#8916);
#8915 = CARTESIAN_POINT('',(101.,-73.,49.));
#8916 = VECTOR('',#8917,1.);
#8917 = DIRECTION('',(0.,1.,0.));
#8918 = PCURVE('',#6419,#8919);
#8919 = DEFINITIONAL_REPRESENTATION('',(#8920),#8923);
#8920 = B_SPLINE_CURVE_WITH_KNOTS('',1,(#8921,#8922),.UNSPECIFIED.,.F.,
  .F.,(2,2),(2.,144.),.PIECEWISE_BEZIER_KNOTS.);
#8921 = CARTESIAN_POINT('',(99.,0.));
#8922 = CARTESIAN_POINT('',(99.,-142.));
#8923 = ( GEOMETRIC_REPRESENTATION_CONTEXT(2) 
PARAMETRIC_REPRESENTATION_CONTEXT() REPRESENTATION_CONTEXT('2D SPACE',''
  ) );
#8924 = PCURVE('',#6607,#8925);
#8925 = DEFINITIONAL_REPRESENTATION('',(#8926),#8929);
#8926 = B_SPLINE_CURVE_WITH_KNOTS('',1,(#8927,#8928),.UNSPECIFIED.,.F.,
  .F.,(2,2),(2.,144.),.PIECEWISE_BEZIER_KNOTS.);
#8927 = CARTESIAN_POINT('',(101.,4.));
#8928 = CARTESIAN_POINT('',(101.,146.));
#8929 = ( GEOMETRIC_REPRESENTATION_CONTEXT(2) 
PARAMETRIC_REPRESENTATION_CONTEXT() REPRESENTATION_CONTEXT('2D SPACE',''
  ) );
#8930 = FACE_BOUND('',#8931,.F.);
#8931 = EDGE_LOOP('',(#8932,#8960,#8986,#9012,#9038,#9064,#9090,#9116,
    #9142,#9168,#9194,#9220));
#8932 = ORIENTED_EDGE('',*,*,#8933,.F.);
#8933 = EDGE_CURVE('',#8934,#8936,#8938,.T.);
#8934 = VERTEX_POINT('',#8935);
#8935 = CARTESIAN_POINT('',(101.,20.,-23.));
#8936 = VERTEX_POINT('',#8937);
#8937 = CARTESIAN_POINT('',(101.,20.,-20.));
#8938 = SURFACE_CURVE('',#8939,(#8943,#8949),.PCURVE_S1.);
#8939 = LINE('',#8940,#8941);
#8940 = CARTESIAN_POINT('',(101.,20.,-36.5));
#8941 = VECTOR('',#8942,1.);
#8942 = DIRECTION('',(0.,0.,1.));
#8943 = PCURVE('',#6419,#8944);
#8944 = DEFINITIONAL_REPRESENTATION('',(#8945),#8948);
#8945 = B_SPLINE_CURVE_WITH_KNOTS('',1,(#8946,#8947),.UNSPECIFIED.,.F.,
  .F.,(2,2),(13.5,43.5),.PIECEWISE_BEZIER_KNOTS.);
#8946 = CARTESIAN_POINT('',(27.,-91.));
#8947 = CARTESIAN_POINT('',(57.,-91.));
#8948 = ( GEOMETRIC_REPRESENTATION_CONTEXT(2) 
PARAMETRIC_REPRESENTATION_CONTEXT() REPRESENTATION_CONTEXT('2D SPACE',''
  ) );
#8949 = PCURVE('',#8950,#8955);
#8950 = PLANE('',#8951);
#8951 = AXIS2_PLACEMENT_3D('',#8952,#8953,#8954);
#8952 = CARTESIAN_POINT('',(19.,20.,-23.));
#8953 = DIRECTION('',(0.,1.,0.));
#8954 = DIRECTION('',(0.,0.,1.));
#8955 = DEFINITIONAL_REPRESENTATION('',(#8956),#8959);
#8956 = B_SPLINE_CURVE_WITH_KNOTS('',1,(#8957,#8958),.UNSPECIFIED.,.F.,
  .F.,(2,2),(13.5,43.5),.PIECEWISE_BEZIER_KNOTS.);
#8957 = CARTESIAN_POINT('',(0.,82.));
#8958 = CARTESIAN_POINT('',(30.,82.));
#8959 = ( GEOMETRIC_REPRESENTATION_CONTEXT(2) 
PARAMETRIC_REPRESENTATION_CONTEXT() REPRESENTATION_CONTEXT('2D SPACE',''
  ) );
#8960 = ORIENTED_EDGE('',*,*,#8961,.T.);
#8961 = EDGE_CURVE('',#8934,#8962,#8964,.T.);
#8962 = VERTEX_POINT('',#8963);
#8963 = CARTESIAN_POINT('',(101.,-20.,-23.));
#8964 = SURFACE_CURVE('',#8965,(#8969,#8975),.PCURVE_S1.);
#8965 = LINE('',#8966,#8967);
#8966 = CARTESIAN_POINT('',(101.,-45.5,-23.));
#8967 = VECTOR('',#8968,1.);
#8968 = DIRECTION('',(0.,-1.,0.));
#8969 = PCURVE('',#6419,#8970);
#8970 = DEFINITIONAL_REPRESENTATION('',(#8971),#8974);
#8971 = B_SPLINE_CURVE_WITH_KNOTS('',1,(#8972,#8973),.UNSPECIFIED.,.F.,
  .F.,(2,2),(-65.5,-25.5),.PIECEWISE_BEZIER_KNOTS.);
#8972 = CARTESIAN_POINT('',(27.,-91.));
#8973 = CARTESIAN_POINT('',(27.,-51.));
#8974 = ( GEOMETRIC_REPRESENTATION_CONTEXT(2) 
PARAMETRIC_REPRESENTATION_CONTEXT() REPRESENTATION_CONTEXT('2D SPACE',''
  ) );
#8975 = PCURVE('',#8976,#8981);
#8976 = PLANE('',#8977);
#8977 = AXIS2_PLACEMENT_3D('',#8978,#8979,#8980);
#8978 = CARTESIAN_POINT('',(19.,-20.,-23.));
#8979 = DIRECTION('',(0.,0.,1.));
#8980 = DIRECTION('',(1.,0.,0.));
#8981 = DEFINITIONAL_REPRESENTATION('',(#8982),#8985);
#8982 = B_SPLINE_CURVE_WITH_KNOTS('',1,(#8983,#8984),.UNSPECIFIED.,.F.,
  .F.,(2,2),(-65.5,-25.5),.PIECEWISE_BEZIER_KNOTS.);
#8983 = CARTESIAN_POINT('',(82.,40.));
#8984 = CARTESIAN_POINT('',(82.,0.));
#8985 = ( GEOMETRIC_REPRESENTATION_CONTEXT(2) 
PARAMETRIC_REPRESENTATION_CONTEXT() REPRESENTATION_CONTEXT('2D SPACE',''
  ) );
#8986 = ORIENTED_EDGE('',*,*,#8987,.T.);
#8987 = EDGE_CURVE('',#8962,#8988,#8990,.T.);
#8988 = VERTEX_POINT('',#8989);
#8989 = CARTESIAN_POINT('',(101.,-20.,-20.));
#8990 = SURFACE_CURVE('',#8991,(#8995,#9001),.PCURVE_S1.);
#8991 = LINE('',#8992,#8993);
#8992 = CARTESIAN_POINT('',(101.,-20.,-36.5));
#8993 = VECTOR('',#8994,1.);
#8994 = DIRECTION('',(0.,0.,1.));
#8995 = PCURVE('',#6419,#8996);
#8996 = DEFINITIONAL_REPRESENTATION('',(#8997),#9000);
#8997 = B_SPLINE_CURVE_WITH_KNOTS('',1,(#8998,#8999),.UNSPECIFIED.,.F.,
  .F.,(2,2),(13.5,43.5),.PIECEWISE_BEZIER_KNOTS.);
#8998 = CARTESIAN_POINT('',(27.,-51.));
#8999 = CARTESIAN_POINT('',(57.,-51.));
#9000 = ( GEOMETRIC_REPRESENTATION_CONTEXT(2) 
PARAMETRIC_REPRESENTATION_CONTEXT() REPRESENTATION_CONTEXT('2D SPACE',''
  ) );
#9001 = PCURVE('',#9002,#9007);
#9002 = PLANE('',#9003);
#9003 = AXIS2_PLACEMENT_3D('',#9004,#9005,#9006);
#9004 = CARTESIAN_POINT('',(19.,-20.,-23.));
#9005 = DIRECTION('',(0.,1.,0.));
#9006 = DIRECTION('',(0.,0.,1.));
#9007 = DEFINITIONAL_REPRESENTATION('',(#9008),#9011);
#9008 = B_SPLINE_CURVE_WITH_KNOTS('',1,(#9009,#9010),.UNSPECIFIED.,.F.,
  .F.,(2,2),(13.5,43.5),.PIECEWISE_BEZIER_KNOTS.);
#9009 = CARTESIAN_POINT('',(0.,82.));
#9010 = CARTESIAN_POINT('',(30.,82.));
#9011 = ( GEOMETRIC_REPRESENTATION_CONTEXT(2) 
PARAMETRIC_REPRESENTATION_CONTEXT() REPRESENTATION_CONTEXT('2D SPACE',''
  ) );
#9012 = ORIENTED_EDGE('',*,*,#9013,.T.);
#9013 = EDGE_CURVE('',#8988,#9014,#9016,.T.);
#9014 = VERTEX_POINT('',#9015);
#9015 = CARTESIAN_POINT('',(101.,-25.,-20.));
#9016 = SURFACE_CURVE('',#9017,(#9021,#9027),.PCURVE_S1.);
#9017 = LINE('',#9018,#9019);
#9018 = CARTESIAN_POINT('',(101.,-48.,-20.));
#9019 = VECTOR('',#9020,1.);
#9020 = DIRECTION('',(0.,-1.,0.));
#9021 = PCURVE('',#6419,#9022);
#9022 = DEFINITIONAL_REPRESENTATION('',(#9023),#9026);
#9023 = B_SPLINE_CURVE_WITH_KNOTS('',1,(#9024,#9025),.UNSPECIFIED.,.F.,
  .F.,(2,2),(-31.,-23.),.PIECEWISE_BEZIER_KNOTS.);
#9024 = CARTESIAN_POINT('',(30.,-54.));
#9025 = CARTESIAN_POINT('',(30.,-46.));
#9026 = ( GEOMETRIC_REPRESENTATION_CONTEXT(2) 
PARAMETRIC_REPRESENTATION_CONTEXT() REPRESENTATION_CONTEXT('2D SPACE',''
  ) );
#9027 = PCURVE('',#9028,#9033);
#9028 = PLANE('',#9029);
#9029 = AXIS2_PLACEMENT_3D('',#9030,#9031,#9032);
#9030 = CARTESIAN_POINT('',(19.,-25.,-20.));
#9031 = DIRECTION('',(0.,0.,1.));
#9032 = DIRECTION('',(1.,0.,0.));
#9033 = DEFINITIONAL_REPRESENTATION('',(#9034),#9037);
#9034 = B_SPLINE_CURVE_WITH_KNOTS('',1,(#9035,#9036),.UNSPECIFIED.,.F.,
  .F.,(2,2),(-31.,-23.),.PIECEWISE_BEZIER_KNOTS.);
#9035 = CARTESIAN_POINT('',(82.,8.));
#9036 = CARTESIAN_POINT('',(82.,0.));
#9037 = ( GEOMETRIC_REPRESENTATION_CONTEXT(2) 
PARAMETRIC_REPRESENTATION_CONTEXT() REPRESENTATION_CONTEXT('2D SPACE',''
  ) );
#9038 = ORIENTED_EDGE('',*,*,#9039,.T.);
#9039 = EDGE_CURVE('',#9014,#9040,#9042,.T.);
#9040 = VERTEX_POINT('',#9041);
#9041 = CARTESIAN_POINT('',(101.,-25.,-14.));
#9042 = SURFACE_CURVE('',#9043,(#9047,#9053),.PCURVE_S1.);
#9043 = LINE('',#9044,#9045);
#9044 = CARTESIAN_POINT('',(101.,-25.,-35.));
#9045 = VECTOR('',#9046,1.);
#9046 = DIRECTION('',(0.,0.,1.));
#9047 = PCURVE('',#6419,#9048);
#9048 = DEFINITIONAL_REPRESENTATION('',(#9049),#9052);
#9049 = B_SPLINE_CURVE_WITH_KNOTS('',1,(#9050,#9051),.UNSPECIFIED.,.F.,
  .F.,(2,2),(15.,21.),.PIECEWISE_BEZIER_KNOTS.);
#9050 = CARTESIAN_POINT('',(30.,-46.));
#9051 = CARTESIAN_POINT('',(36.,-46.));
#9052 = ( GEOMETRIC_REPRESENTATION_CONTEXT(2) 
PARAMETRIC_REPRESENTATION_CONTEXT() REPRESENTATION_CONTEXT('2D SPACE',''
  ) );
#9053 = PCURVE('',#9054,#9059);
#9054 = PLANE('',#9055);
#9055 = AXIS2_PLACEMENT_3D('',#9056,#9057,#9058);
#9056 = CARTESIAN_POINT('',(19.,-25.,-20.));
#9057 = DIRECTION('',(0.,1.,0.));
#9058 = DIRECTION('',(0.,0.,1.));
#9059 = DEFINITIONAL_REPRESENTATION('',(#9060),#9063);
#9060 = B_SPLINE_CURVE_WITH_KNOTS('',1,(#9061,#9062),.UNSPECIFIED.,.F.,
  .F.,(2,2),(15.,21.),.PIECEWISE_BEZIER_KNOTS.);
#9061 = CARTESIAN_POINT('',(0.,82.));
#9062 = CARTESIAN_POINT('',(6.,82.));
#9063 = ( GEOMETRIC_REPRESENTATION_CONTEXT(2) 
PARAMETRIC_REPRESENTATION_CONTEXT() REPRESENTATION_CONTEXT('2D SPACE',''
  ) );
#9064 = ORIENTED_EDGE('',*,*,#9065,.F.);
#9065 = EDGE_CURVE('',#9066,#9040,#9068,.T.);
#9066 = VERTEX_POINT('',#9067);
#9067 = CARTESIAN_POINT('',(101.,-20.,-14.));
#9068 = SURFACE_CURVE('',#9069,(#9073,#9079),.PCURVE_S1.);
#9069 = LINE('',#9070,#9071);
#9070 = CARTESIAN_POINT('',(101.,-48.,-14.));
#9071 = VECTOR('',#9072,1.);
#9072 = DIRECTION('',(0.,-1.,0.));
#9073 = PCURVE('',#6419,#9074);
#9074 = DEFINITIONAL_REPRESENTATION('',(#9075),#9078);
#9075 = B_SPLINE_CURVE_WITH_KNOTS('',1,(#9076,#9077),.UNSPECIFIED.,.F.,
  .F.,(2,2),(-31.,-23.),.PIECEWISE_BEZIER_KNOTS.);
#9076 = CARTESIAN_POINT('',(36.,-54.));
#9077 = CARTESIAN_POINT('',(36.,-46.));
#9078 = ( GEOMETRIC_REPRESENTATION_CONTEXT(2) 
PARAMETRIC_REPRESENTATION_CONTEXT() REPRESENTATION_CONTEXT('2D SPACE',''
  ) );
#9079 = PCURVE('',#9080,#9085);
#9080 = PLANE('',#9081);
#9081 = AXIS2_PLACEMENT_3D('',#9082,#9083,#9084);
#9082 = CARTESIAN_POINT('',(19.,-25.,-14.));
#9083 = DIRECTION('',(0.,0.,1.));
#9084 = DIRECTION('',(1.,0.,0.));
#9085 = DEFINITIONAL_REPRESENTATION('',(#9086),#9089);
#9086 = B_SPLINE_CURVE_WITH_KNOTS('',1,(#9087,#9088),.UNSPECIFIED.,.F.,
  .F.,(2,2),(-31.,-23.),.PIECEWISE_BEZIER_KNOTS.);
#9087 = CARTESIAN_POINT('',(82.,8.));
#9088 = CARTESIAN_POINT('',(82.,0.));
#9089 = ( GEOMETRIC_REPRESENTATION_CONTEXT(2) 
PARAMETRIC_REPRESENTATION_CONTEXT() REPRESENTATION_CONTEXT('2D SPACE',''
  ) );
#9090 = ORIENTED_EDGE('',*,*,#9091,.T.);
#9091 = EDGE_CURVE('',#9066,#9092,#9094,.T.);
#9092 = VERTEX_POINT('',#9093);
#9093 = CARTESIAN_POINT('',(101.,-20.,7.));
#9094 = SURFACE_CURVE('',#9095,(#9099,#9105),.PCURVE_S1.);
#9095 = LINE('',#9096,#9097);
#9096 = CARTESIAN_POINT('',(101.,-20.,-36.5));
#9097 = VECTOR('',#9098,1.);
#9098 = DIRECTION('',(0.,0.,1.));
#9099 = PCURVE('',#6419,#9100);
#9100 = DEFINITIONAL_REPRESENTATION('',(#9101),#9104);
#9101 = B_SPLINE_CURVE_WITH_KNOTS('',1,(#9102,#9103),.UNSPECIFIED.,.F.,
  .F.,(2,2),(13.5,43.5),.PIECEWISE_BEZIER_KNOTS.);
#9102 = CARTESIAN_POINT('',(27.,-51.));
#9103 = CARTESIAN_POINT('',(57.,-51.));
#9104 = ( GEOMETRIC_REPRESENTATION_CONTEXT(2) 
PARAMETRIC_REPRESENTATION_CONTEXT() REPRESENTATION_CONTEXT('2D SPACE',''
  ) );
#9105 = PCURVE('',#9106,#9111);
#9106 = PLANE('',#9107);
#9107 = AXIS2_PLACEMENT_3D('',#9108,#9109,#9110);
#9108 = CARTESIAN_POINT('',(19.,-20.,-23.));
#9109 = DIRECTION('',(0.,1.,0.));
#9110 = DIRECTION('',(0.,0.,1.));
#9111 = DEFINITIONAL_REPRESENTATION('',(#9112),#9115);
#9112 = B_SPLINE_CURVE_WITH_KNOTS('',1,(#9113,#9114),.UNSPECIFIED.,.F.,
  .F.,(2,2),(13.5,43.5),.PIECEWISE_BEZIER_KNOTS.);
#9113 = CARTESIAN_POINT('',(0.,82.));
#9114 = CARTESIAN_POINT('',(30.,82.));
#9115 = ( GEOMETRIC_REPRESENTATION_CONTEXT(2) 
PARAMETRIC_REPRESENTATION_CONTEXT() REPRESENTATION_CONTEXT('2D SPACE',''
  ) );
#9116 = ORIENTED_EDGE('',*,*,#9117,.F.);
#9117 = EDGE_CURVE('',#9118,#9092,#9120,.T.);
#9118 = VERTEX_POINT('',#9119);
#9119 = CARTESIAN_POINT('',(101.,20.,7.));
#9120 = SURFACE_CURVE('',#9121,(#9125,#9131),.PCURVE_S1.);
#9121 = LINE('',#9122,#9123);
#9122 = CARTESIAN_POINT('',(101.,-45.5,7.));
#9123 = VECTOR('',#9124,1.);
#9124 = DIRECTION('',(0.,-1.,0.));
#9125 = PCURVE('',#6419,#9126);
#9126 = DEFINITIONAL_REPRESENTATION('',(#9127),#9130);
#9127 = B_SPLINE_CURVE_WITH_KNOTS('',1,(#9128,#9129),.UNSPECIFIED.,.F.,
  .F.,(2,2),(-65.5,-25.5),.PIECEWISE_BEZIER_KNOTS.);
#9128 = CARTESIAN_POINT('',(57.,-91.));
#9129 = CARTESIAN_POINT('',(57.,-51.));
#9130 = ( GEOMETRIC_REPRESENTATION_CONTEXT(2) 
PARAMETRIC_REPRESENTATION_CONTEXT() REPRESENTATION_CONTEXT('2D SPACE',''
  ) );
#9131 = PCURVE('',#9132,#9137);
#9132 = PLANE('',#9133);
#9133 = AXIS2_PLACEMENT_3D('',#9134,#9135,#9136);
#9134 = CARTESIAN_POINT('',(19.,-20.,7.));
#9135 = DIRECTION('',(0.,0.,1.));
#9136 = DIRECTION('',(1.,0.,0.));
#9137 = DEFINITIONAL_REPRESENTATION('',(#9138),#9141);
#9138 = B_SPLINE_CURVE_WITH_KNOTS('',1,(#9139,#9140),.UNSPECIFIED.,.F.,
  .F.,(2,2),(-65.5,-25.5),.PIECEWISE_BEZIER_KNOTS.);
#9139 = CARTESIAN_POINT('',(82.,40.));
#9140 = CARTESIAN_POINT('',(82.,0.));
#9141 = ( GEOMETRIC_REPRESENTATION_CONTEXT(2) 
PARAMETRIC_REPRESENTATION_CONTEXT() REPRESENTATION_CONTEXT('2D SPACE',''
  ) );
#9142 = ORIENTED_EDGE('',*,*,#9143,.F.);
#9143 = EDGE_CURVE('',#9144,#9118,#9146,.T.);
#9144 = VERTEX_POINT('',#9145);
#9145 = CARTESIAN_POINT('',(101.,20.,-14.));
#9146 = SURFACE_CURVE('',#9147,(#9151,#9157),.PCURVE_S1.);
#9147 = LINE('',#9148,#9149);
#9148 = CARTESIAN_POINT('',(101.,20.,-36.5));
#9149 = VECTOR('',#9150,1.);
#9150 = DIRECTION('',(0.,0.,1.));
#9151 = PCURVE('',#6419,#9152);
#9152 = DEFINITIONAL_REPRESENTATION('',(#9153),#9156);
#9153 = B_SPLINE_CURVE_WITH_KNOTS('',1,(#9154,#9155),.UNSPECIFIED.,.F.,
  .F.,(2,2),(13.5,43.5),.PIECEWISE_BEZIER_KNOTS.);
#9154 = CARTESIAN_POINT('',(27.,-91.));
#9155 = CARTESIAN_POINT('',(57.,-91.));
#9156 = ( GEOMETRIC_REPRESENTATION_CONTEXT(2) 
PARAMETRIC_REPRESENTATION_CONTEXT() REPRESENTATION_CONTEXT('2D SPACE',''
  ) );
#9157 = PCURVE('',#9158,#9163);
#9158 = PLANE('',#9159);
#9159 = AXIS2_PLACEMENT_3D('',#9160,#9161,#9162);
#9160 = CARTESIAN_POINT('',(19.,20.,-23.));
#9161 = DIRECTION('',(0.,1.,0.));
#9162 = DIRECTION('',(0.,0.,1.));
#9163 = DEFINITIONAL_REPRESENTATION('',(#9164),#9167);
#9164 = B_SPLINE_CURVE_WITH_KNOTS('',1,(#9165,#9166),.UNSPECIFIED.,.F.,
  .F.,(2,2),(13.5,43.5),.PIECEWISE_BEZIER_KNOTS.);
#9165 = CARTESIAN_POINT('',(0.,82.));
#9166 = CARTESIAN_POINT('',(30.,82.));
#9167 = ( GEOMETRIC_REPRESENTATION_CONTEXT(2) 
PARAMETRIC_REPRESENTATION_CONTEXT() REPRESENTATION_CONTEXT('2D SPACE',''
  ) );
#9168 = ORIENTED_EDGE('',*,*,#9169,.F.);
#9169 = EDGE_CURVE('',#9170,#9144,#9172,.T.);
#9170 = VERTEX_POINT('',#9171);
#9171 = CARTESIAN_POINT('',(101.,25.,-14.));
#9172 = SURFACE_CURVE('',#9173,(#9177,#9183),.PCURVE_S1.);
#9173 = LINE('',#9174,#9175);
#9174 = CARTESIAN_POINT('',(101.,-27.,-14.));
#9175 = VECTOR('',#9176,1.);
#9176 = DIRECTION('',(0.,-1.,0.));
#9177 = PCURVE('',#6419,#9178);
#9178 = DEFINITIONAL_REPRESENTATION('',(#9179),#9182);
#9179 = B_SPLINE_CURVE_WITH_KNOTS('',1,(#9180,#9181),.UNSPECIFIED.,.F.,
  .F.,(2,2),(-52.,-44.),.PIECEWISE_BEZIER_KNOTS.);
#9180 = CARTESIAN_POINT('',(36.,-96.));
#9181 = CARTESIAN_POINT('',(36.,-88.));
#9182 = ( GEOMETRIC_REPRESENTATION_CONTEXT(2) 
PARAMETRIC_REPRESENTATION_CONTEXT() REPRESENTATION_CONTEXT('2D SPACE',''
  ) );
#9183 = PCURVE('',#9184,#9189);
#9184 = PLANE('',#9185);
#9185 = AXIS2_PLACEMENT_3D('',#9186,#9187,#9188);
#9186 = CARTESIAN_POINT('',(19.,17.,-14.));
#9187 = DIRECTION('',(0.,0.,1.));
#9188 = DIRECTION('',(1.,0.,0.));
#9189 = DEFINITIONAL_REPRESENTATION('',(#9190),#9193);
#9190 = B_SPLINE_CURVE_WITH_KNOTS('',1,(#9191,#9192),.UNSPECIFIED.,.F.,
  .F.,(2,2),(-52.,-44.),.PIECEWISE_BEZIER_KNOTS.);
#9191 = CARTESIAN_POINT('',(82.,8.));
#9192 = CARTESIAN_POINT('',(82.,0.));
#9193 = ( GEOMETRIC_REPRESENTATION_CONTEXT(2) 
PARAMETRIC_REPRESENTATION_CONTEXT() REPRESENTATION_CONTEXT('2D SPACE',''
  ) );
#9194 = ORIENTED_EDGE('',*,*,#9195,.F.);
#9195 = EDGE_CURVE('',#9196,#9170,#9198,.T.);
#9196 = VERTEX_POINT('',#9197);
#9197 = CARTESIAN_POINT('',(101.,25.,-20.));
#9198 = SURFACE_CURVE('',#9199,(#9203,#9209),.PCURVE_S1.);
#9199 = LINE('',#9200,#9201);
#9200 = CARTESIAN_POINT('',(101.,25.,-35.));
#9201 = VECTOR('',#9202,1.);
#9202 = DIRECTION('',(0.,0.,1.));
#9203 = PCURVE('',#6419,#9204);
#9204 = DEFINITIONAL_REPRESENTATION('',(#9205),#9208);
#9205 = B_SPLINE_CURVE_WITH_KNOTS('',1,(#9206,#9207),.UNSPECIFIED.,.F.,
  .F.,(2,2),(15.,21.),.PIECEWISE_BEZIER_KNOTS.);
#9206 = CARTESIAN_POINT('',(30.,-96.));
#9207 = CARTESIAN_POINT('',(36.,-96.));
#9208 = ( GEOMETRIC_REPRESENTATION_CONTEXT(2) 
PARAMETRIC_REPRESENTATION_CONTEXT() REPRESENTATION_CONTEXT('2D SPACE',''
  ) );
#9209 = PCURVE('',#9210,#9215);
#9210 = PLANE('',#9211);
#9211 = AXIS2_PLACEMENT_3D('',#9212,#9213,#9214);
#9212 = CARTESIAN_POINT('',(19.,25.,-20.));
#9213 = DIRECTION('',(0.,1.,0.));
#9214 = DIRECTION('',(0.,0.,1.));
#9215 = DEFINITIONAL_REPRESENTATION('',(#9216),#9219);
#9216 = B_SPLINE_CURVE_WITH_KNOTS('',1,(#9217,#9218),.UNSPECIFIED.,.F.,
  .F.,(2,2),(15.,21.),.PIECEWISE_BEZIER_KNOTS.);
#9217 = CARTESIAN_POINT('',(0.,82.));
#9218 = CARTESIAN_POINT('',(6.,82.));
#9219 = ( GEOMETRIC_REPRESENTATION_CONTEXT(2) 
PARAMETRIC_REPRESENTATION_CONTEXT() REPRESENTATION_CONTEXT('2D SPACE',''
  ) );
#9220 = ORIENTED_EDGE('',*,*,#9221,.T.);
#9221 = EDGE_CURVE('',#9196,#8936,#9222,.T.);
#9222 = SURFACE_CURVE('',#9223,(#9227,#9233),.PCURVE_S1.);
#9223 = LINE('',#9224,#9225);
#9224 = CARTESIAN_POINT('',(101.,-27.,-20.));
#9225 = VECTOR('',#9226,1.);
#9226 = DIRECTION('',(0.,-1.,0.));
#9227 = PCURVE('',#6419,#9228);
#9228 = DEFINITIONAL_REPRESENTATION('',(#9229),#9232);
#9229 = B_SPLINE_CURVE_WITH_KNOTS('',1,(#9230,#9231),.UNSPECIFIED.,.F.,
  .F.,(2,2),(-52.,-44.),.PIECEWISE_BEZIER_KNOTS.);
#9230 = CARTESIAN_POINT('',(30.,-96.));
#9231 = CARTESIAN_POINT('',(30.,-88.));
#9232 = ( GEOMETRIC_REPRESENTATION_CONTEXT(2) 
PARAMETRIC_REPRESENTATION_CONTEXT() REPRESENTATION_CONTEXT('2D SPACE',''
  ) );
#9233 = PCURVE('',#9234,#9239);
#9234 = PLANE('',#9235);
#9235 = AXIS2_PLACEMENT_3D('',#9236,#9237,#9238);
#9236 = CARTESIAN_POINT('',(19.,17.,-20.));
#9237 = DIRECTION('',(0.,0.,1.));
#9238 = DIRECTION('',(1.,0.,0.));
#9239 = DEFINITIONAL_REPRESENTATION('',(#9240),#9243);
#9240 = B_SPLINE_CURVE_WITH_KNOTS('',1,(#9241,#9242),.UNSPECIFIED.,.F.,
  .F.,(2,2),(-52.,-44.),.PIECEWISE_BEZIER_KNOTS.);
#9241 = CARTESIAN_POINT('',(82.,8.));
#9242 = CARTESIAN_POINT('',(82.,0.));
#9243 = ( GEOMETRIC_REPRESENTATION_CONTEXT(2) 
PARAMETRIC_REPRESENTATION_CONTEXT() REPRESENTATION_CONTEXT('2D SPACE',''
  ) );
#9244 = ADVANCED_FACE('',(#9245),#6393,.F.);
#9245 = FACE_BOUND('',#9246,.F.);
#9246 = EDGE_LOOP('',(#9247,#9248,#9271,#9292));
#9247 = ORIENTED_EDGE('',*,*,#8867,.F.);
#9248 = ORIENTED_EDGE('',*,*,#9249,.F.);
#9249 = EDGE_CURVE('',#9250,#8840,#9252,.T.);
#9250 = VERTEX_POINT('',#9251);
#9251 = CARTESIAN_POINT('',(97.,71.,-50.));
#9252 = SURFACE_CURVE('',#9253,(#9257,#9264),.PCURVE_S1.);
#9253 = LINE('',#9254,#9255);
#9254 = CARTESIAN_POINT('',(97.,71.,-50.));
#9255 = VECTOR('',#9256,1.);
#9256 = DIRECTION('',(1.,0.,0.));
#9257 = PCURVE('',#6393,#9258);
#9258 = DEFINITIONAL_REPRESENTATION('',(#9259),#9263);
#9259 = LINE('',#9260,#9261);
#9260 = CARTESIAN_POINT('',(0.,0.));
#9261 = VECTOR('',#9262,1.);
#9262 = DIRECTION('',(0.,1.));
#9263 = ( GEOMETRIC_REPRESENTATION_CONTEXT(2) 
PARAMETRIC_REPRESENTATION_CONTEXT() REPRESENTATION_CONTEXT('2D SPACE',''
  ) );
#9264 = PCURVE('',#8855,#9265);
#9265 = DEFINITIONAL_REPRESENTATION('',(#9266),#9270);
#9266 = LINE('',#9267,#9268);
#9267 = CARTESIAN_POINT('',(0.,142.));
#9268 = VECTOR('',#9269,1.);
#9269 = DIRECTION('',(1.,0.));
#9270 = ( GEOMETRIC_REPRESENTATION_CONTEXT(2) 
PARAMETRIC_REPRESENTATION_CONTEXT() REPRESENTATION_CONTEXT('2D SPACE',''
  ) );
#9271 = ORIENTED_EDGE('',*,*,#9272,.T.);
#9272 = EDGE_CURVE('',#9250,#6353,#9273,.T.);
#9273 = SURFACE_CURVE('',#9274,(#9278,#9285),.PCURVE_S1.);
#9274 = LINE('',#9275,#9276);
#9275 = CARTESIAN_POINT('',(97.,71.,-50.));
#9276 = VECTOR('',#9277,1.);
#9277 = DIRECTION('',(0.,0.,1.));
#9278 = PCURVE('',#6393,#9279);
#9279 = DEFINITIONAL_REPRESENTATION('',(#9280),#9284);
#9280 = LINE('',#9281,#9282);
#9281 = CARTESIAN_POINT('',(0.,0.));
#9282 = VECTOR('',#9283,1.);
#9283 = DIRECTION('',(1.,0.));
#9284 = ( GEOMETRIC_REPRESENTATION_CONTEXT(2) 
PARAMETRIC_REPRESENTATION_CONTEXT() REPRESENTATION_CONTEXT('2D SPACE',''
  ) );
#9285 = PCURVE('',#6367,#9286);
#9286 = DEFINITIONAL_REPRESENTATION('',(#9287),#9291);
#9287 = LINE('',#9288,#9289);
#9288 = CARTESIAN_POINT('',(0.,-142.));
#9289 = VECTOR('',#9290,1.);
#9290 = DIRECTION('',(1.,0.));
#9291 = ( GEOMETRIC_REPRESENTATION_CONTEXT(2) 
PARAMETRIC_REPRESENTATION_CONTEXT() REPRESENTATION_CONTEXT('2D SPACE',''
  ) );
#9292 = ORIENTED_EDGE('',*,*,#6378,.F.);
#9293 = ADVANCED_FACE('',(#9294,#9477),#6367,.T.);
#9294 = FACE_BOUND('',#9295,.T.);
#9295 = EDGE_LOOP('',(#9296,#9321,#9344,#9365,#9391,#9412,#9433,#9434,
    #9435,#9436,#9457,#9458));
#9296 = ORIENTED_EDGE('',*,*,#9297,.F.);
#9297 = EDGE_CURVE('',#9298,#9300,#9302,.T.);
#9298 = VERTEX_POINT('',#9299);
#9299 = CARTESIAN_POINT('',(97.,-71.,-50.));
#9300 = VERTEX_POINT('',#9301);
#9301 = CARTESIAN_POINT('',(97.,-71.,49.));
#9302 = SURFACE_CURVE('',#9303,(#9307,#9314),.PCURVE_S1.);
#9303 = LINE('',#9304,#9305);
#9304 = CARTESIAN_POINT('',(97.,-71.,-50.));
#9305 = VECTOR('',#9306,1.);
#9306 = DIRECTION('',(0.,0.,1.));
#9307 = PCURVE('',#6367,#9308);
#9308 = DEFINITIONAL_REPRESENTATION('',(#9309),#9313);
#9309 = LINE('',#9310,#9311);
#9310 = CARTESIAN_POINT('',(0.,0.));
#9311 = VECTOR('',#9312,1.);
#9312 = DIRECTION('',(1.,0.));
#9313 = ( GEOMETRIC_REPRESENTATION_CONTEXT(2) 
PARAMETRIC_REPRESENTATION_CONTEXT() REPRESENTATION_CONTEXT('2D SPACE',''
  ) );
#9314 = PCURVE('',#8731,#9315);
#9315 = DEFINITIONAL_REPRESENTATION('',(#9316),#9320);
#9316 = LINE('',#9317,#9318);
#9317 = CARTESIAN_POINT('',(0.,0.));
#9318 = VECTOR('',#9319,1.);
#9319 = DIRECTION('',(1.,0.));
#9320 = ( GEOMETRIC_REPRESENTATION_CONTEXT(2) 
PARAMETRIC_REPRESENTATION_CONTEXT() REPRESENTATION_CONTEXT('2D SPACE',''
  ) );
#9321 = ORIENTED_EDGE('',*,*,#9322,.T.);
#9322 = EDGE_CURVE('',#9298,#9323,#9325,.T.);
#9323 = VERTEX_POINT('',#9324);
#9324 = CARTESIAN_POINT('',(97.,-30.25,-50.));
#9325 = SURFACE_CURVE('',#9326,(#9330,#9337),.PCURVE_S1.);
#9326 = LINE('',#9327,#9328);
#9327 = CARTESIAN_POINT('',(97.,-71.,-50.));
#9328 = VECTOR('',#9329,1.);
#9329 = DIRECTION('',(0.,1.,0.));
#9330 = PCURVE('',#6367,#9331);
#9331 = DEFINITIONAL_REPRESENTATION('',(#9332),#9336);
#9332 = LINE('',#9333,#9334);
#9333 = CARTESIAN_POINT('',(0.,0.));
#9334 = VECTOR('',#9335,1.);
#9335 = DIRECTION('',(0.,-1.));
#9336 = ( GEOMETRIC_REPRESENTATION_CONTEXT(2) 
PARAMETRIC_REPRESENTATION_CONTEXT() REPRESENTATION_CONTEXT('2D SPACE',''
  ) );
#9337 = PCURVE('',#8759,#9338);
#9338 = DEFINITIONAL_REPRESENTATION('',(#9339),#9343);
#9339 = LINE('',#9340,#9341);
#9340 = CARTESIAN_POINT('',(0.,0.));
#9341 = VECTOR('',#9342,1.);
#9342 = DIRECTION('',(0.,1.));
#9343 = ( GEOMETRIC_REPRESENTATION_CONTEXT(2) 
PARAMETRIC_REPRESENTATION_CONTEXT() REPRESENTATION_CONTEXT('2D SPACE',''
  ) );
#9344 = ORIENTED_EDGE('',*,*,#9345,.T.);
#9345 = EDGE_CURVE('',#9323,#9346,#9348,.T.);
#9346 = VERTEX_POINT('',#9347);
#9347 = CARTESIAN_POINT('',(97.,-30.25,-48.));
#9348 = SURFACE_CURVE('',#9349,(#9353,#9359),.PCURVE_S1.);
#9349 = LINE('',#9350,#9351);
#9350 = CARTESIAN_POINT('',(97.,-30.25,-51.));
#9351 = VECTOR('',#9352,1.);
#9352 = DIRECTION('',(0.,0.,1.));
#9353 = PCURVE('',#6367,#9354);
#9354 = DEFINITIONAL_REPRESENTATION('',(#9355),#9358);
#9355 = B_SPLINE_CURVE_WITH_KNOTS('',1,(#9356,#9357),.UNSPECIFIED.,.F.,
  .F.,(2,2),(1.,3.),.PIECEWISE_BEZIER_KNOTS.);
#9356 = CARTESIAN_POINT('',(0.,-40.75));
#9357 = CARTESIAN_POINT('',(2.,-40.75));
#9358 = ( GEOMETRIC_REPRESENTATION_CONTEXT(2) 
PARAMETRIC_REPRESENTATION_CONTEXT() REPRESENTATION_CONTEXT('2D SPACE',''
  ) );
#9359 = PCURVE('',#6960,#9360);
#9360 = DEFINITIONAL_REPRESENTATION('',(#9361),#9364);
#9361 = B_SPLINE_CURVE_WITH_KNOTS('',1,(#9362,#9363),.UNSPECIFIED.,.F.,
  .F.,(2,2),(1.,3.),.PIECEWISE_BEZIER_KNOTS.);
#9362 = CARTESIAN_POINT('',(2.,66.8));
#9363 = CARTESIAN_POINT('',(4.,66.8));
#9364 = ( GEOMETRIC_REPRESENTATION_CONTEXT(2) 
PARAMETRIC_REPRESENTATION_CONTEXT() REPRESENTATION_CONTEXT('2D SPACE',''
  ) );
#9365 = ORIENTED_EDGE('',*,*,#9366,.F.);
#9366 = EDGE_CURVE('',#9367,#9346,#9369,.T.);
#9367 = VERTEX_POINT('',#9368);
#9368 = CARTESIAN_POINT('',(97.,30.25,-48.));
#9369 = SURFACE_CURVE('',#9370,(#9374,#9380),.PCURVE_S1.);
#9370 = LINE('',#9371,#9372);
#9371 = CARTESIAN_POINT('',(97.,-50.625,-48.));
#9372 = VECTOR('',#9373,1.);
#9373 = DIRECTION('',(0.,-1.,0.));
#9374 = PCURVE('',#6367,#9375);
#9375 = DEFINITIONAL_REPRESENTATION('',(#9376),#9379);
#9376 = B_SPLINE_CURVE_WITH_KNOTS('',1,(#9377,#9378),.UNSPECIFIED.,.F.,
  .F.,(2,2),(-80.875,-7.625),.PIECEWISE_BEZIER_KNOTS.);
#9377 = CARTESIAN_POINT('',(2.,-101.25));
#9378 = CARTESIAN_POINT('',(2.,-28.));
#9379 = ( GEOMETRIC_REPRESENTATION_CONTEXT(2) 
PARAMETRIC_REPRESENTATION_CONTEXT() REPRESENTATION_CONTEXT('2D SPACE',''
  ) );
#9380 = PCURVE('',#9381,#9386);
#9381 = PLANE('',#9382);
#9382 = AXIS2_PLACEMENT_3D('',#9383,#9384,#9385);
#9383 = CARTESIAN_POINT('',(30.2,-30.25,-48.));
#9384 = DIRECTION('',(0.,0.,1.));
#9385 = DIRECTION('',(1.,0.,0.));
#9386 = DEFINITIONAL_REPRESENTATION('',(#9387),#9390);
#9387 = B_SPLINE_CURVE_WITH_KNOTS('',1,(#9388,#9389),.UNSPECIFIED.,.F.,
  .F.,(2,2),(-80.875,-7.625),.PIECEWISE_BEZIER_KNOTS.);
#9388 = CARTESIAN_POINT('',(66.8,60.5));
#9389 = CARTESIAN_POINT('',(66.8,-12.75));
#9390 = ( GEOMETRIC_REPRESENTATION_CONTEXT(2) 
PARAMETRIC_REPRESENTATION_CONTEXT() REPRESENTATION_CONTEXT('2D SPACE',''
  ) );
#9391 = ORIENTED_EDGE('',*,*,#9392,.F.);
#9392 = EDGE_CURVE('',#9393,#9367,#9395,.T.);
#9393 = VERTEX_POINT('',#9394);
#9394 = CARTESIAN_POINT('',(97.,30.25,-50.));
#9395 = SURFACE_CURVE('',#9396,(#9400,#9406),.PCURVE_S1.);
#9396 = LINE('',#9397,#9398);
#9397 = CARTESIAN_POINT('',(97.,30.25,-51.));
#9398 = VECTOR('',#9399,1.);
#9399 = DIRECTION('',(0.,0.,1.));
#9400 = PCURVE('',#6367,#9401);
#9401 = DEFINITIONAL_REPRESENTATION('',(#9402),#9405);
#9402 = B_SPLINE_CURVE_WITH_KNOTS('',1,(#9403,#9404),.UNSPECIFIED.,.F.,
  .F.,(2,2),(1.,3.),.PIECEWISE_BEZIER_KNOTS.);
#9403 = CARTESIAN_POINT('',(0.,-101.25));
#9404 = CARTESIAN_POINT('',(2.,-101.25));
#9405 = ( GEOMETRIC_REPRESENTATION_CONTEXT(2) 
PARAMETRIC_REPRESENTATION_CONTEXT() REPRESENTATION_CONTEXT('2D SPACE',''
  ) );
#9406 = PCURVE('',#6904,#9407);
#9407 = DEFINITIONAL_REPRESENTATION('',(#9408),#9411);
#9408 = B_SPLINE_CURVE_WITH_KNOTS('',1,(#9409,#9410),.UNSPECIFIED.,.F.,
  .F.,(2,2),(1.,3.),.PIECEWISE_BEZIER_KNOTS.);
#9409 = CARTESIAN_POINT('',(2.,66.8));
#9410 = CARTESIAN_POINT('',(4.,66.8));
#9411 = ( GEOMETRIC_REPRESENTATION_CONTEXT(2) 
PARAMETRIC_REPRESENTATION_CONTEXT() REPRESENTATION_CONTEXT('2D SPACE',''
  ) );
#9412 = ORIENTED_EDGE('',*,*,#9413,.T.);
#9413 = EDGE_CURVE('',#9393,#9250,#9414,.T.);
#9414 = SURFACE_CURVE('',#9415,(#9419,#9426),.PCURVE_S1.);
#9415 = LINE('',#9416,#9417);
#9416 = CARTESIAN_POINT('',(97.,-71.,-50.));
#9417 = VECTOR('',#9418,1.);
#9418 = DIRECTION('',(0.,1.,0.));
#9419 = PCURVE('',#6367,#9420);
#9420 = DEFINITIONAL_REPRESENTATION('',(#9421),#9425);
#9421 = LINE('',#9422,#9423);
#9422 = CARTESIAN_POINT('',(0.,0.));
#9423 = VECTOR('',#9424,1.);
#9424 = DIRECTION('',(0.,-1.));
#9425 = ( GEOMETRIC_REPRESENTATION_CONTEXT(2) 
PARAMETRIC_REPRESENTATION_CONTEXT() REPRESENTATION_CONTEXT('2D SPACE',''
  ) );
#9426 = PCURVE('',#8855,#9427);
#9427 = DEFINITIONAL_REPRESENTATION('',(#9428),#9432);
#9428 = LINE('',#9429,#9430);
#9429 = CARTESIAN_POINT('',(0.,0.));
#9430 = VECTOR('',#9431,1.);
#9431 = DIRECTION('',(0.,1.));
#9432 = ( GEOMETRIC_REPRESENTATION_CONTEXT(2) 
PARAMETRIC_REPRESENTATION_CONTEXT() REPRESENTATION_CONTEXT('2D SPACE',''
  ) );
#9433 = ORIENTED_EDGE('',*,*,#9272,.T.);
#9434 = ORIENTED_EDGE('',*,*,#6352,.F.);
#9435 = ORIENTED_EDGE('',*,*,#8627,.F.);
#9436 = ORIENTED_EDGE('',*,*,#9437,.F.);
#9437 = EDGE_CURVE('',#7223,#8607,#9438,.T.);
#9438 = SURFACE_CURVE('',#9439,(#9443,#9450),.PCURVE_S1.);
#9439 = LINE('',#9440,#9441);
#9440 = CARTESIAN_POINT('',(97.,-71.,50.));
#9441 = VECTOR('',#9442,1.);
#9442 = DIRECTION('',(0.,1.,0.));
#9443 = PCURVE('',#6367,#9444);
#9444 = DEFINITIONAL_REPRESENTATION('',(#9445),#9449);
#9445 = LINE('',#9446,#9447);
#9446 = CARTESIAN_POINT('',(100.,0.));
#9447 = VECTOR('',#9448,1.);
#9448 = DIRECTION('',(0.,-1.));
#9449 = ( GEOMETRIC_REPRESENTATION_CONTEXT(2) 
PARAMETRIC_REPRESENTATION_CONTEXT() REPRESENTATION_CONTEXT('2D SPACE',''
  ) );
#9450 = PCURVE('',#7238,#9451);
#9451 = DEFINITIONAL_REPRESENTATION('',(#9452),#9456);
#9452 = LINE('',#9453,#9454);
#9453 = CARTESIAN_POINT('',(0.,0.));
#9454 = VECTOR('',#9455,1.);
#9455 = DIRECTION('',(0.,1.));
#9456 = ( GEOMETRIC_REPRESENTATION_CONTEXT(2) 
PARAMETRIC_REPRESENTATION_CONTEXT() REPRESENTATION_CONTEXT('2D SPACE',''
  ) );
#9457 = ORIENTED_EDGE('',*,*,#7249,.T.);
#9458 = ORIENTED_EDGE('',*,*,#9459,.F.);
#9459 = EDGE_CURVE('',#9300,#7250,#9460,.T.);
#9460 = SURFACE_CURVE('',#9461,(#9465,#9471),.PCURVE_S1.);
#9461 = LINE('',#9462,#9463);
#9462 = CARTESIAN_POINT('',(97.,-73.,49.));
#9463 = VECTOR('',#9464,1.);
#9464 = DIRECTION('',(0.,1.,0.));
#9465 = PCURVE('',#6367,#9466);
#9466 = DEFINITIONAL_REPRESENTATION('',(#9467),#9470);
#9467 = B_SPLINE_CURVE_WITH_KNOTS('',1,(#9468,#9469),.UNSPECIFIED.,.F.,
  .F.,(2,2),(2.,144.),.PIECEWISE_BEZIER_KNOTS.);
#9468 = CARTESIAN_POINT('',(99.,0.));
#9469 = CARTESIAN_POINT('',(99.,-142.));
#9470 = ( GEOMETRIC_REPRESENTATION_CONTEXT(2) 
PARAMETRIC_REPRESENTATION_CONTEXT() REPRESENTATION_CONTEXT('2D SPACE',''
  ) );
#9471 = PCURVE('',#6607,#9472);
#9472 = DEFINITIONAL_REPRESENTATION('',(#9473),#9476);
#9473 = B_SPLINE_CURVE_WITH_KNOTS('',1,(#9474,#9475),.UNSPECIFIED.,.F.,
  .F.,(2,2),(2.,144.),.PIECEWISE_BEZIER_KNOTS.);
#9474 = CARTESIAN_POINT('',(97.,4.));
#9475 = CARTESIAN_POINT('',(97.,146.));
#9476 = ( GEOMETRIC_REPRESENTATION_CONTEXT(2) 
PARAMETRIC_REPRESENTATION_CONTEXT() REPRESENTATION_CONTEXT('2D SPACE',''
  ) );
#9477 = FACE_BOUND('',#9478,.T.);
#9478 = EDGE_LOOP('',(#9479,#9502,#9523,#9544,#9565,#9591,#9612,#9633,
    #9654,#9675,#9696,#9722));
#9479 = ORIENTED_EDGE('',*,*,#9480,.F.);
#9480 = EDGE_CURVE('',#9481,#9483,#9485,.T.);
#9481 = VERTEX_POINT('',#9482);
#9482 = CARTESIAN_POINT('',(97.,20.,-23.));
#9483 = VERTEX_POINT('',#9484);
#9484 = CARTESIAN_POINT('',(97.,20.,-20.));
#9485 = SURFACE_CURVE('',#9486,(#9490,#9496),.PCURVE_S1.);
#9486 = LINE('',#9487,#9488);
#9487 = CARTESIAN_POINT('',(97.,20.,-36.5));
#9488 = VECTOR('',#9489,1.);
#9489 = DIRECTION('',(0.,0.,1.));
#9490 = PCURVE('',#6367,#9491);
#9491 = DEFINITIONAL_REPRESENTATION('',(#9492),#9495);
#9492 = B_SPLINE_CURVE_WITH_KNOTS('',1,(#9493,#9494),.UNSPECIFIED.,.F.,
  .F.,(2,2),(13.5,43.5),.PIECEWISE_BEZIER_KNOTS.);
#9493 = CARTESIAN_POINT('',(27.,-91.));
#9494 = CARTESIAN_POINT('',(57.,-91.));
#9495 = ( GEOMETRIC_REPRESENTATION_CONTEXT(2) 
PARAMETRIC_REPRESENTATION_CONTEXT() REPRESENTATION_CONTEXT('2D SPACE',''
  ) );
#9496 = PCURVE('',#8950,#9497);
#9497 = DEFINITIONAL_REPRESENTATION('',(#9498),#9501);
#9498 = B_SPLINE_CURVE_WITH_KNOTS('',1,(#9499,#9500),.UNSPECIFIED.,.F.,
  .F.,(2,2),(13.5,43.5),.PIECEWISE_BEZIER_KNOTS.);
#9499 = CARTESIAN_POINT('',(0.,78.));
#9500 = CARTESIAN_POINT('',(30.,78.));
#9501 = ( GEOMETRIC_REPRESENTATION_CONTEXT(2) 
PARAMETRIC_REPRESENTATION_CONTEXT() REPRESENTATION_CONTEXT('2D SPACE',''
  ) );
#9502 = ORIENTED_EDGE('',*,*,#9503,.T.);
#9503 = EDGE_CURVE('',#9481,#9504,#9506,.T.);
#9504 = VERTEX_POINT('',#9505);
#9505 = CARTESIAN_POINT('',(97.,-20.,-23.));
#9506 = SURFACE_CURVE('',#9507,(#9511,#9517),.PCURVE_S1.);
#9507 = LINE('',#9508,#9509);
#9508 = CARTESIAN_POINT('',(97.,-45.5,-23.));
#9509 = VECTOR('',#9510,1.);
#9510 = DIRECTION('',(0.,-1.,0.));
#9511 = PCURVE('',#6367,#9512);
#9512 = DEFINITIONAL_REPRESENTATION('',(#9513),#9516);
#9513 = B_SPLINE_CURVE_WITH_KNOTS('',1,(#9514,#9515),.UNSPECIFIED.,.F.,
  .F.,(2,2),(-65.5,-25.5),.PIECEWISE_BEZIER_KNOTS.);
#9514 = CARTESIAN_POINT('',(27.,-91.));
#9515 = CARTESIAN_POINT('',(27.,-51.));
#9516 = ( GEOMETRIC_REPRESENTATION_CONTEXT(2) 
PARAMETRIC_REPRESENTATION_CONTEXT() REPRESENTATION_CONTEXT('2D SPACE',''
  ) );
#9517 = PCURVE('',#8976,#9518);
#9518 = DEFINITIONAL_REPRESENTATION('',(#9519),#9522);
#9519 = B_SPLINE_CURVE_WITH_KNOTS('',1,(#9520,#9521),.UNSPECIFIED.,.F.,
  .F.,(2,2),(-65.5,-25.5),.PIECEWISE_BEZIER_KNOTS.);
#9520 = CARTESIAN_POINT('',(78.,40.));
#9521 = CARTESIAN_POINT('',(78.,0.));
#9522 = ( GEOMETRIC_REPRESENTATION_CONTEXT(2) 
PARAMETRIC_REPRESENTATION_CONTEXT() REPRESENTATION_CONTEXT('2D SPACE',''
  ) );
#9523 = ORIENTED_EDGE('',*,*,#9524,.T.);
#9524 = EDGE_CURVE('',#9504,#9525,#9527,.T.);
#9525 = VERTEX_POINT('',#9526);
#9526 = CARTESIAN_POINT('',(97.,-20.,-20.));
#9527 = SURFACE_CURVE('',#9528,(#9532,#9538),.PCURVE_S1.);
#9528 = LINE('',#9529,#9530);
#9529 = CARTESIAN_POINT('',(97.,-20.,-36.5));
#9530 = VECTOR('',#9531,1.);
#9531 = DIRECTION('',(0.,0.,1.));
#9532 = PCURVE('',#6367,#9533);
#9533 = DEFINITIONAL_REPRESENTATION('',(#9534),#9537);
#9534 = B_SPLINE_CURVE_WITH_KNOTS('',1,(#9535,#9536),.UNSPECIFIED.,.F.,
  .F.,(2,2),(13.5,43.5),.PIECEWISE_BEZIER_KNOTS.);
#9535 = CARTESIAN_POINT('',(27.,-51.));
#9536 = CARTESIAN_POINT('',(57.,-51.));
#9537 = ( GEOMETRIC_REPRESENTATION_CONTEXT(2) 
PARAMETRIC_REPRESENTATION_CONTEXT() REPRESENTATION_CONTEXT('2D SPACE',''
  ) );
#9538 = PCURVE('',#9002,#9539);
#9539 = DEFINITIONAL_REPRESENTATION('',(#9540),#9543);
#9540 = B_SPLINE_CURVE_WITH_KNOTS('',1,(#9541,#9542),.UNSPECIFIED.,.F.,
  .F.,(2,2),(13.5,43.5),.PIECEWISE_BEZIER_KNOTS.);
#9541 = CARTESIAN_POINT('',(0.,78.));
#9542 = CARTESIAN_POINT('',(30.,78.));
#9543 = ( GEOMETRIC_REPRESENTATION_CONTEXT(2) 
PARAMETRIC_REPRESENTATION_CONTEXT() REPRESENTATION_CONTEXT('2D SPACE',''
  ) );
#9544 = ORIENTED_EDGE('',*,*,#9545,.T.);
#9545 = EDGE_CURVE('',#9525,#9546,#9548,.T.);
#9546 = VERTEX_POINT('',#9547);
#9547 = CARTESIAN_POINT('',(97.,-25.,-20.));
#9548 = SURFACE_CURVE('',#9549,(#9553,#9559),.PCURVE_S1.);
#9549 = LINE('',#9550,#9551);
#9550 = CARTESIAN_POINT('',(97.,-48.,-20.));
#9551 = VECTOR('',#9552,1.);
#9552 = DIRECTION('',(0.,-1.,0.));
#9553 = PCURVE('',#6367,#9554);
#9554 = DEFINITIONAL_REPRESENTATION('',(#9555),#9558);
#9555 = B_SPLINE_CURVE_WITH_KNOTS('',1,(#9556,#9557),.UNSPECIFIED.,.F.,
  .F.,(2,2),(-31.,-23.),.PIECEWISE_BEZIER_KNOTS.);
#9556 = CARTESIAN_POINT('',(30.,-54.));
#9557 = CARTESIAN_POINT('',(30.,-46.));
#9558 = ( GEOMETRIC_REPRESENTATION_CONTEXT(2) 
PARAMETRIC_REPRESENTATION_CONTEXT() REPRESENTATION_CONTEXT('2D SPACE',''
  ) );
#9559 = PCURVE('',#9028,#9560);
#9560 = DEFINITIONAL_REPRESENTATION('',(#9561),#9564);
#9561 = B_SPLINE_CURVE_WITH_KNOTS('',1,(#9562,#9563),.UNSPECIFIED.,.F.,
  .F.,(2,2),(-31.,-23.),.PIECEWISE_BEZIER_KNOTS.);
#9562 = CARTESIAN_POINT('',(78.,8.));
#9563 = CARTESIAN_POINT('',(78.,0.));
#9564 = ( GEOMETRIC_REPRESENTATION_CONTEXT(2) 
PARAMETRIC_REPRESENTATION_CONTEXT() REPRESENTATION_CONTEXT('2D SPACE',''
  ) );
#9565 = ORIENTED_EDGE('',*,*,#9566,.T.);
#9566 = EDGE_CURVE('',#9546,#9567,#9569,.T.);
#9567 = VERTEX_POINT('',#9568);
#9568 = CARTESIAN_POINT('',(97.,-25.,-14.));
#9569 = SURFACE_CURVE('',#9570,(#9574,#9580),.PCURVE_S1.);
#9570 = LINE('',#9571,#9572);
#9571 = CARTESIAN_POINT('',(97.,-25.,-35.));
#9572 = VECTOR('',#9573,1.);
#9573 = DIRECTION('',(0.,0.,1.));
#9574 = PCURVE('',#6367,#9575);
#9575 = DEFINITIONAL_REPRESENTATION('',(#9576),#9579);
#9576 = B_SPLINE_CURVE_WITH_KNOTS('',1,(#9577,#9578),.UNSPECIFIED.,.F.,
  .F.,(2,2),(15.,21.),.PIECEWISE_BEZIER_KNOTS.);
#9577 = CARTESIAN_POINT('',(30.,-46.));
#9578 = CARTESIAN_POINT('',(36.,-46.));
#9579 = ( GEOMETRIC_REPRESENTATION_CONTEXT(2) 
PARAMETRIC_REPRESENTATION_CONTEXT() REPRESENTATION_CONTEXT('2D SPACE',''
  ) );
#9580 = PCURVE('',#9581,#9586);
#9581 = PLANE('',#9582);
#9582 = AXIS2_PLACEMENT_3D('',#9583,#9584,#9585);
#9583 = CARTESIAN_POINT('',(19.,-25.,-20.));
#9584 = DIRECTION('',(0.,1.,0.));
#9585 = DIRECTION('',(0.,0.,1.));
#9586 = DEFINITIONAL_REPRESENTATION('',(#9587),#9590);
#9587 = B_SPLINE_CURVE_WITH_KNOTS('',1,(#9588,#9589),.UNSPECIFIED.,.F.,
  .F.,(2,2),(15.,21.),.PIECEWISE_BEZIER_KNOTS.);
#9588 = CARTESIAN_POINT('',(0.,78.));
#9589 = CARTESIAN_POINT('',(6.,78.));
#9590 = ( GEOMETRIC_REPRESENTATION_CONTEXT(2) 
PARAMETRIC_REPRESENTATION_CONTEXT() REPRESENTATION_CONTEXT('2D SPACE',''
  ) );
#9591 = ORIENTED_EDGE('',*,*,#9592,.F.);
#9592 = EDGE_CURVE('',#9593,#9567,#9595,.T.);
#9593 = VERTEX_POINT('',#9594);
#9594 = CARTESIAN_POINT('',(97.,-20.,-14.));
#9595 = SURFACE_CURVE('',#9596,(#9600,#9606),.PCURVE_S1.);
#9596 = LINE('',#9597,#9598);
#9597 = CARTESIAN_POINT('',(97.,-48.,-14.));
#9598 = VECTOR('',#9599,1.);
#9599 = DIRECTION('',(0.,-1.,0.));
#9600 = PCURVE('',#6367,#9601);
#9601 = DEFINITIONAL_REPRESENTATION('',(#9602),#9605);
#9602 = B_SPLINE_CURVE_WITH_KNOTS('',1,(#9603,#9604),.UNSPECIFIED.,.F.,
  .F.,(2,2),(-31.,-23.),.PIECEWISE_BEZIER_KNOTS.);
#9603 = CARTESIAN_POINT('',(36.,-54.));
#9604 = CARTESIAN_POINT('',(36.,-46.));
#9605 = ( GEOMETRIC_REPRESENTATION_CONTEXT(2) 
PARAMETRIC_REPRESENTATION_CONTEXT() REPRESENTATION_CONTEXT('2D SPACE',''
  ) );
#9606 = PCURVE('',#9080,#9607);
#9607 = DEFINITIONAL_REPRESENTATION('',(#9608),#9611);
#9608 = B_SPLINE_CURVE_WITH_KNOTS('',1,(#9609,#9610),.UNSPECIFIED.,.F.,
  .F.,(2,2),(-31.,-23.),.PIECEWISE_BEZIER_KNOTS.);
#9609 = CARTESIAN_POINT('',(78.,8.));
#9610 = CARTESIAN_POINT('',(78.,0.));
#9611 = ( GEOMETRIC_REPRESENTATION_CONTEXT(2) 
PARAMETRIC_REPRESENTATION_CONTEXT() REPRESENTATION_CONTEXT('2D SPACE',''
  ) );
#9612 = ORIENTED_EDGE('',*,*,#9613,.T.);
#9613 = EDGE_CURVE('',#9593,#9614,#9616,.T.);
#9614 = VERTEX_POINT('',#9615);
#9615 = CARTESIAN_POINT('',(97.,-20.,7.));
#9616 = SURFACE_CURVE('',#9617,(#9621,#9627),.PCURVE_S1.);
#9617 = LINE('',#9618,#9619);
#9618 = CARTESIAN_POINT('',(97.,-20.,-36.5));
#9619 = VECTOR('',#9620,1.);
#9620 = DIRECTION('',(0.,0.,1.));
#9621 = PCURVE('',#6367,#9622);
#9622 = DEFINITIONAL_REPRESENTATION('',(#9623),#9626);
#9623 = B_SPLINE_CURVE_WITH_KNOTS('',1,(#9624,#9625),.UNSPECIFIED.,.F.,
  .F.,(2,2),(13.5,43.5),.PIECEWISE_BEZIER_KNOTS.);
#9624 = CARTESIAN_POINT('',(27.,-51.));
#9625 = CARTESIAN_POINT('',(57.,-51.));
#9626 = ( GEOMETRIC_REPRESENTATION_CONTEXT(2) 
PARAMETRIC_REPRESENTATION_CONTEXT() REPRESENTATION_CONTEXT('2D SPACE',''
  ) );
#9627 = PCURVE('',#9106,#9628);
#9628 = DEFINITIONAL_REPRESENTATION('',(#9629),#9632);
#9629 = B_SPLINE_CURVE_WITH_KNOTS('',1,(#9630,#9631),.UNSPECIFIED.,.F.,
  .F.,(2,2),(13.5,43.5),.PIECEWISE_BEZIER_KNOTS.);
#9630 = CARTESIAN_POINT('',(0.,78.));
#9631 = CARTESIAN_POINT('',(30.,78.));
#9632 = ( GEOMETRIC_REPRESENTATION_CONTEXT(2) 
PARAMETRIC_REPRESENTATION_CONTEXT() REPRESENTATION_CONTEXT('2D SPACE',''
  ) );
#9633 = ORIENTED_EDGE('',*,*,#9634,.F.);
#9634 = EDGE_CURVE('',#9635,#9614,#9637,.T.);
#9635 = VERTEX_POINT('',#9636);
#9636 = CARTESIAN_POINT('',(97.,20.,7.));
#9637 = SURFACE_CURVE('',#9638,(#9642,#9648),.PCURVE_S1.);
#9638 = LINE('',#9639,#9640);
#9639 = CARTESIAN_POINT('',(97.,-45.5,7.));
#9640 = VECTOR('',#9641,1.);
#9641 = DIRECTION('',(0.,-1.,0.));
#9642 = PCURVE('',#6367,#9643);
#9643 = DEFINITIONAL_REPRESENTATION('',(#9644),#9647);
#9644 = B_SPLINE_CURVE_WITH_KNOTS('',1,(#9645,#9646),.UNSPECIFIED.,.F.,
  .F.,(2,2),(-65.5,-25.5),.PIECEWISE_BEZIER_KNOTS.);
#9645 = CARTESIAN_POINT('',(57.,-91.));
#9646 = CARTESIAN_POINT('',(57.,-51.));
#9647 = ( GEOMETRIC_REPRESENTATION_CONTEXT(2) 
PARAMETRIC_REPRESENTATION_CONTEXT() REPRESENTATION_CONTEXT('2D SPACE',''
  ) );
#9648 = PCURVE('',#9132,#9649);
#9649 = DEFINITIONAL_REPRESENTATION('',(#9650),#9653);
#9650 = B_SPLINE_CURVE_WITH_KNOTS('',1,(#9651,#9652),.UNSPECIFIED.,.F.,
  .F.,(2,2),(-65.5,-25.5),.PIECEWISE_BEZIER_KNOTS.);
#9651 = CARTESIAN_POINT('',(78.,40.));
#9652 = CARTESIAN_POINT('',(78.,0.));
#9653 = ( GEOMETRIC_REPRESENTATION_CONTEXT(2) 
PARAMETRIC_REPRESENTATION_CONTEXT() REPRESENTATION_CONTEXT('2D SPACE',''
  ) );
#9654 = ORIENTED_EDGE('',*,*,#9655,.F.);
#9655 = EDGE_CURVE('',#9656,#9635,#9658,.T.);
#9656 = VERTEX_POINT('',#9657);
#9657 = CARTESIAN_POINT('',(97.,20.,-14.));
#9658 = SURFACE_CURVE('',#9659,(#9663,#9669),.PCURVE_S1.);
#9659 = LINE('',#9660,#9661);
#9660 = CARTESIAN_POINT('',(97.,20.,-36.5));
#9661 = VECTOR('',#9662,1.);
#9662 = DIRECTION('',(0.,0.,1.));
#9663 = PCURVE('',#6367,#9664);
#9664 = DEFINITIONAL_REPRESENTATION('',(#9665),#9668);
#9665 = B_SPLINE_CURVE_WITH_KNOTS('',1,(#9666,#9667),.UNSPECIFIED.,.F.,
  .F.,(2,2),(13.5,43.5),.PIECEWISE_BEZIER_KNOTS.);
#9666 = CARTESIAN_POINT('',(27.,-91.));
#9667 = CARTESIAN_POINT('',(57.,-91.));
#9668 = ( GEOMETRIC_REPRESENTATION_CONTEXT(2) 
PARAMETRIC_REPRESENTATION_CONTEXT() REPRESENTATION_CONTEXT('2D SPACE',''
  ) );
#9669 = PCURVE('',#9158,#9670);
#9670 = DEFINITIONAL_REPRESENTATION('',(#9671),#9674);
#9671 = B_SPLINE_CURVE_WITH_KNOTS('',1,(#9672,#9673),.UNSPECIFIED.,.F.,
  .F.,(2,2),(13.5,43.5),.PIECEWISE_BEZIER_KNOTS.);
#9672 = CARTESIAN_POINT('',(0.,78.));
#9673 = CARTESIAN_POINT('',(30.,78.));
#9674 = ( GEOMETRIC_REPRESENTATION_CONTEXT(2) 
PARAMETRIC_REPRESENTATION_CONTEXT() REPRESENTATION_CONTEXT('2D SPACE',''
  ) );
#9675 = ORIENTED_EDGE('',*,*,#9676,.F.);
#9676 = EDGE_CURVE('',#9677,#9656,#9679,.T.);
#9677 = VERTEX_POINT('',#9678);
#9678 = CARTESIAN_POINT('',(97.,25.,-14.));
#9679 = SURFACE_CURVE('',#9680,(#9684,#9690),.PCURVE_S1.);
#9680 = LINE('',#9681,#9682);
#9681 = CARTESIAN_POINT('',(97.,-27.,-14.));
#9682 = VECTOR('',#9683,1.);
#9683 = DIRECTION('',(0.,-1.,0.));
#9684 = PCURVE('',#6367,#9685);
#9685 = DEFINITIONAL_REPRESENTATION('',(#9686),#9689);
#9686 = B_SPLINE_CURVE_WITH_KNOTS('',1,(#9687,#9688),.UNSPECIFIED.,.F.,
  .F.,(2,2),(-52.,-44.),.PIECEWISE_BEZIER_KNOTS.);
#9687 = CARTESIAN_POINT('',(36.,-96.));
#9688 = CARTESIAN_POINT('',(36.,-88.));
#9689 = ( GEOMETRIC_REPRESENTATION_CONTEXT(2) 
PARAMETRIC_REPRESENTATION_CONTEXT() REPRESENTATION_CONTEXT('2D SPACE',''
  ) );
#9690 = PCURVE('',#9184,#9691);
#9691 = DEFINITIONAL_REPRESENTATION('',(#9692),#9695);
#9692 = B_SPLINE_CURVE_WITH_KNOTS('',1,(#9693,#9694),.UNSPECIFIED.,.F.,
  .F.,(2,2),(-52.,-44.),.PIECEWISE_BEZIER_KNOTS.);
#9693 = CARTESIAN_POINT('',(78.,8.));
#9694 = CARTESIAN_POINT('',(78.,0.));
#9695 = ( GEOMETRIC_REPRESENTATION_CONTEXT(2) 
PARAMETRIC_REPRESENTATION_CONTEXT() REPRESENTATION_CONTEXT('2D SPACE',''
  ) );
#9696 = ORIENTED_EDGE('',*,*,#9697,.F.);
#9697 = EDGE_CURVE('',#9698,#9677,#9700,.T.);
#9698 = VERTEX_POINT('',#9699);
#9699 = CARTESIAN_POINT('',(97.,25.,-20.));
#9700 = SURFACE_CURVE('',#9701,(#9705,#9711),.PCURVE_S1.);
#9701 = LINE('',#9702,#9703);
#9702 = CARTESIAN_POINT('',(97.,25.,-35.));
#9703 = VECTOR('',#9704,1.);
#9704 = DIRECTION('',(0.,0.,1.));
#9705 = PCURVE('',#6367,#9706);
#9706 = DEFINITIONAL_REPRESENTATION('',(#9707),#9710);
#9707 = B_SPLINE_CURVE_WITH_KNOTS('',1,(#9708,#9709),.UNSPECIFIED.,.F.,
  .F.,(2,2),(15.,21.),.PIECEWISE_BEZIER_KNOTS.);
#9708 = CARTESIAN_POINT('',(30.,-96.));
#9709 = CARTESIAN_POINT('',(36.,-96.));
#9710 = ( GEOMETRIC_REPRESENTATION_CONTEXT(2) 
PARAMETRIC_REPRESENTATION_CONTEXT() REPRESENTATION_CONTEXT('2D SPACE',''
  ) );
#9711 = PCURVE('',#9712,#9717);
#9712 = PLANE('',#9713);
#9713 = AXIS2_PLACEMENT_3D('',#9714,#9715,#9716);
#9714 = CARTESIAN_POINT('',(19.,25.,-20.));
#9715 = DIRECTION('',(0.,1.,0.));
#9716 = DIRECTION('',(0.,0.,1.));
#9717 = DEFINITIONAL_REPRESENTATION('',(#9718),#9721);
#9718 = B_SPLINE_CURVE_WITH_KNOTS('',1,(#9719,#9720),.UNSPECIFIED.,.F.,
  .F.,(2,2),(15.,21.),.PIECEWISE_BEZIER_KNOTS.);
#9719 = CARTESIAN_POINT('',(0.,78.));
#9720 = CARTESIAN_POINT('',(6.,78.));
#9721 = ( GEOMETRIC_REPRESENTATION_CONTEXT(2) 
PARAMETRIC_REPRESENTATION_CONTEXT() REPRESENTATION_CONTEXT('2D SPACE',''
  ) );
#9722 = ORIENTED_EDGE('',*,*,#9723,.T.);
#9723 = EDGE_CURVE('',#9698,#9483,#9724,.T.);
#9724 = SURFACE_CURVE('',#9725,(#9729,#9735),.PCURVE_S1.);
#9725 = LINE('',#9726,#9727);
#9726 = CARTESIAN_POINT('',(97.,-27.,-20.));
#9727 = VECTOR('',#9728,1.);
#9728 = DIRECTION('',(0.,-1.,0.));
#9729 = PCURVE('',#6367,#9730);
#9730 = DEFINITIONAL_REPRESENTATION('',(#9731),#9734);
#9731 = B_SPLINE_CURVE_WITH_KNOTS('',1,(#9732,#9733),.UNSPECIFIED.,.F.,
  .F.,(2,2),(-52.,-44.),.PIECEWISE_BEZIER_KNOTS.);
#9732 = CARTESIAN_POINT('',(30.,-96.));
#9733 = CARTESIAN_POINT('',(30.,-88.));
#9734 = ( GEOMETRIC_REPRESENTATION_CONTEXT(2) 
PARAMETRIC_REPRESENTATION_CONTEXT() REPRESENTATION_CONTEXT('2D SPACE',''
  ) );
#9735 = PCURVE('',#9234,#9736);
#9736 = DEFINITIONAL_REPRESENTATION('',(#9737),#9740);
#9737 = B_SPLINE_CURVE_WITH_KNOTS('',1,(#9738,#9739),.UNSPECIFIED.,.F.,
  .F.,(2,2),(-52.,-44.),.PIECEWISE_BEZIER_KNOTS.);
#9738 = CARTESIAN_POINT('',(78.,8.));
#9739 = CARTESIAN_POINT('',(78.,0.));
#9740 = ( GEOMETRIC_REPRESENTATION_CONTEXT(2) 
PARAMETRIC_REPRESENTATION_CONTEXT() REPRESENTATION_CONTEXT('2D SPACE',''
  ) );
#9741 = ADVANCED_FACE('',(#9742,#9957),#6320,.F.);
#9742 = FACE_BOUND('',#9743,.F.);
#9743 = EDGE_LOOP('',(#9744,#9774,#9802,#9823,#9844,#9865,#9893,#9914,
    #9915,#9916,#9937,#9938));
#9744 = ORIENTED_EDGE('',*,*,#9745,.F.);
#9745 = EDGE_CURVE('',#9746,#9748,#9750,.T.);
#9746 = VERTEX_POINT('',#9747);
#9747 = CARTESIAN_POINT('',(51.5,-71.,-50.));
#9748 = VERTEX_POINT('',#9749);
#9749 = CARTESIAN_POINT('',(51.5,-71.,49.));
#9750 = SURFACE_CURVE('',#9751,(#9755,#9762),.PCURVE_S1.);
#9751 = LINE('',#9752,#9753);
#9752 = CARTESIAN_POINT('',(51.5,-71.,-50.));
#9753 = VECTOR('',#9754,1.);
#9754 = DIRECTION('',(0.,0.,1.));
#9755 = PCURVE('',#6320,#9756);
#9756 = DEFINITIONAL_REPRESENTATION('',(#9757),#9761);
#9757 = LINE('',#9758,#9759);
#9758 = CARTESIAN_POINT('',(0.,0.));
#9759 = VECTOR('',#9760,1.);
#9760 = DIRECTION('',(1.,0.));
#9761 = ( GEOMETRIC_REPRESENTATION_CONTEXT(2) 
PARAMETRIC_REPRESENTATION_CONTEXT() REPRESENTATION_CONTEXT('2D SPACE',''
  ) );
#9762 = PCURVE('',#9763,#9768);
#9763 = PLANE('',#9764);
#9764 = AXIS2_PLACEMENT_3D('',#9765,#9766,#9767);
#9765 = CARTESIAN_POINT('',(47.5,-71.,-50.));
#9766 = DIRECTION('',(0.,1.,0.));
#9767 = DIRECTION('',(0.,0.,1.));
#9768 = DEFINITIONAL_REPRESENTATION('',(#9769),#9773);
#9769 = LINE('',#9770,#9771);
#9770 = CARTESIAN_POINT('',(0.,4.));
#9771 = VECTOR('',#9772,1.);
#9772 = DIRECTION('',(1.,0.));
#9773 = ( GEOMETRIC_REPRESENTATION_CONTEXT(2) 
PARAMETRIC_REPRESENTATION_CONTEXT() REPRESENTATION_CONTEXT('2D SPACE',''
  ) );
#9774 = ORIENTED_EDGE('',*,*,#9775,.T.);
#9775 = EDGE_CURVE('',#9746,#9776,#9778,.T.);
#9776 = VERTEX_POINT('',#9777);
#9777 = CARTESIAN_POINT('',(51.5,-43.,-50.));
#9778 = SURFACE_CURVE('',#9779,(#9783,#9790),.PCURVE_S1.);
#9779 = LINE('',#9780,#9781);
#9780 = CARTESIAN_POINT('',(51.5,-71.,-50.));
#9781 = VECTOR('',#9782,1.);
#9782 = DIRECTION('',(0.,1.,0.));
#9783 = PCURVE('',#6320,#9784);
#9784 = DEFINITIONAL_REPRESENTATION('',(#9785),#9789);
#9785 = LINE('',#9786,#9787);
#9786 = CARTESIAN_POINT('',(0.,0.));
#9787 = VECTOR('',#9788,1.);
#9788 = DIRECTION('',(0.,-1.));
#9789 = ( GEOMETRIC_REPRESENTATION_CONTEXT(2) 
PARAMETRIC_REPRESENTATION_CONTEXT() REPRESENTATION_CONTEXT('2D SPACE',''
  ) );
#9790 = PCURVE('',#9791,#9796);
#9791 = PLANE('',#9792);
#9792 = AXIS2_PLACEMENT_3D('',#9793,#9794,#9795);
#9793 = CARTESIAN_POINT('',(47.5,-71.,-50.));
#9794 = DIRECTION('',(0.,0.,1.));
#9795 = DIRECTION('',(1.,0.,0.));
#9796 = DEFINITIONAL_REPRESENTATION('',(#9797),#9801);
#9797 = LINE('',#9798,#9799);
#9798 = CARTESIAN_POINT('',(4.,0.));
#9799 = VECTOR('',#9800,1.);
#9800 = DIRECTION('',(0.,1.));
#9801 = ( GEOMETRIC_REPRESENTATION_CONTEXT(2) 
PARAMETRIC_REPRESENTATION_CONTEXT() REPRESENTATION_CONTEXT('2D SPACE',''
  ) );
#9802 = ORIENTED_EDGE('',*,*,#9803,.T.);
#9803 = EDGE_CURVE('',#9776,#9804,#9806,.T.);
#9804 = VERTEX_POINT('',#9805);
#9805 = CARTESIAN_POINT('',(51.5,-43.,-48.));
#9806 = SURFACE_CURVE('',#9807,(#9811,#9817),.PCURVE_S1.);
#9807 = LINE('',#9808,#9809);
#9808 = CARTESIAN_POINT('',(51.5,-43.,-51.));
#9809 = VECTOR('',#9810,1.);
#9810 = DIRECTION('',(0.,0.,1.));
#9811 = PCURVE('',#6320,#9812);
#9812 = DEFINITIONAL_REPRESENTATION('',(#9813),#9816);
#9813 = B_SPLINE_CURVE_WITH_KNOTS('',1,(#9814,#9815),.UNSPECIFIED.,.F.,
  .F.,(2,2),(1.,3.),.PIECEWISE_BEZIER_KNOTS.);
#9814 = CARTESIAN_POINT('',(0.,-28.));
#9815 = CARTESIAN_POINT('',(2.,-28.));
#9816 = ( GEOMETRIC_REPRESENTATION_CONTEXT(2) 
PARAMETRIC_REPRESENTATION_CONTEXT() REPRESENTATION_CONTEXT('2D SPACE',''
  ) );
#9817 = PCURVE('',#7014,#9818);
#9818 = DEFINITIONAL_REPRESENTATION('',(#9819),#9822);
#9819 = B_SPLINE_CURVE_WITH_KNOTS('',1,(#9820,#9821),.UNSPECIFIED.,.F.,
  .F.,(2,2),(1.,3.),.PIECEWISE_BEZIER_KNOTS.);
#9820 = CARTESIAN_POINT('',(2.,42.5));
#9821 = CARTESIAN_POINT('',(4.,42.5));
#9822 = ( GEOMETRIC_REPRESENTATION_CONTEXT(2) 
PARAMETRIC_REPRESENTATION_CONTEXT() REPRESENTATION_CONTEXT('2D SPACE',''
  ) );
#9823 = ORIENTED_EDGE('',*,*,#9824,.F.);
#9824 = EDGE_CURVE('',#9825,#9804,#9827,.T.);
#9825 = VERTEX_POINT('',#9826);
#9826 = CARTESIAN_POINT('',(51.5,30.25,-48.));
#9827 = SURFACE_CURVE('',#9828,(#9832,#9838),.PCURVE_S1.);
#9828 = LINE('',#9829,#9830);
#9829 = CARTESIAN_POINT('',(51.5,-50.625,-48.));
#9830 = VECTOR('',#9831,1.);
#9831 = DIRECTION('',(0.,-1.,0.));
#9832 = PCURVE('',#6320,#9833);
#9833 = DEFINITIONAL_REPRESENTATION('',(#9834),#9837);
#9834 = B_SPLINE_CURVE_WITH_KNOTS('',1,(#9835,#9836),.UNSPECIFIED.,.F.,
  .F.,(2,2),(-80.875,-7.625),.PIECEWISE_BEZIER_KNOTS.);
#9835 = CARTESIAN_POINT('',(2.,-101.25));
#9836 = CARTESIAN_POINT('',(2.,-28.));
#9837 = ( GEOMETRIC_REPRESENTATION_CONTEXT(2) 
PARAMETRIC_REPRESENTATION_CONTEXT() REPRESENTATION_CONTEXT('2D SPACE',''
  ) );
#9838 = PCURVE('',#9381,#9839);
#9839 = DEFINITIONAL_REPRESENTATION('',(#9840),#9843);
#9840 = B_SPLINE_CURVE_WITH_KNOTS('',1,(#9841,#9842),.UNSPECIFIED.,.F.,
  .F.,(2,2),(-80.875,-7.625),.PIECEWISE_BEZIER_KNOTS.);
#9841 = CARTESIAN_POINT('',(21.3,60.5));
#9842 = CARTESIAN_POINT('',(21.3,-12.75));
#9843 = ( GEOMETRIC_REPRESENTATION_CONTEXT(2) 
PARAMETRIC_REPRESENTATION_CONTEXT() REPRESENTATION_CONTEXT('2D SPACE',''
  ) );
#9844 = ORIENTED_EDGE('',*,*,#9845,.F.);
#9845 = EDGE_CURVE('',#9846,#9825,#9848,.T.);
#9846 = VERTEX_POINT('',#9847);
#9847 = CARTESIAN_POINT('',(51.5,30.25,-50.));
#9848 = SURFACE_CURVE('',#9849,(#9853,#9859),.PCURVE_S1.);
#9849 = LINE('',#9850,#9851);
#9850 = CARTESIAN_POINT('',(51.5,30.25,-51.));
#9851 = VECTOR('',#9852,1.);
#9852 = DIRECTION('',(0.,0.,1.));
#9853 = PCURVE('',#6320,#9854);
#9854 = DEFINITIONAL_REPRESENTATION('',(#9855),#9858);
#9855 = B_SPLINE_CURVE_WITH_KNOTS('',1,(#9856,#9857),.UNSPECIFIED.,.F.,
  .F.,(2,2),(1.,3.),.PIECEWISE_BEZIER_KNOTS.);
#9856 = CARTESIAN_POINT('',(0.,-101.25));
#9857 = CARTESIAN_POINT('',(2.,-101.25));
#9858 = ( GEOMETRIC_REPRESENTATION_CONTEXT(2) 
PARAMETRIC_REPRESENTATION_CONTEXT() REPRESENTATION_CONTEXT('2D SPACE',''
  ) );
#9859 = PCURVE('',#6904,#9860);
#9860 = DEFINITIONAL_REPRESENTATION('',(#9861),#9864);
#9861 = B_SPLINE_CURVE_WITH_KNOTS('',1,(#9862,#9863),.UNSPECIFIED.,.F.,
  .F.,(2,2),(1.,3.),.PIECEWISE_BEZIER_KNOTS.);
#9862 = CARTESIAN_POINT('',(2.,21.3));
#9863 = CARTESIAN_POINT('',(4.,21.3));
#9864 = ( GEOMETRIC_REPRESENTATION_CONTEXT(2) 
PARAMETRIC_REPRESENTATION_CONTEXT() REPRESENTATION_CONTEXT('2D SPACE',''
  ) );
#9865 = ORIENTED_EDGE('',*,*,#9866,.T.);
#9866 = EDGE_CURVE('',#9846,#9867,#9869,.T.);
#9867 = VERTEX_POINT('',#9868);
#9868 = CARTESIAN_POINT('',(51.5,71.,-50.));
#9869 = SURFACE_CURVE('',#9870,(#9874,#9881),.PCURVE_S1.);
#9870 = LINE('',#9871,#9872);
#9871 = CARTESIAN_POINT('',(51.5,-71.,-50.));
#9872 = VECTOR('',#9873,1.);
#9873 = DIRECTION('',(0.,1.,0.));
#9874 = PCURVE('',#6320,#9875);
#9875 = DEFINITIONAL_REPRESENTATION('',(#9876),#9880);
#9876 = LINE('',#9877,#9878);
#9877 = CARTESIAN_POINT('',(0.,0.));
#9878 = VECTOR('',#9879,1.);
#9879 = DIRECTION('',(0.,-1.));
#9880 = ( GEOMETRIC_REPRESENTATION_CONTEXT(2) 
PARAMETRIC_REPRESENTATION_CONTEXT() REPRESENTATION_CONTEXT('2D SPACE',''
  ) );
#9881 = PCURVE('',#9882,#9887);
#9882 = PLANE('',#9883);
#9883 = AXIS2_PLACEMENT_3D('',#9884,#9885,#9886);
#9884 = CARTESIAN_POINT('',(47.5,-71.,-50.));
#9885 = DIRECTION('',(0.,0.,1.));
#9886 = DIRECTION('',(1.,0.,0.));
#9887 = DEFINITIONAL_REPRESENTATION('',(#9888),#9892);
#9888 = LINE('',#9889,#9890);
#9889 = CARTESIAN_POINT('',(4.,0.));
#9890 = VECTOR('',#9891,1.);
#9891 = DIRECTION('',(0.,1.));
#9892 = ( GEOMETRIC_REPRESENTATION_CONTEXT(2) 
PARAMETRIC_REPRESENTATION_CONTEXT() REPRESENTATION_CONTEXT('2D SPACE',''
  ) );
#9893 = ORIENTED_EDGE('',*,*,#9894,.T.);
#9894 = EDGE_CURVE('',#9867,#6280,#9895,.T.);
#9895 = SURFACE_CURVE('',#9896,(#9900,#9907),.PCURVE_S1.);
#9896 = LINE('',#9897,#9898);
#9897 = CARTESIAN_POINT('',(51.5,71.,-50.));
#9898 = VECTOR('',#9899,1.);
#9899 = DIRECTION('',(0.,0.,1.));
#9900 = PCURVE('',#6320,#9901);
#9901 = DEFINITIONAL_REPRESENTATION('',(#9902),#9906);
#9902 = LINE('',#9903,#9904);
#9903 = CARTESIAN_POINT('',(0.,-142.));
#9904 = VECTOR('',#9905,1.);
#9905 = DIRECTION('',(1.,0.));
#9906 = ( GEOMETRIC_REPRESENTATION_CONTEXT(2) 
PARAMETRIC_REPRESENTATION_CONTEXT() REPRESENTATION_CONTEXT('2D SPACE',''
  ) );
#9907 = PCURVE('',#6294,#9908);
#9908 = DEFINITIONAL_REPRESENTATION('',(#9909),#9913);
#9909 = LINE('',#9910,#9911);
#9910 = CARTESIAN_POINT('',(0.,4.));
#9911 = VECTOR('',#9912,1.);
#9912 = DIRECTION('',(1.,0.));
#9913 = ( GEOMETRIC_REPRESENTATION_CONTEXT(2) 
PARAMETRIC_REPRESENTATION_CONTEXT() REPRESENTATION_CONTEXT('2D SPACE',''
  ) );
#9914 = ORIENTED_EDGE('',*,*,#6305,.F.);
#9915 = ORIENTED_EDGE('',*,*,#8647,.F.);
#9916 = ORIENTED_EDGE('',*,*,#9917,.F.);
#9917 = EDGE_CURVE('',#7294,#8648,#9918,.T.);
#9918 = SURFACE_CURVE('',#9919,(#9923,#9930),.PCURVE_S1.);
#9919 = LINE('',#9920,#9921);
#9920 = CARTESIAN_POINT('',(51.5,-71.,50.));
#9921 = VECTOR('',#9922,1.);
#9922 = DIRECTION('',(0.,1.,0.));
#9923 = PCURVE('',#6320,#9924);
#9924 = DEFINITIONAL_REPRESENTATION('',(#9925),#9929);
#9925 = LINE('',#9926,#9927);
#9926 = CARTESIAN_POINT('',(100.,0.));
#9927 = VECTOR('',#9928,1.);
#9928 = DIRECTION('',(0.,-1.));
#9929 = ( GEOMETRIC_REPRESENTATION_CONTEXT(2) 
PARAMETRIC_REPRESENTATION_CONTEXT() REPRESENTATION_CONTEXT('2D SPACE',''
  ) );
#9930 = PCURVE('',#7331,#9931);
#9931 = DEFINITIONAL_REPRESENTATION('',(#9932),#9936);
#9932 = LINE('',#9933,#9934);
#9933 = CARTESIAN_POINT('',(4.,0.));
#9934 = VECTOR('',#9935,1.);
#9935 = DIRECTION('',(0.,1.));
#9936 = ( GEOMETRIC_REPRESENTATION_CONTEXT(2) 
PARAMETRIC_REPRESENTATION_CONTEXT() REPRESENTATION_CONTEXT('2D SPACE',''
  ) );
#9937 = ORIENTED_EDGE('',*,*,#7293,.T.);
#9938 = ORIENTED_EDGE('',*,*,#9939,.F.);
#9939 = EDGE_CURVE('',#9748,#7272,#9940,.T.);
#9940 = SURFACE_CURVE('',#9941,(#9945,#9951),.PCURVE_S1.);
#9941 = LINE('',#9942,#9943);
#9942 = CARTESIAN_POINT('',(51.5,-73.,49.));
#9943 = VECTOR('',#9944,1.);
#9944 = DIRECTION('',(0.,1.,0.));
#9945 = PCURVE('',#6320,#9946);
#9946 = DEFINITIONAL_REPRESENTATION('',(#9947),#9950);
#9947 = B_SPLINE_CURVE_WITH_KNOTS('',1,(#9948,#9949),.UNSPECIFIED.,.F.,
  .F.,(2,2),(2.,144.),.PIECEWISE_BEZIER_KNOTS.);
#9948 = CARTESIAN_POINT('',(99.,0.));
#9949 = CARTESIAN_POINT('',(99.,-142.));
#9950 = ( GEOMETRIC_REPRESENTATION_CONTEXT(2) 
PARAMETRIC_REPRESENTATION_CONTEXT() REPRESENTATION_CONTEXT('2D SPACE',''
  ) );
#9951 = PCURVE('',#6607,#9952);
#9952 = DEFINITIONAL_REPRESENTATION('',(#9953),#9956);
#9953 = B_SPLINE_CURVE_WITH_KNOTS('',1,(#9954,#9955),.UNSPECIFIED.,.F.,
  .F.,(2,2),(2.,144.),.PIECEWISE_BEZIER_KNOTS.);
#9954 = CARTESIAN_POINT('',(51.5,4.));
#9955 = CARTESIAN_POINT('',(51.5,146.));
#9956 = ( GEOMETRIC_REPRESENTATION_CONTEXT(2) 
PARAMETRIC_REPRESENTATION_CONTEXT() REPRESENTATION_CONTEXT('2D SPACE',''
  ) );
#9957 = FACE_BOUND('',#9958,.F.);
#9958 = EDGE_LOOP('',(#9959,#9987,#10013,#10039,#10060,#10081,#10102,
    #10128,#10154,#10180,#10201,#10222));
#9959 = ORIENTED_EDGE('',*,*,#9960,.F.);
#9960 = EDGE_CURVE('',#9961,#9963,#9965,.T.);
#9961 = VERTEX_POINT('',#9962);
#9962 = CARTESIAN_POINT('',(51.5,20.,-23.));
#9963 = VERTEX_POINT('',#9964);
#9964 = CARTESIAN_POINT('',(51.5,20.,-20.));
#9965 = SURFACE_CURVE('',#9966,(#9970,#9976),.PCURVE_S1.);
#9966 = LINE('',#9967,#9968);
#9967 = CARTESIAN_POINT('',(51.5,20.,-36.5));
#9968 = VECTOR('',#9969,1.);
#9969 = DIRECTION('',(0.,0.,1.));
#9970 = PCURVE('',#6320,#9971);
#9971 = DEFINITIONAL_REPRESENTATION('',(#9972),#9975);
#9972 = B_SPLINE_CURVE_WITH_KNOTS('',1,(#9973,#9974),.UNSPECIFIED.,.F.,
  .F.,(2,2),(13.5,43.5),.PIECEWISE_BEZIER_KNOTS.);
#9973 = CARTESIAN_POINT('',(27.,-91.));
#9974 = CARTESIAN_POINT('',(57.,-91.));
#9975 = ( GEOMETRIC_REPRESENTATION_CONTEXT(2) 
PARAMETRIC_REPRESENTATION_CONTEXT() REPRESENTATION_CONTEXT('2D SPACE',''
  ) );
#9976 = PCURVE('',#9977,#9982);
#9977 = PLANE('',#9978);
#9978 = AXIS2_PLACEMENT_3D('',#9979,#9980,#9981);
#9979 = CARTESIAN_POINT('',(19.,20.,-23.));
#9980 = DIRECTION('',(0.,1.,0.));
#9981 = DIRECTION('',(0.,0.,1.));
#9982 = DEFINITIONAL_REPRESENTATION('',(#9983),#9986);
#9983 = B_SPLINE_CURVE_WITH_KNOTS('',1,(#9984,#9985),.UNSPECIFIED.,.F.,
  .F.,(2,2),(13.5,43.5),.PIECEWISE_BEZIER_KNOTS.);
#9984 = CARTESIAN_POINT('',(0.,32.5));
#9985 = CARTESIAN_POINT('',(30.,32.5));
#9986 = ( GEOMETRIC_REPRESENTATION_CONTEXT(2) 
PARAMETRIC_REPRESENTATION_CONTEXT() REPRESENTATION_CONTEXT('2D SPACE',''
  ) );
#9987 = ORIENTED_EDGE('',*,*,#9988,.T.);
#9988 = EDGE_CURVE('',#9961,#9989,#9991,.T.);
#9989 = VERTEX_POINT('',#9990);
#9990 = CARTESIAN_POINT('',(51.5,-20.,-23.));
#9991 = SURFACE_CURVE('',#9992,(#9996,#10002),.PCURVE_S1.);
#9992 = LINE('',#9993,#9994);
#9993 = CARTESIAN_POINT('',(51.5,-45.5,-23.));
#9994 = VECTOR('',#9995,1.);
#9995 = DIRECTION('',(0.,-1.,0.));
#9996 = PCURVE('',#6320,#9997);
#9997 = DEFINITIONAL_REPRESENTATION('',(#9998),#10001);
#9998 = B_SPLINE_CURVE_WITH_KNOTS('',1,(#9999,#10000),.UNSPECIFIED.,.F.,
  .F.,(2,2),(-65.5,-25.5),.PIECEWISE_BEZIER_KNOTS.);
#9999 = CARTESIAN_POINT('',(27.,-91.));
#10000 = CARTESIAN_POINT('',(27.,-51.));
#10001 = ( GEOMETRIC_REPRESENTATION_CONTEXT(2) 
PARAMETRIC_REPRESENTATION_CONTEXT() REPRESENTATION_CONTEXT('2D SPACE',''
  ) );
#10002 = PCURVE('',#10003,#10008);
#10003 = PLANE('',#10004);
#10004 = AXIS2_PLACEMENT_3D('',#10005,#10006,#10007);
#10005 = CARTESIAN_POINT('',(19.,-20.,-23.));
#10006 = DIRECTION('',(0.,0.,1.));
#10007 = DIRECTION('',(1.,0.,0.));
#10008 = DEFINITIONAL_REPRESENTATION('',(#10009),#10012);
#10009 = B_SPLINE_CURVE_WITH_KNOTS('',1,(#10010,#10011),.UNSPECIFIED.,
  .F.,.F.,(2,2),(-65.5,-25.5),.PIECEWISE_BEZIER_KNOTS.);
#10010 = CARTESIAN_POINT('',(32.5,40.));
#10011 = CARTESIAN_POINT('',(32.5,0.));
#10012 = ( GEOMETRIC_REPRESENTATION_CONTEXT(2) 
PARAMETRIC_REPRESENTATION_CONTEXT() REPRESENTATION_CONTEXT('2D SPACE',''
  ) );
#10013 = ORIENTED_EDGE('',*,*,#10014,.T.);
#10014 = EDGE_CURVE('',#9989,#10015,#10017,.T.);
#10015 = VERTEX_POINT('',#10016);
#10016 = CARTESIAN_POINT('',(51.5,-20.,-20.));
#10017 = SURFACE_CURVE('',#10018,(#10022,#10028),.PCURVE_S1.);
#10018 = LINE('',#10019,#10020);
#10019 = CARTESIAN_POINT('',(51.5,-20.,-36.5));
#10020 = VECTOR('',#10021,1.);
#10021 = DIRECTION('',(0.,0.,1.));
#10022 = PCURVE('',#6320,#10023);
#10023 = DEFINITIONAL_REPRESENTATION('',(#10024),#10027);
#10024 = B_SPLINE_CURVE_WITH_KNOTS('',1,(#10025,#10026),.UNSPECIFIED.,
  .F.,.F.,(2,2),(13.5,43.5),.PIECEWISE_BEZIER_KNOTS.);
#10025 = CARTESIAN_POINT('',(27.,-51.));
#10026 = CARTESIAN_POINT('',(57.,-51.));
#10027 = ( GEOMETRIC_REPRESENTATION_CONTEXT(2) 
PARAMETRIC_REPRESENTATION_CONTEXT() REPRESENTATION_CONTEXT('2D SPACE',''
  ) );
#10028 = PCURVE('',#10029,#10034);
#10029 = PLANE('',#10030);
#10030 = AXIS2_PLACEMENT_3D('',#10031,#10032,#10033);
#10031 = CARTESIAN_POINT('',(19.,-20.,-23.));
#10032 = DIRECTION('',(0.,1.,0.));
#10033 = DIRECTION('',(0.,0.,1.));
#10034 = DEFINITIONAL_REPRESENTATION('',(#10035),#10038);
#10035 = B_SPLINE_CURVE_WITH_KNOTS('',1,(#10036,#10037),.UNSPECIFIED.,
  .F.,.F.,(2,2),(13.5,43.5),.PIECEWISE_BEZIER_KNOTS.);
#10036 = CARTESIAN_POINT('',(0.,32.5));
#10037 = CARTESIAN_POINT('',(30.,32.5));
#10038 = ( GEOMETRIC_REPRESENTATION_CONTEXT(2) 
PARAMETRIC_REPRESENTATION_CONTEXT() REPRESENTATION_CONTEXT('2D SPACE',''
  ) );
#10039 = ORIENTED_EDGE('',*,*,#10040,.T.);
#10040 = EDGE_CURVE('',#10015,#10041,#10043,.T.);
#10041 = VERTEX_POINT('',#10042);
#10042 = CARTESIAN_POINT('',(51.5,-25.,-20.));
#10043 = SURFACE_CURVE('',#10044,(#10048,#10054),.PCURVE_S1.);
#10044 = LINE('',#10045,#10046);
#10045 = CARTESIAN_POINT('',(51.5,-48.,-20.));
#10046 = VECTOR('',#10047,1.);
#10047 = DIRECTION('',(0.,-1.,0.));
#10048 = PCURVE('',#6320,#10049);
#10049 = DEFINITIONAL_REPRESENTATION('',(#10050),#10053);
#10050 = B_SPLINE_CURVE_WITH_KNOTS('',1,(#10051,#10052),.UNSPECIFIED.,
  .F.,.F.,(2,2),(-31.,-23.),.PIECEWISE_BEZIER_KNOTS.);
#10051 = CARTESIAN_POINT('',(30.,-54.));
#10052 = CARTESIAN_POINT('',(30.,-46.));
#10053 = ( GEOMETRIC_REPRESENTATION_CONTEXT(2) 
PARAMETRIC_REPRESENTATION_CONTEXT() REPRESENTATION_CONTEXT('2D SPACE',''
  ) );
#10054 = PCURVE('',#9028,#10055);
#10055 = DEFINITIONAL_REPRESENTATION('',(#10056),#10059);
#10056 = B_SPLINE_CURVE_WITH_KNOTS('',1,(#10057,#10058),.UNSPECIFIED.,
  .F.,.F.,(2,2),(-31.,-23.),.PIECEWISE_BEZIER_KNOTS.);
#10057 = CARTESIAN_POINT('',(32.5,8.));
#10058 = CARTESIAN_POINT('',(32.5,0.));
#10059 = ( GEOMETRIC_REPRESENTATION_CONTEXT(2) 
PARAMETRIC_REPRESENTATION_CONTEXT() REPRESENTATION_CONTEXT('2D SPACE',''
  ) );
#10060 = ORIENTED_EDGE('',*,*,#10061,.T.);
#10061 = EDGE_CURVE('',#10041,#10062,#10064,.T.);
#10062 = VERTEX_POINT('',#10063);
#10063 = CARTESIAN_POINT('',(51.5,-25.,-14.));
#10064 = SURFACE_CURVE('',#10065,(#10069,#10075),.PCURVE_S1.);
#10065 = LINE('',#10066,#10067);
#10066 = CARTESIAN_POINT('',(51.5,-25.,-35.));
#10067 = VECTOR('',#10068,1.);
#10068 = DIRECTION('',(0.,0.,1.));
#10069 = PCURVE('',#6320,#10070);
#10070 = DEFINITIONAL_REPRESENTATION('',(#10071),#10074);
#10071 = B_SPLINE_CURVE_WITH_KNOTS('',1,(#10072,#10073),.UNSPECIFIED.,
  .F.,.F.,(2,2),(15.,21.),.PIECEWISE_BEZIER_KNOTS.);
#10072 = CARTESIAN_POINT('',(30.,-46.));
#10073 = CARTESIAN_POINT('',(36.,-46.));
#10074 = ( GEOMETRIC_REPRESENTATION_CONTEXT(2) 
PARAMETRIC_REPRESENTATION_CONTEXT() REPRESENTATION_CONTEXT('2D SPACE',''
  ) );
#10075 = PCURVE('',#9581,#10076);
#10076 = DEFINITIONAL_REPRESENTATION('',(#10077),#10080);
#10077 = B_SPLINE_CURVE_WITH_KNOTS('',1,(#10078,#10079),.UNSPECIFIED.,
  .F.,.F.,(2,2),(15.,21.),.PIECEWISE_BEZIER_KNOTS.);
#10078 = CARTESIAN_POINT('',(0.,32.5));
#10079 = CARTESIAN_POINT('',(6.,32.5));
#10080 = ( GEOMETRIC_REPRESENTATION_CONTEXT(2) 
PARAMETRIC_REPRESENTATION_CONTEXT() REPRESENTATION_CONTEXT('2D SPACE',''
  ) );
#10081 = ORIENTED_EDGE('',*,*,#10082,.F.);
#10082 = EDGE_CURVE('',#10083,#10062,#10085,.T.);
#10083 = VERTEX_POINT('',#10084);
#10084 = CARTESIAN_POINT('',(51.5,-20.,-14.));
#10085 = SURFACE_CURVE('',#10086,(#10090,#10096),.PCURVE_S1.);
#10086 = LINE('',#10087,#10088);
#10087 = CARTESIAN_POINT('',(51.5,-48.,-14.));
#10088 = VECTOR('',#10089,1.);
#10089 = DIRECTION('',(0.,-1.,0.));
#10090 = PCURVE('',#6320,#10091);
#10091 = DEFINITIONAL_REPRESENTATION('',(#10092),#10095);
#10092 = B_SPLINE_CURVE_WITH_KNOTS('',1,(#10093,#10094),.UNSPECIFIED.,
  .F.,.F.,(2,2),(-31.,-23.),.PIECEWISE_BEZIER_KNOTS.);
#10093 = CARTESIAN_POINT('',(36.,-54.));
#10094 = CARTESIAN_POINT('',(36.,-46.));
#10095 = ( GEOMETRIC_REPRESENTATION_CONTEXT(2) 
PARAMETRIC_REPRESENTATION_CONTEXT() REPRESENTATION_CONTEXT('2D SPACE',''
  ) );
#10096 = PCURVE('',#9080,#10097);
#10097 = DEFINITIONAL_REPRESENTATION('',(#10098),#10101);
#10098 = B_SPLINE_CURVE_WITH_KNOTS('',1,(#10099,#10100),.UNSPECIFIED.,
  .F.,.F.,(2,2),(-31.,-23.),.PIECEWISE_BEZIER_KNOTS.);
#10099 = CARTESIAN_POINT('',(32.5,8.));
#10100 = CARTESIAN_POINT('',(32.5,0.));
#10101 = ( GEOMETRIC_REPRESENTATION_CONTEXT(2) 
PARAMETRIC_REPRESENTATION_CONTEXT() REPRESENTATION_CONTEXT('2D SPACE',''
  ) );
#10102 = ORIENTED_EDGE('',*,*,#10103,.T.);
#10103 = EDGE_CURVE('',#10083,#10104,#10106,.T.);
#10104 = VERTEX_POINT('',#10105);
#10105 = CARTESIAN_POINT('',(51.5,-20.,7.));
#10106 = SURFACE_CURVE('',#10107,(#10111,#10117),.PCURVE_S1.);
#10107 = LINE('',#10108,#10109);
#10108 = CARTESIAN_POINT('',(51.5,-20.,-36.5));
#10109 = VECTOR('',#10110,1.);
#10110 = DIRECTION('',(0.,0.,1.));
#10111 = PCURVE('',#6320,#10112);
#10112 = DEFINITIONAL_REPRESENTATION('',(#10113),#10116);
#10113 = B_SPLINE_CURVE_WITH_KNOTS('',1,(#10114,#10115),.UNSPECIFIED.,
  .F.,.F.,(2,2),(13.5,43.5),.PIECEWISE_BEZIER_KNOTS.);
#10114 = CARTESIAN_POINT('',(27.,-51.));
#10115 = CARTESIAN_POINT('',(57.,-51.));
#10116 = ( GEOMETRIC_REPRESENTATION_CONTEXT(2) 
PARAMETRIC_REPRESENTATION_CONTEXT() REPRESENTATION_CONTEXT('2D SPACE',''
  ) );
#10117 = PCURVE('',#10118,#10123);
#10118 = PLANE('',#10119);
#10119 = AXIS2_PLACEMENT_3D('',#10120,#10121,#10122);
#10120 = CARTESIAN_POINT('',(19.,-20.,-23.));
#10121 = DIRECTION('',(0.,1.,0.));
#10122 = DIRECTION('',(0.,0.,1.));
#10123 = DEFINITIONAL_REPRESENTATION('',(#10124),#10127);
#10124 = B_SPLINE_CURVE_WITH_KNOTS('',1,(#10125,#10126),.UNSPECIFIED.,
  .F.,.F.,(2,2),(13.5,43.5),.PIECEWISE_BEZIER_KNOTS.);
#10125 = CARTESIAN_POINT('',(0.,32.5));
#10126 = CARTESIAN_POINT('',(30.,32.5));
#10127 = ( GEOMETRIC_REPRESENTATION_CONTEXT(2) 
PARAMETRIC_REPRESENTATION_CONTEXT() REPRESENTATION_CONTEXT('2D SPACE',''
  ) );
#10128 = ORIENTED_EDGE('',*,*,#10129,.F.);
#10129 = EDGE_CURVE('',#10130,#10104,#10132,.T.);
#10130 = VERTEX_POINT('',#10131);
#10131 = CARTESIAN_POINT('',(51.5,20.,7.));
#10132 = SURFACE_CURVE('',#10133,(#10137,#10143),.PCURVE_S1.);
#10133 = LINE('',#10134,#10135);
#10134 = CARTESIAN_POINT('',(51.5,-45.5,7.));
#10135 = VECTOR('',#10136,1.);
#10136 = DIRECTION('',(0.,-1.,0.));
#10137 = PCURVE('',#6320,#10138);
#10138 = DEFINITIONAL_REPRESENTATION('',(#10139),#10142);
#10139 = B_SPLINE_CURVE_WITH_KNOTS('',1,(#10140,#10141),.UNSPECIFIED.,
  .F.,.F.,(2,2),(-65.5,-25.5),.PIECEWISE_BEZIER_KNOTS.);
#10140 = CARTESIAN_POINT('',(57.,-91.));
#10141 = CARTESIAN_POINT('',(57.,-51.));
#10142 = ( GEOMETRIC_REPRESENTATION_CONTEXT(2) 
PARAMETRIC_REPRESENTATION_CONTEXT() REPRESENTATION_CONTEXT('2D SPACE',''
  ) );
#10143 = PCURVE('',#10144,#10149);
#10144 = PLANE('',#10145);
#10145 = AXIS2_PLACEMENT_3D('',#10146,#10147,#10148);
#10146 = CARTESIAN_POINT('',(19.,-20.,7.));
#10147 = DIRECTION('',(0.,0.,1.));
#10148 = DIRECTION('',(1.,0.,0.));
#10149 = DEFINITIONAL_REPRESENTATION('',(#10150),#10153);
#10150 = B_SPLINE_CURVE_WITH_KNOTS('',1,(#10151,#10152),.UNSPECIFIED.,
  .F.,.F.,(2,2),(-65.5,-25.5),.PIECEWISE_BEZIER_KNOTS.);
#10151 = CARTESIAN_POINT('',(32.5,40.));
#10152 = CARTESIAN_POINT('',(32.5,0.));
#10153 = ( GEOMETRIC_REPRESENTATION_CONTEXT(2) 
PARAMETRIC_REPRESENTATION_CONTEXT() REPRESENTATION_CONTEXT('2D SPACE',''
  ) );
#10154 = ORIENTED_EDGE('',*,*,#10155,.F.);
#10155 = EDGE_CURVE('',#10156,#10130,#10158,.T.);
#10156 = VERTEX_POINT('',#10157);
#10157 = CARTESIAN_POINT('',(51.5,20.,-14.));
#10158 = SURFACE_CURVE('',#10159,(#10163,#10169),.PCURVE_S1.);
#10159 = LINE('',#10160,#10161);
#10160 = CARTESIAN_POINT('',(51.5,20.,-36.5));
#10161 = VECTOR('',#10162,1.);
#10162 = DIRECTION('',(0.,0.,1.));
#10163 = PCURVE('',#6320,#10164);
#10164 = DEFINITIONAL_REPRESENTATION('',(#10165),#10168);
#10165 = B_SPLINE_CURVE_WITH_KNOTS('',1,(#10166,#10167),.UNSPECIFIED.,
  .F.,.F.,(2,2),(13.5,43.5),.PIECEWISE_BEZIER_KNOTS.);
#10166 = CARTESIAN_POINT('',(27.,-91.));
#10167 = CARTESIAN_POINT('',(57.,-91.));
#10168 = ( GEOMETRIC_REPRESENTATION_CONTEXT(2) 
PARAMETRIC_REPRESENTATION_CONTEXT() REPRESENTATION_CONTEXT('2D SPACE',''
  ) );
#10169 = PCURVE('',#10170,#10175);
#10170 = PLANE('',#10171);
#10171 = AXIS2_PLACEMENT_3D('',#10172,#10173,#10174);
#10172 = CARTESIAN_POINT('',(19.,20.,-23.));
#10173 = DIRECTION('',(0.,1.,0.));
#10174 = DIRECTION('',(0.,0.,1.));
#10175 = DEFINITIONAL_REPRESENTATION('',(#10176),#10179);
#10176 = B_SPLINE_CURVE_WITH_KNOTS('',1,(#10177,#10178),.UNSPECIFIED.,
  .F.,.F.,(2,2),(13.5,43.5),.PIECEWISE_BEZIER_KNOTS.);
#10177 = CARTESIAN_POINT('',(0.,32.5));
#10178 = CARTESIAN_POINT('',(30.,32.5));
#10179 = ( GEOMETRIC_REPRESENTATION_CONTEXT(2) 
PARAMETRIC_REPRESENTATION_CONTEXT() REPRESENTATION_CONTEXT('2D SPACE',''
  ) );
#10180 = ORIENTED_EDGE('',*,*,#10181,.F.);
#10181 = EDGE_CURVE('',#10182,#10156,#10184,.T.);
#10182 = VERTEX_POINT('',#10183);
#10183 = CARTESIAN_POINT('',(51.5,25.,-14.));
#10184 = SURFACE_CURVE('',#10185,(#10189,#10195),.PCURVE_S1.);
#10185 = LINE('',#10186,#10187);
#10186 = CARTESIAN_POINT('',(51.5,-27.,-14.));
#10187 = VECTOR('',#10188,1.);
#10188 = DIRECTION('',(0.,-1.,0.));
#10189 = PCURVE('',#6320,#10190);
#10190 = DEFINITIONAL_REPRESENTATION('',(#10191),#10194);
#10191 = B_SPLINE_CURVE_WITH_KNOTS('',1,(#10192,#10193),.UNSPECIFIED.,
  .F.,.F.,(2,2),(-52.,-44.),.PIECEWISE_BEZIER_KNOTS.);
#10192 = CARTESIAN_POINT('',(36.,-96.));
#10193 = CARTESIAN_POINT('',(36.,-88.));
#10194 = ( GEOMETRIC_REPRESENTATION_CONTEXT(2) 
PARAMETRIC_REPRESENTATION_CONTEXT() REPRESENTATION_CONTEXT('2D SPACE',''
  ) );
#10195 = PCURVE('',#9184,#10196);
#10196 = DEFINITIONAL_REPRESENTATION('',(#10197),#10200);
#10197 = B_SPLINE_CURVE_WITH_KNOTS('',1,(#10198,#10199),.UNSPECIFIED.,
  .F.,.F.,(2,2),(-52.,-44.),.PIECEWISE_BEZIER_KNOTS.);
#10198 = CARTESIAN_POINT('',(32.5,8.));
#10199 = CARTESIAN_POINT('',(32.5,0.));
#10200 = ( GEOMETRIC_REPRESENTATION_CONTEXT(2) 
PARAMETRIC_REPRESENTATION_CONTEXT() REPRESENTATION_CONTEXT('2D SPACE',''
  ) );
#10201 = ORIENTED_EDGE('',*,*,#10202,.F.);
#10202 = EDGE_CURVE('',#10203,#10182,#10205,.T.);
#10203 = VERTEX_POINT('',#10204);
#10204 = CARTESIAN_POINT('',(51.5,25.,-20.));
#10205 = SURFACE_CURVE('',#10206,(#10210,#10216),.PCURVE_S1.);
#10206 = LINE('',#10207,#10208);
#10207 = CARTESIAN_POINT('',(51.5,25.,-35.));
#10208 = VECTOR('',#10209,1.);
#10209 = DIRECTION('',(0.,0.,1.));
#10210 = PCURVE('',#6320,#10211);
#10211 = DEFINITIONAL_REPRESENTATION('',(#10212),#10215);
#10212 = B_SPLINE_CURVE_WITH_KNOTS('',1,(#10213,#10214),.UNSPECIFIED.,
  .F.,.F.,(2,2),(15.,21.),.PIECEWISE_BEZIER_KNOTS.);
#10213 = CARTESIAN_POINT('',(30.,-96.));
#10214 = CARTESIAN_POINT('',(36.,-96.));
#10215 = ( GEOMETRIC_REPRESENTATION_CONTEXT(2) 
PARAMETRIC_REPRESENTATION_CONTEXT() REPRESENTATION_CONTEXT('2D SPACE',''
  ) );
#10216 = PCURVE('',#9712,#10217);
#10217 = DEFINITIONAL_REPRESENTATION('',(#10218),#10221);
#10218 = B_SPLINE_CURVE_WITH_KNOTS('',1,(#10219,#10220),.UNSPECIFIED.,
  .F.,.F.,(2,2),(15.,21.),.PIECEWISE_BEZIER_KNOTS.);
#10219 = CARTESIAN_POINT('',(0.,32.5));
#10220 = CARTESIAN_POINT('',(6.,32.5));
#10221 = ( GEOMETRIC_REPRESENTATION_CONTEXT(2) 
PARAMETRIC_REPRESENTATION_CONTEXT() REPRESENTATION_CONTEXT('2D SPACE',''
  ) );
#10222 = ORIENTED_EDGE('',*,*,#10223,.T.);
#10223 = EDGE_CURVE('',#10203,#9963,#10224,.T.);
#10224 = SURFACE_CURVE('',#10225,(#10229,#10235),.PCURVE_S1.);
#10225 = LINE('',#10226,#10227);
#10226 = CARTESIAN_POINT('',(51.5,-27.,-20.));
#10227 = VECTOR('',#10228,1.);
#10228 = DIRECTION('',(0.,-1.,0.));
#10229 = PCURVE('',#6320,#10230);
#10230 = DEFINITIONAL_REPRESENTATION('',(#10231),#10234);
#10231 = B_SPLINE_CURVE_WITH_KNOTS('',1,(#10232,#10233),.UNSPECIFIED.,
  .F.,.F.,(2,2),(-52.,-44.),.PIECEWISE_BEZIER_KNOTS.);
#10232 = CARTESIAN_POINT('',(30.,-96.));
#10233 = CARTESIAN_POINT('',(30.,-88.));
#10234 = ( GEOMETRIC_REPRESENTATION_CONTEXT(2) 
PARAMETRIC_REPRESENTATION_CONTEXT() REPRESENTATION_CONTEXT('2D SPACE',''
  ) );
#10235 = PCURVE('',#9234,#10236);
#10236 = DEFINITIONAL_REPRESENTATION('',(#10237),#10240);
#10237 = B_SPLINE_CURVE_WITH_KNOTS('',1,(#10238,#10239),.UNSPECIFIED.,
  .F.,.F.,(2,2),(-52.,-44.),.PIECEWISE_BEZIER_KNOTS.);
#10238 = CARTESIAN_POINT('',(32.5,8.));
#10239 = CARTESIAN_POINT('',(32.5,0.));
#10240 = ( GEOMETRIC_REPRESENTATION_CONTEXT(2) 
PARAMETRIC_REPRESENTATION_CONTEXT() REPRESENTATION_CONTEXT('2D SPACE',''
  ) );
#10241 = ADVANCED_FACE('',(#10242),#6294,.F.);
#10242 = FACE_BOUND('',#10243,.F.);
#10243 = EDGE_LOOP('',(#10244,#10245,#10268,#10289));
#10244 = ORIENTED_EDGE('',*,*,#9894,.F.);
#10245 = ORIENTED_EDGE('',*,*,#10246,.F.);
#10246 = EDGE_CURVE('',#10247,#9867,#10249,.T.);
#10247 = VERTEX_POINT('',#10248);
#10248 = CARTESIAN_POINT('',(47.5,71.,-50.));
#10249 = SURFACE_CURVE('',#10250,(#10254,#10261),.PCURVE_S1.);
#10250 = LINE('',#10251,#10252);
#10251 = CARTESIAN_POINT('',(47.5,71.,-50.));
#10252 = VECTOR('',#10253,1.);
#10253 = DIRECTION('',(1.,0.,0.));
#10254 = PCURVE('',#6294,#10255);
#10255 = DEFINITIONAL_REPRESENTATION('',(#10256),#10260);
#10256 = LINE('',#10257,#10258);
#10257 = CARTESIAN_POINT('',(0.,0.));
#10258 = VECTOR('',#10259,1.);
#10259 = DIRECTION('',(0.,1.));
#10260 = ( GEOMETRIC_REPRESENTATION_CONTEXT(2) 
PARAMETRIC_REPRESENTATION_CONTEXT() REPRESENTATION_CONTEXT('2D SPACE',''
  ) );
#10261 = PCURVE('',#9882,#10262);
#10262 = DEFINITIONAL_REPRESENTATION('',(#10263),#10267);
#10263 = LINE('',#10264,#10265);
#10264 = CARTESIAN_POINT('',(0.,142.));
#10265 = VECTOR('',#10266,1.);
#10266 = DIRECTION('',(1.,0.));
#10267 = ( GEOMETRIC_REPRESENTATION_CONTEXT(2) 
PARAMETRIC_REPRESENTATION_CONTEXT() REPRESENTATION_CONTEXT('2D SPACE',''
  ) );
#10268 = ORIENTED_EDGE('',*,*,#10269,.T.);
#10269 = EDGE_CURVE('',#10247,#6254,#10270,.T.);
#10270 = SURFACE_CURVE('',#10271,(#10275,#10282),.PCURVE_S1.);
#10271 = LINE('',#10272,#10273);
#10272 = CARTESIAN_POINT('',(47.5,71.,-50.));
#10273 = VECTOR('',#10274,1.);
#10274 = DIRECTION('',(0.,0.,1.));
#10275 = PCURVE('',#6294,#10276);
#10276 = DEFINITIONAL_REPRESENTATION('',(#10277),#10281);
#10277 = LINE('',#10278,#10279);
#10278 = CARTESIAN_POINT('',(0.,0.));
#10279 = VECTOR('',#10280,1.);
#10280 = DIRECTION('',(1.,0.));
#10281 = ( GEOMETRIC_REPRESENTATION_CONTEXT(2) 
PARAMETRIC_REPRESENTATION_CONTEXT() REPRESENTATION_CONTEXT('2D SPACE',''
  ) );
#10282 = PCURVE('',#6268,#10283);
#10283 = DEFINITIONAL_REPRESENTATION('',(#10284),#10288);
#10284 = LINE('',#10285,#10286);
#10285 = CARTESIAN_POINT('',(0.,-142.));
#10286 = VECTOR('',#10287,1.);
#10287 = DIRECTION('',(1.,0.));
#10288 = ( GEOMETRIC_REPRESENTATION_CONTEXT(2) 
PARAMETRIC_REPRESENTATION_CONTEXT() REPRESENTATION_CONTEXT('2D SPACE',''
  ) );
#10289 = ORIENTED_EDGE('',*,*,#6279,.F.);
#10290 = ADVANCED_FACE('',(#10291,#10662),#6268,.T.);
#10291 = FACE_BOUND('',#10292,.T.);
#10292 = EDGE_LOOP('',(#10293,#10318,#10341,#10362,#10388,#10414,#10440,
    #10461,#10482,#10508,#10534,#10555,#10576,#10597,#10618,#10619,
    #10620,#10621,#10642,#10643));
#10293 = ORIENTED_EDGE('',*,*,#10294,.F.);
#10294 = EDGE_CURVE('',#10295,#10297,#10299,.T.);
#10295 = VERTEX_POINT('',#10296);
#10296 = CARTESIAN_POINT('',(47.5,-71.,-50.));
#10297 = VERTEX_POINT('',#10298);
#10298 = CARTESIAN_POINT('',(47.5,-71.,49.));
#10299 = SURFACE_CURVE('',#10300,(#10304,#10311),.PCURVE_S1.);
#10300 = LINE('',#10301,#10302);
#10301 = CARTESIAN_POINT('',(47.5,-71.,-50.));
#10302 = VECTOR('',#10303,1.);
#10303 = DIRECTION('',(0.,0.,1.));
#10304 = PCURVE('',#6268,#10305);
#10305 = DEFINITIONAL_REPRESENTATION('',(#10306),#10310);
#10306 = LINE('',#10307,#10308);
#10307 = CARTESIAN_POINT('',(0.,0.));
#10308 = VECTOR('',#10309,1.);
#10309 = DIRECTION('',(1.,0.));
#10310 = ( GEOMETRIC_REPRESENTATION_CONTEXT(2) 
PARAMETRIC_REPRESENTATION_CONTEXT() REPRESENTATION_CONTEXT('2D SPACE',''
  ) );
#10311 = PCURVE('',#9763,#10312);
#10312 = DEFINITIONAL_REPRESENTATION('',(#10313),#10317);
#10313 = LINE('',#10314,#10315);
#10314 = CARTESIAN_POINT('',(0.,0.));
#10315 = VECTOR('',#10316,1.);
#10316 = DIRECTION('',(1.,0.));
#10317 = ( GEOMETRIC_REPRESENTATION_CONTEXT(2) 
PARAMETRIC_REPRESENTATION_CONTEXT() REPRESENTATION_CONTEXT('2D SPACE',''
  ) );
#10318 = ORIENTED_EDGE('',*,*,#10319,.T.);
#10319 = EDGE_CURVE('',#10295,#10320,#10322,.T.);
#10320 = VERTEX_POINT('',#10321);
#10321 = CARTESIAN_POINT('',(47.5,-43.,-50.));
#10322 = SURFACE_CURVE('',#10323,(#10327,#10334),.PCURVE_S1.);
#10323 = LINE('',#10324,#10325);
#10324 = CARTESIAN_POINT('',(47.5,-71.,-50.));
#10325 = VECTOR('',#10326,1.);
#10326 = DIRECTION('',(0.,1.,0.));
#10327 = PCURVE('',#6268,#10328);
#10328 = DEFINITIONAL_REPRESENTATION('',(#10329),#10333);
#10329 = LINE('',#10330,#10331);
#10330 = CARTESIAN_POINT('',(0.,0.));
#10331 = VECTOR('',#10332,1.);
#10332 = DIRECTION('',(0.,-1.));
#10333 = ( GEOMETRIC_REPRESENTATION_CONTEXT(2) 
PARAMETRIC_REPRESENTATION_CONTEXT() REPRESENTATION_CONTEXT('2D SPACE',''
  ) );
#10334 = PCURVE('',#9791,#10335);
#10335 = DEFINITIONAL_REPRESENTATION('',(#10336),#10340);
#10336 = LINE('',#10337,#10338);
#10337 = CARTESIAN_POINT('',(0.,0.));
#10338 = VECTOR('',#10339,1.);
#10339 = DIRECTION('',(0.,1.));
#10340 = ( GEOMETRIC_REPRESENTATION_CONTEXT(2) 
PARAMETRIC_REPRESENTATION_CONTEXT() REPRESENTATION_CONTEXT('2D SPACE',''
  ) );
#10341 = ORIENTED_EDGE('',*,*,#10342,.T.);
#10342 = EDGE_CURVE('',#10320,#10343,#10345,.T.);
#10343 = VERTEX_POINT('',#10344);
#10344 = CARTESIAN_POINT('',(47.5,-43.,-48.));
#10345 = SURFACE_CURVE('',#10346,(#10350,#10356),.PCURVE_S1.);
#10346 = LINE('',#10347,#10348);
#10347 = CARTESIAN_POINT('',(47.5,-43.,-51.));
#10348 = VECTOR('',#10349,1.);
#10349 = DIRECTION('',(0.,0.,1.));
#10350 = PCURVE('',#6268,#10351);
#10351 = DEFINITIONAL_REPRESENTATION('',(#10352),#10355);
#10352 = B_SPLINE_CURVE_WITH_KNOTS('',1,(#10353,#10354),.UNSPECIFIED.,
  .F.,.F.,(2,2),(1.,3.),.PIECEWISE_BEZIER_KNOTS.);
#10353 = CARTESIAN_POINT('',(0.,-28.));
#10354 = CARTESIAN_POINT('',(2.,-28.));
#10355 = ( GEOMETRIC_REPRESENTATION_CONTEXT(2) 
PARAMETRIC_REPRESENTATION_CONTEXT() REPRESENTATION_CONTEXT('2D SPACE',''
  ) );
#10356 = PCURVE('',#7014,#10357);
#10357 = DEFINITIONAL_REPRESENTATION('',(#10358),#10361);
#10358 = B_SPLINE_CURVE_WITH_KNOTS('',1,(#10359,#10360),.UNSPECIFIED.,
  .F.,.F.,(2,2),(1.,3.),.PIECEWISE_BEZIER_KNOTS.);
#10359 = CARTESIAN_POINT('',(2.,38.5));
#10360 = CARTESIAN_POINT('',(4.,38.5));
#10361 = ( GEOMETRIC_REPRESENTATION_CONTEXT(2) 
PARAMETRIC_REPRESENTATION_CONTEXT() REPRESENTATION_CONTEXT('2D SPACE',''
  ) );
#10362 = ORIENTED_EDGE('',*,*,#10363,.F.);
#10363 = EDGE_CURVE('',#10364,#10343,#10366,.T.);
#10364 = VERTEX_POINT('',#10365);
#10365 = CARTESIAN_POINT('',(47.5,-25.82287565553,-48.));
#10366 = SURFACE_CURVE('',#10367,(#10371,#10377),.PCURVE_S1.);
#10367 = LINE('',#10368,#10369);
#10368 = CARTESIAN_POINT('',(47.5,-50.625,-48.));
#10369 = VECTOR('',#10370,1.);
#10370 = DIRECTION('',(0.,-1.,0.));
#10371 = PCURVE('',#6268,#10372);
#10372 = DEFINITIONAL_REPRESENTATION('',(#10373),#10376);
#10373 = B_SPLINE_CURVE_WITH_KNOTS('',1,(#10374,#10375),.UNSPECIFIED.,
  .F.,.F.,(2,2),(-80.875,-7.625),.PIECEWISE_BEZIER_KNOTS.);
#10374 = CARTESIAN_POINT('',(2.,-101.25));
#10375 = CARTESIAN_POINT('',(2.,-28.));
#10376 = ( GEOMETRIC_REPRESENTATION_CONTEXT(2) 
PARAMETRIC_REPRESENTATION_CONTEXT() REPRESENTATION_CONTEXT('2D SPACE',''
  ) );
#10377 = PCURVE('',#10378,#10383);
#10378 = PLANE('',#10379);
#10379 = AXIS2_PLACEMENT_3D('',#10380,#10381,#10382);
#10380 = CARTESIAN_POINT('',(30.2,-30.25,-48.));
#10381 = DIRECTION('',(0.,0.,1.));
#10382 = DIRECTION('',(1.,0.,0.));
#10383 = DEFINITIONAL_REPRESENTATION('',(#10384),#10387);
#10384 = B_SPLINE_CURVE_WITH_KNOTS('',1,(#10385,#10386),.UNSPECIFIED.,
  .F.,.F.,(2,2),(-80.875,-7.625),.PIECEWISE_BEZIER_KNOTS.);
#10385 = CARTESIAN_POINT('',(17.3,60.5));
#10386 = CARTESIAN_POINT('',(17.3,-12.75));
#10387 = ( GEOMETRIC_REPRESENTATION_CONTEXT(2) 
PARAMETRIC_REPRESENTATION_CONTEXT() REPRESENTATION_CONTEXT('2D SPACE',''
  ) );
#10388 = ORIENTED_EDGE('',*,*,#10389,.F.);
#10389 = EDGE_CURVE('',#10390,#10364,#10392,.T.);
#10390 = VERTEX_POINT('',#10391);
#10391 = CARTESIAN_POINT('',(47.5,-25.82287565553,-44.));
#10392 = SURFACE_CURVE('',#10393,(#10397,#10403),.PCURVE_S1.);
#10393 = LINE('',#10394,#10395);
#10394 = CARTESIAN_POINT('',(47.5,-25.82287565553,-50.));
#10395 = VECTOR('',#10396,1.);
#10396 = DIRECTION('',(-0.,-0.,-1.));
#10397 = PCURVE('',#6268,#10398);
#10398 = DEFINITIONAL_REPRESENTATION('',(#10399),#10402);
#10399 = B_SPLINE_CURVE_WITH_KNOTS('',1,(#10400,#10401),.UNSPECIFIED.,
  .F.,.F.,(2,2),(-6.0000006,-1.9999994),.PIECEWISE_BEZIER_KNOTS.);
#10400 = CARTESIAN_POINT('',(6.0000006,-45.17712434446));
#10401 = CARTESIAN_POINT('',(1.9999994,-45.17712434446));
#10402 = ( GEOMETRIC_REPRESENTATION_CONTEXT(2) 
PARAMETRIC_REPRESENTATION_CONTEXT() REPRESENTATION_CONTEXT('2D SPACE',''
  ) );
#10403 = PCURVE('',#10404,#10409);
#10404 = CYLINDRICAL_SURFACE('',#10405,2.);
#10405 = AXIS2_PLACEMENT_3D('',#10406,#10407,#10408);
#10406 = CARTESIAN_POINT('',(46.,-24.5,-50.));
#10407 = DIRECTION('',(-0.,-0.,-1.));
#10408 = DIRECTION('',(1.,0.,0.));
#10409 = DEFINITIONAL_REPRESENTATION('',(#10410),#10413);
#10410 = B_SPLINE_CURVE_WITH_KNOTS('',1,(#10411,#10412),.UNSPECIFIED.,
  .F.,.F.,(2,2),(-6.0000006,-1.9999994),.PIECEWISE_BEZIER_KNOTS.);
#10411 = CARTESIAN_POINT('',(-5.560451059366,-6.0000006));
#10412 = CARTESIAN_POINT('',(-5.560451059366,-1.9999994));
#10413 = ( GEOMETRIC_REPRESENTATION_CONTEXT(2) 
PARAMETRIC_REPRESENTATION_CONTEXT() REPRESENTATION_CONTEXT('2D SPACE',''
  ) );
#10414 = ORIENTED_EDGE('',*,*,#10415,.F.);
#10415 = EDGE_CURVE('',#10416,#10390,#10418,.T.);
#10416 = VERTEX_POINT('',#10417);
#10417 = CARTESIAN_POINT('',(47.5,-23.17712434446,-44.));
#10418 = SURFACE_CURVE('',#10419,(#10423,#10429),.PCURVE_S1.);
#10419 = LINE('',#10420,#10421);
#10420 = CARTESIAN_POINT('',(47.5,-47.75,-44.));
#10421 = VECTOR('',#10422,1.);
#10422 = DIRECTION('',(0.,-1.,0.));
#10423 = PCURVE('',#6268,#10424);
#10424 = DEFINITIONAL_REPRESENTATION('',(#10425),#10428);
#10425 = B_SPLINE_CURVE_WITH_KNOTS('',1,(#10426,#10427),.UNSPECIFIED.,
  .F.,.F.,(2,2),(-25.25,-21.25),.PIECEWISE_BEZIER_KNOTS.);
#10426 = CARTESIAN_POINT('',(6.,-48.5));
#10427 = CARTESIAN_POINT('',(6.,-44.5));
#10428 = ( GEOMETRIC_REPRESENTATION_CONTEXT(2) 
PARAMETRIC_REPRESENTATION_CONTEXT() REPRESENTATION_CONTEXT('2D SPACE',''
  ) );
#10429 = PCURVE('',#10430,#10435);
#10430 = PLANE('',#10431);
#10431 = AXIS2_PLACEMENT_3D('',#10432,#10433,#10434);
#10432 = CARTESIAN_POINT('',(46.,-24.5,-44.));
#10433 = DIRECTION('',(0.,0.,1.));
#10434 = DIRECTION('',(1.,0.,-0.));
#10435 = DEFINITIONAL_REPRESENTATION('',(#10436),#10439);
#10436 = B_SPLINE_CURVE_WITH_KNOTS('',1,(#10437,#10438),.UNSPECIFIED.,
  .F.,.F.,(2,2),(-25.25,-21.25),.PIECEWISE_BEZIER_KNOTS.);
#10437 = CARTESIAN_POINT('',(1.5,2.));
#10438 = CARTESIAN_POINT('',(1.5,-2.));
#10439 = ( GEOMETRIC_REPRESENTATION_CONTEXT(2) 
PARAMETRIC_REPRESENTATION_CONTEXT() REPRESENTATION_CONTEXT('2D SPACE',''
  ) );
#10440 = ORIENTED_EDGE('',*,*,#10441,.T.);
#10441 = EDGE_CURVE('',#10416,#10442,#10444,.T.);
#10442 = VERTEX_POINT('',#10443);
#10443 = CARTESIAN_POINT('',(47.5,-23.17712434446,-48.));
#10444 = SURFACE_CURVE('',#10445,(#10449,#10455),.PCURVE_S1.);
#10445 = LINE('',#10446,#10447);
#10446 = CARTESIAN_POINT('',(47.5,-23.17712434446,-50.));
#10447 = VECTOR('',#10448,1.);
#10448 = DIRECTION('',(-0.,-0.,-1.));
#10449 = PCURVE('',#6268,#10450);
#10450 = DEFINITIONAL_REPRESENTATION('',(#10451),#10454);
#10451 = B_SPLINE_CURVE_WITH_KNOTS('',1,(#10452,#10453),.UNSPECIFIED.,
  .F.,.F.,(2,2),(-6.0000006,-1.9999994),.PIECEWISE_BEZIER_KNOTS.);
#10452 = CARTESIAN_POINT('',(6.0000006,-47.82287565553));
#10453 = CARTESIAN_POINT('',(1.9999994,-47.82287565553));
#10454 = ( GEOMETRIC_REPRESENTATION_CONTEXT(2) 
PARAMETRIC_REPRESENTATION_CONTEXT() REPRESENTATION_CONTEXT('2D SPACE',''
  ) );
#10455 = PCURVE('',#10404,#10456);
#10456 = DEFINITIONAL_REPRESENTATION('',(#10457),#10460);
#10457 = B_SPLINE_CURVE_WITH_KNOTS('',1,(#10458,#10459),.UNSPECIFIED.,
  .F.,.F.,(2,2),(-6.0000006,-1.9999994),.PIECEWISE_BEZIER_KNOTS.);
#10458 = CARTESIAN_POINT('',(-0.722734247813,-6.0000006));
#10459 = CARTESIAN_POINT('',(-0.722734247813,-1.9999994));
#10460 = ( GEOMETRIC_REPRESENTATION_CONTEXT(2) 
PARAMETRIC_REPRESENTATION_CONTEXT() REPRESENTATION_CONTEXT('2D SPACE',''
  ) );
#10461 = ORIENTED_EDGE('',*,*,#10462,.F.);
#10462 = EDGE_CURVE('',#10463,#10442,#10465,.T.);
#10463 = VERTEX_POINT('',#10464);
#10464 = CARTESIAN_POINT('',(47.5,23.177124344468,-48.));
#10465 = SURFACE_CURVE('',#10466,(#10470,#10476),.PCURVE_S1.);
#10466 = LINE('',#10467,#10468);
#10467 = CARTESIAN_POINT('',(47.5,-50.625,-48.));
#10468 = VECTOR('',#10469,1.);
#10469 = DIRECTION('',(0.,-1.,0.));
#10470 = PCURVE('',#6268,#10471);
#10471 = DEFINITIONAL_REPRESENTATION('',(#10472),#10475);
#10472 = B_SPLINE_CURVE_WITH_KNOTS('',1,(#10473,#10474),.UNSPECIFIED.,
  .F.,.F.,(2,2),(-80.875,-7.625),.PIECEWISE_BEZIER_KNOTS.);
#10473 = CARTESIAN_POINT('',(2.,-101.25));
#10474 = CARTESIAN_POINT('',(2.,-28.));
#10475 = ( GEOMETRIC_REPRESENTATION_CONTEXT(2) 
PARAMETRIC_REPRESENTATION_CONTEXT() REPRESENTATION_CONTEXT('2D SPACE',''
  ) );
#10476 = PCURVE('',#10378,#10477);
#10477 = DEFINITIONAL_REPRESENTATION('',(#10478),#10481);
#10478 = B_SPLINE_CURVE_WITH_KNOTS('',1,(#10479,#10480),.UNSPECIFIED.,
  .F.,.F.,(2,2),(-80.875,-7.625),.PIECEWISE_BEZIER_KNOTS.);
#10479 = CARTESIAN_POINT('',(17.3,60.5));
#10480 = CARTESIAN_POINT('',(17.3,-12.75));
#10481 = ( GEOMETRIC_REPRESENTATION_CONTEXT(2) 
PARAMETRIC_REPRESENTATION_CONTEXT() REPRESENTATION_CONTEXT('2D SPACE',''
  ) );
#10482 = ORIENTED_EDGE('',*,*,#10483,.F.);
#10483 = EDGE_CURVE('',#10484,#10463,#10486,.T.);
#10484 = VERTEX_POINT('',#10485);
#10485 = CARTESIAN_POINT('',(47.5,23.177124344468,-44.));
#10486 = SURFACE_CURVE('',#10487,(#10491,#10497),.PCURVE_S1.);
#10487 = LINE('',#10488,#10489);
#10488 = CARTESIAN_POINT('',(47.5,23.177124344468,-50.));
#10489 = VECTOR('',#10490,1.);
#10490 = DIRECTION('',(-0.,-0.,-1.));
#10491 = PCURVE('',#6268,#10492);
#10492 = DEFINITIONAL_REPRESENTATION('',(#10493),#10496);
#10493 = B_SPLINE_CURVE_WITH_KNOTS('',1,(#10494,#10495),.UNSPECIFIED.,
  .F.,.F.,(2,2),(-6.0000006,-1.9999994),.PIECEWISE_BEZIER_KNOTS.);
#10494 = CARTESIAN_POINT('',(6.0000006,-94.17712434446));
#10495 = CARTESIAN_POINT('',(1.9999994,-94.17712434446));
#10496 = ( GEOMETRIC_REPRESENTATION_CONTEXT(2) 
PARAMETRIC_REPRESENTATION_CONTEXT() REPRESENTATION_CONTEXT('2D SPACE',''
  ) );
#10497 = PCURVE('',#10498,#10503);
#10498 = CYLINDRICAL_SURFACE('',#10499,2.);
#10499 = AXIS2_PLACEMENT_3D('',#10500,#10501,#10502);
#10500 = CARTESIAN_POINT('',(46.,24.5,-50.));
#10501 = DIRECTION('',(-0.,-0.,-1.));
#10502 = DIRECTION('',(1.,0.,0.));
#10503 = DEFINITIONAL_REPRESENTATION('',(#10504),#10507);
#10504 = B_SPLINE_CURVE_WITH_KNOTS('',1,(#10505,#10506),.UNSPECIFIED.,
  .F.,.F.,(2,2),(-6.0000006,-1.9999994),.PIECEWISE_BEZIER_KNOTS.);
#10505 = CARTESIAN_POINT('',(-5.560451059366,-6.0000006));
#10506 = CARTESIAN_POINT('',(-5.560451059366,-1.9999994));
#10507 = ( GEOMETRIC_REPRESENTATION_CONTEXT(2) 
PARAMETRIC_REPRESENTATION_CONTEXT() REPRESENTATION_CONTEXT('2D SPACE',''
  ) );
#10508 = ORIENTED_EDGE('',*,*,#10509,.F.);
#10509 = EDGE_CURVE('',#10510,#10484,#10512,.T.);
#10510 = VERTEX_POINT('',#10511);
#10511 = CARTESIAN_POINT('',(47.5,25.822875655532,-44.));
#10512 = SURFACE_CURVE('',#10513,(#10517,#10523),.PCURVE_S1.);
#10513 = LINE('',#10514,#10515);
#10514 = CARTESIAN_POINT('',(47.5,-23.25,-44.));
#10515 = VECTOR('',#10516,1.);
#10516 = DIRECTION('',(0.,-1.,0.));
#10517 = PCURVE('',#6268,#10518);
#10518 = DEFINITIONAL_REPRESENTATION('',(#10519),#10522);
#10519 = B_SPLINE_CURVE_WITH_KNOTS('',1,(#10520,#10521),.UNSPECIFIED.,
  .F.,.F.,(2,2),(-49.75,-45.75),.PIECEWISE_BEZIER_KNOTS.);
#10520 = CARTESIAN_POINT('',(6.,-97.5));
#10521 = CARTESIAN_POINT('',(6.,-93.5));
#10522 = ( GEOMETRIC_REPRESENTATION_CONTEXT(2) 
PARAMETRIC_REPRESENTATION_CONTEXT() REPRESENTATION_CONTEXT('2D SPACE',''
  ) );
#10523 = PCURVE('',#10524,#10529);
#10524 = PLANE('',#10525);
#10525 = AXIS2_PLACEMENT_3D('',#10526,#10527,#10528);
#10526 = CARTESIAN_POINT('',(46.,24.5,-44.));
#10527 = DIRECTION('',(0.,0.,1.));
#10528 = DIRECTION('',(1.,0.,-0.));
#10529 = DEFINITIONAL_REPRESENTATION('',(#10530),#10533);
#10530 = B_SPLINE_CURVE_WITH_KNOTS('',1,(#10531,#10532),.UNSPECIFIED.,
  .F.,.F.,(2,2),(-49.75,-45.75),.PIECEWISE_BEZIER_KNOTS.);
#10531 = CARTESIAN_POINT('',(1.5,2.));
#10532 = CARTESIAN_POINT('',(1.5,-2.));
#10533 = ( GEOMETRIC_REPRESENTATION_CONTEXT(2) 
PARAMETRIC_REPRESENTATION_CONTEXT() REPRESENTATION_CONTEXT('2D SPACE',''
  ) );
#10534 = ORIENTED_EDGE('',*,*,#10535,.T.);
#10535 = EDGE_CURVE('',#10510,#10536,#10538,.T.);
#10536 = VERTEX_POINT('',#10537);
#10537 = CARTESIAN_POINT('',(47.5,25.822875655532,-48.));
#10538 = SURFACE_CURVE('',#10539,(#10543,#10549),.PCURVE_S1.);
#10539 = LINE('',#10540,#10541);
#10540 = CARTESIAN_POINT('',(47.5,25.822875655532,-50.));
#10541 = VECTOR('',#10542,1.);
#10542 = DIRECTION('',(-0.,-0.,-1.));
#10543 = PCURVE('',#6268,#10544);
#10544 = DEFINITIONAL_REPRESENTATION('',(#10545),#10548);
#10545 = B_SPLINE_CURVE_WITH_KNOTS('',1,(#10546,#10547),.UNSPECIFIED.,
  .F.,.F.,(2,2),(-6.0000006,-1.9999994),.PIECEWISE_BEZIER_KNOTS.);
#10546 = CARTESIAN_POINT('',(6.0000006,-96.82287565553));
#10547 = CARTESIAN_POINT('',(1.9999994,-96.82287565553));
#10548 = ( GEOMETRIC_REPRESENTATION_CONTEXT(2) 
PARAMETRIC_REPRESENTATION_CONTEXT() REPRESENTATION_CONTEXT('2D SPACE',''
  ) );
#10549 = PCURVE('',#10498,#10550);
#10550 = DEFINITIONAL_REPRESENTATION('',(#10551),#10554);
#10551 = B_SPLINE_CURVE_WITH_KNOTS('',1,(#10552,#10553),.UNSPECIFIED.,
  .F.,.F.,(2,2),(-6.0000006,-1.9999994),.PIECEWISE_BEZIER_KNOTS.);
#10552 = CARTESIAN_POINT('',(-0.722734247813,-6.0000006));
#10553 = CARTESIAN_POINT('',(-0.722734247813,-1.9999994));
#10554 = ( GEOMETRIC_REPRESENTATION_CONTEXT(2) 
PARAMETRIC_REPRESENTATION_CONTEXT() REPRESENTATION_CONTEXT('2D SPACE',''
  ) );
#10555 = ORIENTED_EDGE('',*,*,#10556,.F.);
#10556 = EDGE_CURVE('',#10557,#10536,#10559,.T.);
#10557 = VERTEX_POINT('',#10558);
#10558 = CARTESIAN_POINT('',(47.5,30.25,-48.));
#10559 = SURFACE_CURVE('',#10560,(#10564,#10570),.PCURVE_S1.);
#10560 = LINE('',#10561,#10562);
#10561 = CARTESIAN_POINT('',(47.5,-50.625,-48.));
#10562 = VECTOR('',#10563,1.);
#10563 = DIRECTION('',(0.,-1.,0.));
#10564 = PCURVE('',#6268,#10565);
#10565 = DEFINITIONAL_REPRESENTATION('',(#10566),#10569);
#10566 = B_SPLINE_CURVE_WITH_KNOTS('',1,(#10567,#10568),.UNSPECIFIED.,
  .F.,.F.,(2,2),(-80.875,-7.625),.PIECEWISE_BEZIER_KNOTS.);
#10567 = CARTESIAN_POINT('',(2.,-101.25));
#10568 = CARTESIAN_POINT('',(2.,-28.));
#10569 = ( GEOMETRIC_REPRESENTATION_CONTEXT(2) 
PARAMETRIC_REPRESENTATION_CONTEXT() REPRESENTATION_CONTEXT('2D SPACE',''
  ) );
#10570 = PCURVE('',#10378,#10571);
#10571 = DEFINITIONAL_REPRESENTATION('',(#10572),#10575);
#10572 = B_SPLINE_CURVE_WITH_KNOTS('',1,(#10573,#10574),.UNSPECIFIED.,
  .F.,.F.,(2,2),(-80.875,-7.625),.PIECEWISE_BEZIER_KNOTS.);
#10573 = CARTESIAN_POINT('',(17.3,60.5));
#10574 = CARTESIAN_POINT('',(17.3,-12.75));
#10575 = ( GEOMETRIC_REPRESENTATION_CONTEXT(2) 
PARAMETRIC_REPRESENTATION_CONTEXT() REPRESENTATION_CONTEXT('2D SPACE',''
  ) );
#10576 = ORIENTED_EDGE('',*,*,#10577,.F.);
#10577 = EDGE_CURVE('',#10578,#10557,#10580,.T.);
#10578 = VERTEX_POINT('',#10579);
#10579 = CARTESIAN_POINT('',(47.5,30.25,-50.));
#10580 = SURFACE_CURVE('',#10581,(#10585,#10591),.PCURVE_S1.);
#10581 = LINE('',#10582,#10583);
#10582 = CARTESIAN_POINT('',(47.5,30.25,-51.));
#10583 = VECTOR('',#10584,1.);
#10584 = DIRECTION('',(0.,0.,1.));
#10585 = PCURVE('',#6268,#10586);
#10586 = DEFINITIONAL_REPRESENTATION('',(#10587),#10590);
#10587 = B_SPLINE_CURVE_WITH_KNOTS('',1,(#10588,#10589),.UNSPECIFIED.,
  .F.,.F.,(2,2),(1.,3.),.PIECEWISE_BEZIER_KNOTS.);
#10588 = CARTESIAN_POINT('',(0.,-101.25));
#10589 = CARTESIAN_POINT('',(2.,-101.25));
#10590 = ( GEOMETRIC_REPRESENTATION_CONTEXT(2) 
PARAMETRIC_REPRESENTATION_CONTEXT() REPRESENTATION_CONTEXT('2D SPACE',''
  ) );
#10591 = PCURVE('',#6904,#10592);
#10592 = DEFINITIONAL_REPRESENTATION('',(#10593),#10596);
#10593 = B_SPLINE_CURVE_WITH_KNOTS('',1,(#10594,#10595),.UNSPECIFIED.,
  .F.,.F.,(2,2),(1.,3.),.PIECEWISE_BEZIER_KNOTS.);
#10594 = CARTESIAN_POINT('',(2.,17.3));
#10595 = CARTESIAN_POINT('',(4.,17.3));
#10596 = ( GEOMETRIC_REPRESENTATION_CONTEXT(2) 
PARAMETRIC_REPRESENTATION_CONTEXT() REPRESENTATION_CONTEXT('2D SPACE',''
  ) );
#10597 = ORIENTED_EDGE('',*,*,#10598,.T.);
#10598 = EDGE_CURVE('',#10578,#10247,#10599,.T.);
#10599 = SURFACE_CURVE('',#10600,(#10604,#10611),.PCURVE_S1.);
#10600 = LINE('',#10601,#10602);
#10601 = CARTESIAN_POINT('',(47.5,-71.,-50.));
#10602 = VECTOR('',#10603,1.);
#10603 = DIRECTION('',(0.,1.,0.));
#10604 = PCURVE('',#6268,#10605);
#10605 = DEFINITIONAL_REPRESENTATION('',(#10606),#10610);
#10606 = LINE('',#10607,#10608);
#10607 = CARTESIAN_POINT('',(0.,0.));
#10608 = VECTOR('',#10609,1.);
#10609 = DIRECTION('',(0.,-1.));
#10610 = ( GEOMETRIC_REPRESENTATION_CONTEXT(2) 
PARAMETRIC_REPRESENTATION_CONTEXT() REPRESENTATION_CONTEXT('2D SPACE',''
  ) );
#10611 = PCURVE('',#9882,#10612);
#10612 = DEFINITIONAL_REPRESENTATION('',(#10613),#10617);
#10613 = LINE('',#10614,#10615);
#10614 = CARTESIAN_POINT('',(0.,0.));
#10615 = VECTOR('',#10616,1.);
#10616 = DIRECTION('',(0.,1.));
#10617 = ( GEOMETRIC_REPRESENTATION_CONTEXT(2) 
PARAMETRIC_REPRESENTATION_CONTEXT() REPRESENTATION_CONTEXT('2D SPACE',''
  ) );
#10618 = ORIENTED_EDGE('',*,*,#10269,.T.);
#10619 = ORIENTED_EDGE('',*,*,#6253,.F.);
#10620 = ORIENTED_EDGE('',*,*,#8689,.F.);
#10621 = ORIENTED_EDGE('',*,*,#10622,.F.);
#10622 = EDGE_CURVE('',#7316,#8669,#10623,.T.);
#10623 = SURFACE_CURVE('',#10624,(#10628,#10635),.PCURVE_S1.);
#10624 = LINE('',#10625,#10626);
#10625 = CARTESIAN_POINT('',(47.5,-71.,50.));
#10626 = VECTOR('',#10627,1.);
#10627 = DIRECTION('',(0.,1.,0.));
#10628 = PCURVE('',#6268,#10629);
#10629 = DEFINITIONAL_REPRESENTATION('',(#10630),#10634);
#10630 = LINE('',#10631,#10632);
#10631 = CARTESIAN_POINT('',(100.,0.));
#10632 = VECTOR('',#10633,1.);
#10633 = DIRECTION('',(0.,-1.));
#10634 = ( GEOMETRIC_REPRESENTATION_CONTEXT(2) 
PARAMETRIC_REPRESENTATION_CONTEXT() REPRESENTATION_CONTEXT('2D SPACE',''
  ) );
#10635 = PCURVE('',#7331,#10636);
#10636 = DEFINITIONAL_REPRESENTATION('',(#10637),#10641);
#10637 = LINE('',#10638,#10639);
#10638 = CARTESIAN_POINT('',(0.,0.));
#10639 = VECTOR('',#10640,1.);
#10640 = DIRECTION('',(0.,1.));
#10641 = ( GEOMETRIC_REPRESENTATION_CONTEXT(2) 
PARAMETRIC_REPRESENTATION_CONTEXT() REPRESENTATION_CONTEXT('2D SPACE',''
  ) );
#10642 = ORIENTED_EDGE('',*,*,#7342,.T.);
#10643 = ORIENTED_EDGE('',*,*,#10644,.F.);
#10644 = EDGE_CURVE('',#10297,#7343,#10645,.T.);
#10645 = SURFACE_CURVE('',#10646,(#10650,#10656),.PCURVE_S1.);
#10646 = LINE('',#10647,#10648);
#10647 = CARTESIAN_POINT('',(47.5,-73.,49.));
#10648 = VECTOR('',#10649,1.);
#10649 = DIRECTION('',(0.,1.,0.));
#10650 = PCURVE('',#6268,#10651);
#10651 = DEFINITIONAL_REPRESENTATION('',(#10652),#10655);
#10652 = B_SPLINE_CURVE_WITH_KNOTS('',1,(#10653,#10654),.UNSPECIFIED.,
  .F.,.F.,(2,2),(2.,144.),.PIECEWISE_BEZIER_KNOTS.);
#10653 = CARTESIAN_POINT('',(99.,0.));
#10654 = CARTESIAN_POINT('',(99.,-142.));
#10655 = ( GEOMETRIC_REPRESENTATION_CONTEXT(2) 
PARAMETRIC_REPRESENTATION_CONTEXT() REPRESENTATION_CONTEXT('2D SPACE',''
  ) );
#10656 = PCURVE('',#6607,#10657);
#10657 = DEFINITIONAL_REPRESENTATION('',(#10658),#10661);
#10658 = B_SPLINE_CURVE_WITH_KNOTS('',1,(#10659,#10660),.UNSPECIFIED.,
  .F.,.F.,(2,2),(2.,144.),.PIECEWISE_BEZIER_KNOTS.);
#10659 = CARTESIAN_POINT('',(47.5,4.));
#10660 = CARTESIAN_POINT('',(47.5,146.));
#10661 = ( GEOMETRIC_REPRESENTATION_CONTEXT(2) 
PARAMETRIC_REPRESENTATION_CONTEXT() REPRESENTATION_CONTEXT('2D SPACE',''
  ) );
#10662 = FACE_BOUND('',#10663,.T.);
#10663 = EDGE_LOOP('',(#10664,#10687,#10708,#10729,#10750,#10776,#10797,
    #10818,#10839,#10860,#10881,#10907));
#10664 = ORIENTED_EDGE('',*,*,#10665,.F.);
#10665 = EDGE_CURVE('',#10666,#10668,#10670,.T.);
#10666 = VERTEX_POINT('',#10667);
#10667 = CARTESIAN_POINT('',(47.5,20.,-23.));
#10668 = VERTEX_POINT('',#10669);
#10669 = CARTESIAN_POINT('',(47.5,20.,-20.));
#10670 = SURFACE_CURVE('',#10671,(#10675,#10681),.PCURVE_S1.);
#10671 = LINE('',#10672,#10673);
#10672 = CARTESIAN_POINT('',(47.5,20.,-36.5));
#10673 = VECTOR('',#10674,1.);
#10674 = DIRECTION('',(0.,0.,1.));
#10675 = PCURVE('',#6268,#10676);
#10676 = DEFINITIONAL_REPRESENTATION('',(#10677),#10680);
#10677 = B_SPLINE_CURVE_WITH_KNOTS('',1,(#10678,#10679),.UNSPECIFIED.,
  .F.,.F.,(2,2),(13.5,43.5),.PIECEWISE_BEZIER_KNOTS.);
#10678 = CARTESIAN_POINT('',(27.,-91.));
#10679 = CARTESIAN_POINT('',(57.,-91.));
#10680 = ( GEOMETRIC_REPRESENTATION_CONTEXT(2) 
PARAMETRIC_REPRESENTATION_CONTEXT() REPRESENTATION_CONTEXT('2D SPACE',''
  ) );
#10681 = PCURVE('',#9977,#10682);
#10682 = DEFINITIONAL_REPRESENTATION('',(#10683),#10686);
#10683 = B_SPLINE_CURVE_WITH_KNOTS('',1,(#10684,#10685),.UNSPECIFIED.,
  .F.,.F.,(2,2),(13.5,43.5),.PIECEWISE_BEZIER_KNOTS.);
#10684 = CARTESIAN_POINT('',(0.,28.5));
#10685 = CARTESIAN_POINT('',(30.,28.5));
#10686 = ( GEOMETRIC_REPRESENTATION_CONTEXT(2) 
PARAMETRIC_REPRESENTATION_CONTEXT() REPRESENTATION_CONTEXT('2D SPACE',''
  ) );
#10687 = ORIENTED_EDGE('',*,*,#10688,.T.);
#10688 = EDGE_CURVE('',#10666,#10689,#10691,.T.);
#10689 = VERTEX_POINT('',#10690);
#10690 = CARTESIAN_POINT('',(47.5,-20.,-23.));
#10691 = SURFACE_CURVE('',#10692,(#10696,#10702),.PCURVE_S1.);
#10692 = LINE('',#10693,#10694);
#10693 = CARTESIAN_POINT('',(47.5,-45.5,-23.));
#10694 = VECTOR('',#10695,1.);
#10695 = DIRECTION('',(0.,-1.,0.));
#10696 = PCURVE('',#6268,#10697);
#10697 = DEFINITIONAL_REPRESENTATION('',(#10698),#10701);
#10698 = B_SPLINE_CURVE_WITH_KNOTS('',1,(#10699,#10700),.UNSPECIFIED.,
  .F.,.F.,(2,2),(-65.5,-25.5),.PIECEWISE_BEZIER_KNOTS.);
#10699 = CARTESIAN_POINT('',(27.,-91.));
#10700 = CARTESIAN_POINT('',(27.,-51.));
#10701 = ( GEOMETRIC_REPRESENTATION_CONTEXT(2) 
PARAMETRIC_REPRESENTATION_CONTEXT() REPRESENTATION_CONTEXT('2D SPACE',''
  ) );
#10702 = PCURVE('',#10003,#10703);
#10703 = DEFINITIONAL_REPRESENTATION('',(#10704),#10707);
#10704 = B_SPLINE_CURVE_WITH_KNOTS('',1,(#10705,#10706),.UNSPECIFIED.,
  .F.,.F.,(2,2),(-65.5,-25.5),.PIECEWISE_BEZIER_KNOTS.);
#10705 = CARTESIAN_POINT('',(28.5,40.));
#10706 = CARTESIAN_POINT('',(28.5,0.));
#10707 = ( GEOMETRIC_REPRESENTATION_CONTEXT(2) 
PARAMETRIC_REPRESENTATION_CONTEXT() REPRESENTATION_CONTEXT('2D SPACE',''
  ) );
#10708 = ORIENTED_EDGE('',*,*,#10709,.T.);
#10709 = EDGE_CURVE('',#10689,#10710,#10712,.T.);
#10710 = VERTEX_POINT('',#10711);
#10711 = CARTESIAN_POINT('',(47.5,-20.,-20.));
#10712 = SURFACE_CURVE('',#10713,(#10717,#10723),.PCURVE_S1.);
#10713 = LINE('',#10714,#10715);
#10714 = CARTESIAN_POINT('',(47.5,-20.,-36.5));
#10715 = VECTOR('',#10716,1.);
#10716 = DIRECTION('',(0.,0.,1.));
#10717 = PCURVE('',#6268,#10718);
#10718 = DEFINITIONAL_REPRESENTATION('',(#10719),#10722);
#10719 = B_SPLINE_CURVE_WITH_KNOTS('',1,(#10720,#10721),.UNSPECIFIED.,
  .F.,.F.,(2,2),(13.5,43.5),.PIECEWISE_BEZIER_KNOTS.);
#10720 = CARTESIAN_POINT('',(27.,-51.));
#10721 = CARTESIAN_POINT('',(57.,-51.));
#10722 = ( GEOMETRIC_REPRESENTATION_CONTEXT(2) 
PARAMETRIC_REPRESENTATION_CONTEXT() REPRESENTATION_CONTEXT('2D SPACE',''
  ) );
#10723 = PCURVE('',#10029,#10724);
#10724 = DEFINITIONAL_REPRESENTATION('',(#10725),#10728);
#10725 = B_SPLINE_CURVE_WITH_KNOTS('',1,(#10726,#10727),.UNSPECIFIED.,
  .F.,.F.,(2,2),(13.5,43.5),.PIECEWISE_BEZIER_KNOTS.);
#10726 = CARTESIAN_POINT('',(0.,28.5));
#10727 = CARTESIAN_POINT('',(30.,28.5));
#10728 = ( GEOMETRIC_REPRESENTATION_CONTEXT(2) 
PARAMETRIC_REPRESENTATION_CONTEXT() REPRESENTATION_CONTEXT('2D SPACE',''
  ) );
#10729 = ORIENTED_EDGE('',*,*,#10730,.T.);
#10730 = EDGE_CURVE('',#10710,#10731,#10733,.T.);
#10731 = VERTEX_POINT('',#10732);
#10732 = CARTESIAN_POINT('',(47.5,-25.,-20.));
#10733 = SURFACE_CURVE('',#10734,(#10738,#10744),.PCURVE_S1.);
#10734 = LINE('',#10735,#10736);
#10735 = CARTESIAN_POINT('',(47.5,-48.,-20.));
#10736 = VECTOR('',#10737,1.);
#10737 = DIRECTION('',(0.,-1.,0.));
#10738 = PCURVE('',#6268,#10739);
#10739 = DEFINITIONAL_REPRESENTATION('',(#10740),#10743);
#10740 = B_SPLINE_CURVE_WITH_KNOTS('',1,(#10741,#10742),.UNSPECIFIED.,
  .F.,.F.,(2,2),(-31.,-23.),.PIECEWISE_BEZIER_KNOTS.);
#10741 = CARTESIAN_POINT('',(30.,-54.));
#10742 = CARTESIAN_POINT('',(30.,-46.));
#10743 = ( GEOMETRIC_REPRESENTATION_CONTEXT(2) 
PARAMETRIC_REPRESENTATION_CONTEXT() REPRESENTATION_CONTEXT('2D SPACE',''
  ) );
#10744 = PCURVE('',#9028,#10745);
#10745 = DEFINITIONAL_REPRESENTATION('',(#10746),#10749);
#10746 = B_SPLINE_CURVE_WITH_KNOTS('',1,(#10747,#10748),.UNSPECIFIED.,
  .F.,.F.,(2,2),(-31.,-23.),.PIECEWISE_BEZIER_KNOTS.);
#10747 = CARTESIAN_POINT('',(28.5,8.));
#10748 = CARTESIAN_POINT('',(28.5,0.));
#10749 = ( GEOMETRIC_REPRESENTATION_CONTEXT(2) 
PARAMETRIC_REPRESENTATION_CONTEXT() REPRESENTATION_CONTEXT('2D SPACE',''
  ) );
#10750 = ORIENTED_EDGE('',*,*,#10751,.T.);
#10751 = EDGE_CURVE('',#10731,#10752,#10754,.T.);
#10752 = VERTEX_POINT('',#10753);
#10753 = CARTESIAN_POINT('',(47.5,-25.,-14.));
#10754 = SURFACE_CURVE('',#10755,(#10759,#10765),.PCURVE_S1.);
#10755 = LINE('',#10756,#10757);
#10756 = CARTESIAN_POINT('',(47.5,-25.,-35.));
#10757 = VECTOR('',#10758,1.);
#10758 = DIRECTION('',(0.,0.,1.));
#10759 = PCURVE('',#6268,#10760);
#10760 = DEFINITIONAL_REPRESENTATION('',(#10761),#10764);
#10761 = B_SPLINE_CURVE_WITH_KNOTS('',1,(#10762,#10763),.UNSPECIFIED.,
  .F.,.F.,(2,2),(15.,21.),.PIECEWISE_BEZIER_KNOTS.);
#10762 = CARTESIAN_POINT('',(30.,-46.));
#10763 = CARTESIAN_POINT('',(36.,-46.));
#10764 = ( GEOMETRIC_REPRESENTATION_CONTEXT(2) 
PARAMETRIC_REPRESENTATION_CONTEXT() REPRESENTATION_CONTEXT('2D SPACE',''
  ) );
#10765 = PCURVE('',#10766,#10771);
#10766 = PLANE('',#10767);
#10767 = AXIS2_PLACEMENT_3D('',#10768,#10769,#10770);
#10768 = CARTESIAN_POINT('',(19.,-25.,-20.));
#10769 = DIRECTION('',(0.,1.,0.));
#10770 = DIRECTION('',(0.,0.,1.));
#10771 = DEFINITIONAL_REPRESENTATION('',(#10772),#10775);
#10772 = B_SPLINE_CURVE_WITH_KNOTS('',1,(#10773,#10774),.UNSPECIFIED.,
  .F.,.F.,(2,2),(15.,21.),.PIECEWISE_BEZIER_KNOTS.);
#10773 = CARTESIAN_POINT('',(0.,28.5));
#10774 = CARTESIAN_POINT('',(6.,28.5));
#10775 = ( GEOMETRIC_REPRESENTATION_CONTEXT(2) 
PARAMETRIC_REPRESENTATION_CONTEXT() REPRESENTATION_CONTEXT('2D SPACE',''
  ) );
#10776 = ORIENTED_EDGE('',*,*,#10777,.F.);
#10777 = EDGE_CURVE('',#10778,#10752,#10780,.T.);
#10778 = VERTEX_POINT('',#10779);
#10779 = CARTESIAN_POINT('',(47.5,-20.,-14.));
#10780 = SURFACE_CURVE('',#10781,(#10785,#10791),.PCURVE_S1.);
#10781 = LINE('',#10782,#10783);
#10782 = CARTESIAN_POINT('',(47.5,-48.,-14.));
#10783 = VECTOR('',#10784,1.);
#10784 = DIRECTION('',(0.,-1.,0.));
#10785 = PCURVE('',#6268,#10786);
#10786 = DEFINITIONAL_REPRESENTATION('',(#10787),#10790);
#10787 = B_SPLINE_CURVE_WITH_KNOTS('',1,(#10788,#10789),.UNSPECIFIED.,
  .F.,.F.,(2,2),(-31.,-23.),.PIECEWISE_BEZIER_KNOTS.);
#10788 = CARTESIAN_POINT('',(36.,-54.));
#10789 = CARTESIAN_POINT('',(36.,-46.));
#10790 = ( GEOMETRIC_REPRESENTATION_CONTEXT(2) 
PARAMETRIC_REPRESENTATION_CONTEXT() REPRESENTATION_CONTEXT('2D SPACE',''
  ) );
#10791 = PCURVE('',#9080,#10792);
#10792 = DEFINITIONAL_REPRESENTATION('',(#10793),#10796);
#10793 = B_SPLINE_CURVE_WITH_KNOTS('',1,(#10794,#10795),.UNSPECIFIED.,
  .F.,.F.,(2,2),(-31.,-23.),.PIECEWISE_BEZIER_KNOTS.);
#10794 = CARTESIAN_POINT('',(28.5,8.));
#10795 = CARTESIAN_POINT('',(28.5,0.));
#10796 = ( GEOMETRIC_REPRESENTATION_CONTEXT(2) 
PARAMETRIC_REPRESENTATION_CONTEXT() REPRESENTATION_CONTEXT('2D SPACE',''
  ) );
#10797 = ORIENTED_EDGE('',*,*,#10798,.T.);
#10798 = EDGE_CURVE('',#10778,#10799,#10801,.T.);
#10799 = VERTEX_POINT('',#10800);
#10800 = CARTESIAN_POINT('',(47.5,-20.,7.));
#10801 = SURFACE_CURVE('',#10802,(#10806,#10812),.PCURVE_S1.);
#10802 = LINE('',#10803,#10804);
#10803 = CARTESIAN_POINT('',(47.5,-20.,-36.5));
#10804 = VECTOR('',#10805,1.);
#10805 = DIRECTION('',(0.,0.,1.));
#10806 = PCURVE('',#6268,#10807);
#10807 = DEFINITIONAL_REPRESENTATION('',(#10808),#10811);
#10808 = B_SPLINE_CURVE_WITH_KNOTS('',1,(#10809,#10810),.UNSPECIFIED.,
  .F.,.F.,(2,2),(13.5,43.5),.PIECEWISE_BEZIER_KNOTS.);
#10809 = CARTESIAN_POINT('',(27.,-51.));
#10810 = CARTESIAN_POINT('',(57.,-51.));
#10811 = ( GEOMETRIC_REPRESENTATION_CONTEXT(2) 
PARAMETRIC_REPRESENTATION_CONTEXT() REPRESENTATION_CONTEXT('2D SPACE',''
  ) );
#10812 = PCURVE('',#10118,#10813);
#10813 = DEFINITIONAL_REPRESENTATION('',(#10814),#10817);
#10814 = B_SPLINE_CURVE_WITH_KNOTS('',1,(#10815,#10816),.UNSPECIFIED.,
  .F.,.F.,(2,2),(13.5,43.5),.PIECEWISE_BEZIER_KNOTS.);
#10815 = CARTESIAN_POINT('',(0.,28.5));
#10816 = CARTESIAN_POINT('',(30.,28.5));
#10817 = ( GEOMETRIC_REPRESENTATION_CONTEXT(2) 
PARAMETRIC_REPRESENTATION_CONTEXT() REPRESENTATION_CONTEXT('2D SPACE',''
  ) );
#10818 = ORIENTED_EDGE('',*,*,#10819,.F.);
#10819 = EDGE_CURVE('',#10820,#10799,#10822,.T.);
#10820 = VERTEX_POINT('',#10821);
#10821 = CARTESIAN_POINT('',(47.5,20.,7.));
#10822 = SURFACE_CURVE('',#10823,(#10827,#10833),.PCURVE_S1.);
#10823 = LINE('',#10824,#10825);
#10824 = CARTESIAN_POINT('',(47.5,-45.5,7.));
#10825 = VECTOR('',#10826,1.);
#10826 = DIRECTION('',(0.,-1.,0.));
#10827 = PCURVE('',#6268,#10828);
#10828 = DEFINITIONAL_REPRESENTATION('',(#10829),#10832);
#10829 = B_SPLINE_CURVE_WITH_KNOTS('',1,(#10830,#10831),.UNSPECIFIED.,
  .F.,.F.,(2,2),(-65.5,-25.5),.PIECEWISE_BEZIER_KNOTS.);
#10830 = CARTESIAN_POINT('',(57.,-91.));
#10831 = CARTESIAN_POINT('',(57.,-51.));
#10832 = ( GEOMETRIC_REPRESENTATION_CONTEXT(2) 
PARAMETRIC_REPRESENTATION_CONTEXT() REPRESENTATION_CONTEXT('2D SPACE',''
  ) );
#10833 = PCURVE('',#10144,#10834);
#10834 = DEFINITIONAL_REPRESENTATION('',(#10835),#10838);
#10835 = B_SPLINE_CURVE_WITH_KNOTS('',1,(#10836,#10837),.UNSPECIFIED.,
  .F.,.F.,(2,2),(-65.5,-25.5),.PIECEWISE_BEZIER_KNOTS.);
#10836 = CARTESIAN_POINT('',(28.5,40.));
#10837 = CARTESIAN_POINT('',(28.5,0.));
#10838 = ( GEOMETRIC_REPRESENTATION_CONTEXT(2) 
PARAMETRIC_REPRESENTATION_CONTEXT() REPRESENTATION_CONTEXT('2D SPACE',''
  ) );
#10839 = ORIENTED_EDGE('',*,*,#10840,.F.);
#10840 = EDGE_CURVE('',#10841,#10820,#10843,.T.);
#10841 = VERTEX_POINT('',#10842);
#10842 = CARTESIAN_POINT('',(47.5,20.,-14.));
#10843 = SURFACE_CURVE('',#10844,(#10848,#10854),.PCURVE_S1.);
#10844 = LINE('',#10845,#10846);
#10845 = CARTESIAN_POINT('',(47.5,20.,-36.5));
#10846 = VECTOR('',#10847,1.);
#10847 = DIRECTION('',(0.,0.,1.));
#10848 = PCURVE('',#6268,#10849);
#10849 = DEFINITIONAL_REPRESENTATION('',(#10850),#10853);
#10850 = B_SPLINE_CURVE_WITH_KNOTS('',1,(#10851,#10852),.UNSPECIFIED.,
  .F.,.F.,(2,2),(13.5,43.5),.PIECEWISE_BEZIER_KNOTS.);
#10851 = CARTESIAN_POINT('',(27.,-91.));
#10852 = CARTESIAN_POINT('',(57.,-91.));
#10853 = ( GEOMETRIC_REPRESENTATION_CONTEXT(2) 
PARAMETRIC_REPRESENTATION_CONTEXT() REPRESENTATION_CONTEXT('2D SPACE',''
  ) );
#10854 = PCURVE('',#10170,#10855);
#10855 = DEFINITIONAL_REPRESENTATION('',(#10856),#10859);
#10856 = B_SPLINE_CURVE_WITH_KNOTS('',1,(#10857,#10858),.UNSPECIFIED.,
  .F.,.F.,(2,2),(13.5,43.5),.PIECEWISE_BEZIER_KNOTS.);
#10857 = CARTESIAN_POINT('',(0.,28.5));
#10858 = CARTESIAN_POINT('',(30.,28.5));
#10859 = ( GEOMETRIC_REPRESENTATION_CONTEXT(2) 
PARAMETRIC_REPRESENTATION_CONTEXT() REPRESENTATION_CONTEXT('2D SPACE',''
  ) );
#10860 = ORIENTED_EDGE('',*,*,#10861,.F.);
#10861 = EDGE_CURVE('',#10862,#10841,#10864,.T.);
#10862 = VERTEX_POINT('',#10863);
#10863 = CARTESIAN_POINT('',(47.5,25.,-14.));
#10864 = SURFACE_CURVE('',#10865,(#10869,#10875),.PCURVE_S1.);
#10865 = LINE('',#10866,#10867);
#10866 = CARTESIAN_POINT('',(47.5,-27.,-14.));
#10867 = VECTOR('',#10868,1.);
#10868 = DIRECTION('',(0.,-1.,0.));
#10869 = PCURVE('',#6268,#10870);
#10870 = DEFINITIONAL_REPRESENTATION('',(#10871),#10874);
#10871 = B_SPLINE_CURVE_WITH_KNOTS('',1,(#10872,#10873),.UNSPECIFIED.,
  .F.,.F.,(2,2),(-52.,-44.),.PIECEWISE_BEZIER_KNOTS.);
#10872 = CARTESIAN_POINT('',(36.,-96.));
#10873 = CARTESIAN_POINT('',(36.,-88.));
#10874 = ( GEOMETRIC_REPRESENTATION_CONTEXT(2) 
PARAMETRIC_REPRESENTATION_CONTEXT() REPRESENTATION_CONTEXT('2D SPACE',''
  ) );
#10875 = PCURVE('',#9184,#10876);
#10876 = DEFINITIONAL_REPRESENTATION('',(#10877),#10880);
#10877 = B_SPLINE_CURVE_WITH_KNOTS('',1,(#10878,#10879),.UNSPECIFIED.,
  .F.,.F.,(2,2),(-52.,-44.),.PIECEWISE_BEZIER_KNOTS.);
#10878 = CARTESIAN_POINT('',(28.5,8.));
#10879 = CARTESIAN_POINT('',(28.5,0.));
#10880 = ( GEOMETRIC_REPRESENTATION_CONTEXT(2) 
PARAMETRIC_REPRESENTATION_CONTEXT() REPRESENTATION_CONTEXT('2D SPACE',''
  ) );
#10881 = ORIENTED_EDGE('',*,*,#10882,.F.);
#10882 = EDGE_CURVE('',#10883,#10862,#10885,.T.);
#10883 = VERTEX_POINT('',#10884);
#10884 = CARTESIAN_POINT('',(47.5,25.,-20.));
#10885 = SURFACE_CURVE('',#10886,(#10890,#10896),.PCURVE_S1.);
#10886 = LINE('',#10887,#10888);
#10887 = CARTESIAN_POINT('',(47.5,25.,-35.));
#10888 = VECTOR('',#10889,1.);
#10889 = DIRECTION('',(0.,0.,1.));
#10890 = PCURVE('',#6268,#10891);
#10891 = DEFINITIONAL_REPRESENTATION('',(#10892),#10895);
#10892 = B_SPLINE_CURVE_WITH_KNOTS('',1,(#10893,#10894),.UNSPECIFIED.,
  .F.,.F.,(2,2),(15.,21.),.PIECEWISE_BEZIER_KNOTS.);
#10893 = CARTESIAN_POINT('',(30.,-96.));
#10894 = CARTESIAN_POINT('',(36.,-96.));
#10895 = ( GEOMETRIC_REPRESENTATION_CONTEXT(2) 
PARAMETRIC_REPRESENTATION_CONTEXT() REPRESENTATION_CONTEXT('2D SPACE',''
  ) );
#10896 = PCURVE('',#10897,#10902);
#10897 = PLANE('',#10898);
#10898 = AXIS2_PLACEMENT_3D('',#10899,#10900,#10901);
#10899 = CARTESIAN_POINT('',(19.,25.,-20.));
#10900 = DIRECTION('',(0.,1.,0.));
#10901 = DIRECTION('',(0.,0.,1.));
#10902 = DEFINITIONAL_REPRESENTATION('',(#10903),#10906);
#10903 = B_SPLINE_CURVE_WITH_KNOTS('',1,(#10904,#10905),.UNSPECIFIED.,
  .F.,.F.,(2,2),(15.,21.),.PIECEWISE_BEZIER_KNOTS.);
#10904 = CARTESIAN_POINT('',(0.,28.5));
#10905 = CARTESIAN_POINT('',(6.,28.5));
#10906 = ( GEOMETRIC_REPRESENTATION_CONTEXT(2) 
PARAMETRIC_REPRESENTATION_CONTEXT() REPRESENTATION_CONTEXT('2D SPACE',''
  ) );
#10907 = ORIENTED_EDGE('',*,*,#10908,.T.);
#10908 = EDGE_CURVE('',#10883,#10668,#10909,.T.);
#10909 = SURFACE_CURVE('',#10910,(#10914,#10920),.PCURVE_S1.);
#10910 = LINE('',#10911,#10912);
#10911 = CARTESIAN_POINT('',(47.5,-27.,-20.));
#10912 = VECTOR('',#10913,1.);
#10913 = DIRECTION('',(0.,-1.,0.));
#10914 = PCURVE('',#6268,#10915);
#10915 = DEFINITIONAL_REPRESENTATION('',(#10916),#10919);
#10916 = B_SPLINE_CURVE_WITH_KNOTS('',1,(#10917,#10918),.UNSPECIFIED.,
  .F.,.F.,(2,2),(-52.,-44.),.PIECEWISE_BEZIER_KNOTS.);
#10917 = CARTESIAN_POINT('',(30.,-96.));
#10918 = CARTESIAN_POINT('',(30.,-88.));
#10919 = ( GEOMETRIC_REPRESENTATION_CONTEXT(2) 
PARAMETRIC_REPRESENTATION_CONTEXT() REPRESENTATION_CONTEXT('2D SPACE',''
  ) );
#10920 = PCURVE('',#9234,#10921);
#10921 = DEFINITIONAL_REPRESENTATION('',(#10922),#10925);
#10922 = B_SPLINE_CURVE_WITH_KNOTS('',1,(#10923,#10924),.UNSPECIFIED.,
  .F.,.F.,(2,2),(-52.,-44.),.PIECEWISE_BEZIER_KNOTS.);
#10923 = CARTESIAN_POINT('',(28.5,8.));
#10924 = CARTESIAN_POINT('',(28.5,0.));
#10925 = ( GEOMETRIC_REPRESENTATION_CONTEXT(2) 
PARAMETRIC_REPRESENTATION_CONTEXT() REPRESENTATION_CONTEXT('2D SPACE',''
  ) );
#10926 = ADVANCED_FACE('',(#10927),#6607,.T.);
#10927 = FACE_BOUND('',#10928,.T.);
#10928 = EDGE_LOOP('',(#10929,#10930,#10931,#10932,#10933,#10934,#10953,
    #10954,#10955,#10956,#10975,#10976));
#10929 = ORIENTED_EDGE('',*,*,#6594,.F.);
#10930 = ORIENTED_EDGE('',*,*,#7032,.T.);
#10931 = ORIENTED_EDGE('',*,*,#7102,.T.);
#10932 = ORIENTED_EDGE('',*,*,#7178,.T.);
#10933 = ORIENTED_EDGE('',*,*,#8912,.F.);
#10934 = ORIENTED_EDGE('',*,*,#10935,.T.);
#10935 = EDGE_CURVE('',#8716,#9300,#10936,.T.);
#10936 = SURFACE_CURVE('',#10937,(#10941,#10947),.PCURVE_S1.);
#10937 = LINE('',#10938,#10939);
#10938 = CARTESIAN_POINT('',(48.5,-71.,49.));
#10939 = VECTOR('',#10940,1.);
#10940 = DIRECTION('',(-1.,0.,0.));
#10941 = PCURVE('',#6607,#10942);
#10942 = DEFINITIONAL_REPRESENTATION('',(#10943),#10946);
#10943 = B_SPLINE_CURVE_WITH_KNOTS('',1,(#10944,#10945),.UNSPECIFIED.,
  .F.,.F.,(2,2),(-52.5,-48.5),.PIECEWISE_BEZIER_KNOTS.);
#10944 = CARTESIAN_POINT('',(101.,4.));
#10945 = CARTESIAN_POINT('',(97.,4.));
#10946 = ( GEOMETRIC_REPRESENTATION_CONTEXT(2) 
PARAMETRIC_REPRESENTATION_CONTEXT() REPRESENTATION_CONTEXT('2D SPACE',''
  ) );
#10947 = PCURVE('',#8731,#10948);
#10948 = DEFINITIONAL_REPRESENTATION('',(#10949),#10952);
#10949 = B_SPLINE_CURVE_WITH_KNOTS('',1,(#10950,#10951),.UNSPECIFIED.,
  .F.,.F.,(2,2),(-52.5,-48.5),.PIECEWISE_BEZIER_KNOTS.);
#10950 = CARTESIAN_POINT('',(99.,4.));
#10951 = CARTESIAN_POINT('',(99.,0.));
#10952 = ( GEOMETRIC_REPRESENTATION_CONTEXT(2) 
PARAMETRIC_REPRESENTATION_CONTEXT() REPRESENTATION_CONTEXT('2D SPACE',''
  ) );
#10953 = ORIENTED_EDGE('',*,*,#9459,.T.);
#10954 = ORIENTED_EDGE('',*,*,#7271,.T.);
#10955 = ORIENTED_EDGE('',*,*,#9939,.F.);
#10956 = ORIENTED_EDGE('',*,*,#10957,.T.);
#10957 = EDGE_CURVE('',#9748,#10297,#10958,.T.);
#10958 = SURFACE_CURVE('',#10959,(#10963,#10969),.PCURVE_S1.);
#10959 = LINE('',#10960,#10961);
#10960 = CARTESIAN_POINT('',(23.75,-71.,49.));
#10961 = VECTOR('',#10962,1.);
#10962 = DIRECTION('',(-1.,0.,0.));
#10963 = PCURVE('',#6607,#10964);
#10964 = DEFINITIONAL_REPRESENTATION('',(#10965),#10968);
#10965 = B_SPLINE_CURVE_WITH_KNOTS('',1,(#10966,#10967),.UNSPECIFIED.,
  .F.,.F.,(2,2),(-27.75,-23.75),.PIECEWISE_BEZIER_KNOTS.);
#10966 = CARTESIAN_POINT('',(51.5,4.));
#10967 = CARTESIAN_POINT('',(47.5,4.));
#10968 = ( GEOMETRIC_REPRESENTATION_CONTEXT(2) 
PARAMETRIC_REPRESENTATION_CONTEXT() REPRESENTATION_CONTEXT('2D SPACE',''
  ) );
#10969 = PCURVE('',#9763,#10970);
#10970 = DEFINITIONAL_REPRESENTATION('',(#10971),#10974);
#10971 = B_SPLINE_CURVE_WITH_KNOTS('',1,(#10972,#10973),.UNSPECIFIED.,
  .F.,.F.,(2,2),(-27.75,-23.75),.PIECEWISE_BEZIER_KNOTS.);
#10972 = CARTESIAN_POINT('',(99.,4.));
#10973 = CARTESIAN_POINT('',(99.,0.));
#10974 = ( GEOMETRIC_REPRESENTATION_CONTEXT(2) 
PARAMETRIC_REPRESENTATION_CONTEXT() REPRESENTATION_CONTEXT('2D SPACE',''
  ) );
#10975 = ORIENTED_EDGE('',*,*,#10644,.T.);
#10976 = ORIENTED_EDGE('',*,*,#7364,.T.);
#10977 = ADVANCED_FACE('',(#10978),#6561,.T.);
#10978 = FACE_BOUND('',#10979,.T.);
#10979 = EDGE_LOOP('',(#10980,#10981,#11000,#11001,#11025,#11044,#11045,
    #11064,#11065,#11084,#11085,#11104,#11105,#11126,#11150,#11169,
    #11170,#11171));
#10980 = ORIENTED_EDGE('',*,*,#7385,.F.);
#10981 = ORIENTED_EDGE('',*,*,#10982,.T.);
#10982 = EDGE_CURVE('',#7129,#7533,#10983,.T.);
#10983 = SURFACE_CURVE('',#10984,(#10988,#10994),.PCURVE_S1.);
#10984 = LINE('',#10985,#10986);
#10985 = CARTESIAN_POINT('',(145.,-71.,52.));
#10986 = VECTOR('',#10987,1.);
#10987 = DIRECTION('',(0.,1.,0.));
#10988 = PCURVE('',#6561,#10989);
#10989 = DEFINITIONAL_REPRESENTATION('',(#10990),#10993);
#10990 = B_SPLINE_CURVE_WITH_KNOTS('',1,(#10991,#10992),.UNSPECIFIED.,
  .F.,.F.,(2,2),(1.,141.),.PIECEWISE_BEZIER_KNOTS.);
#10991 = CARTESIAN_POINT('',(142.,2.));
#10992 = CARTESIAN_POINT('',(142.,142.));
#10993 = ( GEOMETRIC_REPRESENTATION_CONTEXT(2) 
PARAMETRIC_REPRESENTATION_CONTEXT() REPRESENTATION_CONTEXT('2D SPACE',''
  ) );
#10994 = PCURVE('',#7144,#10995);
#10995 = DEFINITIONAL_REPRESENTATION('',(#10996),#10999);
#10996 = B_SPLINE_CURVE_WITH_KNOTS('',1,(#10997,#10998),.UNSPECIFIED.,
  .F.,.F.,(2,2),(1.,141.),.PIECEWISE_BEZIER_KNOTS.);
#10997 = CARTESIAN_POINT('',(4.,0.));
#10998 = CARTESIAN_POINT('',(4.,-140.));
#10999 = ( GEOMETRIC_REPRESENTATION_CONTEXT(2) 
PARAMETRIC_REPRESENTATION_CONTEXT() REPRESENTATION_CONTEXT('2D SPACE',''
  ) );
#11000 = ORIENTED_EDGE('',*,*,#7532,.T.);
#11001 = ORIENTED_EDGE('',*,*,#11002,.F.);
#11002 = EDGE_CURVE('',#11003,#7505,#11005,.T.);
#11003 = VERTEX_POINT('',#11004);
#11004 = CARTESIAN_POINT('',(130.,-61.,52.));
#11005 = SURFACE_CURVE('',#11006,(#11011,#11018),.PCURVE_S1.);
#11006 = CIRCLE('',#11007,3.);
#11007 = AXIS2_PLACEMENT_3D('',#11008,#11009,#11010);
#11008 = CARTESIAN_POINT('',(133.,-61.,52.));
#11009 = DIRECTION('',(0.,0.,1.));
#11010 = DIRECTION('',(-1.,-0.,0.));
#11011 = PCURVE('',#6561,#11012);
#11012 = DEFINITIONAL_REPRESENTATION('',(#11013),#11017);
#11013 = CIRCLE('',#11014,3.);
#11014 = AXIS2_PLACEMENT_2D('',#11015,#11016);
#11015 = CARTESIAN_POINT('',(130.,11.));
#11016 = DIRECTION('',(-1.,0.));
#11017 = ( GEOMETRIC_REPRESENTATION_CONTEXT(2) 
PARAMETRIC_REPRESENTATION_CONTEXT() REPRESENTATION_CONTEXT('2D SPACE',''
  ) );
#11018 = PCURVE('',#7520,#11019);
#11019 = DEFINITIONAL_REPRESENTATION('',(#11020),#11024);
#11020 = LINE('',#11021,#11022);
#11021 = CARTESIAN_POINT('',(0.,27.));
#11022 = VECTOR('',#11023,1.);
#11023 = DIRECTION('',(1.,0.));
#11024 = ( GEOMETRIC_REPRESENTATION_CONTEXT(2) 
PARAMETRIC_REPRESENTATION_CONTEXT() REPRESENTATION_CONTEXT('2D SPACE',''
  ) );
#11025 = ORIENTED_EDGE('',*,*,#11026,.T.);
#11026 = EDGE_CURVE('',#11003,#7916,#11027,.T.);
#11027 = SURFACE_CURVE('',#11028,(#11032,#11038),.PCURVE_S1.);
#11028 = LINE('',#11029,#11030);
#11029 = CARTESIAN_POINT('',(130.,-68.,52.));
#11030 = VECTOR('',#11031,1.);
#11031 = DIRECTION('',(0.,1.,0.));
#11032 = PCURVE('',#6561,#11033);
#11033 = DEFINITIONAL_REPRESENTATION('',(#11034),#11037);
#11034 = B_SPLINE_CURVE_WITH_KNOTS('',1,(#11035,#11036),.UNSPECIFIED.,
  .F.,.F.,(2,2),(7.,21.),.PIECEWISE_BEZIER_KNOTS.);
#11035 = CARTESIAN_POINT('',(127.,11.));
#11036 = CARTESIAN_POINT('',(127.,25.));
#11037 = ( GEOMETRIC_REPRESENTATION_CONTEXT(2) 
PARAMETRIC_REPRESENTATION_CONTEXT() REPRESENTATION_CONTEXT('2D SPACE',''
  ) );
#11038 = PCURVE('',#7777,#11039);
#11039 = DEFINITIONAL_REPRESENTATION('',(#11040),#11043);
#11040 = B_SPLINE_CURVE_WITH_KNOTS('',1,(#11041,#11042),.UNSPECIFIED.,
  .F.,.F.,(2,2),(7.,21.),.PIECEWISE_BEZIER_KNOTS.);
#11041 = CARTESIAN_POINT('',(27.,-3.));
#11042 = CARTESIAN_POINT('',(27.,-17.));
#11043 = ( GEOMETRIC_REPRESENTATION_CONTEXT(2) 
PARAMETRIC_REPRESENTATION_CONTEXT() REPRESENTATION_CONTEXT('2D SPACE',''
  ) );
#11044 = ORIENTED_EDGE('',*,*,#7936,.F.);
#11045 = ORIENTED_EDGE('',*,*,#11046,.T.);
#11046 = EDGE_CURVE('',#7937,#8254,#11047,.T.);
#11047 = SURFACE_CURVE('',#11048,(#11052,#11058),.PCURVE_S1.);
#11048 = LINE('',#11049,#11050);
#11049 = CARTESIAN_POINT('',(140.,-64.5,52.));
#11050 = VECTOR('',#11051,1.);
#11051 = DIRECTION('',(0.,1.,0.));
#11052 = PCURVE('',#6561,#11053);
#11053 = DEFINITIONAL_REPRESENTATION('',(#11054),#11057);
#11054 = B_SPLINE_CURVE_WITH_KNOTS('',1,(#11055,#11056),.UNSPECIFIED.,
  .F.,.F.,(2,2),(7.5,23.5),.PIECEWISE_BEZIER_KNOTS.);
#11055 = CARTESIAN_POINT('',(137.,15.));
#11056 = CARTESIAN_POINT('',(137.,31.));
#11057 = ( GEOMETRIC_REPRESENTATION_CONTEXT(2) 
PARAMETRIC_REPRESENTATION_CONTEXT() REPRESENTATION_CONTEXT('2D SPACE',''
  ) );
#11058 = PCURVE('',#7972,#11059);
#11059 = DEFINITIONAL_REPRESENTATION('',(#11060),#11063);
#11060 = B_SPLINE_CURVE_WITH_KNOTS('',1,(#11061,#11062),.UNSPECIFIED.,
  .F.,.F.,(2,2),(7.5,23.5),.PIECEWISE_BEZIER_KNOTS.);
#11061 = CARTESIAN_POINT('',(4.,0.));
#11062 = CARTESIAN_POINT('',(4.,-16.));
#11063 = ( GEOMETRIC_REPRESENTATION_CONTEXT(2) 
PARAMETRIC_REPRESENTATION_CONTEXT() REPRESENTATION_CONTEXT('2D SPACE',''
  ) );
#11064 = ORIENTED_EDGE('',*,*,#8276,.F.);
#11065 = ORIENTED_EDGE('',*,*,#11066,.T.);
#11066 = EDGE_CURVE('',#8277,#8465,#11067,.T.);
#11067 = SURFACE_CURVE('',#11068,(#11072,#11078),.PCURVE_S1.);
#11068 = LINE('',#11069,#11070);
#11069 = CARTESIAN_POINT('',(145.,-71.,52.));
#11070 = VECTOR('',#11071,1.);
#11071 = DIRECTION('',(0.,1.,0.));
#11072 = PCURVE('',#6561,#11073);
#11073 = DEFINITIONAL_REPRESENTATION('',(#11074),#11077);
#11074 = B_SPLINE_CURVE_WITH_KNOTS('',1,(#11075,#11076),.UNSPECIFIED.,
  .F.,.F.,(2,2),(1.,141.),.PIECEWISE_BEZIER_KNOTS.);
#11075 = CARTESIAN_POINT('',(142.,2.));
#11076 = CARTESIAN_POINT('',(142.,142.));
#11077 = ( GEOMETRIC_REPRESENTATION_CONTEXT(2) 
PARAMETRIC_REPRESENTATION_CONTEXT() REPRESENTATION_CONTEXT('2D SPACE',''
  ) );
#11078 = PCURVE('',#8312,#11079);
#11079 = DEFINITIONAL_REPRESENTATION('',(#11080),#11083);
#11080 = B_SPLINE_CURVE_WITH_KNOTS('',1,(#11081,#11082),.UNSPECIFIED.,
  .F.,.F.,(2,2),(1.,141.),.PIECEWISE_BEZIER_KNOTS.);
#11081 = CARTESIAN_POINT('',(4.,0.));
#11082 = CARTESIAN_POINT('',(4.,-140.));
#11083 = ( GEOMETRIC_REPRESENTATION_CONTEXT(2) 
PARAMETRIC_REPRESENTATION_CONTEXT() REPRESENTATION_CONTEXT('2D SPACE',''
  ) );
#11084 = ORIENTED_EDGE('',*,*,#8464,.T.);
#11085 = ORIENTED_EDGE('',*,*,#11086,.T.);
#11086 = EDGE_CURVE('',#8442,#8158,#11087,.T.);
#11087 = SURFACE_CURVE('',#11088,(#11092,#11098),.PCURVE_S1.);
#11088 = LINE('',#11089,#11090);
#11089 = CARTESIAN_POINT('',(140.,-15.5,52.));
#11090 = VECTOR('',#11091,1.);
#11091 = DIRECTION('',(0.,1.,0.));
#11092 = PCURVE('',#6561,#11093);
#11093 = DEFINITIONAL_REPRESENTATION('',(#11094),#11097);
#11094 = B_SPLINE_CURVE_WITH_KNOTS('',1,(#11095,#11096),.UNSPECIFIED.,
  .F.,.F.,(2,2),(56.5,72.5),.PIECEWISE_BEZIER_KNOTS.);
#11095 = CARTESIAN_POINT('',(137.,113.));
#11096 = CARTESIAN_POINT('',(137.,129.));
#11097 = ( GEOMETRIC_REPRESENTATION_CONTEXT(2) 
PARAMETRIC_REPRESENTATION_CONTEXT() REPRESENTATION_CONTEXT('2D SPACE',''
  ) );
#11098 = PCURVE('',#8193,#11099);
#11099 = DEFINITIONAL_REPRESENTATION('',(#11100),#11103);
#11100 = B_SPLINE_CURVE_WITH_KNOTS('',1,(#11101,#11102),.UNSPECIFIED.,
  .F.,.F.,(2,2),(56.5,72.5),.PIECEWISE_BEZIER_KNOTS.);
#11101 = CARTESIAN_POINT('',(4.,0.));
#11102 = CARTESIAN_POINT('',(4.,-16.));
#11103 = ( GEOMETRIC_REPRESENTATION_CONTEXT(2) 
PARAMETRIC_REPRESENTATION_CONTEXT() REPRESENTATION_CONTEXT('2D SPACE',''
  ) );
#11104 = ORIENTED_EDGE('',*,*,#8157,.T.);
#11105 = ORIENTED_EDGE('',*,*,#11106,.T.);
#11106 = EDGE_CURVE('',#8137,#11107,#11109,.T.);
#11107 = VERTEX_POINT('',#11108);
#11108 = CARTESIAN_POINT('',(130.,61.,52.));
#11109 = SURFACE_CURVE('',#11110,(#11114,#11120),.PCURVE_S1.);
#11110 = LINE('',#11111,#11112);
#11111 = CARTESIAN_POINT('',(130.,-19.,52.));
#11112 = VECTOR('',#11113,1.);
#11113 = DIRECTION('',(0.,1.,0.));
#11114 = PCURVE('',#6561,#11115);
#11115 = DEFINITIONAL_REPRESENTATION('',(#11116),#11119);
#11116 = B_SPLINE_CURVE_WITH_KNOTS('',1,(#11117,#11118),.UNSPECIFIED.,
  .F.,.F.,(2,2),(66.,80.),.PIECEWISE_BEZIER_KNOTS.);
#11117 = CARTESIAN_POINT('',(127.,119.));
#11118 = CARTESIAN_POINT('',(127.,133.));
#11119 = ( GEOMETRIC_REPRESENTATION_CONTEXT(2) 
PARAMETRIC_REPRESENTATION_CONTEXT() REPRESENTATION_CONTEXT('2D SPACE',''
  ) );
#11120 = PCURVE('',#8023,#11121);
#11121 = DEFINITIONAL_REPRESENTATION('',(#11122),#11125);
#11122 = B_SPLINE_CURVE_WITH_KNOTS('',1,(#11123,#11124),.UNSPECIFIED.,
  .F.,.F.,(2,2),(66.,80.),.PIECEWISE_BEZIER_KNOTS.);
#11123 = CARTESIAN_POINT('',(27.,-13.));
#11124 = CARTESIAN_POINT('',(27.,-27.));
#11125 = ( GEOMETRIC_REPRESENTATION_CONTEXT(2) 
PARAMETRIC_REPRESENTATION_CONTEXT() REPRESENTATION_CONTEXT('2D SPACE',''
  ) );
#11126 = ORIENTED_EDGE('',*,*,#11127,.F.);
#11127 = EDGE_CURVE('',#11128,#11107,#11130,.T.);
#11128 = VERTEX_POINT('',#11129);
#11129 = CARTESIAN_POINT('',(133.,64.,52.));
#11130 = SURFACE_CURVE('',#11131,(#11136,#11143),.PCURVE_S1.);
#11131 = CIRCLE('',#11132,3.);
#11132 = AXIS2_PLACEMENT_3D('',#11133,#11134,#11135);
#11133 = CARTESIAN_POINT('',(133.,61.,52.));
#11134 = DIRECTION('',(0.,0.,1.));
#11135 = DIRECTION('',(-1.,-0.,0.));
#11136 = PCURVE('',#6561,#11137);
#11137 = DEFINITIONAL_REPRESENTATION('',(#11138),#11142);
#11138 = CIRCLE('',#11139,3.);
#11139 = AXIS2_PLACEMENT_2D('',#11140,#11141);
#11140 = CARTESIAN_POINT('',(130.,133.));
#11141 = DIRECTION('',(-1.,0.));
#11142 = ( GEOMETRIC_REPRESENTATION_CONTEXT(2) 
PARAMETRIC_REPRESENTATION_CONTEXT() REPRESENTATION_CONTEXT('2D SPACE',''
  ) );
#11143 = PCURVE('',#7874,#11144);
#11144 = DEFINITIONAL_REPRESENTATION('',(#11145),#11149);
#11145 = LINE('',#11146,#11147);
#11146 = CARTESIAN_POINT('',(-6.28318530718,27.));
#11147 = VECTOR('',#11148,1.);
#11148 = DIRECTION('',(1.,-0.));
#11149 = ( GEOMETRIC_REPRESENTATION_CONTEXT(2) 
PARAMETRIC_REPRESENTATION_CONTEXT() REPRESENTATION_CONTEXT('2D SPACE',''
  ) );
#11150 = ORIENTED_EDGE('',*,*,#11151,.F.);
#11151 = EDGE_CURVE('',#7606,#11128,#11152,.T.);
#11152 = SURFACE_CURVE('',#11153,(#11157,#11163),.PCURVE_S1.);
#11153 = LINE('',#11154,#11155);
#11154 = CARTESIAN_POINT('',(66.5,64.,52.));
#11155 = VECTOR('',#11156,1.);
#11156 = DIRECTION('',(-1.,0.,0.));
#11157 = PCURVE('',#6561,#11158);
#11158 = DEFINITIONAL_REPRESENTATION('',(#11159),#11162);
#11159 = B_SPLINE_CURVE_WITH_KNOTS('',1,(#11160,#11161),.UNSPECIFIED.,
  .F.,.F.,(2,2),(-78.5,-66.5),.PIECEWISE_BEZIER_KNOTS.);
#11160 = CARTESIAN_POINT('',(142.,136.));
#11161 = CARTESIAN_POINT('',(130.,136.));
#11162 = ( GEOMETRIC_REPRESENTATION_CONTEXT(2) 
PARAMETRIC_REPRESENTATION_CONTEXT() REPRESENTATION_CONTEXT('2D SPACE',''
  ) );
#11163 = PCURVE('',#7642,#11164);
#11164 = DEFINITIONAL_REPRESENTATION('',(#11165),#11168);
#11165 = B_SPLINE_CURVE_WITH_KNOTS('',1,(#11166,#11167),.UNSPECIFIED.,
  .F.,.F.,(2,2),(-78.5,-66.5),.PIECEWISE_BEZIER_KNOTS.);
#11166 = CARTESIAN_POINT('',(27.,15.));
#11167 = CARTESIAN_POINT('',(27.,3.));
#11168 = ( GEOMETRIC_REPRESENTATION_CONTEXT(2) 
PARAMETRIC_REPRESENTATION_CONTEXT() REPRESENTATION_CONTEXT('2D SPACE',''
  ) );
#11169 = ORIENTED_EDGE('',*,*,#7605,.T.);
#11170 = ORIENTED_EDGE('',*,*,#8564,.T.);
#11171 = ORIENTED_EDGE('',*,*,#6545,.F.);
#11172 = ADVANCED_FACE('',(#11173),#6637,.F.);
#11173 = FACE_BOUND('',#11174,.T.);
#11174 = EDGE_LOOP('',(#11175,#11198,#11225,#11226));
#11175 = ORIENTED_EDGE('',*,*,#11176,.T.);
#11176 = EDGE_CURVE('',#6621,#11177,#11179,.T.);
#11177 = VERTEX_POINT('',#11178);
#11178 = CARTESIAN_POINT('',(20.,57.,2.));
#11179 = SEAM_CURVE('',#11180,(#11184,#11191),.PCURVE_S1.);
#11180 = LINE('',#11181,#11182);
#11181 = CARTESIAN_POINT('',(6.,57.,2.));
#11182 = VECTOR('',#11183,1.);
#11183 = DIRECTION('',(1.,0.,0.));
#11184 = PCURVE('',#6637,#11185);
#11185 = DEFINITIONAL_REPRESENTATION('',(#11186),#11190);
#11186 = LINE('',#11187,#11188);
#11187 = CARTESIAN_POINT('',(-0.,0.));
#11188 = VECTOR('',#11189,1.);
#11189 = DIRECTION('',(-0.,-1.));
#11190 = ( GEOMETRIC_REPRESENTATION_CONTEXT(2) 
PARAMETRIC_REPRESENTATION_CONTEXT() REPRESENTATION_CONTEXT('2D SPACE',''
  ) );
#11191 = PCURVE('',#6637,#11192);
#11192 = DEFINITIONAL_REPRESENTATION('',(#11193),#11197);
#11193 = LINE('',#11194,#11195);
#11194 = CARTESIAN_POINT('',(-6.28318530718,0.));
#11195 = VECTOR('',#11196,1.);
#11196 = DIRECTION('',(-0.,-1.));
#11197 = ( GEOMETRIC_REPRESENTATION_CONTEXT(2) 
PARAMETRIC_REPRESENTATION_CONTEXT() REPRESENTATION_CONTEXT('2D SPACE',''
  ) );
#11198 = ORIENTED_EDGE('',*,*,#11199,.T.);
#11199 = EDGE_CURVE('',#11177,#11177,#11200,.T.);
#11200 = SURFACE_CURVE('',#11201,(#11206,#11213),.PCURVE_S1.);
#11201 = CIRCLE('',#11202,2.);
#11202 = AXIS2_PLACEMENT_3D('',#11203,#11204,#11205);
#11203 = CARTESIAN_POINT('',(20.,57.,-7.771561172376E-16));
#11204 = DIRECTION('',(1.,0.,-0.));
#11205 = DIRECTION('',(0.,1.110223024625E-16,1.));
#11206 = PCURVE('',#6637,#11207);
#11207 = DEFINITIONAL_REPRESENTATION('',(#11208),#11212);
#11208 = LINE('',#11209,#11210);
#11209 = CARTESIAN_POINT('',(-0.,-14.));
#11210 = VECTOR('',#11211,1.);
#11211 = DIRECTION('',(-1.,0.));
#11212 = ( GEOMETRIC_REPRESENTATION_CONTEXT(2) 
PARAMETRIC_REPRESENTATION_CONTEXT() REPRESENTATION_CONTEXT('2D SPACE',''
  ) );
#11213 = PCURVE('',#11214,#11219);
#11214 = PLANE('',#11215);
#11215 = AXIS2_PLACEMENT_3D('',#11216,#11217,#11218);
#11216 = CARTESIAN_POINT('',(20.,57.,-9.053536296632E-16));
#11217 = DIRECTION('',(1.,0.,0.));
#11218 = DIRECTION('',(0.,-1.,1.110223024625E-16));
#11219 = DEFINITIONAL_REPRESENTATION('',(#11220),#11224);
#11220 = CIRCLE('',#11221,2.);
#11221 = AXIS2_PLACEMENT_2D('',#11222,#11223);
#11222 = CARTESIAN_POINT('',(1.423278299945E-32,-1.281975124256E-16));
#11223 = DIRECTION('',(0.,-1.));
#11224 = ( GEOMETRIC_REPRESENTATION_CONTEXT(2) 
PARAMETRIC_REPRESENTATION_CONTEXT() REPRESENTATION_CONTEXT('2D SPACE',''
  ) );
#11225 = ORIENTED_EDGE('',*,*,#11176,.F.);
#11226 = ORIENTED_EDGE('',*,*,#6620,.F.);
#11227 = ADVANCED_FACE('',(#11228),#6668,.F.);
#11228 = FACE_BOUND('',#11229,.T.);
#11229 = EDGE_LOOP('',(#11230,#11253,#11280,#11281));
#11230 = ORIENTED_EDGE('',*,*,#11231,.T.);
#11231 = EDGE_CURVE('',#6652,#11232,#11234,.T.);
#11232 = VERTEX_POINT('',#11233);
#11233 = CARTESIAN_POINT('',(16.,5.,-23.25));
#11234 = SEAM_CURVE('',#11235,(#11239,#11246),.PCURVE_S1.);
#11235 = LINE('',#11236,#11237);
#11236 = CARTESIAN_POINT('',(6.,5.,-23.25));
#11237 = VECTOR('',#11238,1.);
#11238 = DIRECTION('',(1.,0.,0.));
#11239 = PCURVE('',#6668,#11240);
#11240 = DEFINITIONAL_REPRESENTATION('',(#11241),#11245);
#11241 = LINE('',#11242,#11243);
#11242 = CARTESIAN_POINT('',(-0.,0.));
#11243 = VECTOR('',#11244,1.);
#11244 = DIRECTION('',(-0.,-1.));
#11245 = ( GEOMETRIC_REPRESENTATION_CONTEXT(2) 
PARAMETRIC_REPRESENTATION_CONTEXT() REPRESENTATION_CONTEXT('2D SPACE',''
  ) );
#11246 = PCURVE('',#6668,#11247);
#11247 = DEFINITIONAL_REPRESENTATION('',(#11248),#11252);
#11248 = LINE('',#11249,#11250);
#11249 = CARTESIAN_POINT('',(-6.28318530718,0.));
#11250 = VECTOR('',#11251,1.);
#11251 = DIRECTION('',(-0.,-1.));
#11252 = ( GEOMETRIC_REPRESENTATION_CONTEXT(2) 
PARAMETRIC_REPRESENTATION_CONTEXT() REPRESENTATION_CONTEXT('2D SPACE',''
  ) );
#11253 = ORIENTED_EDGE('',*,*,#11254,.T.);
#11254 = EDGE_CURVE('',#11232,#11232,#11255,.T.);
#11255 = SURFACE_CURVE('',#11256,(#11261,#11268),.PCURVE_S1.);
#11256 = CIRCLE('',#11257,4.25);
#11257 = AXIS2_PLACEMENT_3D('',#11258,#11259,#11260);
#11258 = CARTESIAN_POINT('',(16.,5.,-27.5));
#11259 = DIRECTION('',(1.,0.,-0.));
#11260 = DIRECTION('',(0.,1.110223024625E-16,1.));
#11261 = PCURVE('',#6668,#11262);
#11262 = DEFINITIONAL_REPRESENTATION('',(#11263),#11267);
#11263 = LINE('',#11264,#11265);
#11264 = CARTESIAN_POINT('',(-0.,-10.));
#11265 = VECTOR('',#11266,1.);
#11266 = DIRECTION('',(-1.,0.));
#11267 = ( GEOMETRIC_REPRESENTATION_CONTEXT(2) 
PARAMETRIC_REPRESENTATION_CONTEXT() REPRESENTATION_CONTEXT('2D SPACE',''
  ) );
#11268 = PCURVE('',#11269,#11274);
#11269 = PLANE('',#11270);
#11270 = AXIS2_PLACEMENT_3D('',#11271,#11272,#11273);
#11271 = CARTESIAN_POINT('',(16.,5.,-27.5));
#11272 = DIRECTION('',(1.,0.,0.));
#11273 = DIRECTION('',(0.,-1.,1.110223024625E-16));
#11274 = DEFINITIONAL_REPRESENTATION('',(#11275),#11279);
#11275 = CIRCLE('',#11276,4.25);
#11276 = AXIS2_PLACEMENT_2D('',#11277,#11278);
#11277 = CARTESIAN_POINT('',(0.,0.));
#11278 = DIRECTION('',(0.,-1.));
#11279 = ( GEOMETRIC_REPRESENTATION_CONTEXT(2) 
PARAMETRIC_REPRESENTATION_CONTEXT() REPRESENTATION_CONTEXT('2D SPACE',''
  ) );
#11280 = ORIENTED_EDGE('',*,*,#11231,.F.);
#11281 = ORIENTED_EDGE('',*,*,#6651,.F.);
#11282 = ADVANCED_FACE('',(#11283),#6699,.F.);
#11283 = FACE_BOUND('',#11284,.T.);
#11284 = EDGE_LOOP('',(#11285,#11308,#11335,#11336));
#11285 = ORIENTED_EDGE('',*,*,#11286,.T.);
#11286 = EDGE_CURVE('',#6683,#11287,#11289,.T.);
#11287 = VERTEX_POINT('',#11288);
#11288 = CARTESIAN_POINT('',(16.,5.,4.25));
#11289 = SEAM_CURVE('',#11290,(#11294,#11301),.PCURVE_S1.);
#11290 = LINE('',#11291,#11292);
#11291 = CARTESIAN_POINT('',(6.,5.,4.25));
#11292 = VECTOR('',#11293,1.);
#11293 = DIRECTION('',(1.,0.,0.));
#11294 = PCURVE('',#6699,#11295);
#11295 = DEFINITIONAL_REPRESENTATION('',(#11296),#11300);
#11296 = LINE('',#11297,#11298);
#11297 = CARTESIAN_POINT('',(-0.,0.));
#11298 = VECTOR('',#11299,1.);
#11299 = DIRECTION('',(-0.,-1.));
#11300 = ( GEOMETRIC_REPRESENTATION_CONTEXT(2) 
PARAMETRIC_REPRESENTATION_CONTEXT() REPRESENTATION_CONTEXT('2D SPACE',''
  ) );
#11301 = PCURVE('',#6699,#11302);
#11302 = DEFINITIONAL_REPRESENTATION('',(#11303),#11307);
#11303 = LINE('',#11304,#11305);
#11304 = CARTESIAN_POINT('',(-6.28318530718,0.));
#11305 = VECTOR('',#11306,1.);
#11306 = DIRECTION('',(-0.,-1.));
#11307 = ( GEOMETRIC_REPRESENTATION_CONTEXT(2) 
PARAMETRIC_REPRESENTATION_CONTEXT() REPRESENTATION_CONTEXT('2D SPACE',''
  ) );
#11308 = ORIENTED_EDGE('',*,*,#11309,.T.);
#11309 = EDGE_CURVE('',#11287,#11287,#11310,.T.);
#11310 = SURFACE_CURVE('',#11311,(#11316,#11323),.PCURVE_S1.);
#11311 = CIRCLE('',#11312,4.25);
#11312 = AXIS2_PLACEMENT_3D('',#11313,#11314,#11315);
#11313 = CARTESIAN_POINT('',(16.,5.,-5.551115123126E-16));
#11314 = DIRECTION('',(1.,0.,-0.));
#11315 = DIRECTION('',(0.,1.110223024625E-16,1.));
#11316 = PCURVE('',#6699,#11317);
#11317 = DEFINITIONAL_REPRESENTATION('',(#11318),#11322);
#11318 = LINE('',#11319,#11320);
#11319 = CARTESIAN_POINT('',(-0.,-10.));
#11320 = VECTOR('',#11321,1.);
#11321 = DIRECTION('',(-1.,0.));
#11322 = ( GEOMETRIC_REPRESENTATION_CONTEXT(2) 
PARAMETRIC_REPRESENTATION_CONTEXT() REPRESENTATION_CONTEXT('2D SPACE',''
  ) );
#11323 = PCURVE('',#11324,#11329);
#11324 = PLANE('',#11325);
#11325 = AXIS2_PLACEMENT_3D('',#11326,#11327,#11328);
#11326 = CARTESIAN_POINT('',(16.,5.,-9.572997865889E-16));
#11327 = DIRECTION('',(1.,0.,0.));
#11328 = DIRECTION('',(0.,-1.,1.110223024625E-16));
#11329 = DEFINITIONAL_REPRESENTATION('',(#11330),#11334);
#11330 = CIRCLE('',#11331,4.25);
#11331 = AXIS2_PLACEMENT_2D('',#11332,#11333);
#11332 = CARTESIAN_POINT('',(4.465186823358E-32,-4.021882742763E-16));
#11333 = DIRECTION('',(0.,-1.));
#11334 = ( GEOMETRIC_REPRESENTATION_CONTEXT(2) 
PARAMETRIC_REPRESENTATION_CONTEXT() REPRESENTATION_CONTEXT('2D SPACE',''
  ) );
#11335 = ORIENTED_EDGE('',*,*,#11286,.F.);
#11336 = ORIENTED_EDGE('',*,*,#6682,.F.);
#11337 = ADVANCED_FACE('',(#11338),#6730,.F.);
#11338 = FACE_BOUND('',#11339,.T.);
#11339 = EDGE_LOOP('',(#11340,#11363,#11390,#11391));
#11340 = ORIENTED_EDGE('',*,*,#11341,.T.);
#11341 = EDGE_CURVE('',#6714,#11342,#11344,.T.);
#11342 = VERTEX_POINT('',#11343);
#11343 = CARTESIAN_POINT('',(16.,5.,31.75));
#11344 = SEAM_CURVE('',#11345,(#11349,#11356),.PCURVE_S1.);
#11345 = LINE('',#11346,#11347);
#11346 = CARTESIAN_POINT('',(6.,5.,31.75));
#11347 = VECTOR('',#11348,1.);
#11348 = DIRECTION('',(1.,0.,0.));
#11349 = PCURVE('',#6730,#11350);
#11350 = DEFINITIONAL_REPRESENTATION('',(#11351),#11355);
#11351 = LINE('',#11352,#11353);
#11352 = CARTESIAN_POINT('',(-0.,0.));
#11353 = VECTOR('',#11354,1.);
#11354 = DIRECTION('',(-0.,-1.));
#11355 = ( GEOMETRIC_REPRESENTATION_CONTEXT(2) 
PARAMETRIC_REPRESENTATION_CONTEXT() REPRESENTATION_CONTEXT('2D SPACE',''
  ) );
#11356 = PCURVE('',#6730,#11357);
#11357 = DEFINITIONAL_REPRESENTATION('',(#11358),#11362);
#11358 = LINE('',#11359,#11360);
#11359 = CARTESIAN_POINT('',(-6.28318530718,0.));
#11360 = VECTOR('',#11361,1.);
#11361 = DIRECTION('',(-0.,-1.));
#11362 = ( GEOMETRIC_REPRESENTATION_CONTEXT(2) 
PARAMETRIC_REPRESENTATION_CONTEXT() REPRESENTATION_CONTEXT('2D SPACE',''
  ) );
#11363 = ORIENTED_EDGE('',*,*,#11364,.T.);
#11364 = EDGE_CURVE('',#11342,#11342,#11365,.T.);
#11365 = SURFACE_CURVE('',#11366,(#11371,#11378),.PCURVE_S1.);
#11366 = CIRCLE('',#11367,4.25);
#11367 = AXIS2_PLACEMENT_3D('',#11368,#11369,#11370);
#11368 = CARTESIAN_POINT('',(16.,5.,27.5));
#11369 = DIRECTION('',(1.,0.,-0.));
#11370 = DIRECTION('',(0.,1.110223024625E-16,1.));
#11371 = PCURVE('',#6730,#11372);
#11372 = DEFINITIONAL_REPRESENTATION('',(#11373),#11377);
#11373 = LINE('',#11374,#11375);
#11374 = CARTESIAN_POINT('',(-0.,-10.));
#11375 = VECTOR('',#11376,1.);
#11376 = DIRECTION('',(-1.,0.));
#11377 = ( GEOMETRIC_REPRESENTATION_CONTEXT(2) 
PARAMETRIC_REPRESENTATION_CONTEXT() REPRESENTATION_CONTEXT('2D SPACE',''
  ) );
#11378 = PCURVE('',#11379,#11384);
#11379 = PLANE('',#11380);
#11380 = AXIS2_PLACEMENT_3D('',#11381,#11382,#11383);
#11381 = CARTESIAN_POINT('',(16.,5.,27.5));
#11382 = DIRECTION('',(1.,0.,0.));
#11383 = DIRECTION('',(0.,-1.,1.110223024625E-16));
#11384 = DEFINITIONAL_REPRESENTATION('',(#11385),#11389);
#11385 = CIRCLE('',#11386,4.25);
#11386 = AXIS2_PLACEMENT_2D('',#11387,#11388);
#11387 = CARTESIAN_POINT('',(0.,0.));
#11388 = DIRECTION('',(0.,-1.));
#11389 = ( GEOMETRIC_REPRESENTATION_CONTEXT(2) 
PARAMETRIC_REPRESENTATION_CONTEXT() REPRESENTATION_CONTEXT('2D SPACE',''
  ) );
#11390 = ORIENTED_EDGE('',*,*,#11341,.F.);
#11391 = ORIENTED_EDGE('',*,*,#6713,.F.);
#11392 = ADVANCED_FACE('',(#11393),#6761,.F.);
#11393 = FACE_BOUND('',#11394,.T.);
#11394 = EDGE_LOOP('',(#11395,#11418,#11445,#11446));
#11395 = ORIENTED_EDGE('',*,*,#11396,.T.);
#11396 = EDGE_CURVE('',#6745,#11397,#11399,.T.);
#11397 = VERTEX_POINT('',#11398);
#11398 = CARTESIAN_POINT('',(20.,-43.,2.));
#11399 = SEAM_CURVE('',#11400,(#11404,#11411),.PCURVE_S1.);
#11400 = LINE('',#11401,#11402);
#11401 = CARTESIAN_POINT('',(6.,-43.,2.));
#11402 = VECTOR('',#11403,1.);
#11403 = DIRECTION('',(1.,0.,0.));
#11404 = PCURVE('',#6761,#11405);
#11405 = DEFINITIONAL_REPRESENTATION('',(#11406),#11410);
#11406 = LINE('',#11407,#11408);
#11407 = CARTESIAN_POINT('',(-0.,0.));
#11408 = VECTOR('',#11409,1.);
#11409 = DIRECTION('',(-0.,-1.));
#11410 = ( GEOMETRIC_REPRESENTATION_CONTEXT(2) 
PARAMETRIC_REPRESENTATION_CONTEXT() REPRESENTATION_CONTEXT('2D SPACE',''
  ) );
#11411 = PCURVE('',#6761,#11412);
#11412 = DEFINITIONAL_REPRESENTATION('',(#11413),#11417);
#11413 = LINE('',#11414,#11415);
#11414 = CARTESIAN_POINT('',(-6.28318530718,0.));
#11415 = VECTOR('',#11416,1.);
#11416 = DIRECTION('',(-0.,-1.));
#11417 = ( GEOMETRIC_REPRESENTATION_CONTEXT(2) 
PARAMETRIC_REPRESENTATION_CONTEXT() REPRESENTATION_CONTEXT('2D SPACE',''
  ) );
#11418 = ORIENTED_EDGE('',*,*,#11419,.T.);
#11419 = EDGE_CURVE('',#11397,#11397,#11420,.T.);
#11420 = SURFACE_CURVE('',#11421,(#11426,#11433),.PCURVE_S1.);
#11421 = CIRCLE('',#11422,2.);
#11422 = AXIS2_PLACEMENT_3D('',#11423,#11424,#11425);
#11423 = CARTESIAN_POINT('',(20.,-43.,-7.771561172376E-16));
#11424 = DIRECTION('',(1.,0.,-0.));
#11425 = DIRECTION('',(0.,1.110223024625E-16,1.));
#11426 = PCURVE('',#6761,#11427);
#11427 = DEFINITIONAL_REPRESENTATION('',(#11428),#11432);
#11428 = LINE('',#11429,#11430);
#11429 = CARTESIAN_POINT('',(-0.,-14.));
#11430 = VECTOR('',#11431,1.);
#11431 = DIRECTION('',(-1.,0.));
#11432 = ( GEOMETRIC_REPRESENTATION_CONTEXT(2) 
PARAMETRIC_REPRESENTATION_CONTEXT() REPRESENTATION_CONTEXT('2D SPACE',''
  ) );
#11433 = PCURVE('',#11434,#11439);
#11434 = PLANE('',#11435);
#11435 = AXIS2_PLACEMENT_3D('',#11436,#11437,#11438);
#11436 = CARTESIAN_POINT('',(20.,-43.,-9.053536296632E-16));
#11437 = DIRECTION('',(1.,0.,0.));
#11438 = DIRECTION('',(0.,-1.,1.110223024625E-16));
#11439 = DEFINITIONAL_REPRESENTATION('',(#11440),#11444);
#11440 = CIRCLE('',#11441,2.);
#11441 = AXIS2_PLACEMENT_2D('',#11442,#11443);
#11442 = CARTESIAN_POINT('',(1.423278299945E-32,-1.281975124256E-16));
#11443 = DIRECTION('',(0.,-1.));
#11444 = ( GEOMETRIC_REPRESENTATION_CONTEXT(2) 
PARAMETRIC_REPRESENTATION_CONTEXT() REPRESENTATION_CONTEXT('2D SPACE',''
  ) );
#11445 = ORIENTED_EDGE('',*,*,#11396,.F.);
#11446 = ORIENTED_EDGE('',*,*,#6744,.F.);
#11447 = ADVANCED_FACE('',(#11448),#6820,.T.);
#11448 = FACE_BOUND('',#11449,.T.);
#11449 = EDGE_LOOP('',(#11450,#11473,#11474,#11497));
#11450 = ORIENTED_EDGE('',*,*,#11451,.F.);
#11451 = EDGE_CURVE('',#6803,#11452,#11454,.T.);
#11452 = VERTEX_POINT('',#11453);
#11453 = CARTESIAN_POINT('',(9.,-43.,-48.));
#11454 = SURFACE_CURVE('',#11455,(#11459,#11466),.PCURVE_S1.);
#11455 = LINE('',#11456,#11457);
#11456 = CARTESIAN_POINT('',(9.,-43.,-52.));
#11457 = VECTOR('',#11458,1.);
#11458 = DIRECTION('',(0.,0.,1.));
#11459 = PCURVE('',#6820,#11460);
#11460 = DEFINITIONAL_REPRESENTATION('',(#11461),#11465);
#11461 = LINE('',#11462,#11463);
#11462 = CARTESIAN_POINT('',(0.,0.));
#11463 = VECTOR('',#11464,1.);
#11464 = DIRECTION('',(1.,0.));
#11465 = ( GEOMETRIC_REPRESENTATION_CONTEXT(2) 
PARAMETRIC_REPRESENTATION_CONTEXT() REPRESENTATION_CONTEXT('2D SPACE',''
  ) );
#11466 = PCURVE('',#7014,#11467);
#11467 = DEFINITIONAL_REPRESENTATION('',(#11468),#11472);
#11468 = LINE('',#11469,#11470);
#11469 = CARTESIAN_POINT('',(0.,0.));
#11470 = VECTOR('',#11471,1.);
#11471 = DIRECTION('',(1.,0.));
#11472 = ( GEOMETRIC_REPRESENTATION_CONTEXT(2) 
PARAMETRIC_REPRESENTATION_CONTEXT() REPRESENTATION_CONTEXT('2D SPACE',''
  ) );
#11473 = ORIENTED_EDGE('',*,*,#6802,.T.);
#11474 = ORIENTED_EDGE('',*,*,#11475,.T.);
#11475 = EDGE_CURVE('',#6805,#11476,#11478,.T.);
#11476 = VERTEX_POINT('',#11477);
#11477 = CARTESIAN_POINT('',(9.,3.,-48.));
#11478 = SURFACE_CURVE('',#11479,(#11483,#11490),.PCURVE_S1.);
#11479 = LINE('',#11480,#11481);
#11480 = CARTESIAN_POINT('',(9.,3.,-52.));
#11481 = VECTOR('',#11482,1.);
#11482 = DIRECTION('',(0.,0.,1.));
#11483 = PCURVE('',#6820,#11484);
#11484 = DEFINITIONAL_REPRESENTATION('',(#11485),#11489);
#11485 = LINE('',#11486,#11487);
#11486 = CARTESIAN_POINT('',(0.,-46.));
#11487 = VECTOR('',#11488,1.);
#11488 = DIRECTION('',(1.,0.));
#11489 = ( GEOMETRIC_REPRESENTATION_CONTEXT(2) 
PARAMETRIC_REPRESENTATION_CONTEXT() REPRESENTATION_CONTEXT('2D SPACE',''
  ) );
#11490 = PCURVE('',#6848,#11491);
#11491 = DEFINITIONAL_REPRESENTATION('',(#11492),#11496);
#11492 = LINE('',#11493,#11494);
#11493 = CARTESIAN_POINT('',(0.,0.));
#11494 = VECTOR('',#11495,1.);
#11495 = DIRECTION('',(1.,0.));
#11496 = ( GEOMETRIC_REPRESENTATION_CONTEXT(2) 
PARAMETRIC_REPRESENTATION_CONTEXT() REPRESENTATION_CONTEXT('2D SPACE',''
  ) );
#11497 = ORIENTED_EDGE('',*,*,#11498,.F.);
#11498 = EDGE_CURVE('',#11452,#11476,#11499,.T.);
#11499 = SURFACE_CURVE('',#11500,(#11504,#11511),.PCURVE_S1.);
#11500 = LINE('',#11501,#11502);
#11501 = CARTESIAN_POINT('',(9.,-43.,-48.));
#11502 = VECTOR('',#11503,1.);
#11503 = DIRECTION('',(0.,1.,0.));
#11504 = PCURVE('',#6820,#11505);
#11505 = DEFINITIONAL_REPRESENTATION('',(#11506),#11510);
#11506 = LINE('',#11507,#11508);
#11507 = CARTESIAN_POINT('',(4.,0.));
#11508 = VECTOR('',#11509,1.);
#11509 = DIRECTION('',(0.,-1.));
#11510 = ( GEOMETRIC_REPRESENTATION_CONTEXT(2) 
PARAMETRIC_REPRESENTATION_CONTEXT() REPRESENTATION_CONTEXT('2D SPACE',''
  ) );
#11511 = PCURVE('',#10378,#11512);
#11512 = DEFINITIONAL_REPRESENTATION('',(#11513),#11517);
#11513 = LINE('',#11514,#11515);
#11514 = CARTESIAN_POINT('',(-21.2,-12.75));
#11515 = VECTOR('',#11516,1.);
#11516 = DIRECTION('',(0.,1.));
#11517 = ( GEOMETRIC_REPRESENTATION_CONTEXT(2) 
PARAMETRIC_REPRESENTATION_CONTEXT() REPRESENTATION_CONTEXT('2D SPACE',''
  ) );
#11518 = ADVANCED_FACE('',(#11519),#6848,.F.);
#11519 = FACE_BOUND('',#11520,.F.);
#11520 = EDGE_LOOP('',(#11521,#11522,#11523,#11546));
#11521 = ORIENTED_EDGE('',*,*,#6832,.F.);
#11522 = ORIENTED_EDGE('',*,*,#11475,.T.);
#11523 = ORIENTED_EDGE('',*,*,#11524,.T.);
#11524 = EDGE_CURVE('',#11476,#11525,#11527,.T.);
#11525 = VERTEX_POINT('',#11526);
#11526 = CARTESIAN_POINT('',(30.2,3.,-48.));
#11527 = SURFACE_CURVE('',#11528,(#11532,#11539),.PCURVE_S1.);
#11528 = LINE('',#11529,#11530);
#11529 = CARTESIAN_POINT('',(9.,3.,-48.));
#11530 = VECTOR('',#11531,1.);
#11531 = DIRECTION('',(1.,0.,0.));
#11532 = PCURVE('',#6848,#11533);
#11533 = DEFINITIONAL_REPRESENTATION('',(#11534),#11538);
#11534 = LINE('',#11535,#11536);
#11535 = CARTESIAN_POINT('',(4.,0.));
#11536 = VECTOR('',#11537,1.);
#11537 = DIRECTION('',(0.,1.));
#11538 = ( GEOMETRIC_REPRESENTATION_CONTEXT(2) 
PARAMETRIC_REPRESENTATION_CONTEXT() REPRESENTATION_CONTEXT('2D SPACE',''
  ) );
#11539 = PCURVE('',#10378,#11540);
#11540 = DEFINITIONAL_REPRESENTATION('',(#11541),#11545);
#11541 = LINE('',#11542,#11543);
#11542 = CARTESIAN_POINT('',(-21.2,33.25));
#11543 = VECTOR('',#11544,1.);
#11544 = DIRECTION('',(1.,0.));
#11545 = ( GEOMETRIC_REPRESENTATION_CONTEXT(2) 
PARAMETRIC_REPRESENTATION_CONTEXT() REPRESENTATION_CONTEXT('2D SPACE',''
  ) );
#11546 = ORIENTED_EDGE('',*,*,#11547,.F.);
#11547 = EDGE_CURVE('',#6833,#11525,#11548,.T.);
#11548 = SURFACE_CURVE('',#11549,(#11553,#11559),.PCURVE_S1.);
#11549 = LINE('',#11550,#11551);
#11550 = CARTESIAN_POINT('',(30.2,3.,-52.));
#11551 = VECTOR('',#11552,1.);
#11552 = DIRECTION('',(0.,0.,1.));
#11553 = PCURVE('',#6848,#11554);
#11554 = DEFINITIONAL_REPRESENTATION('',(#11555),#11558);
#11555 = B_SPLINE_CURVE_WITH_KNOTS('',1,(#11556,#11557),.UNSPECIFIED.,
  .F.,.F.,(2,2),(0.,4.),.PIECEWISE_BEZIER_KNOTS.);
#11556 = CARTESIAN_POINT('',(0.,21.2));
#11557 = CARTESIAN_POINT('',(4.,21.2));
#11558 = ( GEOMETRIC_REPRESENTATION_CONTEXT(2) 
PARAMETRIC_REPRESENTATION_CONTEXT() REPRESENTATION_CONTEXT('2D SPACE',''
  ) );
#11559 = PCURVE('',#6876,#11560);
#11560 = DEFINITIONAL_REPRESENTATION('',(#11561),#11564);
#11561 = B_SPLINE_CURVE_WITH_KNOTS('',1,(#11562,#11563),.UNSPECIFIED.,
  .F.,.F.,(2,2),(0.,4.),.PIECEWISE_BEZIER_KNOTS.);
#11562 = CARTESIAN_POINT('',(0.,-33.25));
#11563 = CARTESIAN_POINT('',(4.,-33.25));
#11564 = ( GEOMETRIC_REPRESENTATION_CONTEXT(2) 
PARAMETRIC_REPRESENTATION_CONTEXT() REPRESENTATION_CONTEXT('2D SPACE',''
  ) );
#11565 = ADVANCED_FACE('',(#11566),#7014,.T.);
#11566 = FACE_BOUND('',#11567,.T.);
#11567 = EDGE_LOOP('',(#11568,#11591,#11592,#11593,#11614,#11615,#11634,
    #11635));
#11568 = ORIENTED_EDGE('',*,*,#11569,.F.);
#11569 = EDGE_CURVE('',#6973,#11570,#11572,.T.);
#11570 = VERTEX_POINT('',#11571);
#11571 = CARTESIAN_POINT('',(71.,-43.,-48.));
#11572 = SURFACE_CURVE('',#11573,(#11577,#11584),.PCURVE_S1.);
#11573 = LINE('',#11574,#11575);
#11574 = CARTESIAN_POINT('',(71.,-43.,-52.));
#11575 = VECTOR('',#11576,1.);
#11576 = DIRECTION('',(0.,0.,1.));
#11577 = PCURVE('',#7014,#11578);
#11578 = DEFINITIONAL_REPRESENTATION('',(#11579),#11583);
#11579 = LINE('',#11580,#11581);
#11580 = CARTESIAN_POINT('',(0.,62.));
#11581 = VECTOR('',#11582,1.);
#11582 = DIRECTION('',(1.,0.));
#11583 = ( GEOMETRIC_REPRESENTATION_CONTEXT(2) 
PARAMETRIC_REPRESENTATION_CONTEXT() REPRESENTATION_CONTEXT('2D SPACE',''
  ) );
#11584 = PCURVE('',#6988,#11585);
#11585 = DEFINITIONAL_REPRESENTATION('',(#11586),#11590);
#11586 = LINE('',#11587,#11588);
#11587 = CARTESIAN_POINT('',(0.,0.));
#11588 = VECTOR('',#11589,1.);
#11589 = DIRECTION('',(1.,0.));
#11590 = ( GEOMETRIC_REPRESENTATION_CONTEXT(2) 
PARAMETRIC_REPRESENTATION_CONTEXT() REPRESENTATION_CONTEXT('2D SPACE',''
  ) );
#11591 = ORIENTED_EDGE('',*,*,#7000,.F.);
#11592 = ORIENTED_EDGE('',*,*,#11451,.T.);
#11593 = ORIENTED_EDGE('',*,*,#11594,.T.);
#11594 = EDGE_CURVE('',#11452,#10343,#11595,.T.);
#11595 = SURFACE_CURVE('',#11596,(#11600,#11607),.PCURVE_S1.);
#11596 = LINE('',#11597,#11598);
#11597 = CARTESIAN_POINT('',(9.,-43.,-48.));
#11598 = VECTOR('',#11599,1.);
#11599 = DIRECTION('',(1.,0.,0.));
#11600 = PCURVE('',#7014,#11601);
#11601 = DEFINITIONAL_REPRESENTATION('',(#11602),#11606);
#11602 = LINE('',#11603,#11604);
#11603 = CARTESIAN_POINT('',(4.,0.));
#11604 = VECTOR('',#11605,1.);
#11605 = DIRECTION('',(0.,1.));
#11606 = ( GEOMETRIC_REPRESENTATION_CONTEXT(2) 
PARAMETRIC_REPRESENTATION_CONTEXT() REPRESENTATION_CONTEXT('2D SPACE',''
  ) );
#11607 = PCURVE('',#10378,#11608);
#11608 = DEFINITIONAL_REPRESENTATION('',(#11609),#11613);
#11609 = LINE('',#11610,#11611);
#11610 = CARTESIAN_POINT('',(-21.2,-12.75));
#11611 = VECTOR('',#11612,1.);
#11612 = DIRECTION('',(1.,0.));
#11613 = ( GEOMETRIC_REPRESENTATION_CONTEXT(2) 
PARAMETRIC_REPRESENTATION_CONTEXT() REPRESENTATION_CONTEXT('2D SPACE',''
  ) );
#11614 = ORIENTED_EDGE('',*,*,#10342,.F.);
#11615 = ORIENTED_EDGE('',*,*,#11616,.F.);
#11616 = EDGE_CURVE('',#9776,#10320,#11617,.T.);
#11617 = SURFACE_CURVE('',#11618,(#11622,#11628),.PCURVE_S1.);
#11618 = LINE('',#11619,#11620);
#11619 = CARTESIAN_POINT('',(28.25,-43.,-50.));
#11620 = VECTOR('',#11621,1.);
#11621 = DIRECTION('',(-1.,0.,0.));
#11622 = PCURVE('',#7014,#11623);
#11623 = DEFINITIONAL_REPRESENTATION('',(#11624),#11627);
#11624 = B_SPLINE_CURVE_WITH_KNOTS('',1,(#11625,#11626),.UNSPECIFIED.,
  .F.,.F.,(2,2),(-23.25,-19.25),.PIECEWISE_BEZIER_KNOTS.);
#11625 = CARTESIAN_POINT('',(2.,42.5));
#11626 = CARTESIAN_POINT('',(2.,38.5));
#11627 = ( GEOMETRIC_REPRESENTATION_CONTEXT(2) 
PARAMETRIC_REPRESENTATION_CONTEXT() REPRESENTATION_CONTEXT('2D SPACE',''
  ) );
#11628 = PCURVE('',#9791,#11629);
#11629 = DEFINITIONAL_REPRESENTATION('',(#11630),#11633);
#11630 = B_SPLINE_CURVE_WITH_KNOTS('',1,(#11631,#11632),.UNSPECIFIED.,
  .F.,.F.,(2,2),(-23.25,-19.25),.PIECEWISE_BEZIER_KNOTS.);
#11631 = CARTESIAN_POINT('',(4.,28.));
#11632 = CARTESIAN_POINT('',(0.,28.));
#11633 = ( GEOMETRIC_REPRESENTATION_CONTEXT(2) 
PARAMETRIC_REPRESENTATION_CONTEXT() REPRESENTATION_CONTEXT('2D SPACE',''
  ) );
#11634 = ORIENTED_EDGE('',*,*,#9803,.T.);
#11635 = ORIENTED_EDGE('',*,*,#11636,.T.);
#11636 = EDGE_CURVE('',#9804,#11570,#11637,.T.);
#11637 = SURFACE_CURVE('',#11638,(#11642,#11649),.PCURVE_S1.);
#11638 = LINE('',#11639,#11640);
#11639 = CARTESIAN_POINT('',(9.,-43.,-48.));
#11640 = VECTOR('',#11641,1.);
#11641 = DIRECTION('',(1.,0.,0.));
#11642 = PCURVE('',#7014,#11643);
#11643 = DEFINITIONAL_REPRESENTATION('',(#11644),#11648);
#11644 = LINE('',#11645,#11646);
#11645 = CARTESIAN_POINT('',(4.,0.));
#11646 = VECTOR('',#11647,1.);
#11647 = DIRECTION('',(0.,1.));
#11648 = ( GEOMETRIC_REPRESENTATION_CONTEXT(2) 
PARAMETRIC_REPRESENTATION_CONTEXT() REPRESENTATION_CONTEXT('2D SPACE',''
  ) );
#11649 = PCURVE('',#9381,#11650);
#11650 = DEFINITIONAL_REPRESENTATION('',(#11651),#11655);
#11651 = LINE('',#11652,#11653);
#11652 = CARTESIAN_POINT('',(-21.2,-12.75));
#11653 = VECTOR('',#11654,1.);
#11654 = DIRECTION('',(1.,0.));
#11655 = ( GEOMETRIC_REPRESENTATION_CONTEXT(2) 
PARAMETRIC_REPRESENTATION_CONTEXT() REPRESENTATION_CONTEXT('2D SPACE',''
  ) );
#11656 = ADVANCED_FACE('',(#11657),#6876,.T.);
#11657 = FACE_BOUND('',#11658,.T.);
#11658 = EDGE_LOOP('',(#11659,#11682,#11683,#11684));
#11659 = ORIENTED_EDGE('',*,*,#11660,.F.);
#11660 = EDGE_CURVE('',#11525,#11661,#11663,.T.);
#11661 = VERTEX_POINT('',#11662);
#11662 = CARTESIAN_POINT('',(30.2,30.25,-48.));
#11663 = SURFACE_CURVE('',#11664,(#11668,#11675),.PCURVE_S1.);
#11664 = LINE('',#11665,#11666);
#11665 = CARTESIAN_POINT('',(30.2,-30.25,-48.));
#11666 = VECTOR('',#11667,1.);
#11667 = DIRECTION('',(0.,1.,0.));
#11668 = PCURVE('',#6876,#11669);
#11669 = DEFINITIONAL_REPRESENTATION('',(#11670),#11674);
#11670 = LINE('',#11671,#11672);
#11671 = CARTESIAN_POINT('',(4.,0.));
#11672 = VECTOR('',#11673,1.);
#11673 = DIRECTION('',(0.,-1.));
#11674 = ( GEOMETRIC_REPRESENTATION_CONTEXT(2) 
PARAMETRIC_REPRESENTATION_CONTEXT() REPRESENTATION_CONTEXT('2D SPACE',''
  ) );
#11675 = PCURVE('',#10378,#11676);
#11676 = DEFINITIONAL_REPRESENTATION('',(#11677),#11681);
#11677 = LINE('',#11678,#11679);
#11678 = CARTESIAN_POINT('',(0.,0.));
#11679 = VECTOR('',#11680,1.);
#11680 = DIRECTION('',(0.,1.));
#11681 = ( GEOMETRIC_REPRESENTATION_CONTEXT(2) 
PARAMETRIC_REPRESENTATION_CONTEXT() REPRESENTATION_CONTEXT('2D SPACE',''
  ) );
#11682 = ORIENTED_EDGE('',*,*,#11547,.F.);
#11683 = ORIENTED_EDGE('',*,*,#6860,.T.);
#11684 = ORIENTED_EDGE('',*,*,#11685,.T.);
#11685 = EDGE_CURVE('',#6861,#11661,#11686,.T.);
#11686 = SURFACE_CURVE('',#11687,(#11691,#11698),.PCURVE_S1.);
#11687 = LINE('',#11688,#11689);
#11688 = CARTESIAN_POINT('',(30.2,30.25,-52.));
#11689 = VECTOR('',#11690,1.);
#11690 = DIRECTION('',(0.,0.,1.));
#11691 = PCURVE('',#6876,#11692);
#11692 = DEFINITIONAL_REPRESENTATION('',(#11693),#11697);
#11693 = LINE('',#11694,#11695);
#11694 = CARTESIAN_POINT('',(0.,-60.5));
#11695 = VECTOR('',#11696,1.);
#11696 = DIRECTION('',(1.,0.));
#11697 = ( GEOMETRIC_REPRESENTATION_CONTEXT(2) 
PARAMETRIC_REPRESENTATION_CONTEXT() REPRESENTATION_CONTEXT('2D SPACE',''
  ) );
#11698 = PCURVE('',#6904,#11699);
#11699 = DEFINITIONAL_REPRESENTATION('',(#11700),#11704);
#11700 = LINE('',#11701,#11702);
#11701 = CARTESIAN_POINT('',(0.,0.));
#11702 = VECTOR('',#11703,1.);
#11703 = DIRECTION('',(1.,0.));
#11704 = ( GEOMETRIC_REPRESENTATION_CONTEXT(2) 
PARAMETRIC_REPRESENTATION_CONTEXT() REPRESENTATION_CONTEXT('2D SPACE',''
  ) );
#11705 = ADVANCED_FACE('',(#11706),#6988,.F.);
#11706 = FACE_BOUND('',#11707,.F.);
#11707 = EDGE_LOOP('',(#11708,#11731,#11732,#11733));
#11708 = ORIENTED_EDGE('',*,*,#11709,.F.);
#11709 = EDGE_CURVE('',#11570,#11710,#11712,.T.);
#11710 = VERTEX_POINT('',#11711);
#11711 = CARTESIAN_POINT('',(71.,-30.25,-48.));
#11712 = SURFACE_CURVE('',#11713,(#11717,#11724),.PCURVE_S1.);
#11713 = LINE('',#11714,#11715);
#11714 = CARTESIAN_POINT('',(71.,-43.,-48.));
#11715 = VECTOR('',#11716,1.);
#11716 = DIRECTION('',(0.,1.,0.));
#11717 = PCURVE('',#6988,#11718);
#11718 = DEFINITIONAL_REPRESENTATION('',(#11719),#11723);
#11719 = LINE('',#11720,#11721);
#11720 = CARTESIAN_POINT('',(4.,0.));
#11721 = VECTOR('',#11722,1.);
#11722 = DIRECTION('',(0.,-1.));
#11723 = ( GEOMETRIC_REPRESENTATION_CONTEXT(2) 
PARAMETRIC_REPRESENTATION_CONTEXT() REPRESENTATION_CONTEXT('2D SPACE',''
  ) );
#11724 = PCURVE('',#9381,#11725);
#11725 = DEFINITIONAL_REPRESENTATION('',(#11726),#11730);
#11726 = LINE('',#11727,#11728);
#11727 = CARTESIAN_POINT('',(40.8,-12.75));
#11728 = VECTOR('',#11729,1.);
#11729 = DIRECTION('',(0.,1.));
#11730 = ( GEOMETRIC_REPRESENTATION_CONTEXT(2) 
PARAMETRIC_REPRESENTATION_CONTEXT() REPRESENTATION_CONTEXT('2D SPACE',''
  ) );
#11731 = ORIENTED_EDGE('',*,*,#11569,.F.);
#11732 = ORIENTED_EDGE('',*,*,#6972,.T.);
#11733 = ORIENTED_EDGE('',*,*,#11734,.F.);
#11734 = EDGE_CURVE('',#11710,#6945,#11735,.T.);
#11735 = SURFACE_CURVE('',#11736,(#11740,#11746),.PCURVE_S1.);
#11736 = LINE('',#11737,#11738);
#11737 = CARTESIAN_POINT('',(71.,-30.25,-52.));
#11738 = VECTOR('',#11739,1.);
#11739 = DIRECTION('',(0.,0.,-1.));
#11740 = PCURVE('',#6988,#11741);
#11741 = DEFINITIONAL_REPRESENTATION('',(#11742),#11745);
#11742 = B_SPLINE_CURVE_WITH_KNOTS('',1,(#11743,#11744),.UNSPECIFIED.,
  .F.,.F.,(2,2),(-4.,0.),.PIECEWISE_BEZIER_KNOTS.);
#11743 = CARTESIAN_POINT('',(4.,-12.75));
#11744 = CARTESIAN_POINT('',(0.,-12.75));
#11745 = ( GEOMETRIC_REPRESENTATION_CONTEXT(2) 
PARAMETRIC_REPRESENTATION_CONTEXT() REPRESENTATION_CONTEXT('2D SPACE',''
  ) );
#11746 = PCURVE('',#6960,#11747);
#11747 = DEFINITIONAL_REPRESENTATION('',(#11748),#11751);
#11748 = B_SPLINE_CURVE_WITH_KNOTS('',1,(#11749,#11750),.UNSPECIFIED.,
  .F.,.F.,(2,2),(-4.,0.),.PIECEWISE_BEZIER_KNOTS.);
#11749 = CARTESIAN_POINT('',(4.,40.8));
#11750 = CARTESIAN_POINT('',(0.,40.8));
#11751 = ( GEOMETRIC_REPRESENTATION_CONTEXT(2) 
PARAMETRIC_REPRESENTATION_CONTEXT() REPRESENTATION_CONTEXT('2D SPACE',''
  ) );
#11752 = ADVANCED_FACE('',(#11753),#6904,.F.);
#11753 = FACE_BOUND('',#11754,.F.);
#11754 = EDGE_LOOP('',(#11755,#11778,#11779,#11780,#11801,#11802,#11821,
    #11822,#11843,#11844,#11863,#11864));
#11755 = ORIENTED_EDGE('',*,*,#11756,.F.);
#11756 = EDGE_CURVE('',#6889,#11757,#11759,.T.);
#11757 = VERTEX_POINT('',#11758);
#11758 = CARTESIAN_POINT('',(119.8,30.25,-48.));
#11759 = SURFACE_CURVE('',#11760,(#11764,#11771),.PCURVE_S1.);
#11760 = LINE('',#11761,#11762);
#11761 = CARTESIAN_POINT('',(119.8,30.25,-52.));
#11762 = VECTOR('',#11763,1.);
#11763 = DIRECTION('',(0.,0.,1.));
#11764 = PCURVE('',#6904,#11765);
#11765 = DEFINITIONAL_REPRESENTATION('',(#11766),#11770);
#11766 = LINE('',#11767,#11768);
#11767 = CARTESIAN_POINT('',(0.,89.6));
#11768 = VECTOR('',#11769,1.);
#11769 = DIRECTION('',(1.,0.));
#11770 = ( GEOMETRIC_REPRESENTATION_CONTEXT(2) 
PARAMETRIC_REPRESENTATION_CONTEXT() REPRESENTATION_CONTEXT('2D SPACE',''
  ) );
#11771 = PCURVE('',#6932,#11772);
#11772 = DEFINITIONAL_REPRESENTATION('',(#11773),#11777);
#11773 = LINE('',#11774,#11775);
#11774 = CARTESIAN_POINT('',(0.,-60.5));
#11775 = VECTOR('',#11776,1.);
#11776 = DIRECTION('',(1.,0.));
#11777 = ( GEOMETRIC_REPRESENTATION_CONTEXT(2) 
PARAMETRIC_REPRESENTATION_CONTEXT() REPRESENTATION_CONTEXT('2D SPACE',''
  ) );
#11778 = ORIENTED_EDGE('',*,*,#6888,.F.);
#11779 = ORIENTED_EDGE('',*,*,#11685,.T.);
#11780 = ORIENTED_EDGE('',*,*,#11781,.T.);
#11781 = EDGE_CURVE('',#11661,#10557,#11782,.T.);
#11782 = SURFACE_CURVE('',#11783,(#11787,#11794),.PCURVE_S1.);
#11783 = LINE('',#11784,#11785);
#11784 = CARTESIAN_POINT('',(30.2,30.25,-48.));
#11785 = VECTOR('',#11786,1.);
#11786 = DIRECTION('',(1.,0.,0.));
#11787 = PCURVE('',#6904,#11788);
#11788 = DEFINITIONAL_REPRESENTATION('',(#11789),#11793);
#11789 = LINE('',#11790,#11791);
#11790 = CARTESIAN_POINT('',(4.,0.));
#11791 = VECTOR('',#11792,1.);
#11792 = DIRECTION('',(0.,1.));
#11793 = ( GEOMETRIC_REPRESENTATION_CONTEXT(2) 
PARAMETRIC_REPRESENTATION_CONTEXT() REPRESENTATION_CONTEXT('2D SPACE',''
  ) );
#11794 = PCURVE('',#10378,#11795);
#11795 = DEFINITIONAL_REPRESENTATION('',(#11796),#11800);
#11796 = LINE('',#11797,#11798);
#11797 = CARTESIAN_POINT('',(0.,60.5));
#11798 = VECTOR('',#11799,1.);
#11799 = DIRECTION('',(1.,0.));
#11800 = ( GEOMETRIC_REPRESENTATION_CONTEXT(2) 
PARAMETRIC_REPRESENTATION_CONTEXT() REPRESENTATION_CONTEXT('2D SPACE',''
  ) );
#11801 = ORIENTED_EDGE('',*,*,#10577,.F.);
#11802 = ORIENTED_EDGE('',*,*,#11803,.F.);
#11803 = EDGE_CURVE('',#9846,#10578,#11804,.T.);
#11804 = SURFACE_CURVE('',#11805,(#11809,#11815),.PCURVE_S1.);
#11805 = LINE('',#11806,#11807);
#11806 = CARTESIAN_POINT('',(38.85,30.25,-50.));
#11807 = VECTOR('',#11808,1.);
#11808 = DIRECTION('',(-1.,0.,0.));
#11809 = PCURVE('',#6904,#11810);
#11810 = DEFINITIONAL_REPRESENTATION('',(#11811),#11814);
#11811 = B_SPLINE_CURVE_WITH_KNOTS('',1,(#11812,#11813),.UNSPECIFIED.,
  .F.,.F.,(2,2),(-12.65,-8.65),.PIECEWISE_BEZIER_KNOTS.);
#11812 = CARTESIAN_POINT('',(2.,21.3));
#11813 = CARTESIAN_POINT('',(2.,17.3));
#11814 = ( GEOMETRIC_REPRESENTATION_CONTEXT(2) 
PARAMETRIC_REPRESENTATION_CONTEXT() REPRESENTATION_CONTEXT('2D SPACE',''
  ) );
#11815 = PCURVE('',#9882,#11816);
#11816 = DEFINITIONAL_REPRESENTATION('',(#11817),#11820);
#11817 = B_SPLINE_CURVE_WITH_KNOTS('',1,(#11818,#11819),.UNSPECIFIED.,
  .F.,.F.,(2,2),(-12.65,-8.65),.PIECEWISE_BEZIER_KNOTS.);
#11818 = CARTESIAN_POINT('',(4.,101.25));
#11819 = CARTESIAN_POINT('',(0.,101.25));
#11820 = ( GEOMETRIC_REPRESENTATION_CONTEXT(2) 
PARAMETRIC_REPRESENTATION_CONTEXT() REPRESENTATION_CONTEXT('2D SPACE',''
  ) );
#11821 = ORIENTED_EDGE('',*,*,#9845,.T.);
#11822 = ORIENTED_EDGE('',*,*,#11823,.T.);
#11823 = EDGE_CURVE('',#9825,#9367,#11824,.T.);
#11824 = SURFACE_CURVE('',#11825,(#11829,#11836),.PCURVE_S1.);
#11825 = LINE('',#11826,#11827);
#11826 = CARTESIAN_POINT('',(30.2,30.25,-48.));
#11827 = VECTOR('',#11828,1.);
#11828 = DIRECTION('',(1.,0.,0.));
#11829 = PCURVE('',#6904,#11830);
#11830 = DEFINITIONAL_REPRESENTATION('',(#11831),#11835);
#11831 = LINE('',#11832,#11833);
#11832 = CARTESIAN_POINT('',(4.,0.));
#11833 = VECTOR('',#11834,1.);
#11834 = DIRECTION('',(0.,1.));
#11835 = ( GEOMETRIC_REPRESENTATION_CONTEXT(2) 
PARAMETRIC_REPRESENTATION_CONTEXT() REPRESENTATION_CONTEXT('2D SPACE',''
  ) );
#11836 = PCURVE('',#9381,#11837);
#11837 = DEFINITIONAL_REPRESENTATION('',(#11838),#11842);
#11838 = LINE('',#11839,#11840);
#11839 = CARTESIAN_POINT('',(0.,60.5));
#11840 = VECTOR('',#11841,1.);
#11841 = DIRECTION('',(1.,0.));
#11842 = ( GEOMETRIC_REPRESENTATION_CONTEXT(2) 
PARAMETRIC_REPRESENTATION_CONTEXT() REPRESENTATION_CONTEXT('2D SPACE',''
  ) );
#11843 = ORIENTED_EDGE('',*,*,#9392,.F.);
#11844 = ORIENTED_EDGE('',*,*,#11845,.F.);
#11845 = EDGE_CURVE('',#8819,#9393,#11846,.T.);
#11846 = SURFACE_CURVE('',#11847,(#11851,#11857),.PCURVE_S1.);
#11847 = LINE('',#11848,#11849);
#11848 = CARTESIAN_POINT('',(63.6,30.25,-50.));
#11849 = VECTOR('',#11850,1.);
#11850 = DIRECTION('',(-1.,0.,0.));
#11851 = PCURVE('',#6904,#11852);
#11852 = DEFINITIONAL_REPRESENTATION('',(#11853),#11856);
#11853 = B_SPLINE_CURVE_WITH_KNOTS('',1,(#11854,#11855),.UNSPECIFIED.,
  .F.,.F.,(2,2),(-37.4,-33.4),.PIECEWISE_BEZIER_KNOTS.);
#11854 = CARTESIAN_POINT('',(2.,70.8));
#11855 = CARTESIAN_POINT('',(2.,66.8));
#11856 = ( GEOMETRIC_REPRESENTATION_CONTEXT(2) 
PARAMETRIC_REPRESENTATION_CONTEXT() REPRESENTATION_CONTEXT('2D SPACE',''
  ) );
#11857 = PCURVE('',#8855,#11858);
#11858 = DEFINITIONAL_REPRESENTATION('',(#11859),#11862);
#11859 = B_SPLINE_CURVE_WITH_KNOTS('',1,(#11860,#11861),.UNSPECIFIED.,
  .F.,.F.,(2,2),(-37.4,-33.4),.PIECEWISE_BEZIER_KNOTS.);
#11860 = CARTESIAN_POINT('',(4.,101.25));
#11861 = CARTESIAN_POINT('',(0.,101.25));
#11862 = ( GEOMETRIC_REPRESENTATION_CONTEXT(2) 
PARAMETRIC_REPRESENTATION_CONTEXT() REPRESENTATION_CONTEXT('2D SPACE',''
  ) );
#11863 = ORIENTED_EDGE('',*,*,#8818,.T.);
#11864 = ORIENTED_EDGE('',*,*,#11865,.T.);
#11865 = EDGE_CURVE('',#8793,#11757,#11866,.T.);
#11866 = SURFACE_CURVE('',#11867,(#11871,#11878),.PCURVE_S1.);
#11867 = LINE('',#11868,#11869);
#11868 = CARTESIAN_POINT('',(30.2,30.25,-48.));
#11869 = VECTOR('',#11870,1.);
#11870 = DIRECTION('',(1.,0.,0.));
#11871 = PCURVE('',#6904,#11872);
#11872 = DEFINITIONAL_REPRESENTATION('',(#11873),#11877);
#11873 = LINE('',#11874,#11875);
#11874 = CARTESIAN_POINT('',(4.,0.));
#11875 = VECTOR('',#11876,1.);
#11876 = DIRECTION('',(0.,1.));
#11877 = ( GEOMETRIC_REPRESENTATION_CONTEXT(2) 
PARAMETRIC_REPRESENTATION_CONTEXT() REPRESENTATION_CONTEXT('2D SPACE',''
  ) );
#11878 = PCURVE('',#8807,#11879);
#11879 = DEFINITIONAL_REPRESENTATION('',(#11880),#11884);
#11880 = LINE('',#11881,#11882);
#11881 = CARTESIAN_POINT('',(0.,60.5));
#11882 = VECTOR('',#11883,1.);
#11883 = DIRECTION('',(1.,0.));
#11884 = ( GEOMETRIC_REPRESENTATION_CONTEXT(2) 
PARAMETRIC_REPRESENTATION_CONTEXT() REPRESENTATION_CONTEXT('2D SPACE',''
  ) );
#11885 = ADVANCED_FACE('',(#11886),#6960,.T.);
#11886 = FACE_BOUND('',#11887,.T.);
#11887 = EDGE_LOOP('',(#11888,#11889,#11890,#11911,#11912,#11931,#11932,
    #11955));
#11888 = ORIENTED_EDGE('',*,*,#6944,.F.);
#11889 = ORIENTED_EDGE('',*,*,#11734,.F.);
#11890 = ORIENTED_EDGE('',*,*,#11891,.T.);
#11891 = EDGE_CURVE('',#11710,#9346,#11892,.T.);
#11892 = SURFACE_CURVE('',#11893,(#11897,#11904),.PCURVE_S1.);
#11893 = LINE('',#11894,#11895);
#11894 = CARTESIAN_POINT('',(30.2,-30.25,-48.));
#11895 = VECTOR('',#11896,1.);
#11896 = DIRECTION('',(1.,0.,0.));
#11897 = PCURVE('',#6960,#11898);
#11898 = DEFINITIONAL_REPRESENTATION('',(#11899),#11903);
#11899 = LINE('',#11900,#11901);
#11900 = CARTESIAN_POINT('',(4.,0.));
#11901 = VECTOR('',#11902,1.);
#11902 = DIRECTION('',(0.,1.));
#11903 = ( GEOMETRIC_REPRESENTATION_CONTEXT(2) 
PARAMETRIC_REPRESENTATION_CONTEXT() REPRESENTATION_CONTEXT('2D SPACE',''
  ) );
#11904 = PCURVE('',#9381,#11905);
#11905 = DEFINITIONAL_REPRESENTATION('',(#11906),#11910);
#11906 = LINE('',#11907,#11908);
#11907 = CARTESIAN_POINT('',(0.,0.));
#11908 = VECTOR('',#11909,1.);
#11909 = DIRECTION('',(1.,0.));
#11910 = ( GEOMETRIC_REPRESENTATION_CONTEXT(2) 
PARAMETRIC_REPRESENTATION_CONTEXT() REPRESENTATION_CONTEXT('2D SPACE',''
  ) );
#11911 = ORIENTED_EDGE('',*,*,#9345,.F.);
#11912 = ORIENTED_EDGE('',*,*,#11913,.F.);
#11913 = EDGE_CURVE('',#8744,#9323,#11914,.T.);
#11914 = SURFACE_CURVE('',#11915,(#11919,#11925),.PCURVE_S1.);
#11915 = LINE('',#11916,#11917);
#11916 = CARTESIAN_POINT('',(63.6,-30.25,-50.));
#11917 = VECTOR('',#11918,1.);
#11918 = DIRECTION('',(-1.,0.,0.));
#11919 = PCURVE('',#6960,#11920);
#11920 = DEFINITIONAL_REPRESENTATION('',(#11921),#11924);
#11921 = B_SPLINE_CURVE_WITH_KNOTS('',1,(#11922,#11923),.UNSPECIFIED.,
  .F.,.F.,(2,2),(-37.4,-33.4),.PIECEWISE_BEZIER_KNOTS.);
#11922 = CARTESIAN_POINT('',(2.,70.8));
#11923 = CARTESIAN_POINT('',(2.,66.8));
#11924 = ( GEOMETRIC_REPRESENTATION_CONTEXT(2) 
PARAMETRIC_REPRESENTATION_CONTEXT() REPRESENTATION_CONTEXT('2D SPACE',''
  ) );
#11925 = PCURVE('',#8759,#11926);
#11926 = DEFINITIONAL_REPRESENTATION('',(#11927),#11930);
#11927 = B_SPLINE_CURVE_WITH_KNOTS('',1,(#11928,#11929),.UNSPECIFIED.,
  .F.,.F.,(2,2),(-37.4,-33.4),.PIECEWISE_BEZIER_KNOTS.);
#11928 = CARTESIAN_POINT('',(4.,40.75));
#11929 = CARTESIAN_POINT('',(0.,40.75));
#11930 = ( GEOMETRIC_REPRESENTATION_CONTEXT(2) 
PARAMETRIC_REPRESENTATION_CONTEXT() REPRESENTATION_CONTEXT('2D SPACE',''
  ) );
#11931 = ORIENTED_EDGE('',*,*,#8771,.T.);
#11932 = ORIENTED_EDGE('',*,*,#11933,.T.);
#11933 = EDGE_CURVE('',#8772,#11934,#11936,.T.);
#11934 = VERTEX_POINT('',#11935);
#11935 = CARTESIAN_POINT('',(119.8,-30.25,-48.));
#11936 = SURFACE_CURVE('',#11937,(#11941,#11948),.PCURVE_S1.);
#11937 = LINE('',#11938,#11939);
#11938 = CARTESIAN_POINT('',(30.2,-30.25,-48.));
#11939 = VECTOR('',#11940,1.);
#11940 = DIRECTION('',(1.,0.,0.));
#11941 = PCURVE('',#6960,#11942);
#11942 = DEFINITIONAL_REPRESENTATION('',(#11943),#11947);
#11943 = LINE('',#11944,#11945);
#11944 = CARTESIAN_POINT('',(4.,0.));
#11945 = VECTOR('',#11946,1.);
#11946 = DIRECTION('',(0.,1.));
#11947 = ( GEOMETRIC_REPRESENTATION_CONTEXT(2) 
PARAMETRIC_REPRESENTATION_CONTEXT() REPRESENTATION_CONTEXT('2D SPACE',''
  ) );
#11948 = PCURVE('',#8807,#11949);
#11949 = DEFINITIONAL_REPRESENTATION('',(#11950),#11954);
#11950 = LINE('',#11951,#11952);
#11951 = CARTESIAN_POINT('',(0.,0.));
#11952 = VECTOR('',#11953,1.);
#11953 = DIRECTION('',(1.,0.));
#11954 = ( GEOMETRIC_REPRESENTATION_CONTEXT(2) 
PARAMETRIC_REPRESENTATION_CONTEXT() REPRESENTATION_CONTEXT('2D SPACE',''
  ) );
#11955 = ORIENTED_EDGE('',*,*,#11956,.F.);
#11956 = EDGE_CURVE('',#6917,#11934,#11957,.T.);
#11957 = SURFACE_CURVE('',#11958,(#11962,#11969),.PCURVE_S1.);
#11958 = LINE('',#11959,#11960);
#11959 = CARTESIAN_POINT('',(119.8,-30.25,-52.));
#11960 = VECTOR('',#11961,1.);
#11961 = DIRECTION('',(0.,0.,1.));
#11962 = PCURVE('',#6960,#11963);
#11963 = DEFINITIONAL_REPRESENTATION('',(#11964),#11968);
#11964 = LINE('',#11965,#11966);
#11965 = CARTESIAN_POINT('',(0.,89.6));
#11966 = VECTOR('',#11967,1.);
#11967 = DIRECTION('',(1.,0.));
#11968 = ( GEOMETRIC_REPRESENTATION_CONTEXT(2) 
PARAMETRIC_REPRESENTATION_CONTEXT() REPRESENTATION_CONTEXT('2D SPACE',''
  ) );
#11969 = PCURVE('',#6932,#11970);
#11970 = DEFINITIONAL_REPRESENTATION('',(#11971),#11975);
#11971 = LINE('',#11972,#11973);
#11972 = CARTESIAN_POINT('',(0.,0.));
#11973 = VECTOR('',#11974,1.);
#11974 = DIRECTION('',(1.,0.));
#11975 = ( GEOMETRIC_REPRESENTATION_CONTEXT(2) 
PARAMETRIC_REPRESENTATION_CONTEXT() REPRESENTATION_CONTEXT('2D SPACE',''
  ) );
#11976 = ADVANCED_FACE('',(#11977),#6932,.F.);
#11977 = FACE_BOUND('',#11978,.F.);
#11978 = EDGE_LOOP('',(#11979,#11980,#11981,#11982));
#11979 = ORIENTED_EDGE('',*,*,#11956,.F.);
#11980 = ORIENTED_EDGE('',*,*,#6916,.T.);
#11981 = ORIENTED_EDGE('',*,*,#11756,.T.);
#11982 = ORIENTED_EDGE('',*,*,#11983,.F.);
#11983 = EDGE_CURVE('',#11934,#11757,#11984,.T.);
#11984 = SURFACE_CURVE('',#11985,(#11989,#11996),.PCURVE_S1.);
#11985 = LINE('',#11986,#11987);
#11986 = CARTESIAN_POINT('',(119.8,-30.25,-48.));
#11987 = VECTOR('',#11988,1.);
#11988 = DIRECTION('',(0.,1.,0.));
#11989 = PCURVE('',#6932,#11990);
#11990 = DEFINITIONAL_REPRESENTATION('',(#11991),#11995);
#11991 = LINE('',#11992,#11993);
#11992 = CARTESIAN_POINT('',(4.,0.));
#11993 = VECTOR('',#11994,1.);
#11994 = DIRECTION('',(0.,-1.));
#11995 = ( GEOMETRIC_REPRESENTATION_CONTEXT(2) 
PARAMETRIC_REPRESENTATION_CONTEXT() REPRESENTATION_CONTEXT('2D SPACE',''
  ) );
#11996 = PCURVE('',#8807,#11997);
#11997 = DEFINITIONAL_REPRESENTATION('',(#11998),#12002);
#11998 = LINE('',#11999,#12000);
#11999 = CARTESIAN_POINT('',(89.6,0.));
#12000 = VECTOR('',#12001,1.);
#12001 = DIRECTION('',(0.,1.));
#12002 = ( GEOMETRIC_REPRESENTATION_CONTEXT(2) 
PARAMETRIC_REPRESENTATION_CONTEXT() REPRESENTATION_CONTEXT('2D SPACE',''
  ) );
#12003 = ADVANCED_FACE('',(#12004),#7144,.T.);
#12004 = FACE_BOUND('',#12005,.T.);
#12005 = EDGE_LOOP('',(#12006,#12007,#12008,#12009));
#12006 = ORIENTED_EDGE('',*,*,#7126,.F.);
#12007 = ORIENTED_EDGE('',*,*,#7432,.T.);
#12008 = ORIENTED_EDGE('',*,*,#7553,.T.);
#12009 = ORIENTED_EDGE('',*,*,#10982,.F.);
#12010 = ADVANCED_FACE('',(#12011),#7331,.F.);
#12011 = FACE_BOUND('',#12012,.F.);
#12012 = EDGE_LOOP('',(#12013,#12014,#12015,#12016));
#12013 = ORIENTED_EDGE('',*,*,#10622,.F.);
#12014 = ORIENTED_EDGE('',*,*,#7315,.T.);
#12015 = ORIENTED_EDGE('',*,*,#9917,.T.);
#12016 = ORIENTED_EDGE('',*,*,#8668,.F.);
#12017 = ADVANCED_FACE('',(#12018),#7238,.F.);
#12018 = FACE_BOUND('',#12019,.F.);
#12019 = EDGE_LOOP('',(#12020,#12021,#12022,#12023));
#12020 = ORIENTED_EDGE('',*,*,#9437,.F.);
#12021 = ORIENTED_EDGE('',*,*,#7222,.T.);
#12022 = ORIENTED_EDGE('',*,*,#8890,.T.);
#12023 = ORIENTED_EDGE('',*,*,#8606,.F.);
#12024 = ADVANCED_FACE('',(#12025),#7520,.F.);
#12025 = FACE_BOUND('',#12026,.F.);
#12026 = EDGE_LOOP('',(#12027,#12048,#12049,#12050));
#12027 = ORIENTED_EDGE('',*,*,#12028,.F.);
#12028 = EDGE_CURVE('',#7760,#11003,#12029,.T.);
#12029 = SURFACE_CURVE('',#12030,(#12034,#12041),.PCURVE_S1.);
#12030 = LINE('',#12031,#12032);
#12031 = CARTESIAN_POINT('',(130.,-61.,25.));
#12032 = VECTOR('',#12033,1.);
#12033 = DIRECTION('',(0.,0.,1.));
#12034 = PCURVE('',#7520,#12035);
#12035 = DEFINITIONAL_REPRESENTATION('',(#12036),#12040);
#12036 = LINE('',#12037,#12038);
#12037 = CARTESIAN_POINT('',(0.,0.));
#12038 = VECTOR('',#12039,1.);
#12039 = DIRECTION('',(0.,1.));
#12040 = ( GEOMETRIC_REPRESENTATION_CONTEXT(2) 
PARAMETRIC_REPRESENTATION_CONTEXT() REPRESENTATION_CONTEXT('2D SPACE',''
  ) );
#12041 = PCURVE('',#7777,#12042);
#12042 = DEFINITIONAL_REPRESENTATION('',(#12043),#12047);
#12043 = LINE('',#12044,#12045);
#12044 = CARTESIAN_POINT('',(0.,-3.));
#12045 = VECTOR('',#12046,1.);
#12046 = DIRECTION('',(1.,0.));
#12047 = ( GEOMETRIC_REPRESENTATION_CONTEXT(2) 
PARAMETRIC_REPRESENTATION_CONTEXT() REPRESENTATION_CONTEXT('2D SPACE',''
  ) );
#12048 = ORIENTED_EDGE('',*,*,#7789,.T.);
#12049 = ORIENTED_EDGE('',*,*,#7504,.T.);
#12050 = ORIENTED_EDGE('',*,*,#11002,.F.);
#12051 = ADVANCED_FACE('',(#12052),#7642,.F.);
#12052 = FACE_BOUND('',#12053,.F.);
#12053 = EDGE_LOOP('',(#12054,#12077,#12078,#12079));
#12054 = ORIENTED_EDGE('',*,*,#12055,.T.);
#12055 = EDGE_CURVE('',#12056,#11128,#12058,.T.);
#12056 = VERTEX_POINT('',#12057);
#12057 = CARTESIAN_POINT('',(133.,64.,47.2360679775));
#12058 = SURFACE_CURVE('',#12059,(#12063,#12070),.PCURVE_S1.);
#12059 = LINE('',#12060,#12061);
#12060 = CARTESIAN_POINT('',(133.,64.,25.));
#12061 = VECTOR('',#12062,1.);
#12062 = DIRECTION('',(0.,0.,1.));
#12063 = PCURVE('',#7642,#12064);
#12064 = DEFINITIONAL_REPRESENTATION('',(#12065),#12069);
#12065 = LINE('',#12066,#12067);
#12066 = CARTESIAN_POINT('',(0.,3.));
#12067 = VECTOR('',#12068,1.);
#12068 = DIRECTION('',(1.,0.));
#12069 = ( GEOMETRIC_REPRESENTATION_CONTEXT(2) 
PARAMETRIC_REPRESENTATION_CONTEXT() REPRESENTATION_CONTEXT('2D SPACE',''
  ) );
#12070 = PCURVE('',#7874,#12071);
#12071 = DEFINITIONAL_REPRESENTATION('',(#12072),#12076);
#12072 = LINE('',#12073,#12074);
#12073 = CARTESIAN_POINT('',(-1.570796326795,0.));
#12074 = VECTOR('',#12075,1.);
#12075 = DIRECTION('',(-0.,1.));
#12076 = ( GEOMETRIC_REPRESENTATION_CONTEXT(2) 
PARAMETRIC_REPRESENTATION_CONTEXT() REPRESENTATION_CONTEXT('2D SPACE',''
  ) );
#12077 = ORIENTED_EDGE('',*,*,#11151,.F.);
#12078 = ORIENTED_EDGE('',*,*,#7626,.F.);
#12079 = ORIENTED_EDGE('',*,*,#12080,.F.);
#12080 = EDGE_CURVE('',#12056,#7627,#12081,.T.);
#12081 = SURFACE_CURVE('',#12082,(#12087,#12094),.PCURVE_S1.);
#12082 = CIRCLE('',#12083,3.);
#12083 = AXIS2_PLACEMENT_3D('',#12084,#12085,#12086);
#12084 = CARTESIAN_POINT('',(135.,64.,45.));
#12085 = DIRECTION('',(0.,1.,0.));
#12086 = DIRECTION('',(1.110223024625E-16,0.,-1.));
#12087 = PCURVE('',#7642,#12088);
#12088 = DEFINITIONAL_REPRESENTATION('',(#12089),#12093);
#12089 = CIRCLE('',#12090,3.);
#12090 = AXIS2_PLACEMENT_2D('',#12091,#12092);
#12091 = CARTESIAN_POINT('',(20.,5.));
#12092 = DIRECTION('',(-1.,1.110223024625E-16));
#12093 = ( GEOMETRIC_REPRESENTATION_CONTEXT(2) 
PARAMETRIC_REPRESENTATION_CONTEXT() REPRESENTATION_CONTEXT('2D SPACE',''
  ) );
#12094 = PCURVE('',#7669,#12095);
#12095 = DEFINITIONAL_REPRESENTATION('',(#12096),#12100);
#12096 = LINE('',#12097,#12098);
#12097 = CARTESIAN_POINT('',(-6.28318530718,-6.));
#12098 = VECTOR('',#12099,1.);
#12099 = DIRECTION('',(1.,-0.));
#12100 = ( GEOMETRIC_REPRESENTATION_CONTEXT(2) 
PARAMETRIC_REPRESENTATION_CONTEXT() REPRESENTATION_CONTEXT('2D SPACE',''
  ) );
#12101 = ADVANCED_FACE('',(#12102),#7669,.T.);
#12102 = FACE_BOUND('',#12103,.F.);
#12103 = EDGE_LOOP('',(#12104,#12212,#12213,#12214,#12242,#12263,#12264,
    #12265,#12291,#12292));
#12104 = ORIENTED_EDGE('',*,*,#12105,.F.);
#12105 = EDGE_CURVE('',#12056,#7859,#12106,.T.);
#12106 = SURFACE_CURVE('',#12107,(#12140,#12176),.PCURVE_S1.);
#12107 = B_SPLINE_CURVE_WITH_KNOTS('',6,(#12108,#12109,#12110,#12111,
    #12112,#12113,#12114,#12115,#12116,#12117,#12118,#12119,#12120,
    #12121,#12122,#12123,#12124,#12125,#12126,#12127,#12128,#12129,
    #12130,#12131,#12132,#12133,#12134,#12135,#12136,#12137,#12138,
    #12139),.UNSPECIFIED.,.F.,.F.,(7,5,5,5,5,5,7),(0.,7.782673025847E-02
    ,0.316056668694,0.499999974503,0.684736875413,0.921450317614,1.),
  .UNSPECIFIED.);
#12108 = CARTESIAN_POINT('',(133.,64.,47.2360679775));
#12109 = CARTESIAN_POINT('',(132.94659425824,64.,47.188300429918));
#12110 = CARTESIAN_POINT('',(132.89498770792,63.998859291722,
    47.139386817834));
#12111 = CARTESIAN_POINT('',(132.8451862151,63.996721490386,
    47.089416073674));
#12112 = CARTESIAN_POINT('',(132.79719124443,63.993720681304,
    47.038473463075));
#12113 = CARTESIAN_POINT('',(132.75099985921,63.989981419876,
    46.986640584889));
#12114 = CARTESIAN_POINT('',(132.57070988248,63.972264412877,
    46.772846804629));
#12115 = CARTESIAN_POINT('',(132.45159907224,63.953065712908,
    46.604029717958));
#12116 = CARTESIAN_POINT('',(132.34870630129,63.931283627232,
    46.429303792614));
#12117 = CARTESIAN_POINT('',(132.26144028584,63.909311031768,
    46.249937257323));
#12118 = CARTESIAN_POINT('',(132.18933575666,63.889012148619,
    46.066820937946));
#12119 = CARTESIAN_POINT('',(132.08801182931,63.858391954185,
    45.73684740162));
#12120 = CARTESIAN_POINT('',(132.05276942221,63.846852517422,
    45.591252724737));
#12121 = CARTESIAN_POINT('',(132.02637948233,63.837754467728,
    45.444337167041));
#12122 = CARTESIAN_POINT('',(132.00879733622,63.831537039561,
    45.296547701487));
#12123 = CARTESIAN_POINT('',(132.,63.828427124746,45.148299568045));
#12124 = CARTESIAN_POINT('',(132.,63.828427124746,44.851060616278));
#12125 = CARTESIAN_POINT('',(132.00887341192,63.831563928086,
    44.702173722927));
#12126 = CARTESIAN_POINT('',(132.02660740376,63.837835066462,
    44.5537514417));
#12127 = CARTESIAN_POINT('',(132.05322543436,63.847009718892,
    44.406214085523));
#12128 = CARTESIAN_POINT('',(132.08877311301,63.858641135836,
    44.260014368056));
#12129 = CARTESIAN_POINT('',(132.19036398307,63.889297810938,
    43.930694574654));
#12130 = CARTESIAN_POINT('',(132.26216546364,63.909480504683,
    43.748784014019));
#12131 = CARTESIAN_POINT('',(132.34893958272,63.931301223338,
    43.570583184394));
#12132 = CARTESIAN_POINT('',(132.45114290851,63.952929225062,
    43.396967293368));
#12133 = CARTESIAN_POINT('',(132.56935495042,63.972017512883,
    43.229179317226));
#12134 = CARTESIAN_POINT('',(132.74885561338,63.989807075478,
    43.015768034946));
#12135 = CARTESIAN_POINT('',(132.7954086012,63.993608718567,
    42.963420152534));
#12136 = CARTESIAN_POINT('',(132.84379863528,63.996661649952,
    42.911976976228));
#12137 = CARTESIAN_POINT('',(132.89402888666,63.998837998216,
    42.861522228053));
#12138 = CARTESIAN_POINT('',(132.94609798127,64.,42.812143453695));
#12139 = CARTESIAN_POINT('',(133.,64.,42.7639320225));
#12140 = PCURVE('',#7669,#12141);
#12141 = DEFINITIONAL_REPRESENTATION('',(#12142),#12175);
#12142 = B_SPLINE_CURVE_WITH_KNOTS('',6,(#12143,#12144,#12145,#12146,
    #12147,#12148,#12149,#12150,#12151,#12152,#12153,#12154,#12155,
    #12156,#12157,#12158,#12159,#12160,#12161,#12162,#12163,#12164,
    #12165,#12166,#12167,#12168,#12169,#12170,#12171,#12172,#12173,
    #12174),.UNSPECIFIED.,.F.,.F.,(7,5,5,5,5,5,7),(0.,7.782673025847E-02
    ,0.316056668694,0.499999974503,0.684736875413,0.921450317614,1.),
  .UNSPECIFIED.);
#12143 = CARTESIAN_POINT('',(-3.871320309817,-6.));
#12144 = CARTESIAN_POINT('',(-3.895204083608,-6.));
#12145 = CARTESIAN_POINT('',(-3.91889555315,-6.001140708278));
#12146 = CARTESIAN_POINT('',(-3.942397940151,-6.003278509614));
#12147 = CARTESIAN_POINT('',(-3.965714533531,-6.006279318696));
#12148 = CARTESIAN_POINT('',(-3.988848689422,-6.010018580124));
#12149 = CARTESIAN_POINT('',(-4.082070203501,-6.027735587123));
#12150 = CARTESIAN_POINT('',(-4.150684029531,-6.046934287092));
#12151 = CARTESIAN_POINT('',(-4.217942712438,-6.068716372768));
#12152 = CARTESIAN_POINT('',(-4.284128832524,-6.090688968232));
#12153 = CARTESIAN_POINT('',(-4.349533878642,-6.110987851381));
#12154 = CARTESIAN_POINT('',(-4.464593801643,-6.141608045815));
#12155 = CARTESIAN_POINT('',(-4.51443572572,-6.153147482578));
#12156 = CARTESIAN_POINT('',(-4.564059223244,-6.162245532272));
#12157 = CARTESIAN_POINT('',(-4.613539708135,-6.168462960439));
#12158 = CARTESIAN_POINT('',(-4.662955791036,-6.171572875254));
#12159 = CARTESIAN_POINT('',(-4.762035441625,-6.171572875254));
#12160 = CARTESIAN_POINT('',(-4.811664445447,-6.168436071914));
#12161 = CARTESIAN_POINT('',(-4.861358692671,-6.162164933538));
#12162 = CARTESIAN_POINT('',(-4.911197916197,-6.152990281108));
#12163 = CARTESIAN_POINT('',(-4.961258599955,-6.141358864164));
#12164 = CARTESIAN_POINT('',(-5.076136424527,-6.110702189062));
#12165 = CARTESIAN_POINT('',(-5.141134138612,-6.090519495317));
#12166 = CARTESIAN_POINT('',(-5.206904720324,-6.068698776662));
#12167 = CARTESIAN_POINT('',(-5.273734255703,-6.047070774938));
#12168 = CARTESIAN_POINT('',(-5.341900240825,-6.027982487117));
#12169 = CARTESIAN_POINT('',(-5.434854747862,-6.010192924522));
#12170 = CARTESIAN_POINT('',(-5.458197039052,-6.006391281433));
#12171 = CARTESIAN_POINT('',(-5.481725016939,-6.003338350048));
#12172 = CARTESIAN_POINT('',(-5.505442174781,-6.001162001784));
#12173 = CARTESIAN_POINT('',(-5.529351935355,-6.));
#12174 = CARTESIAN_POINT('',(-5.553457650953,-6.));
#12175 = ( GEOMETRIC_REPRESENTATION_CONTEXT(2) 
PARAMETRIC_REPRESENTATION_CONTEXT() REPRESENTATION_CONTEXT('2D SPACE',''
  ) );
#12176 = PCURVE('',#7874,#12177);
#12177 = DEFINITIONAL_REPRESENTATION('',(#12178),#12211);
#12178 = B_SPLINE_CURVE_WITH_KNOTS('',6,(#12179,#12180,#12181,#12182,
    #12183,#12184,#12185,#12186,#12187,#12188,#12189,#12190,#12191,
    #12192,#12193,#12194,#12195,#12196,#12197,#12198,#12199,#12200,
    #12201,#12202,#12203,#12204,#12205,#12206,#12207,#12208,#12209,
    #12210),.UNSPECIFIED.,.F.,.F.,(7,5,5,5,5,5,7),(0.,7.782673025847E-02
    ,0.316056668694,0.499999974503,0.684736875413,0.921450317614,1.),
  .UNSPECIFIED.);
#12179 = CARTESIAN_POINT('',(-1.570796326795,22.2360679775));
#12180 = CARTESIAN_POINT('',(-1.552994412876,22.188300429918));
#12181 = CARTESIAN_POINT('',(-1.535792084304,22.139386817834));
#12182 = CARTESIAN_POINT('',(-1.519181583745,22.089416073674));
#12183 = CARTESIAN_POINT('',(-1.503156343838,22.038473463075));
#12184 = CARTESIAN_POINT('',(-1.487710987185,21.986640584889));
#12185 = CARTESIAN_POINT('',(-1.427324851871,21.772846804629));
#12186 = CARTESIAN_POINT('',(-1.387185526268,21.604029717958));
#12187 = CARTESIAN_POINT('',(-1.352173485754,21.429303792614));
#12188 = CARTESIAN_POINT('',(-1.322196311992,21.249937257323));
#12189 = CARTESIAN_POINT('',(-1.297231575332,21.066820937946));
#12190 = CARTESIAN_POINT('',(-1.261948380465,20.73684740162));
#12191 = CARTESIAN_POINT('',(-1.249590243428,20.591252724737));
#12192 = CARTESIAN_POINT('',(-1.240286488406,20.444337167041));
#12193 = CARTESIAN_POINT('',(-1.23406946768,20.296547701487));
#12194 = CARTESIAN_POINT('',(-1.230959417341,20.148299568045));
#12195 = CARTESIAN_POINT('',(-1.230959417341,19.851060616278));
#12196 = CARTESIAN_POINT('',(-1.23409635761,19.702173722927));
#12197 = CARTESIAN_POINT('',(-1.240367083606,19.5537514417));
#12198 = CARTESIAN_POINT('',(-1.249751014014,19.406214085523));
#12199 = CARTESIAN_POINT('',(-1.262215318552,19.260014368056));
#12200 = CARTESIAN_POINT('',(-1.297587210417,18.930694574654));
#12201 = CARTESIAN_POINT('',(-1.322444230246,18.748784014019));
#12202 = CARTESIAN_POINT('',(-1.352250300828,18.570583184394));
#12203 = CARTESIAN_POINT('',(-1.387027704384,18.396967293368));
#12204 = CARTESIAN_POINT('',(-1.426867308531,18.229179317226));
#12205 = CARTESIAN_POINT('',(-1.486993986415,18.015768034946));
#12206 = CARTESIAN_POINT('',(-1.502561121834,17.963420152534));
#12207 = CARTESIAN_POINT('',(-1.518718771872,17.911976976228));
#12208 = CARTESIAN_POINT('',(-1.535472470528,17.861522228053));
#12209 = CARTESIAN_POINT('',(-1.552828987221,17.812143453695));
#12210 = CARTESIAN_POINT('',(-1.570796326795,17.7639320225));
#12211 = ( GEOMETRIC_REPRESENTATION_CONTEXT(2) 
PARAMETRIC_REPRESENTATION_CONTEXT() REPRESENTATION_CONTEXT('2D SPACE',''
  ) );
#12212 = ORIENTED_EDGE('',*,*,#12080,.T.);
#12213 = ORIENTED_EDGE('',*,*,#7654,.F.);
#12214 = ORIENTED_EDGE('',*,*,#12215,.T.);
#12215 = EDGE_CURVE('',#7655,#12216,#12218,.T.);
#12216 = VERTEX_POINT('',#12217);
#12217 = CARTESIAN_POINT('',(135.,58.,42.));
#12218 = SURFACE_CURVE('',#12219,(#12224,#12231),.PCURVE_S1.);
#12219 = CIRCLE('',#12220,3.);
#12220 = AXIS2_PLACEMENT_3D('',#12221,#12222,#12223);
#12221 = CARTESIAN_POINT('',(135.,58.,45.));
#12222 = DIRECTION('',(0.,1.,0.));
#12223 = DIRECTION('',(1.110223024625E-16,0.,-1.));
#12224 = PCURVE('',#7669,#12225);
#12225 = DEFINITIONAL_REPRESENTATION('',(#12226),#12230);
#12226 = LINE('',#12227,#12228);
#12227 = CARTESIAN_POINT('',(-6.28318530718,-12.));
#12228 = VECTOR('',#12229,1.);
#12229 = DIRECTION('',(1.,-0.));
#12230 = ( GEOMETRIC_REPRESENTATION_CONTEXT(2) 
PARAMETRIC_REPRESENTATION_CONTEXT() REPRESENTATION_CONTEXT('2D SPACE',''
  ) );
#12231 = PCURVE('',#7696,#12232);
#12232 = DEFINITIONAL_REPRESENTATION('',(#12233),#12241);
#12233 = ( BOUNDED_CURVE() B_SPLINE_CURVE(2,(#12234,#12235,#12236,#12237
    ,#12238,#12239,#12240),.UNSPECIFIED.,.T.,.F.) 
B_SPLINE_CURVE_WITH_KNOTS((1,2,2,2,2,1),(-2.094395102393,0.,
    2.094395102393,4.188790204786,6.28318530718,8.377580409573),
.UNSPECIFIED.) CURVE() GEOMETRIC_REPRESENTATION_ITEM() 
RATIONAL_B_SPLINE_CURVE((1.,0.5,1.,0.5,1.,0.5,1.)) REPRESENTATION_ITEM(
  '') );
#12234 = CARTESIAN_POINT('',(9.,3.));
#12235 = CARTESIAN_POINT('',(14.196152422707,3.));
#12236 = CARTESIAN_POINT('',(11.598076211353,-1.5));
#12237 = CARTESIAN_POINT('',(9.,-6.));
#12238 = CARTESIAN_POINT('',(6.401923788647,-1.5));
#12239 = CARTESIAN_POINT('',(3.803847577293,3.));
#12240 = CARTESIAN_POINT('',(9.,3.));
#12241 = ( GEOMETRIC_REPRESENTATION_CONTEXT(2) 
PARAMETRIC_REPRESENTATION_CONTEXT() REPRESENTATION_CONTEXT('2D SPACE',''
  ) );
#12242 = ORIENTED_EDGE('',*,*,#12243,.T.);
#12243 = EDGE_CURVE('',#12216,#8226,#12244,.T.);
#12244 = SEAM_CURVE('',#12245,(#12249,#12256),.PCURVE_S1.);
#12245 = LINE('',#12246,#12247);
#12246 = CARTESIAN_POINT('',(135.,70.,42.));
#12247 = VECTOR('',#12248,1.);
#12248 = DIRECTION('',(0.,-1.,0.));
#12249 = PCURVE('',#7669,#12250);
#12250 = DEFINITIONAL_REPRESENTATION('',(#12251),#12255);
#12251 = LINE('',#12252,#12253);
#12252 = CARTESIAN_POINT('',(-6.28318530718,0.));
#12253 = VECTOR('',#12254,1.);
#12254 = DIRECTION('',(-0.,-1.));
#12255 = ( GEOMETRIC_REPRESENTATION_CONTEXT(2) 
PARAMETRIC_REPRESENTATION_CONTEXT() REPRESENTATION_CONTEXT('2D SPACE',''
  ) );
#12256 = PCURVE('',#7669,#12257);
#12257 = DEFINITIONAL_REPRESENTATION('',(#12258),#12262);
#12258 = LINE('',#12259,#12260);
#12259 = CARTESIAN_POINT('',(-0.,0.));
#12260 = VECTOR('',#12261,1.);
#12261 = DIRECTION('',(-0.,-1.));
#12262 = ( GEOMETRIC_REPRESENTATION_CONTEXT(2) 
PARAMETRIC_REPRESENTATION_CONTEXT() REPRESENTATION_CONTEXT('2D SPACE',''
  ) );
#12263 = ORIENTED_EDGE('',*,*,#8225,.F.);
#12264 = ORIENTED_EDGE('',*,*,#12243,.F.);
#12265 = ORIENTED_EDGE('',*,*,#12266,.T.);
#12266 = EDGE_CURVE('',#12216,#7681,#12267,.T.);
#12267 = SURFACE_CURVE('',#12268,(#12273,#12280),.PCURVE_S1.);
#12268 = CIRCLE('',#12269,3.);
#12269 = AXIS2_PLACEMENT_3D('',#12270,#12271,#12272);
#12270 = CARTESIAN_POINT('',(135.,58.,45.));
#12271 = DIRECTION('',(0.,1.,0.));
#12272 = DIRECTION('',(1.110223024625E-16,0.,-1.));
#12273 = PCURVE('',#7669,#12274);
#12274 = DEFINITIONAL_REPRESENTATION('',(#12275),#12279);
#12275 = LINE('',#12276,#12277);
#12276 = CARTESIAN_POINT('',(-6.28318530718,-12.));
#12277 = VECTOR('',#12278,1.);
#12278 = DIRECTION('',(1.,-0.));
#12279 = ( GEOMETRIC_REPRESENTATION_CONTEXT(2) 
PARAMETRIC_REPRESENTATION_CONTEXT() REPRESENTATION_CONTEXT('2D SPACE',''
  ) );
#12280 = PCURVE('',#7696,#12281);
#12281 = DEFINITIONAL_REPRESENTATION('',(#12282),#12290);
#12282 = ( BOUNDED_CURVE() B_SPLINE_CURVE(2,(#12283,#12284,#12285,#12286
    ,#12287,#12288,#12289),.UNSPECIFIED.,.T.,.F.) 
B_SPLINE_CURVE_WITH_KNOTS((1,2,2,2,2,1),(-2.094395102393,0.,
    2.094395102393,4.188790204786,6.28318530718,8.377580409573),
.UNSPECIFIED.) CURVE() GEOMETRIC_REPRESENTATION_ITEM() 
RATIONAL_B_SPLINE_CURVE((1.,0.5,1.,0.5,1.,0.5,1.)) REPRESENTATION_ITEM(
  '') );
#12283 = CARTESIAN_POINT('',(9.,3.));
#12284 = CARTESIAN_POINT('',(14.196152422707,3.));
#12285 = CARTESIAN_POINT('',(11.598076211353,-1.5));
#12286 = CARTESIAN_POINT('',(9.,-6.));
#12287 = CARTESIAN_POINT('',(6.401923788647,-1.5));
#12288 = CARTESIAN_POINT('',(3.803847577293,3.));
#12289 = CARTESIAN_POINT('',(9.,3.));
#12290 = ( GEOMETRIC_REPRESENTATION_CONTEXT(2) 
PARAMETRIC_REPRESENTATION_CONTEXT() REPRESENTATION_CONTEXT('2D SPACE',''
  ) );
#12291 = ORIENTED_EDGE('',*,*,#7708,.T.);
#12292 = ORIENTED_EDGE('',*,*,#7886,.T.);
#12293 = ADVANCED_FACE('',(#12294),#7696,.F.);
#12294 = FACE_BOUND('',#12295,.F.);
#12295 = EDGE_LOOP('',(#12296,#12297,#12298));
#12296 = ORIENTED_EDGE('',*,*,#12215,.F.);
#12297 = ORIENTED_EDGE('',*,*,#7680,.T.);
#12298 = ORIENTED_EDGE('',*,*,#12266,.F.);
#12299 = ADVANCED_FACE('',(#12300),#7777,.T.);
#12300 = FACE_BOUND('',#12301,.T.);
#12301 = EDGE_LOOP('',(#12302,#12303,#12304,#12305));
#12302 = ORIENTED_EDGE('',*,*,#11026,.F.);
#12303 = ORIENTED_EDGE('',*,*,#12028,.F.);
#12304 = ORIENTED_EDGE('',*,*,#7759,.T.);
#12305 = ORIENTED_EDGE('',*,*,#7915,.T.);
#12306 = ADVANCED_FACE('',(#12307),#7874,.F.);
#12307 = FACE_BOUND('',#12308,.T.);
#12308 = EDGE_LOOP('',(#12309,#12330,#12331,#12332,#12333,#12334));
#12309 = ORIENTED_EDGE('',*,*,#12310,.F.);
#12310 = EDGE_CURVE('',#8008,#11107,#12311,.T.);
#12311 = SURFACE_CURVE('',#12312,(#12316,#12323),.PCURVE_S1.);
#12312 = LINE('',#12313,#12314);
#12313 = CARTESIAN_POINT('',(130.,61.,25.));
#12314 = VECTOR('',#12315,1.);
#12315 = DIRECTION('',(0.,0.,1.));
#12316 = PCURVE('',#7874,#12317);
#12317 = DEFINITIONAL_REPRESENTATION('',(#12318),#12322);
#12318 = LINE('',#12319,#12320);
#12319 = CARTESIAN_POINT('',(-0.,0.));
#12320 = VECTOR('',#12321,1.);
#12321 = DIRECTION('',(-0.,1.));
#12322 = ( GEOMETRIC_REPRESENTATION_CONTEXT(2) 
PARAMETRIC_REPRESENTATION_CONTEXT() REPRESENTATION_CONTEXT('2D SPACE',''
  ) );
#12323 = PCURVE('',#8023,#12324);
#12324 = DEFINITIONAL_REPRESENTATION('',(#12325),#12329);
#12325 = LINE('',#12326,#12327);
#12326 = CARTESIAN_POINT('',(0.,-27.));
#12327 = VECTOR('',#12328,1.);
#12328 = DIRECTION('',(1.,0.));
#12329 = ( GEOMETRIC_REPRESENTATION_CONTEXT(2) 
PARAMETRIC_REPRESENTATION_CONTEXT() REPRESENTATION_CONTEXT('2D SPACE',''
  ) );
#12330 = ORIENTED_EDGE('',*,*,#8056,.T.);
#12331 = ORIENTED_EDGE('',*,*,#7858,.T.);
#12332 = ORIENTED_EDGE('',*,*,#12105,.F.);
#12333 = ORIENTED_EDGE('',*,*,#12055,.T.);
#12334 = ORIENTED_EDGE('',*,*,#11127,.T.);
#12335 = ADVANCED_FACE('',(#12336),#7972,.T.);
#12336 = FACE_BOUND('',#12337,.T.);
#12337 = EDGE_LOOP('',(#12338,#12339,#12340,#12341));
#12338 = ORIENTED_EDGE('',*,*,#11046,.F.);
#12339 = ORIENTED_EDGE('',*,*,#7957,.T.);
#12340 = ORIENTED_EDGE('',*,*,#8085,.T.);
#12341 = ORIENTED_EDGE('',*,*,#8253,.T.);
#12342 = ADVANCED_FACE('',(#12343),#8023,.T.);
#12343 = FACE_BOUND('',#12344,.T.);
#12344 = EDGE_LOOP('',(#12345,#12346,#12347,#12348));
#12345 = ORIENTED_EDGE('',*,*,#11106,.F.);
#12346 = ORIENTED_EDGE('',*,*,#8136,.F.);
#12347 = ORIENTED_EDGE('',*,*,#8005,.T.);
#12348 = ORIENTED_EDGE('',*,*,#12310,.T.);
#12349 = ADVANCED_FACE('',(#12350),#8193,.T.);
#12350 = FACE_BOUND('',#12351,.T.);
#12351 = EDGE_LOOP('',(#12352,#12353,#12354,#12355));
#12352 = ORIENTED_EDGE('',*,*,#11086,.F.);
#12353 = ORIENTED_EDGE('',*,*,#8441,.F.);
#12354 = ORIENTED_EDGE('',*,*,#8346,.T.);
#12355 = ORIENTED_EDGE('',*,*,#8178,.F.);
#12356 = ADVANCED_FACE('',(#12357),#8312,.T.);
#12357 = FACE_BOUND('',#12358,.T.);
#12358 = EDGE_LOOP('',(#12359,#12360,#12361,#12362));
#12359 = ORIENTED_EDGE('',*,*,#8297,.F.);
#12360 = ORIENTED_EDGE('',*,*,#8418,.T.);
#12361 = ORIENTED_EDGE('',*,*,#8485,.T.);
#12362 = ORIENTED_EDGE('',*,*,#11066,.F.);
#12363 = ADVANCED_FACE('',(#12364,#12367),#8526,.T.);
#12364 = FACE_BOUND('',#12365,.T.);
#12365 = EDGE_LOOP('',(#12366));
#12366 = ORIENTED_EDGE('',*,*,#8509,.T.);
#12367 = FACE_BOUND('',#12368,.T.);
#12368 = EDGE_LOOP('',(#12369));
#12369 = ORIENTED_EDGE('',*,*,#12370,.T.);
#12370 = EDGE_CURVE('',#12371,#12371,#12373,.T.);
#12371 = VERTEX_POINT('',#12372);
#12372 = CARTESIAN_POINT('',(144.,8.,35.));
#12373 = SURFACE_CURVE('',#12374,(#12379,#12390),.PCURVE_S1.);
#12374 = CIRCLE('',#12375,25.);
#12375 = AXIS2_PLACEMENT_3D('',#12376,#12377,#12378);
#12376 = CARTESIAN_POINT('',(144.,8.,10.));
#12377 = DIRECTION('',(-1.,0.,0.));
#12378 = DIRECTION('',(0.,1.110223024625E-16,1.));
#12379 = PCURVE('',#8526,#12380);
#12380 = DEFINITIONAL_REPRESENTATION('',(#12381),#12389);
#12381 = ( BOUNDED_CURVE() B_SPLINE_CURVE(2,(#12382,#12383,#12384,#12385
    ,#12386,#12387,#12388),.UNSPECIFIED.,.T.,.F.) 
B_SPLINE_CURVE_WITH_KNOTS((1,2,2,2,2,1),(-2.094395102393,0.,
    2.094395102393,4.188790204786,6.28318530718,8.377580409573),
.UNSPECIFIED.) CURVE() GEOMETRIC_REPRESENTATION_ITEM() 
RATIONAL_B_SPLINE_CURVE((1.,0.5,1.,0.5,1.,0.5,1.)) REPRESENTATION_ITEM(
  '') );
#12382 = CARTESIAN_POINT('',(-5.,-25.));
#12383 = CARTESIAN_POINT('',(-48.30127018922,-25.));
#12384 = CARTESIAN_POINT('',(-26.65063509461,12.5));
#12385 = CARTESIAN_POINT('',(-5.,50.));
#12386 = CARTESIAN_POINT('',(16.650635094611,12.5));
#12387 = CARTESIAN_POINT('',(38.301270189222,-25.));
#12388 = CARTESIAN_POINT('',(-5.,-25.));
#12389 = ( GEOMETRIC_REPRESENTATION_CONTEXT(2) 
PARAMETRIC_REPRESENTATION_CONTEXT() REPRESENTATION_CONTEXT('2D SPACE',''
  ) );
#12390 = PCURVE('',#12391,#12396);
#12391 = CYLINDRICAL_SURFACE('',#12392,25.);
#12392 = AXIS2_PLACEMENT_3D('',#12393,#12394,#12395);
#12393 = CARTESIAN_POINT('',(140.,8.,10.));
#12394 = DIRECTION('',(-1.,0.,-0.));
#12395 = DIRECTION('',(0.,1.110223024625E-16,1.));
#12396 = DEFINITIONAL_REPRESENTATION('',(#12397),#12401);
#12397 = LINE('',#12398,#12399);
#12398 = CARTESIAN_POINT('',(-6.28318530718,-4.));
#12399 = VECTOR('',#12400,1.);
#12400 = DIRECTION('',(1.,-0.));
#12401 = ( GEOMETRIC_REPRESENTATION_CONTEXT(2) 
PARAMETRIC_REPRESENTATION_CONTEXT() REPRESENTATION_CONTEXT('2D SPACE',''
  ) );
#12402 = ADVANCED_FACE('',(#12403),#8731,.T.);
#12403 = FACE_BOUND('',#12404,.T.);
#12404 = EDGE_LOOP('',(#12405,#12406,#12427,#12428));
#12405 = ORIENTED_EDGE('',*,*,#8713,.F.);
#12406 = ORIENTED_EDGE('',*,*,#12407,.F.);
#12407 = EDGE_CURVE('',#9298,#8714,#12408,.T.);
#12408 = SURFACE_CURVE('',#12409,(#12413,#12420),.PCURVE_S1.);
#12409 = LINE('',#12410,#12411);
#12410 = CARTESIAN_POINT('',(97.,-71.,-50.));
#12411 = VECTOR('',#12412,1.);
#12412 = DIRECTION('',(1.,0.,0.));
#12413 = PCURVE('',#8731,#12414);
#12414 = DEFINITIONAL_REPRESENTATION('',(#12415),#12419);
#12415 = LINE('',#12416,#12417);
#12416 = CARTESIAN_POINT('',(0.,0.));
#12417 = VECTOR('',#12418,1.);
#12418 = DIRECTION('',(0.,1.));
#12419 = ( GEOMETRIC_REPRESENTATION_CONTEXT(2) 
PARAMETRIC_REPRESENTATION_CONTEXT() REPRESENTATION_CONTEXT('2D SPACE',''
  ) );
#12420 = PCURVE('',#8759,#12421);
#12421 = DEFINITIONAL_REPRESENTATION('',(#12422),#12426);
#12422 = LINE('',#12423,#12424);
#12423 = CARTESIAN_POINT('',(0.,0.));
#12424 = VECTOR('',#12425,1.);
#12425 = DIRECTION('',(1.,0.));
#12426 = ( GEOMETRIC_REPRESENTATION_CONTEXT(2) 
PARAMETRIC_REPRESENTATION_CONTEXT() REPRESENTATION_CONTEXT('2D SPACE',''
  ) );
#12427 = ORIENTED_EDGE('',*,*,#9297,.T.);
#12428 = ORIENTED_EDGE('',*,*,#10935,.F.);
#12429 = ADVANCED_FACE('',(#12430),#8855,.T.);
#12430 = FACE_BOUND('',#12431,.T.);
#12431 = EDGE_LOOP('',(#12432,#12433,#12434,#12435));
#12432 = ORIENTED_EDGE('',*,*,#9413,.F.);
#12433 = ORIENTED_EDGE('',*,*,#11845,.F.);
#12434 = ORIENTED_EDGE('',*,*,#8839,.T.);
#12435 = ORIENTED_EDGE('',*,*,#9249,.F.);
#12436 = ADVANCED_FACE('',(#12437,#12443,#12478),#8807,.F.);
#12437 = FACE_BOUND('',#12438,.F.);
#12438 = EDGE_LOOP('',(#12439,#12440,#12441,#12442));
#12439 = ORIENTED_EDGE('',*,*,#11865,.F.);
#12440 = ORIENTED_EDGE('',*,*,#8792,.T.);
#12441 = ORIENTED_EDGE('',*,*,#11933,.T.);
#12442 = ORIENTED_EDGE('',*,*,#11983,.T.);
#12443 = FACE_BOUND('',#12444,.F.);
#12444 = EDGE_LOOP('',(#12445));
#12445 = ORIENTED_EDGE('',*,*,#12446,.T.);
#12446 = EDGE_CURVE('',#12447,#12447,#12449,.T.);
#12447 = VERTEX_POINT('',#12448);
#12448 = CARTESIAN_POINT('',(106.,-24.5,-48.));
#12449 = SURFACE_CURVE('',#12450,(#12455,#12466),.PCURVE_S1.);
#12450 = CIRCLE('',#12451,2.);
#12451 = AXIS2_PLACEMENT_3D('',#12452,#12453,#12454);
#12452 = CARTESIAN_POINT('',(104.,-24.5,-48.));
#12453 = DIRECTION('',(0.,0.,-1.));
#12454 = DIRECTION('',(1.,0.,0.));
#12455 = PCURVE('',#8807,#12456);
#12456 = DEFINITIONAL_REPRESENTATION('',(#12457),#12465);
#12457 = ( BOUNDED_CURVE() B_SPLINE_CURVE(2,(#12458,#12459,#12460,#12461
    ,#12462,#12463,#12464),.UNSPECIFIED.,.T.,.F.) 
B_SPLINE_CURVE_WITH_KNOTS((1,2,2,2,2,1),(-2.094395102393,0.,
    2.094395102393,4.188790204786,6.28318530718,8.377580409573),
.UNSPECIFIED.) CURVE() GEOMETRIC_REPRESENTATION_ITEM() 
RATIONAL_B_SPLINE_CURVE((1.,0.5,1.,0.5,1.,0.5,1.)) REPRESENTATION_ITEM(
  '') );
#12458 = CARTESIAN_POINT('',(75.8,5.75));
#12459 = CARTESIAN_POINT('',(75.8,2.285898384862));
#12460 = CARTESIAN_POINT('',(72.8,4.017949192431));
#12461 = CARTESIAN_POINT('',(69.8,5.75));
#12462 = CARTESIAN_POINT('',(72.8,7.482050807569));
#12463 = CARTESIAN_POINT('',(75.8,9.214101615138));
#12464 = CARTESIAN_POINT('',(75.8,5.75));
#12465 = ( GEOMETRIC_REPRESENTATION_CONTEXT(2) 
PARAMETRIC_REPRESENTATION_CONTEXT() REPRESENTATION_CONTEXT('2D SPACE',''
  ) );
#12466 = PCURVE('',#12467,#12472);
#12467 = CYLINDRICAL_SURFACE('',#12468,2.);
#12468 = AXIS2_PLACEMENT_3D('',#12469,#12470,#12471);
#12469 = CARTESIAN_POINT('',(104.,-24.5,-50.));
#12470 = DIRECTION('',(-0.,-0.,-1.));
#12471 = DIRECTION('',(1.,0.,0.));
#12472 = DEFINITIONAL_REPRESENTATION('',(#12473),#12477);
#12473 = LINE('',#12474,#12475);
#12474 = CARTESIAN_POINT('',(-6.28318530718,-2.));
#12475 = VECTOR('',#12476,1.);
#12476 = DIRECTION('',(1.,-0.));
#12477 = ( GEOMETRIC_REPRESENTATION_CONTEXT(2) 
PARAMETRIC_REPRESENTATION_CONTEXT() REPRESENTATION_CONTEXT('2D SPACE',''
  ) );
#12478 = FACE_BOUND('',#12479,.F.);
#12479 = EDGE_LOOP('',(#12480));
#12480 = ORIENTED_EDGE('',*,*,#12481,.T.);
#12481 = EDGE_CURVE('',#12482,#12482,#12484,.T.);
#12482 = VERTEX_POINT('',#12483);
#12483 = CARTESIAN_POINT('',(106.,24.5,-48.));
#12484 = SURFACE_CURVE('',#12485,(#12490,#12501),.PCURVE_S1.);
#12485 = CIRCLE('',#12486,2.);
#12486 = AXIS2_PLACEMENT_3D('',#12487,#12488,#12489);
#12487 = CARTESIAN_POINT('',(104.,24.5,-48.));
#12488 = DIRECTION('',(0.,0.,-1.));
#12489 = DIRECTION('',(1.,0.,0.));
#12490 = PCURVE('',#8807,#12491);
#12491 = DEFINITIONAL_REPRESENTATION('',(#12492),#12500);
#12492 = ( BOUNDED_CURVE() B_SPLINE_CURVE(2,(#12493,#12494,#12495,#12496
    ,#12497,#12498,#12499),.UNSPECIFIED.,.T.,.F.) 
B_SPLINE_CURVE_WITH_KNOTS((1,2,2,2,2,1),(-2.094395102393,0.,
    2.094395102393,4.188790204786,6.28318530718,8.377580409573),
.UNSPECIFIED.) CURVE() GEOMETRIC_REPRESENTATION_ITEM() 
RATIONAL_B_SPLINE_CURVE((1.,0.5,1.,0.5,1.,0.5,1.)) REPRESENTATION_ITEM(
  '') );
#12493 = CARTESIAN_POINT('',(75.8,54.75));
#12494 = CARTESIAN_POINT('',(75.8,51.285898384862));
#12495 = CARTESIAN_POINT('',(72.8,53.017949192431));
#12496 = CARTESIAN_POINT('',(69.8,54.75));
#12497 = CARTESIAN_POINT('',(72.8,56.482050807569));
#12498 = CARTESIAN_POINT('',(75.8,58.214101615138));
#12499 = CARTESIAN_POINT('',(75.8,54.75));
#12500 = ( GEOMETRIC_REPRESENTATION_CONTEXT(2) 
PARAMETRIC_REPRESENTATION_CONTEXT() REPRESENTATION_CONTEXT('2D SPACE',''
  ) );
#12501 = PCURVE('',#12502,#12507);
#12502 = CYLINDRICAL_SURFACE('',#12503,2.);
#12503 = AXIS2_PLACEMENT_3D('',#12504,#12505,#12506);
#12504 = CARTESIAN_POINT('',(104.,24.5,-50.));
#12505 = DIRECTION('',(-0.,-0.,-1.));
#12506 = DIRECTION('',(1.,0.,0.));
#12507 = DEFINITIONAL_REPRESENTATION('',(#12508),#12512);
#12508 = LINE('',#12509,#12510);
#12509 = CARTESIAN_POINT('',(-6.28318530718,-2.));
#12510 = VECTOR('',#12511,1.);
#12511 = DIRECTION('',(1.,-0.));
#12512 = ( GEOMETRIC_REPRESENTATION_CONTEXT(2) 
PARAMETRIC_REPRESENTATION_CONTEXT() REPRESENTATION_CONTEXT('2D SPACE',''
  ) );
#12513 = ADVANCED_FACE('',(#12514),#8759,.T.);
#12514 = FACE_BOUND('',#12515,.T.);
#12515 = EDGE_LOOP('',(#12516,#12517,#12518,#12519));
#12516 = ORIENTED_EDGE('',*,*,#9322,.F.);
#12517 = ORIENTED_EDGE('',*,*,#12407,.T.);
#12518 = ORIENTED_EDGE('',*,*,#8743,.T.);
#12519 = ORIENTED_EDGE('',*,*,#11913,.T.);
#12520 = ADVANCED_FACE('',(#12521),#8950,.T.);
#12521 = FACE_BOUND('',#12522,.T.);
#12522 = EDGE_LOOP('',(#12523,#12544,#12545,#12564));
#12523 = ORIENTED_EDGE('',*,*,#12524,.F.);
#12524 = EDGE_CURVE('',#9481,#8934,#12525,.T.);
#12525 = SURFACE_CURVE('',#12526,(#12530,#12537),.PCURVE_S1.);
#12526 = LINE('',#12527,#12528);
#12527 = CARTESIAN_POINT('',(19.,20.,-23.));
#12528 = VECTOR('',#12529,1.);
#12529 = DIRECTION('',(1.,0.,0.));
#12530 = PCURVE('',#8950,#12531);
#12531 = DEFINITIONAL_REPRESENTATION('',(#12532),#12536);
#12532 = LINE('',#12533,#12534);
#12533 = CARTESIAN_POINT('',(0.,0.));
#12534 = VECTOR('',#12535,1.);
#12535 = DIRECTION('',(0.,1.));
#12536 = ( GEOMETRIC_REPRESENTATION_CONTEXT(2) 
PARAMETRIC_REPRESENTATION_CONTEXT() REPRESENTATION_CONTEXT('2D SPACE',''
  ) );
#12537 = PCURVE('',#8976,#12538);
#12538 = DEFINITIONAL_REPRESENTATION('',(#12539),#12543);
#12539 = LINE('',#12540,#12541);
#12540 = CARTESIAN_POINT('',(0.,40.));
#12541 = VECTOR('',#12542,1.);
#12542 = DIRECTION('',(1.,0.));
#12543 = ( GEOMETRIC_REPRESENTATION_CONTEXT(2) 
PARAMETRIC_REPRESENTATION_CONTEXT() REPRESENTATION_CONTEXT('2D SPACE',''
  ) );
#12544 = ORIENTED_EDGE('',*,*,#9480,.T.);
#12545 = ORIENTED_EDGE('',*,*,#12546,.T.);
#12546 = EDGE_CURVE('',#9483,#8936,#12547,.T.);
#12547 = SURFACE_CURVE('',#12548,(#12552,#12558),.PCURVE_S1.);
#12548 = LINE('',#12549,#12550);
#12549 = CARTESIAN_POINT('',(19.,20.,-20.));
#12550 = VECTOR('',#12551,1.);
#12551 = DIRECTION('',(1.,0.,0.));
#12552 = PCURVE('',#8950,#12553);
#12553 = DEFINITIONAL_REPRESENTATION('',(#12554),#12557);
#12554 = B_SPLINE_CURVE_WITH_KNOTS('',1,(#12555,#12556),.UNSPECIFIED.,
  .F.,.F.,(2,2),(78.,82.),.PIECEWISE_BEZIER_KNOTS.);
#12555 = CARTESIAN_POINT('',(3.,78.));
#12556 = CARTESIAN_POINT('',(3.,82.));
#12557 = ( GEOMETRIC_REPRESENTATION_CONTEXT(2) 
PARAMETRIC_REPRESENTATION_CONTEXT() REPRESENTATION_CONTEXT('2D SPACE',''
  ) );
#12558 = PCURVE('',#9234,#12559);
#12559 = DEFINITIONAL_REPRESENTATION('',(#12560),#12563);
#12560 = B_SPLINE_CURVE_WITH_KNOTS('',1,(#12561,#12562),.UNSPECIFIED.,
  .F.,.F.,(2,2),(78.,82.),.PIECEWISE_BEZIER_KNOTS.);
#12561 = CARTESIAN_POINT('',(78.,3.));
#12562 = CARTESIAN_POINT('',(82.,3.));
#12563 = ( GEOMETRIC_REPRESENTATION_CONTEXT(2) 
PARAMETRIC_REPRESENTATION_CONTEXT() REPRESENTATION_CONTEXT('2D SPACE',''
  ) );
#12564 = ORIENTED_EDGE('',*,*,#8933,.F.);
#12565 = ADVANCED_FACE('',(#12566),#8976,.F.);
#12566 = FACE_BOUND('',#12567,.F.);
#12567 = EDGE_LOOP('',(#12568,#12569,#12570,#12591));
#12568 = ORIENTED_EDGE('',*,*,#12524,.F.);
#12569 = ORIENTED_EDGE('',*,*,#9503,.T.);
#12570 = ORIENTED_EDGE('',*,*,#12571,.T.);
#12571 = EDGE_CURVE('',#9504,#8962,#12572,.T.);
#12572 = SURFACE_CURVE('',#12573,(#12577,#12584),.PCURVE_S1.);
#12573 = LINE('',#12574,#12575);
#12574 = CARTESIAN_POINT('',(19.,-20.,-23.));
#12575 = VECTOR('',#12576,1.);
#12576 = DIRECTION('',(1.,0.,0.));
#12577 = PCURVE('',#8976,#12578);
#12578 = DEFINITIONAL_REPRESENTATION('',(#12579),#12583);
#12579 = LINE('',#12580,#12581);
#12580 = CARTESIAN_POINT('',(0.,0.));
#12581 = VECTOR('',#12582,1.);
#12582 = DIRECTION('',(1.,0.));
#12583 = ( GEOMETRIC_REPRESENTATION_CONTEXT(2) 
PARAMETRIC_REPRESENTATION_CONTEXT() REPRESENTATION_CONTEXT('2D SPACE',''
  ) );
#12584 = PCURVE('',#9002,#12585);
#12585 = DEFINITIONAL_REPRESENTATION('',(#12586),#12590);
#12586 = LINE('',#12587,#12588);
#12587 = CARTESIAN_POINT('',(0.,0.));
#12588 = VECTOR('',#12589,1.);
#12589 = DIRECTION('',(0.,1.));
#12590 = ( GEOMETRIC_REPRESENTATION_CONTEXT(2) 
PARAMETRIC_REPRESENTATION_CONTEXT() REPRESENTATION_CONTEXT('2D SPACE',''
  ) );
#12591 = ORIENTED_EDGE('',*,*,#8961,.F.);
#12592 = ADVANCED_FACE('',(#12593),#9234,.T.);
#12593 = FACE_BOUND('',#12594,.T.);
#12594 = EDGE_LOOP('',(#12595,#12618,#12646,#12674,#12702,#12723,#12724,
    #12725,#12726,#12747,#12748,#12767));
#12595 = ORIENTED_EDGE('',*,*,#12596,.F.);
#12596 = EDGE_CURVE('',#12597,#10883,#12599,.T.);
#12597 = VERTEX_POINT('',#12598);
#12598 = CARTESIAN_POINT('',(19.,25.,-20.));
#12599 = SURFACE_CURVE('',#12600,(#12604,#12611),.PCURVE_S1.);
#12600 = LINE('',#12601,#12602);
#12601 = CARTESIAN_POINT('',(19.,25.,-20.));
#12602 = VECTOR('',#12603,1.);
#12603 = DIRECTION('',(1.,0.,0.));
#12604 = PCURVE('',#9234,#12605);
#12605 = DEFINITIONAL_REPRESENTATION('',(#12606),#12610);
#12606 = LINE('',#12607,#12608);
#12607 = CARTESIAN_POINT('',(0.,8.));
#12608 = VECTOR('',#12609,1.);
#12609 = DIRECTION('',(1.,0.));
#12610 = ( GEOMETRIC_REPRESENTATION_CONTEXT(2) 
PARAMETRIC_REPRESENTATION_CONTEXT() REPRESENTATION_CONTEXT('2D SPACE',''
  ) );
#12611 = PCURVE('',#10897,#12612);
#12612 = DEFINITIONAL_REPRESENTATION('',(#12613),#12617);
#12613 = LINE('',#12614,#12615);
#12614 = CARTESIAN_POINT('',(0.,0.));
#12615 = VECTOR('',#12616,1.);
#12616 = DIRECTION('',(0.,1.));
#12617 = ( GEOMETRIC_REPRESENTATION_CONTEXT(2) 
PARAMETRIC_REPRESENTATION_CONTEXT() REPRESENTATION_CONTEXT('2D SPACE',''
  ) );
#12618 = ORIENTED_EDGE('',*,*,#12619,.F.);
#12619 = EDGE_CURVE('',#12620,#12597,#12622,.T.);
#12620 = VERTEX_POINT('',#12621);
#12621 = CARTESIAN_POINT('',(19.,17.,-20.));
#12622 = SURFACE_CURVE('',#12623,(#12627,#12634),.PCURVE_S1.);
#12623 = LINE('',#12624,#12625);
#12624 = CARTESIAN_POINT('',(19.,17.,-20.));
#12625 = VECTOR('',#12626,1.);
#12626 = DIRECTION('',(0.,1.,0.));
#12627 = PCURVE('',#9234,#12628);
#12628 = DEFINITIONAL_REPRESENTATION('',(#12629),#12633);
#12629 = LINE('',#12630,#12631);
#12630 = CARTESIAN_POINT('',(0.,0.));
#12631 = VECTOR('',#12632,1.);
#12632 = DIRECTION('',(0.,1.));
#12633 = ( GEOMETRIC_REPRESENTATION_CONTEXT(2) 
PARAMETRIC_REPRESENTATION_CONTEXT() REPRESENTATION_CONTEXT('2D SPACE',''
  ) );
#12634 = PCURVE('',#12635,#12640);
#12635 = PLANE('',#12636);
#12636 = AXIS2_PLACEMENT_3D('',#12637,#12638,#12639);
#12637 = CARTESIAN_POINT('',(19.,17.,-20.));
#12638 = DIRECTION('',(1.,0.,0.));
#12639 = DIRECTION('',(0.,0.,1.));
#12640 = DEFINITIONAL_REPRESENTATION('',(#12641),#12645);
#12641 = LINE('',#12642,#12643);
#12642 = CARTESIAN_POINT('',(0.,0.));
#12643 = VECTOR('',#12644,1.);
#12644 = DIRECTION('',(0.,-1.));
#12645 = ( GEOMETRIC_REPRESENTATION_CONTEXT(2) 
PARAMETRIC_REPRESENTATION_CONTEXT() REPRESENTATION_CONTEXT('2D SPACE',''
  ) );
#12646 = ORIENTED_EDGE('',*,*,#12647,.T.);
#12647 = EDGE_CURVE('',#12620,#12648,#12650,.T.);
#12648 = VERTEX_POINT('',#12649);
#12649 = CARTESIAN_POINT('',(131.,17.,-20.));
#12650 = SURFACE_CURVE('',#12651,(#12655,#12662),.PCURVE_S1.);
#12651 = LINE('',#12652,#12653);
#12652 = CARTESIAN_POINT('',(19.,17.,-20.));
#12653 = VECTOR('',#12654,1.);
#12654 = DIRECTION('',(1.,0.,0.));
#12655 = PCURVE('',#9234,#12656);
#12656 = DEFINITIONAL_REPRESENTATION('',(#12657),#12661);
#12657 = LINE('',#12658,#12659);
#12658 = CARTESIAN_POINT('',(0.,0.));
#12659 = VECTOR('',#12660,1.);
#12660 = DIRECTION('',(1.,0.));
#12661 = ( GEOMETRIC_REPRESENTATION_CONTEXT(2) 
PARAMETRIC_REPRESENTATION_CONTEXT() REPRESENTATION_CONTEXT('2D SPACE',''
  ) );
#12662 = PCURVE('',#12663,#12668);
#12663 = PLANE('',#12664);
#12664 = AXIS2_PLACEMENT_3D('',#12665,#12666,#12667);
#12665 = CARTESIAN_POINT('',(19.,17.,-20.));
#12666 = DIRECTION('',(0.,1.,0.));
#12667 = DIRECTION('',(0.,0.,1.));
#12668 = DEFINITIONAL_REPRESENTATION('',(#12669),#12673);
#12669 = LINE('',#12670,#12671);
#12670 = CARTESIAN_POINT('',(0.,0.));
#12671 = VECTOR('',#12672,1.);
#12672 = DIRECTION('',(0.,1.));
#12673 = ( GEOMETRIC_REPRESENTATION_CONTEXT(2) 
PARAMETRIC_REPRESENTATION_CONTEXT() REPRESENTATION_CONTEXT('2D SPACE',''
  ) );
#12674 = ORIENTED_EDGE('',*,*,#12675,.T.);
#12675 = EDGE_CURVE('',#12648,#12676,#12678,.T.);
#12676 = VERTEX_POINT('',#12677);
#12677 = CARTESIAN_POINT('',(131.,25.,-20.));
#12678 = SURFACE_CURVE('',#12679,(#12683,#12690),.PCURVE_S1.);
#12679 = LINE('',#12680,#12681);
#12680 = CARTESIAN_POINT('',(131.,17.,-20.));
#12681 = VECTOR('',#12682,1.);
#12682 = DIRECTION('',(0.,1.,0.));
#12683 = PCURVE('',#9234,#12684);
#12684 = DEFINITIONAL_REPRESENTATION('',(#12685),#12689);
#12685 = LINE('',#12686,#12687);
#12686 = CARTESIAN_POINT('',(112.,0.));
#12687 = VECTOR('',#12688,1.);
#12688 = DIRECTION('',(0.,1.));
#12689 = ( GEOMETRIC_REPRESENTATION_CONTEXT(2) 
PARAMETRIC_REPRESENTATION_CONTEXT() REPRESENTATION_CONTEXT('2D SPACE',''
  ) );
#12690 = PCURVE('',#12691,#12696);
#12691 = PLANE('',#12692);
#12692 = AXIS2_PLACEMENT_3D('',#12693,#12694,#12695);
#12693 = CARTESIAN_POINT('',(131.,17.,-20.));
#12694 = DIRECTION('',(1.,0.,0.));
#12695 = DIRECTION('',(0.,0.,1.));
#12696 = DEFINITIONAL_REPRESENTATION('',(#12697),#12701);
#12697 = LINE('',#12698,#12699);
#12698 = CARTESIAN_POINT('',(0.,0.));
#12699 = VECTOR('',#12700,1.);
#12700 = DIRECTION('',(0.,-1.));
#12701 = ( GEOMETRIC_REPRESENTATION_CONTEXT(2) 
PARAMETRIC_REPRESENTATION_CONTEXT() REPRESENTATION_CONTEXT('2D SPACE',''
  ) );
#12702 = ORIENTED_EDGE('',*,*,#12703,.F.);
#12703 = EDGE_CURVE('',#9196,#12676,#12704,.T.);
#12704 = SURFACE_CURVE('',#12705,(#12709,#12716),.PCURVE_S1.);
#12705 = LINE('',#12706,#12707);
#12706 = CARTESIAN_POINT('',(19.,25.,-20.));
#12707 = VECTOR('',#12708,1.);
#12708 = DIRECTION('',(1.,0.,0.));
#12709 = PCURVE('',#9234,#12710);
#12710 = DEFINITIONAL_REPRESENTATION('',(#12711),#12715);
#12711 = LINE('',#12712,#12713);
#12712 = CARTESIAN_POINT('',(0.,8.));
#12713 = VECTOR('',#12714,1.);
#12714 = DIRECTION('',(1.,0.));
#12715 = ( GEOMETRIC_REPRESENTATION_CONTEXT(2) 
PARAMETRIC_REPRESENTATION_CONTEXT() REPRESENTATION_CONTEXT('2D SPACE',''
  ) );
#12716 = PCURVE('',#9210,#12717);
#12717 = DEFINITIONAL_REPRESENTATION('',(#12718),#12722);
#12718 = LINE('',#12719,#12720);
#12719 = CARTESIAN_POINT('',(0.,0.));
#12720 = VECTOR('',#12721,1.);
#12721 = DIRECTION('',(0.,1.));
#12722 = ( GEOMETRIC_REPRESENTATION_CONTEXT(2) 
PARAMETRIC_REPRESENTATION_CONTEXT() REPRESENTATION_CONTEXT('2D SPACE',''
  ) );
#12723 = ORIENTED_EDGE('',*,*,#9221,.T.);
#12724 = ORIENTED_EDGE('',*,*,#12546,.F.);
#12725 = ORIENTED_EDGE('',*,*,#9723,.F.);
#12726 = ORIENTED_EDGE('',*,*,#12727,.F.);
#12727 = EDGE_CURVE('',#10203,#9698,#12728,.T.);
#12728 = SURFACE_CURVE('',#12729,(#12733,#12740),.PCURVE_S1.);
#12729 = LINE('',#12730,#12731);
#12730 = CARTESIAN_POINT('',(19.,25.,-20.));
#12731 = VECTOR('',#12732,1.);
#12732 = DIRECTION('',(1.,0.,0.));
#12733 = PCURVE('',#9234,#12734);
#12734 = DEFINITIONAL_REPRESENTATION('',(#12735),#12739);
#12735 = LINE('',#12736,#12737);
#12736 = CARTESIAN_POINT('',(0.,8.));
#12737 = VECTOR('',#12738,1.);
#12738 = DIRECTION('',(1.,0.));
#12739 = ( GEOMETRIC_REPRESENTATION_CONTEXT(2) 
PARAMETRIC_REPRESENTATION_CONTEXT() REPRESENTATION_CONTEXT('2D SPACE',''
  ) );
#12740 = PCURVE('',#9712,#12741);
#12741 = DEFINITIONAL_REPRESENTATION('',(#12742),#12746);
#12742 = LINE('',#12743,#12744);
#12743 = CARTESIAN_POINT('',(0.,0.));
#12744 = VECTOR('',#12745,1.);
#12745 = DIRECTION('',(0.,1.));
#12746 = ( GEOMETRIC_REPRESENTATION_CONTEXT(2) 
PARAMETRIC_REPRESENTATION_CONTEXT() REPRESENTATION_CONTEXT('2D SPACE',''
  ) );
#12747 = ORIENTED_EDGE('',*,*,#10223,.T.);
#12748 = ORIENTED_EDGE('',*,*,#12749,.F.);
#12749 = EDGE_CURVE('',#10668,#9963,#12750,.T.);
#12750 = SURFACE_CURVE('',#12751,(#12755,#12761),.PCURVE_S1.);
#12751 = LINE('',#12752,#12753);
#12752 = CARTESIAN_POINT('',(19.,20.,-20.));
#12753 = VECTOR('',#12754,1.);
#12754 = DIRECTION('',(1.,0.,0.));
#12755 = PCURVE('',#9234,#12756);
#12756 = DEFINITIONAL_REPRESENTATION('',(#12757),#12760);
#12757 = B_SPLINE_CURVE_WITH_KNOTS('',1,(#12758,#12759),.UNSPECIFIED.,
  .F.,.F.,(2,2),(28.5,32.5),.PIECEWISE_BEZIER_KNOTS.);
#12758 = CARTESIAN_POINT('',(28.5,3.));
#12759 = CARTESIAN_POINT('',(32.5,3.));
#12760 = ( GEOMETRIC_REPRESENTATION_CONTEXT(2) 
PARAMETRIC_REPRESENTATION_CONTEXT() REPRESENTATION_CONTEXT('2D SPACE',''
  ) );
#12761 = PCURVE('',#9977,#12762);
#12762 = DEFINITIONAL_REPRESENTATION('',(#12763),#12766);
#12763 = B_SPLINE_CURVE_WITH_KNOTS('',1,(#12764,#12765),.UNSPECIFIED.,
  .F.,.F.,(2,2),(28.5,32.5),.PIECEWISE_BEZIER_KNOTS.);
#12764 = CARTESIAN_POINT('',(3.,28.5));
#12765 = CARTESIAN_POINT('',(3.,32.5));
#12766 = ( GEOMETRIC_REPRESENTATION_CONTEXT(2) 
PARAMETRIC_REPRESENTATION_CONTEXT() REPRESENTATION_CONTEXT('2D SPACE',''
  ) );
#12767 = ORIENTED_EDGE('',*,*,#10908,.F.);
#12768 = ADVANCED_FACE('',(#12769),#9002,.F.);
#12769 = FACE_BOUND('',#12770,.F.);
#12770 = EDGE_LOOP('',(#12771,#12772,#12773,#12792));
#12771 = ORIENTED_EDGE('',*,*,#12571,.F.);
#12772 = ORIENTED_EDGE('',*,*,#9524,.T.);
#12773 = ORIENTED_EDGE('',*,*,#12774,.T.);
#12774 = EDGE_CURVE('',#9525,#8988,#12775,.T.);
#12775 = SURFACE_CURVE('',#12776,(#12780,#12786),.PCURVE_S1.);
#12776 = LINE('',#12777,#12778);
#12777 = CARTESIAN_POINT('',(19.,-20.,-20.));
#12778 = VECTOR('',#12779,1.);
#12779 = DIRECTION('',(1.,0.,0.));
#12780 = PCURVE('',#9002,#12781);
#12781 = DEFINITIONAL_REPRESENTATION('',(#12782),#12785);
#12782 = B_SPLINE_CURVE_WITH_KNOTS('',1,(#12783,#12784),.UNSPECIFIED.,
  .F.,.F.,(2,2),(78.,82.),.PIECEWISE_BEZIER_KNOTS.);
#12783 = CARTESIAN_POINT('',(3.,78.));
#12784 = CARTESIAN_POINT('',(3.,82.));
#12785 = ( GEOMETRIC_REPRESENTATION_CONTEXT(2) 
PARAMETRIC_REPRESENTATION_CONTEXT() REPRESENTATION_CONTEXT('2D SPACE',''
  ) );
#12786 = PCURVE('',#9028,#12787);
#12787 = DEFINITIONAL_REPRESENTATION('',(#12788),#12791);
#12788 = B_SPLINE_CURVE_WITH_KNOTS('',1,(#12789,#12790),.UNSPECIFIED.,
  .F.,.F.,(2,2),(78.,82.),.PIECEWISE_BEZIER_KNOTS.);
#12789 = CARTESIAN_POINT('',(78.,5.));
#12790 = CARTESIAN_POINT('',(82.,5.));
#12791 = ( GEOMETRIC_REPRESENTATION_CONTEXT(2) 
PARAMETRIC_REPRESENTATION_CONTEXT() REPRESENTATION_CONTEXT('2D SPACE',''
  ) );
#12792 = ORIENTED_EDGE('',*,*,#8987,.F.);
#12793 = ADVANCED_FACE('',(#12794),#9210,.F.);
#12794 = FACE_BOUND('',#12795,.F.);
#12795 = EDGE_LOOP('',(#12796,#12797,#12798,#12821));
#12796 = ORIENTED_EDGE('',*,*,#12703,.F.);
#12797 = ORIENTED_EDGE('',*,*,#9195,.T.);
#12798 = ORIENTED_EDGE('',*,*,#12799,.T.);
#12799 = EDGE_CURVE('',#9170,#12800,#12802,.T.);
#12800 = VERTEX_POINT('',#12801);
#12801 = CARTESIAN_POINT('',(131.,25.,-14.));
#12802 = SURFACE_CURVE('',#12803,(#12807,#12814),.PCURVE_S1.);
#12803 = LINE('',#12804,#12805);
#12804 = CARTESIAN_POINT('',(19.,25.,-14.));
#12805 = VECTOR('',#12806,1.);
#12806 = DIRECTION('',(1.,0.,0.));
#12807 = PCURVE('',#9210,#12808);
#12808 = DEFINITIONAL_REPRESENTATION('',(#12809),#12813);
#12809 = LINE('',#12810,#12811);
#12810 = CARTESIAN_POINT('',(6.,0.));
#12811 = VECTOR('',#12812,1.);
#12812 = DIRECTION('',(0.,1.));
#12813 = ( GEOMETRIC_REPRESENTATION_CONTEXT(2) 
PARAMETRIC_REPRESENTATION_CONTEXT() REPRESENTATION_CONTEXT('2D SPACE',''
  ) );
#12814 = PCURVE('',#9184,#12815);
#12815 = DEFINITIONAL_REPRESENTATION('',(#12816),#12820);
#12816 = LINE('',#12817,#12818);
#12817 = CARTESIAN_POINT('',(0.,8.));
#12818 = VECTOR('',#12819,1.);
#12819 = DIRECTION('',(1.,0.));
#12820 = ( GEOMETRIC_REPRESENTATION_CONTEXT(2) 
PARAMETRIC_REPRESENTATION_CONTEXT() REPRESENTATION_CONTEXT('2D SPACE',''
  ) );
#12821 = ORIENTED_EDGE('',*,*,#12822,.F.);
#12822 = EDGE_CURVE('',#12676,#12800,#12823,.T.);
#12823 = SURFACE_CURVE('',#12824,(#12828,#12835),.PCURVE_S1.);
#12824 = LINE('',#12825,#12826);
#12825 = CARTESIAN_POINT('',(131.,25.,-20.));
#12826 = VECTOR('',#12827,1.);
#12827 = DIRECTION('',(0.,0.,1.));
#12828 = PCURVE('',#9210,#12829);
#12829 = DEFINITIONAL_REPRESENTATION('',(#12830),#12834);
#12830 = LINE('',#12831,#12832);
#12831 = CARTESIAN_POINT('',(0.,112.));
#12832 = VECTOR('',#12833,1.);
#12833 = DIRECTION('',(1.,0.));
#12834 = ( GEOMETRIC_REPRESENTATION_CONTEXT(2) 
PARAMETRIC_REPRESENTATION_CONTEXT() REPRESENTATION_CONTEXT('2D SPACE',''
  ) );
#12835 = PCURVE('',#12691,#12836);
#12836 = DEFINITIONAL_REPRESENTATION('',(#12837),#12841);
#12837 = LINE('',#12838,#12839);
#12838 = CARTESIAN_POINT('',(0.,-8.));
#12839 = VECTOR('',#12840,1.);
#12840 = DIRECTION('',(1.,0.));
#12841 = ( GEOMETRIC_REPRESENTATION_CONTEXT(2) 
PARAMETRIC_REPRESENTATION_CONTEXT() REPRESENTATION_CONTEXT('2D SPACE',''
  ) );
#12842 = ADVANCED_FACE('',(#12843),#9028,.T.);
#12843 = FACE_BOUND('',#12844,.T.);
#12844 = EDGE_LOOP('',(#12845,#12875,#12903,#12924,#12925,#12944,#12945,
    #12966,#12967,#12968,#12969,#12992));
#12845 = ORIENTED_EDGE('',*,*,#12846,.F.);
#12846 = EDGE_CURVE('',#12847,#12849,#12851,.T.);
#12847 = VERTEX_POINT('',#12848);
#12848 = CARTESIAN_POINT('',(19.,-17.,-20.));
#12849 = VERTEX_POINT('',#12850);
#12850 = CARTESIAN_POINT('',(131.,-17.,-20.));
#12851 = SURFACE_CURVE('',#12852,(#12856,#12863),.PCURVE_S1.);
#12852 = LINE('',#12853,#12854);
#12853 = CARTESIAN_POINT('',(19.,-17.,-20.));
#12854 = VECTOR('',#12855,1.);
#12855 = DIRECTION('',(1.,0.,0.));
#12856 = PCURVE('',#9028,#12857);
#12857 = DEFINITIONAL_REPRESENTATION('',(#12858),#12862);
#12858 = LINE('',#12859,#12860);
#12859 = CARTESIAN_POINT('',(0.,8.));
#12860 = VECTOR('',#12861,1.);
#12861 = DIRECTION('',(1.,0.));
#12862 = ( GEOMETRIC_REPRESENTATION_CONTEXT(2) 
PARAMETRIC_REPRESENTATION_CONTEXT() REPRESENTATION_CONTEXT('2D SPACE',''
  ) );
#12863 = PCURVE('',#12864,#12869);
#12864 = PLANE('',#12865);
#12865 = AXIS2_PLACEMENT_3D('',#12866,#12867,#12868);
#12866 = CARTESIAN_POINT('',(19.,-17.,-20.));
#12867 = DIRECTION('',(0.,1.,0.));
#12868 = DIRECTION('',(0.,0.,1.));
#12869 = DEFINITIONAL_REPRESENTATION('',(#12870),#12874);
#12870 = LINE('',#12871,#12872);
#12871 = CARTESIAN_POINT('',(0.,0.));
#12872 = VECTOR('',#12873,1.);
#12873 = DIRECTION('',(0.,1.));
#12874 = ( GEOMETRIC_REPRESENTATION_CONTEXT(2) 
PARAMETRIC_REPRESENTATION_CONTEXT() REPRESENTATION_CONTEXT('2D SPACE',''
  ) );
#12875 = ORIENTED_EDGE('',*,*,#12876,.F.);
#12876 = EDGE_CURVE('',#12877,#12847,#12879,.T.);
#12877 = VERTEX_POINT('',#12878);
#12878 = CARTESIAN_POINT('',(19.,-25.,-20.));
#12879 = SURFACE_CURVE('',#12880,(#12884,#12891),.PCURVE_S1.);
#12880 = LINE('',#12881,#12882);
#12881 = CARTESIAN_POINT('',(19.,-25.,-20.));
#12882 = VECTOR('',#12883,1.);
#12883 = DIRECTION('',(0.,1.,0.));
#12884 = PCURVE('',#9028,#12885);
#12885 = DEFINITIONAL_REPRESENTATION('',(#12886),#12890);
#12886 = LINE('',#12887,#12888);
#12887 = CARTESIAN_POINT('',(0.,0.));
#12888 = VECTOR('',#12889,1.);
#12889 = DIRECTION('',(0.,1.));
#12890 = ( GEOMETRIC_REPRESENTATION_CONTEXT(2) 
PARAMETRIC_REPRESENTATION_CONTEXT() REPRESENTATION_CONTEXT('2D SPACE',''
  ) );
#12891 = PCURVE('',#12892,#12897);
#12892 = PLANE('',#12893);
#12893 = AXIS2_PLACEMENT_3D('',#12894,#12895,#12896);
#12894 = CARTESIAN_POINT('',(19.,-25.,-20.));
#12895 = DIRECTION('',(1.,0.,0.));
#12896 = DIRECTION('',(0.,0.,1.));
#12897 = DEFINITIONAL_REPRESENTATION('',(#12898),#12902);
#12898 = LINE('',#12899,#12900);
#12899 = CARTESIAN_POINT('',(0.,0.));
#12900 = VECTOR('',#12901,1.);
#12901 = DIRECTION('',(0.,-1.));
#12902 = ( GEOMETRIC_REPRESENTATION_CONTEXT(2) 
PARAMETRIC_REPRESENTATION_CONTEXT() REPRESENTATION_CONTEXT('2D SPACE',''
  ) );
#12903 = ORIENTED_EDGE('',*,*,#12904,.T.);
#12904 = EDGE_CURVE('',#12877,#10731,#12905,.T.);
#12905 = SURFACE_CURVE('',#12906,(#12910,#12917),.PCURVE_S1.);
#12906 = LINE('',#12907,#12908);
#12907 = CARTESIAN_POINT('',(19.,-25.,-20.));
#12908 = VECTOR('',#12909,1.);
#12909 = DIRECTION('',(1.,0.,0.));
#12910 = PCURVE('',#9028,#12911);
#12911 = DEFINITIONAL_REPRESENTATION('',(#12912),#12916);
#12912 = LINE('',#12913,#12914);
#12913 = CARTESIAN_POINT('',(0.,0.));
#12914 = VECTOR('',#12915,1.);
#12915 = DIRECTION('',(1.,0.));
#12916 = ( GEOMETRIC_REPRESENTATION_CONTEXT(2) 
PARAMETRIC_REPRESENTATION_CONTEXT() REPRESENTATION_CONTEXT('2D SPACE',''
  ) );
#12917 = PCURVE('',#10766,#12918);
#12918 = DEFINITIONAL_REPRESENTATION('',(#12919),#12923);
#12919 = LINE('',#12920,#12921);
#12920 = CARTESIAN_POINT('',(0.,0.));
#12921 = VECTOR('',#12922,1.);
#12922 = DIRECTION('',(0.,1.));
#12923 = ( GEOMETRIC_REPRESENTATION_CONTEXT(2) 
PARAMETRIC_REPRESENTATION_CONTEXT() REPRESENTATION_CONTEXT('2D SPACE',''
  ) );
#12924 = ORIENTED_EDGE('',*,*,#10730,.F.);
#12925 = ORIENTED_EDGE('',*,*,#12926,.T.);
#12926 = EDGE_CURVE('',#10710,#10015,#12927,.T.);
#12927 = SURFACE_CURVE('',#12928,(#12932,#12938),.PCURVE_S1.);
#12928 = LINE('',#12929,#12930);
#12929 = CARTESIAN_POINT('',(19.,-20.,-20.));
#12930 = VECTOR('',#12931,1.);
#12931 = DIRECTION('',(1.,0.,0.));
#12932 = PCURVE('',#9028,#12933);
#12933 = DEFINITIONAL_REPRESENTATION('',(#12934),#12937);
#12934 = B_SPLINE_CURVE_WITH_KNOTS('',1,(#12935,#12936),.UNSPECIFIED.,
  .F.,.F.,(2,2),(28.5,32.5),.PIECEWISE_BEZIER_KNOTS.);
#12935 = CARTESIAN_POINT('',(28.5,5.));
#12936 = CARTESIAN_POINT('',(32.5,5.));
#12937 = ( GEOMETRIC_REPRESENTATION_CONTEXT(2) 
PARAMETRIC_REPRESENTATION_CONTEXT() REPRESENTATION_CONTEXT('2D SPACE',''
  ) );
#12938 = PCURVE('',#10029,#12939);
#12939 = DEFINITIONAL_REPRESENTATION('',(#12940),#12943);
#12940 = B_SPLINE_CURVE_WITH_KNOTS('',1,(#12941,#12942),.UNSPECIFIED.,
  .F.,.F.,(2,2),(28.5,32.5),.PIECEWISE_BEZIER_KNOTS.);
#12941 = CARTESIAN_POINT('',(3.,28.5));
#12942 = CARTESIAN_POINT('',(3.,32.5));
#12943 = ( GEOMETRIC_REPRESENTATION_CONTEXT(2) 
PARAMETRIC_REPRESENTATION_CONTEXT() REPRESENTATION_CONTEXT('2D SPACE',''
  ) );
#12944 = ORIENTED_EDGE('',*,*,#10040,.T.);
#12945 = ORIENTED_EDGE('',*,*,#12946,.T.);
#12946 = EDGE_CURVE('',#10041,#9546,#12947,.T.);
#12947 = SURFACE_CURVE('',#12948,(#12952,#12959),.PCURVE_S1.);
#12948 = LINE('',#12949,#12950);
#12949 = CARTESIAN_POINT('',(19.,-25.,-20.));
#12950 = VECTOR('',#12951,1.);
#12951 = DIRECTION('',(1.,0.,0.));
#12952 = PCURVE('',#9028,#12953);
#12953 = DEFINITIONAL_REPRESENTATION('',(#12954),#12958);
#12954 = LINE('',#12955,#12956);
#12955 = CARTESIAN_POINT('',(0.,0.));
#12956 = VECTOR('',#12957,1.);
#12957 = DIRECTION('',(1.,0.));
#12958 = ( GEOMETRIC_REPRESENTATION_CONTEXT(2) 
PARAMETRIC_REPRESENTATION_CONTEXT() REPRESENTATION_CONTEXT('2D SPACE',''
  ) );
#12959 = PCURVE('',#9581,#12960);
#12960 = DEFINITIONAL_REPRESENTATION('',(#12961),#12965);
#12961 = LINE('',#12962,#12963);
#12962 = CARTESIAN_POINT('',(0.,0.));
#12963 = VECTOR('',#12964,1.);
#12964 = DIRECTION('',(0.,1.));
#12965 = ( GEOMETRIC_REPRESENTATION_CONTEXT(2) 
PARAMETRIC_REPRESENTATION_CONTEXT() REPRESENTATION_CONTEXT('2D SPACE',''
  ) );
#12966 = ORIENTED_EDGE('',*,*,#9545,.F.);
#12967 = ORIENTED_EDGE('',*,*,#12774,.T.);
#12968 = ORIENTED_EDGE('',*,*,#9013,.T.);
#12969 = ORIENTED_EDGE('',*,*,#12970,.T.);
#12970 = EDGE_CURVE('',#9014,#12971,#12973,.T.);
#12971 = VERTEX_POINT('',#12972);
#12972 = CARTESIAN_POINT('',(131.,-25.,-20.));
#12973 = SURFACE_CURVE('',#12974,(#12978,#12985),.PCURVE_S1.);
#12974 = LINE('',#12975,#12976);
#12975 = CARTESIAN_POINT('',(19.,-25.,-20.));
#12976 = VECTOR('',#12977,1.);
#12977 = DIRECTION('',(1.,0.,0.));
#12978 = PCURVE('',#9028,#12979);
#12979 = DEFINITIONAL_REPRESENTATION('',(#12980),#12984);
#12980 = LINE('',#12981,#12982);
#12981 = CARTESIAN_POINT('',(0.,0.));
#12982 = VECTOR('',#12983,1.);
#12983 = DIRECTION('',(1.,0.));
#12984 = ( GEOMETRIC_REPRESENTATION_CONTEXT(2) 
PARAMETRIC_REPRESENTATION_CONTEXT() REPRESENTATION_CONTEXT('2D SPACE',''
  ) );
#12985 = PCURVE('',#9054,#12986);
#12986 = DEFINITIONAL_REPRESENTATION('',(#12987),#12991);
#12987 = LINE('',#12988,#12989);
#12988 = CARTESIAN_POINT('',(0.,0.));
#12989 = VECTOR('',#12990,1.);
#12990 = DIRECTION('',(0.,1.));
#12991 = ( GEOMETRIC_REPRESENTATION_CONTEXT(2) 
PARAMETRIC_REPRESENTATION_CONTEXT() REPRESENTATION_CONTEXT('2D SPACE',''
  ) );
#12992 = ORIENTED_EDGE('',*,*,#12993,.T.);
#12993 = EDGE_CURVE('',#12971,#12849,#12994,.T.);
#12994 = SURFACE_CURVE('',#12995,(#12999,#13006),.PCURVE_S1.);
#12995 = LINE('',#12996,#12997);
#12996 = CARTESIAN_POINT('',(131.,-25.,-20.));
#12997 = VECTOR('',#12998,1.);
#12998 = DIRECTION('',(0.,1.,0.));
#12999 = PCURVE('',#9028,#13000);
#13000 = DEFINITIONAL_REPRESENTATION('',(#13001),#13005);
#13001 = LINE('',#13002,#13003);
#13002 = CARTESIAN_POINT('',(112.,0.));
#13003 = VECTOR('',#13004,1.);
#13004 = DIRECTION('',(0.,1.));
#13005 = ( GEOMETRIC_REPRESENTATION_CONTEXT(2) 
PARAMETRIC_REPRESENTATION_CONTEXT() REPRESENTATION_CONTEXT('2D SPACE',''
  ) );
#13006 = PCURVE('',#13007,#13012);
#13007 = PLANE('',#13008);
#13008 = AXIS2_PLACEMENT_3D('',#13009,#13010,#13011);
#13009 = CARTESIAN_POINT('',(131.,-25.,-20.));
#13010 = DIRECTION('',(1.,0.,0.));
#13011 = DIRECTION('',(0.,0.,1.));
#13012 = DEFINITIONAL_REPRESENTATION('',(#13013),#13017);
#13013 = LINE('',#13014,#13015);
#13014 = CARTESIAN_POINT('',(0.,0.));
#13015 = VECTOR('',#13016,1.);
#13016 = DIRECTION('',(0.,-1.));
#13017 = ( GEOMETRIC_REPRESENTATION_CONTEXT(2) 
PARAMETRIC_REPRESENTATION_CONTEXT() REPRESENTATION_CONTEXT('2D SPACE',''
  ) );
#13018 = ADVANCED_FACE('',(#13019),#9184,.F.);
#13019 = FACE_BOUND('',#13020,.F.);
#13020 = EDGE_LOOP('',(#13021,#13044,#13067,#13090,#13111,#13112,#13113,
    #13132,#13133,#13154,#13155,#13174));
#13021 = ORIENTED_EDGE('',*,*,#13022,.F.);
#13022 = EDGE_CURVE('',#13023,#10862,#13025,.T.);
#13023 = VERTEX_POINT('',#13024);
#13024 = CARTESIAN_POINT('',(19.,25.,-14.));
#13025 = SURFACE_CURVE('',#13026,(#13030,#13037),.PCURVE_S1.);
#13026 = LINE('',#13027,#13028);
#13027 = CARTESIAN_POINT('',(19.,25.,-14.));
#13028 = VECTOR('',#13029,1.);
#13029 = DIRECTION('',(1.,0.,0.));
#13030 = PCURVE('',#9184,#13031);
#13031 = DEFINITIONAL_REPRESENTATION('',(#13032),#13036);
#13032 = LINE('',#13033,#13034);
#13033 = CARTESIAN_POINT('',(0.,8.));
#13034 = VECTOR('',#13035,1.);
#13035 = DIRECTION('',(1.,0.));
#13036 = ( GEOMETRIC_REPRESENTATION_CONTEXT(2) 
PARAMETRIC_REPRESENTATION_CONTEXT() REPRESENTATION_CONTEXT('2D SPACE',''
  ) );
#13037 = PCURVE('',#10897,#13038);
#13038 = DEFINITIONAL_REPRESENTATION('',(#13039),#13043);
#13039 = LINE('',#13040,#13041);
#13040 = CARTESIAN_POINT('',(6.,0.));
#13041 = VECTOR('',#13042,1.);
#13042 = DIRECTION('',(0.,1.));
#13043 = ( GEOMETRIC_REPRESENTATION_CONTEXT(2) 
PARAMETRIC_REPRESENTATION_CONTEXT() REPRESENTATION_CONTEXT('2D SPACE',''
  ) );
#13044 = ORIENTED_EDGE('',*,*,#13045,.F.);
#13045 = EDGE_CURVE('',#13046,#13023,#13048,.T.);
#13046 = VERTEX_POINT('',#13047);
#13047 = CARTESIAN_POINT('',(19.,17.,-14.));
#13048 = SURFACE_CURVE('',#13049,(#13053,#13060),.PCURVE_S1.);
#13049 = LINE('',#13050,#13051);
#13050 = CARTESIAN_POINT('',(19.,17.,-14.));
#13051 = VECTOR('',#13052,1.);
#13052 = DIRECTION('',(0.,1.,0.));
#13053 = PCURVE('',#9184,#13054);
#13054 = DEFINITIONAL_REPRESENTATION('',(#13055),#13059);
#13055 = LINE('',#13056,#13057);
#13056 = CARTESIAN_POINT('',(0.,0.));
#13057 = VECTOR('',#13058,1.);
#13058 = DIRECTION('',(0.,1.));
#13059 = ( GEOMETRIC_REPRESENTATION_CONTEXT(2) 
PARAMETRIC_REPRESENTATION_CONTEXT() REPRESENTATION_CONTEXT('2D SPACE',''
  ) );
#13060 = PCURVE('',#12635,#13061);
#13061 = DEFINITIONAL_REPRESENTATION('',(#13062),#13066);
#13062 = LINE('',#13063,#13064);
#13063 = CARTESIAN_POINT('',(6.,0.));
#13064 = VECTOR('',#13065,1.);
#13065 = DIRECTION('',(0.,-1.));
#13066 = ( GEOMETRIC_REPRESENTATION_CONTEXT(2) 
PARAMETRIC_REPRESENTATION_CONTEXT() REPRESENTATION_CONTEXT('2D SPACE',''
  ) );
#13067 = ORIENTED_EDGE('',*,*,#13068,.T.);
#13068 = EDGE_CURVE('',#13046,#13069,#13071,.T.);
#13069 = VERTEX_POINT('',#13070);
#13070 = CARTESIAN_POINT('',(131.,17.,-14.));
#13071 = SURFACE_CURVE('',#13072,(#13076,#13083),.PCURVE_S1.);
#13072 = LINE('',#13073,#13074);
#13073 = CARTESIAN_POINT('',(19.,17.,-14.));
#13074 = VECTOR('',#13075,1.);
#13075 = DIRECTION('',(1.,0.,0.));
#13076 = PCURVE('',#9184,#13077);
#13077 = DEFINITIONAL_REPRESENTATION('',(#13078),#13082);
#13078 = LINE('',#13079,#13080);
#13079 = CARTESIAN_POINT('',(0.,0.));
#13080 = VECTOR('',#13081,1.);
#13081 = DIRECTION('',(1.,0.));
#13082 = ( GEOMETRIC_REPRESENTATION_CONTEXT(2) 
PARAMETRIC_REPRESENTATION_CONTEXT() REPRESENTATION_CONTEXT('2D SPACE',''
  ) );
#13083 = PCURVE('',#12663,#13084);
#13084 = DEFINITIONAL_REPRESENTATION('',(#13085),#13089);
#13085 = LINE('',#13086,#13087);
#13086 = CARTESIAN_POINT('',(6.,0.));
#13087 = VECTOR('',#13088,1.);
#13088 = DIRECTION('',(0.,1.));
#13089 = ( GEOMETRIC_REPRESENTATION_CONTEXT(2) 
PARAMETRIC_REPRESENTATION_CONTEXT() REPRESENTATION_CONTEXT('2D SPACE',''
  ) );
#13090 = ORIENTED_EDGE('',*,*,#13091,.T.);
#13091 = EDGE_CURVE('',#13069,#12800,#13092,.T.);
#13092 = SURFACE_CURVE('',#13093,(#13097,#13104),.PCURVE_S1.);
#13093 = LINE('',#13094,#13095);
#13094 = CARTESIAN_POINT('',(131.,17.,-14.));
#13095 = VECTOR('',#13096,1.);
#13096 = DIRECTION('',(0.,1.,0.));
#13097 = PCURVE('',#9184,#13098);
#13098 = DEFINITIONAL_REPRESENTATION('',(#13099),#13103);
#13099 = LINE('',#13100,#13101);
#13100 = CARTESIAN_POINT('',(112.,0.));
#13101 = VECTOR('',#13102,1.);
#13102 = DIRECTION('',(0.,1.));
#13103 = ( GEOMETRIC_REPRESENTATION_CONTEXT(2) 
PARAMETRIC_REPRESENTATION_CONTEXT() REPRESENTATION_CONTEXT('2D SPACE',''
  ) );
#13104 = PCURVE('',#12691,#13105);
#13105 = DEFINITIONAL_REPRESENTATION('',(#13106),#13110);
#13106 = LINE('',#13107,#13108);
#13107 = CARTESIAN_POINT('',(6.,0.));
#13108 = VECTOR('',#13109,1.);
#13109 = DIRECTION('',(0.,-1.));
#13110 = ( GEOMETRIC_REPRESENTATION_CONTEXT(2) 
PARAMETRIC_REPRESENTATION_CONTEXT() REPRESENTATION_CONTEXT('2D SPACE',''
  ) );
#13111 = ORIENTED_EDGE('',*,*,#12799,.F.);
#13112 = ORIENTED_EDGE('',*,*,#9169,.T.);
#13113 = ORIENTED_EDGE('',*,*,#13114,.F.);
#13114 = EDGE_CURVE('',#9656,#9144,#13115,.T.);
#13115 = SURFACE_CURVE('',#13116,(#13120,#13126),.PCURVE_S1.);
#13116 = LINE('',#13117,#13118);
#13117 = CARTESIAN_POINT('',(19.,20.,-14.));
#13118 = VECTOR('',#13119,1.);
#13119 = DIRECTION('',(1.,0.,0.));
#13120 = PCURVE('',#9184,#13121);
#13121 = DEFINITIONAL_REPRESENTATION('',(#13122),#13125);
#13122 = B_SPLINE_CURVE_WITH_KNOTS('',1,(#13123,#13124),.UNSPECIFIED.,
  .F.,.F.,(2,2),(78.,82.),.PIECEWISE_BEZIER_KNOTS.);
#13123 = CARTESIAN_POINT('',(78.,3.));
#13124 = CARTESIAN_POINT('',(82.,3.));
#13125 = ( GEOMETRIC_REPRESENTATION_CONTEXT(2) 
PARAMETRIC_REPRESENTATION_CONTEXT() REPRESENTATION_CONTEXT('2D SPACE',''
  ) );
#13126 = PCURVE('',#9158,#13127);
#13127 = DEFINITIONAL_REPRESENTATION('',(#13128),#13131);
#13128 = B_SPLINE_CURVE_WITH_KNOTS('',1,(#13129,#13130),.UNSPECIFIED.,
  .F.,.F.,(2,2),(78.,82.),.PIECEWISE_BEZIER_KNOTS.);
#13129 = CARTESIAN_POINT('',(9.,78.));
#13130 = CARTESIAN_POINT('',(9.,82.));
#13131 = ( GEOMETRIC_REPRESENTATION_CONTEXT(2) 
PARAMETRIC_REPRESENTATION_CONTEXT() REPRESENTATION_CONTEXT('2D SPACE',''
  ) );
#13132 = ORIENTED_EDGE('',*,*,#9676,.F.);
#13133 = ORIENTED_EDGE('',*,*,#13134,.F.);
#13134 = EDGE_CURVE('',#10182,#9677,#13135,.T.);
#13135 = SURFACE_CURVE('',#13136,(#13140,#13147),.PCURVE_S1.);
#13136 = LINE('',#13137,#13138);
#13137 = CARTESIAN_POINT('',(19.,25.,-14.));
#13138 = VECTOR('',#13139,1.);
#13139 = DIRECTION('',(1.,0.,0.));
#13140 = PCURVE('',#9184,#13141);
#13141 = DEFINITIONAL_REPRESENTATION('',(#13142),#13146);
#13142 = LINE('',#13143,#13144);
#13143 = CARTESIAN_POINT('',(0.,8.));
#13144 = VECTOR('',#13145,1.);
#13145 = DIRECTION('',(1.,0.));
#13146 = ( GEOMETRIC_REPRESENTATION_CONTEXT(2) 
PARAMETRIC_REPRESENTATION_CONTEXT() REPRESENTATION_CONTEXT('2D SPACE',''
  ) );
#13147 = PCURVE('',#9712,#13148);
#13148 = DEFINITIONAL_REPRESENTATION('',(#13149),#13153);
#13149 = LINE('',#13150,#13151);
#13150 = CARTESIAN_POINT('',(6.,0.));
#13151 = VECTOR('',#13152,1.);
#13152 = DIRECTION('',(0.,1.));
#13153 = ( GEOMETRIC_REPRESENTATION_CONTEXT(2) 
PARAMETRIC_REPRESENTATION_CONTEXT() REPRESENTATION_CONTEXT('2D SPACE',''
  ) );
#13154 = ORIENTED_EDGE('',*,*,#10181,.T.);
#13155 = ORIENTED_EDGE('',*,*,#13156,.F.);
#13156 = EDGE_CURVE('',#10841,#10156,#13157,.T.);
#13157 = SURFACE_CURVE('',#13158,(#13162,#13168),.PCURVE_S1.);
#13158 = LINE('',#13159,#13160);
#13159 = CARTESIAN_POINT('',(19.,20.,-14.));
#13160 = VECTOR('',#13161,1.);
#13161 = DIRECTION('',(1.,0.,0.));
#13162 = PCURVE('',#9184,#13163);
#13163 = DEFINITIONAL_REPRESENTATION('',(#13164),#13167);
#13164 = B_SPLINE_CURVE_WITH_KNOTS('',1,(#13165,#13166),.UNSPECIFIED.,
  .F.,.F.,(2,2),(28.5,32.5),.PIECEWISE_BEZIER_KNOTS.);
#13165 = CARTESIAN_POINT('',(28.5,3.));
#13166 = CARTESIAN_POINT('',(32.5,3.));
#13167 = ( GEOMETRIC_REPRESENTATION_CONTEXT(2) 
PARAMETRIC_REPRESENTATION_CONTEXT() REPRESENTATION_CONTEXT('2D SPACE',''
  ) );
#13168 = PCURVE('',#10170,#13169);
#13169 = DEFINITIONAL_REPRESENTATION('',(#13170),#13173);
#13170 = B_SPLINE_CURVE_WITH_KNOTS('',1,(#13171,#13172),.UNSPECIFIED.,
  .F.,.F.,(2,2),(28.5,32.5),.PIECEWISE_BEZIER_KNOTS.);
#13171 = CARTESIAN_POINT('',(9.,28.5));
#13172 = CARTESIAN_POINT('',(9.,32.5));
#13173 = ( GEOMETRIC_REPRESENTATION_CONTEXT(2) 
PARAMETRIC_REPRESENTATION_CONTEXT() REPRESENTATION_CONTEXT('2D SPACE',''
  ) );
#13174 = ORIENTED_EDGE('',*,*,#10861,.F.);
#13175 = ADVANCED_FACE('',(#13176),#9054,.T.);
#13176 = FACE_BOUND('',#13177,.T.);
#13177 = EDGE_LOOP('',(#13178,#13179,#13180,#13203));
#13178 = ORIENTED_EDGE('',*,*,#12970,.F.);
#13179 = ORIENTED_EDGE('',*,*,#9039,.T.);
#13180 = ORIENTED_EDGE('',*,*,#13181,.T.);
#13181 = EDGE_CURVE('',#9040,#13182,#13184,.T.);
#13182 = VERTEX_POINT('',#13183);
#13183 = CARTESIAN_POINT('',(131.,-25.,-14.));
#13184 = SURFACE_CURVE('',#13185,(#13189,#13196),.PCURVE_S1.);
#13185 = LINE('',#13186,#13187);
#13186 = CARTESIAN_POINT('',(19.,-25.,-14.));
#13187 = VECTOR('',#13188,1.);
#13188 = DIRECTION('',(1.,0.,0.));
#13189 = PCURVE('',#9054,#13190);
#13190 = DEFINITIONAL_REPRESENTATION('',(#13191),#13195);
#13191 = LINE('',#13192,#13193);
#13192 = CARTESIAN_POINT('',(6.,0.));
#13193 = VECTOR('',#13194,1.);
#13194 = DIRECTION('',(0.,1.));
#13195 = ( GEOMETRIC_REPRESENTATION_CONTEXT(2) 
PARAMETRIC_REPRESENTATION_CONTEXT() REPRESENTATION_CONTEXT('2D SPACE',''
  ) );
#13196 = PCURVE('',#9080,#13197);
#13197 = DEFINITIONAL_REPRESENTATION('',(#13198),#13202);
#13198 = LINE('',#13199,#13200);
#13199 = CARTESIAN_POINT('',(0.,0.));
#13200 = VECTOR('',#13201,1.);
#13201 = DIRECTION('',(1.,0.));
#13202 = ( GEOMETRIC_REPRESENTATION_CONTEXT(2) 
PARAMETRIC_REPRESENTATION_CONTEXT() REPRESENTATION_CONTEXT('2D SPACE',''
  ) );
#13203 = ORIENTED_EDGE('',*,*,#13204,.F.);
#13204 = EDGE_CURVE('',#12971,#13182,#13205,.T.);
#13205 = SURFACE_CURVE('',#13206,(#13210,#13217),.PCURVE_S1.);
#13206 = LINE('',#13207,#13208);
#13207 = CARTESIAN_POINT('',(131.,-25.,-20.));
#13208 = VECTOR('',#13209,1.);
#13209 = DIRECTION('',(0.,0.,1.));
#13210 = PCURVE('',#9054,#13211);
#13211 = DEFINITIONAL_REPRESENTATION('',(#13212),#13216);
#13212 = LINE('',#13213,#13214);
#13213 = CARTESIAN_POINT('',(0.,112.));
#13214 = VECTOR('',#13215,1.);
#13215 = DIRECTION('',(1.,0.));
#13216 = ( GEOMETRIC_REPRESENTATION_CONTEXT(2) 
PARAMETRIC_REPRESENTATION_CONTEXT() REPRESENTATION_CONTEXT('2D SPACE',''
  ) );
#13217 = PCURVE('',#13007,#13218);
#13218 = DEFINITIONAL_REPRESENTATION('',(#13219),#13223);
#13219 = LINE('',#13220,#13221);
#13220 = CARTESIAN_POINT('',(0.,0.));
#13221 = VECTOR('',#13222,1.);
#13222 = DIRECTION('',(1.,0.));
#13223 = ( GEOMETRIC_REPRESENTATION_CONTEXT(2) 
PARAMETRIC_REPRESENTATION_CONTEXT() REPRESENTATION_CONTEXT('2D SPACE',''
  ) );
#13224 = ADVANCED_FACE('',(#13225),#9158,.T.);
#13225 = FACE_BOUND('',#13226,.T.);
#13226 = EDGE_LOOP('',(#13227,#13228,#13229,#13250));
#13227 = ORIENTED_EDGE('',*,*,#13114,.F.);
#13228 = ORIENTED_EDGE('',*,*,#9655,.T.);
#13229 = ORIENTED_EDGE('',*,*,#13230,.T.);
#13230 = EDGE_CURVE('',#9635,#9118,#13231,.T.);
#13231 = SURFACE_CURVE('',#13232,(#13236,#13243),.PCURVE_S1.);
#13232 = LINE('',#13233,#13234);
#13233 = CARTESIAN_POINT('',(19.,20.,7.));
#13234 = VECTOR('',#13235,1.);
#13235 = DIRECTION('',(1.,0.,0.));
#13236 = PCURVE('',#9158,#13237);
#13237 = DEFINITIONAL_REPRESENTATION('',(#13238),#13242);
#13238 = LINE('',#13239,#13240);
#13239 = CARTESIAN_POINT('',(30.,0.));
#13240 = VECTOR('',#13241,1.);
#13241 = DIRECTION('',(0.,1.));
#13242 = ( GEOMETRIC_REPRESENTATION_CONTEXT(2) 
PARAMETRIC_REPRESENTATION_CONTEXT() REPRESENTATION_CONTEXT('2D SPACE',''
  ) );
#13243 = PCURVE('',#9132,#13244);
#13244 = DEFINITIONAL_REPRESENTATION('',(#13245),#13249);
#13245 = LINE('',#13246,#13247);
#13246 = CARTESIAN_POINT('',(0.,40.));
#13247 = VECTOR('',#13248,1.);
#13248 = DIRECTION('',(1.,0.));
#13249 = ( GEOMETRIC_REPRESENTATION_CONTEXT(2) 
PARAMETRIC_REPRESENTATION_CONTEXT() REPRESENTATION_CONTEXT('2D SPACE',''
  ) );
#13250 = ORIENTED_EDGE('',*,*,#9143,.F.);
#13251 = ADVANCED_FACE('',(#13252),#9080,.F.);
#13252 = FACE_BOUND('',#13253,.F.);
#13253 = EDGE_LOOP('',(#13254,#13279,#13302,#13323,#13324,#13343,#13344,
    #13365,#13366,#13385,#13386,#13387));
#13254 = ORIENTED_EDGE('',*,*,#13255,.F.);
#13255 = EDGE_CURVE('',#13256,#13258,#13260,.T.);
#13256 = VERTEX_POINT('',#13257);
#13257 = CARTESIAN_POINT('',(19.,-17.,-14.));
#13258 = VERTEX_POINT('',#13259);
#13259 = CARTESIAN_POINT('',(131.,-17.,-14.));
#13260 = SURFACE_CURVE('',#13261,(#13265,#13272),.PCURVE_S1.);
#13261 = LINE('',#13262,#13263);
#13262 = CARTESIAN_POINT('',(19.,-17.,-14.));
#13263 = VECTOR('',#13264,1.);
#13264 = DIRECTION('',(1.,0.,0.));
#13265 = PCURVE('',#9080,#13266);
#13266 = DEFINITIONAL_REPRESENTATION('',(#13267),#13271);
#13267 = LINE('',#13268,#13269);
#13268 = CARTESIAN_POINT('',(0.,8.));
#13269 = VECTOR('',#13270,1.);
#13270 = DIRECTION('',(1.,0.));
#13271 = ( GEOMETRIC_REPRESENTATION_CONTEXT(2) 
PARAMETRIC_REPRESENTATION_CONTEXT() REPRESENTATION_CONTEXT('2D SPACE',''
  ) );
#13272 = PCURVE('',#12864,#13273);
#13273 = DEFINITIONAL_REPRESENTATION('',(#13274),#13278);
#13274 = LINE('',#13275,#13276);
#13275 = CARTESIAN_POINT('',(6.,0.));
#13276 = VECTOR('',#13277,1.);
#13277 = DIRECTION('',(0.,1.));
#13278 = ( GEOMETRIC_REPRESENTATION_CONTEXT(2) 
PARAMETRIC_REPRESENTATION_CONTEXT() REPRESENTATION_CONTEXT('2D SPACE',''
  ) );
#13279 = ORIENTED_EDGE('',*,*,#13280,.F.);
#13280 = EDGE_CURVE('',#13281,#13256,#13283,.T.);
#13281 = VERTEX_POINT('',#13282);
#13282 = CARTESIAN_POINT('',(19.,-25.,-14.));
#13283 = SURFACE_CURVE('',#13284,(#13288,#13295),.PCURVE_S1.);
#13284 = LINE('',#13285,#13286);
#13285 = CARTESIAN_POINT('',(19.,-25.,-14.));
#13286 = VECTOR('',#13287,1.);
#13287 = DIRECTION('',(0.,1.,0.));
#13288 = PCURVE('',#9080,#13289);
#13289 = DEFINITIONAL_REPRESENTATION('',(#13290),#13294);
#13290 = LINE('',#13291,#13292);
#13291 = CARTESIAN_POINT('',(0.,0.));
#13292 = VECTOR('',#13293,1.);
#13293 = DIRECTION('',(0.,1.));
#13294 = ( GEOMETRIC_REPRESENTATION_CONTEXT(2) 
PARAMETRIC_REPRESENTATION_CONTEXT() REPRESENTATION_CONTEXT('2D SPACE',''
  ) );
#13295 = PCURVE('',#12892,#13296);
#13296 = DEFINITIONAL_REPRESENTATION('',(#13297),#13301);
#13297 = LINE('',#13298,#13299);
#13298 = CARTESIAN_POINT('',(6.,0.));
#13299 = VECTOR('',#13300,1.);
#13300 = DIRECTION('',(0.,-1.));
#13301 = ( GEOMETRIC_REPRESENTATION_CONTEXT(2) 
PARAMETRIC_REPRESENTATION_CONTEXT() REPRESENTATION_CONTEXT('2D SPACE',''
  ) );
#13302 = ORIENTED_EDGE('',*,*,#13303,.T.);
#13303 = EDGE_CURVE('',#13281,#10752,#13304,.T.);
#13304 = SURFACE_CURVE('',#13305,(#13309,#13316),.PCURVE_S1.);
#13305 = LINE('',#13306,#13307);
#13306 = CARTESIAN_POINT('',(19.,-25.,-14.));
#13307 = VECTOR('',#13308,1.);
#13308 = DIRECTION('',(1.,0.,0.));
#13309 = PCURVE('',#9080,#13310);
#13310 = DEFINITIONAL_REPRESENTATION('',(#13311),#13315);
#13311 = LINE('',#13312,#13313);
#13312 = CARTESIAN_POINT('',(0.,0.));
#13313 = VECTOR('',#13314,1.);
#13314 = DIRECTION('',(1.,0.));
#13315 = ( GEOMETRIC_REPRESENTATION_CONTEXT(2) 
PARAMETRIC_REPRESENTATION_CONTEXT() REPRESENTATION_CONTEXT('2D SPACE',''
  ) );
#13316 = PCURVE('',#10766,#13317);
#13317 = DEFINITIONAL_REPRESENTATION('',(#13318),#13322);
#13318 = LINE('',#13319,#13320);
#13319 = CARTESIAN_POINT('',(6.,0.));
#13320 = VECTOR('',#13321,1.);
#13321 = DIRECTION('',(0.,1.));
#13322 = ( GEOMETRIC_REPRESENTATION_CONTEXT(2) 
PARAMETRIC_REPRESENTATION_CONTEXT() REPRESENTATION_CONTEXT('2D SPACE',''
  ) );
#13323 = ORIENTED_EDGE('',*,*,#10777,.F.);
#13324 = ORIENTED_EDGE('',*,*,#13325,.T.);
#13325 = EDGE_CURVE('',#10778,#10083,#13326,.T.);
#13326 = SURFACE_CURVE('',#13327,(#13331,#13337),.PCURVE_S1.);
#13327 = LINE('',#13328,#13329);
#13328 = CARTESIAN_POINT('',(19.,-20.,-14.));
#13329 = VECTOR('',#13330,1.);
#13330 = DIRECTION('',(1.,0.,0.));
#13331 = PCURVE('',#9080,#13332);
#13332 = DEFINITIONAL_REPRESENTATION('',(#13333),#13336);
#13333 = B_SPLINE_CURVE_WITH_KNOTS('',1,(#13334,#13335),.UNSPECIFIED.,
  .F.,.F.,(2,2),(28.5,32.5),.PIECEWISE_BEZIER_KNOTS.);
#13334 = CARTESIAN_POINT('',(28.5,5.));
#13335 = CARTESIAN_POINT('',(32.5,5.));
#13336 = ( GEOMETRIC_REPRESENTATION_CONTEXT(2) 
PARAMETRIC_REPRESENTATION_CONTEXT() REPRESENTATION_CONTEXT('2D SPACE',''
  ) );
#13337 = PCURVE('',#10118,#13338);
#13338 = DEFINITIONAL_REPRESENTATION('',(#13339),#13342);
#13339 = B_SPLINE_CURVE_WITH_KNOTS('',1,(#13340,#13341),.UNSPECIFIED.,
  .F.,.F.,(2,2),(28.5,32.5),.PIECEWISE_BEZIER_KNOTS.);
#13340 = CARTESIAN_POINT('',(9.,28.5));
#13341 = CARTESIAN_POINT('',(9.,32.5));
#13342 = ( GEOMETRIC_REPRESENTATION_CONTEXT(2) 
PARAMETRIC_REPRESENTATION_CONTEXT() REPRESENTATION_CONTEXT('2D SPACE',''
  ) );
#13343 = ORIENTED_EDGE('',*,*,#10082,.T.);
#13344 = ORIENTED_EDGE('',*,*,#13345,.T.);
#13345 = EDGE_CURVE('',#10062,#9567,#13346,.T.);
#13346 = SURFACE_CURVE('',#13347,(#13351,#13358),.PCURVE_S1.);
#13347 = LINE('',#13348,#13349);
#13348 = CARTESIAN_POINT('',(19.,-25.,-14.));
#13349 = VECTOR('',#13350,1.);
#13350 = DIRECTION('',(1.,0.,0.));
#13351 = PCURVE('',#9080,#13352);
#13352 = DEFINITIONAL_REPRESENTATION('',(#13353),#13357);
#13353 = LINE('',#13354,#13355);
#13354 = CARTESIAN_POINT('',(0.,0.));
#13355 = VECTOR('',#13356,1.);
#13356 = DIRECTION('',(1.,0.));
#13357 = ( GEOMETRIC_REPRESENTATION_CONTEXT(2) 
PARAMETRIC_REPRESENTATION_CONTEXT() REPRESENTATION_CONTEXT('2D SPACE',''
  ) );
#13358 = PCURVE('',#9581,#13359);
#13359 = DEFINITIONAL_REPRESENTATION('',(#13360),#13364);
#13360 = LINE('',#13361,#13362);
#13361 = CARTESIAN_POINT('',(6.,0.));
#13362 = VECTOR('',#13363,1.);
#13363 = DIRECTION('',(0.,1.));
#13364 = ( GEOMETRIC_REPRESENTATION_CONTEXT(2) 
PARAMETRIC_REPRESENTATION_CONTEXT() REPRESENTATION_CONTEXT('2D SPACE',''
  ) );
#13365 = ORIENTED_EDGE('',*,*,#9592,.F.);
#13366 = ORIENTED_EDGE('',*,*,#13367,.T.);
#13367 = EDGE_CURVE('',#9593,#9066,#13368,.T.);
#13368 = SURFACE_CURVE('',#13369,(#13373,#13379),.PCURVE_S1.);
#13369 = LINE('',#13370,#13371);
#13370 = CARTESIAN_POINT('',(19.,-20.,-14.));
#13371 = VECTOR('',#13372,1.);
#13372 = DIRECTION('',(1.,0.,0.));
#13373 = PCURVE('',#9080,#13374);
#13374 = DEFINITIONAL_REPRESENTATION('',(#13375),#13378);
#13375 = B_SPLINE_CURVE_WITH_KNOTS('',1,(#13376,#13377),.UNSPECIFIED.,
  .F.,.F.,(2,2),(78.,82.),.PIECEWISE_BEZIER_KNOTS.);
#13376 = CARTESIAN_POINT('',(78.,5.));
#13377 = CARTESIAN_POINT('',(82.,5.));
#13378 = ( GEOMETRIC_REPRESENTATION_CONTEXT(2) 
PARAMETRIC_REPRESENTATION_CONTEXT() REPRESENTATION_CONTEXT('2D SPACE',''
  ) );
#13379 = PCURVE('',#9106,#13380);
#13380 = DEFINITIONAL_REPRESENTATION('',(#13381),#13384);
#13381 = B_SPLINE_CURVE_WITH_KNOTS('',1,(#13382,#13383),.UNSPECIFIED.,
  .F.,.F.,(2,2),(78.,82.),.PIECEWISE_BEZIER_KNOTS.);
#13382 = CARTESIAN_POINT('',(9.,78.));
#13383 = CARTESIAN_POINT('',(9.,82.));
#13384 = ( GEOMETRIC_REPRESENTATION_CONTEXT(2) 
PARAMETRIC_REPRESENTATION_CONTEXT() REPRESENTATION_CONTEXT('2D SPACE',''
  ) );
#13385 = ORIENTED_EDGE('',*,*,#9065,.T.);
#13386 = ORIENTED_EDGE('',*,*,#13181,.T.);
#13387 = ORIENTED_EDGE('',*,*,#13388,.T.);
#13388 = EDGE_CURVE('',#13182,#13258,#13389,.T.);
#13389 = SURFACE_CURVE('',#13390,(#13394,#13401),.PCURVE_S1.);
#13390 = LINE('',#13391,#13392);
#13391 = CARTESIAN_POINT('',(131.,-25.,-14.));
#13392 = VECTOR('',#13393,1.);
#13393 = DIRECTION('',(0.,1.,0.));
#13394 = PCURVE('',#9080,#13395);
#13395 = DEFINITIONAL_REPRESENTATION('',(#13396),#13400);
#13396 = LINE('',#13397,#13398);
#13397 = CARTESIAN_POINT('',(112.,0.));
#13398 = VECTOR('',#13399,1.);
#13399 = DIRECTION('',(0.,1.));
#13400 = ( GEOMETRIC_REPRESENTATION_CONTEXT(2) 
PARAMETRIC_REPRESENTATION_CONTEXT() REPRESENTATION_CONTEXT('2D SPACE',''
  ) );
#13401 = PCURVE('',#13007,#13402);
#13402 = DEFINITIONAL_REPRESENTATION('',(#13403),#13407);
#13403 = LINE('',#13404,#13405);
#13404 = CARTESIAN_POINT('',(6.,0.));
#13405 = VECTOR('',#13406,1.);
#13406 = DIRECTION('',(0.,-1.));
#13407 = ( GEOMETRIC_REPRESENTATION_CONTEXT(2) 
PARAMETRIC_REPRESENTATION_CONTEXT() REPRESENTATION_CONTEXT('2D SPACE',''
  ) );
#13408 = ADVANCED_FACE('',(#13409),#9132,.T.);
#13409 = FACE_BOUND('',#13410,.T.);
#13410 = EDGE_LOOP('',(#13411,#13412,#13413,#13434));
#13411 = ORIENTED_EDGE('',*,*,#13230,.F.);
#13412 = ORIENTED_EDGE('',*,*,#9634,.T.);
#13413 = ORIENTED_EDGE('',*,*,#13414,.T.);
#13414 = EDGE_CURVE('',#9614,#9092,#13415,.T.);
#13415 = SURFACE_CURVE('',#13416,(#13420,#13427),.PCURVE_S1.);
#13416 = LINE('',#13417,#13418);
#13417 = CARTESIAN_POINT('',(19.,-20.,7.));
#13418 = VECTOR('',#13419,1.);
#13419 = DIRECTION('',(1.,0.,0.));
#13420 = PCURVE('',#9132,#13421);
#13421 = DEFINITIONAL_REPRESENTATION('',(#13422),#13426);
#13422 = LINE('',#13423,#13424);
#13423 = CARTESIAN_POINT('',(0.,0.));
#13424 = VECTOR('',#13425,1.);
#13425 = DIRECTION('',(1.,0.));
#13426 = ( GEOMETRIC_REPRESENTATION_CONTEXT(2) 
PARAMETRIC_REPRESENTATION_CONTEXT() REPRESENTATION_CONTEXT('2D SPACE',''
  ) );
#13427 = PCURVE('',#9106,#13428);
#13428 = DEFINITIONAL_REPRESENTATION('',(#13429),#13433);
#13429 = LINE('',#13430,#13431);
#13430 = CARTESIAN_POINT('',(30.,0.));
#13431 = VECTOR('',#13432,1.);
#13432 = DIRECTION('',(0.,1.));
#13433 = ( GEOMETRIC_REPRESENTATION_CONTEXT(2) 
PARAMETRIC_REPRESENTATION_CONTEXT() REPRESENTATION_CONTEXT('2D SPACE',''
  ) );
#13434 = ORIENTED_EDGE('',*,*,#9117,.F.);
#13435 = ADVANCED_FACE('',(#13436),#9106,.F.);
#13436 = FACE_BOUND('',#13437,.F.);
#13437 = EDGE_LOOP('',(#13438,#13439,#13440,#13441));
#13438 = ORIENTED_EDGE('',*,*,#13367,.F.);
#13439 = ORIENTED_EDGE('',*,*,#9613,.T.);
#13440 = ORIENTED_EDGE('',*,*,#13414,.T.);
#13441 = ORIENTED_EDGE('',*,*,#9091,.F.);
#13442 = ADVANCED_FACE('',(#13443),#9381,.F.);
#13443 = FACE_BOUND('',#13444,.F.);
#13444 = EDGE_LOOP('',(#13445,#13446,#13447,#13448,#13449,#13450));
#13445 = ORIENTED_EDGE('',*,*,#9824,.T.);
#13446 = ORIENTED_EDGE('',*,*,#11636,.T.);
#13447 = ORIENTED_EDGE('',*,*,#11709,.T.);
#13448 = ORIENTED_EDGE('',*,*,#11891,.T.);
#13449 = ORIENTED_EDGE('',*,*,#9366,.F.);
#13450 = ORIENTED_EDGE('',*,*,#11823,.F.);
#13451 = ADVANCED_FACE('',(#13452),#9712,.F.);
#13452 = FACE_BOUND('',#13453,.F.);
#13453 = EDGE_LOOP('',(#13454,#13455,#13456,#13457));
#13454 = ORIENTED_EDGE('',*,*,#12727,.F.);
#13455 = ORIENTED_EDGE('',*,*,#10202,.T.);
#13456 = ORIENTED_EDGE('',*,*,#13134,.T.);
#13457 = ORIENTED_EDGE('',*,*,#9697,.F.);
#13458 = ADVANCED_FACE('',(#13459),#9581,.T.);
#13459 = FACE_BOUND('',#13460,.T.);
#13460 = EDGE_LOOP('',(#13461,#13462,#13463,#13464));
#13461 = ORIENTED_EDGE('',*,*,#12946,.F.);
#13462 = ORIENTED_EDGE('',*,*,#10061,.T.);
#13463 = ORIENTED_EDGE('',*,*,#13345,.T.);
#13464 = ORIENTED_EDGE('',*,*,#9566,.F.);
#13465 = ADVANCED_FACE('',(#13466),#9763,.T.);
#13466 = FACE_BOUND('',#13467,.T.);
#13467 = EDGE_LOOP('',(#13468,#13469,#13490,#13491));
#13468 = ORIENTED_EDGE('',*,*,#9745,.F.);
#13469 = ORIENTED_EDGE('',*,*,#13470,.F.);
#13470 = EDGE_CURVE('',#10295,#9746,#13471,.T.);
#13471 = SURFACE_CURVE('',#13472,(#13476,#13483),.PCURVE_S1.);
#13472 = LINE('',#13473,#13474);
#13473 = CARTESIAN_POINT('',(47.5,-71.,-50.));
#13474 = VECTOR('',#13475,1.);
#13475 = DIRECTION('',(1.,0.,0.));
#13476 = PCURVE('',#9763,#13477);
#13477 = DEFINITIONAL_REPRESENTATION('',(#13478),#13482);
#13478 = LINE('',#13479,#13480);
#13479 = CARTESIAN_POINT('',(0.,0.));
#13480 = VECTOR('',#13481,1.);
#13481 = DIRECTION('',(0.,1.));
#13482 = ( GEOMETRIC_REPRESENTATION_CONTEXT(2) 
PARAMETRIC_REPRESENTATION_CONTEXT() REPRESENTATION_CONTEXT('2D SPACE',''
  ) );
#13483 = PCURVE('',#9791,#13484);
#13484 = DEFINITIONAL_REPRESENTATION('',(#13485),#13489);
#13485 = LINE('',#13486,#13487);
#13486 = CARTESIAN_POINT('',(0.,0.));
#13487 = VECTOR('',#13488,1.);
#13488 = DIRECTION('',(1.,0.));
#13489 = ( GEOMETRIC_REPRESENTATION_CONTEXT(2) 
PARAMETRIC_REPRESENTATION_CONTEXT() REPRESENTATION_CONTEXT('2D SPACE',''
  ) );
#13490 = ORIENTED_EDGE('',*,*,#10294,.T.);
#13491 = ORIENTED_EDGE('',*,*,#10957,.F.);
#13492 = ADVANCED_FACE('',(#13493),#9882,.T.);
#13493 = FACE_BOUND('',#13494,.T.);
#13494 = EDGE_LOOP('',(#13495,#13496,#13497,#13498));
#13495 = ORIENTED_EDGE('',*,*,#10598,.F.);
#13496 = ORIENTED_EDGE('',*,*,#11803,.F.);
#13497 = ORIENTED_EDGE('',*,*,#9866,.T.);
#13498 = ORIENTED_EDGE('',*,*,#10246,.F.);
#13499 = ADVANCED_FACE('',(#13500),#9791,.T.);
#13500 = FACE_BOUND('',#13501,.T.);
#13501 = EDGE_LOOP('',(#13502,#13503,#13504,#13505));
#13502 = ORIENTED_EDGE('',*,*,#10319,.F.);
#13503 = ORIENTED_EDGE('',*,*,#13470,.T.);
#13504 = ORIENTED_EDGE('',*,*,#9775,.T.);
#13505 = ORIENTED_EDGE('',*,*,#11616,.T.);
#13506 = ADVANCED_FACE('',(#13507),#9977,.T.);
#13507 = FACE_BOUND('',#13508,.T.);
#13508 = EDGE_LOOP('',(#13509,#13530,#13531,#13532));
#13509 = ORIENTED_EDGE('',*,*,#13510,.F.);
#13510 = EDGE_CURVE('',#10666,#9961,#13511,.T.);
#13511 = SURFACE_CURVE('',#13512,(#13516,#13523),.PCURVE_S1.);
#13512 = LINE('',#13513,#13514);
#13513 = CARTESIAN_POINT('',(19.,20.,-23.));
#13514 = VECTOR('',#13515,1.);
#13515 = DIRECTION('',(1.,0.,0.));
#13516 = PCURVE('',#9977,#13517);
#13517 = DEFINITIONAL_REPRESENTATION('',(#13518),#13522);
#13518 = LINE('',#13519,#13520);
#13519 = CARTESIAN_POINT('',(0.,0.));
#13520 = VECTOR('',#13521,1.);
#13521 = DIRECTION('',(0.,1.));
#13522 = ( GEOMETRIC_REPRESENTATION_CONTEXT(2) 
PARAMETRIC_REPRESENTATION_CONTEXT() REPRESENTATION_CONTEXT('2D SPACE',''
  ) );
#13523 = PCURVE('',#10003,#13524);
#13524 = DEFINITIONAL_REPRESENTATION('',(#13525),#13529);
#13525 = LINE('',#13526,#13527);
#13526 = CARTESIAN_POINT('',(0.,40.));
#13527 = VECTOR('',#13528,1.);
#13528 = DIRECTION('',(1.,0.));
#13529 = ( GEOMETRIC_REPRESENTATION_CONTEXT(2) 
PARAMETRIC_REPRESENTATION_CONTEXT() REPRESENTATION_CONTEXT('2D SPACE',''
  ) );
#13530 = ORIENTED_EDGE('',*,*,#10665,.T.);
#13531 = ORIENTED_EDGE('',*,*,#12749,.T.);
#13532 = ORIENTED_EDGE('',*,*,#9960,.F.);
#13533 = ADVANCED_FACE('',(#13534),#10003,.F.);
#13534 = FACE_BOUND('',#13535,.F.);
#13535 = EDGE_LOOP('',(#13536,#13537,#13538,#13559));
#13536 = ORIENTED_EDGE('',*,*,#13510,.F.);
#13537 = ORIENTED_EDGE('',*,*,#10688,.T.);
#13538 = ORIENTED_EDGE('',*,*,#13539,.T.);
#13539 = EDGE_CURVE('',#10689,#9989,#13540,.T.);
#13540 = SURFACE_CURVE('',#13541,(#13545,#13552),.PCURVE_S1.);
#13541 = LINE('',#13542,#13543);
#13542 = CARTESIAN_POINT('',(19.,-20.,-23.));
#13543 = VECTOR('',#13544,1.);
#13544 = DIRECTION('',(1.,0.,0.));
#13545 = PCURVE('',#10003,#13546);
#13546 = DEFINITIONAL_REPRESENTATION('',(#13547),#13551);
#13547 = LINE('',#13548,#13549);
#13548 = CARTESIAN_POINT('',(0.,0.));
#13549 = VECTOR('',#13550,1.);
#13550 = DIRECTION('',(1.,0.));
#13551 = ( GEOMETRIC_REPRESENTATION_CONTEXT(2) 
PARAMETRIC_REPRESENTATION_CONTEXT() REPRESENTATION_CONTEXT('2D SPACE',''
  ) );
#13552 = PCURVE('',#10029,#13553);
#13553 = DEFINITIONAL_REPRESENTATION('',(#13554),#13558);
#13554 = LINE('',#13555,#13556);
#13555 = CARTESIAN_POINT('',(0.,0.));
#13556 = VECTOR('',#13557,1.);
#13557 = DIRECTION('',(0.,1.));
#13558 = ( GEOMETRIC_REPRESENTATION_CONTEXT(2) 
PARAMETRIC_REPRESENTATION_CONTEXT() REPRESENTATION_CONTEXT('2D SPACE',''
  ) );
#13559 = ORIENTED_EDGE('',*,*,#9988,.F.);
#13560 = ADVANCED_FACE('',(#13561),#10029,.F.);
#13561 = FACE_BOUND('',#13562,.F.);
#13562 = EDGE_LOOP('',(#13563,#13564,#13565,#13566));
#13563 = ORIENTED_EDGE('',*,*,#13539,.F.);
#13564 = ORIENTED_EDGE('',*,*,#10709,.T.);
#13565 = ORIENTED_EDGE('',*,*,#12926,.T.);
#13566 = ORIENTED_EDGE('',*,*,#10014,.F.);
#13567 = ADVANCED_FACE('',(#13568),#10170,.T.);
#13568 = FACE_BOUND('',#13569,.T.);
#13569 = EDGE_LOOP('',(#13570,#13571,#13572,#13593));
#13570 = ORIENTED_EDGE('',*,*,#13156,.F.);
#13571 = ORIENTED_EDGE('',*,*,#10840,.T.);
#13572 = ORIENTED_EDGE('',*,*,#13573,.T.);
#13573 = EDGE_CURVE('',#10820,#10130,#13574,.T.);
#13574 = SURFACE_CURVE('',#13575,(#13579,#13586),.PCURVE_S1.);
#13575 = LINE('',#13576,#13577);
#13576 = CARTESIAN_POINT('',(19.,20.,7.));
#13577 = VECTOR('',#13578,1.);
#13578 = DIRECTION('',(1.,0.,0.));
#13579 = PCURVE('',#10170,#13580);
#13580 = DEFINITIONAL_REPRESENTATION('',(#13581),#13585);
#13581 = LINE('',#13582,#13583);
#13582 = CARTESIAN_POINT('',(30.,0.));
#13583 = VECTOR('',#13584,1.);
#13584 = DIRECTION('',(0.,1.));
#13585 = ( GEOMETRIC_REPRESENTATION_CONTEXT(2) 
PARAMETRIC_REPRESENTATION_CONTEXT() REPRESENTATION_CONTEXT('2D SPACE',''
  ) );
#13586 = PCURVE('',#10144,#13587);
#13587 = DEFINITIONAL_REPRESENTATION('',(#13588),#13592);
#13588 = LINE('',#13589,#13590);
#13589 = CARTESIAN_POINT('',(0.,40.));
#13590 = VECTOR('',#13591,1.);
#13591 = DIRECTION('',(1.,0.));
#13592 = ( GEOMETRIC_REPRESENTATION_CONTEXT(2) 
PARAMETRIC_REPRESENTATION_CONTEXT() REPRESENTATION_CONTEXT('2D SPACE',''
  ) );
#13593 = ORIENTED_EDGE('',*,*,#10155,.F.);
#13594 = ADVANCED_FACE('',(#13595),#10144,.T.);
#13595 = FACE_BOUND('',#13596,.T.);
#13596 = EDGE_LOOP('',(#13597,#13598,#13599,#13620));
#13597 = ORIENTED_EDGE('',*,*,#13573,.F.);
#13598 = ORIENTED_EDGE('',*,*,#10819,.T.);
#13599 = ORIENTED_EDGE('',*,*,#13600,.T.);
#13600 = EDGE_CURVE('',#10799,#10104,#13601,.T.);
#13601 = SURFACE_CURVE('',#13602,(#13606,#13613),.PCURVE_S1.);
#13602 = LINE('',#13603,#13604);
#13603 = CARTESIAN_POINT('',(19.,-20.,7.));
#13604 = VECTOR('',#13605,1.);
#13605 = DIRECTION('',(1.,0.,0.));
#13606 = PCURVE('',#10144,#13607);
#13607 = DEFINITIONAL_REPRESENTATION('',(#13608),#13612);
#13608 = LINE('',#13609,#13610);
#13609 = CARTESIAN_POINT('',(0.,0.));
#13610 = VECTOR('',#13611,1.);
#13611 = DIRECTION('',(1.,0.));
#13612 = ( GEOMETRIC_REPRESENTATION_CONTEXT(2) 
PARAMETRIC_REPRESENTATION_CONTEXT() REPRESENTATION_CONTEXT('2D SPACE',''
  ) );
#13613 = PCURVE('',#10118,#13614);
#13614 = DEFINITIONAL_REPRESENTATION('',(#13615),#13619);
#13615 = LINE('',#13616,#13617);
#13616 = CARTESIAN_POINT('',(30.,0.));
#13617 = VECTOR('',#13618,1.);
#13618 = DIRECTION('',(0.,1.));
#13619 = ( GEOMETRIC_REPRESENTATION_CONTEXT(2) 
PARAMETRIC_REPRESENTATION_CONTEXT() REPRESENTATION_CONTEXT('2D SPACE',''
  ) );
#13620 = ORIENTED_EDGE('',*,*,#10129,.F.);
#13621 = ADVANCED_FACE('',(#13622),#10118,.F.);
#13622 = FACE_BOUND('',#13623,.F.);
#13623 = EDGE_LOOP('',(#13624,#13625,#13626,#13627));
#13624 = ORIENTED_EDGE('',*,*,#13325,.F.);
#13625 = ORIENTED_EDGE('',*,*,#10798,.T.);
#13626 = ORIENTED_EDGE('',*,*,#13600,.T.);
#13627 = ORIENTED_EDGE('',*,*,#10103,.F.);
#13628 = ADVANCED_FACE('',(#13629),#10378,.F.);
#13629 = FACE_BOUND('',#13630,.F.);
#13630 = EDGE_LOOP('',(#13631,#13632,#13658,#13659,#13685,#13686,#13687,
    #13688,#13689,#13690));
#13631 = ORIENTED_EDGE('',*,*,#10363,.F.);
#13632 = ORIENTED_EDGE('',*,*,#13633,.T.);
#13633 = EDGE_CURVE('',#10364,#10442,#13634,.T.);
#13634 = SURFACE_CURVE('',#13635,(#13640,#13651),.PCURVE_S1.);
#13635 = CIRCLE('',#13636,2.);
#13636 = AXIS2_PLACEMENT_3D('',#13637,#13638,#13639);
#13637 = CARTESIAN_POINT('',(46.,-24.5,-48.));
#13638 = DIRECTION('',(0.,0.,-1.));
#13639 = DIRECTION('',(1.,0.,0.));
#13640 = PCURVE('',#10378,#13641);
#13641 = DEFINITIONAL_REPRESENTATION('',(#13642),#13650);
#13642 = ( BOUNDED_CURVE() B_SPLINE_CURVE(2,(#13643,#13644,#13645,#13646
    ,#13647,#13648,#13649),.UNSPECIFIED.,.T.,.F.) 
B_SPLINE_CURVE_WITH_KNOTS((1,2,2,2,2,1),(-2.094395102393,0.,
    2.094395102393,4.188790204786,6.28318530718,8.377580409573),
.UNSPECIFIED.) CURVE() GEOMETRIC_REPRESENTATION_ITEM() 
RATIONAL_B_SPLINE_CURVE((1.,0.5,1.,0.5,1.,0.5,1.)) REPRESENTATION_ITEM(
  '') );
#13643 = CARTESIAN_POINT('',(17.8,5.75));
#13644 = CARTESIAN_POINT('',(17.8,2.285898384862));
#13645 = CARTESIAN_POINT('',(14.8,4.017949192431));
#13646 = CARTESIAN_POINT('',(11.8,5.75));
#13647 = CARTESIAN_POINT('',(14.8,7.482050807569));
#13648 = CARTESIAN_POINT('',(17.8,9.214101615138));
#13649 = CARTESIAN_POINT('',(17.8,5.75));
#13650 = ( GEOMETRIC_REPRESENTATION_CONTEXT(2) 
PARAMETRIC_REPRESENTATION_CONTEXT() REPRESENTATION_CONTEXT('2D SPACE',''
  ) );
#13651 = PCURVE('',#10404,#13652);
#13652 = DEFINITIONAL_REPRESENTATION('',(#13653),#13657);
#13653 = LINE('',#13654,#13655);
#13654 = CARTESIAN_POINT('',(-6.28318530718,-2.));
#13655 = VECTOR('',#13656,1.);
#13656 = DIRECTION('',(1.,-0.));
#13657 = ( GEOMETRIC_REPRESENTATION_CONTEXT(2) 
PARAMETRIC_REPRESENTATION_CONTEXT() REPRESENTATION_CONTEXT('2D SPACE',''
  ) );
#13658 = ORIENTED_EDGE('',*,*,#10462,.F.);
#13659 = ORIENTED_EDGE('',*,*,#13660,.T.);
#13660 = EDGE_CURVE('',#10463,#10536,#13661,.T.);
#13661 = SURFACE_CURVE('',#13662,(#13667,#13678),.PCURVE_S1.);
#13662 = CIRCLE('',#13663,2.);
#13663 = AXIS2_PLACEMENT_3D('',#13664,#13665,#13666);
#13664 = CARTESIAN_POINT('',(46.,24.5,-48.));
#13665 = DIRECTION('',(0.,0.,-1.));
#13666 = DIRECTION('',(1.,0.,0.));
#13667 = PCURVE('',#10378,#13668);
#13668 = DEFINITIONAL_REPRESENTATION('',(#13669),#13677);
#13669 = ( BOUNDED_CURVE() B_SPLINE_CURVE(2,(#13670,#13671,#13672,#13673
    ,#13674,#13675,#13676),.UNSPECIFIED.,.T.,.F.) 
B_SPLINE_CURVE_WITH_KNOTS((1,2,2,2,2,1),(-2.094395102393,0.,
    2.094395102393,4.188790204786,6.28318530718,8.377580409573),
.UNSPECIFIED.) CURVE() GEOMETRIC_REPRESENTATION_ITEM() 
RATIONAL_B_SPLINE_CURVE((1.,0.5,1.,0.5,1.,0.5,1.)) REPRESENTATION_ITEM(
  '') );
#13670 = CARTESIAN_POINT('',(17.8,54.75));
#13671 = CARTESIAN_POINT('',(17.8,51.285898384862));
#13672 = CARTESIAN_POINT('',(14.8,53.017949192431));
#13673 = CARTESIAN_POINT('',(11.8,54.75));
#13674 = CARTESIAN_POINT('',(14.8,56.482050807569));
#13675 = CARTESIAN_POINT('',(17.8,58.214101615138));
#13676 = CARTESIAN_POINT('',(17.8,54.75));
#13677 = ( GEOMETRIC_REPRESENTATION_CONTEXT(2) 
PARAMETRIC_REPRESENTATION_CONTEXT() REPRESENTATION_CONTEXT('2D SPACE',''
  ) );
#13678 = PCURVE('',#10498,#13679);
#13679 = DEFINITIONAL_REPRESENTATION('',(#13680),#13684);
#13680 = LINE('',#13681,#13682);
#13681 = CARTESIAN_POINT('',(-6.28318530718,-2.));
#13682 = VECTOR('',#13683,1.);
#13683 = DIRECTION('',(1.,-0.));
#13684 = ( GEOMETRIC_REPRESENTATION_CONTEXT(2) 
PARAMETRIC_REPRESENTATION_CONTEXT() REPRESENTATION_CONTEXT('2D SPACE',''
  ) );
#13685 = ORIENTED_EDGE('',*,*,#10556,.F.);
#13686 = ORIENTED_EDGE('',*,*,#11781,.F.);
#13687 = ORIENTED_EDGE('',*,*,#11660,.F.);
#13688 = ORIENTED_EDGE('',*,*,#11524,.F.);
#13689 = ORIENTED_EDGE('',*,*,#11498,.F.);
#13690 = ORIENTED_EDGE('',*,*,#11594,.T.);
#13691 = ADVANCED_FACE('',(#13692),#10498,.F.);
#13692 = FACE_BOUND('',#13693,.T.);
#13693 = EDGE_LOOP('',(#13694,#13695,#13696,#13697));
#13694 = ORIENTED_EDGE('',*,*,#10483,.T.);
#13695 = ORIENTED_EDGE('',*,*,#13660,.T.);
#13696 = ORIENTED_EDGE('',*,*,#10535,.F.);
#13697 = ORIENTED_EDGE('',*,*,#13698,.T.);
#13698 = EDGE_CURVE('',#10510,#10484,#13699,.T.);
#13699 = SURFACE_CURVE('',#13700,(#13705,#13712),.PCURVE_S1.);
#13700 = CIRCLE('',#13701,2.);
#13701 = AXIS2_PLACEMENT_3D('',#13702,#13703,#13704);
#13702 = CARTESIAN_POINT('',(46.,24.5,-44.));
#13703 = DIRECTION('',(0.,0.,1.));
#13704 = DIRECTION('',(1.,0.,0.));
#13705 = PCURVE('',#10498,#13706);
#13706 = DEFINITIONAL_REPRESENTATION('',(#13707),#13711);
#13707 = LINE('',#13708,#13709);
#13708 = CARTESIAN_POINT('',(-0.,-6.));
#13709 = VECTOR('',#13710,1.);
#13710 = DIRECTION('',(-1.,0.));
#13711 = ( GEOMETRIC_REPRESENTATION_CONTEXT(2) 
PARAMETRIC_REPRESENTATION_CONTEXT() REPRESENTATION_CONTEXT('2D SPACE',''
  ) );
#13712 = PCURVE('',#10524,#13713);
#13713 = DEFINITIONAL_REPRESENTATION('',(#13714),#13718);
#13714 = CIRCLE('',#13715,2.);
#13715 = AXIS2_PLACEMENT_2D('',#13716,#13717);
#13716 = CARTESIAN_POINT('',(0.,0.));
#13717 = DIRECTION('',(1.,0.));
#13718 = ( GEOMETRIC_REPRESENTATION_CONTEXT(2) 
PARAMETRIC_REPRESENTATION_CONTEXT() REPRESENTATION_CONTEXT('2D SPACE',''
  ) );
#13719 = ADVANCED_FACE('',(#13720),#10524,.F.);
#13720 = FACE_BOUND('',#13721,.F.);
#13721 = EDGE_LOOP('',(#13722,#13723));
#13722 = ORIENTED_EDGE('',*,*,#10509,.F.);
#13723 = ORIENTED_EDGE('',*,*,#13698,.T.);
#13724 = ADVANCED_FACE('',(#13725),#10404,.F.);
#13725 = FACE_BOUND('',#13726,.T.);
#13726 = EDGE_LOOP('',(#13727,#13728,#13729,#13730));
#13727 = ORIENTED_EDGE('',*,*,#10389,.T.);
#13728 = ORIENTED_EDGE('',*,*,#13633,.T.);
#13729 = ORIENTED_EDGE('',*,*,#10441,.F.);
#13730 = ORIENTED_EDGE('',*,*,#13731,.T.);
#13731 = EDGE_CURVE('',#10416,#10390,#13732,.T.);
#13732 = SURFACE_CURVE('',#13733,(#13738,#13745),.PCURVE_S1.);
#13733 = CIRCLE('',#13734,2.);
#13734 = AXIS2_PLACEMENT_3D('',#13735,#13736,#13737);
#13735 = CARTESIAN_POINT('',(46.,-24.5,-44.));
#13736 = DIRECTION('',(0.,0.,1.));
#13737 = DIRECTION('',(1.,0.,0.));
#13738 = PCURVE('',#10404,#13739);
#13739 = DEFINITIONAL_REPRESENTATION('',(#13740),#13744);
#13740 = LINE('',#13741,#13742);
#13741 = CARTESIAN_POINT('',(-0.,-6.));
#13742 = VECTOR('',#13743,1.);
#13743 = DIRECTION('',(-1.,0.));
#13744 = ( GEOMETRIC_REPRESENTATION_CONTEXT(2) 
PARAMETRIC_REPRESENTATION_CONTEXT() REPRESENTATION_CONTEXT('2D SPACE',''
  ) );
#13745 = PCURVE('',#10430,#13746);
#13746 = DEFINITIONAL_REPRESENTATION('',(#13747),#13751);
#13747 = CIRCLE('',#13748,2.);
#13748 = AXIS2_PLACEMENT_2D('',#13749,#13750);
#13749 = CARTESIAN_POINT('',(0.,0.));
#13750 = DIRECTION('',(1.,0.));
#13751 = ( GEOMETRIC_REPRESENTATION_CONTEXT(2) 
PARAMETRIC_REPRESENTATION_CONTEXT() REPRESENTATION_CONTEXT('2D SPACE',''
  ) );
#13752 = ADVANCED_FACE('',(#13753),#10430,.F.);
#13753 = FACE_BOUND('',#13754,.F.);
#13754 = EDGE_LOOP('',(#13755,#13756));
#13755 = ORIENTED_EDGE('',*,*,#10415,.F.);
#13756 = ORIENTED_EDGE('',*,*,#13731,.T.);
#13757 = ADVANCED_FACE('',(#13758),#10897,.F.);
#13758 = FACE_BOUND('',#13759,.F.);
#13759 = EDGE_LOOP('',(#13760,#13761,#13782,#13783));
#13760 = ORIENTED_EDGE('',*,*,#12596,.F.);
#13761 = ORIENTED_EDGE('',*,*,#13762,.T.);
#13762 = EDGE_CURVE('',#12597,#13023,#13763,.T.);
#13763 = SURFACE_CURVE('',#13764,(#13768,#13775),.PCURVE_S1.);
#13764 = LINE('',#13765,#13766);
#13765 = CARTESIAN_POINT('',(19.,25.,-20.));
#13766 = VECTOR('',#13767,1.);
#13767 = DIRECTION('',(0.,0.,1.));
#13768 = PCURVE('',#10897,#13769);
#13769 = DEFINITIONAL_REPRESENTATION('',(#13770),#13774);
#13770 = LINE('',#13771,#13772);
#13771 = CARTESIAN_POINT('',(0.,0.));
#13772 = VECTOR('',#13773,1.);
#13773 = DIRECTION('',(1.,0.));
#13774 = ( GEOMETRIC_REPRESENTATION_CONTEXT(2) 
PARAMETRIC_REPRESENTATION_CONTEXT() REPRESENTATION_CONTEXT('2D SPACE',''
  ) );
#13775 = PCURVE('',#12635,#13776);
#13776 = DEFINITIONAL_REPRESENTATION('',(#13777),#13781);
#13777 = LINE('',#13778,#13779);
#13778 = CARTESIAN_POINT('',(0.,-8.));
#13779 = VECTOR('',#13780,1.);
#13780 = DIRECTION('',(1.,0.));
#13781 = ( GEOMETRIC_REPRESENTATION_CONTEXT(2) 
PARAMETRIC_REPRESENTATION_CONTEXT() REPRESENTATION_CONTEXT('2D SPACE',''
  ) );
#13782 = ORIENTED_EDGE('',*,*,#13022,.T.);
#13783 = ORIENTED_EDGE('',*,*,#10882,.F.);
#13784 = ADVANCED_FACE('',(#13785),#10766,.T.);
#13785 = FACE_BOUND('',#13786,.T.);
#13786 = EDGE_LOOP('',(#13787,#13788,#13809,#13810));
#13787 = ORIENTED_EDGE('',*,*,#12904,.F.);
#13788 = ORIENTED_EDGE('',*,*,#13789,.T.);
#13789 = EDGE_CURVE('',#12877,#13281,#13790,.T.);
#13790 = SURFACE_CURVE('',#13791,(#13795,#13802),.PCURVE_S1.);
#13791 = LINE('',#13792,#13793);
#13792 = CARTESIAN_POINT('',(19.,-25.,-20.));
#13793 = VECTOR('',#13794,1.);
#13794 = DIRECTION('',(0.,0.,1.));
#13795 = PCURVE('',#10766,#13796);
#13796 = DEFINITIONAL_REPRESENTATION('',(#13797),#13801);
#13797 = LINE('',#13798,#13799);
#13798 = CARTESIAN_POINT('',(0.,0.));
#13799 = VECTOR('',#13800,1.);
#13800 = DIRECTION('',(1.,0.));
#13801 = ( GEOMETRIC_REPRESENTATION_CONTEXT(2) 
PARAMETRIC_REPRESENTATION_CONTEXT() REPRESENTATION_CONTEXT('2D SPACE',''
  ) );
#13802 = PCURVE('',#12892,#13803);
#13803 = DEFINITIONAL_REPRESENTATION('',(#13804),#13808);
#13804 = LINE('',#13805,#13806);
#13805 = CARTESIAN_POINT('',(0.,0.));
#13806 = VECTOR('',#13807,1.);
#13807 = DIRECTION('',(1.,0.));
#13808 = ( GEOMETRIC_REPRESENTATION_CONTEXT(2) 
PARAMETRIC_REPRESENTATION_CONTEXT() REPRESENTATION_CONTEXT('2D SPACE',''
  ) );
#13809 = ORIENTED_EDGE('',*,*,#13303,.T.);
#13810 = ORIENTED_EDGE('',*,*,#10751,.F.);
#13811 = ADVANCED_FACE('',(#13812),#11214,.F.);
#13812 = FACE_BOUND('',#13813,.F.);
#13813 = EDGE_LOOP('',(#13814));
#13814 = ORIENTED_EDGE('',*,*,#11199,.T.);
#13815 = ADVANCED_FACE('',(#13816),#11269,.F.);
#13816 = FACE_BOUND('',#13817,.F.);
#13817 = EDGE_LOOP('',(#13818));
#13818 = ORIENTED_EDGE('',*,*,#11254,.T.);
#13819 = ADVANCED_FACE('',(#13820),#11324,.F.);
#13820 = FACE_BOUND('',#13821,.F.);
#13821 = EDGE_LOOP('',(#13822));
#13822 = ORIENTED_EDGE('',*,*,#11309,.T.);
#13823 = ADVANCED_FACE('',(#13824),#11379,.F.);
#13824 = FACE_BOUND('',#13825,.F.);
#13825 = EDGE_LOOP('',(#13826));
#13826 = ORIENTED_EDGE('',*,*,#11364,.T.);
#13827 = ADVANCED_FACE('',(#13828),#11434,.F.);
#13828 = FACE_BOUND('',#13829,.F.);
#13829 = EDGE_LOOP('',(#13830));
#13830 = ORIENTED_EDGE('',*,*,#11419,.T.);
#13831 = ADVANCED_FACE('',(#13832),#12391,.F.);
#13832 = FACE_BOUND('',#13833,.T.);
#13833 = EDGE_LOOP('',(#13834,#13863,#13884,#13885));
#13834 = ORIENTED_EDGE('',*,*,#13835,.F.);
#13835 = EDGE_CURVE('',#13836,#13836,#13838,.T.);
#13836 = VERTEX_POINT('',#13837);
#13837 = CARTESIAN_POINT('',(140.,8.,35.));
#13838 = SURFACE_CURVE('',#13839,(#13844,#13851),.PCURVE_S1.);
#13839 = CIRCLE('',#13840,25.);
#13840 = AXIS2_PLACEMENT_3D('',#13841,#13842,#13843);
#13841 = CARTESIAN_POINT('',(140.,8.,10.));
#13842 = DIRECTION('',(1.,0.,-0.));
#13843 = DIRECTION('',(0.,1.110223024625E-16,1.));
#13844 = PCURVE('',#12391,#13845);
#13845 = DEFINITIONAL_REPRESENTATION('',(#13846),#13850);
#13846 = LINE('',#13847,#13848);
#13847 = CARTESIAN_POINT('',(-0.,0.));
#13848 = VECTOR('',#13849,1.);
#13849 = DIRECTION('',(-1.,0.));
#13850 = ( GEOMETRIC_REPRESENTATION_CONTEXT(2) 
PARAMETRIC_REPRESENTATION_CONTEXT() REPRESENTATION_CONTEXT('2D SPACE',''
  ) );
#13851 = PCURVE('',#13852,#13857);
#13852 = PLANE('',#13853);
#13853 = AXIS2_PLACEMENT_3D('',#13854,#13855,#13856);
#13854 = CARTESIAN_POINT('',(140.,8.,10.));
#13855 = DIRECTION('',(1.,0.,0.));
#13856 = DIRECTION('',(0.,-1.,1.110223024625E-16));
#13857 = DEFINITIONAL_REPRESENTATION('',(#13858),#13862);
#13858 = CIRCLE('',#13859,25.);
#13859 = AXIS2_PLACEMENT_2D('',#13860,#13861);
#13860 = CARTESIAN_POINT('',(1.7763568394E-15,-1.7763568394E-15));
#13861 = DIRECTION('',(0.,-1.));
#13862 = ( GEOMETRIC_REPRESENTATION_CONTEXT(2) 
PARAMETRIC_REPRESENTATION_CONTEXT() REPRESENTATION_CONTEXT('2D SPACE',''
  ) );
#13863 = ORIENTED_EDGE('',*,*,#13864,.T.);
#13864 = EDGE_CURVE('',#13836,#12371,#13865,.T.);
#13865 = SEAM_CURVE('',#13866,(#13870,#13877),.PCURVE_S1.);
#13866 = LINE('',#13867,#13868);
#13867 = CARTESIAN_POINT('',(140.,8.,35.));
#13868 = VECTOR('',#13869,1.);
#13869 = DIRECTION('',(1.,0.,0.));
#13870 = PCURVE('',#12391,#13871);
#13871 = DEFINITIONAL_REPRESENTATION('',(#13872),#13876);
#13872 = LINE('',#13873,#13874);
#13873 = CARTESIAN_POINT('',(-6.28318530718,0.));
#13874 = VECTOR('',#13875,1.);
#13875 = DIRECTION('',(-0.,-1.));
#13876 = ( GEOMETRIC_REPRESENTATION_CONTEXT(2) 
PARAMETRIC_REPRESENTATION_CONTEXT() REPRESENTATION_CONTEXT('2D SPACE',''
  ) );
#13877 = PCURVE('',#12391,#13878);
#13878 = DEFINITIONAL_REPRESENTATION('',(#13879),#13883);
#13879 = LINE('',#13880,#13881);
#13880 = CARTESIAN_POINT('',(-0.,0.));
#13881 = VECTOR('',#13882,1.);
#13882 = DIRECTION('',(-0.,-1.));
#13883 = ( GEOMETRIC_REPRESENTATION_CONTEXT(2) 
PARAMETRIC_REPRESENTATION_CONTEXT() REPRESENTATION_CONTEXT('2D SPACE',''
  ) );
#13884 = ORIENTED_EDGE('',*,*,#12370,.F.);
#13885 = ORIENTED_EDGE('',*,*,#13864,.F.);
#13886 = ADVANCED_FACE('',(#13887),#12467,.F.);
#13887 = FACE_BOUND('',#13888,.T.);
#13888 = EDGE_LOOP('',(#13889,#13890,#13913,#13940));
#13889 = ORIENTED_EDGE('',*,*,#12446,.T.);
#13890 = ORIENTED_EDGE('',*,*,#13891,.T.);
#13891 = EDGE_CURVE('',#12447,#13892,#13894,.T.);
#13892 = VERTEX_POINT('',#13893);
#13893 = CARTESIAN_POINT('',(106.,-24.5,-44.));
#13894 = SEAM_CURVE('',#13895,(#13899,#13906),.PCURVE_S1.);
#13895 = LINE('',#13896,#13897);
#13896 = CARTESIAN_POINT('',(106.,-24.5,-50.));
#13897 = VECTOR('',#13898,1.);
#13898 = DIRECTION('',(0.,0.,1.));
#13899 = PCURVE('',#12467,#13900);
#13900 = DEFINITIONAL_REPRESENTATION('',(#13901),#13905);
#13901 = LINE('',#13902,#13903);
#13902 = CARTESIAN_POINT('',(-6.28318530718,0.));
#13903 = VECTOR('',#13904,1.);
#13904 = DIRECTION('',(-0.,-1.));
#13905 = ( GEOMETRIC_REPRESENTATION_CONTEXT(2) 
PARAMETRIC_REPRESENTATION_CONTEXT() REPRESENTATION_CONTEXT('2D SPACE',''
  ) );
#13906 = PCURVE('',#12467,#13907);
#13907 = DEFINITIONAL_REPRESENTATION('',(#13908),#13912);
#13908 = LINE('',#13909,#13910);
#13909 = CARTESIAN_POINT('',(-0.,0.));
#13910 = VECTOR('',#13911,1.);
#13911 = DIRECTION('',(-0.,-1.));
#13912 = ( GEOMETRIC_REPRESENTATION_CONTEXT(2) 
PARAMETRIC_REPRESENTATION_CONTEXT() REPRESENTATION_CONTEXT('2D SPACE',''
  ) );
#13913 = ORIENTED_EDGE('',*,*,#13914,.T.);
#13914 = EDGE_CURVE('',#13892,#13892,#13915,.T.);
#13915 = SURFACE_CURVE('',#13916,(#13921,#13928),.PCURVE_S1.);
#13916 = CIRCLE('',#13917,2.);
#13917 = AXIS2_PLACEMENT_3D('',#13918,#13919,#13920);
#13918 = CARTESIAN_POINT('',(104.,-24.5,-44.));
#13919 = DIRECTION('',(0.,0.,1.));
#13920 = DIRECTION('',(1.,0.,0.));
#13921 = PCURVE('',#12467,#13922);
#13922 = DEFINITIONAL_REPRESENTATION('',(#13923),#13927);
#13923 = LINE('',#13924,#13925);
#13924 = CARTESIAN_POINT('',(-0.,-6.));
#13925 = VECTOR('',#13926,1.);
#13926 = DIRECTION('',(-1.,0.));
#13927 = ( GEOMETRIC_REPRESENTATION_CONTEXT(2) 
PARAMETRIC_REPRESENTATION_CONTEXT() REPRESENTATION_CONTEXT('2D SPACE',''
  ) );
#13928 = PCURVE('',#13929,#13934);
#13929 = PLANE('',#13930);
#13930 = AXIS2_PLACEMENT_3D('',#13931,#13932,#13933);
#13931 = CARTESIAN_POINT('',(104.,-24.5,-44.));
#13932 = DIRECTION('',(0.,0.,1.));
#13933 = DIRECTION('',(1.,0.,-0.));
#13934 = DEFINITIONAL_REPRESENTATION('',(#13935),#13939);
#13935 = CIRCLE('',#13936,2.);
#13936 = AXIS2_PLACEMENT_2D('',#13937,#13938);
#13937 = CARTESIAN_POINT('',(0.,0.));
#13938 = DIRECTION('',(1.,0.));
#13939 = ( GEOMETRIC_REPRESENTATION_CONTEXT(2) 
PARAMETRIC_REPRESENTATION_CONTEXT() REPRESENTATION_CONTEXT('2D SPACE',''
  ) );
#13940 = ORIENTED_EDGE('',*,*,#13891,.F.);
#13941 = ADVANCED_FACE('',(#13942),#12502,.F.);
#13942 = FACE_BOUND('',#13943,.T.);
#13943 = EDGE_LOOP('',(#13944,#13945,#13968,#13995));
#13944 = ORIENTED_EDGE('',*,*,#12481,.T.);
#13945 = ORIENTED_EDGE('',*,*,#13946,.T.);
#13946 = EDGE_CURVE('',#12482,#13947,#13949,.T.);
#13947 = VERTEX_POINT('',#13948);
#13948 = CARTESIAN_POINT('',(106.,24.5,-44.));
#13949 = SEAM_CURVE('',#13950,(#13954,#13961),.PCURVE_S1.);
#13950 = LINE('',#13951,#13952);
#13951 = CARTESIAN_POINT('',(106.,24.5,-50.));
#13952 = VECTOR('',#13953,1.);
#13953 = DIRECTION('',(0.,0.,1.));
#13954 = PCURVE('',#12502,#13955);
#13955 = DEFINITIONAL_REPRESENTATION('',(#13956),#13960);
#13956 = LINE('',#13957,#13958);
#13957 = CARTESIAN_POINT('',(-6.28318530718,0.));
#13958 = VECTOR('',#13959,1.);
#13959 = DIRECTION('',(-0.,-1.));
#13960 = ( GEOMETRIC_REPRESENTATION_CONTEXT(2) 
PARAMETRIC_REPRESENTATION_CONTEXT() REPRESENTATION_CONTEXT('2D SPACE',''
  ) );
#13961 = PCURVE('',#12502,#13962);
#13962 = DEFINITIONAL_REPRESENTATION('',(#13963),#13967);
#13963 = LINE('',#13964,#13965);
#13964 = CARTESIAN_POINT('',(-0.,0.));
#13965 = VECTOR('',#13966,1.);
#13966 = DIRECTION('',(-0.,-1.));
#13967 = ( GEOMETRIC_REPRESENTATION_CONTEXT(2) 
PARAMETRIC_REPRESENTATION_CONTEXT() REPRESENTATION_CONTEXT('2D SPACE',''
  ) );
#13968 = ORIENTED_EDGE('',*,*,#13969,.T.);
#13969 = EDGE_CURVE('',#13947,#13947,#13970,.T.);
#13970 = SURFACE_CURVE('',#13971,(#13976,#13983),.PCURVE_S1.);
#13971 = CIRCLE('',#13972,2.);
#13972 = AXIS2_PLACEMENT_3D('',#13973,#13974,#13975);
#13973 = CARTESIAN_POINT('',(104.,24.5,-44.));
#13974 = DIRECTION('',(0.,0.,1.));
#13975 = DIRECTION('',(1.,0.,0.));
#13976 = PCURVE('',#12502,#13977);
#13977 = DEFINITIONAL_REPRESENTATION('',(#13978),#13982);
#13978 = LINE('',#13979,#13980);
#13979 = CARTESIAN_POINT('',(-0.,-6.));
#13980 = VECTOR('',#13981,1.);
#13981 = DIRECTION('',(-1.,0.));
#13982 = ( GEOMETRIC_REPRESENTATION_CONTEXT(2) 
PARAMETRIC_REPRESENTATION_CONTEXT() REPRESENTATION_CONTEXT('2D SPACE',''
  ) );
#13983 = PCURVE('',#13984,#13989);
#13984 = PLANE('',#13985);
#13985 = AXIS2_PLACEMENT_3D('',#13986,#13987,#13988);
#13986 = CARTESIAN_POINT('',(104.,24.5,-44.));
#13987 = DIRECTION('',(0.,0.,1.));
#13988 = DIRECTION('',(1.,0.,-0.));
#13989 = DEFINITIONAL_REPRESENTATION('',(#13990),#13994);
#13990 = CIRCLE('',#13991,2.);
#13991 = AXIS2_PLACEMENT_2D('',#13992,#13993);
#13992 = CARTESIAN_POINT('',(0.,0.));
#13993 = DIRECTION('',(1.,0.));
#13994 = ( GEOMETRIC_REPRESENTATION_CONTEXT(2) 
PARAMETRIC_REPRESENTATION_CONTEXT() REPRESENTATION_CONTEXT('2D SPACE',''
  ) );
#13995 = ORIENTED_EDGE('',*,*,#13946,.F.);
#13996 = ADVANCED_FACE('',(#13997),#12691,.F.);
#13997 = FACE_BOUND('',#13998,.F.);
#13998 = EDGE_LOOP('',(#13999,#14020,#14021,#14022));
#13999 = ORIENTED_EDGE('',*,*,#14000,.F.);
#14000 = EDGE_CURVE('',#12648,#13069,#14001,.T.);
#14001 = SURFACE_CURVE('',#14002,(#14006,#14013),.PCURVE_S1.);
#14002 = LINE('',#14003,#14004);
#14003 = CARTESIAN_POINT('',(131.,17.,-20.));
#14004 = VECTOR('',#14005,1.);
#14005 = DIRECTION('',(0.,0.,1.));
#14006 = PCURVE('',#12691,#14007);
#14007 = DEFINITIONAL_REPRESENTATION('',(#14008),#14012);
#14008 = LINE('',#14009,#14010);
#14009 = CARTESIAN_POINT('',(0.,0.));
#14010 = VECTOR('',#14011,1.);
#14011 = DIRECTION('',(1.,0.));
#14012 = ( GEOMETRIC_REPRESENTATION_CONTEXT(2) 
PARAMETRIC_REPRESENTATION_CONTEXT() REPRESENTATION_CONTEXT('2D SPACE',''
  ) );
#14013 = PCURVE('',#12663,#14014);
#14014 = DEFINITIONAL_REPRESENTATION('',(#14015),#14019);
#14015 = LINE('',#14016,#14017);
#14016 = CARTESIAN_POINT('',(0.,112.));
#14017 = VECTOR('',#14018,1.);
#14018 = DIRECTION('',(1.,0.));
#14019 = ( GEOMETRIC_REPRESENTATION_CONTEXT(2) 
PARAMETRIC_REPRESENTATION_CONTEXT() REPRESENTATION_CONTEXT('2D SPACE',''
  ) );
#14020 = ORIENTED_EDGE('',*,*,#12675,.T.);
#14021 = ORIENTED_EDGE('',*,*,#12822,.T.);
#14022 = ORIENTED_EDGE('',*,*,#13091,.F.);
#14023 = ADVANCED_FACE('',(#14024),#12663,.T.);
#14024 = FACE_BOUND('',#14025,.T.);
#14025 = EDGE_LOOP('',(#14026,#14027,#14048,#14049));
#14026 = ORIENTED_EDGE('',*,*,#12647,.F.);
#14027 = ORIENTED_EDGE('',*,*,#14028,.T.);
#14028 = EDGE_CURVE('',#12620,#13046,#14029,.T.);
#14029 = SURFACE_CURVE('',#14030,(#14034,#14041),.PCURVE_S1.);
#14030 = LINE('',#14031,#14032);
#14031 = CARTESIAN_POINT('',(19.,17.,-20.));
#14032 = VECTOR('',#14033,1.);
#14033 = DIRECTION('',(0.,0.,1.));
#14034 = PCURVE('',#12663,#14035);
#14035 = DEFINITIONAL_REPRESENTATION('',(#14036),#14040);
#14036 = LINE('',#14037,#14038);
#14037 = CARTESIAN_POINT('',(0.,0.));
#14038 = VECTOR('',#14039,1.);
#14039 = DIRECTION('',(1.,0.));
#14040 = ( GEOMETRIC_REPRESENTATION_CONTEXT(2) 
PARAMETRIC_REPRESENTATION_CONTEXT() REPRESENTATION_CONTEXT('2D SPACE',''
  ) );
#14041 = PCURVE('',#12635,#14042);
#14042 = DEFINITIONAL_REPRESENTATION('',(#14043),#14047);
#14043 = LINE('',#14044,#14045);
#14044 = CARTESIAN_POINT('',(0.,0.));
#14045 = VECTOR('',#14046,1.);
#14046 = DIRECTION('',(1.,0.));
#14047 = ( GEOMETRIC_REPRESENTATION_CONTEXT(2) 
PARAMETRIC_REPRESENTATION_CONTEXT() REPRESENTATION_CONTEXT('2D SPACE',''
  ) );
#14048 = ORIENTED_EDGE('',*,*,#13068,.T.);
#14049 = ORIENTED_EDGE('',*,*,#14000,.F.);
#14050 = ADVANCED_FACE('',(#14051),#12635,.T.);
#14051 = FACE_BOUND('',#14052,.T.);
#14052 = EDGE_LOOP('',(#14053,#14054,#14055,#14056));
#14053 = ORIENTED_EDGE('',*,*,#14028,.F.);
#14054 = ORIENTED_EDGE('',*,*,#12619,.T.);
#14055 = ORIENTED_EDGE('',*,*,#13762,.T.);
#14056 = ORIENTED_EDGE('',*,*,#13045,.F.);
#14057 = ADVANCED_FACE('',(#14058),#12864,.F.);
#14058 = FACE_BOUND('',#14059,.F.);
#14059 = EDGE_LOOP('',(#14060,#14061,#14082,#14083));
#14060 = ORIENTED_EDGE('',*,*,#12846,.F.);
#14061 = ORIENTED_EDGE('',*,*,#14062,.T.);
#14062 = EDGE_CURVE('',#12847,#13256,#14063,.T.);
#14063 = SURFACE_CURVE('',#14064,(#14068,#14075),.PCURVE_S1.);
#14064 = LINE('',#14065,#14066);
#14065 = CARTESIAN_POINT('',(19.,-17.,-20.));
#14066 = VECTOR('',#14067,1.);
#14067 = DIRECTION('',(0.,0.,1.));
#14068 = PCURVE('',#12864,#14069);
#14069 = DEFINITIONAL_REPRESENTATION('',(#14070),#14074);
#14070 = LINE('',#14071,#14072);
#14071 = CARTESIAN_POINT('',(0.,0.));
#14072 = VECTOR('',#14073,1.);
#14073 = DIRECTION('',(1.,0.));
#14074 = ( GEOMETRIC_REPRESENTATION_CONTEXT(2) 
PARAMETRIC_REPRESENTATION_CONTEXT() REPRESENTATION_CONTEXT('2D SPACE',''
  ) );
#14075 = PCURVE('',#12892,#14076);
#14076 = DEFINITIONAL_REPRESENTATION('',(#14077),#14081);
#14077 = LINE('',#14078,#14079);
#14078 = CARTESIAN_POINT('',(0.,-8.));
#14079 = VECTOR('',#14080,1.);
#14080 = DIRECTION('',(1.,0.));
#14081 = ( GEOMETRIC_REPRESENTATION_CONTEXT(2) 
PARAMETRIC_REPRESENTATION_CONTEXT() REPRESENTATION_CONTEXT('2D SPACE',''
  ) );
#14082 = ORIENTED_EDGE('',*,*,#13255,.T.);
#14083 = ORIENTED_EDGE('',*,*,#14084,.F.);
#14084 = EDGE_CURVE('',#12849,#13258,#14085,.T.);
#14085 = SURFACE_CURVE('',#14086,(#14090,#14097),.PCURVE_S1.);
#14086 = LINE('',#14087,#14088);
#14087 = CARTESIAN_POINT('',(131.,-17.,-20.));
#14088 = VECTOR('',#14089,1.);
#14089 = DIRECTION('',(0.,0.,1.));
#14090 = PCURVE('',#12864,#14091);
#14091 = DEFINITIONAL_REPRESENTATION('',(#14092),#14096);
#14092 = LINE('',#14093,#14094);
#14093 = CARTESIAN_POINT('',(0.,112.));
#14094 = VECTOR('',#14095,1.);
#14095 = DIRECTION('',(1.,0.));
#14096 = ( GEOMETRIC_REPRESENTATION_CONTEXT(2) 
PARAMETRIC_REPRESENTATION_CONTEXT() REPRESENTATION_CONTEXT('2D SPACE',''
  ) );
#14097 = PCURVE('',#13007,#14098);
#14098 = DEFINITIONAL_REPRESENTATION('',(#14099),#14103);
#14099 = LINE('',#14100,#14101);
#14100 = CARTESIAN_POINT('',(0.,-8.));
#14101 = VECTOR('',#14102,1.);
#14102 = DIRECTION('',(1.,0.));
#14103 = ( GEOMETRIC_REPRESENTATION_CONTEXT(2) 
PARAMETRIC_REPRESENTATION_CONTEXT() REPRESENTATION_CONTEXT('2D SPACE',''
  ) );
#14104 = ADVANCED_FACE('',(#14105),#13007,.F.);
#14105 = FACE_BOUND('',#14106,.F.);
#14106 = EDGE_LOOP('',(#14107,#14108,#14109,#14110));
#14107 = ORIENTED_EDGE('',*,*,#13204,.F.);
#14108 = ORIENTED_EDGE('',*,*,#12993,.T.);
#14109 = ORIENTED_EDGE('',*,*,#14084,.T.);
#14110 = ORIENTED_EDGE('',*,*,#13388,.F.);
#14111 = ADVANCED_FACE('',(#14112),#12892,.T.);
#14112 = FACE_BOUND('',#14113,.T.);
#14113 = EDGE_LOOP('',(#14114,#14115,#14116,#14117));
#14114 = ORIENTED_EDGE('',*,*,#13789,.F.);
#14115 = ORIENTED_EDGE('',*,*,#12876,.T.);
#14116 = ORIENTED_EDGE('',*,*,#14062,.T.);
#14117 = ORIENTED_EDGE('',*,*,#13280,.F.);
#14118 = ADVANCED_FACE('',(#14119),#13852,.T.);
#14119 = FACE_BOUND('',#14120,.T.);
#14120 = EDGE_LOOP('',(#14121));
#14121 = ORIENTED_EDGE('',*,*,#13835,.T.);
#14122 = ADVANCED_FACE('',(#14123),#13929,.F.);
#14123 = FACE_BOUND('',#14124,.F.);
#14124 = EDGE_LOOP('',(#14125));
#14125 = ORIENTED_EDGE('',*,*,#13914,.T.);
#14126 = ADVANCED_FACE('',(#14127),#13984,.F.);
#14127 = FACE_BOUND('',#14128,.F.);
#14128 = EDGE_LOOP('',(#14129));
#14129 = ORIENTED_EDGE('',*,*,#13969,.T.);
#14130 = ( GEOMETRIC_REPRESENTATION_CONTEXT(3) 
GLOBAL_UNCERTAINTY_ASSIGNED_CONTEXT((#14134)) 
GLOBAL_UNIT_ASSIGNED_CONTEXT((#14131,#14132,#14133)) 
REPRESENTATION_CONTEXT('Context #1',
  '3D Context with UNIT and UNCERTAINTY') );
#14131 = ( LENGTH_UNIT() NAMED_UNIT(*) SI_UNIT(.MILLI.,.METRE.) );
#14132 = ( NAMED_UNIT(*) PLANE_ANGLE_UNIT() SI_UNIT($,.RADIAN.) );
#14133 = ( NAMED_UNIT(*) SI_UNIT($,.STERADIAN.) SOLID_ANGLE_UNIT() );
#14134 = UNCERTAINTY_MEASURE_WITH_UNIT(LENGTH_MEASURE(5.E-07),#14131,
  'distance_accuracy_value','confusion accuracy');
#14135 = PRODUCT_RELATED_PRODUCT_CATEGORY('part',$,(#7));
ENDSEC;
END-ISO-10303-21;
